frame,time_s,x,y,z,yaw,vx,vy,vz,cmd_vx,cmd_vy,cmd_vz,command_source,family,min_distance_m,goal_progress_m,lateral_deviation_m
1,8358.078,1.2288860082626343,-2.040875415332266e-07,-0.9731534123420715,3.3049921361490204e-07,0.0,0.0,0.13484978675842285,0.0,0.0,0.0,trajectory_no_feasible,STRAIGHT,3.66365647315979,0.0,0.0
2,8358.203,1.2288860082626343,-2.040875415332266e-07,-0.9605413675308228,3.3049921361490204e-07,0.0,0.0,0.10122371464967728,0.14999999999999253,-7.891981008118548e-08,-0.011249779245174495,trajectory,GOAL_DIRECT,3.712127685546875,0.0,0.0
3,8358.296,1.2288968563079834,-2.0408390355441952e-07,-0.9526143074035645,3.3043589036733194e-07,0.0008885647403076291,2.9364871645398694e-10,0.08372325450181961,0.14992891482076792,-7.891348589878412e-08,-0.010799945191187005,trajectory,GOAL_DIRECT,3.6933066844940186,1.0848045349121094e-05,3.4772110647673486e-12
4,8358.375,1.2291412353515625,-2.0400324274305603e-07,-0.946670651435852,3.3045237406885486e-07,0.006200575735419989,2.048740066484811e-09,0.07522857934236526,0.1495039539411589,-7.891510157338122e-08,-0.010417553976816277,trajectory,GOAL_DIRECT,3.6680824756622314,0.00025522708892822266,8.051633152973802e-11
5,8358.453,1.2299437522888184,-2.0373812503748923e-07,-0.941559910774231,3.3054392343810877e-07,0.014794563874602318,4.887962479216412e-09,0.049635037779808044,0.14881643489002427,-7.89185186515691e-08,-0.009234731167801151,trajectory,GOAL_DIRECT,3.6103789806365967,0.001057744026184082,3.337407575215178e-10
6,8358.562,1.2311935424804688,-2.0332518602117489e-07,-0.9388436675071716,3.303514219968576e-07,0.023165468126535416,7.653516043149011e-09,0.03495204448699951,0.14814676254986958,-7.889953577420321e-08,-0.008195903867729436,trajectory,GOAL_DIRECT,3.6103789806365967,0.0023075342178344727,7.281579165773012e-10
7,8358.687,1.2351583242416382,-2.020154425963483e-07,-0.9352235198020935,3.2992637288990193e-07,0.0397656187415123,1.3137235299609529e-08,0.024007773026823997,0.14681875050067136,-7.885514486900266e-08,-0.007845086448739852,trajectory,GOAL_DIRECT,3.561260223388672,0.006272315979003906,1.9791433816020694e-09
8,8358.781,1.2386527061462402,-2.00861066446123e-07,-0.9335253238677979,3.295952232918952e-07,0.049753692001104355,1.6436400684938235e-08,0.01966402493417263,0.146019704639904,-7.878272073917069e-08,-0.007741472831822959,trajectory,GOAL_DIRECT,3.5393543243408203,0.009766697883605957,3.081732885335555e-09
9,8358.875,1.2413501739501953,-1.9996993216864212e-07,-0.9325876235961914,3.291842238400319e-07,0.05598479136824608,1.8494690223747057e-08,0.017139127478003502,0.1455212166905326,-7.874428614970788e-08,-0.00758636604890975,trajectory,GOAL_DIRECT,3.532097578048706,0.012464165687561035,3.932890762010775e-09
10,8358.984,1.2503762245178223,-1.9698788378263998e-07,-0.9306187033653259,3.271974437591816e-07,0.0716477558016777,2.3671649529433125e-08,0.010953865945339203,0.14426817953585805,-7.848501650856889e-08,-0.007305744806686604,trajectory,GOAL_DIRECT,3.532076358795166,0.02149021625518799,6.78117331968509e-09
11,8359.109,1.2591792345046997,-1.9407902129842114e-07,-0.9296224117279053,3.2586356508498196e-07,0.08251599967479706,2.7272403002598367e-08,0.006614117883145809,0.14339872002600854,-7.811898102423398e-08,-0.0070948433959443615,trajectory,GOAL_DIRECT,3.5358543395996094,0.03029322624206543,9.559575431025442e-09
12,8359.218,1.2640223503112793,-1.924780548279159e-07,-0.9293025135993958,3.2502785251455344e-07,0.08735255897045135,2.8879613367394086e-08,0.0046317982487380505,0.14301179528235625,-7.789294305519382e-08,-0.006996004231397243,trajectory,GOAL_DIRECT,3.541416645050049,0.03513634204864502,1.1088767054636033e-08
13,8359.281,1.2727670669555664,-1.895861458933723e-07,-0.9290085434913635,3.2365657269047567e-07,0.0946488156914711,3.131408377043954e-08,0.0015440343413501978,0.14242809474467463,-7.777806349199142e-08,-0.006763681624207826,trajectory,GOAL_DIRECT,3.547943115234375,0.04388105869293213,1.3851079522081332e-08
14,8359.359,1.277684211730957,-1.8795900302848167e-07,-0.9289689064025879,3.2300383480269665e-07,0.09812436252832413,3.247984636800538e-08,2.4383967684116215e-05,0.14215005099772646,-7.746284425539575e-08,-0.006671049073415919,trajectory,GOAL_DIRECT,3.547943115234375,0.048798203468322754,1.5405350432736848e-08
15,8359.39,1.2806570529937744,-1.8697480186347093e-07,-0.9289811253547668,3.2264451654001104e-07,0.1000455915927887,3.3126589471521584e-08,-0.0008326536626555026,0.14199635267256927,-7.743456229092648e-08,-0.006601875115379802,trajectory,GOAL_DIRECT,3.554743528366089,0.05177104473114014,1.6345494169636768e-08
16,8359.468,1.2855297327041626,-1.8536096035859373e-07,-0.9290529489517212,3.2205980383846874e-07,0.10293745249509811,3.410395166270064e-08,-0.0021495793480426073,0.1417650038003845,-7.738936771874686e-08,-0.006492929880701117,trajectory,GOAL_DIRECT,3.554743528366089,0.05664372444152832,1.7887122691354534e-08
17,8359.609,1.2956663370132446,-1.8200029217041447e-07,-0.9293785691261292,3.206742674713387e-07,0.10810957103967667,3.586712793435254e-08,-0.004595823585987091,0.14135123431681829,-7.710441259070276e-08,-0.0062789992960120364,trajectory,GOAL_DIRECT,3.561453342437744,0.06678032875061035,2.109756667442033e-08
18,8359.718,1.3127480745315552,-1.7632534365930042e-07,-0.9303507804870605,3.174391532337883e-07,0.11490550637245178,3.8230471233191565e-08,-0.0080198273062706,0.14080755949019624,-7.685389762830235e-08,-0.005956468430342787,trajectory,GOAL_DIRECT,3.568026304244995,0.0838620662689209,2.6519364291763583e-08
19,8359.812,1.3221791982650757,-1.7318465950211248e-07,-0.9310663342475891,3.156619227483428e-07,0.11788976937532425,3.9296253362408606e-08,-0.009619372896850109,0.1405688184499666,-7.614445178459563e-08,-0.005735733666639828,trajectory,GOAL_DIRECT,3.574249029159546,0.0932931900024414,2.9520279447124597e-08
20,8359.859,1.3260879516601562,-1.718811830642153e-07,-0.9313939809799194,3.1495993502795996e-07,0.11899659037590027,3.969815409732291e-08,-0.010232485830783844,0.1404802727699205,-7.609303692891225e-08,-0.005670302295308614,trajectory,GOAL_DIRECT,3.5802161693573,0.09720194339752197,3.076582826410889e-08
21,8359.953,1.3358293771743774,-1.6862786367255467e-07,-0.932280957698822,3.131192072864789e-07,0.12147080153226852,4.061396552401675e-08,-0.011648954823613167,0.14028233587741112,-7.564004814786781e-08,-0.005466824468256038,trajectory,GOAL_DIRECT,3.5802161693573,0.10694336891174316,3.387477998984072e-08
22,8360.062,1.345387578010559,-1.6542827552257222e-07,-0.933239221572876,3.113254502523386e-07,0.12356193363666534,4.141253739931017e-08,-0.012901781126856804,0.14011504530905936,-7.551404258349694e-08,-0.0053186851702938485,trajectory,GOAL_DIRECT,3.5860402584075928,0.1165015697479248,3.693271585872902e-08
23,8360.203,1.3634220361709595,-1.5936883812628366e-07,-0.9352489709854126,3.080595510778087e-07,0.1267867386341095,4.2711157277608436e-08,-0.014955178834497929,0.13985706090926395,-7.481861255036515e-08,-0.004972893341614466,trajectory,GOAL_DIRECT,3.5917141437530518,0.1345360279083252,4.2724883066778026e-08
24,8360.343,1.3779975175857544,-1.5444739176473377e-07,-0.9370361566543579,3.055753381494212e-07,0.12885409593582153,4.3610967281892954e-08,-0.016368240118026733,0.1396916723251271,-7.423041090342697e-08,-0.004682232316144001,trajectory,GOAL_DIRECT,3.5971925258636475,0.1491115093231219,4.743032118306951e-08
25,8360.421,1.3892678022384644,-1.5062555291933677e-07,-0.938502848148346,3.0348801681669067e-07,0.130189910531044,4.4237097540644754e-08,-0.01733475737273693,0.13958480715750937,-7.37688075427106e-08,-0.004453093263885248,trajectory,GOAL_DIRECT,3.6025233268737793,0.16038179397583185,5.1085134710940905e-08
26,8360.531,1.396317720413208,-1.4822671801084653e-07,-0.9394540786743164,3.021238892479297e-07,0.13092686235904694,4.4603744697724323e-08,-0.01789000816643238,0.13952585101126913,-7.368654818156003e-08,-0.004361111674091089,trajectory,GOAL_DIRECT,3.6077589988708496,0.1674317121505755,5.337949002038367e-08
27,8360.64,1.4105294942855835,-1.4337155107568833e-07,-0.9414423108100891,2.992663090375963e-07,0.13221581280231476,4.529545805098678e-08,-0.0189072135835886,0.13942273497580784,-7.303961975198455e-08,-0.004074142159800337,trajectory,GOAL_DIRECT,3.6129395961761475,0.181643486022951,5.8024038846347535e-08
28,8360.765,1.4232701063156128,-1.3899510520332115e-07,-0.9432969093322754,2.964157431040532e-07,0.13318416476249695,4.587352009366441e-08,-0.01971597783267498,0.13934526681899337,-7.246561589285746e-08,-0.0038293991716484613,trajectory,GOAL_DIRECT,3.6180920600891113,0.1943840980529803,6.221166918872945e-08
29,8360.89,1.4385104179382324,-1.337279229574051e-07,-0.9455944299697876,2.9307688724775016e-07,0.1341516226530075,4.652642715541333e-08,-0.02057189866900444,0.13926787018775252,-7.22811681488745e-08,-0.003646049472866495,trajectory,GOAL_DIRECT,3.623185873031616,0.20962440967559992,6.725299042346465e-08
30,8361.046,1.4595251083374023,-1.2640258262308635e-07,-0.9488847255706787,2.8834794306956905e-07,0.13521254062652588,4.737999503845458e-08,-0.02158275991678238,0.13918299674987128,-7.112903161966344e-08,-0.003218328178511123,trajectory,GOAL_DIRECT,3.628263235092163,0.23063910007476984,7.426689360736682e-08
31,8361.125,1.4704962968826294,-1.2254719194970676e-07,-0.9506518840789795,2.857273965526746e-07,0.13566471636295319,4.781191975666843e-08,-0.022043101489543915,0.1391468226909573,-7.028710521966628e-08,-0.0029486517342832974,trajectory,GOAL_DIRECT,3.6333320140838623,0.2416102886199969,7.795969155954489e-08
32,8361.234,1.4815014600753784,-1.1865731153193337e-07,-0.9519168734550476,2.831162698166218e-07,0.1360495388507843,4.8228816496020954e-08,-0.0029491912573575974,0.1391160368919308,-7.015924602903382e-08,-0.004412915084054797,trajectory,GOAL_DIRECT,3.63840389251709,0.2526154518127459,8.168647575274795e-08
33,8361.343,1.497038722038269,-1.1312543790609197e-07,-0.9514210820198059,2.798217454736983e-07,0.13651694357395172,4.882155479890571e-08,0.007601635530591011,0.13907864451407753,-6.922337685012611e-08,-0.005148615995065088,trajectory,GOAL_DIRECT,3.64347767829895,0.26815271377563654,8.698808757129716e-08
34,8361.437,1.5089294910430908,-1.0885798928939039e-07,-0.9507270455360413,2.7750288035116806e-07,0.13682158291339874,4.927879970750837e-08,0.008077859878540039,0.1390542733669219,-6.863069967176516e-08,-0.005243188125759383,trajectory,GOAL_DIRECT,3.64762544631958,0.2800434827804583,9.107931530894788e-08
35,8361.546,1.5216675996780396,-1.0425210206221891e-07,-0.9499895572662354,2.751230794252428e-07,0.13710220158100128,4.977119516524908e-08,0.007737997453659773,0.13903182387351368,-6.856494721406606e-08,-0.005252873545259258,trajectory,GOAL_DIRECT,3.6473612785339355,0.29278159141540705,9.549642410638234e-08
36,8361.578,1.5249589681625366,-1.0305603126425922e-07,-0.9498052000999451,2.7454779700820064e-07,0.13716794550418854,4.9899252729801447e-08,0.0072892820462584496,0.13902656435965888,-6.77979944531309e-08,-0.005289058650204962,trajectory,GOAL_DIRECT,3.646158456802368,0.2960729598999041,9.664371691131371e-08
37,8361.687,1.536902904510498,-9.869367545434216e-08,-0.9505307674407959,2.7266099859898494e-07,0.1373918205499649,5.0380318583620465e-08,-0.0187620148062706,0.13900865435599674,-6.777481321663124e-08,-0.0031686765349600967,trajectory,GOAL_DIRECT,3.646158456802368,0.30801689624786555,1.0082906390357469e-07
38,8361.796,1.5509284734725952,-9.352672236673243e-08,-0.9520887136459351,2.7068737223395663e-07,0.1376054883003235,5.092673660556102e-08,-0.0026408748235553503,0.13899156093596815,-6.736655101735083e-08,-0.0043567035302301315,trajectory,GOAL_DIRECT,3.644890546798706,0.3220424652099627,1.057881584337869e-07
39,8361.875,1.5620808601379395,-8.93836968884898e-08,-0.9519144892692566,2.693172510190355e-07,0.1377522349357605,5.137118463949264e-08,0.004862836096435785,0.13897982120513316,-6.739288713132357e-08,-0.004965711622663346,trajectory,GOAL_DIRECT,3.646407127380371,0.33319485187530695,1.0976590583952766e-07
40,8361.921,1.5658009052276611,-8.799460005093351e-08,-0.9517732262611389,2.689075249419793e-07,0.1377972513437271,5.15220008878714e-08,0.005536505952477455,0.13897621989249595,-6.682169703446989e-08,-0.004965903116719008,trajectory,GOAL_DIRECT,3.649765968322754,0.33691489696502863,1.1109987170821608e-07
41,8361.984,1.5757265090942383,-8.427031872315638e-08,-0.9513481259346008,2.6776872727603386e-07,0.1379081755876541,5.192921648244919e-08,0.006078664679080248,0.1389673459529818,-6.685764734617255e-08,-0.0050305308311741365,trajectory,GOAL_DIRECT,3.649765968322754,0.3468405008316058,1.1467705585180189e-07
42,8362.109,1.5831756591796875,-8.145773477963303e-08,-0.9510200619697571,2.669586540679086e-07,0.13798312842845917,5.223918364549718e-08,0.006049320101737976,0.1389613497257174,-6.689227619484076e-08,-0.0050445864632289415,trajectory,GOAL_DIRECT,3.6494078636169434,0.354289650917055,1.1737924359002452e-07
43,8362.25,1.605130910873413,-7.307757243779633e-08,-0.9500901699066162,2.6459309290128505e-07,0.13816896080970764,5.317526330372857e-08,0.005625960882753134,0.13894648313521754,-6.657171153700328e-08,-0.0050964905224476975,trajectory,GOAL_DIRECT,3.6483755111694336,0.3762449026107806,1.254340296881816e-07
44,8362.359,1.619644284248352,-6.746066816276652e-08,-0.9495145082473755,2.630775372257462e-07,0.13826771080493927,5.3813764111509954e-08,0.005343478638678789,0.1389385831355991,-6.62077748631276e-08,-0.005143510631511618,trajectory,GOAL_DIRECT,3.6472983360290527,0.39075827598571955,1.3083584615744476e-07
45,8362.453,1.6320918798446655,-6.25916811713978e-08,-0.9498324990272522,2.6166631687121517e-07,0.13834168016910553,5.43888063475606e-08,-0.01709749363362789,0.1389326655864658,-6.598416284211846e-08,-0.003357613118383644,trajectory,GOAL_DIRECT,3.646251916885376,0.403205871582033,1.3552036011454945e-07
46,8362.484,1.635412573814392,-6.128447438413787e-08,-0.9502923488616943,2.6126011448275175e-07,0.13835938274860382,5.4542965699511115e-08,-0.0209109615534544,0.13893124938010593,-6.600447074522802e-08,-0.0030295431930754168,trajectory,GOAL_DIRECT,3.645246982574463,0.4065265655517596,1.3677835430587325e-07
47,8362.562,1.643715500831604,-5.800049507342919e-08,-0.9513270854949951,2.6040539006542154e-07,0.1383988857269287,5.491789067946229e-08,-0.008154425770044327,0.13892808914184,-6.570559072814276e-08,-0.003964170859014024,trajectory,GOAL_DIRECT,3.645246982574463,0.4148294925689715,1.3993928445995675e-07
48,8362.687,1.653681993484497,-5.402983305202724e-08,-0.9514623880386353,2.595646776724555e-07,0.13844166696071625,5.537897962426541e-08,0.001958558801561594,0.13892466664313696,-6.5805895831537e-08,-0.004766444497560491,trajectory,GOAL_DIRECT,3.6470212936401367,0.42479598522186457,1.437622433264463e-07
49,8362.796,1.6727924346923828,-4.6324355906790515e-08,-0.9509314894676208,2.580406800923542e-07,0.1385117471218109,5.629842902976634e-08,0.004542071372270584,0.13891906023024944,-6.564865757694713e-08,-0.004948288921706187,trajectory,GOAL_DIRECT,3.6494877338409424,0.4439064264297503,1.5118450424341907e-07
50,8362.906,1.6848448514938354,-4.140038356581499e-08,-0.9505347609519958,2.5707192774278565e-07,0.1385485827922821,5.689615889536981e-08,0.004535512067377567,0.13891611337661178,-6.542921391917821e-08,-0.00499091466881787,trajectory,GOAL_DIRECT,3.649019479751587,0.45595884323120295,1.5592986008931527e-07
51,8363.031,1.6998106241226196,-3.521456548583046e-08,-0.9500524997711182,2.550312791811299e-07,0.13858745992183685,5.76568446319925e-08,0.004388748202472925,0.13891300320624736,-6.554719631746572e-08,-0.005003286618669383,trajectory,GOAL_DIRECT,3.648162841796875,0.47092461585998713,1.6189388581867467e-07
52,8363.125,1.711037278175354,-3.0520677540835095e-08,-0.949701726436615,2.53555397808254e-07,0.13861235976219177,5.824108484375756e-08,0.004274146631360054,0.13891101121901905,-6.498065790715412e-08,-0.0050502574209832,trajectory,GOAL_DIRECT,3.6472833156585693,0.4821512699127215,1.664213950504707e-07
53,8363.156,1.7168594598770142,-2.8068050994534133e-08,-0.9495253562927246,2.526983416984695e-07,0.13862405717372894,5.854959894691092e-08,0.0030226840171962976,0.13891007542609607,-6.502800011246146e-08,-0.004958958919044619,trajectory,GOAL_DIRECT,3.6472833156585693,0.48797345161438166,1.6878773701946263e-07
54,8363.25,1.7264256477355957,-2.400972398675094e-08,-0.9502319693565369,2.5105107712259246e-07,0.13864237070083618,5.907914513159085e-08,-0.019724104553461075,0.13890861034392754,-6.458909319502223e-08,-0.0031270343434712036,trajectory,GOAL_DIRECT,3.6472833156585693,0.4975396394729632,1.7270429337869306e-07
55,8363.343,1.7389041185379028,-1.8662147382997318e-08,-0.9517431259155273,2.484588760743116e-07,0.13866175711154938,5.974941785780175e-08,-0.005551014561206102,0.13890705943107048,-6.463905940764714e-08,-0.004185323714902078,trajectory,GOAL_DIRECT,3.6464247703552246,0.5100181102752703,1.7786693937845448e-07
56,8363.375,1.7426484823226929,-1.7046131617348692e-08,-0.9518318772315979,2.476652285163832e-07,0.138667032122612,5.99534928369394e-08,-0.0014193432871252298,0.1389066374301856,-6.380123885484988e-08,-0.004414027939339967,trajectory,GOAL_DIRECT,3.6459012031555176,0.5137624740600604,1.794274637728239e-07
57,8363.453,1.752217411994934,-1.289095497014614e-08,-0.9517520666122437,2.456364875207346e-07,0.13867966830730438,6.048612988251989e-08,0.0027580754831433296,0.13890562653541022,-6.384446243746386e-08,-0.004752211971929164,trajectory,GOAL_DIRECT,3.6459012031555176,0.5233314037323016,1.8344082913786848e-07
58,8363.578,1.7671948671340942,-6.3123093418937515e-09,-0.9513727426528931,2.424665298435721e-07,0.13869689404964447,6.134202834573443e-08,0.0038514817133545876,0.13890424847602306,-6.336058514104321e-08,-0.004858258043427741,trajectory,GOAL_DIRECT,3.649617910385132,0.5383088588714617,1.89797509281004e-07
59,8363.671,1.7792634963989258,-9.448275495316238e-10,-0.9510345458984375,2.4000808098129356e-07,0.13870874047279358,6.204813018939603e-08,0.003885687096044421,0.13890330076217114,-6.344905273603377e-08,-0.004877904311765706,trajectory,GOAL_DIRECT,3.6504249572753906,0.5503774881362933,1.9498613431001256e-07
60,8363.781,1.7913321256637573,4.484713045371791e-09,-0.9506989121437073,2.37812518639977e-07,0.13871899247169495,6.276862052345678e-08,0.003824923187494278,0.1389024806022592,-6.240290516772326e-08,-0.004921334342657407,trajectory,GOAL_DIRECT,3.649811267852783,0.5624461174011248,2.0023681814156236e-07
61,8363.812,1.7963260412216187,6.74986599946692e-09,-0.9505618214607239,2.368849621285438e-07,0.13872283697128296,6.30709564575227e-08,0.0037956167943775654,0.13890217304229216,-6.245389349054785e-08,-0.00492584436535724,trajectory,GOAL_DIRECT,3.6490392684936523,0.5674400329589862,2.0242796140047674e-07
62,8363.89,1.805065393447876,1.0740234479555966e-08,-0.9503242373466492,2.352271525531553e-07,0.1387290209531784,6.360595961041327e-08,0.0037448753137141466,0.1389016783237406,-6.185457609130183e-08,-0.004954423639072499,trajectory,GOAL_DIRECT,3.6490392684936523,0.5761793851852435,2.0628881291399938e-07
63,8364.0,1.8133885860443115,1.4572136386448165e-08,-0.9501010179519653,2.3382530883262965e-07,0.13873432576656342,6.412250996845614e-08,0.0036987659987062216,0.13890125393866978,-6.196097263183238e-08,-0.004961895863606057,trajectory,GOAL_DIRECT,3.648266553878784,0.584502577781679,2.099973653289236e-07
64,8364.125,1.8333687782287598,2.3896779666188195e-08,-0.9495757818222046,2.3073982015137868e-07,0.13874514400959015,6.539025321217196e-08,0.003599163144826889,0.13890038847922773,-6.156558560999872e-08,-0.005000425328400518,trajectory,GOAL_DIRECT,3.6475038528442383,0.6044827699661273,2.1902590269415796e-07
65,8364.234,1.8466897010803223,3.0216916968583973e-08,-0.9503756165504456,2.2802530560880673e-07,0.13875147700309753,6.628039272982278e-08,-0.02124406397342682,0.13889988183974722,-6.096682769025105e-08,-0.0029960408258223213,trajectory,GOAL_DIRECT,3.6467576026916504,0.6178036928176898,2.2514862427569333e-07
66,8364.328,1.8550152778625488,3.421018135441045e-08,-0.9515078067779541,2.261843890009762e-07,0.1387544721364975,6.682093811605228e-08,-0.010192317888140678,0.13889964222907522,-6.105982701567969e-08,-0.0038235710012697855,trajectory,GOAL_DIRECT,3.6460258960723877,0.6261292695999163,2.290185038359821e-07
67,8364.406,1.86167573928833,3.742810150697551e-08,-0.9517550468444824,2.2455950574080548e-07,0.1387566179037094,6.725845480559656e-08,-0.001517915865406394,0.1388994705676984,-6.009441274895264e-08,-0.004420317539428864,trajectory,GOAL_DIRECT,3.647893190383911,0.6327897310256976,2.3213771612811695e-07
68,8364.5,1.8770780563354492,4.4951544708737856e-08,-0.9515776038169861,2.2077669012481595e-07,0.13876129686832428,6.830183707506876e-08,0.003075924701988697,0.1388990962505292,-6.025632697662179e-08,-0.004796696936195289,trajectory,GOAL_DIRECT,3.647893190383911,0.6481920480728167,2.394328974026345e-07
69,8364.515,1.8804082870483398,4.659357344394266e-08,-0.9515012502670288,2.2002765020597093e-07,0.13876225054264069,6.853131395700984e-08,0.0032679319847375154,0.13889901995658402,-5.910653517597722e-08,-0.004812810104704174,trajectory,GOAL_DIRECT,3.6503968238830566,0.6515222787857073,2.410255722076242e-07
70,8364.609,1.8912315368652344,5.1968456205031544e-08,-0.9512354731559753,2.1763027911710122e-07,0.13876499235630035,6.928521401050602e-08,0.0034807410556823015,0.13889880061149124,-5.92564154719818e-08,-0.004843123685932431,trajectory,GOAL_DIRECT,3.6503968238830566,0.6623455286026019,2.4624005469551405e-07
71,8364.734,1.9053850173950195,5.908672662258141e-08,-0.9508792757987976,2.14422690323679e-07,0.13876809179782867,7.028905457673318e-08,0.0034822900779545307,0.13889855265616896,-5.946440291248706e-08,-0.004861057475573096,trajectory,GOAL_DIRECT,3.650101900100708,0.676499009132387,2.5314857090964977e-07
72,8364.828,1.9182896614074707,6.56669953968958e-08,-0.9505571722984314,2.1206749701699746e-07,0.13877049088478088,7.122189771280318e-08,0.003443302121013403,0.138898360729213,-5.822604253989883e-08,-0.004904710235120291,trajectory,GOAL_DIRECT,3.6494295597076416,0.6894036531448382,2.5953759320438064e-07
73,8364.859,1.9220361709594727,6.759372439546496e-08,-0.9504643678665161,2.1142881857864834e-07,0.1387711614370346,7.149585457000285e-08,0.0034313383512198925,0.13889830708503267,-5.83054553631549e-08,-0.004908393355132574,trajectory,GOAL_DIRECT,3.648721218109131,0.6931501626968402,2.6140879903145784e-07
74,8365.046,1.9445152282714844,7.931117806947441e-08,-0.9499140977859497,2.0734066838984143e-07,0.13877451419830322,7.31691969235726e-08,0.0033644631039351225,0.13889803886413124,-5.7997830557652915e-08,-0.004948777251580898,trajectory,GOAL_DIRECT,3.648016929626465,0.7156292200088519,2.7279311367651543e-07
75,8365.14,1.9570035934448242,8.594018652274826e-08,-0.9504696130752563,2.047201725918413e-07,0.13877636194229126,7.414544711537019e-08,-0.019468210637569427,0.1388978910446123,-5.715789936398139e-08,-0.0031185523407697775,trajectory,GOAL_DIRECT,3.6473231315612793,0.7281175851821917,2.7923704489148267e-07
76,8365.25,1.969078779220581,9.243126442015637e-08,-0.95192551612854,2.0220050280675464e-07,0.13877739012241364,7.506536547907672e-08,-0.006030481308698654,0.1388978087902025,-5.74155764530176e-08,-0.004120775534415254,trajectory,GOAL_DIRECT,3.646635055541992,0.7401927709579486,2.855491688582204e-07
77,8365.281,1.972826361656189,9.446195292639459e-08,-0.9520286917686462,2.013997779693896e-07,0.13877765834331512,7.53539666220604e-08,-0.0019880086183547974,0.13889778733253053,-5.616328641325876e-08,-0.004350684438317774,trajectory,GOAL_DIRECT,3.6490156650543213,0.7439403533935565,2.875243182928603e-07
78,8365.375,1.983236312866211,1.0014414186798604e-07,-0.9519778490066528,1.9918309768588165e-07,0.13877840340137482,7.617071418053456e-08,0.0022797787096351385,0.13889772772788575,-5.639325735376301e-08,-0.004694649562656639,trajectory,GOAL_DIRECT,3.6490156650543213,0.7543503046035784,2.930522320355674e-07
79,8365.468,1.9940626621246338,1.0611925915782194e-07,-0.9517553448677063,1.9717304329432252e-07,0.1387791782617569,7.703566495820269e-08,0.0031824917532503605,0.13889766573905515,-5.667064297257736e-08,-0.004777991813093183,trajectory,GOAL_DIRECT,3.651005744934082,0.7651766538620013,2.9886690311856356e-07
80,8365.5,1.9994758367538452,1.0913223036368436e-07,-0.9516286849975586,1.9636059452785892e-07,0.13877956569194794,7.747294006321681e-08,0.0032962956465780735,0.13889763474464,-5.546461117067402e-08,-0.004800902078394211,trajectory,GOAL_DIRECT,3.651005744934082,0.7705898284912127,3.017996512210061e-07
81,8365.593,2.006136417388916,1.1286400791732376e-07,-0.9514690637588501,1.954072451475988e-07,0.13878004252910614,7.801528312256778e-08,0.003343283198773861,0.13889759659766732,-5.5666781904970336e-08,-0.004812642144505299,trajectory,GOAL_DIRECT,3.651005744934082,0.7772504091262835,3.0543271914753685e-07
82,8365.718,2.021122455596924,1.213563933788464e-07,-0.9511076211929321,1.931648148257451e-07,0.13878083229064941,7.925197564873088e-08,0.0033378645312041044,0.1388975334167439,-5.555436812372034e-08,-0.00484285262824055,trajectory,GOAL_DIRECT,3.6499929428100586,0.7922364473342913,3.1370301192309156e-07
83,8365.843,2.0411038398742676,1.3288970990288362e-07,-0.9506300091743469,1.8958132024489986e-07,0.13878154754638672,8.09361822007304e-08,0.003294534282758832,0.13889747619628495,-5.541501453233104e-08,-0.004879139324679573,trajectory,GOAL_DIRECT,3.6493101119995117,0.8122178316116351,3.2494020486583824e-07
84,8365.953,2.053175926208496,1.3997630787798698e-07,-0.9503443837165833,1.874020571412812e-07,0.13878197968006134,8.197323353442698e-08,0.00326950429007411,0.13889744162559106,-5.470072383674144e-08,-0.004912392219555121,trajectory,GOAL_DIRECT,3.6486294269561768,0.8242899179458636,3.318478948439119e-07
85,8366.046,2.0652480125427246,1.4715377005813934e-07,-0.9500609040260315,1.8522279403781746e-07,0.13878241181373596,8.302498599732644e-08,0.003246645675972104,0.1388974070548971,-5.508790120314496e-08,-0.004924737514954549,trajectory,GOAL_DIRECT,3.6479580402374268,0.8363620042800921,3.388464490270345e-07
86,8366.078,2.069827079772949,1.4990028773809172e-07,-0.9499540328979492,1.8439617699861308e-07,0.1387825757265091,8.342776425251941e-08,0.0032385503873229027,0.13889739394187534,-5.388435058279455e-08,-0.004954425331000798,trajectory,GOAL_DIRECT,3.6479580402374268,0.8409410715103167,3.4152510505294114e-07
87,8366.156,2.0789852142333984,1.5543362508196878e-07,-0.9499333500862122,1.8276420245972284e-07,0.1387830674648285,8.425589470562045e-08,-0.009654748253524303,0.13889735460280977,-5.4192218658215416e-08,-0.003923995580319875,trajectory,GOAL_DIRECT,3.6479580402374268,0.8500992059707642,3.469227190887267e-07
88,8366.265,2.0931386947631836,1.6409393310823361e-07,-0.9520449638366699,1.8024227318064925e-07,0.13878372311592102,8.554833641483128e-08,-0.026294339448213577,0.13889730215072238,-5.4685801376795245e-08,-0.002487247597221844,trajectory,GOAL_DIRECT,3.6472907066345215,0.8642526865005493,3.553732729115774e-07
89,8366.296,2.0968852043151855,1.6640836975057027e-07,-0.9527620077133179,1.7963876655654428e-07,0.13878381252288818,8.588646238649744e-08,-0.024914339184761047,0.1388972949981651,-5.321922464966868e-08,-0.00247466672729674,trajectory,GOAL_DIRECT,3.64663028717041,0.8679991960525513,3.576321863824221e-07
90,8366.468,2.116450309753418,1.7864152823676704e-07,-0.9536460638046265,1.763184001680797e-07,0.13878372311592102,8.764988734810686e-08,0.0017845798283815384,0.13889730215072246,-5.3944719335447385e-08,-0.004566377443782717,trajectory,GOAL_DIRECT,3.649193048477173,0.8875643014907837,3.6957539052860516e-07
91,8366.609,2.133101463317871,1.8925294398286496e-07,-0.9533089995384216,1.734534916923616e-07,0.1387842446565628,8.920860494754379e-08,0.003260196652263403,0.13889726042747122,-5.324277576557417e-08,-0.004630968738445293,trajectory,GOAL_DIRECT,3.6537609100341797,0.9042154550552368,3.799400366236276e-07
92,8366.687,2.1447572708129883,1.9679310980791342e-07,-0.9530303478240967,1.714480557591563e-07,0.13878466188907623,9.031759873323608e-08,0.0033433418720960617,0.13889722704887017,-5.2715996663556994e-08,-0.004666354899944679,trajectory,GOAL_DIRECT,3.654210329055786,0.915871262550354,3.8730746369292324e-07
93,8366.796,2.149752616882324,2.0005323619898263e-07,-0.9529101848602295,1.7058858321630293e-07,0.13878484070301056,9.079712981474586e-08,0.0033430028706789017,0.13889721274375544,-5.29197515068975e-08,-0.0046723359280246655,trajectory,GOAL_DIRECT,3.6536519527435303,0.9208666086196899,3.9049355918866986e-07
94,8366.89,2.1689014434814453,2.1271149819312996e-07,-0.9524510502815247,1.6703112295911597e-07,0.13878552615642548,9.265866651730903e-08,0.0033067543990910053,0.1388971579074823,-5.2687565495295156e-08,-0.004709906466641097,trajectory,GOAL_DIRECT,3.6529786586761475,0.940015435218811,4.028680360840804e-07
95,8366.937,2.1730642318725586,2.1549745099491702e-07,-0.9523521065711975,1.6607778773124482e-07,0.13878567516803741,9.306824466648322e-08,0.0032976886723190546,0.13889714598655334,-5.284686711173345e-08,-0.004714128394015698,trajectory,GOAL_DIRECT,3.6522974967956543,0.9441782236099243,4.055922964730986e-07
96,8367.015,2.183471202850342,2.2251632003644772e-07,-0.9521055817604065,1.636416918686954e-07,0.13878604769706726,9.409984613739653e-08,0.0032758500892668962,0.13889711618423106,-5.1718611904286915e-08,-0.0047492151932859205,trajectory,GOAL_DIRECT,3.6522974967956543,0.9545851945877075,4.124569344827071e-07
97,8367.109,2.1947107315063477,2.3018408512598398e-07,-0.9518411159515381,1.6101070833724372e-07,0.1387864500284195,9.522624822011494e-08,0.003253968432545662,0.13889708399772288,-5.216337815870872e-08,-0.004760687951191642,trajectory,GOAL_DIRECT,3.651621103286743,0.9658247232437134,4.1995813005776744e-07
98,8367.14,2.198873519897461,2.3304724550143874e-07,-0.9517435431480408,1.6004095959018723e-07,0.13878658413887024,9.564667635686419e-08,0.0032463506795465946,0.1388970732688869,-5.074413355664554e-08,-0.004787396992102622,trajectory,GOAL_DIRECT,3.650952100753784,0.9699875116348267,4.2275959802045334e-07
99,8367.218,2.2071990966796875,2.3881150923443784e-07,-0.951549232006073,1.580920119839883e-07,0.13878658413887024,9.649275511947053e-08,0.0032318478915840387,0.1388970732688869,-5.1084181080012516e-08,-0.0047959523261640056,trajectory,GOAL_DIRECT,3.650952100753784,0.9783130884170532,4.2840047692791467e-07
100,8367.312,2.219271183013916,2.472604876402329e-07,-0.9512689113616943,1.5528254028985115e-07,0.13878658413887024,9.773196296691822e-08,0.003212382784113288,0.1388970732688869,-5.159451188493556e-08,-0.004808411149785279,trajectory,GOAL_DIRECT,3.650952100753784,0.9903851747512817,4.3667054733668e-07
101,8367.39,2.2250990867614746,2.5137796910712495e-07,-0.951134204864502,1.5400040848757077e-07,0.13878658413887024,9.833546243953606e-08,0.0032036295160651207,0.13889707326888703,-5.000799000490765e-08,-0.004839574205895512,trajectory,GOAL_DIRECT,3.6502888202667236,0.9962130784988403,4.407016594256957e-07
102,8367.5,2.2425827980041504,2.6388354967821215e-07,-0.9507321715354919,1.4994528410286255e-07,0.13878658413887024,1.0016652396416248e-07,0.003179652150720358,0.13889707326888706,-5.078474757695891e-08,-0.0048577576831184315,trajectory,GOAL_DIRECT,3.6496334075927734,1.0136967897415143,4.529481318631536e-07
103,8367.546,2.2463293075561523,2.6659344598556345e-07,-0.9506463408470154,1.490682895937179e-07,0.13878658413887024,1.0056290022930625e-07,0.003174950135871768,0.13889707326888714,-4.917487930955425e-08,-0.0048852436370016425,trajectory,GOAL_DIRECT,3.6489784717559814,1.0174432992935163,4.5560250499901295e-07
104,8367.625,2.2567362785339355,2.741773528214253e-07,-0.9504086971282959,1.4663219373504436e-07,0.13878658413887024,1.0167138952965615e-07,0.0031626312993466854,0.13889707326888714,-4.965370033230936e-08,-0.00489614031601561,trajectory,GOAL_DIRECT,3.6489784717559814,1.0278502702712995,4.6303218080295267e-07
105,8367.718,2.2696409225463867,2.8369748861223343e-07,-0.9501149654388428,1.4361143487041483e-07,0.13878658413887024,1.0306109743396519e-07,0.003148650284856558,0.13889707326888714,-5.026730390248384e-08,-0.004909708419329056,trajectory,GOAL_DIRECT,3.648327589035034,1.0407549142837507,4.723610701141773e-07
106,8367.734,2.2721385955810547,2.8555507469718577e-07,-0.9500584602355957,1.4302677186437358e-07,0.13878658413887024,1.033320131682558e-07,0.003146104048937559,0.13889707326888728,-4.8244251110746794e-08,-0.004939434185237862,trajectory,GOAL_DIRECT,3.6476821899414062,1.0432525873184186,4.741816407514683e-07
107,8367.828,2.2833781242370605,2.939747503205581e-07,-0.9498041868209839,1.4039578833725247e-07,0.13878658413887024,1.0455892862637484e-07,0.0031352618243545294,0.13889707326888728,-4.879334405939494e-08,-0.00495128047800181,trajectory,GOAL_DIRECT,3.6476821899414062,1.0544921159744245,4.824347468603647e-07
108,8367.937,2.2937850952148438,3.018604672888614e-07,-0.949994683265686,1.3795969247890115e-07,0.13878671824932098,1.0573433684157862e-07,-0.014765328727662563,0.13889706254005124,-4.9319157403725966e-08,-0.003509708411605335,trajectory,GOAL_DIRECT,3.6470375061035156,1.0648990869522077,4.901662327967459e-07
109,8368.046,2.3087711334228516,3.133714301384316e-07,-0.9524924755096436,1.344517144430342e-07,0.13878671824932098,1.0742533618213201e-07,-0.027171585708856583,0.13889706254005132,-4.812917841238491e-08,-0.002397600354376315,trajectory,GOAL_DIRECT,3.6463987827301025,1.0798851251602155,5.014551029603481e-07
110,8368.14,2.32084321975708,3.227760032586957e-07,-0.9543237090110779,1.316128402008605e-07,0.13878636062145233,1.0875761802253692e-07,-0.008043297566473484,0.1388970911502809,-4.752293067294972e-08,-0.003726612807585239,trajectory,GOAL_DIRECT,3.648818254470825,1.091957211494444,5.106807680835825e-07
111,8368.187,2.325838565826416,3.2670138239154767e-07,-0.9544918537139893,1.3050922520436122e-07,0.138786181807518,1.0931622540510944e-07,-0.002041491214185953,0.13889710545539566,-4.7798189299889626e-08,-0.004198350080622673,trajectory,GOAL_DIRECT,3.6541948318481445,1.09695255756378,5.145321163211118e-07
112,8368.25,2.3287525177001953,3.290004713107919e-07,-0.9545130133628845,1.2987758109884137e-07,0.13878613710403442,1.0964576802052761e-07,-0.00012328026059549302,0.1388971090316744,-4.653009049297665e-08,-0.004262947579991849,trajectory,GOAL_DIRECT,3.6541948318481445,1.0998665094375593,5.167880205514178e-07
113,8368.328,2.343322277069092,3.406008772799396e-07,-0.9543066620826721,1.2658567910290372e-07,0.13878613710403442,1.1131681532106086e-07,0.002993223490193486,0.13889710903167443,-4.7347701259270785e-08,-0.004522585444065588,trajectory,GOAL_DIRECT,3.6559464931488037,1.114436268806454,5.281725030758745e-07
114,8368.39,2.3508152961730957,3.46635573578169e-07,-0.954136848449707,1.248951273320629e-07,0.13878613710403442,1.1218676121416138e-07,0.0032485981937497854,0.13889710903167451,-4.6303185185437764e-08,-0.004559638672133934,trajectory,GOAL_DIRECT,3.6559464931488037,1.1219292879104579,5.340961530311199e-07
115,8368.437,2.3566431999206543,3.5136179121764144e-07,-0.953998863697052,1.2358025373248115e-07,0.13878613710403442,1.1286751799843842e-07,0.0033111171796917915,0.13889710903167451,-4.664234288529721e-08,-0.004571539428642046,trajectory,GOAL_DIRECT,3.6555511951446533,1.1277571916580165,5.38736001292716e-07
116,8368.515,2.365385055541992,3.5850490576194716e-07,-0.9537892937660217,1.216079433330448e-07,0.13878613710403442,1.1389519016802296e-07,0.0033295678440481424,0.13889710903167451,-4.715985481183603e-08,-0.004583493978342068,trajectory,GOAL_DIRECT,3.6555511951446533,1.1364990472793544,5.457495617702071e-07
117,8368.609,2.376624584197998,3.6778448020413634e-07,-0.9535201787948608,1.1907210146565946e-07,0.13878613710403442,1.1522791254492404e-07,0.003314528614282608,0.1388971090316746,-4.5932420727671115e-08,-0.004618466481913438,trajectory,GOAL_DIRECT,3.6548991203308105,1.1477385759353602,5.548625666979203e-07
118,8368.625,2.3807873725891113,3.7124885921002715e-07,-0.9534207582473755,1.181328349830091e-07,0.13878613710403442,1.1572475244747693e-07,0.00330621306784451,0.1388971090316746,-4.618698723739354e-08,-0.0046227722655726574,trajectory,GOAL_DIRECT,3.6548991203308105,1.1519013643264735,5.582652532910423e-07
119,8368.734,2.392026901245117,3.8067736340963165e-07,-0.9531539678573608,1.1559681547976648e-07,0.13878613710403442,1.170749541756777e-07,0.003282910445705056,0.13889710903167465,-4.552990339570616e-08,-0.004650431573097084,trajectory,GOAL_DIRECT,3.6548991203308105,1.1631408929824794,5.675271879761709e-07
120,8368.843,2.4053478240966797,3.9199426282721106e-07,-0.9528401494026184,1.125911627350188e-07,0.13878613710403442,1.1869170180034416e-07,0.0032564944121986628,0.13889710903167465,-4.637713570043559e-08,-0.004664009213153694,trajectory,GOAL_DIRECT,3.654219150543213,1.1764618158340419,5.786466716728899e-07
121,8368.937,2.4165873527526855,4.016641810267174e-07,-0.9525772333145142,1.1005514323149975e-07,0.13878613710403442,1.2006975680378673e-07,0.003236154792830348,0.1388971090316748,-4.4902100472573346e-08,-0.004701024908096628,trajectory,GOAL_DIRECT,3.653542995452881,1.187701344490046,5.881500203579203e-07
122,8368.968,2.4203338623046875,4.0491238451068057e-07,-0.9524897933006287,1.0920980339696528e-07,0.13878613710403442,1.2053193643168925e-07,0.003229790600016713,0.1388971090316748,-4.5148781488731965e-08,-0.004704887773365813,trajectory,GOAL_DIRECT,3.65287446975708,1.191447854042048,5.913427006703915e-07
123,8369.062,2.4269943237304688,4.107178313006443e-07,-0.9523351788520813,1.0770697702442488e-07,0.13878613710403442,1.2135708971072745e-07,0.0032189171761274338,0.13889710903167457,-4.4220645488054474e-08,-0.004727134282408956,trajectory,GOAL_DIRECT,3.65287446975708,1.1981083154678291,5.97049439599925e-07
124,8369.203,2.449057102203369,4.302332001770992e-07,-0.9518258571624756,1.0272886466506747e-07,0.13878613710403442,1.2412240835146804e-07,0.0031867127399891615,0.1388971090316746,-4.572753530392395e-08,-0.00475002401199818,trajectory,GOAL_DIRECT,3.652209997177124,1.2201710939407295,6.16237838688705e-07
125,8369.312,2.4623780250549316,4.4223037320989533e-07,-0.9515206813812256,9.972321191955907e-08,0.13878613710403442,1.2581581643189566e-07,0.003169899806380272,0.13889710903167468,-4.397631565740119e-08,-0.004793094090395279,trajectory,GOAL_DIRECT,3.65155291557312,1.233492016792292,6.280375960006406e-07
126,8369.437,2.475282669067383,4.540084432846925e-07,-0.9512267708778381,9.681148582217837e-08,0.13878613710403442,1.2747338473673153e-07,0.003155270591378212,0.13889710903167468,-4.490683100870418e-08,-0.004806619278364487,trajectory,GOAL_DIRECT,3.65089750289917,1.2463966608047414,6.396244195958544e-07
127,8369.546,2.490684986114502,4.682690644131071e-07,-0.9508774876594543,9.333619983476376e-08,0.13878613710403442,1.2947377570071694e-07,0.0031395757105201483,0.1388971090316751,-4.3521495297861404e-08,-0.0048491363336663155,trajectory,GOAL_DIRECT,3.6502463817596436,1.2617989778518606,6.536567787970241e-07
128,8369.64,2.503173351287842,4.799957196155447e-07,-0.9505951404571533,9.051840038533997e-08,0.13878613710403442,1.311132962200645e-07,0.003128157230094075,0.13889710903167518,-4.295434801027748e-08,-0.004877678760887858,trajectory,GOAL_DIRECT,3.6496009826660156,1.2742873430252004,6.651983567611551e-07
129,8369.687,2.5081686973571777,4.847277637054503e-07,-0.9504828453063965,8.939128060553295e-08,0.13878613710403442,1.3177350410842337e-07,0.0031239090021699667,0.13889710903167518,-4.333692491049934e-08,-0.004882953660191771,trajectory,GOAL_DIRECT,3.6489570140838623,1.2792826890945364,6.698563699557381e-07
130,8369.781,2.5127477645874023,4.890864033768594e-07,-0.9503799080848694,8.835808747402126e-08,0.13878613710403442,1.3238091867151525e-07,0.0031201508827507496,0.1388971090316752,-4.195024309339802e-08,-0.004905130334176073,trajectory,GOAL_DIRECT,3.6489570140838623,1.283861756324761,6.741471479731015e-07
131,8369.89,2.528566360473633,5.042984412284568e-07,-0.9500245451927185,8.478887483772843e-08,0.13878613710403442,1.3449552227484673e-07,0.003108105855062604,0.13889710903167524,-4.319083275372995e-08,-0.004921934876568565,trajectory,GOAL_DIRECT,3.648317813873291,1.2996803522109897,6.891247546561772e-07
132,8370.0,2.5410547256469727,5.164790763956262e-07,-0.9497455954551697,8.19710753878466e-08,0.13878613710403442,1.3618274863347324e-07,0.0030997153371572495,0.13889710903167532,-4.212470896120825e-08,-0.004955337073662332,trajectory,GOAL_DIRECT,3.6470425128936768,1.3121687173843295,7.0112031258504e-07
133,8370.14,2.5635337829589844,5.387929604694364e-07,-0.9507737159729004,7.64294175544121e-08,0.13878636062145233,1.3931122566646081e-07,-0.023574601858854294,0.13889709115028193,-4.394885130284475e-08,-0.002769985672094873,trajectory,GOAL_DIRECT,3.6464107036590576,1.3346477746963394,7.231010576298983e-07
134,8370.265,2.578103542327881,5.53525467239524e-07,-0.9524235725402832,7.243987621877138e-08,0.1387859731912613,1.4129265935025614e-07,-0.00326453591696918,0.13889712214469707,-4.140613892770685e-08,-0.004279398771141402,trajectory,GOAL_DIRECT,3.6462459564208984,1.349217534065236,7.376176409552948e-07
135,8370.375,2.5926733016967773,5.684678399120457e-07,-0.9523598551750183,6.814861007336082e-08,0.1387859433889389,1.4332397313410183e-07,0.002528332406654954,0.13889712452888298,-4.092517708812619e-08,-0.004673561726358771,trajectory,GOAL_DIRECT,3.6462459564208984,1.3637872934341324,7.523440901831256e-07
136,8370.468,2.6030802726745605,5.792724095954327e-07,-0.9521429538726807,6.506663085679093e-08,0.1387859433889389,1.4479509502507426e-07,0.0031066008377820253,0.13889712452888303,-4.005715506697691e-08,-0.004733466372652394,trajectory,GOAL_DIRECT,3.651862382888794,1.3741942644119138,7.629944288345904e-07
137,8370.515,2.608491897583008,5.849345825481578e-07,-0.952019989490509,6.346400166414159e-08,0.1387859433889389,1.4556482597072318e-07,0.0031863052863627672,0.13889712452888306,-4.050980522531883e-08,-0.004745990947647435,trajectory,GOAL_DIRECT,3.651862382888794,1.379605889320361,7.685764016507159e-07
138,8370.625,2.620147705078125,5.972323151581804e-07,-0.9517501592636108,6.001218494143555e-08,0.1387859433889389,1.4723303820574074e-07,0.0032255351543426514,0.13889712452888317,-3.959409590078902e-08,-0.004777545829091565,trajectory,GOAL_DIRECT,3.651862382888794,1.3912616968154783,7.807013955049858e-07
139,8370.734,2.63430118560791,6.123545404079778e-07,-0.951421856880188,5.582069320658029e-08,0.1387859433889389,1.492773122890867e-07,0.0032137297093868256,0.1388971245288832,-4.082312860235325e-08,-0.004793016512666242,trajectory,GOAL_DIRECT,3.6508071422576904,1.4054151773452617,7.95613866551369e-07
140,8370.843,2.6484546661376953,6.276861768128583e-07,-0.9510950446128845,5.1629201471570585e-08,0.1387859433889389,1.513418226295471e-07,0.0031942264176905155,0.13889712452888336,-3.891033151241831e-08,-0.004834063467559144,trajectory,GOAL_DIRECT,3.6501498222351074,1.4195686578750468,8.107357487528354e-07
141,8370.984,2.665938377380371,6.469177264989412e-07,-0.9506939053535461,4.6451476386933627e-08,0.1387859433889389,1.539200127353979e-07,0.0031716269440948963,0.13889712452888348,-3.8733932674926546e-08,-0.004866664220965892,trajectory,GOAL_DIRECT,3.6494946479797363,1.4370523691177208,8.29708190305289e-07
142,8371.078,2.6767616271972656,6.589864938177925e-07,-0.9504472017288208,4.3246218001087894e-08,0.1387859433889389,1.5553149523839238e-07,0.0031591393053531647,0.13889712452888356,-3.7527198637799536e-08,-0.004895616160981386,trajectory,GOAL_DIRECT,3.6488420963287354,1.4478756189346154,8.416165573509413e-07
143,8371.109,2.6817569732666016,6.645992129961087e-07,-0.9503334760665894,4.176686797682095e-08,0.1387859433889389,1.562792562026516e-07,0.003153693163767457,0.13889712452888356,-3.7997518610953105e-08,-0.0049008667527661014,trajectory,GOAL_DIRECT,3.6481926441192627,1.4528709650039513,8.471552456339348e-07
144,8371.187,2.6917476654052734,6.759055963811988e-07,-0.9501067996025085,3.880816792822933e-08,0.1387859433889389,1.577823383058785e-07,0.0031434232369065285,0.13889712452888364,-3.69175269783752e-08,-0.004927206999719496,trajectory,GOAL_DIRECT,3.6481926441192627,1.4628616571426232,8.583135672283797e-07
145,8371.296,2.7029871940612793,6.887552217449411e-07,-0.9498525261878967,3.5479630373471774e-08,0.1387859433889389,1.594853387132389e-07,0.0031327875331044197,0.1388971245288837,-3.8006280137003344e-08,-0.004939069814145919,trajectory,GOAL_DIRECT,3.647549629211426,1.4741011857986273,8.70996623077646e-07
146,8371.328,2.7079825401306152,6.945105042177602e-07,-0.9497416019439697,3.4000280349103825e-08,0.1387859582901001,1.6024891635879612e-07,0.0019333123927935958,0.13889712333679113,-3.572541944700689e-08,-0.004869778616476984,trajectory,GOAL_DIRECT,3.646907329559326,1.4790965318679632,8.766778746551424e-07
147,8371.421,2.7188057899475098,7.070771061989944e-07,-0.9507135152816772,3.0795021962907275e-08,0.13878624141216278,1.619583542833425e-07,-0.022089209407567978,0.13889710068702615,-3.6802166647415956e-08,-0.0028993812055626822,trajectory,GOAL_DIRECT,3.646907329559326,1.4899197816848577,8.890840763631776e-07
148,8371.531,2.7308778762817383,7.21248113677575e-07,-0.9524046182632446,2.7219926070504582e-08,0.13878598809242249,1.637902045104056e-07,-0.008039714768528938,0.1388971209526055,-3.591997581699863e-08,-0.00390097585109995,trajectory,GOAL_DIRECT,3.646907329559326,1.5019918680190845,9.030761758447284e-07
149,8371.64,2.7462801933288574,7.395603915938409e-07,-0.9525324702262878,2.265859682831043e-08,0.1387859284877777,1.661656199303252e-07,0.002150646410882473,0.13889712572097715,-3.7506354899737215e-08,-0.004709812147300703,trajectory,GOAL_DIRECT,3.6465134620666504,1.5173941850662018,9.211601918337495e-07
150,8371.75,2.7575197219848633,7.530913421760488e-07,-0.9523108601570129,1.9330059273080356e-08,0.1387859284877777,1.6792841961432714e-07,0.0030717782210558653,0.13889712572097676,-3.497130626647963e-08,-0.004714704971301555,trajectory,GOAL_DIRECT,3.650509834289551,1.5286337137222077,9.345245729014815e-07
151,8371.859,2.771256923675537,7.698240551690105e-07,-0.9519954919815063,1.526184670544467e-08,0.1387859284877777,1.701024388012229e-07,0.0032358828466385603,0.13889712572097682,-3.644045366917948e-08,-0.0047436017501235,trajectory,GOAL_DIRECT,3.652113199234009,1.5423709154128797,9.51053700932306e-07
152,8371.984,2.786242961883545,7.883244279582868e-07,-0.9516457319259644,1.0823826829560632e-08,0.1387859284877777,1.7249624306714395e-07,0.0032341843470931053,0.13889712572097693,-3.462300471494408e-08,-0.004784534923581147,trajectory,GOAL_DIRECT,3.6517210006713867,1.5573569536208876,9.693319810356144e-07
153,8372.062,2.796233654022217,8.008022405192605e-07,-0.9514133930206299,7.865148096446307e-09,0.1387859284877777,1.7410472707979352e-07,0.003220022190362215,0.138897125720977,-3.36270584089608e-08,-0.004810378381843932,trajectory,GOAL_DIRECT,3.6510841846466064,1.5673476457595577,9.816617318059428e-07
154,8372.171,2.809138298034668,8.170914611582702e-07,-0.95111483335495,4.043521399393078e-09,0.1387859284877777,1.7619727543660701e-07,0.003200933802872896,0.13889712572097707,-3.508225276161859e-08,-0.004823779294128783,trajectory,GOAL_DIRECT,3.650425672531128,1.5802522897720088,9.97759705965369e-07
155,8372.265,2.822042942047119,8.335761094713234e-07,-0.9508179426193237,2.2189470221146072e-10,0.1387859284877777,1.783066352345486e-07,0.003183224704116583,0.13889712572097748,-3.329519189599418e-08,-0.004860521168731464,trajectory,GOAL_DIRECT,3.649765729904175,1.5931569337844582,1.0140531077988387e-06
156,8372.312,2.8249568939208984,8.3732561506622e-07,-0.9507511854171753,-6.410532616860281e-10,0.1387859284877777,1.787852710322113e-07,0.003179472405463457,0.13889712572097748,-3.363302012912244e-08,-0.004863558844946636,trajectory,GOAL_DIRECT,3.649109363555908,1.5960708856582375,1.017759428704797e-06
157,8372.406,2.8366127014160156,8.524245913577033e-07,-0.950484573841095,-4.092845117341447e-09,0.1387859284877777,1.8070836915740074e-07,0.0031653286423534155,0.13889712572097757,-3.2704821130003225e-08,-0.004891727285558965,trajectory,GOAL_DIRECT,3.649109363555908,1.607726693153353,1.0326856662405277e-06
158,8372.5,2.848268508911133,8.676856282363588e-07,-0.9502192139625549,-7.54463697310161e-09,0.1387859284877777,1.8264519496824505e-07,0.003152423305436969,0.13889712572097762,-3.4091833733928454e-08,-0.00490396285253265,trajectory,GOAL_DIRECT,3.648460626602173,1.6193825006484701,1.0477739643634302e-06
159,8372.515,2.852431297302246,8.731754519430979e-07,-0.9501245617866516,-8.777419778755622e-09,0.1387859284877777,1.8334024787236558e-07,0.0031480672769248486,0.13889712572097745,-3.115894292074795e-08,-0.004931708159754995,trajectory,GOAL_DIRECT,3.6478121280670166,1.6235452890395816,1.0532020956574005e-06
160,8372.609,2.863670825958252,8.881025905793649e-07,-0.9498702883720398,-1.2105933354088195e-08,0.1387859284877777,1.8522563038914086e-07,0.003137053456157446,0.1388971257209775,-3.252158418419756e-08,-0.0049435407248241935,trajectory,GOAL_DIRECT,3.6478121280670166,1.6347848176955875,1.0679626647791916e-06
161,8372.734,2.8757429122924805,9.043077398018795e-07,-0.9502571225166321,-1.5681007931557093e-08,0.1387862116098404,1.87314952881934e-07,-0.01782562956213951,0.13889710307121259,-3.170905528839453e-08,-0.003262507216675996,trajectory,GOAL_DIRECT,3.6471691131591797,1.6468569040298142,1.0839889060046764e-06
162,8372.812,2.886566162109375,9.189907927975582e-07,-0.951798141002655,-1.8886266319153494e-08,0.13878615200519562,1.89140322959247e-07,-0.01145568024367094,0.13889710783958423,-3.30627624122846e-08,-0.0036950522378523336,trajectory,GOAL_DIRECT,3.6471691131591797,1.657680153846707,1.0985115587271561e-06
163,8372.906,2.8948917388916016,9.303811907557247e-07,-0.9521094560623169,-2.1351849694289104e-08,0.13878609240055084,1.905390831780096e-07,-0.0010134514886885881,0.13889711260795592,-3.063524133283107e-08,-0.00443020438988138,trajectory,GOAL_DIRECT,3.646528720855713,1.6660057306289335,1.1097785718597848e-06
164,8373.015,2.9102940559387207,9.516778050056018e-07,-0.9519328474998474,-2.5913178938430872e-08,0.13878609240055084,1.9318258637213148e-07,0.0028355796821415424,0.138897112607956,-3.2614603883346064e-08,-0.004746957311671266,trajectory,GOAL_DIRECT,3.6489474773406982,1.681408047676051,1.1308469241824172e-06
165,8373.125,2.926112651824951,9.738574817674817e-07,-0.9515802264213562,-3.059778735152361e-08,0.13878609240055084,1.959312072585817e-07,0.003205542452633381,0.1388971126079564,-3.1013340747384415e-08,-0.00478826983895495,trajectory,GOAL_DIRECT,3.6511383056640625,1.6972266435622796,1.1527921697757753e-06
166,8373.25,2.9390172958374023,9.921843684423948e-07,-0.9512810111045837,-3.441944158340005e-08,0.13878609240055084,1.9819293584077968e-07,0.003219645470380783,0.13889711260795648,-3.02476223667104e-08,-0.004819843971711381,trajectory,GOAL_DIRECT,3.6508350372314453,1.710131287574729,1.170927809971105e-06
167,8373.328,2.951505661010742,1.0101213092639227e-06,-0.950991690158844,-3.811781664662854e-08,0.13878609240055084,2.00397764160698e-07,0.003205455606803298,0.13889711260795654,-3.194130339274528e-08,-0.00483317482991217,trajectory,GOAL_DIRECT,3.6502139568328857,1.722619652748067,1.1886796735543263e-06
168,8373.375,2.956501007080078,1.0173517921430175e-06,-0.9508765339851379,-3.9597166671953593e-08,0.13878609240055084,2.0128410938013985e-07,0.00319867767393589,0.1388971126079564,-2.8567303460097988e-08,-0.004864235591454031,trajectory,GOAL_DIRECT,3.6495585441589355,1.727614998817403,1.1958361255380983e-06
169,8373.453,2.965242862701416,1.0300818757968955e-06,-0.9506751894950867,-4.2186029216318746e-08,0.13878609240055084,2.0284129220726754e-07,0.0031868617516011,0.13889711260795645,-2.977291569062121e-08,-0.004873357542169812,trajectory,GOAL_DIRECT,3.6495585441589355,1.736356854438739,1.2084366551251619e-06
170,8373.546,2.977731227874756,1.0484385484232916e-06,-0.9503890872001648,-4.5884404279799744e-08,0.13878609240055084,2.0507920339696284e-07,0.003171101910993457,0.1388971126079566,-2.9290471350753118e-08,-0.00490030079062642,trajectory,GOAL_DIRECT,3.648902654647827,1.7488452196120772,1.2266082505132513e-06
171,8373.593,2.980645179748535,1.0527510312385857e-06,-0.9503225088119507,-4.674735846129595e-08,0.13878609240055084,2.0560365499022737e-07,0.0031676385551691055,0.1388971126079566,-2.9701661268668605e-08,-0.004903352641571178,trajectory,GOAL_DIRECT,3.6482512950897217,1.7517591714858565,1.230877548639607e-06
172,8373.671,2.991884708404541,1.0694869843064225e-06,-0.9500666260719299,-5.0075896018556915e-08,0.13878609240055084,2.076345424484316e-07,0.003155026352033019,0.13889711260795642,-2.877393076287426e-08,-0.00493062554531859,trajectory,GOAL_DIRECT,3.6482512950897217,1.7629987001418606,1.247446932192968e-06
173,8373.781,3.004789352416992,1.0889058330576518e-06,-0.9497738480567932,-5.3897550251087756e-08,0.13878609240055084,2.099820193279811e-07,0.003141776891425252,0.13889711260795648,-3.063772799084251e-08,-0.004944204489226804,trajectory,GOAL_DIRECT,3.647601842880249,1.77590334415431,1.266674534464614e-06
174,8373.859,3.0151963233947754,1.1047269481423427e-06,-0.9499639272689819,-5.7000664379692234e-08,0.13878633081912994,2.119337949579858e-07,-0.014759315177798271,0.13889709353447055,-2.8138905490722127e-08,-0.0035267072435745217,trajectory,GOAL_DIRECT,3.6469571590423584,1.7863103151320914,1.2823414185173826e-06
175,8373.968,3.022273063659668,1.1155697166032041e-06,-0.9509887099266052,-5.9051791523672006e-08,0.13878639042377472,2.1325931243154628e-07,-0.02384507656097412,0.13889708876609902,-2.91908087958494e-08,-0.0027486072000392895,trajectory,GOAL_DIRECT,3.6463160514831543,1.793387055396984,1.293079309876537e-06
176,8374.078,3.0422544479370117,1.1465439229141339e-06,-0.9537470936775208,-6.503839497931312e-08,0.13878600299358368,2.1690904361548746e-07,-0.003509105881676078,0.13889711976051444,-2.9224858521315136e-08,-0.004184215797347906,trajectory,GOAL_DIRECT,3.6463160514831543,1.8133684396743242,1.3237573926061761e-06
177,8374.187,3.0534939765930176,1.1641981245702482e-06,-0.9537442922592163,-6.819308403663154e-08,0.1387859433889389,2.1899505497913196e-07,0.002082857070490718,0.1388971245288861,-2.751447962996557e-08,-0.004510580274653578,trajectory,GOAL_DIRECT,3.6488990783691406,1.8246079683303282,1.3412450247478145e-06
178,8374.203,3.057656764984131,1.170779682979628e-06,-0.953671932220459,-6.935538988101342e-08,0.1387859433889389,2.1977479036650038e-07,0.0026760539039969444,0.13889712452888614,-2.816186621267463e-08,-0.004561654023271943,trajectory,GOAL_DIRECT,3.653779983520508,1.8287707567214415,1.3477648907444254e-06
179,8374.296,3.068063735961914,1.1873365792780533e-06,-0.9534461498260498,-7.226115449195698e-08,0.1387859433889389,2.2173428249061544e-07,0.003205734072253108,0.1388971245288858,-2.715151941661743e-08,-0.004618618222993279,trajectory,GOAL_DIRECT,3.653779983520508,1.839177727699223,1.3641675560109285e-06
180,8374.406,3.0797195434570312,1.2060553444825928e-06,-0.9531713724136353,-7.551561085619484e-08,0.1387859433889389,2.2394324616925587e-07,0.003301135264337063,0.13889712452888586,-2.9002207664271838e-08,-0.004639989188980723,trajectory,GOAL_DIRECT,3.654482364654541,1.8508335351943384,1.3827135824597153e-06
181,8374.546,3.0967869758605957,1.2338011856627418e-06,-0.9527658224105835,-8.028106481807846e-08,0.1387859433889389,2.2720296044553834e-07,0.0032868727575987577,0.13889712452888636,-2.7917932455338972e-08,-0.004681107447203504,trajectory,GOAL_DIRECT,3.6539642810821533,1.8679009675978993,1.410206484747512e-06
182,8374.625,3.107193946838379,1.250916739081731e-06,-0.9525200128555298,-8.318682942896205e-08,0.1387859433889389,2.2920505671208957e-07,0.003267076797783375,0.13889712452888617,-2.6610498873729915e-08,-0.004709623712993114,trajectory,GOAL_DIRECT,3.6533031463623047,1.8783079385756807,1.427167807134579e-06
183,8374.703,3.1130218505859375,1.2605672736754059e-06,-0.9523831605911255,-8.48140576110499e-08,0.1387859433889389,2.3033099694202974e-07,0.003256050404161215,0.1388971245288862,-2.7572093913218855e-08,-0.004715584214723555,trajectory,GOAL_DIRECT,3.6526293754577637,1.8841358423232375,1.4367319723503774e-06
184,8374.828,3.1284241676330566,1.2863004030805314e-06,-0.9520230889320374,-8.911458923511515e-08,0.1387859433889389,2.3332322030000796e-07,0.0032289547380059958,0.13889712452888636,-2.7243804892452372e-08,-0.004748224489500019,trajectory,GOAL_DIRECT,3.6519603729248047,1.8995381593703549,1.4622368398282581e-06
185,8374.968,3.1488218307495117,1.3208930340624647e-06,-0.9515509605407715,-9.480988787233698e-08,0.1387859433889389,2.3732273746190913e-07,0.0031975414603948593,0.13889712452888672,-2.7930776600976945e-08,-0.004785130159757245,trajectory,GOAL_DIRECT,3.6512961387634277,1.9199358224868064,1.496527177987624e-06
186,8375.062,3.1608939170837402,1.3416442925517913e-06,-0.951273500919342,-9.8180574820868e-08,0.1387859433889389,2.3970957840901974e-07,0.0031811760272830725,0.1388971245288868,-2.6285133883823042e-08,-0.0048184271176519265,trajectory,GOAL_DIRECT,3.6506381034851074,1.9320079088210314,1.5170995284799209e-06
187,8375.093,3.1638078689575195,1.3466843711285037e-06,-0.9512067437171936,-9.899418891188952e-08,0.1387859433889389,2.4028793177421903e-07,0.0031774709932506084,0.13889712452888683,-2.6792910689724495e-08,-0.004821468575036751,trajectory,GOAL_DIRECT,3.6499838829040527,1.9349218606948106,1.522096422367695e-06
188,8375.187,3.175879955291748,1.3676943808604847e-06,-0.9509308934211731,-1.0236487586039387e-07,0.1387859433889389,2.426930336696387e-07,0.0031630396842956543,0.13889712452888683,-2.613515444413812e-08,-0.004849222643226744,trajectory,GOAL_DIRECT,3.6499838829040527,1.9469939470290356,1.5429275241026464e-06
189,8375.312,3.1904497146606445,1.393330762766709e-06,-0.9505994319915771,-1.0643294631545677e-07,0.1387859433889389,2.456153254115634e-07,0.0031473031267523766,0.13889712452888694,-2.8730917459727123e-08,-0.0048645367901030785,trajectory,GOAL_DIRECT,3.6493337154388428,1.9615637063979303,1.5683479825641797e-06
190,8375.421,3.2054357528686523,1.4200210216586129e-06,-0.9502604007720947,-1.1061724735491743e-07,0.1387859433889389,2.486434595994069e-07,0.0031329162884503603,0.1388971245288871,-2.642362412405258e-08,-0.004907007103759306,trajectory,GOAL_DIRECT,3.6486880779266357,1.9765497446059346,1.5948161487701155e-06
191,8375.531,3.2183403968811035,1.4432673651754158e-06,-0.9499697089195251,-1.1422039547220429e-07,0.1387859433889389,2.512691992251348e-07,0.003121796762570739,0.13889712452888725,-2.592617229925568e-08,-0.004935540469988819,trajectory,GOAL_DIRECT,3.6480441093444824,1.9894543886183822,1.617871245807335e-06
192,8375.562,3.221254348754883,1.4485503925243393e-06,-0.949904203414917,-1.1503400956320116e-07,0.1387859433889389,2.5186443508573575e-07,0.003119436325505376,0.13889712452888728,-2.6464336246622582e-08,-0.004938626910253998,trajectory,GOAL_DIRECT,3.6474037170410156,1.9923683404921615,1.6231110884673203e-06
193,8375.671,3.2324938774108887,1.4690484704260598e-06,-0.9507944583892822,-1.1817223534274878e-07,0.13878615200519562,2.542401773553138e-07,-0.02167414501309395,0.13889710783958684,-2.5506575973466192e-08,-0.0029262698299001647,trajectory,GOAL_DIRECT,3.6474037170410156,2.003607869148164,1.643442596854565e-06
194,8375.796,3.245814800262451,1.493586410106218e-06,-0.9523991346359253,-1.2189162114983814e-07,0.13878582417964935,2.569381081229949e-07,-0.004883159883320332,0.13889713406563065,-2.8012109867466685e-08,-0.0041893148279499,trajectory,GOAL_DIRECT,3.6467666625976562,2.0169287919997245,1.6677831208138626e-06
195,8375.953,3.2678775787353516,1.534801867819624e-06,-0.9522586464881897,-1.280518421244083e-07,0.1387856900691986,2.615043399600836e-07,0.0029639957938343287,0.13889714479446688,-2.7424343803685157e-08,-0.004714548406362656,trajectory,GOAL_DIRECT,3.6518595218658447,2.038991570472618,1.7086716087395938e-06
196,8376.093,3.284945011138916,1.567187723594543e-06,-0.9518715143203735,-1.328172960858191e-07,0.1387856900691986,2.6508746486797463e-07,0.0032202303409576416,0.13889714479446702,-2.636253266969255e-08,-0.004760573224229574,trajectory,GOAL_DIRECT,3.6518595218658447,2.0560590028761787,1.7408045256221604e-06
197,8376.171,3.295351982116699,1.5871521554799983e-06,-0.9516301155090332,-1.357230606964144e-07,0.1387856900691986,2.672872199127596e-07,0.003222112776711583,0.13889714479446685,-2.497656359986047e-08,-0.004789794417214276,trajectory,GOAL_DIRECT,3.6516404151916504,2.0664659738539584,1.7606147264756935e-06
198,8376.281,3.3020124435424805,1.6000163896023878e-06,-0.9514756202697754,-1.37582750047187e-07,0.1387856900691986,2.687008304746996e-07,0.0032147779129445553,0.1388971447944669,-2.630432661683058e-08,-0.004796932390075804,trajectory,GOAL_DIRECT,3.6510283946990967,2.073126435279738,1.7733802527376528e-06
199,8376.375,3.3194961547851562,1.6341083437509951e-06,-0.9510719180107117,-1.4246443459293406e-07,0.1387856900691986,2.724328282965871e-07,0.0031909446697682142,0.13889714479446733,-2.6345074339327813e-08,-0.004832596273520437,trajectory,GOAL_DIRECT,3.650374412536621,2.09061014652241,1.8072130987526308e-06
200,8376.406,3.324075222015381,1.6431150697826524e-06,-0.9509667754173279,-1.4374297102157464e-07,0.1387856900691986,2.7341536679159617e-07,0.0031848407816141844,0.13889714479446735,-2.727874801306356e-08,-0.0048373650921373045,trajectory,GOAL_DIRECT,3.6497178077697754,2.095189213752633,1.8161519631302423e-06
201,8376.515,3.3340659141540527,1.6628787307126913e-06,-0.9507378935813904,-1.4653250504768887e-07,0.1387856900691986,2.7556640702641744e-07,0.003172249300405383,0.13889714479446733,-2.4761997921797127e-08,-0.0048701474564409,trajectory,GOAL_DIRECT,3.6497178077697754,2.105179905891301,1.835767562269636e-06
202,8376.625,3.3478031158447266,1.690307385615597e-06,-0.9504247307777405,-1.5036811433357195e-07,0.1387856900691986,2.7854056838805263e-07,0.0031564945820719004,0.13889714479446744,-2.7612217357554923e-08,-0.004884545219156718,trajectory,GOAL_DIRECT,3.649064540863037,2.1189171075819715,1.8629926322104044e-06
203,8376.718,3.3607077598571777,1.7163428083222243e-06,-0.9501317739486694,-1.5397126245058828e-07,0.1387856900691986,2.813518733546516e-07,0.0031430842354893684,0.1388971447944677,-2.5333415700608022e-08,-0.004921923770963192,trajectory,GOAL_DIRECT,3.6484146118164062,2.131821751594419,1.8888368084374482e-06
204,8376.812,3.364870548248291,1.72479724369623e-06,-0.9500375986099243,-1.5513356829478188e-07,0.1387856900691986,2.822623343945452e-07,0.003139049978926778,0.13889714479446771,-2.6214449186305578e-08,-0.00492630979737544,trajectory,GOAL_DIRECT,3.6477699279785156,2.1359845399855306,1.897229551398685e-06
205,8376.906,3.384019374847412,1.7640403484620037e-06,-0.9496055841445923,-1.6048017517803957e-07,0.1387856900691986,2.8647295380324067e-07,0.0031220796518027782,0.13889714479446744,-2.667330435245205e-08,-0.004963553552029492,trajectory,GOAL_DIRECT,3.647127628326416,2.1551333665846464,1.936188871065722e-06
206,8376.953,3.389014720916748,1.7743734588293592e-06,-0.9495004415512085,-1.618749421910544e-07,0.1387857049703598,2.875848110761581e-07,0.0007758907740935683,0.1388971436023746,-2.775510630966806e-08,-0.004781115571481946,trajectory,GOAL_DIRECT,3.6464877128601074,2.1601287126539805,1.9464479505377547e-06
207,8377.046,3.3998379707336426,1.796902665773814e-06,-0.9505442380905151,-1.6489693738590734e-07,0.13878588378429413,2.9005948931626335e-07,-0.022496601566672325,0.13889712929726045,-2.4900673482188815e-08,-0.002890715260397321,trajectory,GOAL_DIRECT,3.6464877128601074,2.1709519624708715,1.9688167572090107e-06
208,8377.125,3.410661220550537,1.8196216160504264e-06,-0.9522186517715454,-1.6791893258074302e-07,0.1387856900691986,2.924378748048184e-07,-0.011366632767021656,0.13889714479446819,-2.7279203685613515e-08,-0.0036973920803178607,trajectory,GOAL_DIRECT,3.645944118499756,2.1817752122877625,1.991375307212424e-06
209,8377.218,3.4173216819763184,1.833693772823608e-06,-0.9525076150894165,-1.6977862193140257e-07,0.1387854516506195,2.9389991595962783e-07,-0.0021614190191030502,0.1388971638679546,-2.4003670010990158e-08,-0.0042999925789619755,trajectory,GOAL_DIRECT,3.645944118499756,2.18843567371354,2.0053487561251753e-06
210,8377.343,3.4352216720581055,1.8718657202043687e-06,-0.9523277282714844,-1.7477653706126774e-07,0.13878539204597473,2.9791340239171404e-07,0.0029140315018594265,0.13889716863632634,-2.801382102002159e-08,-0.004715022961535581,trajectory,GOAL_DIRECT,3.6496059894561768,2.206335663795322,2.04325542613103e-06
211,8377.453,3.4506239891052246,1.9051287836191477e-06,-0.9519798755645752,-1.790770686846023e-07,0.13878539204597473,3.0140563467284665e-07,0.0032312769908457994,0.1388971686363265,-2.6043451320613798e-08,-0.004753005212392596,trajectory,GOAL_DIRECT,3.651966094970703,2.221737980842436,2.076290227618564e-06
212,8377.562,3.4618635177612305,1.9296471691632178e-06,-0.9517175555229187,-1.8221529446377037e-07,0.13878539204597473,3.0396981287594826e-07,0.0032420908100903034,0.13889716863632662,-2.8631079742169738e-08,-0.004766986320014981,trajectory,GOAL_DIRECT,3.6516785621643066,2.2329775094984363,2.100642043648158e-06
213,8377.656,3.4747681617736816,1.958054554052069e-06,-0.9514166116714478,-1.8581844258057e-07,0.13878539204597473,3.069297065394494e-07,0.003226130036637187,0.13889716863632673,-2.559407935812099e-08,-0.004807551990422029,trajectory,GOAL_DIRECT,3.651054859161377,2.245882153510882,2.1288581820574256e-06
214,8377.671,3.4772658348083496,1.9635845092125237e-06,-0.9513586759567261,-1.8651582608704453e-07,0.13878539204597473,3.075045356126793e-07,0.0032223891466856003,0.13889716863632673,-2.6178551284370366e-08,-0.004810149504961987,trajectory,GOAL_DIRECT,3.650395154953003,2.24837982654555,2.1343511217702192e-06
215,8377.765,3.489337921142578,1.990459168155212e-06,-0.9510790705680847,-1.8988651303499177e-07,0.13878539204597473,3.1029176739139075e-07,0.0032043426763266325,0.13889716863632692,-2.5484692405419235e-08,-0.004838446019683398,trajectory,GOAL_DIRECT,3.650395154953003,2.2604519128797733,2.161046872715878e-06
216,8377.875,3.5026588439941406,2.0203960957587697e-06,-0.9507722854614258,-1.9360589173615e-07,0.13878539204597473,3.1338439043793187e-07,0.0031857797876000404,0.1388971686363271,-2.8657543754700524e-08,-0.004852300243918218,trajectory,GOAL_DIRECT,3.6497340202331543,2.2737728357313305,2.1907863845985753e-06
217,8377.984,3.5151472091674805,2.048732312687207e-06,-0.9504861831665039,-1.9709280926846214e-07,0.13878539204597473,3.1630000307814043e-07,0.003170068608596921,0.13889716863632687,-2.5753693632144174e-08,-0.00489109942185746,trajectory,GOAL_DIRECT,3.649078130722046,2.286261200904665,2.218937524288706e-06
218,8378.0,3.5176448822021484,2.0544309791148407e-06,-0.9504292011260986,-1.977901927749218e-07,0.13878539204597473,3.1688500712334644e-07,0.0031671130564063787,0.1388971686363269,-2.6358637620437103e-08,-0.0048937120797024804,trajectory,GOAL_DIRECT,3.6484270095825195,2.288758873939333,2.2245991752686783e-06
219,8378.093,3.5280518531799316,2.0782895262527745e-06,-0.9501922726631165,-2.0069595738516053e-07,0.13878539204597473,3.1932933097778005e-07,0.003155425190925598,0.13889716863632737,-2.536140781947986e-08,-0.004919689799232844,trajectory,GOAL_DIRECT,3.6484270095825195,2.299165844917111,2.24830349137469e-06
220,8378.171,3.536377429962158,2.097508513543289e-06,-0.9500030875205994,-2.0302056907334006e-07,0.13878539204597473,3.212926742435229e-07,0.0031466803047806025,0.13889716863632745,-2.740516816278913e-08,-0.004928449465467099,trajectory,GOAL_DIRECT,3.6477794647216797,2.307491421699334,2.267399093839667e-06
221,8378.296,3.543870449066162,2.1149066924408544e-06,-0.9498335719108582,-2.0511271959269289e-07,0.13878539204597473,3.2306564889950096e-07,0.003139312844723463,0.13889716863632737,-2.479444277078935e-08,-0.004955048351209269,trajectory,GOAL_DIRECT,3.6477794647216797,2.314984440803334,2.2846862263942482e-06
222,8378.421,3.5659332275390625,2.166695821870235e-06,-0.9504045248031616,-2.112729405662949e-07,0.13878557085990906,3.2840102903719526e-07,-0.021214142441749573,0.13889715433121289,-3.0323305618146375e-08,-0.0029782242836762533,trajectory,GOAL_DIRECT,3.6471352577209473,2.337047219276224,2.3361483860359535e-06
223,8378.531,3.578005313873291,2.1953921987005742e-06,-0.9519392848014832,-2.1464362751408454e-07,0.13878528773784637,3.312461558380164e-07,-0.006465573329478502,0.1388971769809782,-2.6229987977142293e-08,-0.004063742955367072,trajectory,GOAL_DIRECT,3.6464931964874268,2.349119305610447,2.3646658548692633e-06
224,8378.625,3.5900774002075195,2.2243361854634713e-06,-0.9520478248596191,-2.1801431446185272e-07,0.13878504931926727,3.3412845823477255e-07,0.0016609368612989783,0.13889719605446468,-2.932258001774817e-08,-0.0047084367677224705,trajectory,GOAL_DIRECT,3.646320104598999,2.3611913919446703,2.393430933635131e-06
225,8378.703,3.5938239097595215,2.233370196336182e-06,-0.9519927501678467,-2.1906038972150059e-07,0.13878504931926727,3.350321549078217e-07,0.0023517871741205454,0.13889719605446438,-2.4348924643000317e-08,-0.004694294073317406,trajectory,GOAL_DIRECT,3.6502742767333984,2.3649379014966705,2.4024094213363494e-06
226,8378.828,3.6142215728759766,2.282985178680974e-06,-0.9515550136566162,-2.2475568835732472e-07,0.13878504931926727,3.399871673082089e-07,0.0032084800768643618,0.13889719605446466,-2.966111062062882e-08,-0.004784716331098434,trajectory,GOAL_DIRECT,3.6510510444641113,2.385335564613115,2.451722110858574e-06
227,8378.953,3.630040168762207,2.32196521210426e-06,-0.9511880874633789,-2.2903631063404522e-07,0.13878504931926727,3.438609894601541e-07,0.003222506260499358,0.1388971960544652,-2.7823146164150178e-08,-0.0048258262191592,trajectory,GOAL_DIRECT,3.6505589485168457,2.4011541604993383,2.4904677131133383e-06
228,8379.031,3.6396145820617676,2.3457732822862454e-06,-0.9509660005569458,-2.3147017538302906e-07,0.13878504931926727,3.462180302449269e-07,0.0032106786966323853,0.1388971960544652,-2.642219682927396e-08,-0.004852097684686812,trajectory,GOAL_DIRECT,3.649914503097534,2.4107285737988935,2.5141338907459553e-06
229,8379.062,3.645026206970215,2.359302243348793e-06,-0.9508410096168518,-2.3285905909973854e-07,0.13878504931926727,3.4755436217892566e-07,0.0032031636219471693,0.13889719605446527,-2.788587598529847e-08,-0.004857746025716695,trajectory,GOAL_DIRECT,3.6492581367492676,2.416140198707337,2.5275826516719034e-06
230,8379.156,3.6550168991088867,2.384415665801498e-06,-0.9506106972694397,-2.3542315211512033e-07,0.13878504931926727,3.500292109492875e-07,0.0031893765553832054,0.13889719605446552,-2.6835812946164223e-08,-0.004883400375830963,trajectory,GOAL_DIRECT,3.6492581367492676,2.4261308908460038,2.5525480123339633e-06
231,8379.265,3.666672706604004,2.4139403649314772e-06,-0.9503436088562012,-2.3841459396626476e-07,0.13878504931926727,3.529292484927282e-07,0.003174391807988286,0.13889719605446565,-3.003523518849887e-08,-0.004895556016701295,trajectory,GOAL_DIRECT,3.6486027240753174,2.437786698341114,2.5818999727081895e-06
232,8379.375,3.679577350616455,2.446913185849553e-06,-0.9500491619110107,-2.417265474441489e-07,0.13878504931926727,3.5615602200778085e-07,0.0031593425665050745,0.13889719605446582,-2.8099414880775668e-08,-0.004930917455791714,trajectory,GOAL_DIRECT,3.647951364517212,2.450691342353558,2.6146815471466818e-06
233,8379.453,3.6891517639160156,2.4715714062040206e-06,-0.9498311877250671,-2.4406414794776754e-07,0.13878504931926727,3.585609249512345e-07,0.0031490912660956383,0.13889719605446593,-3.078651671407139e-08,-0.00494099606105614,trajectory,GOAL_DIRECT,3.647951364517212,2.460265755653113,2.639197874951781e-06
234,8379.531,3.6953959465026855,2.4877424493752187e-06,-0.9497360587120056,-2.4560108036716764e-07,0.13878510892391205,3.601572018396837e-07,-0.003279989119619131,0.13889719128609423,-2.6768508825951407e-08,-0.004453928721809751,trajectory,GOAL_DIRECT,3.647303819656372,2.4665099382397795,2.6552763795038256e-06
235,8379.656,3.7107982635498047,2.5279427973146085e-06,-0.9517975449562073,-2.4946774039693873e-07,0.138785257935524,3.6413641169019684e-07,-0.026068001985549927,0.1388971793651655,-3.114980070169851e-08,-0.0025278133803252043,trajectory,GOAL_DIRECT,3.6466586589813232,2.4819122552868897,2.6952484655159705e-06
236,8379.796,3.7311959266662598,2.58184854828869e-06,-0.9543511271476746,-2.545885652669733e-07,0.13878482580184937,3.692474024319381e-07,-0.001698909210972488,0.13889721393585994,-3.137872702932323e-08,-0.004263310392823102,trajectory,GOAL_DIRECT,3.6474642753601074,2.5023099184033306,2.7488519236674847e-06
237,8379.875,3.7424354553222656,2.611873924251995e-06,-0.9542757272720337,-2.5741024427721113e-07,0.13878482580184937,3.721149823832093e-07,0.0024471061769872904,0.13889721393586008,-2.9268387242997727e-08,-0.0044866227152442996,trajectory,GOAL_DIRECT,3.6524465084075928,2.5135494470593294,2.778710730116314e-06
238,8379.968,3.750344753265381,2.633142912600306e-06,-0.9541140198707581,-2.5939587024747175e-07,0.13878482580184937,3.7414881148833956e-07,0.0030976366251707077,0.1388972139358602,-3.158887146186366e-08,-0.004546750521162755,trajectory,GOAL_DIRECT,3.6555824279785156,2.521458745002441,2.799862502880364e-06
239,8380.078,3.766995906829834,2.6782997792906826e-06,-0.953722357749939,-2.63576135448272e-07,0.13878482580184937,3.7845524047952495e-07,0.003328305669128895,0.1388972139358604,-3.140650609609933e-08,-0.004595199562693124,trajectory,GOAL_DIRECT,3.6554105281829834,2.5381098985668817,2.8447725999196653e-06
240,8380.203,3.7828145027160645,2.7216788112127688e-06,-0.9533432126045227,-2.6754738738934847e-07,0.13878482580184937,3.8257314827205846e-07,0.0033120906446129084,0.13889721393586063,-3.6150643671055664e-08,-0.004612859618002658,trajectory,GOAL_DIRECT,3.654782295227051,2.5539284944531015,2.8879172006732295e-06
241,8380.312,3.7957191467285156,2.757415813903208e-06,-0.953036367893219,-2.7078709292045465e-07,0.13878482580184937,3.8595123896811856e-07,0.0032854906748980284,0.1388972139358604,-3.1253597569775066e-08,-0.0046599233561495255,trajectory,GOAL_DIRECT,3.654104471206665,2.566833138465544,2.923462956884085e-06
242,8380.406,3.80654239654541,2.787631501632859e-06,-0.9527810215950012,-2.735042653015363e-07,0.13878482580184937,3.887974457938981e-07,0.0032635978423058987,0.13889721393586055,-3.4560840747505077e-08,-0.0046709392444530436,trajectory,GOAL_DIRECT,3.6534273624420166,2.5776563882824313,2.953518244340537e-06
243,8380.437,3.8119540214538574,2.8028227916365722e-06,-0.9526539444923401,-2.748628514921148e-07,0.13878482580184937,3.90224982993459e-07,0.003253260860219598,0.13889721393586085,-2.968597792735752e-08,-0.004701154393841599,trajectory,GOAL_DIRECT,3.652756690979004,2.583068013190873,2.968629334207651e-06
244,8380.546,3.8223609924316406,2.832193331414601e-06,-0.9524106979370117,-2.7747551724332865e-07,0.13878482580184937,3.929785634682048e-07,0.0032347182277590036,0.138897213935861,-3.29012414791167e-08,-0.004711833311011169,trajectory,GOAL_DIRECT,3.652756690979004,2.5934749841686493,2.9978456429537575e-06
245,8380.64,3.8360981941223145,2.871279775717994e-06,-0.9520915150642395,-2.8092423603513505e-07,0.13878482580184937,3.966299857438571e-07,0.0032124174758791924,0.13889721393586138,-3.27753157513817e-08,-0.004742270917271327,trajectory,GOAL_DIRECT,3.652756690979004,2.6072121858593125,3.0367285022950135e-06
246,8380.671,3.8410935401916504,2.8855824893980753e-06,-0.9519760012626648,-2.821783155958495e-07,0.13878482580184937,3.9796248074708274e-07,0.0032048800494521856,0.13889721393586144,-3.434338312899889e-08,-0.004747443613235902,trajectory,GOAL_DIRECT,3.6520917415618896,2.612207531928645,3.050957185079772e-06
247,8380.734,3.846921443939209,2.902329924836522e-06,-0.9518416523933411,-2.8364140841672183e-07,0.13878482580184937,3.9952024621925375e-07,0.0031964669469743967,0.13889721393586155,-3.090750786499384e-08,-0.0047725774304540015,trajectory,GOAL_DIRECT,3.6520917415618896,2.618035435676198,3.0676182511403422e-06
248,8380.781,3.851916790008545,2.9167370030336315e-06,-0.951726496219635,-2.8489548797750276e-07,0.13878482580184937,4.0085819819069e-07,0.0031895344145596027,0.13889721393586163,-3.2486813684513485e-08,-0.00477778063654612,trajectory,GOAL_DIRECT,3.651431083679199,2.6230307817455305,3.081951298442129e-06
249,8380.859,3.8564958572387695,2.9299860671017086e-06,-0.9516215324401855,-2.8604506090824555e-07,0.13878482580184937,4.020868686893664e-07,0.0031834205146878958,0.13889721393586169,-3.3940046068434604e-08,-0.004782539713528857,trajectory,GOAL_DIRECT,3.651431083679199,2.6276098489757516,3.0951325008561605e-06
250,8380.953,3.873563289642334,2.9797261049679946e-06,-0.9512313008308411,-2.903298327412417e-07,0.13878482580184937,4.066851033712737e-07,0.0031626473646610975,0.13889721393586177,-3.502110830653912e-08,-0.00481595570996828,trajectory,GOAL_DIRECT,3.650775671005249,2.644677281379302,3.144619599830094e-06
251,8380.984,3.87855863571167,2.994391707034083e-06,-0.9511175751686096,-2.9158391230218644e-07,0.13878482580184937,4.080364988112706e-07,0.0031570885330438614,0.13889721393586185,-3.663209261615929e-08,-0.004821197286550474,trajectory,GOAL_DIRECT,3.6501240730285645,2.649672627448634,3.15921117100086e-06
252,8381.078,3.8881330490112305,3.0226360649976414e-06,-0.9508998990058899,-2.939875647940829e-07,0.13878482580184937,4.106337030407303e-07,0.0031469569075852633,0.13889721393586218,-3.339557821887831e-08,-0.004853401520715591,trajectory,GOAL_DIRECT,3.6501240730285645,2.6592470407481876,3.18731363641505e-06
253,8381.171,3.8997888565063477,3.057263256778242e-06,-0.9506362080574036,-2.9691375043654397e-07,0.13878482580184937,4.13807981658465e-07,0.0031356613617390394,0.13889721393586235,-3.720098853813044e-08,-0.004865682424472209,trajectory,GOAL_DIRECT,3.6494758129119873,2.670902848243294,3.2217680894398976e-06
254,8381.187,3.902702808380127,3.065961891479674e-06,-0.950570285320282,-2.976452968471853e-07,0.13878482580184937,4.14603704257388e-07,0.003132984973490238,0.1388972139358622,-3.19839628056458e-08,-0.004889903374122615,trajectory,GOAL_DIRECT,3.648832321166992,2.6738168001170717,3.2304235394523914e-06
255,8381.281,3.91310977935791,3.097164608334424e-06,-0.9503357410430908,-3.002579625995613e-07,0.13878482580184937,4.1745255430214456e-07,0.0031239171512424946,0.13889721393586238,-3.5413122696857976e-08,-0.004900905162202354,trajectory,GOAL_DIRECT,3.648832321166992,2.6842237710948442,3.2614720252752193e-06
256,8381.39,3.926846981048584,3.138679858238902e-06,-0.9500269293785095,-3.0370668139290157e-07,0.13878482580184937,4.212297426420264e-07,0.0031130092684179544,0.1388972139358626,-3.9982043267528134e-08,-0.004915473114805455,trajectory,GOAL_DIRECT,3.6481916904449463,2.6979609727855074,3.30278369021756e-06
257,8381.484,3.939751625061035,3.1780207336851163e-06,-0.9497379660606384,-3.0694638692625096e-07,0.13878482580184937,4.2479533135519887e-07,0.0031037949956953526,0.138897213935863,-3.6333515478189175e-08,-0.004955940216102348,trajectory,GOAL_DIRECT,3.6475534439086914,2.710865616797946,3.3419333191841907e-06
258,8381.625,3.9551539421081543,3.2254160942102317e-06,-0.9506878852844238,-3.1081313224051685e-07,0.1387852430343628,4.2917355358440545e-07,-0.022512422874569893,0.1388971805572622,-4.1563290935801146e-08,-0.002859146825291858,trajectory,GOAL_DIRECT,3.6469171047210693,2.726267933845051,3.3891004177820613e-06
259,8381.703,3.9655609130859375,3.2577127058175392e-06,-0.9520668387413025,-3.134257979935645e-07,0.13878507912158966,4.3201944777138124e-07,-0.007849257439374924,0.1388971936702842,-3.664002145707279e-08,-0.003934226938202185,trajectory,GOAL_DIRECT,3.6462836265563965,2.7366749048228236,3.4212427983574466e-06
260,8381.765,3.9705562591552734,3.2732907584431814e-06,-0.9522317051887512,-3.1467987755507465e-07,0.13878507912158966,4.3339417743482045e-07,-0.0020298026502132416,0.13889719367028427,-3.835481954495896e-08,-0.004391539998962684,trajectory,GOAL_DIRECT,3.648709297180176,2.741670250892156,3.4367468200877662e-06
261,8381.843,3.9817957878112793,3.3085229915741365e-06,-0.952175498008728,-3.1750155656858485e-07,0.13878507912158966,4.3653119519149186e-07,0.0022697742097079754,0.13889719367028447,-3.7569972137207316e-08,-0.0046705206589679315,trajectory,GOAL_DIRECT,3.648709297180176,2.7529097795481494,3.4718124837042457e-06
262,8381.921,3.992619037628174,3.342692025398719e-06,-0.9519596695899963,-3.202187289521119e-07,0.13878507912158966,4.39577462429952e-07,0.0030560644809156656,0.13889719367028464,-4.1338662602764734e-08,-0.004744215301601132,trajectory,GOAL_DIRECT,3.6513822078704834,2.7637330293650333,3.505821117255629e-06
263,8381.968,3.998030662536621,3.3598655591049464e-06,-0.9518381357192993,-3.2157731514392953e-07,0.13878507912158966,4.4110612407166627e-07,0.003158388426527381,0.13889719367028472,-3.6479070362732424e-08,-0.004770424177311811,trajectory,GOAL_DIRECT,3.6511666774749756,2.7691446542734752,3.522914450825257e-06
264,8382.046,4.005523681640625,3.383742978257942e-06,-0.951665997505188,-3.234584344865057e-07,0.13878507912158966,4.4322800363261194e-07,0.003206468652933836,0.13889719367028483,-3.911272242651845e-08,-0.004782877506129893,trajectory,GOAL_DIRECT,3.6511666774749756,2.776637673377472,3.5466808236352682e-06
265,8382.156,4.013849258422852,3.410408226045547e-06,-0.9514729976654053,-3.2554856708944916e-07,0.13878507912158966,4.45592519326965e-07,0.0032139758113771677,0.138897193670285,-4.2056336738909275e-08,-0.004793128070794496,trajectory,GOAL_DIRECT,3.65055775642395,2.7849632501596897,3.5732226865973355e-06
266,8382.265,4.032998085021973,3.4722781947493786e-06,-0.9510305523872375,-3.303558720765428e-07,0.13878507912158966,4.510575877247902e-07,0.003193546086549759,0.1388971936702851,-4.231118850026235e-08,-0.0048349878380031745,trajectory,GOAL_DIRECT,3.64990234375,2.8041120767587913,3.6348088702024304e-06
267,8382.39,4.047151565551758,3.51849416801997e-06,-0.9507057666778564,-3.3390909750207593e-07,0.13878507912158966,4.551207837266702e-07,0.0031753182411193848,0.1388971936702856,-4.141975340815295e-08,-0.004869198592688965,trajectory,GOAL_DIRECT,3.64990234375,2.8182655572885604,3.6808150892696076e-06
268,8382.484,4.058391094207764,3.5554908208723646e-06,-0.9504491090774536,-3.367307765166455e-07,0.13878507912158966,4.5836179651814746e-07,0.0031620555091649294,0.13889719367028555,-4.103631879856891e-08,-0.004895233207506105,trajectory,GOAL_DIRECT,3.6492488384246826,2.829505085944554,3.7176451726075265e-06
269,8382.515,4.0633864402771,3.5720181585929822e-06,-0.9503353834152222,-3.379848560787263e-07,0.13878507912158966,4.5980635832165717e-07,0.0031565192621201277,0.13889719367028563,-4.286337801975139e-08,-0.004900476590854094,trajectory,GOAL_DIRECT,3.6485962867736816,2.8345004320138845,3.734098479432821e-06
270,8382.609,4.07296085357666,3.603841378208017e-06,-0.9501177668571472,-3.403885085728003e-07,0.13878507912158966,4.625821077297587e-07,0.0031464265193790197,0.13889719367028605,-4.121022798988967e-08,-0.00492681513960979,trajectory,GOAL_DIRECT,3.6485962867736816,2.8440748453134326,3.7657798064984876e-06
271,8382.718,4.087530612945557,3.652635541584459e-06,-0.9497881531715393,-3.4404624062921645e-07,0.13878507912158966,4.668238489102805e-07,0.003132508834823966,0.13889719367028633,-4.66085906645809e-08,-0.004942182409125782,trajectory,GOAL_DIRECT,3.647948980331421,2.858644604682313,3.814358046430239e-06
272,8382.828,4.100435256958008,3.696229441629839e-06,-0.9502861499786377,-3.4728594616511737e-07,0.13878551125526428,4.7069062247828697e-07,-0.019100315868854523,0.13889715909959247,-4.3663445734887186e-08,-0.0031626878529898744,trajectory,GOAL_DIRECT,3.6473047733306885,2.8715492486947483,3.857760699996035e-06
273,8382.937,4.112091064453125,3.7359120597102446e-06,-0.9518890380859375,-3.502121318106234e-07,0.13878561556339264,4.7407289116563334e-07,-0.00909146387130022,0.1388971507549424,-4.805413902692031e-08,-0.0038832516074292283,trajectory,GOAL_DIRECT,3.6466636657714844,2.8832050561898512,3.897270579320688e-06
274,8382.968,4.118335247039795,3.7572863220702857e-06,-0.952104389667511,-3.517797312636419e-07,0.13878561556339264,4.758816771754937e-07,-0.001620593131519854,0.13889715075494244,-4.2404793631253056e-08,-0.004377894691855625,trajectory,GOAL_DIRECT,3.6468751430511475,2.889449238776514,3.918552303061575e-06
275,8383.062,4.128325939178467,3.791655899476609e-06,-0.9520519375801086,-3.542878903885712e-07,0.13878561556339264,4.788179808201676e-07,0.002167483326047659,0.13889715075494263,-4.620921172809927e-08,-0.004683563412831143,trajectory,GOAL_DIRECT,3.6468751430511475,2.8994399309151735,3.952773818677254e-06
276,8383.187,4.143728256225586,3.8450593820016365e-06,-0.951737105846405,-3.581546357064112e-07,0.1387857347726822,4.833846674046072e-07,0.0031468442175537348,0.13889714121819952,-4.677182539902422e-08,-0.004770500245416652,trajectory,GOAL_DIRECT,3.6506965160369873,2.914842247962273,4.0059490392750364e-06
277,8383.281,4.156216621398926,3.88873195333872e-06,-0.9514492154121399,-3.6128983461298224e-07,0.138786181807518,4.871080250268278e-07,0.0032211437355726957,0.1388971054554129,-5.161427471485936e-08,-0.004790838728571425,trajectory,GOAL_DIRECT,3.6510813236236572,2.927330613135595,4.0494365333738134e-06
278,8383.296,4.159963130950928,3.901899617630988e-06,-0.9513623118400574,-3.6223039428499094e-07,0.13878631591796875,4.882281814388989e-07,0.003222461324185133,0.13889709472657738,-4.376951268885725e-08,-0.0048217574665694275,trajectory,GOAL_DIRECT,3.6505422592163086,2.9310771226875936,4.06254867449459e-06
279,8383.375,4.168704986572266,3.932741037715459e-06,-0.9511595368385315,-3.644320251141986e-07,0.13878659904003143,4.908473556497484e-07,0.0032157248351722956,0.13889707207681254,-4.718688436192195e-08,-0.004831357297524694,trajectory,GOAL_DIRECT,3.6505422592163086,2.939818978308919,4.093260540512246e-06
280,8383.421,4.172867774963379,3.947485311073251e-06,-0.9510629773139954,-3.6550988984772314e-07,0.13878659904003143,4.920973424304975e-07,0.0032105520367622375,0.13889707207681262,-4.881899173072526e-08,-0.004835771449878696,trajectory,GOAL_DIRECT,3.6498937606811523,2.943981766700027,4.107943121457269e-06
281,8383.484,4.182858467102051,3.983025180787081e-06,-0.9508324861526489,-3.6799900596695974e-07,0.13878659904003143,4.95104472975072e-07,0.0031969870906323195,0.13889707207681265,-4.713747254311814e-08,-0.004863172207324389,trajectory,GOAL_DIRECT,3.6498937606811523,2.9539724588386846,4.143334929380454e-06
282,8383.5,4.183691024780273,3.985996954725124e-06,-0.9508132934570312,-3.6818215543370817e-07,0.13878659904003143,4.953554935127613e-07,0.003195842495188117,0.13889707207681265,-4.746928639563405e-08,-0.004864040274469738,trajectory,GOAL_DIRECT,3.649238348007202,2.9548050165169073,4.146294364835943e-06
283,8383.593,4.194514274597168,4.0247623473987915e-06,-0.9505645632743835,-3.7043403582555885e-07,0.13878659904003143,4.986255817129859e-07,0.003181442618370056,0.13889707207681284,-5.1810614422961696e-08,-0.004875324793456677,trajectory,GOAL_DIRECT,3.649238348007202,2.965628266333786,4.184899357236412e-06
284,8383.703,4.203672409057617,4.057763817399973e-06,-0.9503547549247742,-3.7228448812530844e-07,0.13878659904003143,5.014018142901477e-07,0.003170115640386939,0.13889707207681293,-4.821162563430427e-08,-0.00490679658133508,trajectory,GOAL_DIRECT,3.648585557937622,2.9747864007942226,4.217765103929502e-06
285,8383.828,4.223653793334961,4.130404704483226e-06,-0.9498998522758484,-3.7639904236631647e-07,0.13878659904003143,5.074882665212499e-07,0.0031480032484978437,0.1388970720768133,-5.635272425100325e-08,-0.004927772722430241,trajectory,GOAL_DIRECT,3.647935390472412,2.994767785071536,4.2901098674314635e-06
286,8383.937,4.236142158508301,4.1762550608837046e-06,-0.9505431056022644,-3.789706387671495e-07,0.13878676295280457,5.114137024975207e-07,-0.02020767144858837,0.13889705896379176,-5.164325673396396e-08,-0.0030563464318559075,trajectory,GOAL_DIRECT,3.647289276123047,3.0072561502448583,4.335775146593636e-06
287,8384.062,4.251128196716309,4.231735147186555e-06,-0.9522050023078918,-3.8185896681631865e-07,0.13878639042377472,5.159506031304772e-07,-0.0033820217940956354,0.13889708876611442,-5.787330452192709e-08,-0.004319303568933955,trajectory,GOAL_DIRECT,3.6466450691223145,3.022242188452843,4.3910331402105185e-06
288,8384.156,4.2623677253723145,4.273666945664445e-06,-0.9522010087966919,-3.8390763216882276e-07,0.13878631591796875,5.193995207264379e-07,0.0020339544862508774,0.13889709472657916,-5.319229203268181e-08,-0.0046515521813522516,trajectory,GOAL_DIRECT,3.649062395095825,3.033481717108831,4.432798369173932e-06
289,8384.234,4.267779350280762,4.293956862966297e-06,-0.9521064758300781,-3.8502199059999495e-07,0.13878631591796875,5.210729909777001e-07,0.0027236072346568108,0.13889709472657927,-5.546571010176769e-08,-0.004711451049555414,trajectory,GOAL_DIRECT,3.6514127254486084,3.0388933420172695,4.453008086339185e-06
290,8384.343,4.280683994293213,4.3426043703220785e-06,-0.9518250823020935,-3.8767930685892647e-07,0.13878631591796875,5.250806225376436e-07,0.0031839977018535137,0.13889709472657935,-5.5179516631575955e-08,-0.0047666786895724685,trajectory,GOAL_DIRECT,3.6514127254486084,3.051797986029701,4.501464347215383e-06
291,8384.468,4.295670032501221,4.399565568746766e-06,-0.95147705078125,-3.907652225144292e-07,0.13878631591796875,5.297579264151864e-07,0.0032315815333276987,0.13889709472657963,-6.156507636769705e-08,-0.004787886972132579,trajectory,GOAL_DIRECT,3.6511332988739014,3.066784024237684,4.558203452954102e-06
292,8384.593,4.3156514167785645,4.476303729461506e-06,-0.9510130286216736,-3.9487977672171483e-07,0.13878631591796875,5.360298587220313e-07,0.003207867033779621,0.13889709472658013,-6.037878834583794e-08,-0.004836831712111515,trajectory,GOAL_DIRECT,3.6505136489868164,3.086765408514994,4.634645490087552e-06
293,8384.687,4.324393272399902,4.510161033977056e-06,-0.950811505317688,-3.966798941873838e-07,0.13878631591796875,5.387864803196862e-07,0.0031954566948115826,0.13889709472658027,-5.70795077901744e-08,-0.004866292281769004,trajectory,GOAL_DIRECT,3.6498546600341797,3.0955072641363177,4.6683732405362874e-06
294,8384.718,4.330221176147461,4.532829279924044e-06,-0.9506772756576538,-3.9787997249782357e-07,0.13878631591796875,5.406285481512896e-07,0.0031874943524599075,0.13889709472658038,-5.961994404557112e-08,-0.00487236677738258,trajectory,GOAL_DIRECT,3.6491968631744385,3.1013351678838657,4.690955117105399e-06
295,8384.812,4.340211868286133,4.571869339997647e-06,-0.9504483938217163,-3.999372496014229e-07,0.13878631591796875,5.437943286779046e-07,0.003174679819494486,0.1388970947265808,-5.877906059086764e-08,-0.004897530079755559,trajectory,GOAL_DIRECT,3.6491968631744385,3.1113258600225198,4.729847115388357e-06
296,8384.906,4.352700233459473,4.620990694093052e-06,-0.9501634240150452,-4.025088459809016e-07,0.13878631591796875,5.477656941366149e-07,0.003160055261105299,0.13889709472658104,-6.428553473834361e-08,-0.004910608605417981,trajectory,GOAL_DIRECT,3.6485438346862793,3.1238142251958365,4.7787833922454555e-06
297,8384.921,4.354781627655029,4.6292125261970796e-06,-0.9501160383224487,-4.0293744537747915e-07,0.13878631591796875,5.484291705215583e-07,0.003157753497362137,0.13889709472658074,-5.7085558618949617e-08,-0.004935359209887872,trajectory,GOAL_DIRECT,3.647893190383911,3.1258956193913896,4.786974378143098e-06
298,8385.031,4.3676862716674805,4.6804088924545795e-06,-0.9498229026794434,-4.0559476163624565e-07,0.13878631591796875,5.525521373783704e-07,0.003144238842651248,0.13889709472658102,-6.282276359155682e-08,-0.004948934819661269,trajectory,GOAL_DIRECT,3.647893190383911,3.1388002634038177,4.837979497921014e-06
299,8385.14,4.381007194519043,4.733663899969542e-06,-0.9503106474876404,-4.083939304421284e-07,0.1387864649295807,5.569266363636416e-07,-0.019090047106146812,0.13889708280565266,-6.333092076619394e-08,-0.003160758476500027,trajectory,GOAL_DIRECT,3.647247076034546,3.1521211862553553,4.891037089715117e-06
300,8385.25,4.395160675048828,4.790701041201828e-06,-0.9516111016273499,-4.110684136448511e-07,0.13878606259822845,5.614102178697067e-07,-0.002270638709887862,0.13889711499216112,-6.974092196164989e-08,-0.00444128844121527,trajectory,GOAL_DIRECT,3.646604299545288,3.166274666785114,4.947864476743989e-06
301,8385.343,4.406400203704834,4.83632220493746e-06,-0.9515647888183594,-4.1305358491809e-07,0.13878603279590607,5.650255161526729e-07,0.002215822460129857,0.13889711737634686,-6.478554734373082e-08,-0.004723993380596708,trajectory,GOAL_DIRECT,3.647542953491211,3.1775141954410984,4.993319070965144e-06
302,8385.437,4.410562992095947,4.853293376072543e-06,-0.9514903426170349,-4.137931178418983e-07,0.13878603279590607,5.66373159927025e-07,0.00269293412566185,0.13889711737634694,-6.669781813293206e-08,-0.00476588462390549,trajectory,GOAL_DIRECT,3.6501429080963135,3.1816769838322028,5.010228549687458e-06
303,8385.562,4.426381587982178,4.918153990729479e-06,-0.9511450529098511,-4.166033429525281e-07,0.13878603279590607,5.715161250918754e-07,0.00317945284768939,0.13889711737634713,-6.834120054369991e-08,-0.004827373660485157,trajectory,GOAL_DIRECT,3.6499483585357666,3.1974955797184013,5.074854733175873e-06
304,8385.687,4.441783905029297,4.98187273478834e-06,-0.9507902264595032,-4.193396147710134e-07,0.13878603279590607,5.765501214227697e-07,0.0032039773650467396,0.13889711737634783,-6.965678780824133e-08,-0.00486224011748265,trajectory,GOAL_DIRECT,3.649343729019165,3.2128978967654884,5.138345215307489e-06
305,8385.796,4.462181568145752,5.067119673185516e-06,-0.9503208994865417,-4.22963326098562e-07,0.13878603279590607,5.832537794958625e-07,0.003180762520059943,0.1388971173763477,-7.350857009764638e-08,-0.004899431251501652,trajectory,GOAL_DIRECT,3.6486923694610596,3.233295559881901,5.223289860882098e-06
306,8385.875,4.469674587249756,5.098682777315844e-06,-0.9501492381095886,-4.242944853618476e-07,0.13878603279590607,5.857268661202397e-07,0.0031715657096356153,0.13889711737634786,-6.938205844343668e-08,-0.0049278887645232755,trajectory,GOAL_DIRECT,3.6480398178100586,3.240788578985889,5.254741918669441e-06
307,8386.031,4.490072250366211,5.1852830438292585e-06,-0.9496845602989197,-4.279181966899654e-07,0.13878603279590607,5.924879360463819e-07,0.0031488824170082808,0.13889711737634827,-7.913640157316417e-08,-0.004949307991646537,trajectory,GOAL_DIRECT,3.6473898887634277,3.2611862421022995,5.3410398923602885e-06
308,8386.14,4.494235038757324,5.203079126658849e-06,-0.9495903849601746,-4.286577296141223e-07,0.13878603279590607,5.938729259469255e-07,0.003144666785374284,0.1388971173763487,-7.051621725543626e-08,-0.004981623929928764,trajectory,GOAL_DIRECT,3.6467444896698,3.265349030493404,5.358774282777111e-06
309,8386.25,4.510886192321777,5.274688646750292e-06,-0.9514092803001404,-4.31615861310923e-07,0.13878631591796875,5.995655101287412e-07,-0.0255405455827713,0.13889709472658404,-7.858953800084054e-08,-0.002595862173478826,trajectory,GOAL_DIRECT,3.646101236343384,3.282000184057818,5.430137033217477e-06
310,8386.328,4.52420711517334,5.3324624786910135e-06,-0.9538348317146301,-4.339823666685633e-07,0.1387861669063568,6.039826985215768e-07,-0.015266692265868187,0.13889710664751287,-7.7070114740451e-08,-0.003220752910126557,trajectory,GOAL_DIRECT,3.648841142654419,3.29532110690935,5.487713449437339e-06
311,8386.406,4.5337815284729,5.374246484279865e-06,-0.954288899898529,-4.3568329239447693e-07,0.1387859731912613,6.071364282433933e-07,-0.0011060513788834214,0.13889712214472072,-8.17690065304975e-08,-0.004330900771890392,trajectory,GOAL_DIRECT,3.648841142654419,3.3048955202088877,5.529355562476822e-06
312,8386.5,4.545437335968018,5.425411472970154e-06,-0.9541822671890259,-4.3775398458266953e-07,0.1387859731912613,6.110523145252955e-07,0.002611081814393401,0.1388971221447206,-7.861461533758056e-08,-0.004507146439592703,trajectory,GOAL_DIRECT,3.6541664600372314,3.3165513277039764,5.580347812411358e-06
313,8386.531,4.5504326820373535,5.447439889394445e-06,-0.9540799260139465,-4.386414240919365e-07,0.1387859731912613,6.127404503786238e-07,0.003021139884367585,0.13889712214472072,-8.109376798360127e-08,-0.0045450681439446056,trajectory,GOAL_DIRECT,3.6555075645446777,3.3215466737733017,5.602302197940327e-06
314,8386.609,4.55875825881958,5.48429034097353e-06,-0.9538893103599548,-4.4012048994077035e-07,0.1387859731912613,6.155616461001046e-07,0.0032718696165829897,0.13889712214472144,-7.870166861077812e-08,-0.004583834257553424,trajectory,GOAL_DIRECT,3.6555075645446777,3.329872250555507,5.639029264693874e-06
315,8386.718,4.572495460510254,5.545462954614777e-06,-0.9535606503486633,-4.425609485914978e-07,0.1387859731912613,6.202335498528555e-07,0.0033327166456729174,0.13889712214472175,-8.558571924806916e-08,-0.004605135020445193,trajectory,GOAL_DIRECT,3.6550610065460205,3.343609452246147,5.6999982933729834e-06
316,8386.828,4.584983825683594,5.601477369054919e-06,-0.9532613158226013,-4.447795473650502e-07,0.1387859731912613,6.244976020752802e-07,0.0033142282627522945,0.13889712214472172,-8.314572459039744e-08,-0.004641426329484912,trajectory,GOAL_DIRECT,3.6544010639190674,3.356097817419455,5.755827630574819e-06
317,8386.937,4.599969863891602,5.6692015277803876e-06,-0.9529050588607788,-4.4744186589351915e-07,0.1387859731912613,6.296352239587577e-07,0.003282990073785186,0.13889712214472205,-9.076634064862166e-08,-0.0046567401224586686,trajectory,GOAL_DIRECT,3.6544010639190674,3.3710838556274236,5.82332969661432e-06
318,8387.046,4.61204195022583,5.724161383113824e-06,-0.9526205658912659,-4.4958651137494923e-07,0.1387859731912613,6.33790364190645e-07,0.003258781274780631,0.1388971221447222,-8.593722047103178e-08,-0.004697817941143793,trajectory,GOAL_DIRECT,3.6537210941314697,3.38315594196162,5.878110643950726e-06
319,8387.156,4.624946594238281,5.78331219003303e-06,-0.9523186087608337,-4.5187906344146683e-07,0.1387859731912613,6.382483093148039e-07,0.003235467942431569,0.1388971221447225,-9.259103692549052e-08,-0.004711050731077475,trajectory,GOAL_DIRECT,3.653045654296875,3.3960605859740376,5.9370702043903486e-06
320,8387.187,4.6303582191467285,5.808241894555977e-06,-0.952192485332489,-4.5284045624360444e-07,0.1387859731912613,6.401227778951579e-07,0.003226365428417921,0.13889712214472294,-8.52659829858455e-08,-0.004742382276386263,trajectory,GOAL_DIRECT,3.6523749828338623,3.401472210882469,5.961919708776696e-06
321,8387.296,4.641181468963623,5.858318672835594e-06,-0.9519414305686951,-4.547632418479675e-07,0.1387859731912613,6.438805826292082e-07,0.003209263551980257,0.1388971221447232,-9.08965972426547e-08,-0.004753566864460947,trajectory,GOAL_DIRECT,3.6523749828338623,3.412295460699333,6.011836086783115e-06
322,8387.39,4.653253555297852,5.91451998843695e-06,-0.951663076877594,-4.569078873298954e-07,0.1387859731912613,6.480858587565308e-07,0.0031918352469801903,0.13889712214472302,-9.0571118426769e-08,-0.004782653819800417,trajectory,GOAL_DIRECT,3.6517117023468018,3.424367547033528,6.067858494387441e-06
323,8387.421,4.65908145904541,5.941784365859348e-06,-0.9515292644500732,-4.579432334246714e-07,0.1387859731912613,6.501212510556797e-07,0.003183984663337469,0.13889712214472316,-9.363648305205971e-08,-0.004788716394485038,trajectory,GOAL_DIRECT,3.6510536670684814,3.4301954507810706,6.095036502431963e-06
324,8387.5,4.666990756988525,5.978919944027439e-06,-0.951348066329956,-4.593483459819217e-07,0.1387859731912613,6.528890139634314e-07,0.003173956647515297,0.1388971221447235,-9.042916304066312e-08,-0.004815074066462848,trajectory,GOAL_DIRECT,3.6510536670684814,3.4381047487241627,6.132054865015792e-06
325,8387.593,4.678230285644531,6.031964858266292e-06,-0.9510915875434875,-4.613450848791747e-07,0.1387859731912613,6.568330377376697e-07,0.0031607868149876595,0.13889712214472377,-9.639178143531265e-08,-0.004826844419184063,trajectory,GOAL_DIRECT,3.6503982543945312,3.4493442773801366,6.184933209740169e-06
326,8387.625,4.683225631713867,6.05564355282695e-06,-0.9509778618812561,-4.6223252438910547e-07,0.1387859731912613,6.585900109712384e-07,0.0031552917789667845,0.13889712214472352,-9.109119378678914e-08,-0.004851311396326075,trajectory,GOAL_DIRECT,3.6497483253479004,3.4543396234494583,6.208537873405505e-06
327,8387.718,4.692800045013428,6.101203780417563e-06,-0.9507604241371155,-4.639334501165426e-07,0.1387859731912613,6.61964634218748e-07,0.0031452993862330914,0.13889712214472374,-9.621101773425494e-08,-0.0048613838921144105,trajectory,GOAL_DIRECT,3.6497483253479004,3.4639140367489887,6.25395620844675e-06
328,8387.812,4.70612096786499,6.164979367895285e-06,-0.9504590630531311,-4.6629995547660763e-07,0.1387859731912613,6.666750778094865e-07,0.0031326233875006437,0.13889712214472405,-1.033796389678588e-07,-0.004875437866415033,trajectory,GOAL_DIRECT,3.649102210998535,3.477234959600512,6.3175343802036105e-06
329,8387.843,4.709451198577881,6.180995114846155e-06,-0.950383722782135,-4.6689158181665166e-07,0.1387859731912613,6.678555450889689e-07,0.0031296436209231615,0.1388971221447242,-9.345959075010501e-08,-0.004906743400562998,trajectory,GOAL_DIRECT,3.64845871925354,3.480565190313392,6.333500773224266e-06
330,8387.921,4.719441890716553,6.229207428987138e-06,-0.9501590728759766,-4.686664608368503e-07,0.1387859731912613,6.714034839205851e-07,0.003121187910437584,0.13889712214472444,-9.887569694193797e-08,-0.0049172994390320746,trajectory,GOAL_DIRECT,3.64845871925354,3.4905558824520337,6.381565025574603e-06
331,8388.046,4.7344279289245605,6.302008387137903e-06,-0.949822187423706,-4.713287793673355e-07,0.1387859731912613,6.767443210264901e-07,0.003109632059931755,0.13889712214472477,-1.070562688334816e-07,-0.004933219243605133,trajectory,GOAL_DIRECT,3.6478185653686523,3.5055419206599936,6.4541438910394e-06
332,8388.14,4.7469162940979,6.36311960988678e-06,-0.9504685997962952,-4.7354737814291147e-07,0.13878633081912994,6.813303343733423e-07,-0.020242497324943542,0.13889709353449514,-1.0188698914233872e-07,-0.0030606962535544187,trajectory,GOAL_DIRECT,3.647181272506714,3.5180302858332926,6.5150700365499715e-06
333,8388.171,4.748997688293457,6.3733446040714625e-06,-0.9507901072502136,-4.7391714460552264e-07,0.1387864053249359,6.82088000303338e-07,-0.022506801411509514,0.13889708757403074,-1.0303633611341718e-07,-0.0028634765539332185,trajectory,GOAL_DIRECT,3.64654541015625,3.520111680028844,6.525264184528269e-06
334,8388.25,4.760237216949463,6.4287542045349255e-06,-0.9518746733665466,-4.7591388350369797e-07,0.13878628611564636,6.860292387500522e-07,-0.003651870647445321,0.13889709711077422,-1.0299549970303863e-07,-0.004275137139099478,trajectory,GOAL_DIRECT,3.64654541015625,3.5313512086848124,6.580507215477256e-06
335,8388.359,4.771476745605469,6.484484856628114e-06,-0.9518831372261047,-4.779106224019996e-07,0.13878628611564636,6.900505127305223e-07,0.0019486327655613422,0.1388970971107745,-1.0925215579300352e-07,-0.004722754219162105,trajectory,GOAL_DIRECT,3.6484992504119873,3.542590737340781,6.636071298055969e-06
336,8388.453,4.783132553100586,6.5426297624071594e-06,-0.9516624212265015,-4.799813145929645e-07,0.13878628611564636,6.942582899682748e-07,0.0030084080062806606,0.13889709711077416,-1.0604932249007793e-07,-0.004770572337354783,trajectory,GOAL_DIRECT,3.6507668495178223,3.554246544835859,6.694043465079261e-06
337,8388.484,4.788127899169922,6.567658147105249e-06,-0.9515517354011536,-4.808687541034196e-07,0.13878628611564636,6.960675023037766e-07,0.0031223136465996504,0.1388970971107743,-1.0885925211686325e-07,-0.0047852190798476964,trajectory,GOAL_DIRECT,3.6507668495178223,3.5592418909051773,6.718997818882028e-06
338,8388.562,4.795620918273926,6.605323505937122e-06,-0.9513810873031616,-4.821999133691492e-07,0.13878628611564636,6.987866072449833e-07,0.0031849700026214123,0.13889709711077464,-1.0581916297890886e-07,-0.004813317288997961,trajectory,GOAL_DIRECT,3.6507668495178223,3.5667349100091563,6.756552131370917e-06
339,8388.671,4.805611610412598,6.655773177044466e-06,-0.9511509537696838,-4.839747923902092e-07,0.13878628611564636,7.024213459772e-07,0.0031980450730770826,0.1388970971107749,-1.1148198183113096e-07,-0.004825869971308305,trajectory,GOAL_DIRECT,3.650485038757324,3.5767256021477927,6.806853740687616e-06
340,8388.796,4.823927879333496,6.74894454277819e-06,-0.9507297277450562,-4.872287372624122e-07,0.13878628611564636,7.091111910995096e-07,0.003180468687787652,0.1388970971107751,-1.1425050699597458e-07,-0.004863125226599633,trajectory,GOAL_DIRECT,3.6498701572418213,3.5950418710686254,6.8997536598051575e-06
341,8388.906,4.836416244506836,6.812975243519759e-06,-0.9504440426826477,-4.894473360391066e-07,0.13878628611564636,7.136919180084078e-07,0.003165663918480277,0.1388970971107752,-1.1331916802312474e-07,-0.0048947229652975405,trajectory,GOAL_DIRECT,3.649221181869507,3.607530236241921,6.963599283308419e-06
342,8389.015,4.85015344619751,6.883881724206731e-06,-0.9501312971115112,-4.918877946936508e-07,0.13878628611564636,7.187488790805219e-07,0.003150595584884286,0.13889709711077555,-1.2127618720595783e-07,-0.004909154777166685,trajectory,GOAL_DIRECT,3.6485683917999268,3.621267437932543,7.034302179033254e-06
343,8389.156,4.866388320922852,6.968327852518996e-06,-0.9497637748718262,-4.947719731038101e-07,0.13878628611564636,7.247498388096574e-07,0.0031346906907856464,0.13889709711077558,-1.190171950678024e-07,-0.004952538189982768,trajectory,GOAL_DIRECT,3.6479198932647705,3.6375023126578228,7.118507706935721e-06
344,8389.265,4.880541801452637,7.042525794531684e-06,-0.9501675963401794,-4.971856011898272e-07,0.1387866735458374,7.301167102014006e-07,-0.01848408952355385,0.1388970661163604,-1.2002994555167225e-07,-0.003218984199725638,trajectory,GOAL_DIRECT,3.64727520942688,3.651655793187553,7.192495894744995e-06
345,8389.359,4.893030166625977,7.1084446062741335e-06,-0.9516103267669678,-4.988269547986688e-07,0.1387864202260971,7.347003361246607e-07,-0.005474414676427841,0.13889708638193993,-1.2746787157409198e-07,-0.004187621666156303,trajectory,GOAL_DIRECT,3.6466329097747803,3.6641441583608447,7.258229629249137e-06
346,8389.468,4.905102252960205,7.1725617090123706e-06,-0.9516798257827759,-5.006809598368581e-07,0.13878639042377472,7.391739700324251e-07,0.0018058441346511245,0.13889708876612566,-1.2264719308019227e-07,-0.004685477293827638,trajectory,GOAL_DIRECT,3.6463799476623535,3.6762162446950253,7.322167823990345e-06
347,8389.562,4.911346435546875,7.205876499938313e-06,-0.9515758752822876,-5.016495717414078e-07,0.13878639042377472,7.415089271489705e-07,0.002680989680811763,0.1388970887661258,-1.2639377043235243e-07,-0.004760686462544903,trajectory,GOAL_DIRECT,3.6498773097991943,3.6824604272816686,7.355390076297134e-06
348,8389.671,4.932160377502441,7.317692507058382e-06,-0.9511159658432007,-5.048782780896718e-07,0.13878639042377472,7.493330258512287e-07,0.0032011475414037704,0.1388970887661262,-1.3061332868644543e-07,-0.004826807477906779,trajectory,GOAL_DIRECT,3.650290012359619,3.7032743692371497,7.466897621353359e-06
349,8389.796,4.945065021514893,7.387608093267772e-06,-0.9508184790611267,-5.06880076025414e-07,0.13878639042377472,7.542076900790562e-07,0.0032037156634032726,0.13889708876612597,-1.2889998129418016e-07,-0.004862083890898665,trajectory,GOAL_DIRECT,3.6497578620910645,3.716179013249546,7.536621961083165e-06
350,8389.906,4.9600510597229,7.469370757462457e-06,-0.9504733085632324,-5.092047445957789e-07,0.13878639042377472,7.598898150718014e-07,0.003186087589710951,0.13889708876612636,-1.380902575226714e-07,-0.004877932169897993,trajectory,GOAL_DIRECT,3.649113416671753,3.7311650514574897,7.618162532591881e-06
351,8390.0,4.972123146057129,7.535682925663423e-06,-0.9501967430114746,-5.110773942773257e-07,0.13878639042377472,7.644835591236188e-07,0.0031710928305983543,0.1388970887661265,-1.3258412800627183e-07,-0.004918782743551858,trajectory,GOAL_DIRECT,3.6484603881835938,3.743237137791665,7.684295792795818e-06
352,8390.093,4.979616165161133,7.5770431067212485e-06,-0.9500259160995483,-5.122397285623625e-07,0.13878639042377472,7.673422715015477e-07,0.003162394743412733,0.1388970887661267,-1.3723074035535386e-07,-0.004926628242173321,trajectory,GOAL_DIRECT,3.6478090286254883,3.750730156895635,7.72554492751066e-06
353,8390.187,4.994602203369141,7.660227311134804e-06,-0.9496850967407227,-5.145643971322955e-07,0.13878639042377472,7.730765787528071e-07,0.003146340837702155,0.13889708876612708,-1.373971788865631e-07,-0.004962031846945776,trajectory,GOAL_DIRECT,3.6478090286254883,3.7657161951035754,7.808507039238248e-06
354,8390.218,4.999181270599365,7.685767741349991e-06,-0.9495975375175476,-5.152840916713341e-07,0.1387864351272583,7.748529355922074e-07,-0.0005040706600993872,0.13889708518984853,-1.402663841355404e-07,-0.004674376888280405,trajectory,GOAL_DIRECT,3.6471617221832275,3.7702952623337787,7.833979607799388e-06
355,8390.281,5.006674289703369,7.727690899628215e-06,-0.9502009749412537,-5.165848962367638e-07,0.13878656923770905,7.778329518259852e-07,-0.01908702589571476,0.13889707446101213,-1.3571899369818925e-07,-0.0031763805652766574,trajectory,GOAL_DIRECT,3.6471617221832275,3.777788281437749,7.875791719734628e-06
356,8390.328,5.010420799255371,7.748712960164994e-06,-0.9507699608802795,-5.172037506227146e-07,0.13878653943538666,7.792842779963394e-07,-0.020857928320765495,0.13889707684519803,-1.3807652485593454e-07,-0.003006259074321305,trajectory,GOAL_DIRECT,3.646517753601074,3.781534790989733,7.896758257099916e-06
357,8390.406,5.017913818359375,7.790868949086871e-06,-0.9514241814613342,-5.184601610795505e-07,0.13878627121448517,7.820868859198526e-07,-0.005259016063064337,0.13889709830287034,-1.4279452537542083e-07,-0.0042214610258846635,trajectory,GOAL_DIRECT,3.646517753601074,3.7890278100937014,7.93880319967881e-06
358,8390.515,5.032899856567383,7.875645678723231e-06,-0.9514404535293579,-5.211372588345032e-07,0.13878613710403442,7.878374503889063e-07,0.0023389041889458895,0.1388971090317063,-1.4331028780980994e-07,-0.004748265160965556,trajectory,GOAL_DIRECT,3.6466236114501953,3.804013848301638,8.0233578366292e-06
359,8390.64,5.048718452453613,7.965811164467596e-06,-0.9511101841926575,-5.239522587571272e-07,0.13878613710403442,7.939714237181761e-07,0.0031523876823484898,0.13889710903170674,-1.5340034636967617e-07,-0.004829857307272786,trajectory,GOAL_DIRECT,3.6497695446014404,3.819832444187792,8.113288891205044e-06
360,8390.75,5.062455654144287,8.044679816521239e-06,-0.9507943987846375,-5.263927173736087e-07,0.13878613710403442,7.993223789526382e-07,0.003207481000572443,0.1388971090317068,-1.4728837613263856e-07,-0.0048638430291228114,trajectory,GOAL_DIRECT,3.6498286724090576,3.8335696458783985,8.19195395829655e-06
361,8390.843,5.074527740478516,8.114427146210801e-06,-0.9505161046981812,-5.285373628243977e-07,0.13878613710403442,8.040407806220173e-07,0.003198970342054963,0.13889710903170716,-1.550909294648703e-07,-0.004877076880764228,trajectory,GOAL_DIRECT,3.6492533683776855,3.8456417322125667,8.261522379989082e-06
362,8390.937,5.078274250030518,8.13615679362556e-06,-0.9504297375679016,-5.292029424470452e-07,0.13878613710403442,8.055080797930714e-07,0.0031944713555276394,0.13889710903170666,-1.4487056713813423e-07,-0.004907123933271268,trajectory,GOAL_DIRECT,3.6486048698425293,3.849388241764549,8.283196504232349e-06
363,8391.062,5.098671913146973,8.255156899394933e-06,-0.9499618411064148,-5.328266537258114e-07,0.13878613710403442,8.135216944538115e-07,0.003168004099279642,0.13889710903170724,-1.581777289163897e-07,-0.004928401375845768,trajectory,GOAL_DIRECT,3.6479525566101074,3.8697859048808994,8.401894317179155e-06
364,8391.156,5.111576557159424,8.33105696074199e-06,-0.9503912329673767,-5.35112498022876e-07,0.13878628611564636,8.187337812159967e-07,-0.018454687669873238,0.13889709711077805,-1.547209028917575e-07,-0.00320145656668902,trajectory,GOAL_DIRECT,3.6473026275634766,3.8826905488932812,8.477603132046627e-06
365,8391.171,5.114490509033203,8.348263691004831e-06,-0.9508195519447327,-5.356278975937911e-07,0.13878628611564636,8.199058925129066e-07,-0.022059936076402664,0.13889709711077813,-1.566462717924706e-07,-0.002891620745298868,trajectory,GOAL_DIRECT,3.6466543674468994,3.8856045007670463,8.494766677620531e-06
366,8391.265,5.124064922332764,8.404965228692163e-06,-0.9516981244087219,-5.372541310262591e-07,0.1387859582901001,8.235975315074029e-07,-0.004254486411809921,0.13889712333682153,-1.5509157314899022e-07,-0.004234462281217472,trajectory,GOAL_DIRECT,3.6466543674468994,3.8951789140665554,8.551326322758494e-06
367,8391.39,5.136137008666992,8.476827133563347e-06,-0.9517174959182739,-5.389156074009258e-07,0.13878585398197174,8.283558372568223e-07,0.0020200915168970823,0.1388971316814721,-1.6316289746888945e-07,-0.0047354599400364315,trajectory,GOAL_DIRECT,3.6492998600006104,3.907251000400718,8.62300931963265e-06
368,8391.515,5.149457931518555,8.556606189813465e-06,-0.9514560699462891,-5.406818462405285e-07,0.13878585398197174,8.336562586919172e-07,0.0030856651719659567,0.1388971316814722,-1.613337590377044e-07,-0.0047943445050054444,trajectory,GOAL_DIRECT,3.6504576206207275,3.920571923252206,8.702590960161907e-06
369,8391.609,5.166109085083008,8.657045327709056e-06,-0.9510741829872131,-5.428896447901098e-07,0.13878585398197174,8.403135325352196e-07,0.003217471530660987,0.1388971316814724,-1.6597015616835943e-07,-0.004835463713317156,trajectory,GOAL_DIRECT,3.650012969970703,3.937223076816565,8.802783328406422e-06
370,8391.718,5.173602104187012,8.702504601387773e-06,-0.9509003758430481,-5.438831541374498e-07,0.13878585398197174,8.433188440903905e-07,0.0032152526546269655,0.13889713168147264,-1.710773753234675e-07,-0.004843976560442686,trajectory,GOAL_DIRECT,3.6493778228759766,3.9447160959205263,8.848131555742154e-06
371,8391.843,5.191502094268799,8.81175947142765e-06,-0.9504868388175964,-5.462565375783882e-07,0.13878585398197174,8.505211326337303e-07,0.0031932047568261623,0.13889713168147252,-1.7120813835040263e-07,-0.0048872925252964605,trajectory,GOAL_DIRECT,3.6487209796905518,3.9626160860022086,8.957121148407125e-06
372,8391.968,5.211483478546143,8.934817742556334e-06,-0.9500287175178528,-5.489058958381588e-07,0.13878585398197174,8.585991508880397e-07,0.0031678664963692427,0.1388971316814721,-1.7595093742771807e-07,-0.004926331739167381,trajectory,GOAL_DIRECT,3.6487209796905518,3.9825974702794316,9.079883295954519e-06
373,8392.078,5.221890449523926,8.999371857498772e-06,-0.9497917890548706,-5.502857699318386e-07,0.13878585398197174,8.628222758488846e-07,0.003156130202114582,0.13889713168147216,-1.7299558428926445e-07,-0.004957357357927135,trajectory,GOAL_DIRECT,3.647416353225708,3.9930044412571526,9.144283179865036e-06
374,8392.109,5.227302074432373,9.033065907715354e-06,-0.949684739112854,-5.510033044605656e-07,0.13878589868545532,8.650436029711273e-07,-0.0004955348558723927,0.1388971281051936,-1.7677783974656374e-07,-0.004670576650389007,trajectory,GOAL_DIRECT,3.647416353225708,3.998416066165566,9.177897029945018e-06
375,8392.187,5.237292766571045,9.095501809497364e-06,-0.9506598114967346,-5.52327983590547e-07,0.13878609240055084,8.692376241015154e-07,-0.022068191319704056,0.1388971126079857,-1.756626794876778e-07,-0.0029111161021968257,trajectory,GOAL_DIRECT,3.647416353225708,4.008406758304176,9.240184869936382e-06
376,8392.312,5.249781131744385,9.173961188935209e-06,-0.9520440697669983,-5.539838325030676e-07,0.13878574967384338,8.742363206692971e-07,-0.004254541359841824,0.13889714002612263,-1.844547873281548e-07,-0.004266995185472621,trajectory,GOAL_DIRECT,3.6467692852020264,4.020895123477436,9.318459172135921e-06
377,8392.406,5.261853218078613,9.250235052604694e-06,-0.9520625472068787,-5.555844864518838e-07,0.13878567516803741,8.791462846602371e-07,0.0020389091223478317,0.13889714598658637,-1.813668392025437e-07,-0.004665938879676016,trajectory,GOAL_DIRECT,3.6465115547180176,4.032967209811588,9.394554127808375e-06
378,8392.437,5.266848564147949,9.281920938519761e-06,-0.9519758224487305,-5.562468260169246e-07,0.13878567516803741,8.811936140773469e-07,0.0026929574087262154,0.1388971459865865,-1.8491899817204614e-07,-0.004722598980493696,trajectory,GOAL_DIRECT,3.6503632068634033,4.03796255588089,9.42616598282812e-06
379,8392.531,5.276006698608398,9.340205906482879e-06,-0.9517804980278015,-5.574611152195194e-07,0.13878567516803741,8.849579558045662e-07,0.003124615177512169,0.13889714598658634,-1.8255189658792165e-07,-0.00476989485967167,trajectory,GOAL_DIRECT,3.6503632068634033,4.047120690341281,9.484315227483147e-06
380,8392.656,5.289743900299072,9.428099474462215e-06,-0.9514635801315308,-5.592825490234608e-07,0.13878567516803741,8.906235962058417e-07,0.0032338567543774843,0.13889714598658673,-1.9240255016255157e-07,-0.004794480080634432,trajectory,GOAL_DIRECT,3.651125192642212,4.060857892031862,9.572005210500345e-06
381,8392.734,5.300983428955078,9.500429769104812e-06,-0.9512012600898743,-5.607728130449114e-07,0.13878567516803741,8.952737857725879e-07,0.003230468137189746,0.13889714598658603,-1.884773324500319e-07,-0.004829819781802285,trajectory,GOAL_DIRECT,3.6506295204162598,4.072097420687793,9.644168935628468e-06
382,8392.859,5.315136909484863,9.592049536877312e-06,-0.9508727192878723,-5.626494418127201e-07,0.13878567516803741,9.011477573039883e-07,0.003211056813597679,0.13889714598658645,-1.987408540425181e-07,-0.004844693916015018,trajectory,GOAL_DIRECT,3.649982452392578,4.086250901217481,9.735578949197552e-06
383,8392.968,5.328874111175537,9.681549272499979e-06,-0.9505558013916016,-5.644708756168295e-07,0.13878567516803741,9.068683652913023e-07,0.0031914832070469856,0.138897145986586,-1.9530176108351776e-07,-0.004884921192260862,trajectory,GOAL_DIRECT,3.6493232250213623,4.099988102908059,9.824875099858081e-06
384,8393.062,5.33928108215332,9.749728633323684e-06,-0.9503170847892761,-5.65850749710891e-07,0.13878567516803741,9.112147836276563e-07,0.003177816281095147,0.13889714598658576,-1.9560029593166082e-07,-0.0049096809117547624,trajectory,GOAL_DIRECT,3.648665189743042,4.110395073885767,9.892900229649864e-06
385,8393.156,5.343860149383545,9.779831088962965e-06,-0.9502121806144714,-5.664578943122887e-07,0.13878567516803741,9.131306910603598e-07,0.0031721643172204494,0.1388971459865859,-1.9896985739967853e-07,-0.004914473963385021,trajectory,GOAL_DIRECT,3.648013114929199,4.11497414111596,9.9229348236351e-06
386,8393.281,5.365090370178223,9.920224329107441e-06,-0.9497284889221191,-5.692728374643095e-07,0.13878567516803741,9.220410674970481e-07,0.0031484540086239576,0.13889714598658606,-2.0663817221997407e-07,-0.004951851606427767,trajectory,GOAL_DIRECT,3.6473634243011475,4.136204361910483,1.0063013432474456e-05
387,8393.39,5.379660129547119,1.0017367458203807e-05,-0.9502554535865784,-5.7120466119617e-07,0.1387859284877777,9.283180588681716e-07,-0.019665725529193878,0.13889712572100624,-2.0604576020224343e-07,-0.0031216100165039583,trajectory,GOAL_DIRECT,3.646717071533203,4.150774121279271,1.015994063812613e-05
388,8393.484,5.391315937042236,1.0095553079736419e-05,-0.9517678618431091,-5.727501201817061e-07,0.13878567516803741,9.331739079243562e-07,-0.007554155774414539,0.13889714598658479,-2.0686091131956452e-07,-0.003991773873287716,trajectory,GOAL_DIRECT,3.646108627319336,4.1624299287743,1.023795352090299e-05
389,8393.515,5.396727561950684,1.013199107546825e-05,-0.9519302845001221,-5.734676547107194e-07,0.13878555595874786,9.354309895570623e-07,-0.0015704543329775333,0.13889715552332813,-2.1093266071144982e-07,-0.00446234885575203,trajectory,GOAL_DIRECT,3.646108627319336,4.167841553682706,1.027431131649822e-05
390,8393.609,5.40505313873291,1.0188223313889466e-05,-0.951900064945221,-5.745715539861424e-07,0.13878555595874786,9.389433444084716e-07,0.0018750677118077874,0.13889715552332813,-2.0788315300340797e-07,-0.00466595248596299,trajectory,GOAL_DIRECT,3.646108627319336,4.176167130464869,1.0330420170093899e-05
391,8393.687,5.415460109710693,1.0258810107188765e-05,-0.9517078399658203,-5.759514280804516e-07,0.13878555595874786,9.43363090755156e-07,0.0029742817860096693,0.13889715552332843,-2.1577328496354369e-07,-0.004763500860869172,trajectory,GOAL_DIRECT,3.649425983428955,4.18657410144257,1.0400852732361276e-05
392,8393.734,5.423369407653809,1.0312679478374775e-05,-0.9515315294265747,-5.770001323921492e-07,0.13878555595874786,9.467332233725756e-07,0.003169652773067355,0.13889715552332754,-2.1148302041097836e-07,-0.0047977145739560014,trajectory,GOAL_DIRECT,3.650806188583374,4.194483399385623,1.0454604887963025e-05
393,8393.812,5.429197311401367,1.035249533742899e-05,-0.9513972401618958,-5.777728618849916e-07,0.13878555595874786,9.492210324424377e-07,0.003213511547073722,0.1388971555233277,-2.15932269225566e-07,-0.0048079377391104594,trajectory,GOAL_DIRECT,3.650806188583374,4.200311303133136,1.0494334377639363e-05
394,8393.906,5.44251823425293,1.0443895916978363e-05,-0.9510882496833801,-5.795391007258139e-07,0.13878555595874786,9.549210062687052e-07,0.0032245926558971405,0.13889715552332813,-2.261457373606213e-07,-0.004824273751742114,trajectory,GOAL_DIRECT,3.6503891944885254,4.2136322259845915,1.0585537541467877e-05
395,8393.921,5.445432186126709,1.046396300807828e-05,-0.9510206580162048,-5.799254654722511e-07,0.13878555595874786,9.56170310928428e-07,0.0032217262778431177,0.13889715552332663,-2.133711260625922e-07,-0.004854632929446122,trajectory,GOAL_DIRECT,3.649752378463745,4.216546177858346,1.0605561447878856e-05
396,8393.984,5.454174041748047,1.0524321623961441e-05,-0.950817883014679,-5.810845597115788e-07,0.13878555595874786,9.59923340815294e-07,0.0032105478458106518,0.1388971555233269,-2.2011250334795852e-07,-0.004863877404959818,trajectory,GOAL_DIRECT,3.649752378463745,4.225288033479613,1.0665790509695201e-05
397,8394.078,5.45833683013916,1.055314623954473e-05,-0.9507217407226562,-5.816365093493624e-07,0.13878555595874786,9.617132263883832e-07,0.0032047536224126816,0.13889715552332704,-2.233318553121122e-07,-0.004868220981689117,trajectory,GOAL_DIRECT,3.649097442626953,4.229450821870692,1.0694553432865722e-05
398,8394.203,5.478318214416504,1.0692256182665005e-05,-0.9502623081207275,-5.842858676107985e-07,0.13878555595874786,9.703288696982781e-07,0.0031778384000062943,0.1388971555233269,-2.300197094164811e-07,-0.0049051343968136395,trajectory,GOAL_DIRECT,3.648440361022949,4.249432206147867,1.0833367252404705e-05
399,8394.312,5.490390300750732,1.0776904673548415e-05,-0.9499863982200623,-5.858865215604766e-07,0.13878555595874786,9.755538030731259e-07,0.003163394285365939,0.13889715552332577,-2.282243596161658e-07,-0.004937950046810008,trajectory,GOAL_DIRECT,3.6477880477905273,4.261504292481993,1.0917836835291086e-05
400,8394.39,5.501629829406738,1.0856125300051644e-05,-0.950156033039093,-5.873767855826317e-07,0.13878577947616577,9.80541358330811e-07,-0.014740257523953915,0.13889713764193268,-2.3707493983860554e-07,-0.0034971761611128816,trajectory,GOAL_DIRECT,3.6477880477905273,4.272743821137901,1.099689089227984e-05
401,8394.484,5.5132856369018555,1.0938705599983223e-05,-0.9513508081436157,-5.889222445686118e-07,0.13878557085990906,9.855544931269833e-07,-0.005259627941995859,0.1388971543312324,-2.3306532551047303e-07,-0.004200554773586507,trajectory,GOAL_DIRECT,3.64713978767395,4.284399628632917,1.1079298453455665e-05
402,8394.578,5.525357723236084,1.1024677405657712e-05,-0.9514121413230896,-5.905228985184218e-07,0.13878555595874786,9.907780622597784e-07,0.0018346987199038267,0.13889715552332568,-2.426528473561345e-07,-0.004765034247564788,trajectory,GOAL_DIRECT,3.646805763244629,4.296471714967037,1.1165091351133125e-05
403,8394.609,5.527439117431641,1.1039545825042296e-05,-0.9513815641403198,-5.907988733373592e-07,0.13878555595874786,9.916853969116346e-07,0.002210797043517232,0.1388971555233241,-2.3074543677100495e-07,-0.004741489793629484,trajectory,GOAL_DIRECT,3.6496212482452393,4.298553109162576,1.1179928924311325e-05
404,8394.671,5.537013530731201,1.1108116268587764e-05,-0.9511957168579102,-5.920683575044885e-07,0.13878555595874786,9.958704367818427e-07,0.0029914434999227524,0.1388971555233244,-2.3839156572905906e-07,-0.004813233874262409,trajectory,GOAL_DIRECT,3.6496212482452393,4.308127522462049,1.1248357475307424e-05
405,8394.703,5.541592597961426,1.1141012691950891e-05,-0.9510947465896606,-5.92675502106169e-07,0.13878555595874786,9.978767820939538e-07,0.0031091903802007437,0.13889715552332454,-2.4205984003530427e-07,-0.004827702138097124,trajectory,GOAL_DIRECT,3.6496827602386475,4.312706589692231,1.1281186037016505e-05
406,8394.812,5.552832126617432,1.122204412240535e-05,-0.9508382081985474,-5.94165766128504e-07,0.13878555595874786,1.0028119277194492e-06,0.0031957169994711876,0.13889715552332427,-2.4174874009962774e-07,-0.004861389370642155,trajectory,GOAL_DIRECT,3.6496827602386475,4.323946118348134,1.1362050897956487e-05
407,8394.906,5.5640716552734375,1.1303473002044484e-05,-0.9505791068077087,-5.956560301508782e-07,0.13878555595874786,1.0077602610181202e-06,0.0031984674278646708,0.13889715552332463,-2.508261787833842e-07,-0.004874564474455565,trajectory,GOAL_DIRECT,3.649109363555908,4.335185647004035,1.1443313208081146e-05
408,8394.984,5.569899559020996,1.13458545456524e-05,-0.950444757938385,-5.964287596439766e-07,0.13878555595874786,1.0103311751663568e-06,0.0031928063835948706,0.13889715552332313,-2.42522638228096e-07,-0.004903473020296837,trajectory,GOAL_DIRECT,3.64846134185791,4.341013550751539,1.1485608382311186e-05
409,8395.109,5.583220481872559,1.1443131370469928e-05,-0.9501391053199768,-5.981949984853845e-07,0.13878555595874786,1.0162204944208497e-06,0.003176833735778928,0.13889715552332355,-2.53362332930728e-07,-0.0049174778393919726,trajectory,GOAL_DIRECT,3.64846134185791,4.354334473602973,1.1582687791407853e-05
410,8395.218,5.601953029632568,1.1580884347495157e-05,-0.9497116804122925,-6.006787718562082e-07,0.13878555595874786,1.0245324801871902e-06,0.00315529340878129,0.13889715552332274,-2.575315436464918e-07,-0.004956448237998703,trajectory,GOAL_DIRECT,3.647808313369751,4.3730670213628,1.1720163152575622e-05
411,8395.328,5.614025115966797,1.1670256753859576e-05,-0.9500350952148438,-6.022794258063524e-07,0.13878582417964935,1.0300352641934296e-06,-0.01711277663707733,0.13889713406565102,-2.674968016990237e-07,-0.0033188318942024495,trajectory,GOAL_DIRECT,3.647160530090332,4.38513910769691,1.1809356650943011e-05
412,8395.421,5.626513481140137,1.176321256934898e-05,-0.9514849185943604,-6.03935274720343e-07,0.13878558576107025,1.0355405493100989e-06,-0.005907254759222269,0.13889715313913537,-2.597059585710319e-07,-0.004147350011627103,trajectory,GOAL_DIRECT,3.6465134620666504,4.3976274728701235,1.1902127389194109e-05
413,8395.453,5.631925106048584,1.1803645975305699e-05,-0.9516031742095947,-6.046528092497538e-07,0.13878557085990906,1.0379297918916564e-06,-0.0008391346782445908,0.13889715433122846,-2.642047625791543e-07,-0.004546886837343599,trajectory,GOAL_DIRECT,3.6466164588928223,4.403039097778516,1.1942480595014228e-05
414,8395.531,5.639834403991699,1.1862909559567925e-05,-0.951554536819458,-6.057015135619863e-07,0.13878557085990906,1.0414557891635923e-06,0.0020011020824313164,0.13889715433122776,-2.6017540032254473e-07,-0.004707676477724658,trajectory,GOAL_DIRECT,3.6466164588928223,4.410948395721549,1.2001626963692193e-05
415,8395.625,5.65273904800415,1.1960037227254361e-05,-0.9513034820556641,-6.074125574398813e-07,0.13878557085990906,1.0472448366272147e-06,0.0030704839155077934,0.1388971543312282,-2.709843815544232e-07,-0.004805779762560472,trajectory,GOAL_DIRECT,3.6498899459838867,4.423853039733867,1.2098563384899046e-05
416,8395.656,5.654820442199707,1.1975753295700997e-05,-0.951257050037384,-6.076885322589015e-07,0.13878557085990906,1.0481809340490145e-06,0.0031170540023595095,0.1388971543312266,-2.602997001911246e-07,-0.0048249877565963665,trajectory,GOAL_DIRECT,3.65000319480896,4.425934433929401,1.2114248607139298e-05
417,8395.75,5.6668925285339355,1.2067182979080826e-05,-0.9509803652763367,-6.092891862092452e-07,0.13878557085990906,1.0536200534261297e-06,0.0032119869720190763,0.138897154331227,-2.704713768230474e-07,-0.0048464166322215,trajectory,GOAL_DIRECT,3.65000319480896,4.438006520263501,1.2205499382522098e-05
418,8395.859,5.679380893707275,1.2162265193182975e-05,-0.9506906867027283,-6.109450351234419e-07,0.13878557085990906,1.0592627859296044e-06,0.003211360424757004,0.1388971543312262,-2.7254349940224755e-07,-0.0048750399004956506,trajectory,GOAL_DIRECT,3.6494338512420654,4.450494885436708,1.230039651938594e-05
419,8395.968,5.6947832107543945,1.2280233022465836e-05,-0.9503352642059326,-6.129872487843515e-07,0.13878557085990906,1.0662437261999003e-06,0.003192130709066987,0.13889715433122674,-2.8566390335532143e-07,-0.004891272648080233,trajectory,GOAL_DIRECT,3.6487834453582764,4.465897202483658,1.2418136086741557e-05
420,8396.093,5.706439018249512,1.2370021977403667e-05,-0.9500678777694702,-6.145327077710351e-07,0.13878557085990906,1.0715426697061048e-06,0.00317701930180192,0.13889715433122413,-2.7876901931697264e-07,-0.004931762251585962,trajectory,GOAL_DIRECT,3.648127555847168,4.477553009978648,1.2507752302923633e-05
421,8396.187,5.719759941101074,1.2473184142436367e-05,-0.9497636556625366,-6.162989466130111e-07,0.13878557085990906,1.077615252143005e-06,0.003161253407597542,0.13889715433122418,-2.831371382683541e-07,-0.0049574541869824235,trajectory,GOAL_DIRECT,3.647475481033325,4.490873932830059,1.2610717052235472e-05
422,8396.265,5.725587844848633,1.2518500625446904e-05,-0.9496381878852844,-6.17071676106393e-07,0.13878560066223145,1.0802928045450244e-06,0.0008126781322062016,0.13889715194703858,-2.881749515601185e-07,-0.004775841553813726,trajectory,GOAL_DIRECT,3.646827459335327,4.496701836577552,1.2655947165868134e-05
423,8396.375,5.742655277252197,1.2651874385483097e-05,-0.9517877697944641,-6.193346696227869e-07,0.13878589868545532,1.0882840797421522e-06,-0.026213346049189568,0.13889712810517957,-2.9128660287083703e-07,-0.0025251500758571134,trajectory,GOAL_DIRECT,3.646827459335327,4.513769268980919,1.2789067987011975e-05
424,8396.406,5.745985507965088,1.267801235371735e-05,-0.9524291157722473,-6.197762293333134e-07,0.13878589868545532,1.0898187383645563e-06,-0.027151091024279594,0.13889712810517968,-2.9419107240635695e-07,-0.0024180631789607514,trajectory,GOAL_DIRECT,3.6461968421936035,4.517099499693771,1.2815156601316011e-05
425,8396.484,5.753894805908203,1.2740232705255039e-05,-0.9534124135971069,-6.208249336458278e-07,0.13878563046455383,1.0933285921055358e-06,-0.0078565813601017,0.13889714956285,-2.885236877616574e-07,-0.0037898972764846385,trajectory,GOAL_DIRECT,3.6461968421936035,4.525008797636794,1.287725973726944e-05
426,8396.593,5.768048286437988,1.2852082363679074e-05,-0.9535454511642456,-6.22701562415639e-07,0.13878560066223145,1.0997845265592332e-06,0.002010480035096407,0.13889715194703628,-3.009411236528528e-07,-0.004572610309743553,trajectory,GOAL_DIRECT,3.6494195461273193,4.53916227816641,1.2988899641490061e-05
427,8396.703,5.782201766967773,1.2964595043740701e-05,-0.9532600045204163,-6.245781911855128e-07,0.13878560066223145,1.1063176543757436e-06,0.0031916149891912937,0.13889715194703436,-2.997448660553701e-07,-0.004632350295015182,trajectory,GOAL_DIRECT,3.6537444591522217,4.553315758696023,1.3101202567348273e-05
428,8396.781,5.792608737945557,1.3047751963313203e-05,-0.9530153870582581,-6.259580652810481e-07,0.13878560066223145,1.1111389994766796e-06,0.0032992050983011723,0.13889715194703364,-3.0014416719540744e-07,-0.004665723580707523,trajectory,GOAL_DIRECT,3.654010772705078,4.56372272967368,1.3184205255888854e-05
429,8396.875,5.79677152633667,1.3081115866953041e-05,-0.9529164433479309,-6.265100149192718e-07,0.13878560066223145,1.1130709935969207e-06,0.0033058593980968,0.13889715194703378,-3.038474276122424e-07,-0.004671203110207531,trajectory,GOAL_DIRECT,3.653438091278076,4.567885518064742,1.3217507467115923e-05
430,8396.984,5.815920352935791,1.3235337064543273e-05,-0.952461838722229,-6.290489832551702e-07,0.13878560066223145,1.121980517382326e-06,0.0032811735291033983,0.1388971519470324,-3.1182835950595934e-07,-0.004707045737586827,trajectory,GOAL_DIRECT,3.652772903442383,4.587034344663621,1.337144487960742e-05
431,8397.078,5.8279924392700195,1.3333195965969935e-05,-0.9521774053573608,-6.306496372061216e-07,0.13878560066223145,1.1276164286755375e-06,0.0032580068800598383,0.13889715194703073,-3.1061557824763327e-07,-0.00473937774060266,trajectory,GOAL_DIRECT,3.652772903442383,4.599106430997695,1.346912487303705e-05
432,8397.109,5.832155227661133,1.3367054634727538e-05,-0.9520796537399292,-6.312015868443912e-07,0.13878560066223145,1.1295633157715201e-06,0.00325031322427094,0.1388971519470309,-3.1437155152239644e-07,-0.0047436498290111305,trajectory,GOAL_DIRECT,3.652099132537842,4.603269219388755,1.3502921849381885e-05
433,8397.203,5.842562198638916,1.3451956874632742e-05,-0.9518365859985352,-6.32581460940089e-07,0.13878560066223145,1.1344380936861853e-06,0.0032320856116712093,0.13889715194702995,-3.134978574430082e-07,-0.0047711284121933675,trajectory,GOAL_DIRECT,3.652099132537842,4.613676190366403,1.3587669858255167e-05
434,8397.312,5.8558831214904785,1.3561165360442828e-05,-0.9515272974967957,-6.343476997826315e-07,0.13878560066223145,1.1406937119318172e-06,0.0032106919679790735,0.13889715194703045,-3.256089896775292e-07,-0.004784881345784971,trajectory,GOAL_DIRECT,3.651430130004883,4.62699711321779,1.3696680928344393e-05
435,8397.437,5.87211799621582,1.3695076631847769e-05,-0.9511529803276062,-6.365003033720552e-07,0.13878560066223145,1.148341993939539e-06,0.0031874394044280052,0.13889715194702795,-3.2531864817568546e-07,-0.004825993364608303,trajectory,GOAL_DIRECT,3.6507678031921387,4.643231987942913,1.3830351599339534e-05
436,8397.531,5.884190082550049,1.3795232007396407e-05,-0.9508764147758484,-6.381009573232184e-07,0.13878560066223145,1.1540463447090588e-06,0.0031720444094389677,0.1388971519470266,-3.259982751476051e-07,-0.004855027937818004,trajectory,GOAL_DIRECT,3.650108814239502,4.6553040742769785,1.3930328066891143e-05
437,8397.562,5.8875203132629395,1.3822948858432937e-05,-0.9508002400398254,-6.385425170338921e-07,0.13878560066223145,1.155622612714069e-06,0.0031680588144809008,0.1388971519470267,-3.2906999073583106e-07,-0.004858517827022506,trajectory,GOAL_DIRECT,3.6494555473327637,4.658634304989823,1.3957995563997458e-05
438,8397.656,5.894180774688721,1.3878495337849017e-05,-0.9506486058235168,-6.3942563645525e-07,0.13878560066223145,1.1587784456423833e-06,0.0031604296527802944,0.13889715194702507,-3.252895817785405e-07,-0.004880979565398332,trajectory,GOAL_DIRECT,3.6494555473327637,4.665294766415512,1.4013443335553108e-05
439,8397.781,5.90958309173584,1.400752898916835e-05,-0.9502986669540405,-6.414678501171933e-07,0.13878560066223145,1.166093056781392e-06,0.003144151298329234,0.13889715194702565,-3.3958593815221327e-07,-0.0048971742405160635,trajectory,GOAL_DIRECT,3.6488053798675537,4.680697083462416,1.4142248724945196e-05
440,8397.875,5.926234245300293,1.4147938600217458e-05,-0.9499220848083496,-6.436756486707287e-07,0.13878560066223145,1.1740277159333345e-06,0.0031286142766475677,0.13889715194702365,-3.408217666001895e-07,-0.004936786642162367,trajectory,GOAL_DIRECT,3.648160457611084,4.697348237026631,1.4282411566343228e-05
441,8398.015,5.941636562347412,1.4278676644607913e-05,-0.9508696794509888,-6.457178623328262e-07,0.1387859731912613,1.18156503958744e-06,-0.02249051257967949,0.13889712214470185,-3.5531498484241836e-07,-0.0028398767615242446,trajectory,GOAL_DIRECT,3.647517204284668,4.712750554073526,1.4412921348806438e-05
442,8398.093,5.952043533325195,1.4367482435773127e-05,-0.9523595571517944,-6.4709773642888e-07,0.13878576457500458,1.1864663065352943e-06,-0.00945296324789524,0.1388971388339988,-3.4416290241298836e-07,-0.0037833111803169304,trajectory,GOAL_DIRECT,3.6468770503997803,4.723157525051155,1.450157290893973e-05
443,8398.14,5.957871437072754,1.441737276763888e-05,-0.9525795578956604,-6.478704659226847e-07,0.1387857347726822,1.189215254271403e-06,-0.002075107768177986,0.1388971412181848,-3.496815332816858e-07,-0.004362539581501013,trajectory,GOAL_DIRECT,3.6475586891174316,4.728985428798627,1.4551376871427608e-05
444,8398.234,5.968694686889648,1.45103367685806e-05,-0.9525306820869446,-6.493055349826363e-07,0.1387857347726822,1.1943930076085962e-06,0.0022189246956259012,0.1388971412181825,-3.492652961756087e-07,-0.004633417768371704,trajectory,GOAL_DIRECT,3.6475586891174316,4.7398086786153595,1.4644180472096129e-05
445,8398.328,5.980350494384766,1.4610901416745037e-05,-0.9522973895072937,-6.508509939703173e-07,0.1387857347726822,1.2000078868368291e-06,0.0030900847632437944,0.13889714121818295,-3.6039385652267674e-07,-0.00471477520276368,trajectory,GOAL_DIRECT,3.6516380310058594,4.751464486110299,1.4744572381504811e-05
446,8398.359,5.984513282775879,1.4646932868345175e-05,-0.9522033929824829,-6.51402943608785e-07,0.1387857347726822,1.2020180975014227e-06,0.003170926356688142,0.13889714121818014,-3.4947445091790066e-07,-0.004738333597877275,trajectory,GOAL_DIRECT,3.652052640914917,4.755627274501348,1.4780542140692181e-05
447,8398.453,5.994503974914551,1.4733655007148627e-05,-0.9519721865653992,-6.527276227411298e-07,0.1387857347726822,1.2068506975992932e-06,0.0032324567437171936,0.13889714121818053,-3.5906818412698943e-07,-0.004754816349693786,trajectory,GOAL_DIRECT,3.652052640914917,4.765617966639866,1.4867116217704988e-05
448,8398.546,6.007408618927002,1.4846187696093693e-05,-0.9516710042953491,-6.544386666204547e-07,0.1387857347726822,1.2131081348343287e-06,0.0032298043370246887,0.13889714121817864,-3.6207799909460375e-07,-0.004783944346508894,trajectory,GOAL_DIRECT,3.6515145301818848,4.778522610652114,1.4979457660170471e-05
449,8398.578,6.011155128479004,1.4878967704134993e-05,-0.9515839219093323,-6.54935421295107e-07,0.1387857347726822,1.2149279200457386e-06,0.0032250520307570696,0.13889714121817878,-3.6570343587058885e-07,-0.004787918281308327,trajectory,GOAL_DIRECT,3.650862455368042,4.782269120204058,1.5012182145040278e-05
450,8398.656,6.021145820617676,1.4966621165513061e-05,-0.9513521790504456,-6.56260100427535e-07,0.1387857347726822,1.2197878049846622e-06,0.0032107806764543056,0.13889714121817662,-3.6424162802252437e-07,-0.00481541410595133,trajectory,GOAL_DIRECT,3.650862455368042,4.79225981234257,1.50996875446277e-05
451,8398.781,6.036548137664795,1.5102437828318216e-05,-0.9509968757629395,-6.583023140900891e-07,0.1387857347726822,1.2272997764739557e-06,0.0031889602541923523,0.13889714121817723,-3.7925868347406757e-07,-0.004831433636545679,trajectory,GOAL_DIRECT,3.650203227996826,4.80766212938944,1.523527594550561e-05
452,8398.906,6.049869060516357,1.5220573004626203e-05,-0.9506916999816895,-6.60068552933439e-07,0.1387857347726822,1.2338159649516456e-06,0.0031719303224235773,0.1388971412181737,-3.7519721952737277e-07,-0.004871109781071706,trajectory,GOAL_DIRECT,3.6495461463928223,4.820983052240782,1.535321370609274e-05
453,8399.0,6.061108589172363,1.5320736565627158e-05,-0.9504354596138,-6.615588169575585e-07,0.1387857347726822,1.2393279575917404e-06,0.003158950712531805,0.13889714121817415,-3.8626760092456103e-07,-0.004882883430674834,trajectory,GOAL_DIRECT,3.6488938331604004,4.832222580896602,1.5453210697579215e-05
454,8399.015,6.065271377563477,1.53579494508449e-05,-0.9503406882286072,-6.621107665961313e-07,0.1387857347726822,1.2413726153681637e-06,0.003154404228553176,0.13889714121817076,-3.7369850775398045e-07,-0.0049119125065484074,trajectory,GOAL_DIRECT,3.6482455730438232,4.836385369287644,1.5490361890384188e-05
455,8399.078,6.0727643966674805,1.5425086530740373e-05,-0.9501704573631287,-6.63104275945576e-07,0.1387857347726822,1.2450575468392344e-06,0.003146567614749074,0.13889714121817107,-3.8111596899795204e-07,-0.004919797120718005,trajectory,GOAL_DIRECT,3.6482455730438232,4.843878388391522,1.555738792393668e-05
456,8399.187,6.079424858093262,1.5484929463127628e-05,-0.9500197768211365,-6.639873953673193e-07,0.1387857347726822,1.2483376394811785e-06,0.003140011103823781,0.13889714121817132,-3.877274384464868e-07,-0.004926806626943591,trajectory,GOAL_DIRECT,3.647599697113037,4.850538849817189,1.5617132148463504e-05
457,8399.281,6.096492290496826,1.563899604661856e-05,-0.9496344327926636,-6.662503888856e-07,0.1387857347726822,1.2567636531457538e-06,0.0031246449798345566,0.1388971412181687,-3.9222568336300256e-07,-0.004963098978140937,trajectory,GOAL_DIRECT,3.647599697113037,4.867606282220459,1.5770945793062083e-05
458,8399.328,6.101071357727051,1.568050720379688e-05,-0.9495335221290588,-6.66857533488081e-07,0.13878574967384338,1.2590376172738615e-06,0.0019258279353380203,0.13889714002607315,-3.8508476971720635e-07,-0.004889161280341612,trajectory,GOAL_DIRECT,3.6469597816467285,4.8721853494506036,1.5812389088586356e-05
459,8399.406,6.111478328704834,1.5775136489537545e-05,-0.9504402279853821,-6.682374075846529e-07,0.13878612220287323,1.2643594118344481e-06,-0.02167220413684845,0.1388971102237512,-3.9554685949468895e-07,-0.0029559834217505318,trajectory,GOAL_DIRECT,3.6469597816467285,4.882592320428202,1.59068641432951e-05
460,8399.515,6.123966693878174,1.588921259099152e-05,-0.9520759582519531,-6.698932565005842e-07,0.1387859433889389,1.2704563232546207e-06,-0.006609258707612753,0.13889712452886377,-3.977875514321494e-07,-0.004043846570548654,trajectory,GOAL_DIRECT,3.6463184356689453,4.89508068560132,1.6020755167510768e-05
461,8399.625,6.138120174407959,1.6019161193980835e-05,-0.9521619081497192,-6.717698852720317e-07,0.1387859433889389,1.277443971048342e-06,0.0020780269987881184,0.13889712452886432,-4.121277284546943e-07,-0.0047345319321724175,trajectory,GOAL_DIRECT,3.646758794784546,4.909234166130847,1.615049401629667e-05
462,8399.718,6.1501922607421875,1.6130563381011598e-05,-0.9519252777099609,-6.733705392241982e-07,0.1387859433889389,1.283465167034592e-06,0.0030726215336471796,0.13889712452885972,-4.0591619554170334e-07,-0.004750324551430306,trajectory,GOAL_DIRECT,3.650822401046753,4.921306252464854,1.6261717295330404e-05
463,8399.765,6.154771327972412,1.6172954929061234e-05,-0.9518221020698547,-6.739776838267561e-07,0.1387859433889389,1.285754933633143e-06,0.0031645423732697964,0.1388971245288599,-4.1059391012800666e-07,-0.004762837000605425,trajectory,GOAL_DIRECT,3.6512985229492188,4.925885319694993,1.6304040981725993e-05
464,8399.828,6.164345741271973,1.6261839846265502e-05,-0.9516010880470276,-6.752471679957619e-07,0.1387859433889389,1.2905502444482408e-06,0.003225404303520918,0.1388971245288569,-4.0876441316139915e-07,-0.004793679019328457,trajectory,GOAL_DIRECT,3.6512985229492188,4.935459732994376,1.6392784006380892e-05
465,8399.921,6.174752712249756,1.635883018025197e-05,-0.9513587951660156,-6.766270420925397e-07,0.1387859433889389,1.2957734725205228e-06,0.003226993605494499,0.13889712452885733,-4.194641229138852e-07,-0.004805920807536941,trajectory,GOAL_DIRECT,3.6507697105407715,4.945866703971962,1.648962010933544e-05
466,8399.968,6.178499221801758,1.639384208829142e-05,-0.9512718915939331,-6.77123796767388e-07,0.1387859433889389,1.2976565813005436e-06,0.0032230636570602655,0.13889712452885358,-4.0928895353194743e-07,-0.004830297411851178,trajectory,GOAL_DIRECT,3.650120496749878,4.949613213523893,1.6524576494203398e-05
467,8400.046,6.189322471618652,1.649527439440135e-05,-0.9510208368301392,-6.785588658280855e-07,0.1387859433889389,1.303104681937839e-06,0.003208520822227001,0.13889712452885403,-4.2047541754295184e-07,-0.004841686723254215,trajectory,GOAL_DIRECT,3.650120496749878,4.960436463340578,1.6625848400040126e-05
468,8400.14,6.2009782791137695,1.6604984921286814e-05,-0.9507521390914917,-6.801043248165699e-07,0.1387859433889389,1.3089850199321518e-06,0.0031921607442200184,0.13889712452885197,-4.2228726348036544e-07,-0.004868654024631221,trajectory,GOAL_DIRECT,3.6494624614715576,4.97209227083547,1.673538618816984e-05
469,8400.156,6.20430850982666,1.6636420696158893e-05,-0.9506754875183105,-6.805458845275733e-07,0.1387859433889389,1.3106676988172694e-06,0.003187654772773385,0.1388971245288521,-4.257533540438834e-07,-0.004872126125574547,trajectory,GOAL_DIRECT,3.6488070487976074,4.9754225015482945,1.6766772609111703e-05
470,8400.265,6.215964317321777,1.67467678693356e-05,-0.9504084587097168,-6.820913435161121e-07,0.1387859433889389,1.3165656582714291e-06,0.003172800410538912,0.1388971245288526,-4.3791986982788174e-07,-0.0048842892170254774,trajectory,GOAL_DIRECT,3.6488070487976074,4.987078309043181,1.6876947043532655e-05
471,8400.359,6.228036403656006,1.6861578842508607e-05,-0.9501331448554993,-6.836919974685723e-07,0.1387859433889389,1.3226884902906022e-06,0.0031588152050971985,0.13889712452884717,-4.31654690554015e-07,-0.004923828280482566,trajectory,GOAL_DIRECT,3.6481552124023438,4.999150395377168,1.6991579108708633e-05
472,8400.39,6.2326154708862305,1.6905265511013567e-05,-0.9500288963317871,-6.842991420712414e-07,0.1387859433889389,1.3250148640508996e-06,0.003153823781758547,0.13889712452884737,-4.364695720239023e-07,-0.004928641392801082,trajectory,GOAL_DIRECT,3.647507667541504,5.0037294626073,1.703519791555955e-05
473,8400.5,6.244271278381348,1.7016820493154228e-05,-0.9497645497322083,-6.858446010598835e-07,0.1387859433889389,1.3309459063748363e-06,0.003141898661851883,0.13889712452884462,-4.3686594155638493e-07,-0.004957572948341501,trajectory,GOAL_DIRECT,3.647507667541504,5.015385270102179,1.7146580158944457e-05
474,8400.578,6.2542619705200195,1.7112835848820396e-05,-0.949862003326416,-6.871692801930391e-07,0.13878615200519562,1.3361566288949689e-06,-0.012926598079502583,0.1388971078395445,-4.474546599201767e-07,-0.0036672205293227554,trajectory,GOAL_DIRECT,3.647507667541504,5.025375962240645,1.724244745281998e-05
475,8400.609,6.2592573165893555,1.7160984498332255e-05,-0.9504948258399963,-6.878316197596285e-07,0.13878633081912994,1.3387675608100835e-06,-0.021205978468060493,0.13889709353442492,-4.3721467796132004e-07,-0.002980557970428334,trajectory,GOAL_DIRECT,3.646862745285034,5.030371308309876,1.7290522071436516e-05
476,8400.687,6.266750335693359,1.7233382095582783e-05,-0.9516081213951111,-6.888251291095274e-07,0.13878630101680756,1.3425421911961166e-06,-0.013351207599043846,0.13889709591861105,-4.451847206588375e-07,-0.0035532748621939277,trajectory,GOAL_DIRECT,3.646862745285034,5.037864327413724,1.736280862234406e-05
477,8400.781,6.272578239440918,1.7289830793743022e-05,-0.9519392251968384,-6.895978586039052e-07,0.13878625631332397,1.3454567806547857e-06,-0.0037555519957095385,0.13889709949489,-4.513969177646356e-07,-0.004304372120374308,trajectory,GOAL_DIRECT,3.646226644515991,5.04369223116116,1.741917095112642e-05
478,8400.875,6.290478229522705,1.7463986296206713e-05,-0.9518336057662964,-6.919712420509893e-07,0.13878625631332397,1.3545959518523887e-06,0.002782341092824936,0.13889709949488627,-4.5734109272074063e-07,-0.00474146469050467,trajectory,GOAL_DIRECT,3.649282455444336,5.061592221242563,1.7593061176215206e-05
479,8400.906,6.294224739074707,1.750058618199546e-05,-0.9517554044723511,-6.924679967259731e-07,0.13878625631332397,1.3565212384492042e-06,0.0029879019130021334,0.1388970994948825,-4.483770853253263e-07,-0.004766457829467665,trajectory,GOAL_DIRECT,3.6509175300598145,5.065338730794485,1.7629605538832462e-05
480,8400.984,6.303799152374268,1.759435690473765e-05,-0.9515407085418701,-6.937374808953958e-07,0.13878625631332397,1.3614503586723004e-06,0.003187296912074089,0.1388970994948829,-4.587003223066801e-07,-0.004793144225917468,trajectory,GOAL_DIRECT,3.6509175300598145,5.074913144093836,1.7723234369025285e-05
481,8401.109,6.311708450317383,1.767207868397236e-05,-0.9513577222824097,-6.947861852092886e-07,0.13878625631332397,1.3655301245307783e-06,0.003221054095774889,0.13889709949488327,-4.6725657879257814e-07,-0.004804994113586555,trajectory,GOAL_DIRECT,3.650536298751831,5.082822442036777,1.780083893267573e-05
482,8401.234,6.332522392272949,1.7877719074022025e-05,-0.9508750438690186,-6.975459334038363e-07,0.13878625631332397,1.3762970638708794e-06,0.0032077168580144644,0.13889709949487866,-4.743946294944212e-07,-0.004848959169159515,trajectory,GOAL_DIRECT,3.649904489517212,5.10363638399188,1.8006170860661553e-05
483,8401.312,6.344594478607178,1.7997732356889173e-05,-0.9505967497825623,-6.99146587356736e-07,0.13878625631332397,1.3825618907503667e-06,0.0031911316327750683,0.1388970994948792,-4.876021978259158e-07,-0.004861547055463179,trajectory,GOAL_DIRECT,3.649247884750366,5.115708470325833,1.8126005235531673e-05
484,8401.406,6.355001449584961,1.810163121263031e-05,-0.9503580927848816,-7.005264614540998e-07,0.13878625631332397,1.3879745210942929e-06,0.0031775659881532192,0.13889709949487145,-4.7485094280028935e-07,-0.004905812266561939,trajectory,GOAL_DIRECT,3.648592233657837,5.1261154413033765,1.8229749860240884e-05
485,8401.515,6.367906093597412,1.823102866183035e-05,-0.9500632882118225,-7.022375053348781e-07,0.13878625631332397,1.3947013712822809e-06,0.003162210574373603,0.13889709949487203,-4.890847220774743e-07,-0.004919324062112524,trajectory,GOAL_DIRECT,3.647939443588257,5.1390200853155275,1.8358956062961343e-05
486,8401.64,6.383724689483643,1.8390499462839216e-05,-0.9497036933898926,-7.043349139629997e-07,0.13878625631332397,1.4029700423634495e-06,0.003145319875329733,0.13889709949486667,-4.893512275403515e-07,-0.004959379165474649,trajectory,GOAL_DIRECT,3.647291898727417,5.154838681201383,1.8518192432801686e-05
487,8401.765,6.398294448852539,1.8538223230279982e-05,-0.9504430890083313,-7.062593472459094e-07,0.13878656923770905,1.410788286193565e-06,-0.021202560514211655,0.13889707446091246,-4.938275362323232e-07,-0.0029903703262983312,trajectory,GOAL_DIRECT,3.647291898727417,5.16940844056993,1.8665700276797763e-05
488,8401.906,6.4141130447387695,1.8699523934628814e-05,-0.9521661400794983,-7.082538122435009e-07,0.1387861669063568,1.4189678267939598e-06,-0.0026948009617626667,0.13889710664741753,-5.00662222215749e-07,-0.004352368458875981,trajectory,GOAL_DIRECT,3.6461915969848633,5.185227036455775,1.8826766549978074e-05
489,8402.015,6.427850246429443,1.8840361008187756e-05,-0.9520925879478455,-7.100606373430689e-07,0.13878612220287323,1.426172389074054e-06,0.0025162799283862114,0.13889711022369172,-5.042768515304393e-07,-0.004697265868669287,trajectory,GOAL_DIRECT,3.6500141620635986,5.198964238146107,1.8967400038574877e-05
490,8402.109,6.438257217407227,1.894753222586587e-05,-0.9518758058547974,-7.111727789285886e-07,0.13878612220287323,1.4316678971226793e-06,0.0031147943809628487,0.13889711022369217,-5.160763909874023e-07,-0.004755986129527822,trajectory,GOAL_DIRECT,3.6513195037841797,5.209371209123628,1.907441702522107e-05
491,8402.14,6.4432525634765625,1.8999120584339835e-05,-0.9517620801925659,-7.116379855028505e-07,0.13878612220287323,1.4343112297865446e-06,0.003193092532455921,0.13889711022368556,-5.035822917024573e-07,-0.0047806861035520265,trajectory,GOAL_DIRECT,3.6513195037841797,5.2143665551928375,1.9125931352799713e-05
492,8402.25,6.45490837097168,1.9119866919936612e-05,-0.951491117477417,-7.127234675093809e-07,0.13878612220287323,1.4404897683562012e-06,0.003237110795453191,0.13889711022368606,-5.168859911234055e-07,-0.004797755700349254,trajectory,GOAL_DIRECT,3.6513195037841797,5.226022362687656,1.9246504949640737e-05
493,8402.343,6.465731620788574,1.923245145007968e-05,-0.9512385129928589,-7.13731415086772e-07,0.13878612220287323,1.4462395938608097e-06,0.003229565918445587,0.13889711022368093,-5.167544946312952e-07,-0.004826675674505082,trajectory,GOAL_DIRECT,3.6508901119232178,5.23684561250427,1.9358929079510605e-05
494,8402.375,6.4711432456970215,1.928891106217634e-05,-0.9511128664016724,-7.142353888754311e-07,0.13878612220287323,1.449118940399785e-06,0.0032222114969044924,0.13889711022368115,-5.229730646161522e-07,-0.004832369650341121,trajectory,GOAL_DIRECT,3.650251865386963,5.242257237412577,1.9415308491470663e-05
495,8402.453,6.481133937835693,1.939344292622991e-05,-0.9508812427520752,-7.151658020236607e-07,0.13878612220287323,1.4544424402629375e-06,0.0032076456118375063,0.13889711022367657,-5.222130256552422e-07,-0.004859396212186443,trajectory,GOAL_DIRECT,3.650251865386963,5.252247929550986,1.9519692293733588e-05
496,8402.562,6.492373466491699,1.951149715750944e-05,-0.9506221413612366,-7.162125168153195e-07,0.13878612220287323,1.460443399992073e-06,0.003191667841747403,0.13889711022367704,-5.352115104924936e-07,-0.004871073060121166,trajectory,GOAL_DIRECT,3.6495916843414307,5.2634874582066935,1.9637579955498642e-05
497,8402.687,6.509024620056152,1.9684910512296483e-05,-0.9502403736114502,-7.176194949610427e-07,0.13878612220287323,1.3890515901948675e-06,0.0031703412532806396,0.1388971102236663,-5.317873336026617e-07,-0.004910005191767877,trajectory,GOAL_DIRECT,3.6489341259002686,5.2801386117707025,1.981074654063461e-05
498,8402.796,6.519847869873047,1.978937871172093e-05,-0.9499937891960144,-7.184223468177938e-07,0.13878612220287323,1.2894470273749903e-06,0.0031579299829900265,0.13889711022365517,-5.224548652293993e-07,-0.004938106593542225,trajectory,GOAL_DIRECT,3.6482794284820557,5.2909618615873235,1.9915054339785857e-05
499,8402.906,6.533585071563721,1.9910798073397018e-05,-0.950404942035675,-7.192030007614816e-07,0.13878627121448517,1.1630139624685398e-06,-0.018462873995304108,0.13889709830271904,-5.254015954874459e-07,-0.0031878846332956626,trajectory,GOAL_DIRECT,3.6476316452026367,5.304699063277676,2.003627011649981e-05
500,8403.0,6.546489715576172,2.001364919124171e-05,-0.9518613815307617,-7.196010777712941e-07,0.1387859582901001,1.049973548106209e-06,-0.004932386800646782,0.1388971233366556,-5.112954462568639e-07,-0.004190274718715032,trajectory,GOAL_DIRECT,3.6469836235046387,5.317603707289848,2.013892998786492e-05
501,8403.015,6.5485711097717285,2.0029265215271153e-05,-0.9519181847572327,-7.196398463869391e-07,0.13878588378429413,1.0318476597603876e-06,-0.002750507090240717,0.13889712929711903,-5.115533623337825e-07,-0.004361984934223969,trajectory,GOAL_DIRECT,3.647416591644287,5.319685101485362,2.0154515165687975e-05
502,8403.109,6.560226917266846,2.0111672711209394e-05,-0.9518833756446838,-7.199592000706153e-07,0.13878583908081055,9.299821499553218e-07,0.002208858961239457,0.1388971328733876,-5.04011829337583e-07,-0.0046940216032898795,trajectory,GOAL_DIRECT,3.647416591644287,5.33134090898025,2.0236749922870466e-05
503,8403.234,6.5739641189575195,2.0197820049361326e-05,-0.9516047835350037,-7.203081137380899e-07,0.13878583908081055,8.105102438094036e-07,0.0031210817396640778,0.13889713287338074,-5.04027701707283e-07,-0.004780929031047858,trajectory,GOAL_DIRECT,3.6506433486938477,5.345078110670679,2.032269367606026e-05
504,8403.343,6.588117599487305,2.027426853601355e-05,-0.95127934217453,-7.20667600540416e-07,0.13878583908081055,6.886713208587025e-07,0.0032196107786148787,0.1388971328733667,-4.9091520858007e-07,-0.004818846233186328,trajectory,GOAL_DIRECT,3.6506741046905518,5.35923159120024,2.0398932408509072e-05
505,8403.468,6.6031036376953125,2.0341745766927488e-05,-0.9509317278862,-7.210482336179451e-07,0.13878583908081055,5.611530582427804e-07,0.0032107620500028133,0.1388971328733561,-4.830697740290854e-07,-0.004849810595158852,trajectory,GOAL_DIRECT,3.6500933170318604,5.37421762940804,2.046618754673704e-05
506,8403.578,6.61475944519043,2.0384757590363733e-05,-0.9506627917289734,-7.213442815619526e-07,0.13878583908081055,4.6303870249175816e-07,0.0031951863784343004,0.1388971328733476,-4.755352599112094e-07,-0.004877276604856618,trajectory,GOAL_DIRECT,3.649440288543701,5.385873436903019,2.0509026631417533e-05
507,8403.703,6.624750137329102,2.0415091057657264e-05,-0.9504332542419434,-7.215980369389216e-07,0.13878583908081055,3.796842804604239e-07,0.0031818985007703304,0.1388971328733428,-4.7259891690846795e-07,-0.004887690448995002,trajectory,GOAL_DIRECT,3.6487841606140137,5.395864129041588,2.053921203692042e-05
508,8403.812,6.64306640625,2.045521432592068e-05,-0.9500147700309753,-7.220632551213802e-07,0.13878583908081055,2.2865076232392312e-07,0.003159981220960617,0.13889713287333055,-4.6058540214601145e-07,-0.004928751423294454,trajectory,GOAL_DIRECT,3.6481311321258545,5.414180397962333,2.057906385856765e-05
509,8403.937,6.653473377227783,2.04691787075717e-05,-0.9497779011726379,-7.223275836291527e-07,0.13878583908081055,1.4386412772182666e-07,0.0031487939413636923,0.13889713287332564,-4.559276198676008e-07,-0.00493969988384357,trajectory,GOAL_DIRECT,3.647482395172119,5.424587368940051,2.059287400918675e-05
510,8404.078,6.673871040344238,2.0478091755649075e-05,-0.9506106972694397,-7.22845667493902e-07,0.13878601789474487,-2.3062701970388844e-08,-0.022477077320218086,0.1388971185681977,-4.410173874356164e-07,-0.0028767697822098624,trajectory,GOAL_DIRECT,3.646836996078491,5.444985032056422,2.0601484764441555e-05
511,8404.171,6.688024520874023,2.047006637440063e-05,-0.9524143934249878,-7.232051542490373e-07,0.1387856900691986,-1.3324367387212988e-07,-0.005062838084995747,0.13889714479423276,-4.317181583327095e-07,-0.004143152413882762,trajectory,GOAL_DIRECT,3.6461942195892334,5.459138512586184,2.0601484764441555e-05
512,8404.203,6.690938472747803,2.0467032300075516e-05,-0.9524874687194824,-7.232791662272058e-07,0.13878558576107025,-1.5583023582621536e-07,-0.0021193388383835554,0.13889715313888173,-4.2981210527569887e-07,-0.004374978588887006,trajectory,GOAL_DIRECT,3.648142099380493,5.462052464459964,2.0601484764441555e-05
513,8404.281,6.702178001403809,2.0450874217203818e-05,-0.9524326920509338,-7.237735383533986e-07,0.13878551125526428,-2.4317807856277796e-07,0.0022911792621016502,0.13889715909934056,-4.227147181437268e-07,-0.004648141671814548,trajectory,GOAL_DIRECT,3.648142099380493,5.473291993115975,2.0601484764441555e-05
514,8404.406,6.712584972381592,2.0429613869055174e-05,-0.9522235989570618,-7.239039433589731e-07,0.13878551125526428,-3.23646560218549e-07,0.0030826523434370756,0.1388971590993359,-4.148931234638787e-07,-0.004721914173014986,trajectory,GOAL_DIRECT,3.6517491340637207,5.483698964093778,2.0601484764441555e-05
515,8404.515,6.730484962463379,2.037901504081674e-05,-0.9518096446990967,-7.236521952238142e-07,0.13878551125526428,-4.6044127088862297e-07,0.00325173232704401,0.13889715909932784,-4.0276819995823723e-07,-0.004767725953732941,trajectory,GOAL_DIRECT,3.651785135269165,5.501598954175636,2.0601484764441555e-05
516,8404.656,6.745054721832275,2.0324891011114232e-05,-0.9514685869216919,-7.234472839431168e-07,0.13878551125526428,-5.70175586744881e-07,0.0032385585363954306,0.13889715909932135,-3.9325593578601316e-07,-0.004801903471566169,trajectory,GOAL_DIRECT,3.6511998176574707,5.516168713544621,2.0601484764441555e-05
517,8404.75,6.758791923522949,2.0263378246454522e-05,-0.9511489868164062,-7.232540818719704e-07,0.13878551125526428,-6.723033720845706e-07,0.0032172980718314648,0.13889715909931621,-3.837824951312902e-07,-0.004831159970310928,trajectory,GOAL_DIRECT,3.6505401134490967,5.529905915235405,2.0601484764441555e-05
518,8404.843,6.769198894500732,2.0210121874697506e-05,-0.9509082436561584,-7.232789469266907e-07,0.13878551125526428,-7.461078439519042e-07,0.0032017177436500788,0.13889715909931194,-3.733030382320573e-07,-0.004841950702068807,trajectory,GOAL_DIRECT,3.6498770713806152,5.540312886213288,2.0601484764441555e-05
519,8404.937,6.775026798248291,2.0178013073746115e-05,-0.9507738947868347,-7.233283507743669e-07,0.13878551125526428,-7.820833047844644e-07,0.003193463198840618,0.13889715909931175,-3.7570679155131344e-07,-0.004872614892296185,trajectory,GOAL_DIRECT,3.649218797683716,5.546140789960907,2.0601484764441555e-05
520,8405.062,6.794591903686523,2.006080831051804e-05,-0.9503252506256104,-7.234942064366114e-07,0.13878551125526428,-8.725362476980081e-07,0.003168368712067604,0.1388971590993065,-3.581509564006051e-07,-0.004893039541415561,trajectory,GOAL_DIRECT,3.648564338684082,5.565705895399368,2.0601484764441555e-05
521,8405.171,6.808329105377197,1.9972469090134837e-05,-0.9500125050544739,-7.236106581814699e-07,0.13878551125526428,-9.081248890652205e-07,0.0031529914122074842,0.13889715909930708,-3.5786596649995e-07,-0.004933048396040357,trajectory,GOAL_DIRECT,3.647913694381714,5.579443097090216,2.0601484764441555e-05
522,8405.281,6.822066307067871,1.9881750631611794e-05,-0.949701189994812,-7.237271098407894e-07,0.13878551125526428,-9.206788149640488e-07,0.0031391463708132505,0.13889715909930636,-3.4877381285373846e-07,-0.004947506545711912,trajectory,GOAL_DIRECT,3.6472673416137695,5.593180298781071,2.0601484764441555e-05
523,8405.375,6.834970951080322,1.9796405467786826e-05,-0.9501330256462097,-7.238365037459445e-07,0.1387856900691986,-9.112041539083293e-07,-0.018479008227586746,0.138897144794195,-3.543836668720391e-07,-0.0032238676123024215,trajectory,GOAL_DIRECT,3.6472673416137695,5.606084942793691,2.0601484764441555e-05
524,8405.406,6.8391337394714355,1.9769175196415745e-05,-0.9507637619972229,-7.238717920863896e-07,0.13878567516803741,-9.038216148837819e-07,-0.022012457251548767,0.1388971459862883,-3.52549483008885e-07,-0.0029096548728348003,trajectory,GOAL_DIRECT,3.6466257572174072,5.610247731184858,2.0601484764441555e-05
525,8405.5,6.849540710449219,1.9702287318068556e-05,-0.9515652656555176,-7.240066968420254e-07,0.13878530263900757,-8.783821954239102e-07,-0.002698322990909219,0.138897175788615,-3.564601574061125e-07,-0.004368048271837429,trajectory,GOAL_DIRECT,3.6466257572174072,5.620654702162772,2.0601484764441555e-05
526,8405.609,6.860780239105225,1.9632510884548537e-05,-0.951535701751709,-7.239069281482586e-07,0.1387851983308792,-8.432167533101165e-07,0.002136482857167721,0.1388971841332673,-3.5311814597490323e-07,-0.004756310934874013,trajectory,GOAL_DIRECT,3.6461710929870605,5.631894230818915,2.0601484764441555e-05
527,8405.703,6.8732686042785645,1.9558432541089132e-05,-0.951288640499115,-7.241721637586385e-07,0.1387851983308792,-8.04239391527517e-07,0.0030703183729201555,0.13889718413327215,-3.592163762089909e-07,-0.004809471606119516,trajectory,GOAL_DIRECT,3.6495304107666016,5.644382595992397,2.0601484764441555e-05
528,8405.734,6.877847671508789,1.9532099031494e-05,-0.9511858224868774,-7.242365479816201e-07,0.1387851983308792,-7.917835205262236e-07,0.0031503138598054647,0.13889718413327287,-3.57905484543204e-07,-0.004821012145682218,trajectory,GOAL_DIRECT,3.6500699520111084,5.648961663222671,2.0601484764441555e-05
529,8405.796,6.886173248291016,1.9485210941638798e-05,-0.9509948492050171,-7.24351279849705e-07,0.1387851983308792,-7.716752747910505e-07,0.003200600389391184,0.13889718413327595,-3.623503340547011e-07,-0.00484994845267505,trajectory,GOAL_DIRECT,3.6500699520111084,5.657287240004987,2.0601484764441555e-05
530,8405.859,6.891168594360352,1.9457631424302235e-05,-0.950879693031311,-7.242641970814067e-07,0.1387851983308792,-7.606862482134602e-07,0.003206410212442279,0.13889718413327662,-3.608409683897186e-07,-0.00485617104720444,trajectory,GOAL_DIRECT,3.649552345275879,5.662282586074374,2.0601484764441555e-05
531,8405.937,6.900326728820801,1.940810034284368e-05,-0.9506685733795166,-7.240828722960942e-07,0.1387851983308792,-7.401279162877472e-07,0.0032017899211496115,0.1388971841332778,-3.582115293499009e-07,-0.004866357406490749,trajectory,GOAL_DIRECT,3.649552345275879,5.671440720534916,2.0601484764441555e-05
532,8406.031,6.908652305603027,1.9364266336197034e-05,-0.9504766464233398,-7.239180315854226e-07,0.1387851983308792,-7.20938146514527e-07,0.003192182630300522,0.13889718413328114,-3.646171518085297e-07,-0.004897899829427804,trajectory,GOAL_DIRECT,3.6489102840423584,5.679766297317224,2.0601484764441555e-05
533,8406.125,6.9253034591674805,1.9280121705378406e-05,-0.9500947594642639,-7.23588350173362e-07,0.1387851983308792,-6.811285970798053e-07,0.0031714329961687326,0.13889718413328347,-3.6062134402546685e-07,-0.004915334206651058,trajectory,GOAL_DIRECT,3.6482579708099365,5.69641745088183,2.0601484764441555e-05
534,8406.156,6.928633689880371,1.926387267303653e-05,-0.9500186443328857,-7.23522413892435e-07,0.1387851983308792,-6.729379151693138e-07,0.0031674974597990513,0.1388971841332861,-3.6885388085222623e-07,-0.0049440237854843395,trajectory,GOAL_DIRECT,3.6476049423217773,5.699747681594751,2.0601484764441555e-05
535,8406.234,6.939456939697266,1.921243529068306e-05,-0.9497722387313843,-7.233081209828415e-07,0.1387851983308792,-6.45791487841052e-07,0.0031553616281598806,0.1388971841332877,-3.6668368992369916e-07,-0.004955373199028279,trajectory,GOAL_DIRECT,3.6476049423217773,5.710570931411736,2.0601484764441555e-05
536,8406.328,6.9494476318359375,1.9166856873198412e-05,-0.9499708414077759,-7.232773244273805e-07,0.13878542184829712,-6.20879802681884e-07,-0.014746381901204586,0.13889716625189624,-3.695799155404042e-07,-0.0035274668712417935,trajectory,GOAL_DIRECT,3.6469578742980957,5.7205616235504895,2.0601484764441555e-05
537,8406.437,6.95652437210083,1.9135541151626967e-05,-0.9509948492050171,-7.233066163702487e-07,0.1387854516506195,-6.079584409235395e-07,-0.02383284457027912,0.1388971638677112,-3.679913446479815e-07,-0.0027493494678537704,trajectory,GOAL_DIRECT,3.646312952041626,5.727638363815435,2.0601484764441555e-05
538,8406.546,6.974008083343506,1.906075885926839e-05,-0.9535290598869324,-7.230677081836346e-07,0.13878512382507324,-5.792426236439496e-07,-0.0053990609012544155,0.13889719009375823,-3.6942537236447916e-07,-0.004043651482889443,trajectory,GOAL_DIRECT,3.646312952041626,5.745122075058239,2.0601484764441555e-05
539,8406.687,6.99107551574707,1.8991251636180095e-05,-0.9535050988197327,-7.228276585591454e-07,0.13878503441810608,-5.50888955785922e-07,0.0026796103920787573,0.1388971972463183,-3.7121405843191184e-07,-0.004579855024571088,trajectory,GOAL_DIRECT,3.6490538120269775,5.762189507461921,2.0601484764441555e-05
540,8406.796,7.0039801597595215,1.8941020243801177e-05,-0.9532210826873779,-7.226461576235279e-07,0.13878503441810608,-5.293003368933569e-07,0.00324679771438241,0.1388971972463207,-3.737153084408826e-07,-0.004640483051667198,trajectory,GOAL_DIRECT,3.6536598205566406,5.775094151474455,2.0601484764441555e-05
541,8406.89,7.015635967254639,1.8897375412052497e-05,-0.9529450535774231,-7.225431457840347e-07,0.13878503441810608,-5.09907863488479e-07,0.0033036409877240658,0.13889719724632185,-3.717534300505254e-07,-0.004658831969032272,trajectory,GOAL_DIRECT,3.654120922088623,5.786749958969643,2.0601484764441555e-05
542,8406.953,7.019382476806641,1.8883689335780218e-05,-0.9528560042381287,-7.225748484756422e-07,0.13878503441810608,-5.043737587584474e-07,0.003302695695310831,0.13889719724632266,-3.7763531012111827e-07,-0.004687802835453664,trajectory,GOAL_DIRECT,3.6535751819610596,5.790496468521667,2.0601484764441555e-05
543,8407.093,7.03478479385376,1.8828679458238184e-05,-0.9524906873703003,-7.227051817497692e-07,0.13878503441810608,-4.886015858573955e-07,0.0032783050555735826,0.13889719724632357,-3.744976921997984e-07,-0.004704117427666102,trajectory,GOAL_DIRECT,3.6529085636138916,5.805898785568873,2.0601484764441555e-05
544,8407.234,7.0560150146484375,1.875445195764769e-05,-0.9519921541213989,-7.228848302809265e-07,0.13878503441810608,-4.852660708820622e-07,0.003238923382014036,0.1388971972463246,-3.735882631772045e-07,-0.004745846752925398,trajectory,GOAL_DIRECT,3.6522369384765625,5.827129006363667,2.0601484764441555e-05
545,8407.328,7.068503379821777,1.871046879386995e-05,-0.9517015814781189,-7.22990505868106e-07,0.13878503441810608,-4.932690558234754e-07,0.0032182063441723585,0.13889719724632488,-3.7454769772063873e-07,-0.004780610785697139,trajectory,GOAL_DIRECT,3.6515679359436035,5.839617371537075,2.0601484764441555e-05
546,8407.39,7.072249889373779,1.8697097402764484e-05,-0.9516146779060364,-7.23022208541451e-07,0.13878503441810608,-4.971093403582927e-07,0.0032123583368957043,0.13889719724632466,-3.731714381210188e-07,-0.004784488123719132,trajectory,GOAL_DIRECT,3.6509053707122803,5.843363881089099,2.0601484764441555e-05
547,8407.5,7.090982437133789,1.8628239558893256e-05,-0.9511828422546387,-7.229035366467356e-07,0.13878503441810608,-5.2462024768829e-07,0.0031855711713433266,0.13889719724632393,-3.693905424442687e-07,-0.004820513555725468,trajectory,GOAL_DIRECT,3.6502466201782227,5.8620964288492186,2.0601484764441555e-05
548,8407.609,7.103470802307129,1.858015457401052e-05,-0.9508967399597168,-7.225863580978938e-07,0.13878503441810608,-5.437807431007968e-07,0.0031698683742433786,0.13889719724632282,-3.6397919868170356e-07,-0.004833562446703566,trajectory,GOAL_DIRECT,3.649592161178589,5.8745847940226374,2.0601484764441555e-05
549,8407.734,7.117624282836914,1.8523651306168176e-05,-0.9505743980407715,-7.22226889075472e-07,0.13878503441810608,-5.641994675897877e-07,0.0031538913026452065,0.138897197246322,-3.6588203112870957e-07,-0.004879929155256829,trajectory,GOAL_DIRECT,3.649592161178589,5.888738274552516,2.0601484764441555e-05
550,8407.812,7.128031253814697,1.8480799553799443e-05,-0.9503383040428162,-7.219625736175373e-07,0.13878503441810608,-5.783344363408105e-07,0.003143183421343565,0.13889719724632185,-3.651871000085605e-07,-0.004905032660535047,trajectory,GOAL_DIRECT,3.648942232131958,5.899145245530371,2.0601484764441555e-05
551,8407.906,7.1346917152404785,1.8452830772730522e-05,-0.950187623500824,-7.217934117243384e-07,0.13878503441810608,-5.86989870043908e-07,0.003136790357530117,0.13889719724632135,-3.621933968949337e-07,-0.004912055242529581,trajectory,GOAL_DIRECT,3.648296594619751,5.9058057069562,2.0601484764441555e-05
552,8408.031,7.154673099517822,1.8366530639468692e-05,-0.9497372508049011,-7.212859260441756e-07,0.13878503441810608,-6.111260972829768e-07,0.0031194654293358326,0.1388971972463216,-3.580578045445659e-07,-0.0049501728356320844,trajectory,GOAL_DIRECT,3.6476523876190186,5.925787091233691,2.0601484764441555e-05
553,8408.14,7.169242858886719,1.8301499949302524e-05,-0.950627863407135,-7.209158844018214e-07,0.13878528773784637,-6.273821213653719e-07,-0.022100111469626427,0.13889717698074291,-3.573462111277231e-07,-0.0029078538778533995,trajectory,GOAL_DIRECT,3.6470136642456055,5.9403568506027,2.0601484764441555e-05
554,8408.265,7.183396339416504,1.8236791220260784e-05,-0.9519795775413513,-7.20579893738918e-07,0.13878490030765533,-6.411193567146256e-07,-0.002231139922514558,0.13889720797515742,-3.5082558750239023e-07,-0.004429785894911533,trajectory,GOAL_DIRECT,3.6463754177093506,5.954510331132598,2.0601484764441555e-05
555,8408.343,7.19463586807251,1.818451528379228e-05,-0.9519312381744385,-7.207380233356091e-07,0.13878490030765533,-6.485910262199468e-07,0.0022292400244623423,0.1388972079751581,-3.548075629659265e-07,-0.004690562937643747,trajectory,GOAL_DIRECT,3.6481759548187256,5.965749859788694,2.0601484764441555e-05
556,8408.375,7.197549819946289,1.8170883777202107e-05,-0.9518803358078003,-7.207790198996231e-07,0.13878490030765533,-6.495585580523766e-07,0.00259083672426641,0.13889720797515803,-3.535734428960051e-07,-0.004722035791959981,trajectory,GOAL_DIRECT,3.6481759548187256,5.9686638116624975,2.0601484764441555e-05
557,8408.468,7.209205627441406,1.811628317227587e-05,-0.9516337513923645,-7.209430061635389e-07,0.13878490030765533,-6.493992827927286e-07,0.0031288661994040012,0.13889720797515975,-3.534388725289984e-07,-0.004781765506975802,trajectory,GOAL_DIRECT,3.6508796215057373,5.980319619157711,2.0601484764441555e-05
558,8408.562,7.219196319580078,1.8069684301735833e-05,-0.9514049291610718,-7.210835658283332e-07,0.13878490030765533,-6.441241566790268e-07,0.003205136628821492,0.13889720797516006,-3.4990907642722174e-07,-0.004799308252893837,trajectory,GOAL_DIRECT,3.6506800651550293,5.990310311296463,2.0601484764441555e-05
559,8408.609,7.225024223327637,1.80427359737223e-05,-0.9512699842453003,-7.211655589703966e-07,0.13878490030765533,-6.388559086190071e-07,0.0032114852219820023,0.13889720797516078,-3.5493025079441195e-07,-0.004827440560065536,trajectory,GOAL_DIRECT,3.6500749588012695,5.996138215044069,2.0601484764441555e-05
560,8408.687,7.235014915466309,1.7997168470174074e-05,-0.9510387778282166,-7.213061186496845e-07,0.13878490030765533,-6.260685836423363e-07,0.003204945009201765,0.1388972079751615,-3.521047077284262e-07,-0.004838477663897304,trajectory,GOAL_DIRECT,3.6500749588012695,6.00612890718282,2.0601484764441555e-05
561,8408.781,7.2462544441223145,1.7947199012269266e-05,-0.9507796764373779,-7.212674604376756e-07,0.13878490030765533,-6.077409011595591e-07,0.003191006137058139,0.13889720797516425,-3.543133241911694e-07,-0.004866396921493001,trajectory,GOAL_DIRECT,3.649421453475952,6.017368435838911,2.0601484764441555e-05
562,8408.812,7.251666069030762,1.7923646737472154e-05,-0.950655460357666,-7.211913273614068e-07,0.13878490030765533,-6.002088070999889e-07,0.003184014232829213,0.1388972079751647,-3.529576283792404e-07,-0.004872048373140283,trajectory,GOAL_DIRECT,3.649421453475952,6.022780060747398,2.0601484764441555e-05
563,8408.89,7.258742809295654,1.78932496055495e-05,-0.950493335723877,-7.210917687136537e-07,0.13878490030765533,-5.921511956330505e-07,0.003175091929733753,0.13889720797516572,-3.5612322024434166e-07,-0.004896273958188204,trajectory,GOAL_DIRECT,3.649421453475952,6.029856801012342,2.0601484764441555e-05
564,8409.0,7.26998233795166,1.7845668480731547e-05,-0.9502367377281189,-7.209453576565844e-07,0.13878490030765533,-5.835269689669076e-07,0.003161872271448374,0.13889720797516622,-3.528782664194063e-07,-0.004908046285313276,trajectory,GOAL_DIRECT,3.6487674713134766,6.041096329668428,2.0601484764441555e-05
565,8409.093,7.282886981964111,1.7791768186725676e-05,-0.9499431252479553,-7.21124551628769e-07,0.13878490030765533,-5.74971636524424e-07,0.0031479657627642155,0.13889720797516827,-3.5444990406183803e-07,-0.0049400023207807125,trajectory,GOAL_DIRECT,3.6481165885925293,6.054000973680969,2.0601484764441555e-05
566,8409.125,7.288298606872559,1.7769432815839536e-05,-0.9498278498649597,-7.212006749389052e-07,0.13878493010997772,-5.703436158910336e-07,0.0008003903785720468,0.13889720559098273,-3.5297022818170985e-07,-0.004757960059195119,trajectory,GOAL_DIRECT,3.647470235824585,6.059412598589454,2.0601484764441555e-05
567,8409.218,7.2982892990112305,1.7728731108945794e-05,-0.9507373571395874,-7.213412102873482e-07,0.13878516852855682,-5.599694077318418e-07,-0.02165183611214161,0.13889718651749766,-3.5560187060720715e-07,-0.0029342626209862403,trajectory,GOAL_DIRECT,3.647470235824585,6.069403290728193,2.0601484764441555e-05
568,8409.312,7.31077766418457,1.767899448168464e-05,-0.9522418975830078,-7.215168794850696e-07,0.13878485560417175,-5.448233082461229e-07,-0.005320949014276266,0.13889721155144935,-3.5272549341275785e-07,-0.004165506566644448,trajectory,GOAL_DIRECT,3.6468260288238525,6.0818916559016145,2.0601484764441555e-05
569,8409.343,7.314940452575684,1.766273817338515e-05,-0.9523356556892395,-7.215754358872866e-07,0.13878482580184937,-5.39046311587299e-07,-0.0013485067756846547,0.13889721393563711,-3.5797533298793115e-07,-0.004372602703741086,trajectory,GOAL_DIRECT,3.647897958755493,6.0860544442927536,2.0601484764441555e-05
570,8409.421,7.3249311447143555,1.7624459360376932e-05,-0.9522724151611328,-7.215280696644169e-07,0.13878482580184937,-5.245342435955536e-07,0.0022408103104680777,0.13889721393563795,-3.560334646154838e-07,-0.004662910097038638,trajectory,GOAL_DIRECT,3.647897958755493,6.096045136431488,2.0601484764441555e-05
571,8409.546,7.337419509887695,1.7577869584783912e-05,-0.9520198702812195,-7.212807474952147e-07,0.13878482580184937,-5.119596266922599e-07,0.003113062819465995,0.13889721393563867,-3.533028543500041e-07,-0.004745317541754138,trajectory,GOAL_DIRECT,3.6514039039611816,6.108533501604901,2.0601484764441555e-05
572,8409.625,7.3503241539001465,1.7530563127365895e-05,-0.9517228603363037,-7.210275688991858e-07,0.13878482580184937,-5.067069537290081e-07,0.003230890491977334,0.13889721393563947,-3.568708659083675e-07,-0.004779344437466119,trajectory,GOAL_DIRECT,3.6514649391174316,6.121438145617427,2.0601484764441555e-05
573,8409.656,7.353238105773926,1.751992203935515e-05,-0.951654851436615,-7.210522359144051e-07,0.13878482580184937,-5.065333539278072e-07,0.0032342250924557447,0.13889721393563947,-3.5602859524575896e-07,-0.004783011650488829,trajectory,GOAL_DIRECT,3.650883913040161,6.124352097491223,2.0601484764441555e-05
574,8409.75,7.364477634429932,1.7478940208093263e-05,-0.951392650604248,-7.213377174054362e-07,0.13878482580184937,-5.051584821558208e-07,0.003227675799280405,0.13889721393564128,-3.568060621243783e-07,-0.004811627313992891,trajectory,GOAL_DIRECT,3.650883913040161,6.135591626147293,2.0601484764441555e-05
575,8409.859,7.376133441925049,1.743662687658798e-05,-0.9511222839355469,-7.216337722741129e-07,0.13878482580184937,-5.019110744797217e-07,0.0032115173526108265,0.13889721393564147,-3.5364965831981965e-07,-0.004823852971694383,trajectory,GOAL_DIRECT,3.6502301692962646,6.147247433642477,2.0601484764441555e-05
576,8410.046,7.391952037811279,1.7379794371663593e-05,-0.9507573246955872,-7.220355610066615e-07,0.13878482580184937,-4.945371756548411e-07,0.0031891316175460815,0.1388972139356427,-3.5524159690827794e-07,-0.004863697430587717,trajectory,GOAL_DIRECT,3.649569511413574,6.163066029528796,2.0601484764441555e-05
577,8410.171,7.412349700927734,1.7308095266344026e-05,-0.9502906203269958,-7.225536569735523e-07,0.13878482580184937,-4.799862836080138e-07,0.0031637754291296005,0.13889721393564436,-3.5446568749357647e-07,-0.004901031101784461,trajectory,GOAL_DIRECT,3.6489145755767822,6.183463692645361,2.0601484764441555e-05
578,8410.296,7.427335739135742,1.725700349197723e-05,-0.9499496221542358,-7.229342988867098e-07,0.13878482580184937,-4.6567635081373737e-07,0.003147548297420144,0.138897213935646,-3.563421214584154e-07,-0.00493727785892711,trajectory,GOAL_DIRECT,3.6482632160186768,6.198449730853446,2.0601484764441555e-05
579,8410.375,7.438158988952637,1.7221133020939305e-05,-0.9501301050186157,-7.231266306835495e-07,0.13878504931926727,-4.546094487523078e-07,-0.014754372648894787,0.13889719605425319,-3.544062879356387e-07,-0.0034961000400029222,trajectory,GOAL_DIRECT,3.6476144790649414,6.209272980670395,2.0601484764441555e-05
580,8410.421,7.443570613861084,1.7203479728777893e-05,-0.9508472681045532,-7.232027209622512e-07,0.13878503441810608,-4.5099218937139085e-07,-0.017450325191020966,0.1388971972463471,-3.5913024188927447e-07,-0.0032516146077866503,trajectory,GOAL_DIRECT,3.6469719409942627,6.214684605578868,2.0601484764441555e-05
581,8410.531,7.457307815551758,1.7159041817649268e-05,-0.9514282941818237,-7.233958732383423e-07,0.1387847363948822,-4.481968289837823e-07,0.0004420613113325089,0.13889722108820518,-3.558867396923881e-07,-0.004653954224111403,trajectory,GOAL_DIRECT,3.6469719409942627,6.228421807269608,2.0601484764441555e-05
582,8410.625,7.466882228851318,1.712802804831881e-05,-0.9513075947761536,-7.235304945473108e-07,0.1387847363948822,-4.5146791194383695e-07,0.002563140355050564,0.13889722108820585,-3.573753766954499e-07,-0.004772666384466655,trajectory,GOAL_DIRECT,3.6471803188323975,6.237996220569214,2.0601484764441555e-05
583,8410.656,7.472710132598877,1.7108986867242493e-05,-0.9511906504631042,-7.236124379631078e-07,0.1387847363948822,-4.555847397114121e-07,0.0029486531857401133,0.1388972210882056,-3.5555642064437335e-07,-0.004809354626574285,trajectory,GOAL_DIRECT,3.649711847305298,6.2438241243168005,2.0601484764441555e-05
584,8410.75,7.483949661254883,1.7071615729946643e-05,-0.9509404897689819,-7.237704717156058e-07,0.1387847363948822,-4.68067980818887e-07,0.0031644359696656466,0.1388972210882047,-3.549798479392699e-07,-0.004849561253460404,trajectory,GOAL_DIRECT,3.649711847305298,6.255063652972862,2.0601484764441555e-05
585,8410.859,7.496854305267334,1.7027141439029947e-05,-0.9506440758705139,-7.239519179116663e-07,0.1387847363948822,-4.89776709855505e-07,0.0031916419975459576,0.13889722108820343,-3.497140285773156e-07,-0.004866558430614229,trajectory,GOAL_DIRECT,3.649550676345825,6.267968296985381,2.0601484764441555e-05
586,8410.984,7.511840343475342,1.697251536825206e-05,-0.9503000378608704,-7.240181660588693e-07,0.1387847363948822,-5.226212351772119e-07,0.0031785692553967237,0.13889722108820338,-3.4819014676128976e-07,-0.004906716979746196,trajectory,GOAL_DIRECT,3.6489527225494385,6.282954335193475,2.0601484764441555e-05
587,8411.109,7.52682638168335,1.691408942861017e-05,-0.9499576687812805,-7.240611124533554e-07,0.1387847363948822,-5.600680879069841e-07,0.003161434782668948,0.13889722108820088,-3.441123759758623e-07,-0.004937572881515032,trajectory,GOAL_DIRECT,3.6483047008514404,6.297940373401576,2.0601484764441555e-05
588,8411.203,7.538482189178467,1.6865778889041394e-05,-0.9502304792404175,-7.238798999133652e-07,0.1387849748134613,-5.889033900530194e-07,-0.016366301104426384,0.1388972020147129,-3.3783408985594136e-07,-0.0033617134875905583,trajectory,GOAL_DIRECT,3.6476540565490723,6.309596180896773,2.0601484764441555e-05
589,8411.234,7.543477535247803,1.684440576354973e-05,-0.9509506225585938,-7.2378102584844e-07,0.1387849748134613,-5.981686399536557e-07,-0.022499963641166687,0.1388972020147138,-3.4253875061597084e-07,-0.0028380679403544233,trajectory,GOAL_DIRECT,3.647006034851074,6.314591526966145,2.0601484764441555e-05
590,8411.343,7.555549621582031,1.679168599366676e-05,-0.9518371820449829,-7.235420802415189e-07,0.13878460228443146,-6.121074420661898e-07,-0.0016720579005777836,0.1388972318170354,-3.370462363756399e-07,-0.004459972425282078,trajectory,GOAL_DIRECT,3.647006034851074,6.326663613300461,2.0601484764441555e-05
591,8411.421,7.565540313720703,1.6747442714404315e-05,-0.9517867565155029,-7.233443322064925e-07,0.13878460228443146,-6.157022767183662e-07,0.0021529083605855703,0.13889723181703673,-3.38106993456064e-07,-0.004697933693162454,trajectory,GOAL_DIRECT,3.6471078395843506,6.3366543054392075,2.0601484764441555e-05
592,8411.5,7.572200775146484,1.6717920516384766e-05,-0.9516639113426208,-7.232125002100076e-07,0.13878460228443146,-6.139788979453442e-07,0.002851540455594659,0.13889723181703684,-3.35785924642244e-07,-0.0047599665194072854,trajectory,GOAL_DIRECT,3.6503806114196777,6.3433147668650385,2.0601484764441555e-05
593,8411.625,7.585521697998047,1.6659512766636908e-05,-0.951368510723114,-7.230665414890568e-07,0.13878460228443146,-6.009281605656724e-07,0.0031912026461213827,0.1388972318170391,-3.3696849057398135e-07,-0.004809518595912522,trajectory,GOAL_DIRECT,3.6504945755004883,6.356635689716699,2.0601484764441555e-05
594,8411.75,7.605086803436279,1.6576854250160977e-05,-0.9509151577949524,-7.23229900482624e-07,0.13878460228443146,-5.697608003174537e-07,0.0032138864044100046,0.13889723181704092,-3.3259673011908415e-07,-0.004834000942983693,trajectory,GOAL_DIRECT,3.6499228477478027,6.376200795155067,2.0601484764441555e-05
595,8411.859,7.620072841644287,1.651663114898838e-05,-0.9505690336227417,-7.230213704579789e-07,0.13878460228443146,-5.480011964209552e-07,0.0031945586670190096,0.13889723181704333,-3.3887612504435885e-07,-0.0048826419580433765,trajectory,GOAL_DIRECT,3.6492717266082764,6.3911868333631725,2.0601484764441555e-05
596,8411.906,7.622986793518066,1.6505151506862603e-05,-0.9505018591880798,-7.230225555577657e-07,0.13878460228443146,-5.454579650177038e-07,0.0031906324438750744,0.13889723181704347,-3.381422010610012e-07,-0.004885686581924955,trajectory,GOAL_DIRECT,3.6486153602600098,6.39410078523697,2.0601484764441555e-05
597,8411.968,7.634226322174072,1.646132477617357e-05,-0.9502441883087158,-7.231176978431335e-07,0.13878460228443146,-5.369630002860504e-07,0.0031761014834046364,0.13889723181704558,-3.400804652916991e-07,-0.004915557388778831,trajectory,GOAL_DIRECT,3.6486153602600098,6.405340313893046,2.0601484764441555e-05
598,8412.093,7.647130966186523,1.6411760952905752e-05,-0.9499495625495911,-7.23226935256446e-07,0.13878460228443146,-5.293047138366092e-07,0.003160913474857807,0.13889723181704602,-3.3666045636889313e-07,-0.0049290736360513236,trajectory,GOAL_DIRECT,3.647960662841797,6.418244957905575,2.0601484764441555e-05
599,8412.171,7.657954216003418,1.6370671801269054e-05,-0.9501289129257202,-7.23318553711206e-07,0.13878482580184937,-5.245061061032175e-07,-0.014742113649845123,0.1388972139356534,-3.399337647991346e-07,-0.0035121176952172643,trajectory,GOAL_DIRECT,3.647313117980957,6.429068207722534,2.0601484764441555e-05
600,8412.265,7.664198398590088,1.6347115888493136e-05,-0.9509186148643494,-7.233714105033215e-07,0.13878482580184937,-5.225128916208632e-07,-0.014033406972885132,0.13889721393565352,-3.381846753833175e-07,-0.0035293291324426054,trajectory,GOAL_DIRECT,3.646667003631592,6.4353123903092415,2.0601484764441555e-05
601,8412.39,7.682098388671875,1.6279933333862573e-05,-0.9512891173362732,-7.235229332720262e-07,0.13878467679023743,-5.197536552259407e-07,0.0020163250155746937,0.1388972258565844,-3.3727219589984373e-07,-0.0047522272652953884,trajectory,GOAL_DIRECT,3.646667003631592,6.453212380391133,2.0601484764441555e-05
602,8412.5,7.6954193115234375,1.623002754058689e-05,-0.9510294198989868,-7.236356943682479e-07,0.13878467679023743,-5.204624358157162e-07,0.003063224023208022,0.13889722585658504,-3.376468156842119e-07,-0.004832693682500708,trajectory,GOAL_DIRECT,3.6488375663757324,6.466533303242774,2.0601484764441555e-05
603,8412.593,7.707075119018555,1.6186209904844873e-05,-0.9507654309272766,-7.237343603036519e-07,0.13878467679023743,-5.230403985478915e-07,0.0031865527853369713,0.1388972258565849,-3.3389374623375485e-07,-0.004855759432056533,trajectory,GOAL_DIRECT,3.6490867137908936,6.47818911073796,2.0601484764441555e-05
604,8412.687,7.711654186248779,1.6168924048542976e-05,-0.950659990310669,-7.237731219150701e-07,0.13878467679023743,-5.245535703579662e-07,0.003194680903106928,0.13889722585658645,-3.385969968208998e-07,-0.004884679060622432,trajectory,GOAL_DIRECT,3.6490867137908936,6.482768177968212,2.0601484764441555e-05
605,8412.781,7.730386734008789,1.6097545085358433e-05,-0.9502289295196533,-7.239316921078741e-07,0.13878467679023743,-5.336803496902576e-07,0.003182891756296158,0.13889722585658593,-3.320710428157172e-07,-0.004905288968428352,trajectory,GOAL_DIRECT,3.6484506130218506,6.5015007257283335,2.0601484764441555e-05
606,8412.828,7.735382080078125,1.6078276530606672e-05,-0.9501144886016846,-7.239739774829151e-07,0.13878467679023743,-5.369112159314682e-07,0.0031770013738423586,0.13889722585658626,-3.3612301158145465e-07,-0.004934099894380841,trajectory,GOAL_DIRECT,3.6477975845336914,6.5064960717977,2.0601484764441555e-05
607,8412.921,7.737879753112793,1.6068595869001e-05,-0.9500572681427002,-7.239951201689066e-07,0.13878467679023743,-5.386525003814313e-07,0.003174048149958253,0.13889722585658615,-3.3519460400915e-07,-0.004936724659419332,trajectory,GOAL_DIRECT,3.6477975845336914,6.508993744832384,2.0601484764441555e-05
608,8413.0,7.755363464355469,1.5999850802472793e-05,-0.9496586322784424,-7.24143118942302e-07,0.13878467679023743,-5.531907163458527e-07,0.0031542370561510324,0.1388972258565851,-3.3032747954871364e-07,-0.004962609962935988,trajectory,GOAL_DIRECT,3.6471495628356934,6.526477456075169,2.0601484764441555e-05
609,8413.109,7.768684387207031,1.594609784660861e-05,-0.9501452445983887,-7.241053929745413e-07,0.1387849897146225,-5.664260811499844e-07,-0.019081057980656624,0.13889720082263354,-3.248612358876905e-07,-0.00315945574399406,trajectory,GOAL_DIRECT,3.6471495628356934,6.539798378926817,2.0601484764441555e-05
610,8413.234,7.783254146575928,1.588623308634851e-05,-0.9518190622329712,-7.23816984703699e-07,0.13878487050533295,-5.719730324926786e-07,-0.0041941250674426556,0.1388972103593788,-3.276353395867857e-07,-0.004262856066445236,trajectory,GOAL_DIRECT,3.6465022563934326,6.55436813829581,2.0601484764441555e-05
611,8413.343,7.796991348266602,1.5829784388188273e-05,-0.9518089890480042,-7.235450568421537e-07,0.13878487050533295,-5.666996116815426e-07,0.0023153992369771004,0.13889721035937913,-3.234300693094267e-07,-0.0047841216700471685,trajectory,GOAL_DIRECT,3.646169900894165,6.568105339986575,2.0601484764441555e-05
612,8413.453,7.810728549957275,1.5774361600051634e-05,-0.9515253305435181,-7.234047608378231e-07,0.13878487050533295,-5.514820600183157e-07,0.0031437226571142673,0.1388972103593812,-3.2790819621932197e-07,-0.004791508212623997,trajectory,GOAL_DIRECT,3.6499197483062744,6.581842541677338,2.0601484764441555e-05
613,8413.562,7.824049472808838,1.5722287571406923e-05,-0.9512178897857666,-7.235921250555167e-07,0.13878487050533295,-5.331222610038822e-07,0.0032295826822519302,0.13889721035938293,-3.288089250466456e-07,-0.004826205731401075,trajectory,GOAL_DIRECT,3.650670051574707,6.595163464528982,2.0601484764441555e-05
614,8413.703,7.839868068695068,1.56628193508368e-05,-0.9508498907089233,-7.238146200599126e-07,0.13878487050533295,-5.097328426018066e-07,0.003218939295038581,0.13889721035938427,-3.2585874675759663e-07,-0.00484375421426617,trajectory,GOAL_DIRECT,3.6501736640930176,6.610982060415305,2.0601484764441555e-05
615,8413.796,7.8527727127075195,1.5616349628544413e-05,-0.9505513310432434,-7.239961291391369e-07,0.13878487050533295,-4.893773848380079e-07,0.003200764302164316,0.13889721035938696,-3.3107977270549786e-07,-0.004886889699496658,trajectory,GOAL_DIRECT,3.649528741836548,6.623886704427827,2.0601484764441555e-05
616,8413.875,7.8590168952941895,1.5594558135489933e-05,-0.9504073858261108,-7.240722970563285e-07,0.13878487050533295,-4.791442620444286e-07,0.0031920564360916615,0.13889721035938757,-3.3016472436304194e-07,-0.004893390331067474,trajectory,GOAL_DIRECT,3.648869514465332,6.630130887014529,2.0601484764441555e-05
617,8414.015,7.877749443054199,1.5531599274254404e-05,-0.9499779343605042,-7.242308210965922e-07,0.13878487050533295,-4.559742592391558e-07,0.003168208058923483,0.13889721035938962,-3.3154267159843975e-07,-0.0049323873485247575,trajectory,GOAL_DIRECT,3.6482150554656982,6.648863434774632,2.0601484764441555e-05
618,8414.125,7.891902923583984,1.5485575204365887e-05,-0.9506524205207825,-7.243505948510055e-07,0.1387852281332016,-4.477312529616029e-07,-0.020701836794614792,0.1388971817491624,-3.327557241818e-07,-0.0030079185342448385,trajectory,GOAL_DIRECT,3.647561550140381,6.663016915304484,2.0601484764441555e-05
619,8414.234,7.905223846435547,1.5442657968378626e-05,-0.9522148966789246,-7.244633231179709e-07,0.1387849897146225,-4.47534148406703e-07,-0.004726008046418428,0.13889720082264875,-3.2943494545752617e-07,-0.0042078610261934435,trajectory,GOAL_DIRECT,3.646913528442383,6.676337838156108,2.0601484764441555e-05
620,8414.359,7.919377326965332,1.5396688468172215e-05,-0.9522196054458618,-7.245830969308857e-07,0.1387849897146225,-4.5519047375819355e-07,0.0023218831047415733,0.13889720082264898,-3.310863684375286e-07,-0.004673222133499368,trajectory,GOAL_DIRECT,3.647982597351074,6.69049131868596,2.0601484764441555e-05
621,8414.484,7.933530807495117,1.534952207293827e-05,-0.9519253969192505,-7.247028707738535e-07,0.1387849897146225,-4.710031475951837e-07,0.0031631982419639826,0.13889720082264786,-3.291378619654671e-07,-0.00475503098836779,trajectory,GOAL_DIRECT,3.651348114013672,6.704644799215814,2.0601484764441555e-05
622,8414.578,7.946435451507568,1.5304776752600446e-05,-0.9516260623931885,-7.24743936727636e-07,0.1387849897146225,-4.923563210468274e-07,0.003241665894165635,0.13889720082264664,-3.238867397801973e-07,-0.0047762751268470224,trajectory,GOAL_DIRECT,3.6513593196868896,6.717549443228331,2.0601484764441555e-05
623,8414.609,7.949349403381348,1.5294383047148585e-05,-0.9515580534934998,-7.246862496660088e-07,0.1387849897146225,-4.974203307028802e-07,0.003242529695853591,0.13889720082264798,-3.2869231624639034e-07,-0.004805809733388542,trajectory,GOAL_DIRECT,3.6507694721221924,6.720463395102127,2.0601484764441555e-05
624,8414.671,7.958923816680908,1.5259540305123664e-05,-0.9513345956802368,-7.24496706444429e-07,0.1387849897146225,-5.120282366988249e-07,0.003234278643503785,0.13889720082264714,-3.247498672842415e-07,-0.0048163225398637054,trajectory,GOAL_DIRECT,3.6507694721221924,6.7300378084017405,2.0601484764441555e-05
625,8414.718,7.96267032623291,1.5245648683048785e-05,-0.9512471556663513,-7.244225373497557e-07,0.1387849897146225,-5.1689653446374e-07,0.0032291184179484844,0.13889720082264687,-3.2324914765097755e-07,-0.004820281722513556,trajectory,GOAL_DIRECT,3.6501145362854004,6.733784317953764,2.0601484764441555e-05
626,8414.843,7.975574970245361,1.5196921594906598e-05,-0.9509477615356445,-7.241670659894656e-07,0.1387849897146225,-5.300143470776675e-07,0.0032098847441375256,0.13889720082264673,-3.222200565482539e-07,-0.004850352177806466,trajectory,GOAL_DIRECT,3.6501145362854004,6.74668896196629,2.0601484764441555e-05
627,8414.921,7.989312171936035,1.5144011740630958e-05,-0.9506309628486633,-7.238951125475648e-07,0.1387849897146225,-5.377605702960864e-07,0.0031903048511594534,0.13889720082264592,-3.20565271679646e-07,-0.004877773419394809,trajectory,GOAL_DIRECT,3.6494526863098145,6.760426163657046,2.0601484764441555e-05
628,8415.015,7.99389123916626,1.5126243852137122e-05,-0.9505258798599243,-7.238044613868737e-07,0.1387849897146225,-5.389177317738358e-07,0.003184177912771702,0.13889720082264587,-3.190352789461746e-07,-0.00488253741376074,trajectory,GOAL_DIRECT,3.648796319961548,6.765005230887298,2.0601484764441555e-05
629,8415.14,8.014305114746094,1.5047105080157053e-05,-0.9500597715377808,-7.234006515897375e-07,0.1387849897146225,-5.35416631919361e-07,0.0031595698092132807,0.13889720082264764,-3.1760253504034605e-07,-0.00492240084119701,trajectory,GOAL_DIRECT,3.648144006729126,6.7854191064672555,2.0601484764441555e-05
630,8415.265,8.030558586120605,1.4985125744715333e-05,-0.9496910572052002,-7.230792518603082e-07,0.1387849897146225,-5.225259656072012e-07,0.0031425778288394213,0.13889720082264992,-3.1888250086840536e-07,-0.004959946043445089,trajectory,GOAL_DIRECT,3.6474945545196533,6.801672577841863,2.0601484764441555e-05
631,8415.39,8.04472827911377,1.4932727935956791e-05,-0.9505138397216797,-7.231750917068027e-07,0.13878527283668518,-5.043523856329557e-07,-0.021655498072504997,0.1388971781728865,-3.2021628705047403e-07,-0.0029511526958061465,trajectory,GOAL_DIRECT,3.6468493938446045,6.815842270835107,2.0601484764441555e-05
632,8415.484,8.057230949401855,1.4887910765537526e-05,-0.9520845413208008,-7.239005145454616e-07,0.1387849748134613,-4.919301659356279e-07,-0.0059395902790129185,0.1388972020147451,-3.1756993912922763e-07,-0.004129890239329458,trajectory,GOAL_DIRECT,3.646207571029663,6.828344941123261,2.0601484764441555e-05
633,8415.515,8.060981750488281,1.4874675798637327e-05,-0.9521867036819458,-7.241859799163505e-07,0.13878494501113892,-4.884136615146417e-07,-0.0019991423469036818,0.1388972043989317,-3.230059757484882e-07,-0.0043349096563992376,trajectory,GOAL_DIRECT,3.648627281188965,6.832095742209706,2.0601484764441555e-05
634,8415.593,8.070150375366211,1.4842716154817026e-05,-0.9521600604057312,-7.248837841608977e-07,0.13878494501113892,-4.801330533155124e-07,0.0019377892604097724,0.13889720439893216,-3.210753076580296e-07,-0.004651196348795044,trajectory,GOAL_DIRECT,3.648627281188965,6.841264367087683,2.0601484764441555e-05
635,8415.703,8.084320068359375,1.4794351955060847e-05,-0.951882541179657,-7.25962208915304e-07,0.13878494501113892,-4.683722636400489e-07,0.0031135964673012495,0.1388972043989328,-3.181139413360025e-07,-0.004759136886650073,trajectory,GOAL_DIRECT,3.6512932777404785,6.855434060080918,2.0601484764441555e-05
636,8415.812,8.09723949432373,1.4751242815691512e-05,-0.9515854120254517,-7.269454785579031e-07,0.13878494501113892,-4.5880301513534505e-07,0.0032323566265404224,0.13889720439893535,-3.2121817390895365e-07,-0.0047923648620205,trajectory,GOAL_DIRECT,3.6510708332061768,6.868353486045336,2.0601484764441555e-05
637,8415.921,8.110575675964355,1.4707625268783886e-05,-0.9512745141983032,-7.279604665896583e-07,0.13878494501113892,-4.5008971483184723e-07,0.00323011027649045,0.13889720439893585,-3.1843538625118675e-07,-0.004807730045373924,trajectory,GOAL_DIRECT,3.6504571437835693,6.8816896676860235,2.0601484764441555e-05
638,8415.953,8.114326477050781,1.4695503523398656e-05,-0.9511874318122864,-7.282459319760765e-07,0.13878494501113892,-4.4785247155232355e-07,0.003225326770916581,0.138897204398937,-3.230026644684399e-07,-0.004838402593965993,trajectory,GOAL_DIRECT,3.6504571437835693,6.885440468772467,2.0601484764441555e-05
639,8416.062,8.118910789489746,1.468076698074583e-05,-0.9510812163352966,-7.285948341165151e-07,0.13878494501113892,-4.4524529130285373e-07,0.0032188964542001486,0.13889720439893713,-3.220407097005746e-07,-0.004843198942478166,trajectory,GOAL_DIRECT,3.6504571437835693,6.890024781211453,2.0601484764441555e-05
640,8416.171,8.1414155960083,1.4609552636102308e-05,-0.9505621790885925,-7.303076264658329e-07,0.13878494501113892,-4.344765329733491e-07,0.0031869392842054367,0.13889720439893768,-3.1892611580872324e-07,-0.004875082781245943,trajectory,GOAL_DIRECT,3.649141311645508,6.912529587730108,2.0601484764441555e-05
641,8416.296,8.155585289001465,1.4565501260221936e-05,-0.9502379298210144,-7.313860512985193e-07,0.13878494501113892,-4.294266489068832e-07,0.0031691323965787888,0.13889720439894007,-3.202407516637676e-07,-0.004912663876987944,trajectory,GOAL_DIRECT,3.649141311645508,6.926699280723334,2.0601484764441555e-05
642,8416.39,8.166004180908203,1.4533406101691071e-05,-0.9500010013580322,-7.321790107442728e-07,0.13878494501113892,-4.265666007086111e-07,0.0031572901643812656,0.13889720439894024,-3.206528625155223e-07,-0.0049378021174214665,trajectory,GOAL_DIRECT,3.6484861373901367,6.937118172630117,2.0601484764441555e-05
643,8416.453,8.171422004699707,1.4516793271468487e-05,-0.9498777985572815,-7.325913496594059e-07,0.13878494501113892,-4.253651013641502e-07,0.003151464741677046,0.1388972043989403,-3.1944837835982294e-07,-0.0049434962236426655,trajectory,GOAL_DIRECT,3.647834300994873,6.942535996421644,2.0601484764441555e-05
644,8416.578,8.183507919311523,1.4479878700512927e-05,-0.9499772191047668,-7.335111826321441e-07,0.13878513872623444,-4.2335480543442827e-07,-0.013863218948245049,0.13889718890173383,-3.19702935124935e-07,-0.0035931654314767,trajectory,GOAL_DIRECT,3.647188425064087,6.954621911033511,2.0601484764441555e-05
645,8416.718,8.198927879333496,1.4432963325816672e-05,-0.9525167942047119,-7.346847626482991e-07,0.13878513872623444,-4.2222947627124086e-07,-0.027160072699189186,0.13889718890173386,-3.1613139536964363e-07,-0.002402438376403915,trajectory,GOAL_DIRECT,3.646543264389038,6.970041871055549,2.0601484764441555e-05
646,8416.796,8.216848373413086,1.4378468222275842e-05,-0.955654501914978,-7.360602489814003e-07,0.13878487050533295,-4.2291077306799707e-07,-0.009639264084398746,0.13889721035940697,-3.1694027114343874e-07,-0.003531327901266724,trajectory,GOAL_DIRECT,3.648189067840576,6.987962365135214,2.0601484764441555e-05
647,8416.843,8.22143268585205,1.436450384062482e-05,-0.9558534622192383,-7.363820368406621e-07,0.13878470659255981,-4.234233585975744e-07,-0.0031591346487402916,0.13889722347242878,-3.158123676296357e-07,-0.004039790240906388,trajectory,GOAL_DIRECT,3.6534390449523926,6.9925466775741985,2.0601484764441555e-05
648,8416.937,8.23101806640625,1.433523721061647e-05,-0.9558570384979248,-7.371617522808902e-07,0.13878461718559265,-4.2495796037655964e-07,0.0018893397646024823,0.13889723062498716,-3.175708972252802e-07,-0.004296961772639745,trajectory,GOAL_DIRECT,3.6534390449523926,7.002132058128438,2.0601484764441555e-05
649,8417.031,8.243937492370605,1.4295582332124468e-05,-0.9555996060371399,-7.382518876215866e-07,0.13878461718559265,-4.28005165531431e-07,0.00322896265424788,0.13889723062498693,-3.1421954694762394e-07,-0.004417003226850623,trajectory,GOAL_DIRECT,3.658229112625122,7.015051484092848,2.0601484764441555e-05
650,8417.062,8.247688293457031,1.4284011740528513e-05,-0.9555110931396484,-7.385690716475668e-07,0.13878461718559265,-4.290989181754412e-07,0.0033185360953211784,0.13889723062498796,-3.173884212212356e-07,-0.004439742676270013,trajectory,GOAL_DIRECT,3.658634901046753,7.01880228517929,2.0601484764441555e-05
651,8417.156,8.254356384277344,1.4263364391808864e-05,-0.9553499221801758,-7.391329543578744e-07,0.13878461718559265,-4.3127508320139896e-07,0.00338293076492846,0.13889723062498782,-3.155925376038336e-07,-0.004452952797812228,trajectory,GOAL_DIRECT,3.658634901046753,7.025470375999632,2.0601484764441555e-05
652,8417.296,8.273527145385742,1.4203331375028938e-05,-0.9548822045326233,-7.407541171318567e-07,0.13878461718559265,-4.3918188907809963e-07,0.00337306153960526,0.13889723062498732,-3.1217521400355376e-07,-0.004486513846476213,trajectory,GOAL_DIRECT,3.6580612659454346,7.044641137108114,2.0601484764441555e-05
653,8417.375,8.285196304321289,1.4166193977871444e-05,-0.9546000957489014,-7.417409118506893e-07,0.13878461718559265,-4.4519325115288666e-07,0.003343976568430662,0.138897230624988,-3.1237378880593164e-07,-0.0045188320044968425,trajectory,GOAL_DIRECT,3.657376289367676,7.056310296043713,2.0601484764441555e-05
654,8417.468,8.291030883789062,1.4147425645205658e-05,-0.9544599056243896,-7.42234309206387e-07,0.13878461718559265,-4.485390263653244e-07,0.003329542698338628,0.1388972306249878,-3.106190701231328e-07,-0.004524686801115065,trajectory,GOAL_DIRECT,3.656684637069702,7.062144875511513,2.0601484764441555e-05
655,8417.578,8.309784889221191,1.4086066585150547e-05,-0.9540132880210876,-7.438202292613746e-07,0.13878461718559265,-4.608287724749971e-07,0.0032868708949536085,0.1388972306249881,-3.0811733822859997e-07,-0.004562148919117712,trajectory,GOAL_DIRECT,3.6560001373291016,7.08089888094373,2.0601484764441555e-05
656,8417.703,8.325621604919434,1.4032846593181603e-05,-0.9536405205726624,-7.451594506210674e-07,0.13878461718559265,-4.730309228762053e-07,0.0032551814801990986,0.13889723062498835,-3.065681929227161e-07,-0.004597865060156578,trajectory,GOAL_DIRECT,3.655323028564453,7.096735596642049,2.0601484764441555e-05
657,8417.796,8.336040496826172,1.3997037967783399e-05,-0.9533970952033997,-7.460405172950516e-07,0.13878461718559265,-4.819694936486485e-07,0.003236484481021762,0.1388972306249888,-3.061677431329296e-07,-0.004624910408926231,trajectory,GOAL_DIRECT,3.654651165008545,7.10715448854884,2.0601484764441555e-05
658,8417.843,8.341458320617676,1.3978145943838172e-05,-0.9532709121704102,-7.46498671962379e-07,0.13878461718559265,-4.8690333187551e-07,0.0032273507677018642,0.1388972306249885,-3.042480221720592e-07,-0.004630488863510114,trajectory,GOAL_DIRECT,3.653986930847168,7.1125723123403715,2.0601484764441555e-05
659,8417.921,8.351877212524414,1.394125592923956e-05,-0.9530295133590698,-7.473797386242703e-07,0.13878461718559265,-4.969407996213704e-07,0.0032108426094055176,0.13889723062498882,-3.03739728042549e-07,-0.004657469264194485,trajectory,GOAL_DIRECT,3.653986930847168,7.122991204247164,2.0601484764441555e-05
660,8418.031,8.36396312713623,1.3897481949243229e-05,-0.9527510404586792,-7.484017759420969e-07,0.13878461718559265,-5.094900075164333e-07,0.003193116281181574,0.13889723062498804,-2.991731139697327e-07,-0.0046699748029561,trajectory,GOAL_DIRECT,3.653986930847168,7.135077118859045,2.0601484764441555e-05
661,8418.109,8.374382019042969,1.38588393383543e-05,-0.9525121450424194,-7.492828425868034e-07,0.13878461718559265,-5.210890208218188e-07,0.0031791727524250746,0.1388972306249893,-2.999209090716677e-07,-0.004703633919831283,trajectory,GOAL_DIRECT,3.6533262729644775,7.145496010765842,2.0601484764441555e-05
662,8418.156,8.38146686553955,1.3832052900397684e-05,-0.9523500204086304,-7.498819679006594e-07,0.13878461718559265,-5.29389296843874e-07,0.0031704166904091835,0.13889723062498877,-2.970568866985448e-07,-0.004711039666559464,trajectory,GOAL_DIRECT,3.6526713371276855,7.152580857262464,2.0601484764441555e-05
663,8418.234,8.388134956359863,1.3806448805553373e-05,-0.9521982073783875,-7.503799208644231e-07,0.13878461718559265,-5.374644160838216e-07,0.0031626487616449594,0.1388972306249881,-2.9822806884107304e-07,-0.004735619418650486,trajectory,GOAL_DIRECT,3.6526713371276855,7.159248948082816,2.0601484764441555e-05
664,8418.328,8.401054382324219,1.3755915460933466e-05,-0.9519044756889343,-7.507564093645689e-07,0.13878461718559265,-5.475191642290156e-07,0.0031486619263887405,0.1388972306249875,-2.9330707097319944e-07,-0.004749187056302645,trajectory,GOAL_DIRECT,3.6520209312438965,7.172168374047248,2.0601484764441555e-05
665,8418.437,8.406055450439453,1.3736178516410291e-05,-0.9517914652824402,-7.508976360515061e-07,0.13878461718559265,-5.486804752763419e-07,0.0031436262652277946,0.1388972306249891,-2.962818734104325e-07,-0.004774000530546105,trajectory,GOAL_DIRECT,3.651373863220215,7.177169442162513,2.0601484764441555e-05
666,8418.531,8.42605972290039,1.3657635463459883e-05,-0.9513400793075562,-7.514625427945085e-07,0.13878461718559265,-5.380836114454723e-07,0.0031253115739673376,0.13889723062498974,-2.907286272355838e-07,-0.004795104653989469,trajectory,GOAL_DIRECT,3.6507301330566406,7.197173714623571,2.0601484764441555e-05
667,8418.609,8.429393768310547,1.36447679324192e-05,-0.9512652158737183,-7.514953445444237e-07,0.13878461718559265,-5.341208861864288e-07,0.0031225348357111216,0.1388972306249914,-2.9609433196552845e-07,-0.004823410786915061,trajectory,GOAL_DIRECT,3.650088310241699,7.200507760033747,2.0601484764441555e-05
668,8418.718,8.443563461303711,1.3591153219749685e-05,-0.9509470462799072,-7.515745844058951e-07,0.13878461718559265,-5.171245902602095e-07,0.0031114541925489902,0.13889723062499243,-2.93150504699615e-07,-0.004838432815152643,trajectory,GOAL_DIRECT,3.6494503021240234,7.214677453026992,2.0601484764441555e-05
669,8418.859,8.466485023498535,1.350809725408908e-05,-0.950435221195221,-7.517027665347799e-07,0.13878461718559265,-4.895879897048871e-07,0.003096100641414523,0.13889723062499573,-2.929269486968044e-07,-0.004880055575278208,trajectory,GOAL_DIRECT,3.6494503021240234,7.237599015221939,2.0601484764441555e-05
670,8418.984,8.4806547164917,1.3459027286444325e-05,-0.9501194357872009,-7.517820063962936e-07,0.13878461718559265,-4.725390567728027e-07,0.003087973454967141,0.13889723062499723,-2.9564548340354175e-07,-0.004917671136728753,trajectory,GOAL_DIRECT,3.648813009262085,7.251768708215174,2.0601484764441555e-05
671,8419.078,8.491073608398438,1.3424057215161156e-05,-0.9498884677886963,-7.51840271000358e-07,0.13878461718559265,-4.599902467816719e-07,0.0030825750436633825,0.13889723062499798,-2.9393061832319495e-07,-0.004928787663749683,trajectory,GOAL_DIRECT,3.648181915283203,7.262187600121962,2.0601484764441555e-05
672,8419.156,8.496491432189941,1.3406243851932231e-05,-0.9497683644294739,-7.51870568594475e-07,0.13878461718559265,-4.5345484522840707e-07,0.002743445336818695,0.13889723062499992,-2.9833619583847513e-07,-0.0049316727756826915,trajectory,GOAL_DIRECT,3.6475486755371094,7.2676054239134915,2.0601484764441555e-05
673,8419.296,8.514411926269531,1.3349184882827103e-05,-0.9519150853157043,-7.51970783713494e-07,0.13878494501113892,-4.3134033944625116e-07,-0.026279084384441376,0.13889720439895756,-2.957381933577487e-07,-0.002502534353670363,trajectory,GOAL_DIRECT,3.6469192504882812,7.28552591799316,2.0601484764441555e-05
674,8419.437,8.536083221435547,1.3283912267070264e-05,-0.9546583294868469,-7.52091974090017e-07,0.13878463208675385,-4.0557841884947265e-07,-0.001445446047000587,0.1388972294329095,-2.975729401501503e-07,-0.004263065620482918,trajectory,GOAL_DIRECT,3.646601438522339,7.307197213159265,2.0601484764441555e-05
675,8419.546,8.547752380371094,1.3250431948108599e-05,-0.9545667767524719,-7.521572304466218e-07,0.13878463208675385,-3.915263278031489e-07,0.002524500945582986,0.13889722943291216,-3.003008619353296e-07,-0.004464771231632241,trajectory,GOAL_DIRECT,3.650749444961548,7.318866372094855,2.0601484764441555e-05
676,8419.64,8.562338829040527,1.3210248653194867e-05,-0.9542500376701355,-7.522388008923933e-07,0.13878463208675385,-3.7386948292805755e-07,0.003252248978242278,0.13889722943291322,-2.987851730988186e-07,-0.004538828028361805,trajectory,GOAL_DIRECT,3.655644655227661,7.333452820764341,2.0601484764441555e-05
677,8419.671,8.566923141479492,1.3198003216530196e-05,-0.9541420340538025,-7.522644373182108e-07,0.13878463208675385,-3.6831255556535325e-07,0.003289859276264906,0.13889722943291322,-3.029517904018906e-07,-0.00456516690280748,trajectory,GOAL_DIRECT,3.6562063694000244,7.338037133203321,2.0601484764441555e-05
678,8419.75,8.574424743652344,1.3178360859456006e-05,-0.9539639353752136,-7.523063878331884e-07,0.13878463208675385,-3.592139705688169e-07,0.0033055534586310387,0.13889722943291377,-3.022760817644288e-07,-0.004575327371326214,trajectory,GOAL_DIRECT,3.6562063694000244,7.345538735376198,2.0601484764441555e-05
679,8419.859,8.584843635559082,1.3151894563634414e-05,-0.9537165760993958,-7.523646524373316e-07,0.13878463208675385,-3.4656719094527944e-07,0.0032947962172329426,0.13889722943291452,-3.0141996600719315e-07,-0.00458683475580526,trajectory,GOAL_DIRECT,3.655669689178467,7.355957627282968,2.0601484764441555e-05
680,8419.968,8.598179817199707,1.3119400136929471e-05,-0.9534013271331787,-7.524392311306475e-07,0.13878463208675385,-3.303632354345609e-07,0.003269865643233061,0.1388972294329164,-3.041126163885046e-07,-0.004624029376385193,trajectory,GOAL_DIRECT,3.6550049781799316,7.369293808923632,2.0601484764441555e-05
681,8420.046,8.611099243164062,1.3089406820654403e-05,-0.9530984163284302,-7.52511479239811e-07,0.13878463208675385,-3.146486449168151e-07,0.0032457562629133463,0.13889722943291735,-3.033363273314087e-07,-0.004637246166197042,trajectory,GOAL_DIRECT,3.6543328762054443,7.382213234888021,2.0601484764441555e-05
682,8420.109,8.619017601013184,1.3071746252535377e-05,-0.9529138207435608,-7.525557603389825e-07,0.13878463208675385,-3.0500891057272383e-07,0.003232034621760249,0.13889722943291885,-3.068455154414144e-07,-0.004672524298756023,trajectory,GOAL_DIRECT,3.6543328762054443,7.390131592737162,2.0601484764441555e-05
683,8420.203,8.624435424804688,1.3059978300589137e-05,-0.9527879953384399,-7.525860579331553e-07,0.13878463208675385,-2.9840967386007833e-07,0.0032229807693511248,0.13889722943291924,-3.0660172766732344e-07,-0.004678091260819336,trajectory,GOAL_DIRECT,3.653663396835327,7.395549416528679,2.0601484764441555e-05
684,8420.328,8.63985538482666,1.30278976939735e-05,-0.9524316191673279,-7.526722895473523e-07,0.13878463208675385,-2.796111857605865e-07,0.003199358005076647,0.13889722943292038,-3.060506129636216e-07,-0.00469402024823298,trajectory,GOAL_DIRECT,3.6529998779296875,7.4109693765506846,2.0601484764441555e-05
685,8420.453,8.655275344848633,1.2997905287193134e-05,-0.9520776867866516,-7.527585211615685e-07,0.13878463208675385,-2.6078890869030147e-07,0.003178536659106612,0.1388972294329215,-3.095706595852392e-07,-0.004739333123576051,trajectory,GOAL_DIRECT,3.65234112739563,7.4263893365726865,2.0601484764441555e-05
686,8420.578,8.672779083251953,1.2966392205271404e-05,-0.9516785144805908,-7.52856405696648e-07,0.13878463208675385,-2.393942395428894e-07,0.0031579365022480488,0.13889722943292176,-3.113283392188139e-07,-0.004773186436811615,trajectory,GOAL_DIRECT,3.651686668395996,7.443893074976034,2.0601484764441555e-05
687,8420.687,8.688615798950195,1.2940205124323256e-05,-0.9513194561004639,-7.529449678950745e-07,0.13878463208675385,-2.200107616090463e-07,0.003141531953588128,0.13889722943292301,-3.1343539234913623e-07,-0.004807356384328856,trajectory,GOAL_DIRECT,3.651036500930786,7.459729790674297,2.0601484764441555e-05
688,8420.796,8.700701713562012,1.2921707821078598e-05,-0.951046347618103,-7.530125548359926e-07,0.13878463208675385,-2.0520121779554756e-07,0.003130313940346241,0.13889722943292404,-3.153357557112503e-07,-0.004835882182803276,trajectory,GOAL_DIRECT,3.6503896713256836,7.471815705286126,2.0601484764441555e-05
689,8420.921,8.712787628173828,1.2904499271826353e-05,-0.9507747888565063,-7.530801417769223e-07,0.13878463208675385,-1.9037703680169216e-07,0.003120112931355834,0.13889722943292493,-3.1570507488767643e-07,-0.0048486440401638775,trajectory,GOAL_DIRECT,3.649746894836426,7.483901619897952,2.0601484764441555e-05
690,8421.015,8.726957321166992,1.288596831727773e-05,-0.9504566192626953,-7.53159381638717e-07,0.13878463208675385,-1.729783605242119e-07,0.0031092693097889423,0.13889722943292626,-3.1858487192978206e-07,-0.004887603738175172,trajectory,GOAL_DIRECT,3.649106740951538,7.498071312891125,2.0601484764441555e-05
691,8421.046,8.732375144958496,1.2879351743322331e-05,-0.9503357410430908,-7.531896792329369e-07,0.13878463208675385,-1.663206177227039e-07,0.003105444135144353,0.13889722943292668,-3.188612484133054e-07,-0.00489334163518383,trajectory,GOAL_DIRECT,3.648468494415283,7.503489136682631,2.0601484764441555e-05
692,8421.125,8.741127014160156,1.2869211786892265e-05,-0.9501404762268066,-7.532386215005279e-07,0.13878463208675385,-1.5555960430901905e-07,0.003099677385762334,0.1388972294329265,-3.209865582497901e-07,-0.0049219240354420185,trajectory,GOAL_DIRECT,3.648468494415283,7.512241005884293,2.0601484764441555e-05
693,8421.234,8.75487995147705,1.2854648048232775e-05,-0.9498336315155029,-7.533155307781834e-07,0.13878463208675385,-1.3863390790902486e-07,0.0030914025846868753,0.13889722943292754,-3.219135005115968e-07,-0.004936604286921168,trajectory,GOAL_DIRECT,3.6478331089019775,7.525993943201189,2.0601484764441555e-05
694,8421.343,8.768632888793945,1.2841782336181495e-05,-0.9507453441619873,-7.53392440055854e-07,0.1387849748134613,-1.2124955617309752e-07,-0.022124554961919785,0.13889720201479025,-3.2466549866027026e-07,-0.002895791864457842,trajectory,GOAL_DIRECT,3.647200584411621,7.539746880518081,2.0601484764441555e-05
695,8421.453,8.7815523147583,1.2831234926125035e-05,-0.9521464705467224,-7.534646881651951e-07,0.138784721493721,-1.05633823466178e-07,-0.003852912224829197,0.1388972222803707,-3.266854637534943e-07,-0.00424742969582844,trajectory,GOAL_DIRECT,3.646568536758423,7.55266630648243,2.0601484764441555e-05
696,8421.562,8.793638229370117,1.2822687494917773e-05,-0.9521507024765015,-7.535322751062036e-07,0.138784721493721,-9.081540497390961e-08,0.0020678089931607246,0.13889722228037163,-3.2792098581269753e-07,-0.0047208757967786815,trajectory,GOAL_DIRECT,3.6486802101135254,7.564752221094238,2.0601484764441555e-05
697,8421.671,8.807807922363281,1.2814315596187953e-05,-0.9518702030181885,-7.536115149680906e-07,0.138784721493721,-7.332003804094711e-08,0.00309184193611145,0.13889722228037227,-3.3085509968093825e-07,-0.004755108008072967,trajectory,GOAL_DIRECT,3.6512978076934814,7.578921914087389,2.0601484764441555e-05
698,8421.781,8.820310592651367,1.2808412066078745e-05,-0.951585590839386,-7.536814324932984e-07,0.138784721493721,-5.7852247437040205e-08,0.0031953759025782347,0.13889722228037318,-3.324383565608084e-07,-0.004777621334330434,trajectory,GOAL_DIRECT,3.6510794162750244,7.591424584375461,2.0601484764441555e-05
699,8421.89,8.8348970413208,1.2803286153939553e-05,-0.9512497186660767,-7.537630029393901e-07,0.138784721493721,-3.978458451570077e-08,0.0031941274646669626,0.13889722228037185,-3.3551015097323766e-07,-0.004819131578248129,trajectory,GOAL_DIRECT,3.6504721641540527,7.606011033044874,2.0601484764441555e-05
700,8422.0,8.846982955932617,1.2800476724805776e-05,-0.9509724378585815,-7.538305898804506e-07,0.138784721493721,-2.4797829567546614e-08,0.0031801117584109306,0.13889722228037324,-3.377522010094541e-07,-0.004846623970334163,trajectory,GOAL_DIRECT,3.649822950363159,7.61809694765667,2.0601484764441555e-05
701,8422.093,8.858652114868164,1.27990015243995e-05,-0.9507057666778564,-7.538958462373477e-07,0.138784721493721,-1.0313968346054025e-08,0.0031662131659686565,0.13889722228037413,-3.3963740067101625e-07,-0.004858845641975037,trajectory,GOAL_DIRECT,3.649822950363159,7.629766106592195,2.0601484764441555e-05
702,8422.125,8.864069938659668,1.2798730494978372e-05,-0.9505825638771057,-7.53926143831625e-07,0.138784721493721,-3.5846874357758907e-09,0.0031600946094840765,0.1388972222803732,-3.4100587639895636e-07,-0.0048884035955490315,trajectory,GOAL_DIRECT,3.649169683456421,7.635183930383687,2.0601484764441555e-05
703,8422.218,8.873238563537598,1.2798869647667743e-05,-0.9503740668296814,-7.539774166834845e-07,0.138784721493721,7.810018409770692e-09,0.0031502179335802794,0.1388972222803739,-3.4261813151015596e-07,-0.0048980383138479446,trajectory,GOAL_DIRECT,3.649169683456421,7.644352555261596,2.0601484764441555e-05
704,8422.312,8.884907722473145,1.2800135664292611e-05,-0.9501101970672607,-7.540426730404061e-07,0.138784721493721,2.232453688577607e-08,0.0031386304181069136,0.13889722228037218,-3.4491620995523273e-07,-0.004924871183996193,trajectory,GOAL_DIRECT,3.6485209465026855,7.656021714197116,2.0601484764441555e-05
705,8422.343,8.889908790588379,1.2801050615962595e-05,-0.9499971866607666,-7.540706400505189e-07,0.138784721493721,2.8549214547979318e-08,0.003133971244096756,0.13889722228037255,-3.4588034164430037e-07,-0.004930148970400087,trajectory,GOAL_DIRECT,3.647876501083374,7.661022782312337,2.0601484764441555e-05
706,8422.421,8.899077415466309,1.2803317076759413e-05,-0.9501139521598816,-7.541219129023973e-07,0.13878491520881653,4.02508177899108e-08,-0.012933233752846718,0.1388972067831663,-3.4775496634486723e-07,-0.0036554847433771225,trajectory,GOAL_DIRECT,3.647876501083374,7.6701914071902415,2.0601484764441555e-05
707,8422.531,8.911163330078125,1.2807473467546515e-05,-0.9513155221939087,-7.541894998435202e-07,0.13878484070301056,5.517722456716001e-08,-0.0051285214722156525,0.13889721274363168,-3.5027027413771095e-07,-0.0042197832241262535,trajectory,GOAL_DIRECT,3.6472342014312744,7.682277321802022,2.0601484764441555e-05
708,8422.64,8.925333023071289,1.2813994544558227e-05,-0.9513421654701233,-7.542687397055414e-07,0.13878484070301056,7.272787172496464e-08,0.0022042091004550457,0.13889721274362946,-3.532171031432785e-07,-0.00474717565796079,trajectory,GOAL_DIRECT,3.6468396186828613,7.696447014795141,2.0601484764441555e-05
709,8422.75,8.939502716064453,1.2822313692595344e-05,-0.9510571360588074,-7.543479795675788e-07,0.13878484070301056,9.041250592645156e-08,0.0030880782287567854,0.1388972127436305,-3.565257446887355e-07,-0.004832136658790726,trajectory,GOAL_DIRECT,3.649550676345825,7.710616707788256,2.0601484764441555e-05
710,8422.875,8.953672409057617,1.2832440006604884e-05,-0.9507355690002441,-7.544272194296322e-07,0.13878484070301056,1.0813127460096439e-07,0.0031789459753781557,0.13889721274362982,-3.594433927498515e-07,-0.004866831290649691,trajectory,GOAL_DIRECT,3.6496033668518066,7.724786400781367,2.0601484764441555e-05
711,8422.984,8.966591835021973,1.2843248441640753e-05,-0.9504399299621582,-7.544994675391657e-07,0.13878484070301056,1.2430569995558471e-07,0.0031751638744026423,0.13889721274362943,-3.6235127508992227e-07,-0.0048954320828703485,trajectory,GOAL_DIRECT,3.649034023284912,7.73770582674567,2.0601484764441555e-05
712,8423.093,8.97742748260498,1.2853474800067488e-05,-0.9501926302909851,-7.54560062727817e-07,0.13878484070301056,1.3788438479878096e-07,0.003164005698636174,0.13889721274363026,-3.652725119541724e-07,-0.004906904412367685,trajectory,GOAL_DIRECT,3.6483917236328125,7.748541474328632,2.0601484764441555e-05
713,8423.203,8.9949312210083,1.2872231309302151e-05,-0.9497950673103333,-7.546579472633507e-07,0.13878484070301056,1.598440206862506e-07,0.0031455927528440952,0.1388972127436287,-3.6926728180446515e-07,-0.004949152326305104,trajectory,GOAL_DIRECT,3.6477434635162354,7.766045212731872,2.0601484764441555e-05
714,8423.312,9.007017135620117,1.2886815966339782e-05,-0.9504477977752686,-7.547255342045667e-07,0.13878518342971802,1.7543966635003017e-07,-0.020209480077028275,0.1388971853254909,-3.7200437908487455e-07,-0.0030655686965927005,trajectory,GOAL_DIRECT,3.647096633911133,7.778131127343629,2.0601484764441555e-05
715,8423.437,9.02285385131836,1.290793989028316e-05,-0.9521276950836182,-7.548140964034197e-07,0.1387849599123001,1.9503981718571595e-07,-0.002607522765174508,0.1388972032068855,-3.7687238177922793e-07,-0.004389730416123522,trajectory,GOAL_DIRECT,3.6464526653289795,7.79396784304179,2.0601484764441555e-05
716,8423.546,9.035356521606445,1.2926196177431848e-05,-0.9520727396011353,-7.54884013928844e-07,0.1387849599123001,2.1069018885100377e-07,0.002365375868976116,0.13889720320688403,-3.791827042735931e-07,-0.0046878742482611,trajectory,GOAL_DIRECT,3.6488707065582275,7.806470513329806,2.0601484764441555e-05
717,8423.671,9.04952621459961,1.2948597031936515e-05,-0.9517776370048523,-7.54963253791007e-07,0.1387849599123001,2.2853254222354735e-07,0.003156292485073209,0.13889720320688512,-3.8391299261545425e-07,-0.004765902707363015,trajectory,GOAL_DIRECT,3.651221990585327,7.820640206322889,2.0601484764441555e-05
718,8423.781,9.063279151916504,1.2972081094630994e-05,-0.9514598846435547,-7.55040163069004e-07,0.1387849599123001,2.4588172209405457e-07,0.003230498870834708,0.13889720320688276,-3.867072792388339e-07,-0.004803099409319508,trajectory,GOAL_DIRECT,3.6509430408477783,7.834393143639699,2.0601484764441555e-05
719,8423.859,9.073281288146973,1.299023915635189e-05,-0.9512271881103516,-7.550960970893752e-07,0.1387849599123001,2.585123013432167e-07,0.0032249316573143005,0.13889720320688353,-3.902838937016064e-07,-0.004814288858898031,trajectory,GOAL_DIRECT,3.650322675704956,7.844395279870104,2.0601484764441555e-05
720,8423.953,9.080782890319824,1.3004454558540601e-05,-0.9510533809661865,-7.551380476046588e-07,0.1387849599123001,2.6799190777637705e-07,0.003215162316337228,0.13889720320688057,-3.909857002281606e-07,-0.004846370274300362,trajectory,GOAL_DIRECT,3.6496639251708984,7.851896882042906,2.0601484764441555e-05
721,8424.078,9.095369338989258,1.3033563845965546e-05,-0.9507168531417847,-7.552196180510565e-07,0.1387849599123001,2.864406383196183e-07,0.0031945568043738604,0.1388972032068817,-3.9646693443975277e-07,-0.0048615482245633855,trajectory,GOAL_DIRECT,3.6496639251708984,7.86648333071224,2.0601484764441555e-05
722,8424.218,9.115790367126465,1.3077571566100232e-05,-0.9502490162849426,-7.553338166760421e-07,0.1387849599123001,3.123046212749614e-07,0.003168388269841671,0.13889720320687973,-4.023341458061107e-07,-0.004905257613127321,trajectory,GOAL_DIRECT,3.649005889892578,7.8869043588493,2.0601484764441555e-05
723,8424.296,9.127042770385742,1.310344578087097e-05,-0.9499931335449219,-7.553967424490078e-07,0.1387849599123001,3.2657402471159003e-07,0.0031557076144963503,0.138897203206877,-4.047320326680284e-07,-0.004937582049227724,trajectory,GOAL_DIRECT,3.6483540534973145,7.898156762108492,2.0601484764441555e-05
724,8424.343,9.133710861206055,1.311932737735333e-05,-0.94999760389328,-7.554340317959553e-07,0.13878509402275085,3.3524608511470433e-07,-0.008547299541532993,0.1388971924780415,-4.075144225675415e-07,-0.004001117959327468,trajectory,GOAL_DIRECT,3.6477041244506836,7.904824852928752,2.0601484764441555e-05
725,8424.406,9.140378952026367,1.3135630069882609e-05,-0.9507596492767334,-7.554713211429063e-07,0.13878531754016876,3.439396039084386e-07,-0.021192088723182678,0.13889717459664588,-4.082730469098635e-07,-0.002962473167413007,trajectory,GOAL_DIRECT,3.6477041244506836,7.911492943749011,2.0601484764441555e-05
726,8424.437,9.144963264465332,1.3147076970199123e-05,-0.951525092124939,-7.554969575689372e-07,0.13878531754016876,3.4980786267624353e-07,-0.023699577897787094,0.13889717459664624,-4.102312791417179e-07,-0.0027236018910343747,trajectory,GOAL_DIRECT,3.647057294845581,7.916077256187939,2.0601484764441555e-05
727,8424.531,9.154131889343262,1.3170535567041952e-05,-0.9523565173149109,-7.555482304210039e-07,0.13878507912158966,3.611116312640661e-07,-0.004311989527195692,0.13889719367013326,-4.141696594148767e-07,-0.004233037701183091,trajectory,GOAL_DIRECT,3.647057294845581,7.925245881065793,2.0601484764441555e-05
728,8424.656,9.169968605041504,1.3212841622589622e-05,-0.9523141384124756,-7.556367926200445e-07,0.13878507912158966,3.811347824012046e-07,0.002571741584688425,0.13889719367013104,-4.186530646721019e-07,-0.004682264985372537,trajectory,GOAL_DIRECT,3.647733211517334,7.941082596763899,2.0601484764441555e-05
729,8424.734,9.180387496948242,1.3241925444162916e-05,-0.9520949125289917,-7.556950572246873e-07,0.13878507912158966,3.943930835248466e-07,0.0031284342985600233,0.13889719367012915,-4.2130784526857363e-07,-0.0047396227386153926,trajectory,GOAL_DIRECT,3.651463508605957,7.951501488670544,2.0601484764441555e-05
730,8424.828,9.189139366149902,1.3267124813864939e-05,-0.9518939852714539,-7.557439994925941e-07,0.13878507912158966,4.055451938711485e-07,0.0032253037206828594,0.13889719367012981,-4.2537706849198005e-07,-0.004757418655262111,trajectory,GOAL_DIRECT,3.651672840118408,7.960253357872125,2.0601484764441555e-05
731,8424.921,9.203725814819336,1.331068324361695e-05,-0.9515540599822998,-7.558255699391193e-07,0.13878507912158966,4.2415172174514737e-07,0.0032364437356591225,0.13889719367012648,-4.296281005221481e-07,-0.004793756873053651,trajectory,GOAL_DIRECT,3.6511099338531494,7.97483980654142,2.0601484764441555e-05
732,8425.0,9.20872688293457,1.332606825599214e-05,-0.9514374732971191,-7.558535369493604e-07,0.13878507912158966,4.3053620402133674e-07,0.003230438334867358,0.13889719367012687,-4.3205292244931436e-07,-0.004799105775249343,trajectory,GOAL_DIRECT,3.6504554748535156,7.979840874656606,2.0601484764441555e-05
733,8425.125,9.22706413269043,1.3384446901909541e-05,-0.951012909412384,-7.559560826535951e-07,0.13878507912158966,4.539674307579844e-07,0.003203759202733636,0.13889719367012396,-4.3822612749853083e-07,-0.004838247065587005,trajectory,GOAL_DIRECT,3.649794578552246,7.998178124412282,2.0601484764441555e-05
734,8425.234,9.239150047302246,1.3424615644908044e-05,-0.9507347941398621,-7.560236695950372e-07,0.13878507912158966,4.6942918174863735e-07,0.003186907386407256,0.13889719367012157,-4.4150359458825834e-07,-0.004869449130986445,trajectory,GOAL_DIRECT,3.649794578552246,8.010264039023973,2.0601484764441555e-05
735,8425.343,9.25373649597168,1.3474887055053841e-05,-0.9504010677337646,-7.56105240041621e-07,0.13878507912158966,4.881093786934798e-07,0.0031686038710176945,0.13889719367012268,-4.4912088758723664e-07,-0.004884671170060151,trajectory,GOAL_DIRECT,3.649136543273926,8.024850487693248,2.0601484764441555e-05
736,8425.468,9.268739700317383,1.352864273940213e-05,-0.9500598907470703,-7.561891410724108e-07,0.13878507912158966,5.073454758530715e-07,0.0031518745236098766,0.13889719367011727,-4.5270446583984674e-07,-0.004927260301290651,trajectory,GOAL_DIRECT,3.648484468460083,8.039853692038783,2.0601484764441555e-05
737,8425.562,9.27957534790039,1.356875873170793e-05,-0.9498146772384644,-7.562497362613258e-07,0.13878507912158966,5.212522182773682e-07,0.003140938002616167,0.1388971936701146,-4.559994940502801e-07,-0.0049536286206855965,trajectory,GOAL_DIRECT,3.647836208343506,8.050689339621666,2.0601484764441555e-05
738,8425.593,9.284159660339355,1.3586057320935652e-05,-0.9497182965278625,-7.562753726874082e-07,0.13878510892391205,5.2718201004609e-07,0.0007944226963445544,0.13889719128592917,-4.58548187149873e-07,-0.004770726431713958,trajectory,GOAL_DIRECT,3.647191047668457,8.055273652060578,2.0601484764441555e-05
739,8425.671,9.293745040893555,1.3622874575958122e-05,-0.9505637884140015,-7.563289761237675e-07,0.1387854516506195,5.398982239057659e-07,-0.02120610699057579,0.13889716386778883,-4.6115008904827995e-07,-0.002983410350592113,trajectory,GOAL_DIRECT,3.647191047668457,8.06485903261466,2.0601484764441555e-05
740,8425.781,9.30708122253418,1.3675519767275546e-05,-0.9520788788795471,-7.564035548178449e-07,0.1387852281332016,5.56740246793197e-07,-0.004266384989023209,0.13889718174918328,-4.6876415165765977e-07,-0.004262833587439037,trajectory,GOAL_DIRECT,3.646547555923462,8.078195214255121,2.0601484764441555e-05
741,8425.906,9.320000648498535,1.3728064004681073e-05,-0.9520856142044067,-7.564758029277463e-07,0.1387852281332016,5.732549084314087e-07,0.0021738982759416103,0.13889718174917867,-4.719326127181604e-07,-0.004674056042531473,trajectory,GOAL_DIRECT,3.64804744720459,8.091114640219313,2.0601484764441555e-05
742,8426.031,9.335837364196777,1.3794578990200534e-05,-0.9517609477043152,-7.565643651269982e-07,0.1387852281332016,5.936472575740481e-07,0.003158596344292164,0.13889718174917629,-4.788418565275782e-07,-0.004768769435590162,trajectory,GOAL_DIRECT,3.651123285293579,8.106951355917346,2.0601484764441555e-05
743,8426.125,9.347923278808594,1.3846905858372338e-05,-0.9514821767807007,-7.566319520685463e-07,0.1387852281332016,6.092391799938923e-07,0.0032263235189020634,0.13889718174917293,-4.829925893115359e-07,-0.004802383674094544,trajectory,GOAL_DIRECT,3.651021718978882,8.119037270528999,2.0601484764441555e-05
744,8426.156,9.35167407989502,1.3863421372661833e-05,-0.9513952732086182,-7.566529273262705e-07,0.1387852281332016,6.140813866295503e-07,0.0032274809200316668,0.1388971817491732,-4.853134834427429e-07,-0.004806821444789038,trajectory,GOAL_DIRECT,3.6504220962524414,8.122788071615375,2.0601484764441555e-05
745,8426.234,9.362092971801758,1.3909982044424396e-05,-0.9511538743972778,-7.56711191931066e-07,0.1387852281332016,6.275395776356163e-07,0.003218350000679493,0.13889718174916876,-4.884877458633446e-07,-0.004834219269639248,trajectory,GOAL_DIRECT,3.6504220962524414,8.133206963521966,2.0601484764441555e-05
746,8426.328,9.372511863708496,1.395755407429533e-05,-0.9509129524230957,-7.567694565358699e-07,0.1387852281332016,6.410087394215225e-07,0.003204138483852148,0.1388971817491696,-4.951058328560047e-07,-0.004845128447002168,trajectory,GOAL_DIRECT,3.649768114089966,8.143625855428555,2.0601484764441555e-05
747,8426.421,9.37834644317627,1.3984635188535322e-05,-0.950778603553772,-7.568020847145642e-07,0.1387852281332016,6.48556238047604e-07,0.003195981029421091,0.1388971817491645,-4.943026432407328e-07,-0.004872374097955883,trajectory,GOAL_DIRECT,3.649111747741699,8.149460434896243,2.0601484764441555e-05
748,8426.531,9.39585018157959,1.4067782103666104e-05,-0.9503772854804993,-7.568999692506631e-07,0.1387852281332016,6.712191407132195e-07,0.003173151286318898,0.13889718174916588,-5.057465803250962e-07,-0.0048906136221713425,trajectory,GOAL_DIRECT,3.649111747741699,8.1669641732993,2.0601484764441555e-05
749,8426.625,9.408352851867676,1.412892288499279e-05,-0.9500924944877625,-7.569698867764631e-07,0.1387852281332016,6.874256541777868e-07,0.003158676903694868,0.13889718174915855,-5.08787999602794e-07,-0.0049272186868592575,trajectory,GOAL_DIRECT,3.6484572887420654,8.179466843587193,2.0601484764441555e-05
750,8426.656,9.41335391998291,1.4153786651149858e-05,-0.949978768825531,-7.569978537867866e-07,0.1387852281332016,6.939126251381822e-07,0.003153247758746147,0.13889718174915894,-5.121694624561501e-07,-0.0049324706383749315,trajectory,GOAL_DIRECT,3.647808313369751,8.184467911702349,2.0601484764441555e-05
751,8426.765,9.424606323242188,1.4210598237696104e-05,-0.9503211975097656,-7.57060779560022e-07,0.1387854963541031,7.088897291396279e-07,-0.017113829031586647,0.13889716029148189,-5.157698223876408e-07,-0.0033114836608485734,trajectory,GOAL_DIRECT,3.647808313369751,8.195720314961445,2.0601484764441555e-05
752,8426.859,9.437525749206543,1.427730512659764e-05,-0.9518519639968872,-7.571330276700455e-07,0.13878540694713593,7.254694196490163e-07,-0.0060134707018733025,0.13889716744404026,-5.247387121573902e-07,-0.004122974002869561,trajectory,GOAL_DIRECT,3.6471617221832275,8.208639740925587,2.0601484764441555e-05
753,8426.968,9.44919490814209,1.4338875189423561e-05,-0.9519476890563965,-7.571982840274976e-07,0.13878540694713593,7.405028554785531e-07,0.0016300054267048836,0.1388971674440311,-5.270776899208362e-07,-0.004647405691596007,trajectory,GOAL_DIRECT,3.6469032764434814,8.220308899860937,2.0601484764441555e-05
754,8427.062,9.462531089782715,1.4410797120945062e-05,-0.9517025351524353,-7.57272862721742e-07,0.13878540694713593,7.57835437070753e-07,0.003035404486581683,0.13889716744403216,-5.366598596376307e-07,-0.00477209531158421,trajectory,GOAL_DIRECT,3.6503958702087402,8.233645081501331,2.0601484764441555e-05
755,8427.156,9.474617004394531,1.4477414879365824e-05,-0.9514286518096924,-7.573404496634135e-07,0.13878540694713593,7.735787335150235e-07,0.0032059636432677507,0.1388971674440234,-5.391510137912534e-07,-0.004805996281848406,trajectory,GOAL_DIRECT,3.6508045196533203,8.245730996112933,2.0601484764441555e-05
756,8427.25,9.48503589630127,1.453594450140372e-05,-0.9511873722076416,-7.573987142683121e-07,0.13878540694713593,7.871647653701075e-07,0.003218649420887232,0.1388971674440242,-5.468748749366401e-07,-0.004819075124160503,trajectory,GOAL_DIRECT,3.6502702236175537,8.25614988801948,2.0601484764441555e-05
757,8427.343,9.490870475769043,1.4569165614375379e-05,-0.951052188873291,-7.574313424470591e-07,0.13878540694713593,7.947779749883921e-07,0.0032140843104571104,0.1388971674440157,-5.453349340892279e-07,-0.0048480921279664,trajectory,GOAL_DIRECT,3.6502702236175537,8.261984467487146,2.0601484764441555e-05
758,8427.453,9.506707191467285,1.4660950910183601e-05,-0.9506868720054626,-7.575199046465292e-07,0.13878540694713593,8.154597708198708e-07,0.0031938126776367426,0.13889716744401695,-5.573598488167734e-07,-0.004864736240732188,trajectory,GOAL_DIRECT,3.6496224403381348,8.27782118318509,2.0601484764441555e-05
759,8427.562,9.522127151489258,1.4752588867850136e-05,-0.9503334760665894,-7.57606136261822e-07,0.13878540694713593,8.35621449368773e-07,0.0031738951802253723,0.13889716744400923,-5.634252399853804e-07,-0.004902791778992895,trajectory,GOAL_DIRECT,3.648965835571289,8.29324114320676,2.0601484764441555e-05
760,8427.687,9.536713600158691,1.4841330994386226e-05,-0.9500011801719666,-7.576877067087382e-07,0.13878540694713593,8.547151537641184e-07,0.003157073399052024,0.13889716744400357,-5.70640320983122e-07,-0.004933579984218236,trajectory,GOAL_DIRECT,3.648312568664551,8.307827591875899,2.0601484764441555e-05
761,8427.812,9.552133560180664,1.4937326341168955e-05,-0.9496516585350037,-7.577739383240684e-07,0.13878540694713593,8.749231028559734e-07,0.003141170833259821,0.13889716744399788,-5.788840998692361e-07,-0.004964376419060536,trajectory,GOAL_DIRECT,3.647663116455078,8.323247551897554,2.0601484764441555e-05
762,8427.921,9.56421947479248,1.501414953963831e-05,-0.9500380754470825,-7.57841525265827e-07,0.1387856900691986,8.911675308809208e-07,-0.017821859568357468,0.1388971447942261,-5.843224063888686e-07,-0.0032833621568647674,trajectory,GOAL_DIRECT,3.647017002105713,8.335333466509113,2.0601484764441555e-05
763,8428.015,9.577138900756836,1.5097815776243806e-05,-0.9515343904495239,-7.579137733759959e-07,0.13878558576107025,9.07902517610637e-07,-0.005467808805406094,0.13889715313887738,-5.950006684192551e-07,-0.004196870467778806,trajectory,GOAL_DIRECT,3.6463732719421387,8.348252892473187,2.0601484764441555e-05
764,8428.046,9.579639434814453,1.511418759037042e-05,-0.9516068696975708,-7.579277568811913e-07,0.13878558576107025,9.11137703951681e-07,-0.0027628540992736816,0.1388971531388654,-5.896793338486991e-07,-0.004326963933404472,trajectory,GOAL_DIRECT,3.6466946601867676,8.350753426530748,2.0601484764441555e-05
765,8428.14,9.589641571044922,1.5180259651970118e-05,-0.9515976905822754,-7.579836909019784e-07,0.13878558576107025,9.241989005204232e-07,0.0018988617230206728,0.1388971531388662,-5.980846229591342e-07,-0.004700360154952792,trajectory,GOAL_DIRECT,3.6466946601867676,8.360755562760993,2.0601484764441555e-05
766,8428.25,9.605061531066895,1.5283972970792092e-05,-0.9512956142425537,-7.580699225173742e-07,0.13878558576107025,9.444656825507991e-07,0.0031109475530683994,0.1388971531388674,-6.112386802610923e-07,-0.004812430838342694,trajectory,GOAL_DIRECT,3.649988889694214,8.376175522782612,2.0601484764441555e-05
767,8428.375,9.618814468383789,1.5378373063867912e-05,-0.9509807825088501,-7.581468317959869e-07,0.13878558576107025,9.625799748391728e-07,0.0032100602984428406,0.13889715313885279,-6.146367019020673e-07,-0.004846587146609309,trajectory,GOAL_DIRECT,3.650066614151001,8.389928460099181,2.0601484764441555e-05
768,8428.468,9.629233360290527,1.545108352729585e-05,-0.9507395029067993,-7.582050964010064e-07,0.13878558576107025,9.76316982814751e-07,0.0032080532982945442,0.13889715313885362,-6.237915751505901e-07,-0.004858490566699984,trajectory,GOAL_DIRECT,3.6494922637939453,8.400347352005669,2.0601484764441555e-05
769,8428.5,9.633817672729492,1.5483403331018053e-05,-0.9506339430809021,-7.582307328272178e-07,0.13878558576107025,9.82364781521028e-07,0.0032031149603426456,0.13889715313884093,-6.202549495363116e-07,-0.004887794758858659,trajectory,GOAL_DIRECT,3.6488423347473145,8.404931664444522,2.0601484764441555e-05
770,8428.593,9.645486831665039,1.5566569345537573e-05,-0.9503653049468994,-7.582959891848544e-07,0.13878558576107025,9.977686659112806e-07,0.003188314149156213,0.13889715313884188,-6.306829581924145e-07,-0.004900042600663878,trajectory,GOAL_DIRECT,3.6488423347473145,8.41660082337978,2.0601484764441555e-05
771,8428.687,9.655488967895508,1.5638886907254346e-05,-0.9501364231109619,-7.583519232056946e-07,0.13878558576107025,1.0109829418070149e-06,0.0031755887903273106,0.1388971531388323,-6.345058492943486e-07,-0.00492690132397689,trajectory,GOAL_DIRECT,3.648186445236206,8.426602959609994,2.0601484764441555e-05
772,8428.718,9.660906791687012,1.5678457202739082e-05,-0.9500124454498291,-7.583822208003196e-07,0.13878558576107025,1.0181447578361258e-06,0.0031690525356680155,0.13889715313883272,-6.394440391831981e-07,-0.004932577306660787,trajectory,GOAL_DIRECT,3.6475343704223633,8.43202078340136,2.0601484764441555e-05
773,8428.812,9.672159194946289,1.576153408677783e-05,-0.9497565627098083,-7.584451465737794e-07,0.13878558576107025,1.0330287523174775e-06,0.003156334860250354,0.13889715313882423,-6.447573071558735e-07,-0.004959849625123342,trajectory,GOAL_DIRECT,3.6475343704223633,8.443273186660342,2.0601484764441555e-05
774,8428.906,9.683411598205566,1.5845826055738144e-05,-0.9499817490577698,-7.585080723472492e-07,0.13878582417964935,1.048276317305863e-06,-0.015583380125463009,0.13889713406533882,-6.552543044734105e-07,-0.003449413108868201,trajectory,GOAL_DIRECT,3.646888494491577,8.45452558991932,2.0601484764441555e-05
775,8428.937,9.687579154968262,1.587735823704861e-05,-0.9505496025085449,-7.585313781892777e-07,0.1387859731912613,1.0539104096096708e-06,-0.021644415333867073,0.138897122144395,-6.516872129481969e-07,-0.002937485631765267,trajectory,GOAL_DIRECT,3.6462433338165283,8.458693146681902,2.0601484764441555e-05
776,8429.031,9.697998046875,1.5956915376591496e-05,-0.9518942832946777,-7.585896427943551e-07,0.13878577947616577,1.0674566510715522e-06,-0.007639472372829914,0.13889713764160347,-6.615118255387871e-07,-0.003990647029341599,trajectory,GOAL_DIRECT,3.6462433338165283,8.469112038588356,2.0601484764441555e-05
777,8429.125,9.708833694458008,1.6040732589317486e-05,-0.9520614743232727,-7.586502379836447e-07,0.13878577947616577,1.0816653457368375e-06,0.0011042100377380848,0.13889713764159595,-6.669072001365763e-07,-0.004597794372675163,trajectory,GOAL_DIRECT,3.6462433338165283,8.47994768617106,2.0601484764441555e-05
778,8429.156,9.713001251220703,1.6073265214799903e-05,-0.9520116448402405,-7.586735438256817e-07,0.13878577947616577,1.0871772246900946e-06,0.0021138235460966825,0.13889713764159628,-6.709155479376441e-07,-0.004681054927495462,trajectory,GOAL_DIRECT,3.6489832401275635,8.484115242933637,2.0601484764441555e-05
779,8429.265,9.72467041015625,1.6165238776011392e-05,-0.9517824053764343,-7.587388001833928e-07,0.13878577947616577,1.1026553465853794e-06,0.003072239924222231,0.1388971376415869,-6.770817384587518e-07,-0.0047640363549342315,trajectory,GOAL_DIRECT,3.6489832401275635,8.49578440186885,2.0601484764441555e-05
780,8429.39,9.738840103149414,1.6278672774205916e-05,-0.9514577984809875,-7.588180400463424e-07,0.13878577947616577,1.1214874575671274e-06,0.003231111681088805,0.13889713764158804,-6.909999772925053e-07,-0.004792976440255896,trajectory,GOAL_DIRECT,3.651057243347168,8.509954094861598,2.0601484764441555e-05
781,8429.5,9.752593040466309,1.639060974412132e-05,-0.9511371850967407,-7.58894949325103e-07,0.13878577947616577,1.1397878552088514e-06,0.003229385707527399,0.13889713764157086,-6.95664738251254e-07,-0.004833190834512125,trajectory,GOAL_DIRECT,3.6507315635681152,8.523707032178077,2.0601484764441555e-05
782,8429.609,9.765512466430664,1.6497411706950516e-05,-0.9508377313613892,-7.589671974354679e-07,0.13878577947616577,1.1569967455216101e-06,0.0032115464564412832,0.1388971376415719,-7.086958645230166e-07,-0.004846736381192814,trajectory,GOAL_DIRECT,3.6501052379608154,8.536626458142035,2.0601484764441555e-05
783,8429.703,9.776764869689941,1.6591740859439597e-05,-0.9505783319473267,-7.590301232090223e-07,0.13878577947616577,1.1719987469405169e-06,0.0031954178120940924,0.1388971376415517,-7.106453634428956e-07,-0.004885645904931618,trajectory,GOAL_DIRECT,3.649446964263916,8.547878861400957,2.0601484764441555e-05
784,8429.796,9.780515670776367,1.662345130171161e-05,-0.9504919648170471,-7.590510984668761e-07,0.13878577947616577,1.1770023320423206e-06,0.0031902550254017115,0.138897137641552,-7.1449955840854e-07,-0.004889551238510205,trajectory,GOAL_DIRECT,3.649446964263916,8.551629662487262,2.0601484764441555e-05
785,8429.937,9.798019409179688,1.677322870818898e-05,-0.9500913619995117,-7.590623415450457e-07,0.13878577947616577,1.200228439302009e-06,0.0031681018881499767,0.1388971376415412,-7.272094848332188e-07,-0.0049229932414923665,trajectory,GOAL_DIRECT,3.64813232421875,8.569133400890014,2.0601484764441555e-05
786,8430.031,9.816356658935547,1.6932792277657427e-05,-0.9496745467185974,-7.586495793287549e-07,0.13878577947616577,1.2147195320721949e-06,0.00314796669408679,0.1388971376415274,-7.393221442595774e-07,-0.004959815402398331,trajectory,GOAL_DIRECT,3.647482395172119,8.587470650645258,2.0601484764441555e-05
787,8430.078,9.820107460021973,1.6965606846497394e-05,-0.9495897889137268,-7.58565150703078e-07,0.13878577947616577,1.2157285027569742e-06,0.0028077338356524706,0.13889713764152742,-7.429761921417718e-07,-0.004936834663967115,trajectory,GOAL_DIRECT,3.646836042404175,8.591221451731556,2.0601484764441555e-05
788,8430.171,9.826358795166016,1.702033114270307e-05,-0.9498738050460815,-7.584244363341267e-07,0.13878600299358368,1.2159416655777022e-06,-0.014753212220966816,0.13889711976011615,-7.408357646524575e-07,-0.0035397844289161273,trajectory,GOAL_DIRECT,3.646836042404175,8.597472786875386,2.0601484764441555e-05
789,8430.265,9.845529556274414,1.7187578123412095e-05,-0.9531962871551514,-7.579929123252285e-07,0.1387861669063568,1.2049906672473298e-06,-0.027815181761980057,0.1388971066470936,-7.581756143822858e-07,-0.0023287027601815767,trajectory,GOAL_DIRECT,3.646193742752075,8.616643547983125,2.0601484764441555e-05
790,8430.281,9.8484468460083,1.721285116218496e-05,-0.9537832736968994,-7.579272456356091e-07,0.1387861669063568,1.2018149391224142e-06,-0.02773279882967472,0.13889710664707008,-7.514419590970005e-07,-0.002147567041223897,trajectory,GOAL_DIRECT,3.648294687271118,8.61956083771691,2.0601484764441555e-05
791,8430.375,9.85844898223877,1.7298933016718365e-05,-0.9548218846321106,-7.577021027145987e-07,0.13878589868545532,1.188318037748104e-06,-0.0045092967338860035,0.13889712810474136,-7.597481890207636e-07,-0.003953516662126436,trajectory,GOAL_DIRECT,3.648294687271118,8.629562973947035,2.0601484764441555e-05
792,8430.5,9.874702453613281,1.743619031913113e-05,-0.9547695517539978,-7.57336245516846e-07,0.13878589868545532,1.1557743846424273e-06,0.002727786311879754,0.13889712810473934,-7.721334123000002e-07,-0.004535099949693336,trajectory,GOAL_DIRECT,3.653646469116211,8.645816445320989,2.0601484764441555e-05
793,8430.609,9.886788368225098,1.7535387087264098e-05,-0.9545001983642578,-7.570641978962352e-07,0.13878589868545532,1.1233669283683412e-06,0.0032930478919297457,0.13889712810471067,-7.702992338359672e-07,-0.004524699653170653,trajectory,GOAL_DIRECT,3.656665325164795,8.657902359932397,2.0601484764441555e-05
794,8430.703,9.898457527160645,1.762820829753764e-05,-0.9542196393013,-7.568015312598241e-07,0.13878589868545532,1.0855148957489291e-06,0.003358247922733426,0.13889712810470833,-7.77459348841832e-07,-0.004543943608782835,trajectory,GOAL_DIRECT,3.6564583778381348,8.669571518867556,2.0601484764441555e-05
795,8430.734,9.90304183959961,1.766375862644054e-05,-0.9541088342666626,-7.56698340804058e-07,0.13878589868545532,1.068883989319147e-06,0.0033560723531991243,0.1388971281046855,-7.724906921922573e-07,-0.0045734588629310685,trajectory,GOAL_DIRECT,3.6558210849761963,8.674155831306368,2.0601484764441555e-05
796,8430.828,9.912627220153809,1.7736227164277807e-05,-0.9538777470588684,-7.564825789575654e-07,0.13878589868545532,1.0309026947652455e-06,0.003338917624205351,0.1388971281046832,-7.774432414483998e-07,-0.004583640845001276,trajectory,GOAL_DIRECT,3.6558210849761963,8.683741211860259,2.0601484764441555e-05
797,8430.906,9.924296379089355,1.782067738531623e-05,-0.9535983204841614,-7.562199123902564e-07,0.13878589868545532,9.788084298634203e-07,0.0033126201014965773,0.13889712810468,-7.826261455079067e-07,-0.004595508371919926,trajectory,GOAL_DIRECT,3.655137777328491,8.69541037079544,2.0601484764441555e-05
798,8431.015,9.930130958557129,1.7861197193269618e-05,-0.9534595012664795,-7.560885791183047e-07,0.13878589868545532,9.503499995844322e-07,0.003299602074548602,0.13889712810465554,-7.776182231458024e-07,-0.0046286927027156515,trajectory,GOAL_DIRECT,3.654453992843628,8.701244950263034,2.0601484764441555e-05
799,8431.14,9.94721794128418,1.797254299162887e-05,-0.9530557990074158,-7.557039602953268e-07,0.13878589868545532,8.577599714953976e-07,0.0032641550060361624,0.1388971281046499,-7.826708378861059e-07,-0.004646042050187842,trajectory,GOAL_DIRECT,3.6537795066833496,8.718331932989583,2.0601484764441555e-05
800,8431.265,9.965555191040039,1.8078379071084782e-05,-0.9526271224021912,-7.552911987060794e-07,0.13878589868545532,7.430582513734407e-07,0.003230823203921318,0.13889712810462237,-7.801544182514013e-07,-0.0046886338143532985,trajectory,GOAL_DIRECT,3.6537795066833496,8.736669182744947,2.0601484764441555e-05
801,8431.375,9.979724884033203,1.8149179595638998e-05,-0.9522987008094788,-7.549722466217156e-07,0.13878589868545532,6.435499244616949e-07,0.0032082481775432825,0.13889712810460297,-7.7695976949253e-07,-0.004722073946405621,trajectory,GOAL_DIRECT,3.653108835220337,8.750838875737763,2.0601484764441555e-05
802,8431.453,9.990143775939941,1.8194510630564764e-05,-0.9520587921142578,-7.54737723059628e-07,0.13878589868545532,5.643335043714615e-07,0.003193204291164875,0.13889712810459817,-7.759624286117929e-07,-0.004732865870256396,trajectory,GOAL_DIRECT,3.6524460315704346,8.76125776764427,2.0601484764441555e-05
803,8431.5,9.995978355407715,1.821723890316207e-05,-0.9519248008728027,-7.54606389875726e-07,0.13878589868545532,5.17733269589371e-07,0.0031852819956839085,0.13889712810457627,-7.717745384042561e-07,-0.004763889503934628,trajectory,GOAL_DIRECT,3.651787042617798,8.767092347111923,2.0601484764441555e-05
804,8431.593,10.006814002990723,1.8254120732308365e-05,-0.9516768455505371,-7.543624854114436e-07,0.13878589868545532,4.269253111033322e-07,0.0031716034281998873,0.13889712810457078,-7.690370253425882e-07,-0.004775192984649188,trajectory,GOAL_DIRECT,3.651787042617798,8.777927994694723,2.0601484764441555e-05
805,8431.671,10.016399383544922,1.8280668882653117e-05,-0.9514585733413696,-7.541467237918707e-07,0.13878589868545532,3.419735605802998e-07,0.0031604922842234373,0.13889712810455648,-7.644912978453757e-07,-0.00480199063871305,trajectory,GOAL_DIRECT,3.6511330604553223,8.78751337524876,2.0601484764441555e-05
806,8431.781,10.022233963012695,1.829390566854272e-05,-0.9513258934020996,-7.540153906424403e-07,0.13878589868545532,2.881395460008207e-07,0.0031541031785309315,0.13889712810455324,-7.619597407916289e-07,-0.0048081135072211515,trajectory,GOAL_DIRECT,3.6504833698272705,8.793347954716447,2.0601484764441555e-05
807,8431.906,10.043071746826172,1.832197085605003e-05,-0.9508543014526367,-7.535463437438799e-07,0.13878589868545532,8.275272733726524e-08,0.003133509075269103,0.13889712810453222,-7.49687457651766e-07,-0.004845457411952646,trajectory,GOAL_DIRECT,3.6498372554779053,8.814185738529678,2.0601484764441555e-05
808,8432.0,10.056407928466797,1.832316047511995e-05,-0.9505541324615479,-7.532461537810272e-07,0.13878589868545532,-5.9455395273744216e-08,0.003121990244835615,0.13889712810451413,-7.404324089850674e-07,-0.004880254009051422,trajectory,GOAL_DIRECT,3.649193525314331,8.827521920170208,2.0601484764441555e-05
809,8432.046,10.059741973876953,1.8321292373002507e-05,-0.95047926902771,-7.531711062966831e-07,0.13878589868545532,-9.631968111989408e-08,0.003119293600320816,0.1388971281045119,-7.375541379937746e-07,-0.004883781449182133,trajectory,GOAL_DIRECT,3.6485533714294434,8.830855965580348,2.0601484764441555e-05
810,8432.125,10.07182788848877,1.830696055549197e-05,-0.9502078890800476,-7.528990591872918e-07,0.13878589868545532,-2.3435291041096207e-07,0.0031100439373403788,0.1388971281044973,-7.279647857761321e-07,-0.0049130797787386845,trajectory,GOAL_DIRECT,3.6485533714294434,8.842941880192134,2.0601484764441555e-05
811,8432.203,10.082246780395508,1.828474341891706e-05,-0.949975311756134,-7.526645358439961e-07,0.13878589868545532,-3.588831702927564e-07,0.003102784976363182,0.13889712810448981,-7.165854093809827e-07,-0.004924127928056188,trajectory,GOAL_DIRECT,3.6479170322418213,8.853360772098883,2.0601484764441555e-05
812,8432.328,10.08849811553955,1.826685002015438e-05,-0.9499288201332092,-7.525238218499607e-07,0.13878600299358368,-4.376734636934998e-07,-0.006056314799934626,0.13889711975983035,-7.133976266241592e-07,-0.004215855483164422,trajectory,GOAL_DIRECT,3.6472792625427246,8.859612107242949,2.0601484764441555e-05
813,8432.437,10.110586166381836,1.8174243450630456e-05,-0.9534309506416321,-7.520266324760999e-07,0.1387861967086792,-7.29082501038647e-07,-0.02780335023999214,0.13889710426260518,-6.825292264813364e-07,-0.002300986122538678,trajectory,GOAL_DIRECT,3.646705150604248,8.881700158085426,2.0601484764441555e-05
814,8432.562,10.123505592346191,1.8098346117767505e-05,-0.9551979899406433,-7.518178794787748e-07,0.13878586888313293,-9.030515002450556e-07,-0.005592742934823036,0.1388971304886391,-6.707639472542991e-07,-0.0038377306061208507,trajectory,GOAL_DIRECT,3.650235414505005,8.894619584049973,2.0601484764441555e-05
815,8432.656,10.135174751281738,1.8015871319221333e-05,-0.9552698731422424,-7.5181792971879e-07,0.13878583908081055,-1.0599484312479035e-06,0.001829040702432394,0.13889713287281547,-6.508420150169483e-07,-0.004427879137021329,trajectory,GOAL_DIRECT,3.650235414505005,8.906288742985748,2.0601484764441555e-05
816,8432.765,10.141426086425781,1.7966323866858147e-05,-0.955162525177002,-7.518273146036988e-07,0.13878583908081055,-1.1414961136324564e-06,0.0027850051410496235,0.13889713287281635,-6.504107247103594e-07,-0.00442896860385082,trajectory,GOAL_DIRECT,3.6557674407958984,8.912540078129929,2.0601484764441555e-05
817,8432.875,10.16059684753418,1.779360172804445e-05,-0.9547229409217834,-7.518276313322064e-07,0.13878583908081055,-1.3504945854947437e-06,0.0033326875418424606,0.13889713287280378,-6.17859915913254e-07,-0.004494762408675172,trajectory,GOAL_DIRECT,3.657536029815674,8.931710839238836,2.0601484764441555e-05
818,8432.968,10.173099517822266,1.7667352949501947e-05,-0.9544225335121155,-7.518652916853539e-07,0.13878583908081055,-1.4490535704680951e-06,0.003331364132463932,0.13889713287280978,-6.119824060408203e-07,-0.00453369507942542,trajectory,GOAL_DIRECT,3.6571409702301025,8.9442135095273,2.0601484764441555e-05
819,8433.0,10.178934097290039,1.7605769244255498e-05,-0.9542828798294067,-7.518980446402476e-07,0.13878583908081055,-1.4819697753409855e-06,0.003320429241284728,0.1388971328728078,-6.036265693218148e-07,-0.0045398029722665215,trajectory,GOAL_DIRECT,3.656485080718994,8.95004808899526,2.0601484764441555e-05
820,8433.187,10.19643783569336,1.7415100955986418e-05,-0.9538667798042297,-7.519540824635258e-07,0.13878583908081055,-1.5322101489800843e-06,0.0032833977602422237,0.13889713287281585,-5.930017029614415e-07,-0.0045769704519236076,trajectory,GOAL_DIRECT,3.6558032035827637,8.96755182739916,2.0601484764441555e-05
821,8433.328,10.216025352478027,1.7200587535626255e-05,-0.9534065127372742,-7.516930887395386e-07,0.13878583908081055,-1.4968002233217703e-06,0.0032454454340040684,0.13889713287282995,-5.870244270032497e-07,-0.004615220381359821,trajectory,GOAL_DIRECT,3.655128240585327,8.987139344184474,2.0601484764441555e-05
822,8433.437,10.230195045471191,1.7050917449523695e-05,-0.9530767798423767,-7.514838564741623e-07,0.13878583908081055,-1.4343718248710502e-06,0.0032214384991675615,0.13889713287284622,-5.906542494649712e-07,-0.004649998800441405,trajectory,GOAL_DIRECT,3.654456615447998,9.001309037178082,2.0601484764441555e-05
823,8433.546,10.243531227111816,1.6916417735046707e-05,-0.9527685046195984,-7.513329047141945e-07,0.13878583908081055,-1.3670504586116294e-06,0.0032009785063564777,0.13889713287285854,-5.92364560947948e-07,-0.004678255767945641,trajectory,GOAL_DIRECT,3.653791904449463,9.014645218819101,2.0601484764441555e-05
824,8433.656,10.257284164428711,1.6784670151537284e-05,-0.952452540397644,-7.511772356933024e-07,0.13878583908081055,-1.2938289728481323e-06,0.0031820039730519056,0.13889713287286296,-5.860942417283248e-07,-0.0046925360163789925,trajectory,GOAL_DIRECT,3.6531314849853516,9.028398156136378,2.0601484764441555e-05
825,8433.765,10.270203590393066,1.6667650925228372e-05,-0.9521572589874268,-7.513320486133757e-07,0.13878583908081055,-1.2232069366291398e-06,0.0031661507673561573,0.13889713287288113,-5.967048297261935e-07,-0.004733444899964328,trajectory,GOAL_DIRECT,3.6524760723114014,9.041317582101065,2.0601484764441555e-05
826,8433.859,10.282289505004883,1.656381027714815e-05,-0.9518824219703674,-7.517407927288854e-07,0.13878583908081055,-1.1654526588245062e-06,0.0031527348328381777,0.13889713287288458,-5.918138465396438e-07,-0.004746113476055855,trajectory,GOAL_DIRECT,3.651824712753296,9.053403496713173,2.0601484764441555e-05
827,8433.89,10.285623550415039,1.6536008843104355e-05,-0.9518066048622131,-7.518535497405891e-07,0.13878583908081055,-1.1512555602166685e-06,0.0031492384150624275,0.1388971328728985,-6.035175625720902e-07,-0.004774660998262676,trajectory,GOAL_DIRECT,3.6511776447296143,9.056737542123406,2.0601484764441555e-05
828,8433.968,10.296875953674316,1.644453004701063e-05,-0.9515523314476013,-7.522293869514815e-07,0.13878583908081055,-1.1088801556979888e-06,0.0031381247099488974,0.138897132872901,-5.985728686201168e-07,-0.004786485572584185,trajectory,GOAL_DIRECT,3.6511776447296143,9.067989945382934,2.0601484764441555e-05
829,8434.078,10.308128356933594,1.6356225387426093e-05,-0.9512982368469238,-7.521685612116484e-07,0.13878583908081055,-1.0714317113524885e-06,0.0031279234681278467,0.13889713287290328,-5.93589967116998e-07,-0.004798374203272375,trajectory,GOAL_DIRECT,3.650533437728882,9.079242348642452,2.0601484764441555e-05
830,8434.109,10.313962936401367,1.6311631043208763e-05,-0.9511672258377075,-7.521359331278939e-07,0.13878583908081055,-1.0520284376980271e-06,0.0031229897867888212,0.1388971328729146,-6.036483449298547e-07,-0.004830184169267547,trajectory,GOAL_DIRECT,3.649893045425415,9.085076928110345,2.0601484764441555e-05
831,8434.187,10.321881294250488,1.6252413843176328e-05,-0.9509894251823425,-7.520916521570762e-07,0.13878583908081055,-1.0256901532557094e-06,0.003116629784926772,0.1388971328729162,-6.004331313809716e-07,-0.004838565401886833,trajectory,GOAL_DIRECT,3.649893045425415,9.092995285959624,2.0601484764441555e-05
832,8434.296,10.335634231567383,1.615313158254139e-05,-0.950681209564209,-7.520147431024764e-07,0.13878583908081055,-9.799296094570309e-07,0.003106425516307354,0.13889713287292293,-6.015795824642447e-07,-0.0048667211048613,trajectory,GOAL_DIRECT,3.649254322052002,9.106748223276782,2.0601484764441555e-05
833,8434.406,10.345219612121582,1.608661659702193e-05,-0.9504673480987549,-7.519611398219813e-07,0.13878583908081055,-9.480247058490932e-07,0.003100048052147031,0.13889713287292485,-5.982059510273438e-07,-0.004876903981001179,trajectory,GOAL_DIRECT,3.648618459701538,9.116333603831151,2.0601484764441555e-05
834,8434.546,10.366057395935059,1.5948951840982772e-05,-0.9500028491020203,-7.517073001751059e-07,0.13878583908081055,-8.908625659387326e-07,0.003087799297645688,0.1388971328729368,-6.008957657734091e-07,-0.00492207570631231,trajectory,GOAL_DIRECT,3.6479854583740234,9.13717138764498,2.0601484764441555e-05
835,8434.656,10.378976821899414,1.5867419278947636e-05,-0.9497164487838745,-7.514887548783733e-07,0.13878583908081055,-8.634883101876767e-07,0.003081163391470909,0.13889713287294317,-6.046190782797616e-07,-0.004956263021295161,trajectory,GOAL_DIRECT,3.6479854583740234,9.15009081360954,2.0601484764441555e-05
836,8434.765,10.392313003540039,1.5785657524247654e-05,-0.9500184059143066,-7.512631597488544e-07,0.13878607749938965,-8.406753977396875e-07,-0.0171806737780571,0.13889711379945824,-5.992896116348907e-07,-0.0033202181912113135,trajectory,GOAL_DIRECT,3.647353410720825,9.163426995250365,2.0601484764441555e-05
837,8434.875,10.405649185180664,1.5705789337516762e-05,-0.9516981244087219,-7.510375646348998e-07,0.13878580927848816,-8.244564924098086e-07,-0.006868514697998762,0.13889713525713793,-6.040886070329307e-07,-0.004060521825593854,trajectory,GOAL_DIRECT,3.646723747253418,9.176763176891185,2.0601484764441555e-05
838,8434.953,10.40981674194336,1.5681114746257663e-05,-0.9518271684646606,-7.509670661649808e-07,0.13878566026687622,-8.206339998650947e-07,-0.0022151905577629805,0.13889714717806712,-6.022460812398649e-07,-0.00442633555401578,trajectory,GOAL_DIRECT,3.6460940837860107,9.180930733653941,2.0601484764441555e-05
839,8435.093,10.431904792785645,1.5551704564131796e-05,-0.9515675902366638,-7.506404457036797e-07,0.13878566026687622,-8.097297836684447e-07,0.003016639268025756,0.13889714717807192,-5.986208818748128e-07,-0.004778430219571758,trajectory,GOAL_DIRECT,3.6489996910095215,9.203018784496539,2.0601484764441555e-05
840,8435.203,10.44524097442627,1.5474155588890426e-05,-0.9512676000595093,-7.506404619956088e-07,0.13878566026687622,-8.054499858189956e-07,0.003176236292347312,0.13889714717807602,-6.005887549695431e-07,-0.004817596699561129,trajectory,GOAL_DIRECT,3.650625705718994,9.216354966137352,2.0601484764441555e-05
841,8435.296,10.457326889038086,1.5404322766698897e-05,-0.9509910345077515,-7.506404767381626e-07,0.13878566026687622,-7.994784141374112e-07,0.0031834763940423727,0.13889714717807639,-5.949904148646117e-07,-0.0048320041852846244,trajectory,GOAL_DIRECT,3.650249719619751,9.228440880749336,2.0601484764441555e-05
842,8435.328,10.461494445800781,1.5380373952211812e-05,-0.9508956670761108,-7.506404818169534e-07,0.13878566026687622,-7.969579201017041e-07,0.0031802160665392876,0.13889714717807652,-5.931100061818165e-07,-0.004836511730666409,trajectory,GOAL_DIRECT,3.649627685546875,9.232608437512088,2.0601484764441555e-05
843,8435.437,10.473163604736328,1.531376074126456e-05,-0.9506287574768066,-7.506404960243394e-07,0.13878566026687622,-7.886419552960433e-07,0.0031679619569331408,0.13889714717808294,-5.974718464681262e-07,-0.004874195952002001,trajectory,GOAL_DIRECT,3.649627685546875,9.244277596447795,2.0601484764441555e-05
844,8435.531,10.484416007995605,1.5250264368660282e-05,-0.9503728747367859,-7.50640509705857e-07,0.13878566026687622,-7.788664220242936e-07,0.003155608894303441,0.13889714717808688,-5.985807333952792e-07,-0.004901911004367345,trajectory,GOAL_DIRECT,3.6489784717559814,9.255529999707221,2.0601484764441555e-05
845,8435.64,10.4981689453125,1.5173842257354409e-05,-0.9500612020492554,-7.506405264030957e-07,0.13878566026687622,-7.645764981134562e-07,0.003141552209854126,0.13889714717808774,-5.931140659227262e-07,-0.0049163701039879265,trajectory,GOAL_DIRECT,3.6483309268951416,9.269282937024295,2.0601484764441555e-05
846,8435.671,10.501086235046387,1.5157820598687977e-05,-0.9499952793121338,-7.506405299492537e-07,0.13878566026687622,-7.612141530444205e-07,0.0031387582421302795,0.13889714717809296,-6.010421668708665e-07,-0.0049443665511800005,trajectory,GOAL_DIRECT,3.6476852893829346,9.272200226758219,2.0601484764441555e-05
847,8435.75,10.5077543258667,1.5121473552426323e-05,-0.9498909115791321,-7.507322269348935e-07,0.1387857347726822,-7.529798722316627e-07,-0.003290190827101469,0.13889714121762897,-5.985586794017683e-07,-0.004435269012291546,trajectory,GOAL_DIRECT,3.6476852893829346,9.278868317578617,2.0601484764441555e-05
848,8435.828,10.520673751831055,1.5052261005621403e-05,-0.9514939785003662,-7.508801995910583e-07,0.13878588378429413,-7.352890634138021e-07,-0.02491067908704281,0.13889712929670106,-5.940097799838785e-07,-0.0026254766054345322,trajectory,GOAL_DIRECT,3.647042989730835,9.291787743543132,2.0601484764441555e-05
849,8435.906,10.529425621032715,1.5006311514298432e-05,-0.9528905749320984,-7.508801997428587e-07,0.1387857049703598,-7.235212819978187e-07,-0.012553769163787365,0.13889714360181976,-5.988936390844721e-07,-0.003481280131000987,trajectory,GOAL_DIRECT,3.647042989730835,9.300539612744895,2.0601484764441555e-05
850,8436.015,10.54234504699707,1.4939830180082936e-05,-0.9532387256622314,-7.508801999671155e-07,0.1387854516506195,-7.060447160256444e-07,0.0009947557700797915,0.13889716386740003,-5.946137098190935e-07,-0.004547754589203707,trajectory,GOAL_DIRECT,3.6473653316497803,9.313459038709404,2.0601484764441555e-05
851,8436.14,10.557348251342773,1.4864498552924488e-05,-0.9529803991317749,-7.506780163154777e-07,0.1387854516506195,-6.906214480295603e-07,0.0030682783108204603,0.1388971638674053,-5.968531802344124e-07,-0.0046499332812615585,trajectory,GOAL_DIRECT,3.652012348175049,9.328462243055274,2.0601484764441555e-05
852,8436.265,10.574018478393555,1.4782216567255091e-05,-0.9525951743125916,-7.505627575875334e-07,0.1387854516506195,-6.817868438702135e-07,0.0032663042657077312,0.13889716386740583,-5.905930284077074e-07,-0.004685036598611708,trajectory,GOAL_DIRECT,3.653414249420166,9.345132470106236,2.0601484764441555e-05
853,8436.359,10.583603858947754,1.4735342119820416e-05,-0.9523703455924988,-7.504734089634609e-07,0.1387854516506195,-6.765572493350192e-07,0.0032632104121148586,0.13889716386741005,-5.975762331067579e-07,-0.004724291665612503,trajectory,GOAL_DIRECT,3.652989149093628,9.354717850660538,2.0601484764441555e-05
854,8436.437,10.589021682739258,1.4709004972246476e-05,-0.9522432684898376,-7.50595315046201e-07,0.1387854516506195,-6.74303066716675e-07,0.003255599644035101,0.13889716386741016,-5.955187920210026e-07,-0.0047300366592991794,trajectory,GOAL_DIRECT,3.6523449420928955,9.360135674452101,2.0601484764441555e-05
855,8436.562,10.606942176818848,1.4622027265431825e-05,-0.9518250226974487,-7.509985427496011e-07,0.1387854516506195,-6.7672186787604e-07,0.0032261796295642853,0.13889716386741263,-5.928182484638893e-07,-0.0047640490632680395,trajectory,GOAL_DIRECT,3.6516807079315186,9.37805616853188,2.0601484764441555e-05
856,8436.687,10.625696182250977,1.4529587133438326e-05,-0.9513915777206421,-7.514205250512557e-07,0.1387854516506195,-6.954921900614863e-07,0.0031976643949747086,0.13889716386741308,-5.891867706990944e-07,-0.004801807085501307,trajectory,GOAL_DIRECT,3.6510169506073,9.396810173964212,2.0601484764441555e-05
857,8436.796,10.63986587524414,1.445744237571489e-05,-0.9510664343833923,-7.517393560023919e-07,0.1387854516506195,-7.20689058653079e-07,0.003178639803081751,0.1388971638674152,-5.870492760128375e-07,-0.004835576739478486,trajectory,GOAL_DIRECT,3.650357723236084,9.41097986695754,2.0601484764441555e-05
858,8436.89,10.641949653625488,1.4446596651396248e-05,-0.951018750667572,-7.517862428981721e-07,0.1387854516506195,-7.251941269714735e-07,0.003176026279106736,0.13889716386741494,-5.857568520327711e-07,-0.0048377518433515,trajectory,GOAL_DIRECT,3.6497035026550293,9.413063645338912,2.0601484764441555e-05
859,8437.0,10.663620948791504,1.4329766599985305e-05,-0.9505251049995422,-7.517095909151796e-07,0.1387854516506195,-7.711705052315665e-07,0.0031513001304119825,0.13889716386741474,-5.773901010654216e-07,-0.004876828492597419,trajectory,GOAL_DIRECT,3.649052619934082,9.434734940505194,2.0601484764441555e-05
860,8437.109,10.676957130432129,1.425456957804272e-05,-0.950223445892334,-7.516350368475616e-07,0.1387854516506195,-7.947974154376425e-07,0.0031380299478769302,0.13889716386741746,-5.764608841457119e-07,-0.004912527962052494,trajectory,GOAL_DIRECT,3.6484060287475586,9.448071122145995,2.0601484764441555e-05
861,8437.203,10.689043045043945,1.4184606698108837e-05,-0.9499506950378418,-7.515674722582399e-07,0.1387854516506195,-8.130782020998595e-07,0.003127114148810506,0.13889716386741638,-5.689163874438267e-07,-0.004925292240851789,trajectory,GOAL_DIRECT,3.6477622985839844,9.460157036757977,2.0601484764441555e-05
862,8437.25,10.69446086883545,1.4152752555673942e-05,-0.9498450756072998,-7.515371846943515e-07,0.1387854963541031,-8.203733727896179e-07,-0.0005233156261965632,0.13889716029114196,-5.746376126338942e-07,-0.004663763670544651,trajectory,GOAL_DIRECT,3.6471221446990967,9.465574860549555,2.0601484764441555e-05
863,8437.343,10.704046249389648,1.4095728147367481e-05,-0.9507564902305603,-7.51483599020523e-07,0.13878579437732697,-8.320564575114986e-07,-0.021669989451766014,0.13889713644928336,-5.687256031524116e-07,-0.0029264590333360693,trajectory,GOAL_DIRECT,3.6471221446990967,9.47516024110389,2.0601484764441555e-05
864,8437.453,10.719466209411621,1.4002538591739722e-05,-0.9525653719902039,-7.51397396023059e-07,0.13878552615642548,-8.461216225441603e-07,-0.0035835769958794117,0.13889715790695786,-5.649212960685166e-07,-0.004247541969612638,trajectory,GOAL_DIRECT,3.6471221446990967,9.490580201126086,2.0601484764441555e-05
865,8437.593,10.734886169433594,1.3908051187172532e-05,-0.9524994492530823,-7.513111930789148e-07,0.13878552615642548,-8.55503515140299e-07,0.00259324349462986,0.13889715790696147,-5.615737552627721e-07,-0.004665547878804006,trajectory,GOAL_DIRECT,3.6507022380828857,9.506000161148286,2.0601484764441555e-05
866,8437.703,10.749472618103027,1.3817950275551993e-05,-0.952184796333313,-7.512296498024595e-07,0.13878552615642548,-8.599704983680567e-07,0.0031894072890281677,0.13889715790696533,-5.590307573188611e-07,-0.004731868582502702,trajectory,GOAL_DIRECT,3.6521615982055664,9.520586609817935,2.0601484764441555e-05
867,8437.812,10.762392044067383,1.3737926565227099e-05,-0.9518849849700928,-7.511574257974643e-07,0.13878552615642548,-8.603083188063465e-07,0.0032348218373954296,0.1388971579069695,-5.574029621349154e-07,-0.004764310093015765,trajectory,GOAL_DIRECT,3.651752471923828,9.533506035782482,2.0601484764441555e-05
868,8437.906,10.77406120300293,1.3665750884683803e-05,-0.9516133666038513,-7.51092191244474e-07,0.13878552615642548,-8.576895993428479e-07,0.0032247225753962994,0.13889715790696966,-5.512770679402162e-07,-0.004777083070367907,trajectory,GOAL_DIRECT,3.651116132736206,9.545175194718201,2.0601484764441555e-05
869,8437.937,10.777812004089355,1.3642612429975998e-05,-0.9515264630317688,-7.510712230017842e-07,0.13878552615642548,-8.562585094296082e-07,0.0032195611856877804,0.13889715790697627,-5.584799357637664e-07,-0.004806109302999772,trajectory,GOAL_DIRECT,3.651116132736206,9.548925995804682,2.0601484764441555e-05
870,8438.046,10.790314674377441,1.3565831977757625e-05,-0.9512374997138977,-7.510013288822746e-07,0.13878552615642548,-8.494172334394534e-07,0.003201546845957637,0.13889715790697668,-5.522943319939213e-07,-0.004819116321714916,trajectory,GOAL_DIRECT,3.651116132736206,9.56142866609295,2.0601484764441555e-05
871,8438.156,10.803234100341797,1.3487291653291322e-05,-0.9509405493736267,-7.509291049956146e-07,0.13878552615642548,-8.390010179937235e-07,0.003183830762282014,0.1388971579069803,-5.522225676084809e-07,-0.004849052502235645,trajectory,GOAL_DIRECT,3.64979887008667,9.574348092057491,2.0601484764441555e-05
872,8438.281,10.819904327392578,1.3387660146690905e-05,-0.9505597352981567,-7.508359129392679e-07,0.13878552615642548,-8.205341828215751e-07,0.0031634941697120667,0.13889715790698143,-5.449965883870327e-07,-0.004866466278603547,trajectory,GOAL_DIRECT,3.64979887008667,9.591018319108507,2.0601484764441555e-05
873,8438.375,10.831156730651855,1.3321812730282545e-05,-0.950303852558136,-7.507730083365205e-07,0.13878552615642548,-8.048672270888346e-07,0.003151175333186984,0.13889715790698967,-5.511827577429729e-07,-0.004908038492529293,trajectory,GOAL_DIRECT,3.649144411087036,9.602270722367937,2.0601484764441555e-05
874,8438.406,10.834907531738281,1.3300157661433332e-05,-0.9502187967300415,-7.507520401419157e-07,0.13878552615642548,-7.990714721017866e-07,0.0031472870614379644,0.13889715790699,-5.497643438324444e-07,-0.004911980222194096,trajectory,GOAL_DIRECT,3.649144411087036,9.606021523454412,2.0601484764441555e-05
875,8438.484,10.839491844177246,1.3273909644340165e-05,-0.9501152038574219,-7.507264123527949e-07,0.13878552615642548,-7.915983815109939e-07,0.0031427207868546247,0.1388971579069936,-5.533523014522647e-07,-0.004931766659505575,trajectory,GOAL_DIRECT,3.648495674133301,9.610605835893438,2.0601484764441555e-05
876,8438.609,10.858245849609375,1.3169273188395891e-05,-0.9496920108795166,-7.506213683848839e-07,0.13878552615642548,-7.58810244860797e-07,0.003125591669231653,0.13889715790699558,-5.469287124666371e-07,-0.004951555978991001,trajectory,GOAL_DIRECT,3.6472055912017822,9.629359841325805,2.0601484764441555e-05
877,8438.734,10.872415542602539,1.3093073903291952e-05,-0.9501628279685974,-7.505373124635128e-07,0.13878585398197174,-7.363659619841201e-07,-0.019107520580291748,0.13889713168095916,-5.501296195558434e-07,-0.00317249960284947,trajectory,GOAL_DIRECT,3.6472055912017822,9.64352953431914,2.0601484764441555e-05
878,8438.859,10.88991928100586,1.3001435945625417e-05,-0.9522787928581238,-7.504393631924021e-07,0.13878591358661652,-7.203553309409472e-07,-0.0035856044851243496,0.13889712691259082,-5.482516008835871e-07,-0.004287779019497646,trajectory,GOAL_DIRECT,3.6461145877838135,9.661033272722662,2.0601484764441555e-05
879,8438.984,10.905755996704102,1.2919632354169153e-05,-0.9522051215171814,-7.503411988355792e-07,0.13878591358661652,-7.164152293626103e-07,0.002632895950227976,0.1388971269125943,-5.472517062450041e-07,-0.0046960213983880585,trajectory,GOAL_DIRECT,3.649998188018799,9.676869988421085,2.0601484764441555e-05
880,8439.093,10.918675422668457,1.2852991858380847e-05,-0.951927125453949,-7.501949408366186e-07,0.13878591358661652,-7.166779028011661e-07,0.0031736474484205246,0.1388971269125966,-5.466195568625029e-07,-0.004756416550464479,trajectory,GOAL_DIRECT,3.651588201522827,9.689789414385586,2.0601484764441555e-05
881,8439.203,10.927010536193848,1.2809988220396917e-05,-0.951734721660614,-7.50100580837377e-07,0.13878591358661652,-7.168385991462856e-07,0.0032274259719997644,0.13889712691259656,-5.429398211313014e-07,-0.004770339022017566,trajectory,GOAL_DIRECT,3.651195764541626,9.69812452791107,2.0601484764441555e-05
882,8439.343,10.948265075683594,1.2700277693511453e-05,-0.9512404203414917,-7.498599628396228e-07,0.13878591358661652,-7.172168920988042e-07,0.0032182775903493166,0.13889712691260067,-5.403466889162895e-07,-0.004814979521435961,trajectory,GOAL_DIRECT,3.650562286376953,9.719379067401057,2.0601484764441555e-05
883,8439.453,10.962434768676758,1.2627111573237926e-05,-0.9509131908416748,-7.49699550841367e-07,0.13878591358661652,-7.174439247137343e-07,0.0031980376224964857,0.13889712691260472,-5.408571140898913e-07,-0.0048514287201876696,trajectory,GOAL_DIRECT,3.6499016284942627,9.733548760394381,2.0601484764441555e-05
884,8439.578,10.97785472869873,1.2547458936751354e-05,-0.9505593776702881,-7.495249848434899e-07,0.13878591358661652,-7.176681720011402e-07,0.0031774763483554125,0.13889712691260703,-5.385433586049552e-07,-0.004881844547647847,trajectory,GOAL_DIRECT,3.649245262145996,9.748968720416526,2.0601484764441555e-05
885,8439.687,10.991607666015625,1.247639738721773e-05,-0.9502456188201904,-7.493692908455824e-07,0.13878591358661652,-7.178480814218346e-07,0.0031611782032996416,0.13889712691260925,-5.373494947719284e-07,-0.004911766114031048,trajectory,GOAL_DIRECT,3.6485912799835205,9.762721657733575,2.0601484764441555e-05
886,8439.796,11.003276824951172,1.2416094250511378e-05,-0.9499803185462952,-7.492371868475048e-07,0.13878591358661652,-7.179858130257344e-07,0.0031486074440181255,0.13889712691260925,-5.321940213384397e-07,-0.004924025466983291,trajectory,GOAL_DIRECT,3.6479413509368896,9.774390816669253,2.0601484764441555e-05
887,8439.906,11.015779495239258,1.2351465557003394e-05,-0.9503570199012756,-7.490956468497145e-07,0.13878633081912994,-7.181216119533929e-07,-0.017815502360463142,0.13877421259906753,-5.342052914762177e-07,-0.0032534906199827235,trajectory,GOAL_DIRECT,3.647296190261841,9.78689348695748,2.0601484764441555e-05
888,8440.0,11.028282165527344,1.2286827768548392e-05,-0.9520147442817688,-7.489850867570416e-07,0.1387857049703598,-7.182365493463294e-07,-0.008241903968155384,0.13877426266696913,-5.286783926823235e-07,-0.003936492272342686,trajectory,GOAL_DIRECT,3.6466569900512695,9.799396157245706,2.0601484764441555e-05
889,8440.015,11.032449722290039,1.2265281839063391e-05,-0.9521741271018982,-7.489262539304245e-07,0.13878430426120758,-7.182702574937139e-07,-0.0029320609755814075,0.1378366744520914,-5.310212804890841e-07,-0.004263970086716283,trajectory,GOAL_DIRECT,3.6466569900512695,9.803563714008448,2.0601484764441555e-05
890,8440.125,11.044118881225586,1.2204946870042477e-05,-0.9521461129188538,-7.487078069062024e-07,0.13876888155937195,-7.183480192907155e-07,0.0021838550455868244,0.13783790826823827,-5.258734917630107e-07,-0.004674644077561963,trajectory,GOAL_DIRECT,3.6466569900512695,9.815232872944126,2.0601484764441555e-05
891,8440.265,11.061591148376465,1.2114415767428e-05,-0.9517829418182373,-7.485597316767492e-07,0.13868597149848938,-7.183950856415322e-07,0.003179681021720171,0.13725066423442253,-5.207997464136154e-07,-0.0047666997423606704,trajectory,GOAL_DIRECT,3.649712562561035,9.8327051400952,2.0601484764441555e-05
892,8440.359,11.071986198425293,1.2060528206347954e-05,-0.9515421986579895,-7.482989351533541e-07,0.1386176496744156,-7.183944035205059e-07,0.00322635262273252,0.1366009199621881,-5.191340187423679e-07,-0.004798419051317336,trajectory,GOAL_DIRECT,3.651402473449707,9.843100190144146,2.0601484764441555e-05
893,8440.39,11.07697582244873,1.2034662177029531e-05,-0.9514263272285461,-7.482190136857851e-07,0.1385766863822937,-7.183840580182732e-07,0.003226997796446085,0.13660419702555784,-5.169260243706685e-07,-0.0048042642366865895,trajectory,GOAL_DIRECT,3.6507363319396973,9.848089814167638,2.0601484764441555e-05
894,8440.453,11.08362865447998,1.2000174137938302e-05,-0.9512718319892883,-7.48028703760289e-07,0.13851220905780792,-7.183591037573933e-07,0.0032211560755968094,0.1360324299338046,-5.165989781536577e-07,-0.004827182158928495,trajectory,GOAL_DIRECT,3.6507363319396973,9.854742646198963,2.0601484764441555e-05
895,8440.484,11.088202476501465,1.1976463611063082e-05,-0.9511656165122986,-7.47852660208616e-07,0.1384599506855011,-7.183334105320682e-07,0.003215353935956955,0.13603661060358915,-5.145841066201725e-07,-0.004832028761606794,trajectory,GOAL_DIRECT,3.649965763092041,9.859316468220499,2.0601484764441555e-05
896,8440.546,11.096088409423828,1.193552634504158e-05,-0.9509825706481934,-7.476247202680706e-07,0.1383548378944397,-7.182728154475626e-07,0.0032042793463915586,0.13604501962687407,-5.110980872735413e-07,-0.0048402950876468235,trajectory,GOAL_DIRECT,3.649965763092041,9.86720240114295,2.0601484764441555e-05
897,8440.578,11.098577499389648,1.192259878735058e-05,-0.9509249925613403,-7.475354763623669e-07,0.13831771910190582,-7.182494528024108e-07,0.003200744977220893,0.1360479891302768,-5.099986433079587e-07,-0.004842891242455821,trajectory,GOAL_DIRECT,3.649965763092041,9.8696914911088,2.0601484764441555e-05
898,8440.687,11.110608100891113,1.1860115591844078e-05,-0.9506471753120422,-7.471290459581129e-07,0.13812357187271118,-7.181167802627897e-07,0.0031842265743762255,0.1353467988970434,-5.07952553784322e-07,-0.004874947914527632,trajectory,GOAL_DIRECT,3.649059772491455,9.881722092610397,2.0601484764441555e-05
899,8440.781,11.121369361877441,1.1804104360635392e-05,-0.9503992199897766,-7.467392707857842e-07,0.13793815672397614,-7.179769454523921e-07,0.003170538228005171,0.1348171436789169,-5.056823844627271e-07,-0.004900979281149163,trajectory,GOAL_DIRECT,3.6480119228363037,9.892483353596846,2.0601484764441555e-05
900,8440.828,11.127163887023926,1.1773952792282216e-05,-0.9502663612365723,-7.466170574067391e-07,0.13782930374145508,-7.178900318649539e-07,0.0031636073254048824,0.1348258519175186,-5.031107113714143e-07,-0.0049070677466013565,trajectory,GOAL_DIRECT,3.6471452713012695,9.898277878743396,2.0601484764441555e-05
901,8440.906,11.13831615447998,1.171580697700847e-05,-0.9500104784965515,-7.461805007011628e-07,0.1375986486673355,-7.176974463618535e-07,0.0031510903500020504,0.13422346234346533,-5.01009630926068e-07,-0.004935583728208187,trajectory,GOAL_DIRECT,3.6471452713012695,9.909430146199576,2.0601484764441555e-05
902,8441.0,11.149452209472656,1.1657682080112863e-05,-0.9497559070587158,-7.456384420440632e-07,0.13734817504882812,-7.174774054874433e-07,0.0031396416015923023,0.13424350023294596,-4.960760617224483e-07,-0.004947396400227191,trajectory,GOAL_DIRECT,3.6463465690612793,9.920566201192376,2.0601484764441555e-05
903,8441.031,11.151100158691406,1.1649070984276477e-05,-0.9497182369232178,-7.455750614454612e-07,0.1373089849948883,-7.174421625677496e-07,0.0031380392611026764,0.1334108233454304,-4.992227695748279e-07,-0.004971567983245762,trajectory,GOAL_DIRECT,3.6454668045043945,9.922214150411145,2.0601484764441555e-05
904,8441.14,11.165088653564453,1.1575906682992354e-05,-0.9510898590087891,-7.4492721725371e-07,0.1369500756263733,-7.1711082227921e-07,-0.024136804044246674,0.13343953609491163,-4.930086395446882e-07,-0.00272099941453925,trajectory,GOAL_DIRECT,3.6454668045043945,9.93620264528435,2.0601484764441555e-05
905,8441.25,11.17821979522705,1.1507079761940986e-05,-0.9529280662536621,-7.443814043358012e-07,0.13659732043743134,-7.167725470935693e-07,-0.006374850403517485,0.13288138985658232,-4.898882837452403e-07,-0.00399146571058487,trajectory,GOAL_DIRECT,3.644623279571533,9.949333786947095,2.0601484764441555e-05
906,8441.359,11.191317558288574,1.1438286492193583e-05,-0.9530134201049805,-7.4407598170099e-07,0.13623788952827454,-7.164110229496146e-07,0.0019948803819715977,0.1329101443293149,-4.840165993506231e-07,-0.004656776480858078,trajectory,GOAL_DIRECT,3.6465022563934326,9.962431550008766,2.0601484764441555e-05
907,8441.437,11.201931953430176,1.1382417142158374e-05,-0.9528056383132935,-7.43615717182065e-07,0.1359396129846573,-7.160989525800687e-07,0.003054264932870865,0.13195042252564593,-4.838163088913781e-07,-0.004667444399073082,trajectory,GOAL_DIRECT,3.650568723678589,9.973045945150487,2.0601484764441555e-05
908,8441.515,11.211301803588867,1.133301429945277e-05,-0.9525868892669678,-7.430592181850376e-07,0.1356797218322754,-7.158160428843985e-07,0.00323939835652709,0.1319712138178365,-4.796257890767779e-07,-0.004693192525281864,trajectory,GOAL_DIRECT,3.6507821083068848,9.982415795309285,2.0601484764441555e-05
909,8441.64,11.225934982299805,1.1255729077674914e-05,-0.9522346258163452,-7.417534643993141e-07,0.13525204360485077,-7.153394108172506e-07,0.003266330109909177,0.1312560188772665,-4.7664101621580366e-07,-0.004731691062637956,trajectory,GOAL_DIRECT,3.6502742767333984,9.997048974020387,2.0601484764441555e-05
910,8441.765,11.239707946777344,1.1182787602592725e-05,-0.9519025087356567,-7.405063732306293e-07,0.13484402000904083,-7.148656209210458e-07,0.0032453639432787895,0.1307399165632688,-4.7316134793633674e-07,-0.004762089043844432,trajectory,GOAL_DIRECT,3.6502742767333984,10.010821938498083,2.0601484764441555e-05
911,8441.843,11.249003410339355,1.1133472071378492e-05,-0.9516790509223938,-7.393840544672477e-07,0.13456061482429504,-7.145283120735257e-07,0.0032292555551975965,0.13076258897804854,-4.6901954745045614e-07,-0.004771973263461084,trajectory,GOAL_DIRECT,3.649480104446411,10.020117402060201,2.0601484764441555e-05
912,8441.921,11.254651069641113,1.1103465112682898e-05,-0.9515438079833984,-7.387032026375233e-07,0.1343836635351181,-7.142924118852534e-07,0.003219778649508953,0.1299116790296957,-4.7078133660285057e-07,-0.004802374968362592,trajectory,GOAL_DIRECT,3.6488170623779297,10.025765061362023,2.0601484764441555e-05
913,8442.078,11.26954174041748,1.1024388186342549e-05,-0.9511877298355103,-7.370971813485573e-07,0.13391287624835968,-7.091275051607226e-07,0.003196410136297345,0.12994934201263675,-4.6448909401535506e-07,-0.004818309394700074,trajectory,GOAL_DIRECT,3.6480660438537598,10.040655732138559,2.0601484764441555e-05
914,8442.171,11.287581443786621,1.0929681593552232e-05,-0.9507578015327454,-7.353976080009659e-07,0.1333206295967102,-6.919681823092105e-07,0.0031717184465378523,0.13855268001581078,-4.961562815775275e-07,-0.004859406520884737,trajectory,GOAL_DIRECT,3.647362470626831,10.0586954355079,2.0601484764441555e-05
915,8442.265,11.292776107788086,1.090283058147179e-05,-0.950634241104126,-7.350528274146994e-07,0.13315460085868835,-6.847949975963274e-07,0.0031654927879571915,0.13934763193126753,4.922233444337827e-08,-0.004883966511640206,trajectory,STRAIGHT,3.6465835571289062,10.063890099509422,2.0601484764441555e-05
916,8442.375,11.311129570007324,1.0809951163537335e-05,-0.9501987099647522,-7.340698740914143e-07,0.1330670565366745,-6.589109489141265e-07,0.0031457282602787018,0.1393546354770302,5.501010712364899e-08,-0.004904161906394616,trajectory,STRAIGHT,3.6459968090057373,10.082243561728852,2.0601484764441555e-05
917,8442.468,11.323519706726074,1.0750326509878505e-05,-0.9499067664146423,-7.335967583493146e-07,0.1333906650543213,-6.204417672961426e-07,0.0031316475942730904,0.13932874679562066,4.681316200387971e-08,-0.004942184773481599,trajectory,STRAIGHT,3.647604465484619,10.094633698447725,2.0601484764441555e-05
918,8442.5,11.328326225280762,1.0728313100116793e-05,-0.9498012065887451,-7.333617263531054e-07,0.1335592418909073,-6.025149446031719e-07,0.0007845800137147307,0.13931526064869484,4.7197271360297924e-08,-0.0047596973583317916,trajectory,STRAIGHT,3.6449949741363525,10.099440217002456,2.0601484764441555e-05
919,8442.593,11.335144996643066,1.0698300684452988e-05,-0.9502941370010376,-7.332203256934016e-07,0.13382865488529205,-5.744452664657729e-07,-0.017831560224294662,0.13929370760914567,4.0592685447981075e-08,-0.0032632157211013825,trajectory,STRAIGHT,3.6449949741363525,10.106258988364818,2.0601484764441555e-05
920,8442.703,11.350032806396484,1.0637930245138705e-05,-0.952217698097229,-7.331363364353641e-07,0.1344262808561325,-5.141900487615203e-07,-0.005335112102329731,0.13924589753148198,4.067533878597183e-08,-0.004166753516049008,trajectory,STRAIGHT,3.643178701400757,10.12114679811835,2.0601484764441555e-05
921,8442.828,11.364582061767578,1.0585342351987492e-05,-0.9522360563278198,-7.328668732804393e-07,0.13500665128231049,-4.604522416684631e-07,0.0023501289542764425,0.13919946789739088,3.308640341207145e-08,-0.0046745362349000195,trajectory,STRAIGHT,3.646005630493164,10.135696053489536,2.0601484764441555e-05
922,8442.937,11.377161026000977,1.0544493306952063e-05,-0.9519700407981873,-7.323563065592685e-07,0.13547715544700623,-4.187045590242633e-07,0.003127757227048278,0.1391618275642177,2.8671580239820447e-08,-0.004749241083437788,trajectory,STRAIGHT,3.647834062576294,10.148275017722998,2.0601484764441555e-05
923,8443.031,11.389370918273926,1.0508467312320136e-05,-0.9516827464103699,-7.318539023440856e-07,0.13589321076869965,-3.8252443346209475e-07,0.003222488798201084,0.13912854313848436,2.8417661284925616e-08,-0.004771184328520882,trajectory,STRAIGHT,3.647834062576294,10.160484909996,2.0601484764441555e-05
924,8443.156,11.40243911743164,1.0473413567524403e-05,-0.9513737559318542,-7.311027814580981e-07,0.1362903118133545,-3.485352806364972e-07,0.003219148376956582,0.13909677505491416,2.238628708239818e-08,-0.00481066486418283,trajectory,STRAIGHT,3.6477131843566895,10.173553109153762,2.0601484764441555e-05
925,8443.265,11.417591094970703,1.0436637239763513e-05,-0.9510174989700317,-7.299913236333918e-07,0.13669037818908691,-3.151640726173355e-07,0.003198728896677494,0.13906476974485754,2.2167203571790747e-08,-0.004826844153851629,trajectory,STRAIGHT,3.6474220752716064,10.188705086692869,2.0601484764441555e-05
926,8443.375,11.429084777832031,1.0411071343696676e-05,-0.950749397277832,-7.29117474621399e-07,0.1369537115097046,-2.9413934043986956e-07,0.0031831625383347273,0.13904370307920885,1.71738998963934e-08,-0.004868217838800758,trajectory,STRAIGHT,3.6471338272094727,10.200198769554222,2.0601484764441555e-05
927,8443.468,11.440595626831055,1.0387119800725486e-05,-0.9504823684692383,-7.283241562501e-07,0.13718588650226593,-2.767602040876227e-07,0.003168766852468252,0.13902512907980497,1.7257104263869643e-08,-0.004880417624361128,trajectory,STRAIGHT,3.646834135055542,10.211709618553266,2.0601484764441555e-05
928,8443.562,11.45295524597168,1.0362896318838466e-05,-0.9501980543136597,-7.275850278979327e-07,0.1374034881591797,-2.6218782522846595e-07,0.003154766047373414,0.13900772094725258,1.4426376326787e-08,-0.004917013175900328,trajectory,STRAIGHT,3.646512269973755,10.224069237693909,2.0601484764441555e-05
929,8443.687,11.466983795166016,1.033678199746646e-05,-0.9498770833015442,-7.267238018062474e-07,0.13761550188064575,-2.507375711502391e-07,0.0031404548790305853,0.13899075984953596,1.5014382714887318e-08,-0.004931916833038676,trajectory,STRAIGHT,3.646165132522583,10.238097786888261,2.0601484764441555e-05
930,8443.796,11.48019790649414,1.031321517075412e-05,-0.9506450295448303,-7.263522402740062e-07,0.13779038190841675,-2.390362112691946e-07,-0.02120579592883587,0.13897676944731568,1.2475865275907308e-08,-0.002972400161017197,trajectory,STRAIGHT,3.645784616470337,10.251311898216398,2.0601484764441555e-05
931,8443.906,11.493439674377441,1.0291088074154686e-05,-0.9520171880722046,-7.260084773823403e-07,0.13793310523033142,-2.2085453110776143e-07,-0.0032754805870354176,0.13896535158156356,1.2234254822280716e-08,-0.00433821746199252,trajectory,STRAIGHT,3.6453723907470703,10.264553666099708,2.0601484764441555e-05
932,8444.015,11.508339881896973,1.026827249006601e-05,-0.9519467949867249,-7.262230151979316e-07,0.13807111978530884,-2.0311620119173313e-07,0.0025657429359853268,0.13895431041716547,9.4485869287906e-09,-0.004715053687931516,trajectory,STRAIGHT,3.6473660469055176,10.279453873619241,2.0601484764441555e-05
933,8444.14,11.522430419921875,1.024822449835483e-05,-0.9516439437866211,-7.262404108069677e-07,0.13818161189556122,-1.9040334109377e-07,0.0031675314530730247,0.138945471048346,8.187248560029146e-09,-0.0047814305959049215,trajectory,STRAIGHT,3.6500775814056396,10.293544411644142,2.0601484764441555e-05
934,8444.25,11.53570556640625,1.0230422049062327e-05,-0.951336145401001,-7.257578844939645e-07,0.1382700651884079,-1.8088134368099418e-07,0.00322004035115242,0.13893839478491882,8.194905194729878e-09,-0.004801021227032279,trajectory,STRAIGHT,3.6499881744384766,10.306819558128511,2.0601484764441555e-05
935,8444.359,11.547321319580078,1.0215507245447952e-05,-0.9510657787322998,-7.251651448208748e-07,0.13833683729171753,-1.7449917777412338e-07,0.003211349481716752,0.13893305301665537,6.5244424709078195e-09,-0.0048406605706161916,trajectory,STRAIGHT,3.6494977474212646,10.318435311302334,2.0601484764441555e-05
936,8444.453,11.560596466064453,1.0199016287515406e-05,-0.9507583975791931,-7.245958376175128e-07,0.13840268552303314,-1.6943515390721586e-07,0.0031936930026859045,0.13892778515815044,6.7527187633255734e-09,-0.004854617109949057,trajectory,STRAIGHT,3.6489462852478027,10.331710457786698,2.0601484764441555e-05
937,8444.593,11.576793670654297,1.0179399396292865e-05,-0.9503859281539917,-7.237057722943563e-07,0.13847002387046814,-1.664811293267121e-07,0.003172790864482522,0.13892239809035573,6.002047445217601e-09,-0.004896939830276562,trajectory,STRAIGHT,3.648378849029541,10.34790766237653,2.0601484764441555e-05
938,8444.671,11.587188720703125,1.0166918400500435e-05,-0.9501485228538513,-7.231238608985598e-07,0.13850682973861694,-1.6644759170958423e-07,0.0031606610864400864,0.13891945362090377,5.741417425360191e-09,-0.0049241964657847975,trajectory,STRAIGHT,3.647800922393799,10.358302712425349,2.0601484764441555e-05
939,8444.781,11.593841552734375,1.0158913937630132e-05,-0.9499968886375427,-7.227617913591413e-07,0.13852812349796295,-1.6718897200007632e-07,0.003153372323140502,0.13891775012015606,6.087282978206458e-09,-0.004931195075536261,trajectory,STRAIGHT,3.6472158432006836,10.364955544456592,2.0601484764441555e-05
940,8444.906,11.607978820800781,1.014170175039908e-05,-0.9498688578605652,-7.222654325794071e-07,0.13856877386569977,-1.70799907550645e-07,-0.009741493500769138,0.13891449809073675,6.307814613784245e-09,-0.00392309176600537,trajectory,STRAIGHT,3.6466240882873535,10.379092812522988,2.0601484764441555e-05
941,8445.031,11.630016326904297,1.0113752068718895e-05,-0.9535448551177979,-7.212647528829596e-07,0.13861991465091705,-1.8181221150825877e-07,-0.027904419228434563,0.13891040682791872,7.651856800811774e-09,-0.0022918802332959087,trajectory,STRAIGHT,3.6464128494262695,10.401130318626489,2.0601484764441555e-05
942,8445.156,11.644569396972656,1.0094131539517548e-05,-0.955514132976532,-7.20388765783057e-07,0.13864567875862122,-1.923449275409439e-07,-0.004521071910858154,0.13890834569930166,8.223358442759208e-09,-0.003902655095197826,trajectory,STRAIGHT,3.6506903171539307,10.415683388694841,2.0601484764441555e-05
943,8445.281,11.65829086303711,1.0074483725475147e-05,-0.9555073976516724,-7.201833691228829e-07,0.13866665959358215,-2.0503718189957e-07,0.0024303484242409468,0.138906667232504,9.36978535693393e-09,-0.004372625930891135,trajectory,STRAIGHT,3.6563076972961426,10.42940485475929,2.0601484764441555e-05
944,8445.375,11.669933319091797,1.0056734936370049e-05,-0.9552585482597351,-7.201778407715114e-07,0.1386820673942566,-2.1785766080029134e-07,0.0032572790514677763,0.13890543460844929,1.1330467063109825e-08,-0.004451222850666144,trajectory,STRAIGHT,3.6563076972961426,10.441047310813978,2.0601484764441555e-05
945,8445.406,11.67575454711914,1.0047438081528526e-05,-0.9551195502281189,-7.201304994994964e-07,0.13868901133537292,-2.2492272933050117e-07,0.003346813842654228,0.13890487909316007,1.0509630358040692e-08,-0.0044765593722787276,trajectory,STRAIGHT,3.6579582691192627,10.446868538841324,2.0601484764441555e-05
946,8445.593,11.69696044921875,1.001153577817604e-05,-0.9546037912368774,-7.20224988345062e-07,0.13871057331562042,-2.4129829512276046e-07,0.003359762020409107,0.13890315413473933,1.3889707054536418e-08,-0.004503383176061191,trajectory,STRAIGHT,3.657559633255005,10.468074440940946,2.0601484764441555e-05
947,8445.703,11.709850311279297,9.988995770982001e-06,-0.9542926549911499,-7.203391079835786e-07,0.1387212723493576,-2.42274523998276e-07,0.0033291189465671778,0.1389022982120403,1.2724758822642128e-08,-0.00454524177158069,trajectory,STRAIGHT,3.6569128036499023,10.480964303001501,2.0601484764441555e-05
948,8445.812,11.721076965332031,9.969526217901148e-06,-0.9540241360664368,-7.204462708991536e-07,0.13872931897640228,-2.3759395162414876e-07,0.003303048899397254,0.138901654481877,1.3497373361062114e-08,-0.0045565821140427535,trajectory,STRAIGHT,3.6562397480010986,10.492190957054243,2.0601484764441555e-05
949,8445.921,11.735214233398438,9.945897545549087e-06,-0.9536888003349304,-7.20438106412042e-07,0.1387380212545395,-2.2437507141148672e-07,0.0032729217782616615,0.13890095829962626,1.1297381250251574e-08,-0.004596393911026627,trajectory,STRAIGHT,3.655569076538086,10.506328225120654,2.0601484764441555e-05
950,8446.031,11.74893569946289,9.924631740432233e-06,-0.9533659815788269,-7.203103341316741e-07,0.13874517381191254,-2.0475165740663215e-07,0.0032466412521898746,0.13890038609503755,9.510397894999055e-09,-0.004625158457464682,trajectory,STRAIGHT,3.654904842376709,10.52004969118511,2.0601484764441555e-05
951,8446.109,11.759330749511719,9.909790605888702e-06,-0.9531230926513672,-7.201289016971073e-07,0.1387498378753662,-1.915103382543748e-07,0.0032286262139678,0.13890001296996202,9.170479059961428e-09,-0.004635861700779902,trajectory,STRAIGHT,3.6542434692382812,10.530444741233934,2.0601484764441555e-05
952,8446.218,11.770557403564453,9.894749382510781e-06,-0.9528623819351196,-7.199216627227871e-07,0.13875426352024078,-1.804940694682955e-07,0.0032107187435030937,0.13889965891837322,7.123316844305963e-09,-0.004672307324232618,trajectory,STRAIGHT,3.653587818145752,10.541671395286663,2.0601484764441555e-05
953,8446.312,11.783878326416016,9.87787643680349e-06,-0.9525551199913025,-7.194959709944751e-07,0.1387588083744049,-1.71854352970513e-07,0.0031912403646856546,0.13889929533004058,7.123371522634167e-09,-0.00468611215111808,trajectory,STRAIGHT,3.653587818145752,10.554992318138215,2.0601484764441555e-05
954,8446.437,11.78929615020752,9.871218935586512e-06,-0.9524309039115906,-7.193311636922326e-07,0.13876046240329742,-1.6971299032775278e-07,0.0031839332077652216,0.1388991630077293,5.851409676825652e-09,-0.0047166805327985275,trajectory,STRAIGHT,3.652935028076172,10.560410141929712,2.0601484764441555e-05
955,8446.531,11.808883666992188,9.847490218817256e-06,-0.9519837498664856,-7.187382815956227e-07,0.13876564800739288,-1.6856813545018667e-07,0.0031602666713297367,0.13889874815940173,6.672179471639547e-09,-0.004737144912138938,trajectory,STRAIGHT,3.6522860527038574,10.579997658714362,2.0601484764441555e-05
956,8446.625,11.813884735107422,9.841400242294185e-06,-0.9518700242042542,-7.185148721300481e-07,0.13876673579216003,-1.699321217074612e-07,0.0031547790858894587,0.13889866113661958,5.845415186721226e-09,-0.004767483536120396,trajectory,STRAIGHT,3.6516406536102295,10.584998726829589,2.0601484764441555e-05
957,8446.734,11.834305763244629,9.815645171329379e-06,-0.951407790184021,-7.176492944373282e-07,0.13877072930335999,-1.8164590187552676e-07,0.0031344762537628412,0.13889834165572293,7.81576596127903e-09,-0.004788971010561924,trajectory,STRAIGHT,3.6509971618652344,10.605419754966778,2.0601484764441555e-05
958,8446.875,11.848475456237793,9.796784979698714e-06,-0.9510887861251831,-7.172916778126696e-07,0.13877302408218384,-1.872635237987197e-07,0.00312217534519732,0.1388981580734174,7.851700296055182e-09,-0.0048292300359652,trajectory,STRAIGHT,3.650355577468872,10.619589447959934,2.0601484764441555e-05
959,8446.984,11.864728927612305,9.774820682650898e-06,-0.9507238268852234,-7.168889311132955e-07,0.13877524435520172,-1.8699648762776633e-07,0.0031095854938030243,0.13889798045157598,7.99176574574395e-09,-0.004860479665778786,trajectory,STRAIGHT,3.64971923828125,10.635842919334435,2.0601484764441555e-05
960,8447.093,11.87764835357666,9.75764214672381e-06,-0.9504355192184448,-7.168149557739616e-07,0.13877663016319275,-1.8166932136409741e-07,0.0031007416546344757,0.138897869586937,8.350826770136968e-09,-0.00487418754198423,trajectory,STRAIGHT,3.6490836143493652,10.648762345298781,2.0601484764441555e-05
961,8447.234,11.894735336303711,9.736075298860669e-06,-0.9500542879104614,-7.165859221427527e-07,0.13877810537815094,-1.6766554722380533e-07,0.0030904950108379126,0.13889775156974116,6.366881144433912e-09,-0.004921117167539229,trajectory,STRAIGHT,3.6484498977661133,10.665849328025816,2.0601484764441555e-05
962,8447.328,11.906404495239258,9.722560207592323e-06,-0.9497953057289124,-7.164912459660995e-07,0.1387789398431778,-1.5357288418726966e-07,0.0030842379201203585,0.1388976848125398,4.837075579869205e-09,-0.004950307234491948,trajectory,STRAIGHT,3.6478183269500732,10.677518486961347,2.0601484764441555e-05
963,8447.406,11.910572052001953,9.718032742966898e-06,-0.9497029185295105,-7.165119845355109e-07,0.13877925276756287,-1.4822822436144634e-07,0.0027456777170300484,0.1388976597785893,4.565440293190574e-09,-0.004927841778214815,trajectory,STRAIGHT,3.6471874713897705,10.681686043724037,2.0601484764441555e-05
964,8447.546,11.932243347167969,9.696810593595728e-06,-0.9525741338729858,-7.163698876411675e-07,0.1387810856103897,-1.2564453300001333e-07,-0.027299629524350166,0.13889751315116355,2.653614302934634e-09,-0.002396086589744578,trajectory,STRAIGHT,3.646557092666626,10.703357338890012,2.0601484764441555e-05
965,8447.64,11.945162773132324,9.685543773230165e-06,-0.9542539715766907,-7.163496832115732e-07,0.13878150284290314,-1.1717610703954051e-07,-0.0050209336914122105,0.1388974797725639,1.6199806393033907e-09,-0.003968302815352097,trajectory,STRAIGHT,3.6475090980529785,10.716276764854337,2.0601484764441555e-05
966,8447.671,11.948080062866211,9.6830990514718e-06,-0.9543261528015137,-7.163246096208295e-07,0.1387816071510315,-1.1570526936566239e-07,-0.0020718672312796116,0.1388974714279137,1.5356105953875789e-09,-0.004200619070921555,trajectory,STRAIGHT,3.6525566577911377,10.719194054588218,2.0601484764441555e-05
967,8447.765,11.960165977478027,9.673242857388686e-06,-0.9542527198791504,-7.162207332959594e-07,0.13878203928470612,-1.1137788646919944e-07,0.0024619728792458773,0.13889743685721997,1.0679585151925038e-09,-0.004490059153250329,trajectory,STRAIGHT,3.6525566577911377,10.731279969200004,2.0601484764441555e-05
968,8447.843,11.971001625061035,9.664624485594686e-06,-0.9540258646011353,-7.161276027699114e-07,0.1387825906276703,-1.0998305555176557e-07,0.0031671193428337574,0.1388973927497829,1.0340404935363092e-09,-0.004557813634238116,trajectory,STRAIGHT,3.655553102493286,10.742115616782984,2.0601484764441555e-05
969,8447.89,11.974335670471191,9.661983312980738e-06,-0.9539490342140198,-7.160826331626006e-07,0.1387828290462494,-1.100300579537361e-07,0.003230658359825611,0.1388973736762966,8.728818424273695e-10,-0.004579925236119372,trajectory,STRAIGHT,3.6553585529327393,10.745449662193131,2.0601484764441555e-05
970,8448.0,11.987671852111816,9.651333130022977e-06,-0.9536342024803162,-7.158303369299603e-07,0.1387833207845688,-1.1246101649931006e-07,0.0032957899384200573,0.1388973343372309,1.1553599662753247e-09,-0.004600877349092108,trajectory,STRAIGHT,3.6553585529327393,10.758785843833722,2.0601484764441555e-05
971,8448.078,11.997673988342285,9.643096746003721e-06,-0.9533969759941101,-7.155717948162479e-07,0.13878367841243744,-1.1663957621976806e-07,0.003285698825493455,0.13889730572700115,1.4684507624676205e-09,-0.004629130971867794,trajectory,STRAIGHT,3.6547348499298096,10.768787980064166,2.0601484764441555e-05
972,8448.125,12.004342079162598,9.637407856644131e-06,-0.9532396197319031,-7.154515016212926e-07,0.13878391683101654,-1.2054688625084964e-07,0.003274020040407777,0.1388972866535146,1.8622678736880533e-09,-0.004636064482171291,trajectory,STRAIGHT,3.654066801071167,10.775456070884463,2.0601484764441555e-05
973,8448.296,12.023929595947266,9.619326192478184e-06,-0.9527806043624878,-7.158085553624465e-07,0.13878461718559265,-1.372137887756253e-07,0.0032382686622440815,0.13889723062514758,3.4714263767490936e-09,-0.0046734829853512,trajectory,STRAIGHT,3.653397798538208,10.795043587669088,2.0601484764441555e-05
974,8448.421,12.040599822998047,9.60169836616842e-06,-0.9523935317993164,-7.163246624713904e-07,0.1387852132320404,-1.5749701276490669e-07,0.0032110644970089197,0.13889718294143058,5.266803204556641e-09,-0.004710817641930578,trajectory,STRAIGHT,3.653397798538208,10.811713814719838,2.0601484764441555e-05
975,8448.531,12.052685737609863,9.587228305463213e-06,-0.952114999294281,-7.16698840134047e-07,0.13878564536571503,-1.7570906152286625e-07,0.0031934769358485937,0.13889714837073558,6.717551775319566e-09,-0.004740335302347647,trajectory,STRAIGHT,3.6527316570281982,10.823799729331638,2.0601484764441555e-05
976,8448.609,12.058103561401367,9.580199730407912e-06,-0.95199054479599,-7.168665749507076e-07,0.13878583908081055,-1.8482992913959606e-07,0.0031861010938882828,0.1388971328735274,7.776390326263851e-09,-0.0047459679599053724,trajectory,STRAIGHT,3.652071237564087,10.829217553123136,2.0601484764441555e-05
977,8448.734,12.077274322509766,9.552284609526396e-06,-0.9515526294708252,-7.169968180303158e-07,0.13878652453422546,-2.1931674609732e-07,0.003162597306072712,0.13889707803725224,1.101457889437783e-08,-0.004783680335493325,trajectory,STRAIGHT,3.6514155864715576,10.848388314231524,2.0601484764441555e-05
978,8448.828,12.089360237121582,9.532436706649605e-06,-0.9512777924537659,-7.168821480035279e-07,0.13878662884235382,-2.361901039193981e-07,0.0031494847498834133,0.138897069692601,1.2042621427902676e-08,-0.004815603948760171,trajectory,STRAIGHT,3.6507654190063477,10.86047422884334,2.0601484764441555e-05
979,8448.968,12.105196952819824,9.504596164333634e-06,-0.9509198665618896,-7.168011959025895e-07,0.13878662884235382,-2.5080407795030624e-07,0.00313409510999918,0.13889706969260016,1.4853517340263662e-08,-0.004832269072163243,trajectory,STRAIGHT,3.650118350982666,10.876310944541588,2.0601484764441555e-05
980,8449.062,12.11769962310791,9.481733286520466e-06,-0.9506383538246155,-7.168003242616032e-07,0.13878662884235382,-2.563353689311043e-07,0.0031231993343681097,0.13889706969259985,1.3938254275448034e-08,-0.004873260418897739,trajectory,STRAIGHT,3.649475336074829,10.888813614829681,2.0601484764441555e-05
981,8449.14,12.122283935546875,9.473259524384048e-06,-0.9505354166030884,-7.168384800519905e-07,0.13878662884235382,-2.570357082731789e-07,0.0031194582115858793,0.1388970696925998,1.451638071340308e-08,-0.004878107990151516,trajectory,STRAIGHT,3.648837089538574,10.89339792726865,2.0601484764441555e-05
982,8449.25,12.141037940979004,9.438734196010046e-06,-0.9501150846481323,-7.169945720043672e-07,0.13878662884235382,-2.5248169777114526e-07,0.0031054518185555935,0.13889706969260007,1.436128508076655e-08,-0.004914886946548518,trajectory,STRAIGHT,3.648197889328003,10.912151932700791,2.0601484764441555e-05
983,8449.359,12.15354061126709,9.416403372597415e-06,-0.9498361349105835,-7.170986333796246e-07,0.13878662884235382,-2.428214713745547e-07,0.0030973346438258886,0.13889706969260063,1.4934040127152728e-08,-0.004928185059447582,trajectory,STRAIGHT,3.647561550140381,10.924654602988882,2.0601484764441555e-05
984,8449.484,12.169377326965332,9.389794286107644e-06,-0.9506261944770813,-7.172304445398094e-07,0.13878680765628815,-2.2252000064781896e-07,-0.021696800366044044,0.13889705538748703,1.1376462452660519e-08,-0.0029358597814051835,trajectory,STRAIGHT,3.646927833557129,10.940491318687126,2.0601484764441555e-05
985,8449.609,12.184380531311035,9.367026905238163e-06,-0.9521293044090271,-7.172478643728074e-07,0.13878639042377472,-2.0013577284316852e-07,-0.002293654251843691,0.1388970887660894,9.249700899290528e-09,-0.0043782610215308375,trajectory,STRAIGHT,3.6463541984558105,10.955494523032822,2.0601484764441555e-05
986,8449.718,12.196466445922852,9.350132131658029e-06,-0.952070415019989,-7.174264699657243e-07,0.13878633081912994,-1.895030266041431e-07,0.002329254988580942,0.13889709353446159,8.03498554808201e-09,-0.004685030134407386,trajectory,STRAIGHT,3.6498279571533203,10.967580437644628,2.0601484764441555e-05
987,8449.796,12.20605182647705,9.337250048702117e-06,-0.9518802165985107,-7.173611001050275e-07,0.13878633081912994,-1.8385999567271938e-07,0.0030203857459127903,0.1388970935344619,8.178401270065316e-09,-0.0047498305160678465,trajectory,STRAIGHT,3.6498279571533203,10.977165818198817,2.0601484764441555e-05
988,8449.89,12.218554496765137,9.321034667664208e-06,-0.9515982866287231,-7.173252889013162e-07,0.13878633081912994,-1.764795740655245e-07,0.0031901709735393524,0.13889709353446233,6.875079162983268e-09,-0.004788448362087121,trajectory,STRAIGHT,3.651231527328491,10.989668488486886,2.0601484764441555e-05
989,8450.0,12.231473922729492,9.304977538704406e-06,-0.9513007998466492,-7.172882839909798e-07,0.13878633081912994,-1.688352426754136e-07,0.003200534963980317,0.13889709353446278,6.93930689678611e-09,-0.004804151820426098,trajectory,STRAIGHT,3.650822639465332,11.002587914451222,2.0601484764441555e-05
990,8450.14,12.241476058959961,9.293034054280724e-06,-0.9510704874992371,-7.17259635028254e-07,0.13878633081912994,-1.6290535143070883e-07,0.003190370975062251,0.1388970935344631,5.5428321631126936e-09,-0.004840299028785682,trajectory,STRAIGHT,3.6501920223236084,11.012590050681675,2.0601484764441555e-05
991,8450.296,12.267314910888672,9.26416032598354e-06,-0.9504802227020264,-7.171856252083441e-07,0.13878633081912994,-1.4753985055904195e-07,0.003159597050398588,0.138897093534464,5.341334373328861e-09,-0.004867350354673124,trajectory,STRAIGHT,3.649541139602661,11.038428902610336,2.0601484764441555e-05
992,8450.39,12.27856731414795,9.252480595023371e-06,-0.9502245187759399,-7.171533951256901e-07,0.13878633081912994,-1.4082743859944458e-07,0.0031476060394197702,0.1388970935344644,3.6614881881146547e-09,-0.004915211382122636,trajectory,STRAIGHT,3.648890256881714,11.049681305869587,2.0601484764441555e-05
993,8450.453,12.287735939025879,9.243366548616905e-06,-0.9500173330307007,-7.171271335769548e-07,0.13878633081912994,-1.3534864251596446e-07,0.003138600615784526,0.1388970935344647,3.4747771495270146e-09,-0.00492485023549378,trajectory,STRAIGHT,3.6482412815093994,11.058849930747495,2.0601484764441555e-05
994,8450.593,12.301905632019043,9.229993338522036e-06,-0.9496976733207703,-7.170865475472576e-07,0.13878633081912994,-1.268647906726983e-07,0.0031258531380444765,0.13889709353446517,2.504611172396436e-09,-0.00496014092186117,trajectory,STRAIGHT,3.647596836090088,11.073019623740624,2.0601484764441555e-05
995,8450.734,12.320659637451172,9.213638804794755e-06,-0.9508060216903687,-7.168237030677644e-07,0.13878653943538666,-1.1537849786691368e-07,-0.02355014905333519,0.1388970768451653,1.5362787012867028e-09,-0.0027846809764897115,trajectory,STRAIGHT,3.646954298019409,11.091773629172698,2.0601484764441555e-05
996,8450.828,12.332328796386719,9.20423826755723e-06,-0.9524127840995789,-7.165448297524519e-07,0.13878625631332397,-1.084915624005589e-07,-0.0074803028255701065,0.1388970994949307,7.996178818213667e-10,-0.0039412581559010494,trajectory,STRAIGHT,3.646315336227417,11.103442788108207,2.0601484764441555e-05
997,8450.921,12.336496353149414,9.201020475302357e-06,-0.9525549411773682,-7.164647373262678e-07,0.13878610730171204,-1.0602212796584354e-07,-0.002508331323042512,0.1388971114158598,6.182336240747333e-10,-0.004331908022213792,trajectory,STRAIGHT,3.647127628326416,11.107610344870888,2.0601484764441555e-05
998,8451.031,12.3585844039917,9.185218004859053e-06,-0.9523009657859802,-7.155736033049682e-07,0.13878607749938965,-9.272795864490035e-08,0.0030732036102563143,0.1388971138000454,-6.161245645137836e-10,-0.004714326923776067,trajectory,STRAIGHT,3.6514670848846436,11.129698395713095,2.0601484764441555e-05
999,8451.171,12.373170852661133,9.17594661586918e-06,-0.9519659280776978,-7.148732925506085e-07,0.13878607749938965,-8.389189787294526e-08,0.0032409047707915306,0.13889711380004685,-1.4114434198815016e-09,-0.004755648066290385,trajectory,STRAIGHT,3.652042865753174,11.144284844382474,2.0601484764441555e-05
1000,8451.281,12.386923789978027,9.168055839836597e-06,-0.9516453146934509,-7.142129995537922e-07,0.13878607749938965,-7.553977354746166e-08,0.0032378637697547674,0.13889711380004732,-2.145848130576179e-09,-0.004786148418642315,trajectory,STRAIGHT,3.651522159576416,11.158037781699312,2.0601484764441555e-05
1001,8451.375,12.399843215942383,9.161395610135514e-06,-0.9513450264930725,-7.135927243144923e-07,0.13878607749938965,-6.767638183191593e-08,0.0032191581558436155,0.13889711380004777,-3.0851049526467016e-09,-0.004799666379548344,trajectory,STRAIGHT,3.650871515274048,11.17095720766361,2.0601484764441555e-05
1002,8451.406,12.40276050567627,9.15999316930538e-06,-0.9512774348258972,-7.134526621637006e-07,0.13878607749938965,-6.589846179849701e-08,0.003214731579646468,0.1388971138000477,-2.7314037179370293e-09,-0.004829958326384089,trajectory,STRAIGHT,3.6502108573913574,11.173874497397485,2.0601484764441555e-05
1003,8451.5,12.414012908935547,9.154932740784716e-06,-0.9510177373886108,-7.129124224392802e-07,0.13878607749938965,-5.9032743138232036e-08,0.003198235761374235,0.1388971138000481,-3.62468431395611e-09,-0.00484162353278663,trajectory,STRAIGHT,3.6502108573913574,11.185126900656709,2.0601484764441555e-05
1004,8451.593,12.425682067871094,9.150273399427533e-06,-0.9507497549057007,-7.123521738362814e-07,0.13878607749938965,-5.1899320396842086e-08,0.003182388376444578,0.13889711380004852,-4.609689699753392e-09,-0.004853754866137765,trajectory,STRAIGHT,3.649552583694458,11.196796059592199,2.0601484764441555e-05
1005,8451.625,12.42943286895752,9.148902790911961e-06,-0.9506639242172241,-7.121720939281969e-07,0.13878607749938965,-4.960352839589177e-08,0.003177614649757743,0.13889711380004882,-4.086952167607877e-09,-0.004883805467326658,trajectory,STRAIGHT,3.648898124694824,11.200546860678607,2.0601484764441555e-05
1006,8451.718,12.440685272216797,9.145163858192973e-06,-0.9504070281982422,-7.116318542040096e-07,0.13878607749938965,-4.2707693381771605e-08,0.003164130263030529,0.1388971138000492,-5.11330567546954e-09,-0.004895571517337578,trajectory,STRAIGHT,3.648898124694824,11.211799263937825,2.0601484764441555e-05
1007,8451.812,12.452354431152344,9.141876944340765e-06,-0.9501416683197021,-7.110716056012523e-07,0.13878607749938965,-3.5543024523576605e-08,0.0031513236463069916,0.1388971138000496,-5.608599388207209e-09,-0.0049228656025509425,trajectory,STRAIGHT,3.6482479572296143,11.22346842287331,2.0601484764441555e-05
1008,8451.89,12.457772254943848,9.14055544853909e-06,-0.9500189423561096,-7.108114901785795e-07,0.13878607749938965,-3.2211925571346e-08,0.0031457545701414347,0.1388971138000498,-6.150862842003971e-09,-0.004928556374637324,trajectory,STRAIGHT,3.647601842880249,11.228886246664782,2.0601484764441555e-05
1009,8452.046,12.479443550109863,9.136570952250622e-06,-0.9495298266410828,-7.097710284881163e-07,0.13878607749938965,-1.8858058226101093e-08,0.0031257085502147675,0.1388971138000501,-7.615624585303435e-09,-0.004968451016339755,trajectory,STRAIGHT,3.647601842880249,11.250557541830672,2.0601484764441555e-05
1010,8452.14,12.49194622039795,9.1352258095867e-06,-0.9497867822647095,-7.091707621283993e-07,0.13878633081912994,-1.0961748841964436e-08,-0.016399599611759186,0.13889709353447177,-7.809081923906852e-09,-0.0034150577809558278,trajectory,STRAIGHT,3.6469578742980957,11.26306021211868,2.0601484764441555e-05
1011,8452.265,12.497780799865723,9.134842912317254e-06,-0.9506474733352661,-7.08904962307566e-07,0.13878636062145233,-7.2885226742869236e-09,-0.023549973964691162,0.13889709115028617,-8.501564725087515e-09,-0.0027999932791934372,trajectory,STRAIGHT,3.646317958831787,11.268894791586415,2.0601484764441555e-05
1012,8452.375,12.520702362060547,9.134811080002692e-06,-0.9542749524116516,-7.082879840230318e-07,0.13878603279590607,6.7709828854845e-09,-0.00555563997477293,0.13889711737633,-1.0087738285964487e-08,-0.004009085316336938,trajectory,STRAIGHT,3.6457126140594482,11.291816353781087,2.0601484764441555e-05
1013,8452.468,12.529870986938477,9.135444088315126e-06,-0.9543728828430176,-7.080553808064878e-07,0.13878598809242249,1.2414139050065387e-08,0.0011162662412971258,0.13889712095260903,-1.1271823088645986e-08,-0.004537941292054245,trajectory,STRAIGHT,3.6490931510925293,11.300984978658951,2.0601484764441555e-05
1014,8452.5,12.53570556640625,9.136040716839489e-06,-0.9542940855026245,-7.079073605777322e-07,0.13878598809242249,1.603529753424482e-08,0.0024439741391688585,0.1388971209526099,-9.630132654415655e-09,-0.004484498853467055,trajectory,STRAIGHT,3.654451608657837,11.306819558126682,2.0601484764441555e-05
1015,8452.593,12.541956901550293,9.136849257629365e-06,-0.9541691541671753,-7.077487674754544e-07,0.13878598809242249,1.9926378769241637e-08,0.00301786488853395,0.13889712095261011,-1.0478716644319735e-08,-0.004536656680188723,trajectory,STRAIGHT,3.654451608657837,11.313070893270678,2.0601484764441555e-05
1016,8452.734,12.56196117401123,9.14061729417881e-06,-0.9537005424499512,-7.072412695478911e-07,0.13878598809242249,3.2417666773199016e-08,0.0033313194289803505,0.1388971209526108,-1.2288165767836247e-08,-0.004594110241684571,trajectory,STRAIGHT,3.6556808948516846,11.333075165731463,2.0601484764441555e-05
1017,8452.828,12.574463844299316,9.143886927631684e-06,-0.9534010887145996,-7.069240833429514e-07,0.13878598809242249,4.0246977306424014e-08,0.003317052498459816,0.13889712095261125,-1.2311176616615084e-08,-0.004628520353027611,trajectory,STRAIGHT,3.6552224159240723,11.345577836019448,2.0601484764441555e-05
1018,8452.859,12.58029842376709,9.145654075837228e-06,-0.9532619118690491,-7.067760631139236e-07,0.13878598809242249,4.390608765447723e-08,0.0033053148072212934,0.13889712095261145,-1.320596788302088e-08,-0.004634540180006056,trajectory,STRAIGHT,3.65456223487854,11.351412415487173,2.0601484764441555e-05
1019,8452.937,12.586549758911133,9.147717719315551e-06,-0.9531134963035583,-7.066174700113544e-07,0.13878598809242249,4.783036544608876e-08,0.0032922467216849327,0.13889712095261167,-1.233587145845398e-08,-0.004660177688337576,trajectory,STRAIGHT,3.65456223487854,11.357663750631165,2.0601484764441555e-05
1020,8453.046,12.601552963256836,9.153392966254614e-06,-0.9527596235275269,-7.062368465650212e-07,0.13878598809242249,5.726464280542132e-08,0.003261796198785305,0.1388971209526122,-1.4751318301727882e-08,-0.004675435285307181,trajectory,STRAIGHT,3.6538808345794678,11.372666954976737,2.0601484764441555e-05
1021,8453.171,12.614889144897461,9.159293767879717e-06,-0.9524477124214172,-7.058985146125273e-07,0.13878598809242249,6.566965282672754e-08,0.0032374211587011814,0.13889712095261172,-1.465639049244673e-08,-0.004711138503493026,trajectory,STRAIGHT,3.6532070636749268,11.38600313661724,2.0601484764441555e-05
1022,8453.296,12.629892349243164,9.16689805308124e-06,-0.9520993232727051,-7.055178911657495e-07,0.13878598809242249,7.514661604091089e-08,0.00321290735155344,0.1388971209526132,-1.570200286855666e-08,-0.004740294229874555,trajectory,STRAIGHT,3.6525375843048096,11.401006340962804,2.0601484764441555e-05
1023,8453.406,12.64197826385498,9.173768376058433e-06,-0.9518206119537354,-7.052112778334515e-07,0.13878598809242249,8.279726415594268e-08,0.0031951540149748325,0.13889712095261364,-1.6023662612783157e-08,-0.004768108811948792,trajectory,STRAIGHT,3.6518747806549072,11.413092255574503,2.0601484764441555e-05
1024,8453.5,12.656147956848145,9.182671419694088e-06,-0.9514957070350647,-7.048518001333215e-07,0.13878598809242249,9.17856723958721e-08,0.003176399739459157,0.13889712095261414,-1.8663315067808737e-08,-0.0047828537158410706,trajectory,STRAIGHT,3.6512160301208496,11.427261948567525,2.0601484764441555e-05
1025,8453.578,12.658648490905762,9.184338523482438e-06,-0.9514384865760803,-7.047883628921002e-07,0.13878598809242249,9.337394857311665e-08,0.003173315664753318,0.1388971209526142,-1.5644384666487766e-08,-0.004811975427607243,trajectory,STRAIGHT,3.6512160301208496,11.429762482625115,2.0601484764441555e-05
1026,8453.687,12.6786527633667,9.198701263812836e-06,-0.9509830474853516,-7.042808649620948e-07,0.13878598809242249,1.0610281719891645e-07,0.0031507222447544336,0.1388971209526149,-1.9552819024044554e-08,-0.004832939908543769,trajectory,STRAIGHT,3.649911880493164,11.449766755085841,2.0601484764441555e-05
1027,8453.812,12.691988945007324,9.209295058099087e-06,-0.9506814479827881,-7.039395773806671e-07,0.13878598809242249,1.1461104065801919e-07,0.0031375233083963394,0.13889712095261542,-1.901693403053311e-08,-0.004869477079717993,trajectory,STRAIGHT,3.6492652893066406,11.463102936726319,2.0601484764441555e-05
1028,8453.937,12.705741882324219,9.221076652465854e-06,-0.9503713250160217,-7.035623077560003e-07,0.13878598809242249,1.2340382227193913e-07,0.003125229850411415,0.1388971209526159,-1.9867364217924434e-08,-0.004897244297566905,trajectory,STRAIGHT,3.6492652893066406,11.476855874043055,2.0601484764441555e-05
1029,8454.031,12.716160774230957,9.230582691088784e-06,-0.9501373767852783,-7.032979859781764e-07,0.13878598809242249,1.3007769439354888e-07,0.0031167655251920223,0.13889712095261625,-2.2107770344328622e-08,-0.004908264563086524,trajectory,STRAIGHT,3.648622512817383,11.487274765949671,2.0601484764441555e-05
1030,8454.062,12.720745086669922,9.234923709300347e-06,-0.9500344395637512,-7.031816843959606e-07,0.13878598809242249,1.3301763601702987e-07,0.0031132434960454702,0.1388971209526162,-1.9216844505191e-08,-0.0049370221948848644,trajectory,STRAIGHT,3.647982358932495,11.49185907838858,2.0601484764441555e-05
1031,8454.156,12.733664512634277,9.247681191482116e-06,-0.9497454166412354,-7.02853925391622e-07,0.13878598809242249,1.413143166928421e-07,0.0031039933674037457,0.13889712095261667,-2.2093360679601626e-08,-0.00495073333071932,trajectory,STRAIGHT,3.647982358932495,11.504778504352778,2.0601484764441555e-05
1032,8454.265,12.743249893188477,9.257648343918845e-06,-0.9499045014381409,-7.026107493562288e-07,0.1387861967086792,1.4763557487640355e-07,-0.013904809951782227,0.13889710426331645,-2.1306371872308217e-08,-0.0035992875003349033,trajectory,STRAIGHT,3.647345781326294,11.514363884906857,2.0601484764441555e-05
1033,8454.343,12.74866771697998,9.263475476473104e-06,-0.950628399848938,-7.024733020319076e-07,0.1387862265110016,1.5119981355837808e-07,-0.02211405523121357,0.13889710187913085,-2.256690047461313e-08,-0.00290635295744054,trajectory,STRAIGHT,3.6467089653015137,11.51978170869829,2.0601484764441555e-05
1034,8454.484,12.768671989440918,9.286171007261146e-06,-0.9532371163368225,-7.01965804219227e-07,0.13878582417964935,1.6393512680679123e-07,-0.0030465873423963785,0.13889713406563972,-2.4633176739956524e-08,-0.004262538930424993,trajectory,STRAIGHT,3.6463875770568848,11.539785981158962,2.0601484764441555e-05
1035,8454.593,12.783675193786621,9.304396371589974e-06,-0.9531533122062683,-7.015851808599205e-07,0.13878582417964935,1.7359170101372e-07,0.0026349870022386312,0.13889713406564053,-2.459014363797183e-08,-0.004606694995329756,trajectory,STRAIGHT,3.6505324840545654,11.554789185504458,2.0601484764441555e-05
1036,8454.687,12.796177864074707,9.320385288447142e-06,-0.9528831839561462,-7.012679947272985e-07,0.13878582417964935,1.8169428983583202e-07,0.003194548888131976,0.13889713406564097,-2.774173573894234e-08,-0.004664966358707326,trajectory,STRAIGHT,3.653425931930542,11.567291855792366,2.0601484764441555e-05
1037,8454.734,12.799928665161133,9.325323844677769e-06,-0.9527963995933533,-7.011728388875356e-07,0.13878582417964935,1.841293340021366e-07,0.0032330043613910675,0.1388971340656407,-2.3281741938784863e-08,-0.004687924725188972,trajectory,STRAIGHT,3.6532273292541504,11.571042656878737,2.0601484764441555e-05
1038,8454.828,12.806180000305176,9.333701200375799e-06,-0.9526501893997192,-7.010142458212884e-07,0.13878582417964935,1.881912226053828e-07,0.003257683478295803,0.13889713406564091,-2.4896695079952555e-08,-0.004697209564223052,trajectory,STRAIGHT,3.6532273292541504,11.577293992022689,2.0601484764441555e-05
1039,8454.953,12.827017784118652,9.36294691200601e-06,-0.9521620869636536,-7.004856022673501e-07,0.13878582417964935,2.0176013038053497e-07,0.0032414072193205357,0.13889713406564164,-2.8355300434235508e-08,-0.004730544389833583,trajectory,STRAIGHT,3.6526103019714355,11.59813177583585,2.0601484764441555e-05
1040,8455.046,12.840353965759277,9.382734788232483e-06,-0.9518519639968872,-7.001472703930066e-07,0.13878582417964935,2.1046722054052225e-07,0.0032199944835156202,0.1388971340656421,-3.199375611234271e-08,-0.004744337519307508,trajectory,STRAIGHT,3.651946783065796,11.611467957476263,2.0601484764441555e-05
1041,8455.156,12.84618854522705,9.39165420277277e-06,-0.9517167806625366,-6.999992501980248e-07,0.13878582417964935,2.142821813322371e-07,0.0032109704334288836,0.13889713406564277,-2.6229735934475737e-08,-0.00478542831182692,trajectory,STRAIGHT,3.651282548904419,11.617302536943942,2.0601484764441555e-05
1042,8455.265,12.867443084716797,9.425503776583355e-06,-0.9512279629707336,-6.994600337736714e-07,0.13878582417964935,2.2820847789262189e-07,0.003181195119395852,0.13889713406564352,-3.2263087315956267e-08,-0.004807487171294427,trajectory,STRAIGHT,3.6506237983703613,11.638557076433335,2.0601484764441555e-05
1043,8455.359,12.879112243652344,9.444996067031752e-06,-0.950961172580719,-6.991639933839796e-07,0.13878582417964935,2.358735713414717e-07,0.0031668925657868385,0.13889713406564397,-2.942730845188409e-08,-0.004847085086039654,trajectory,STRAIGHT,3.6499688625335693,11.650226235368681,2.0601484764441555e-05
1044,8455.39,12.88286304473877,9.451398000237532e-06,-0.9508758783340454,-6.990688375444582e-07,0.13878582417964935,2.383402488703723e-07,0.0031625893898308277,0.13889713406564408,-3.0535390832870246e-08,-0.004851005544296853,trajectory,STRAIGHT,3.649318218231201,11.653977036455041,2.0601484764441555e-05
1045,8455.5,12.894948959350586,9.472479177929927e-06,-0.9506010413169861,-6.987622242838527e-07,0.13878582417964935,2.462980432937911e-07,0.003149470780044794,0.13889713406564452,-3.0445403912689335e-08,-0.004879159474371751,trajectory,STRAIGHT,3.649318218231201,11.66606295106664,2.0601484764441555e-05
1046,8455.578,12.906201362609863,9.492730896454304e-06,-0.9503467082977295,-6.984767567654599e-07,0.13878582417964935,2.5372020218128455e-07,0.0031383424066007137,0.13889713406564494,-3.387533492021038e-08,-0.004890985855459054,trajectory,STRAIGHT,3.6486706733703613,11.677315354325712,2.0601484764441555e-05
1047,8455.687,12.911202430725098,9.501924068899825e-06,-0.9502336978912354,-6.983498823128723e-07,0.13878582417964935,2.5702303219077294e-07,0.003133694874122739,0.1388971340656444,-2.959678191664317e-08,-0.004919502731429434,trajectory,STRAIGHT,3.6480283737182617,11.682316422440852,2.0601484764441555e-05
1048,8455.796,12.925372123718262,9.528618647891562e-06,-0.949914813041687,-6.979904046973133e-07,0.13878582417964935,2.663946645498072e-07,0.0031214726623147726,0.13889713406564494,-3.4036778131792084e-08,-0.004934469196962213,trajectory,STRAIGHT,3.6473875045776367,11.696486115433746,2.0601484764441555e-05
1049,8455.921,12.939541816711426,9.55627274379367e-06,-0.9498300552368164,-6.976309270819101e-07,0.13878598809242249,2.7591781304181495e-07,-0.010888084769248962,0.1388971209526243,-3.360901580412966e-08,-0.0038369088921664765,trajectory,STRAIGHT,3.6467506885528564,11.710655808426633,2.0601484764441555e-05
1050,8456.062,12.959129333496094,9.596110430720728e-06,-0.9530612826347351,-6.971340021432272e-07,0.13878615200519562,2.8909167326673924e-07,-0.027687478810548782,0.13889710783960316,-4.0055685922172056e-08,-0.0023313959989665557,trajectory,STRAIGHT,3.6467506885528564,11.730243325210902,2.0601484764441555e-05
1051,8456.156,12.974132537841797,9.627869985706639e-06,-0.9556804895401001,-6.967533787861396e-07,0.1387859284877777,2.9892524366914586e-07,-0.010498755611479282,0.13889712572099713,-3.5909355828018703e-08,-0.0034373583422958797,trajectory,STRAIGHT,3.650920867919922,11.745246529556287,2.0601484764441555e-05
1052,8456.203,12.978716850280762,9.637783477955963e-06,-0.9559003710746765,-6.966370772048421e-07,0.13878585398197174,3.0191884548003145e-07,-0.003604750381782651,0.13889713168146178,-3.7469713634043755e-08,-0.003977884683942789,trajectory,STRAIGHT,3.650920867919922,11.749830841995152,2.0601484764441555e-05
1053,8456.265,12.987885475158691,9.657910595706198e-06,-0.9559258818626404,-6.964044740422962e-07,0.13878585398197174,3.079928774241125e-07,0.0016620720271021128,0.13889713168146212,-3.504599659552672e-08,-0.004273278213502862,trajectory,STRAIGHT,3.650920867919922,11.758999466872881,2.0601484764441555e-05
1054,8456.39,13.000804901123047,9.686954399512615e-06,-0.9556784629821777,-6.960767150406378e-07,0.13878585398197174,3.1662185051573033e-07,0.0031856466084718704,0.14999999999870872,-6.224025794371921e-07,-0.004407535124035575,trajectory,STRAIGHT,3.656578540802002,11.771918892836945,2.0601484764441555e-05
1055,8456.5,13.013307571411133,9.7158281278098e-06,-0.9553802609443665,-6.958708892359594e-07,0.1388723999261856,3.2494040169694927e-07,0.0033733381424099207,0.1499999999986804,-6.291874812277715e-07,-0.004447205498307984,trajectory,STRAIGHT,3.658820629119873,11.784421563124743,2.0601484764441555e-05
1056,8456.609,13.025407791137695,9.744438102643471e-06,-0.9550864100456238,-6.958203845135235e-07,0.13936814665794373,3.3271169286308577e-07,0.0033680247142910957,0.14999999999865224,-6.358636903566622e-07,-0.004461472968995612,trajectory,STRAIGHT,3.658479928970337,11.79652178285102,2.0601484764441555e-05
1057,8456.718,13.039668083190918,9.778832463780418e-06,-0.9547447562217712,-6.95905718905563e-07,0.1402406394481659,3.416391791688511e-07,0.003332722932100296,0.1499999999986181,-6.438674644579916e-07,-0.004501731137554033,trajectory,STRAIGHT,3.656167507171631,11.810782074903896,2.0601484764441555e-05
1058,8456.828,13.052328109741211,9.809932635107543e-06,-0.9544461965560913,-6.958958423392007e-07,0.14111328125,3.4946162941196235e-07,0.0033024055883288383,0.1499999999985868,-6.511278342064059e-07,-0.004529237238974353,trajectory,STRAIGHT,3.6521356105804443,11.823442101453873,2.0601484764441555e-05
1059,8456.906,13.064215660095215,9.839594895311166e-06,-0.9541699290275574,-6.957749075707631e-07,0.14193764328956604,3.5677001619660587e-07,0.0032772081904113293,0.1499999999985564,-6.580840037255435e-07,-0.004541034823567648,trajectory,STRAIGHT,3.650038480758667,11.835329651807575,2.0601484764441555e-05
1060,8457.015,13.068052291870117,9.849259186012205e-06,-0.9540814161300659,-6.957427235832796e-07,0.14219766855239868,3.5912543694394117e-07,0.0032696807757019997,0.14999999999854643,-6.603533255455629e-07,-0.004570101437926513,trajectory,STRAIGHT,3.649012804031372,11.83916628358238,2.0601484764441555e-05
1061,8457.125,13.09164047241211,9.909709660860244e-06,-0.953545331954956,-6.958420866707481e-07,0.1436820775270462,3.736233225026808e-07,0.0032288592774420977,0.1499999999984833,-6.745421390115061e-07,-0.004593639926821214,trajectory,STRAIGHT,3.6485493183135986,11.862754464123748,2.0601484764441555e-05
1062,8457.171,13.095090866088867,9.918702744471375e-06,-0.9534680247306824,-6.958698911235378e-07,0.14387986063957214,3.757491526812373e-07,0.0032235702965408564,0.14999999999847377,-6.76656986921023e-07,-0.004597082169562798,trajectory,STRAIGHT,3.648361921310425,11.866204857800412,2.0601484764441555e-05
1063,8457.25,13.10633659362793,9.948282240657136e-06,-0.953217089176178,-6.960400735066718e-07,0.14448803663253784,3.8268987623268913e-07,0.003207260509952903,0.14999999999844224,-6.836127736529711e-07,-0.004635752938886516,trajectory,STRAIGHT,3.648361921310425,11.877450585339165,2.0601484764441555e-05
1064,8457.359,13.120241165161133,9.98543509922456e-06,-0.9529100060462952,-6.962637881932718e-07,0.14516381919384003,3.9129912465796224e-07,0.00318890530616045,0.14999999999840205,-6.92372893617141e-07,-0.004664053247386483,trajectory,STRAIGHT,3.648287296295166,11.89135515687198,2.0601484764441555e-05
1065,8457.484,13.133768081665039,1.002221688395366e-05,-0.9526143670082092,-6.968573641341484e-07,0.1457449048757553,3.9970777265807556e-07,0.003172550117596984,0.14999999999836192,-7.010157212507467e-07,-0.004677526784205703,trajectory,STRAIGHT,3.648287296295166,11.904882073375495,2.0601484764441555e-05
1066,8457.578,13.146910667419434,1.0058560292236507e-05,-0.9523296356201172,-6.975720444366945e-07,0.146243155002594,4.0790590105643787e-07,0.0031584776006639004,0.14999999999832173,-7.095634967834338e-07,-0.00471710570456054,trajectory,STRAIGHT,3.6482431888580322,11.918024659129502,2.0601484764441555e-05
1067,8457.609,13.152617454528809,1.0074538295157254e-05,-0.9522064328193665,-6.979271224702252e-07,0.14644087851047516,4.114760372431192e-07,0.0031527646351605654,0.1499999999983039,-7.133227440492921e-07,-0.004722808807357809,trajectory,STRAIGHT,3.6481783390045166,11.923731446238707,2.0601484764441555e-05
1068,8457.671,13.157453536987305,1.0088167073263321e-05,-0.9521023035049438,-6.982377748077056e-07,0.14660003781318665,4.1450491039540793e-07,0.003148109884932637,0.14999999999828859,-7.165326661361869e-07,-0.004745557057852516,trajectory,STRAIGHT,3.6481783390045166,11.928567528697055,2.0601484764441555e-05
1069,8457.718,13.163174629211426,1.0104403372679371e-05,-0.9519798755645752,-6.986257764630761e-07,0.14677898585796356,4.180936912234756e-07,0.003142830915749073,0.1499999999982703,-7.203583390615616e-07,-0.004751256137336264,trajectory,STRAIGHT,3.6480724811553955,11.934288620921,2.0601484764441555e-05
1070,8457.781,13.17110538482666,1.0127114364877343e-05,-0.951810359954834,-6.991415237870609e-07,0.1470111906528473,4.230785748404742e-07,0.0031358434353023767,0.1499999999982444,-7.257218204288743e-07,-0.0047591729193875885,trajectory,STRAIGHT,3.6480724811553955,11.94221937653599,2.0601484764441555e-05
1071,8457.812,13.176844596862793,1.0143685358343646e-05,-0.9516879320144653,-6.994895217974614e-07,0.14716821908950806,4.26689751975573e-07,0.0031310380436480045,0.1499999999982254,-7.296476681450793e-07,-0.004764909885073671,trajectory,STRAIGHT,3.6479148864746094,11.947958588571941,2.0601484764441555e-05
1072,8457.89,13.187007904052734,1.017334852804197e-05,-0.9514724016189575,-7.000789752657006e-07,0.14742563664913177,4.331004106461478e-07,0.003122958354651928,0.1499999999981909,-7.36691922080736e-07,-0.004792433312172538,trajectory,STRAIGHT,3.6479148864746094,11.95812189576156,2.0601484764441555e-05
1073,8458.015,13.201620101928711,1.0216684131592046e-05,-0.9511635899543762,-7.010153496306714e-07,0.14775332808494568,4.423439179390698e-07,0.0031123091466724873,0.14999999999813993,-7.470050316983867e-07,-0.00482186317944844,trajectory,STRAIGHT,3.6477084159851074,11.972734093637058,2.0601484764441555e-05
1074,8458.109,13.216261863708496,1.026093650580151e-05,-0.9508561491966248,-7.019119637716146e-07,0.14803758263587952,4.5163719164520444e-07,0.003102658549323678,0.14999999999808686,-7.575867654779241e-07,-0.0048500244331054505,trajectory,STRAIGHT,3.6474499702453613,11.987375855416351,2.0601484764441555e-05
1075,8458.14,13.218483924865723,1.0267721336276736e-05,-0.9508096575737,-7.020585343751321e-07,0.14807721972465515,4.530493526999635e-07,0.003101309761404991,0.14999999999807864,-7.592122993420425e-07,-0.004852241111218196,trajectory,STRAIGHT,3.647144079208374,11.989597916573501,2.0601484764441555e-05
1076,8458.218,13.2300386428833,1.0303347153239883e-05,-0.950567901134491,-7.029167873563141e-07,0.14826999604701996,4.6040926804380433e-07,0.003094654530286789,0.1499999999980352,-7.677465583445519e-07,-0.004879339225170398,trajectory,STRAIGHT,3.647144079208374,12.00115263459068,2.0601484764441555e-05
1077,8458.343,13.245623588562012,1.035221248457674e-05,-0.9502432346343994,-7.043209395839357e-07,0.1484973132610321,4.7035848638188327e-07,0.0030865666922181845,0.14999999999797473,-7.794708463779895e-07,-0.004894925523129487,trajectory,STRAIGHT,3.6468002796173096,12.016737580268837,2.0601484764441555e-05
1078,8458.468,13.259886741638184,1.0397806363471318e-05,-0.9499475955963135,-7.056557769190552e-07,0.14867684245109558,4.79494076444098e-07,0.0030799121595919132,0.14999999999791727,-7.904559096355674e-07,-0.004934049207692001,trajectory,STRAIGHT,3.646418333053589,12.031000733344486,2.0601484764441555e-05
1079,8458.546,13.271937370300293,1.0436967386340257e-05,-0.9502957463264465,-7.066705615462522e-07,0.14881357550621033,4.874266323895426e-07,-0.017180882394313812,0.1499999999978669,-7.99953332610475e-07,-0.0032957781068728895,trajectory,STRAIGHT,3.646003007888794,12.043051362006143,2.0601484764441555e-05
1080,8458.656,13.27729320526123,1.0454577022755984e-05,-0.9510353207588196,-7.071443684514041e-07,0.1488686352968216,4.909198878522147e-07,-0.02206377126276493,0.14999999999784402,-8.042321516115717e-07,-0.0028658622589485968,trajectory,STRAIGHT,3.6455628871917725,12.048407196966876,2.0601484764441555e-05
1081,8458.781,13.300984382629395,1.0533823115110863e-05,-0.9518079161643982,-7.092432177405896e-07,0.1490730494260788,5.059544605501287e-07,0.0021605193614959717,0.1499999999977389,-8.236070095027283e-07,-0.004765175738610538,trajectory,STRAIGHT,3.6478395462036133,12.072098374334107,2.0601484764441555e-05
1082,8458.89,13.317086219787598,1.0589027624519076e-05,-0.9515067934989929,-7.109140454726975e-07,0.14918921887874603,5.163649916539725e-07,0.003089636331424117,0.14999999999766378,-8.371748473774371e-07,-0.004788155273781316,trajectory,STRAIGHT,3.649791955947876,12.088200211491651,2.0601484764441555e-05
1083,8459.0,13.330065727233887,1.0634320460667368e-05,-0.9512333869934082,-7.128090320234968e-07,0.1492704451084137,5.247836156740959e-07,0.0031694548670202494,0.14999999999760133,-8.482947247064526e-07,-0.004821434688063736,trajectory,STRAIGHT,3.6495649814605713,12.101179718937393,2.0601484764441555e-05
1084,8459.093,13.343960762023926,1.0683544132916722e-05,-0.9509377479553223,-7.150656601999868e-07,0.14934659004211426,5.338080768524378e-07,0.003169523784890771,0.14999999999753222,-8.60429552983202e-07,-0.004836222153397674,trajectory,STRAIGHT,3.6495649814605713,12.115074753726832,2.0601484764441555e-05
1085,8459.218,13.358752250671387,1.073686780728167e-05,-0.9506248831748962,-7.175970165690447e-07,0.14941705763339996,5.434416152638732e-07,0.0031562484800815582,0.1499999999974558,-8.736444564157917e-07,-0.004875792633269064,trajectory,STRAIGHT,3.649052619934082,12.129866242373634,2.0601484764441555e-05
1086,8459.312,13.371302604675293,1.0782861863845028e-05,-0.9503601789474487,-7.195145911212276e-07,0.14946936070919037,5.516363330571039e-07,0.0031444316264241934,0.14999999999738833,-8.851543280013353e-07,-0.004901821749854441,trajectory,STRAIGHT,3.648493766784668,12.142416596376966,2.0601484764441555e-05
1087,8459.406,13.376681327819824,1.0802785254782066e-05,-0.9502471685409546,-7.203360203004981e-07,0.1494898498058319,5.551540311898862e-07,0.003139588050544262,0.1499999999973587,-8.901625886213291e-07,-0.0049070847841087535,trajectory,STRAIGHT,3.6479251384735107,12.147795319521247,2.0601484764441555e-05
1088,8459.515,13.397299766540527,1.088033059204463e-05,-0.9498150944709778,-7.238027928429592e-07,0.14955919981002808,5.686694066753262e-07,0.0031225872226059437,0.14999999999724123,-9.097420232261722e-07,-0.004943915514050151,trajectory,STRAIGHT,3.647348642349243,12.168413758240963,2.0601484764441555e-05
1089,8459.609,13.411669731140137,1.0935380487353541e-05,-0.9505124688148499,-7.262743145339847e-07,0.14960116147994995,5.78338301693293e-07,-0.020742079243063927,0.1499999999971554,-9.237830319324022e-07,-0.003018847731586458,trajectory,STRAIGHT,3.6467645168304443,12.18278372283986,2.0601484764441555e-05
1090,8459.656,13.414813995361328,1.0947546797979157e-05,-0.9509797692298889,-7.267636166260771e-07,0.14960944652557373,5.804322995572875e-07,-0.023551203310489655,0.14999999999713612,-9.269093269170626e-07,-0.0027707527854404466,trajectory,STRAIGHT,3.6461753845214844,12.185927987060893,2.0601484764441555e-05
1091,8459.734,13.428738594055176,1.1001943676092196e-05,-0.9519844651222229,-7.289613862292579e-07,0.1496414840221405,5.893732577533228e-07,-0.0015479889698326588,0.1499999999970487,-9.40953053319105e-07,-0.0044296292029460645,trajectory,STRAIGHT,3.6461753845214844,12.199852585754027,2.0601484764441555e-05
1092,8459.828,13.441315650939941,1.1051795809180476e-05,-0.9519023299217224,-7.308505011625818e-07,0.1496676504611969,5.97626183207467e-07,0.002409256063401699,0.14999999999696664,-9.539420772308353e-07,-0.004750315565629838,trajectory,STRAIGHT,3.648325204849243,12.212429642638128,2.0601484764441555e-05
1093,8459.953,13.445807456970215,1.1069771971961018e-05,-0.9518235325813293,-7.314887895120363e-07,0.14967629313468933,6.005879527037905e-07,0.00279832212254405,0.14999999999693658,-9.586551158944492e-07,-0.0047448670641594935,trajectory,STRAIGHT,3.65065598487854,12.21692144866816,2.0601484764441555e-05
1094,8460.046,13.467817306518555,1.1159129826410208e-05,-0.951367974281311,-7.344047158408951e-07,0.14971360564231873,6.151454954306246e-07,0.003205580171197653,0.14999999999678354,-9.823131086005944e-07,-0.004800225623052698,trajectory,STRAIGHT,3.650406837463379,12.238931298215284,2.0601484764441555e-05
1095,8460.14,13.47365665435791,1.1183196875208523e-05,-0.9512428045272827,-7.351287810023554e-07,0.14972224831581116,6.190170438458154e-07,0.0032093755435198545,0.14999999999674124,-9.88749154695943e-07,-0.004830253621217631,trajectory,STRAIGHT,3.650406837463379,12.24477064605431,2.0601484764441555e-05
1096,8460.25,13.490276336669922,1.1252518561377656e-05,-0.9508873820304871,-7.37096683942962e-07,0.14974428713321686,6.300549557636259e-07,0.0031954690348356962,0.14999999999661687,-1.007439954224789e-06,-0.004846912225362682,trajectory,STRAIGHT,3.649818181991577,12.261390328365355,2.0601484764441555e-05
1097,8460.375,13.510040283203125,1.1336555871821474e-05,-0.9504669904708862,-7.39535534599784e-07,0.1497662216424942,6.432167083403328e-07,0.0031723896972835064,0.14999999999646116,-1.030364539435128e-06,-0.004887190352702725,trajectory,STRAIGHT,3.6491878032684326,12.281154274897364,2.0601484764441555e-05
1098,8460.484,13.5244140625,1.1398765309422743e-05,-0.9501633048057556,-7.413005696867185e-07,0.14977970719337463,6.52812786938739e-07,0.0031571248546242714,0.1499999999963422,-1.0475410836268336e-06,-0.004919614670679232,trajectory,STRAIGHT,3.648555278778076,12.29552805419334,2.0601484764441555e-05
1099,8460.578,13.538338661193848,1.1459918823675252e-05,-0.9498702883720398,-7.427730900799545e-07,0.14979109168052673,6.621280590479728e-07,0.0031436667777597904,0.14999999999622185,-1.0646347247459488e-06,-0.0049331888462158646,trajectory,STRAIGHT,3.6479239463806152,12.309452652886291,2.0601484764441555e-05
1100,8460.703,13.552712440490723,1.1523961802595295e-05,-0.9504948854446411,-7.444983369277966e-07,0.14980192482471466,6.72001817747514e-07,-0.020212378352880478,0.14999999999609256,-1.0826934722660207e-06,-0.0030596791670162663,trajectory,STRAIGHT,3.647291421890259,12.32382643218221,2.0601484764441555e-05
1101,8460.796,13.56663703918457,1.1586891560000367e-05,-0.9521530866622925,-7.461705502975503e-07,0.14981012046337128,6.812135779910022e-07,-0.006456043105572462,0.14999999999596203,-1.1006310283498517e-06,-0.004077275925918339,trajectory,STRAIGHT,3.646660327911377,12.337751030875106,2.0601484764441555e-05
1102,8460.906,13.5819091796875,1.1656887181743514e-05,-0.9522322416305542,-7.479425810706729e-07,0.1498180776834488,6.914045229677868e-07,0.002100266283378005,0.14999999999581248,-1.1208277200514711e-06,-0.0046575753252664776,trajectory,STRAIGHT,3.647477626800537,12.353023171376957,2.0601484764441555e-05
1103,8460.953,13.584604263305664,1.1669348168652505e-05,-0.9521909356117249,-7.482499894033081e-07,0.14981941878795624,6.932170322215825e-07,0.0024677037727087736,0.14999999999578537,-1.1244500087395414e-06,-0.004689035625354406,trajectory,STRAIGHT,3.651153564453125,12.355718254994928,2.0601484764441555e-05
1104,8461.031,13.596732139587402,1.1725827789632604e-05,-0.9519575238227844,-7.494795652777324e-07,0.14982493221759796,7.013914569142798e-07,0.0031199846416711807,0.14999999999566047,-1.140991057843515e-06,-0.004751226572301628,trajectory,STRAIGHT,3.651153564453125,12.36784613127578,2.0601484764441555e-05
1105,8461.14,13.611105918884277,1.1793625162681565e-05,-0.9516507983207703,-7.506970902634327e-07,0.14983072876930237,7.111044624252827e-07,0.003230194328352809,0.14999999999550612,-1.1611021923583205e-06,-0.004775379622336866,trajectory,STRAIGHT,3.651319742202759,12.382219910571573,2.0601484764441555e-05
1106,8461.234,13.624581336975098,1.1858031029987615e-05,-0.9513595700263977,-7.51621133700959e-07,0.14983545243740082,7.202286838037253e-07,0.0032268052455037832,0.149999999995355,-1.1804664556783622e-06,-0.004813389688531526,trajectory,STRAIGHT,3.6507575511932373,12.395695328661349,2.0601484764441555e-05
1107,8461.328,13.628174781799316,1.1875344171130564e-05,-0.9512823224067688,-7.518932422185204e-07,0.14983664453029633,7.226647085190052e-07,0.0032226566690951586,0.14999999999531366,-1.185706230915557e-06,-0.00481692018340028,trajectory,STRAIGHT,3.6501107215881348,12.399288773485283,2.0601484764441555e-05
1108,8461.453,13.651981353759766,1.1991528481303249e-05,-0.9507722854614258,-7.530090734993945e-07,0.14984340965747833,7.388337621705432e-07,0.003191588679328561,0.1499999999950273,-1.2213990777814766e-06,-0.0048561179717816465,trajectory,STRAIGHT,3.649456739425659,12.423095345443796,2.0601484764441555e-05
1109,8461.546,13.664109230041504,1.2051716112182476e-05,-0.9505144953727722,-7.531372532582751e-07,0.14984627068042755,7.470908371942642e-07,0.003176877275109291,0.1499999999948726,-1.2402518890372918e-06,-0.004890228504865033,trajectory,STRAIGHT,3.649456739425659,12.43522322172451,2.0601484764441555e-05
1110,8461.64,13.66994857788086,1.2080931810487527e-05,-0.9503905177116394,-7.532141506359373e-07,0.1498475819826126,7.510713544434111e-07,0.0031702639535069466,0.14999999999479602,-1.2494763067312248e-06,-0.004895898322193486,trajectory,STRAIGHT,3.6488068103790283,12.44106256956336,2.0601484764441555e-05
1111,8461.734,13.688814163208008,1.2168435205239803e-05,-0.949992299079895,-7.535721384691948e-07,0.1498512625694275,6.059755719434179e-07,0.003150706645101309,0.14999999999454688,-1.2790363245320932e-06,-0.004931009751734063,trajectory,STRAIGHT,3.6481575965881348,12.45992815488891,2.0601484764441555e-05
1112,8461.765,13.693755149841309,1.2187621905468404e-05,-0.9499044418334961,-7.535788211013145e-07,0.14985217154026031,5.567007406170887e-07,-0.0004998935619369149,0.14999999999448302,-1.2865042242307129e-06,-0.004660842109906789,trajectory,STRAIGHT,3.6475131511688232,12.464869141521818,2.0601484764441555e-05
1113,8461.843,13.704086303710938,1.2222360055602621e-05,-0.9508143067359924,-7.540196927922356e-07,0.14985418319702148,4.506011066496285e-07,-0.0216482225805521,0.14999999999435265,-1.3016162619632088e-06,-0.002923482543292757,trajectory,STRAIGHT,3.6475131511688232,12.475200295390668,2.0601484764441555e-05
1114,8461.937,13.715764999389648,1.2253020031494088e-05,-0.9521193504333496,-7.546742442992526e-07,0.14985555410385132,3.359953950621275e-07,-0.006292869336903095,0.14999999999420988,-1.317964501866015e-06,-0.004086658617916818,trajectory,STRAIGHT,3.6468722820281982,12.486878991068561,2.0601484764441555e-05
1115,8461.968,13.719358444213867,1.226064887305256e-05,-0.9522218704223633,-7.548620418362657e-07,0.14985597133636475,2.9969913839522633e-07,-0.0025565773248672485,0.14999999999416694,-1.3228457004822392e-06,-0.0043804359794290025,trajectory,STRAIGHT,3.6485183238983154,12.490472435892544,2.0601484764441555e-05
1116,8462.046,13.731037139892578,1.2279281691007782e-05,-0.9521917700767517,-7.556242679169044e-07,0.14985747635364532,1.7695975884635118e-07,0.002116384217515588,0.14999999999403119,-1.3381505772360002e-06,-0.004662369842256909,trajectory,STRAIGHT,3.6485183238983154,12.502151131570535,2.0601484764441555e-05
1117,8462.156,13.743165016174316,1.2288234756852034e-05,-0.9519721269607544,-7.56642064152135e-07,0.14985868334770203,4.301044498333795e-08,0.0030541466549038887,0.14999999999389732,-1.35307268087057e-06,-0.004748372993047839,trajectory,STRAIGHT,3.6513354778289795,12.514279007851613,2.0601484764441555e-05
1118,8462.25,13.75619125366211,1.2285473530937452e-05,-0.9516969323158264,-7.579441712122684e-07,0.1498599797487259,-1.0766044766796767e-07,0.0032177988905459642,0.1499999999937628,-1.3679035431758075e-06,-0.0047816901272659095,trajectory,STRAIGHT,3.6513354778289795,12.527305245338804,2.0601484764441555e-05
1119,8462.375,13.771014213562012,1.2265986697457265e-05,-0.9513774514198303,-7.598101157184802e-07,0.14986145496368408,-2.8753413516824367e-07,0.0032262292224913836,0.1499999999936233,-1.3831149622719478e-06,-0.004798338598621348,trajectory,STRAIGHT,3.6511638164520264,12.542128205238168,2.0601484764441555e-05
1120,8462.484,13.786735534667969,1.222535502165556e-05,-0.9510396122932434,-7.622557523152198e-07,0.14986251294612885,-4.880733968093409e-07,0.0032074498012661934,0.14999999999349348,-1.397123734297306e-06,-0.0048398429911603105,trajectory,STRAIGHT,3.6505584716796875,12.557849526343743,2.0601484764441555e-05
1121,8462.609,13.801558494567871,1.2167339264124166e-05,-0.9507229924201965,-7.647578162817224e-07,0.14986349642276764,-6.840934929641662e-07,0.0031883399933576584,0.1499999999933901,-1.4081815888271192e-06,-0.004868981185866673,trajectory,STRAIGHT,3.6499030590057373,12.572672486243473,2.0601484764441555e-05
1122,8462.703,13.815033912658691,1.2097803846700117e-05,-0.9504368901252747,-7.669406221079228e-07,0.14986439049243927,-8.607919994574331e-07,0.003172412747517228,0.14999999999331298,-1.4163703084974942e-06,-0.004882012120945532,trajectory,STRAIGHT,3.649247407913208,12.586147904334304,2.0601484764441555e-05
1123,8462.734,13.819974899291992,1.2068335308867972e-05,-0.9503322243690491,-7.677621954364556e-07,0.14986471831798553,-9.250477432942716e-07,0.0031669666059315205,0.14999999999328897,-1.4189134586535941e-06,-0.004913277869734838,trajectory,STRAIGHT,3.648595094680786,12.591088890967647,2.0601484764441555e-05
1124,8462.843,13.83569622039795,1.1960543815803248e-05,-0.950000524520874,-7.706826359099567e-07,0.1498655527830124,-1.1275924407527782e-06,0.003150839591398835,0.14999999999322838,-1.425302653376303e-06,-0.004928572700980975,trajectory,STRAIGHT,3.648595094680786,12.606810212073883,2.0601484764441555e-05
1125,8462.953,13.84737491607666,1.1866784006997477e-05,-0.9497554302215576,-7.728707333534691e-07,0.14986594021320343,-1.2761773859892855e-06,0.0031399941071867943,0.14999999999319902,-1.4283855998290353e-06,-0.004959122489138626,trajectory,STRAIGHT,3.647944211959839,12.61848890775294,2.0601484764441555e-05
1126,8463.046,13.861299514770508,1.1739824913092889e-05,-0.9500615000724792,-7.753801628992113e-07,0.14986668527126312,-1.4551245612892671e-06,-0.017127420753240585,0.14999999999318206,-1.4301696476304354e-06,-0.0033224258077583536,trajectory,STRAIGHT,3.647299289703369,12.632413506447357,2.0601484764441555e-05
1127,8463.078,13.864892959594727,1.1704352800734341e-05,-0.950531542301178,-7.760563773135364e-07,0.14986692368984222,-1.5007965430413606e-06,-0.021659590303897858,0.149999999993181,-1.4302764440591208e-06,-0.0029336724305493813,trajectory,STRAIGHT,3.647299289703369,12.636006951271751,2.0601484764441555e-05
1128,8463.171,13.877020835876465,1.1576854376471601e-05,-0.9514360427856445,-7.783386009553843e-07,0.14986704289913177,-1.6472959032398649e-06,-0.002551338169723749,0.1499999999931874,-1.42960751450097e-06,-0.004417107577059982,trajectory,STRAIGHT,3.6466569900512695,12.64813482755416,2.0601484764441555e-05
1129,8463.296,13.894089698791504,1.1377261216694023e-05,-0.9513201117515564,-7.812498495019118e-07,0.14986760914325714,-1.8529703993408475e-06,0.0026921762619167566,0.14999999999322208,-1.4259658692387686e-06,-0.00478202313334478,trajectory,STRAIGHT,3.64626407623291,12.66520369047035,2.0601484764441555e-05
1130,8463.406,13.905768394470215,1.1227545655856375e-05,-0.9510888457298279,-7.82556907209067e-07,0.14986799657344818,-1.9829656139336294e-06,0.0031217322684824467,0.14999999999326238,-1.4217164495022852e-06,-0.004833041950976367,trajectory,STRAIGHT,3.649441957473755,12.67688238614998,2.0601484764441555e-05
1131,8463.484,13.91834545135498,1.1055836694140453e-05,-0.9508223533630371,-7.838049500140704e-07,0.1498684138059616,-2.101364543705131e-06,0.0031958315521478653,0.14999999999332012,-1.415613309761175e-06,-0.004852294512009138,trajectory,STRAIGHT,3.649752616882324,12.689459443035846,2.0601484764441555e-05
1132,8463.531,13.924633979797363,1.0966497029585298e-05,-0.9506880044937134,-7.844126023096408e-07,0.14986862242221832,-2.1519342681131093e-06,0.003198599675670266,0.14999999999335392,-1.4120261632600583e-06,-0.004881092141502009,trajectory,STRAIGHT,3.64920973777771,12.695747971478813,2.0601484764441555e-05
1133,8463.64,13.934965133666992,1.0815519090101589e-05,-0.9504672884941101,-7.847008215531577e-07,0.14986896514892578,-2.2205790628504474e-06,0.003191244089975953,0.14999999999341468,-1.4055575555029402e-06,-0.004891539494626628,trajectory,STRAIGHT,3.64920973777771,12.706079125349444,2.0601484764441555e-05
1134,8463.718,13.948440551757812,1.0612874575599562e-05,-0.9501808881759644,-7.851277156903809e-07,0.14986900985240936,-2.2760132196708582e-06,0.003176523605361581,0.14999999999350294,-1.3961073894510945e-06,-0.004920274314731621,trajectory,STRAIGHT,3.6485650539398193,12.719554543441625,2.0601484764441555e-05
1135,8463.812,13.961017608642578,1.0420755643281154e-05,-0.9499146342277527,-7.859700468666072e-07,0.14986900985240936,-2.2924609766050708e-06,0.003162905341014266,0.14999999999359143,-1.3865701695990883e-06,-0.0049324975509944195,trajectory,STRAIGHT,3.647914409637451,12.732131600327687,2.0601484764441555e-05
1136,8463.937,13.976738929748535,1.0181031029787846e-05,-0.9507259130477905,-7.873550144262423e-07,0.14986944198608398,-2.265565626657917e-06,-0.021637743338942528,0.149999999993704,-1.3743356754919468e-06,-0.0029321511685400205,trajectory,STRAIGHT,3.6472671031951904,12.747852921435253,2.0601484764441555e-05
1137,8464.062,13.991561889648438,9.959145245375112e-06,-0.9523410201072693,-7.886719968596382e-07,0.1498691737651825,-2.21409368350578e-06,-0.004361395724117756,0.14999999999380678,-1.3630710084226472e-06,-0.004233503624752064,trajectory,STRAIGHT,3.6466195583343506,12.762675881336628,2.0601484764441555e-05
1138,8464.171,14.007732391357422,9.723941730044317e-06,-0.9523152709007263,-7.897349287103724e-07,0.1498691737651825,-2.139684966095956e-06,0.0024797851219773293,0.1499999999939115,-1.3514973071633568e-06,-0.004675532393745297,trajectory,STRAIGHT,3.649035930633545,12.778846383047144,2.0601484764441555e-05
1139,8464.296,14.023004531860352,9.509565643384121e-06,-0.952014148235321,-7.905935848228344e-07,0.1498691737651825,-2.0627530830097385e-06,0.0031853141263127327,0.14999999999400185,-1.3414329306089934e-06,-0.004748161607033625,trajectory,STRAIGHT,3.651697874069214,12.794118523551438,2.0601484764441555e-05
1140,8464.39,14.035581588745117,9.338992640550714e-06,-0.9517431855201721,-7.90928473883577e-07,0.1498691737651825,-1.9990438886452466e-06,0.003246588632464409,0.1499999999940691,-1.333893031986116e-06,-0.004766611703283205,trajectory,STRAIGHT,3.6514737606048584,12.806695580437268,2.0601484764441555e-05
1141,8464.484,14.04007339477539,9.279349796997849e-06,-0.9516460299491882,-7.910455594490079e-07,0.1498691737651825,-1.977174861167441e-06,0.0032470831647515297,0.14999999999409167,-1.33135242920111e-06,-0.004796631802111347,trajectory,STRAIGHT,3.65085768699646,12.811187386467907,2.0601484764441555e-05
1142,8464.578,14.059837341308594,9.024441169458441e-06,-0.9512189626693726,-7.91560735931406e-07,0.1498691737651825,-1.886507675408211e-06,0.0032242201268672943,0.14999999999418243,-1.3210871405896422e-06,-0.004816156123071392,trajectory,STRAIGHT,3.65085768699646,12.83095133300265,2.0601484764441555e-05
1143,8464.625,14.065227508544922,8.956943020166364e-06,-0.9511030912399292,-7.917012386068687e-07,0.1498691737651825,-1.8633522813615855e-06,0.003216564655303955,0.14999999999420485,-1.3185372733362068e-06,-0.00484435816262555,trajectory,STRAIGHT,3.6501975059509277,12.836341500239376,2.0601484764441555e-05
1144,8464.703,14.076007843017578,8.824391443340573e-06,-0.950872004032135,-7.919822439557946e-07,0.1498691737651825,-1.8190626178693492e-06,0.0032016769982874393,0.1499999999942469,-1.3137459014013504e-06,-0.004854721510453938,trajectory,STRAIGHT,3.6501975059509277,12.847121834712809,2.0601484764441555e-05
1145,8464.843,14.093525886535645,8.615499609732069e-06,-0.9504987597465515,-7.924388776429905e-07,0.1498691737651825,-1.7528394664623193e-06,0.003179585561156273,0.14999999999430763,-1.3067953341941458e-06,-0.004886852872832916,trajectory,STRAIGHT,3.6495370864868164,12.864639878232069,2.0601484764441555e-05
1146,8464.921,14.103857040405273,8.495794645568822e-06,-0.9502795338630676,-7.927081744296694e-07,0.1498691737651825,-1.7171204262922402e-06,0.003167862305417657,0.1499999999943393,-1.3031539296825327e-06,-0.00491326708678268,trajectory,STRAIGHT,3.6488804817199707,12.87497103210237,2.0601484764441555e-05
1147,8465.031,14.109247207641602,8.43429643282434e-06,-0.9501658082008362,-7.928486771000083e-07,0.1498691737651825,-1.69946702044399e-06,0.003162114415317774,0.14999999999435468,-1.3013819870779718e-06,-0.004918493538686261,trajectory,STRAIGHT,3.648228406906128,12.880361199339038,2.0601484764441555e-05
1148,8465.14,14.131706237792969,8.18449098005658e-06,-0.9496932029724121,-7.934341048859136e-07,0.1498691737651825,-1.633162582947989e-06,0.003140329383313656,0.14999999999441097,-1.2948769337016958e-06,-0.004955002348296296,trajectory,STRAIGHT,3.647580146789551,12.902820229491763,2.0601484764441555e-05
