frame,time_s,x,y,z,yaw,vx,vy,vz,cmd_vx,cmd_vy,cmd_vz,command_source,family,min_distance_m,goal_progress_m,lateral_deviation_m
1,99723.718,0.0,0.0,-0.9430814385414124,0.0,0.0,0.0,0.09344793111085892,0.0,0.0,0.0,trajectory_no_feasible,STRAIGHT,3.688375473022461,0.0,0.0
2,99724.0,0.0,0.0,-0.9274018406867981,0.0,0.0,0.0,0.0742819532752037,0.0,0.0,0.0,trajectory_no_feasible,STRAIGHT,3.637805461883545,0.0,0.0
3,99724.156,0.0,0.0,-0.9136209487915039,0.0,0.0,0.0,0.05524390563368797,0.15,0.0,-0.011238006646923336,trajectory,STRAIGHT,3.6062331199645996,0.0,0.0
4,99724.39,1.3895386473450344e-05,-4.404962019669283e-16,-0.9080806374549866,-9.392698601160998e-11,0.0010361499153077602,-4.60732356942755e-14,0.03994646668434143,0.14991710800677538,9.388512199371562e-12,-0.010979786447615261,trajectory,STRAIGHT,3.591251850128174,1.3895386473450344e-05,4.404962019669283e-16
5,99724.546,0.0020857383497059345,-4.764100355533762e-13,-0.9020280241966248,-1.326804009031806e-09,0.02173033356666565,-7.436206164723735e-12,0.019609099254012108,0.14826157331466674,1.3073965030398768e-10,-0.010260606627662195,trajectory,STRAIGHT,3.5649428367614746,0.0020857383497059345,4.764100355533762e-13
6,99724.703,0.005093853455036879,-1.8362175929070856e-12,-0.9003978371620178,-2.0360165688736774e-09,0.03563764691352844,-1.941291398466216e-11,0.010697309859097004,0.14714898824691772,1.8910657406764324e-10,-0.009872471999564559,trajectory,STRAIGHT,3.501117706298828,0.005093853455036879,1.8362175929070856e-12
7,99724.937,0.014310352504253387,-8.487993294337137e-12,-0.8994647264480591,-3.031692907591879e-09,0.05982300639152527,-5.1178332405310556e-11,0.00013049860717728734,0.14521415948867797,1.5716898843623075e-10,-0.009339579212833371,trajectory,STRAIGHT,3.4630935192108154,0.014310352504253387,8.487993294337137e-12
8,99725.078,0.022075466811656952,-1.5705573994106992e-11,-0.8997067809104919,-3.935758331093112e-09,0.07263214141130447,-7.203533602950785e-11,-0.0043504624627530575,0.14418942868709564,1.6757138166687806e-10,-0.009040588208304183,trajectory,STRAIGHT,3.4629478454589844,0.022075466811656952,1.5705573994106992e-11
9,99725.421,0.03910982608795166,-3.3809573196652565e-11,-0.9012592434883118,-5.126257918549776e-09,0.09107036888599396,-1.0014342133324305e-10,-0.0102952616289258,0.14271437048912047,1.6993926703748476e-10,-0.008528358096706027,trajectory,STRAIGHT,3.4756126403808594,0.03910982608795166,3.3809573196652565e-11
10,99725.671,0.0600384920835495,-5.64550871329228e-11,-0.9003671407699585,-6.0454846645030995e-09,0.10420041531324387,-1.0723093940567807e-10,0.04543065279722214,0.14166396677494048,1.5028021007251213e-10,-0.013020406722305974,trajectory,STRAIGHT,3.4944419860839844,0.0600384920835495,5.64550871329228e-11
11,99725.937,0.08125094324350357,-7.641758059673265e-11,-0.891441285610199,-6.968295979252568e-09,0.11307274550199509,-9.554605023831542e-11,0.03977537900209427,0.1409541803598404,1.0370916447815982e-10,-0.012946102191504483,trajectory,STRAIGHT,3.519505262374878,0.08125094324350357,7.641758059673265e-11
12,99726.078,0.10545085370540619,-9.356772301405414e-11,-0.8850328326225281,-9.375145118431023e-09,0.12039085477590561,-6.679810871101921e-11,0.019679328426718712,0.14036873161792754,2.0915187088374374e-10,-0.011698016905968202,trajectory,STRAIGHT,3.5059621334075928,0.10545085370540619,9.356772301405414e-11
13,99726.203,0.1193615198135376,-9.980425513811397e-11,-0.8834196329116821,-1.1068156895233013e-08,0.12355736643075943,-4.127857083924269e-11,0.007848815992474556,-0.12,-0.12,0.0,recovery,STRAIGHT,3.501455068588257,0.1193615198135376,9.980425513811397e-11
14,99726.421,0.1327873319387436,-2.7507237973622978e-05,-0.8830405473709106,-2.1256540223829457e-05,0.12303166836500168,-0.0013837437145411968,-0.000948786735534668,-0.12,-0.12,0.0,recovery,STRAIGHT,3.498180627822876,0.13278733191329728,2.7507237973622978e-05
15,99726.671,0.15454615652561188,-0.0015833888901397586,-0.8847302198410034,-9.16279277089434e-05,0.09278099983930588,-0.015939747914671898,-0.014759049750864506,0.0,0.0,0.0,recovery,STRAIGHT,3.4978139400482178,0.15454607208493343,0.0015833888901397586
16,99726.921,0.16817055642604828,-0.006016859319061041,-0.8879222273826599,-5.470922942435085e-05,0.057375065982341766,-0.03117014467716217,-0.017585238441824913,0.0,0.0,0.0,recovery,STRAIGHT,3.4052681922912598,0.16816933599013595,0.006016859319061041
17,99727.078,0.1774413138628006,-0.012847943231463432,-0.8918783664703369,-3.422368903754207e-05,0.034910332411527634,-0.032753363251686096,-0.020002737641334534,0.0,0.0,0.0,recovery,STRAIGHT,3.4091179370880127,0.17743574567387377,0.012847943231463432
18,99727.296,0.18090328574180603,-0.01635698787868023,-0.8941208720207214,-3.5199726570996774e-05,0.027854422107338905,-0.030289990827441216,-0.019792621955275536,0.1477715609368418,0.002774110709462044,-0.00845863791212025,trajectory,STRAIGHT,3.4533398151397705,0.18089425850566165,0.01635698787868023
19,99727.546,0.18566475808620453,-0.021868422627449036,-0.89827960729599,-6.016321028377433e-05,0.022500362247228622,-0.024416690692305565,-0.02144354209303856,0.1481998535045597,0.002506838132031588,-0.00802014936346653,trajectory,STRAIGHT,3.4939682483673096,0.18564861738060223,0.021868422627449036
20,99727.812,0.19186237454414368,-0.02627718262374401,-0.9030427932739258,-8.004232696295403e-05,0.039716530591249466,-0.018298713490366936,-0.02312668412923813,0.1468225603891497,0.0019064570569787543,-0.007464710544769619,trajectory,STRAIGHT,3.5218849182128906,0.19183906000586326,0.02627718262374401
21,99728.093,0.20246337354183197,-0.029516072943806648,-0.9079034924507141,-7.903986439931542e-05,0.0626218169927597,-0.01320022065192461,-0.022467484697699547,0.14499017118873586,0.0013793266738478113,-0.0070652393237663515,trajectory,STRAIGHT,3.4825124740600586,0.20243393628759598,0.029516072943806648
22,99728.375,0.2188439518213272,-0.03196484595537186,-0.9128654599189758,-7.453660894510104e-05,0.08413516730070114,-0.009082576259970665,-0.0210348479449749,0.14326913247588638,0.0009704092864298517,-0.006718297445129241,trajectory,STRAIGHT,3.4858591556549072,0.21880938922760862,0.03196484595537186
23,99728.609,0.23793768882751465,-0.03354386240243912,-0.9171561598777771,-7.137943732259306e-05,0.09960494190454483,-0.006326958537101746,-0.019302107393741608,0.14203156853875679,0.0006630375392245105,-0.0064244801146387635,trajectory,STRAIGHT,3.506237268447876,0.2378995779853863,0.03354386240243912
24,99728.875,0.2597990930080414,-0.034639760851860046,-0.9210656881332397,-6.950611984715785e-05,0.11100219935178757,-0.004376291297376156,-0.01768176443874836,0.14111979973898528,0.0004587366391632329,-0.00617020783804571,trajectory,STRAIGHT,3.540024757385254,0.2597583910059864,0.034639760851860046
25,99729.125,0.2840307354927063,-0.03540545329451561,-0.9247032999992371,-6.849247162776322e-05,0.11929741501808167,-0.003000875934958458,-0.016268780454993248,0.1404561903779467,0.000315718307004616,-0.005929681570860422,trajectory,STRAIGHT,3.558969497680664,0.28398814419999496,0.03540545329451561
26,99729.375,0.30823495984077454,-0.03590516373515129,-0.9278681874275208,-6.799868023980686e-05,0.12487656623125076,-0.00209970586001873,-0.01503195334225893,0.14000986330241802,0.00021705423235612962,-0.0057106400074074205,trajectory,STRAIGHT,3.5746123790740967,0.3081910856413721,0.03590516373515129
27,99729.75,0.33376532793045044,-0.03625914454460144,-0.9308271408081055,-6.774275063073639e-05,0.12892186641693115,-0.0014610730577260256,-0.013907755725085735,0.13968624279214215,0.00015138670076973325,-0.005513644173159142,trajectory,STRAIGHT,3.5812718868255615,0.333720506489108,0.03625914454460144
28,99730.015,0.373365193605423,-0.03660139441490173,-0.9285187125205994,-6.717802330449462e-05,0.13054189085960388,-0.0008604985778219998,0.06626639515161514,0.13955664413026903,0.00010204081252650318,-0.011913057142948403,trajectory,STRAIGHT,3.6025140285491943,0.37331939838343153,0.03660139441490173
29,99730.265,0.40034475922584534,-0.036750320345163345,-0.9154398441314697,-6.738190699977375e-05,0.1306081861257553,-0.0005934190703555942,0.055442892014980316,0.139551341934803,6.150066313299959e-05,-0.011802493439501651,trajectory,STRAIGHT,3.6018197536468506,0.40029850526012645,0.036750320345163345
30,99730.515,0.42594772577285767,-0.0368477888405323,-0.9063039422035217,-6.740014160758793e-05,0.13205967843532562,-0.0004163894918747246,0.03548825532197952,0.1394352235039938,4.217520061126554e-05,-0.011237267605977153,trajectory,STRAIGHT,3.5715765953063965,0.4259011444464331,0.0368477888405323
31,99730.75,0.4518544375896454,-0.036916282027959824,-0.9010077118873596,-6.73942212769754e-05,0.13362224400043488,-0.00029347382951527834,0.01771756075322628,0.13931021892196638,2.9431607369470896e-05,-0.010481620752144193,trajectory,STRAIGHT,3.5603575706481934,0.4518075996720867,0.036916282027959824
32,99731.0,0.47764065861701965,-0.036964092403650284,-0.8988308906555176,-6.738564646336707e-05,0.13493101298809052,-0.0002093596413033083,0.004522616043686867,0.1392055178568339,2.0627796143320555e-05,-0.009767446749354565,trajectory,STRAIGHT,3.546473741531372,0.4775936159195453,0.036964092403650284
33,99731.171,0.5056903958320618,-0.03700052946805954,-0.8989108800888062,-6.738073831701287e-05,0.13602317869663239,-0.0001466513640480116,-0.005179733969271183,0.13911814493845392,1.4453096138904861e-05,-0.009082852966361351,trajectory,STRAIGHT,3.5409843921661377,0.5056431691276533,0.03700052946805954
34,99731.296,0.5212250351905823,-0.03701573982834816,-0.8997249603271484,-6.737889405590883e-05,0.136495903134346,-0.00012109208182664588,-0.008902198635041714,0.13908032712131546,1.0367792002413355e-05,-0.00874083909720385,trajectory,STRAIGHT,3.5405220985412598,0.5211777189376701,0.03701573982834816
35,99731.531,0.5372195839881897,-0.03702862933278084,-0.9009341597557068,-6.737785189127249e-05,0.13689835369586945,-0.00010002721683122218,-0.011581046506762505,0.1390481311900203,8.44534235889755e-06,-0.008430321491431856,trajectory,STRAIGHT,3.5410377979278564,0.5371721824131157,0.03702862933278084
36,99731.781,0.5660305619239807,-0.03704650327563286,-0.9038198590278625,-6.737652208367459e-05,0.13745461404323578,-7.198840467026457e-05,-0.015428338199853897,0.13900363051347425,6.61131820543938e-06,-0.007925151985314969,trajectory,STRAIGHT,3.547206163406372,0.5659830198687406,0.03704650327563286
37,99732.046,0.5945271849632263,-0.03705931454896927,-0.9072921872138977,-6.737446759812344e-05,0.13784649968147278,-5.283118298393674e-05,-0.017245205119252205,0.13897227976575352,4.572435269341528e-06,-0.007479462614303914,trajectory,STRAIGHT,3.5534842014312744,0.594479515909244,0.03705931454896927
38,99732.296,0.6235069036483765,-0.03706889599561691,-0.9110664129257202,-6.737278521739961e-05,0.13812832534313202,-3.925136479665525e-05,-0.017841532826423645,0.13894973378607062,3.1583539659086697e-06,-0.00709056007647133,trajectory,STRAIGHT,3.560774564743042,0.6234591138029231,0.03706889599561691
39,99732.468,0.6521215438842773,-0.03707600012421608,-0.914823055267334,-6.737232585613772e-05,0.1383238136768341,-2.996519106091e-05,-0.017642119899392128,0.1389340947694615,2.169262951800146e-06,-0.006752938324239873,trajectory,STRAIGHT,3.5684196949005127,0.6520736403738496,0.03707600012421608
40,99732.812,0.6803548336029053,-0.03708142787218094,-0.9182959794998169,-6.737351415444238e-05,0.1384589970111847,-2.3659456928726286e-05,-0.01676262356340885,0.13892328013672323,1.499155045751314e-06,-0.006484681312456586,trajectory,STRAIGHT,3.576042413711548,0.6803068215896211,0.03708142787218094
41,99732.984,0.7086113691329956,-0.03708579018712044,-0.9217551946640015,-6.737312320754075e-05,0.138554647564888,-1.9276565581094474e-05,-0.016348756849765778,0.1389156281160679,1.0411557896854823e-06,-0.006192318680678741,trajectory,STRAIGHT,3.5831432342529297,0.7085632508726238,0.03708579018712044
42,99733.203,0.7227461338043213,-0.037087660282850266,-0.9233917593955994,-6.737326302548276e-05,0.13859131932258606,-1.7619011487113312e-05,-0.0152988126501441,0.1389126943843926,7.543259961768913e-07,-0.006042576794233428,trajectory,STRAIGHT,3.5866894721984863,0.722697963048315,0.037087660282850266
43,99733.359,0.751025378704071,-0.037090979516506195,-0.9264735579490662,-6.737254875352892e-05,0.1386479288339615,-1.5103559235285502e-05,-0.014901353977620602,0.1389081656370511,6.02327046266938e-07,-0.005848414883756427,trajectory,STRAIGHT,3.5934832096099854,0.7509771037064805,0.037090979516506195
44,99733.593,0.7664170861244202,-0.037092603743076324,-0.9281032681465149,-6.737116118147004e-05,0.13867144286632538,-1.408033313055057e-05,-0.014037111774086952,0.1389062845199816,4.3761833753290773e-07,-0.005700733569512927,trajectory,STRAIGHT,3.5966100692749023,0.7663687546914684,0.037092603743076324
45,99733.859,0.7951262593269348,-0.03709534928202629,-0.9309720993041992,-6.736863778556938e-05,0.1387050449848175,-1.2637636245926842e-05,-0.013585442677140236,0.13890359635828486,3.443530690491752e-07,-0.005521857875191459,trajectory,STRAIGHT,3.6027424335479736,0.7950778230431137,0.03709534928202629
46,99734.015,0.8246738314628601,-0.03709793835878372,-0.9338452816009521,-6.736898385046567e-05,0.13872939348220825,-1.1607984561123885e-05,-0.012819756753742695,0.13890164848404718,2.4083739261362375e-07,-0.005313470778352868,trajectory,STRAIGHT,3.6084444522857666,0.824625287441453,0.03709793835878372
47,99734.359,0.8525605201721191,-0.037100184708833694,-0.9362971782684326,-6.73706482192028e-05,0.13874559104442596,-1.0932131772278808e-05,-0.011640191078186035,0.13890035268271506,1.6370711986712534e-07,-0.005159067265706157,trajectory,STRAIGHT,3.6140027046203613,0.8525118745729987,0.037100184708833694
48,99734.531,0.8812834024429321,-0.037102434784173965,-0.9386990666389465,-6.737121468542657e-05,0.1387573480606079,-1.0453645700181369e-05,-0.011053873226046562,0.13889941212400145,1.199862013507851e-07,-0.0049782048266557195,trajectory,STRAIGHT,3.6190476417541504,0.8812346519676044,0.037102434784173965
49,99734.75,0.8987671136856079,-0.03710368648171425,-0.9400542378425598,-6.737115607504497e-05,0.1387627273797989,-1.0237358765152749e-05,-0.010194560512900352,0.13889898177963292,7.84743797286385e-08,-0.004873713916692392,trajectory,STRAIGHT,3.621439218521118,0.898718299472737,0.03710368648171425
50,99735.015,0.9254105687141418,-0.03710559383034706,-0.9419671297073364,-6.73706317788948e-05,0.1387690007686615,-9.989770660467912e-06,-0.00965080875903368,0.13889847990985926,6.244902490350298e-08,-0.0047620580010648075,trajectory,STRAIGHT,3.6260628700256348,0.9253616570670964,0.03710559383034706
51,99735.265,0.9537215828895569,-0.037107620388269424,-0.9439069628715515,-6.737171560668382e-05,0.13877370953559875,-9.801278793020174e-06,-0.009072018787264824,0.13889810320952123,4.817648596993305e-08,-0.004627366137518031,trajectory,STRAIGHT,3.630194902420044,0.9536725673052349,0.037107620388269424
52,99735.515,0.982448935508728,-0.037109676748514175,-0.945745050907135,-6.737309052052373e-05,0.13877716660499573,-9.674790817371104e-06,-0.008419263176620007,0.1388978266446516,3.8223998263721436e-08,-0.004502495671856854,trajectory,STRAIGHT,3.6341166496276855,0.9823998140291934,0.037109676748514175
53,99735.781,1.0132598876953125,-0.037111882120370865,-0.9475719928741455,-6.737512039265938e-05,0.13877953588962555,-9.589624824002385e-06,-0.007792172487825155,0.13889763710234085,3.2297960897281486e-08,-0.004380597387077372,trajectory,STRAIGHT,3.6377902030944824,1.013210652156534,0.037111882120370865
54,99735.937,1.042407751083374,-0.037113968282938004,-0.9491724371910095,-6.737641545783744e-05,0.1387810856103897,-9.539860002405476e-06,-0.00719414371997118,0.13889751312494822,2.7500940056333617e-08,-0.0042681885034875884,trajectory,STRAIGHT,3.641202688217163,1.042358407178554,0.037113968282938004
55,99736.171,1.0573980808258057,-0.03711504116654396,-0.9499297738075256,-6.737661194101164e-05,0.1387816220521927,-9.511209100310225e-06,-0.006694983225315809,0.1388974702097584,1.9154133133527452e-08,-0.004199972040167562,trajectory,STRAIGHT,3.642803430557251,1.0573486810133303,0.03711504116654396
56,99736.437,1.0857131481170654,-0.037117067724466324,-0.9512596130371094,-6.737710666025715e-05,0.13878269493579865,-9.46154887060402e-06,-0.006343269255012274,0.13889738437933785,2.078832629927546e-08,-0.004128359250981779,trajectory,STRAIGHT,3.6458609104156494,1.0856636423723476,0.037117067724466324
57,99736.718,1.114861011505127,-0.03711915388703346,-0.9525719881057739,-6.737773961748083e-05,0.1387837827205658,-9.424586096429266e-06,-0.0059639811515808105,0.1388972973567559,1.8179717680850477e-08,-0.004034684520301563,trajectory,STRAIGHT,3.6485888957977295,1.114811396260917,0.03711915388703346
58,99736.968,1.1431760787963867,-0.037121180444955826,-0.9537660479545593,-6.737812519874717e-05,0.13878479599952698,-9.402444447914604e-06,-0.0055712442845106125,0.13889721629455853,1.602354100041758e-08,-0.0039487683789834055,trajectory,STRAIGHT,3.6511850357055664,1.1431263567398329,0.037121180444955826
59,99737.234,1.1719075441360474,-0.03712323680520058,-0.9548900723457336,-6.73781251536852e-05,0.13878582417964935,-9.393868822371587e-06,-0.005165112670511007,0.1388971340401952,1.5468007058275578e-08,-0.003872621326289522,trajectory,STRAIGHT,3.653625011444092,1.1718577132489543,0.03712323680520058
60,99737.5,1.200639009475708,-0.03712529316544533,-0.9559370875358582,-6.737807417738188e-05,0.13878662884235382,-9.399285772815347e-06,-0.004815278109163046,0.1388970696671498,1.589264508196421e-08,-0.003798896531041987,trajectory,STRAIGHT,3.6559038162231445,1.2005890693045824,0.03712529316544533
61,99737.75,1.2297868728637695,-0.037127379328012466,-0.9569271802902222,-6.737784857942522e-05,0.13878662884235382,-9.419028174306732e-06,-0.004493371117860079,0.13889706966704324,1.7632359776285e-08,-0.003729165460995524,trajectory,STRAIGHT,3.6590240001678467,1.22973682135847,0.037127379328012466
62,99737.984,1.2568527460098267,-0.03712931647896767,-0.9577862024307251,-6.737737560109873e-05,0.13878662884235382,-9.450249308429193e-06,-0.004201373551040888,0.1388970696668751,1.9238685222537386e-08,-0.003666094879456747,trajectory,STRAIGHT,3.6599981784820557,1.2568025906996514,0.03712931647896767
63,99738.25,1.286417007446289,-0.03713143244385719,-0.9586571455001831,-6.737823432229019e-05,0.13878662884235382,-9.470128134125844e-06,-0.003907341510057449,0.1388970696667679,2.1997996939288647e-08,-0.003608346890229914,trajectory,STRAIGHT,3.661844491958618,1.286366738280707,0.03713143244385719
64,99738.5,1.3163976669311523,-0.03713357821106911,-0.9594828486442566,-6.737928213123117e-05,0.13878662884235382,-9.441757356398739e-06,-0.0036471926141530275,0.13889706966692072,1.990708405931978e-08,-0.0035496267458181596,trajectory,STRAIGHT,3.6643731594085693,1.3163472818038109,0.03713357821106911
65,99738.75,1.3434635400772095,-0.03713551536202431,-0.9601791501045227,-6.738032989330367e-05,0.13878662884235382,-9.40634618018521e-06,-0.0034103093203157187,0.13889706966711174,1.583771165993166e-08,-0.0034975021193538827,trajectory,STRAIGHT,3.6659305095672607,1.3434130498245747,0.03713551536202431
66,99739.0,1.372611403465271,-0.037137601524591446,-0.9608795642852783,-6.738093373784138e-05,0.13878662884235382,-9.36814922170015e-06,-0.0031958187464624643,0.13889706966731735,1.3601740949104312e-08,-0.003449063030114244,trajectory,STRAIGHT,3.6673805713653564,1.372560799533474,0.037137601524591446
67,99739.265,1.4017592668533325,-0.037139687687158585,-0.9615365862846375,-6.738144294052081e-05,0.13878662884235382,-9.363642675452866e-06,-0.0029908008873462677,0.13889706966734192,1.3224615206341743e-08,-0.0034018551253179796,trajectory,STRAIGHT,3.6687369346618652,1.4017085487547103,0.037139687687158585
68,99739.515,1.4300743341445923,-0.03714171424508095,-0.9621331691741943,-6.738165386361752e-05,0.13878662884235382,-9.394098015036434e-06,-0.0028024190105497837,0.13889706966717774,1.5279311117860628e-08,-0.0033582438368722064,trajectory,STRAIGHT,3.670011043548584,1.4300235046711158,0.03714171424508095
69,99739.687,1.458805799484253,-0.0371437706053257,-0.9627006649971008,-6.738115184826572e-05,0.13878662884235382,-9.430342288396787e-06,-0.002630973933264613,0.13889706966698237,1.8289048651745122e-08,-0.003317386102026496,trajectory,STRAIGHT,3.671203374862671,1.4587548565216473,0.0371437706053257
70,99740.015,1.4871208667755127,-0.03714579716324806,-0.9632177948951721,-6.738065710857336e-05,0.13878662884235382,-9.457879968977068e-06,-0.0024537488352507353,0.13889706966683393,2.0325190359939093e-08,-0.0032807864047094447,trajectory,STRAIGHT,3.6723227500915527,1.4870698114960774,0.03714579716324806
71,99740.265,1.5154359340667725,-0.037147823721170425,-0.9637106657028198,-6.738016236895523e-05,0.13878662884235382,-9.477299499849323e-06,-0.0023295313585549593,0.13889706966672927,2.1885646752304367e-08,-0.0032433708390650668,trajectory,STRAIGHT,3.673356533050537,1.5153847659985171,0.037147823721170425
72,99740.515,1.5437510013580322,-0.03714985027909279,-0.9641779065132141,-6.73796676294116e-05,0.13878662884235382,-9.488599971518852e-06,-0.002198220230638981,0.13889706966666823,2.279657840732391e-08,-0.0032088695875712846,trajectory,STRAIGHT,3.6743414402008057,1.5436997200259857,0.03714985027909279
73,99740.671,1.572066068649292,-0.03715187683701515,-0.9646180272102356,-6.737924564948106e-05,0.13878662884235382,-9.491776836512145e-06,-0.002072886796668172,0.13889706966665122,2.3063883622016385e-08,-0.003176371650903269,trajectory,STRAIGHT,3.6752755641937256,1.572014673575481,0.03715187683701515
74,99740.921,1.5862236022949219,-0.037152890115976334,-0.9648257493972778,-6.737875817311925e-05,0.13878662884235382,-9.490318916505203e-06,-0.001972449943423271,0.13889706966665905,1.7011300709726113e-08,-0.0031546928754298672,trajectory,STRAIGHT,3.6757211685180664,1.5861721501700412,0.037152890115976334
75,99741.156,1.6149550676345825,-0.037154946476221085,-0.9652265906333923,-6.737775411701329e-05,0.13878662884235382,-9.481117558607366e-06,-0.0019267195602878928,0.1388970696667087,2.2348353137449372e-08,-0.003129187259427041,trajectory,STRAIGHT,3.676572561264038,1.6149034993583697,0.037154946476221085
76,99741.406,1.6428537368774414,-0.03715694323182106,-0.9656139612197876,-6.737693195884831e-05,0.13878662884235382,-9.464180038776249e-06,-0.0019347247434780002,0.13889706966680002,2.067369202227932e-08,-0.0030915756330697243,trajectory,STRAIGHT,3.6773624420166016,1.6428020553381302,0.03715694323182106
77,99741.656,1.6711688041687012,-0.03715896978974342,-0.9660102128982544,-6.737664094613079e-05,0.13878662884235382,-9.438924280402716e-06,-0.0019440825562924147,0.13889706966693616,1.8885070938314028e-08,-0.0030540032965669472,trajectory,STRAIGHT,3.6781485080718994,1.6711170071906825,0.03715896978974342
78,99741.828,1.699483871459961,-0.03716099634766579,-0.9664074182510376,-6.737664097187632e-05,0.13878662884235382,-9.40554582484765e-06,-0.0019516036845743656,0.13889706966711582,1.6243897983302883e-08,-0.0030161402037242723,trajectory,STRAIGHT,3.6789400577545166,1.699431958551422,0.03716099634766579
79,99741.968,1.7148905992507935,-0.03716209903359413,-0.9666235446929932,-6.737664098591619e-05,0.13878662884235382,-9.383973520016298e-06,-0.001955077052116394,0.1388970696672321,9.102968607118647e-09,-0.0029876129972943844,trajectory,STRAIGHT,3.6793372631073,1.7148386230546855,0.03716209903359413
80,99742.203,1.7315465211868286,-0.03716329112648964,-0.9668582677841187,-6.73772521061604e-05,0.13878662884235382,-9.363786375615746e-06,-0.001958371140062809,0.13889706966734092,8.065350730065784e-09,-0.0029661222634617514,trajectory,STRAIGHT,3.679734468460083,1.7314944764062936,0.03716329112648964
81,99742.453,1.7606943845748901,-0.03716537728905678,-0.9672713279724121,-6.737877996019386e-05,0.13878662884235382,-9.355612746730912e-06,-0.00196329178288579,0.13889706966738502,1.2721414948267508e-08,-0.0029347678906180073,trajectory,STRAIGHT,3.6805291175842285,1.7606422193561109,0.03716537728905678
82,99742.609,1.7881766557693481,-0.037167344242334366,-0.9676607847213745,-6.738022050831302e-05,0.13878662884235382,-9.376907655678224e-06,-0.0019668962340801954,0.13889706966727042,1.3697951867983591e-08,-0.0028968674273479986,trajectory,STRAIGHT,3.681333541870117,1.788124376507474,0.037167344242334366
83,99742.843,1.8048325777053833,-0.037168536335229874,-0.9678968191146851,-6.738093351059975e-05,0.13878662884235382,-9.403345757164061e-06,-0.0019687784370034933,0.1388970696671279,1.1193283358050917e-08,-0.0028678123914209555,trajectory,STRAIGHT,3.681734800338745,1.804780229095142,0.037168536335229874
84,99743.015,1.8348132371902466,-0.03717068210244179,-0.968321681022644,-6.737848156396788e-05,0.13878662884235382,-9.4490733317798e-06,-0.0019715512171387672,0.13889706966688142,2.015367532512664e-08,-0.0028359821766256363,trajectory,STRAIGHT,3.6825363636016846,1.834760763310486,0.03717068210244179
85,99743.265,1.85063636302948,-0.03717181459069252,-0.9685459136962891,-6.73796603815822e-05,0.13878662884235382,-9.462627531320322e-06,-0.0019725069869309664,0.13889706966680834,1.564955013851733e-08,-0.002806036546784398,trajectory,STRAIGHT,3.6829373836517334,1.8505838228048113,0.03717181459069252
86,99743.5,1.881449818611145,-0.03717401996254921,-0.9689825773239136,-6.737836543540382e-05,0.13878662884235382,-9.423162737220991e-06,-0.001974142389371991,0.13889706966702098,1.8547385833885538e-08,-0.002774225501070746,trajectory,STRAIGHT,3.683739423751831,1.8813971487289187,0.03717401996254921
87,99743.765,1.909348487854004,-0.037176016718149185,-0.9693779349327087,-6.737894011208401e-05,0.13878662884235382,-9.384090844832826e-06,-0.001975203165784478,0.1388970696672317,1.4378341140476617e-08,-0.002735196959092975,trajectory,STRAIGHT,3.6849441528320312,1.9092957000522972,0.037176016718149185
88,99744.015,1.9376635551452637,-0.03717804327607155,-0.9697791934013367,-6.73819087335657e-05,0.13878662884235382,-9.361543561681174e-06,-0.001976228319108486,0.13889706966735307,1.294717321890429e-08,-0.002697690150943304,trajectory,STRAIGHT,3.685746908187866,1.937610647148734,0.03717804327607155
89,99744.187,1.967644214630127,-0.03718018904328346,-0.9702048897743225,-6.738422246339663e-05,0.13878662884235382,-9.332719855592586e-06,-0.0019769323989748955,0.13889706966750862,1.1241012496790898e-08,-0.002658728001027705,trajectory,STRAIGHT,3.686549425125122,1.967591178798875,0.03718018904328346
90,99744.421,1.9826345443725586,-0.03718126192688942,-0.9704194664955139,-6.738470992089149e-05,0.13878662884235382,-9.324799066234846e-06,-0.0019771894440054893,0.13889706966755122,4.1413901833298465e-09,-0.0026292844218006556,trajectory,STRAIGHT,3.68695068359375,1.9825814444029994,0.03718126192688942
91,99744.671,2.01094651222229,-0.03718328848481178,-0.9708247780799866,-6.738199592876986e-05,0.13878662884235382,-9.324383427156135e-06,-0.0019777207635343075,0.13889706966755355,9.425770746281196e-09,-0.0025995533397542947,trajectory,STRAIGHT,3.687758207321167,2.0108932907111416,0.03718328848481178
92,99744.828,2.0392534732818604,-0.037185315042734146,-0.9712300896644592,-6.737461077189941e-05,0.13878662884235382,-9.342989869765006e-06,-0.0019782185554504395,0.13889706966745324,1.0583808444931853e-08,-0.002561448942352069,trajectory,STRAIGHT,3.6885690689086914,2.039200129718415,0.037185315042734146
93,99744.968,2.054239511489868,-0.0371863879263401,-0.9714446663856506,-6.736895732134334e-05,0.13878662884235382,-9.360543117509224e-06,-0.0019784769974648952,0.13889706966735862,6.614248774657356e-09,-0.0025329004361061016,trajectory,STRAIGHT,3.6889758110046387,2.0541861030942865,0.0371863879263401
94,99745.109,2.0700581073760986,-0.037187520414590836,-0.9716711640357971,-6.736204528097451e-05,0.13878662884235382,-9.374739420309197e-06,-0.0019787498749792576,0.13889706966728213,8.063381993375592e-09,-0.0025121307261372116,trajectory,STRAIGHT,3.689380407333374,2.07000463038346,0.037187520414590836
95,99745.343,2.087125539779663,-0.03718874230980873,-0.9719155430793762,-6.735527868545132e-05,0.13878662884235382,-9.367278835270554e-06,-0.0019787612836807966,0.13889706966732224,8.096036056432227e-09,-0.002489964364153885,trajectory,STRAIGHT,3.6897852420806885,2.0870719885858087,0.03718874230980873
96,99745.5,2.1170976161956787,-0.037190888077020645,-0.9721307754516602,-6.734432074929703e-05,0.13875438272953033,-9.349207175546326e-06,0.02264031395316124,0.13889964935643975,1.2027014913569862e-08,-0.00443799701760709,trajectory,STRAIGHT,3.690596103668213,2.11704393422119,0.037190888077020645
97,99745.718,2.131852149963379,-0.037191856652498245,-0.9652213454246521,-6.734021640419379e-05,0.13364171981811523,-8.981613973446656e-06,0.08152396976947784,0.1393086623904058,-4.338106443058264e-09,-0.009484709194510775,trajectory,STRAIGHT,3.691002130508423,2.1317984036383937,0.037191856652498245
98,99745.968,2.1573376655578613,-0.037193551659584045,-0.9498166441917419,-6.73358977642274e-05,0.12907291948795319,-8.643957698950544e-06,0.07239443063735962,0.13967416641780908,-6.322820912791383e-09,-0.009828004254872093,trajectory,STRAIGHT,3.6502506732940674,2.1572838076681045,0.037193551659584045
99,99746.218,2.1832780838012695,-0.037195298820734024,-0.9369848966598511,-6.733132863852607e-05,0.12947075068950653,-8.658289516461082e-06,0.05360209569334984,0.1396423399216798,-5.132933240648393e-09,-0.009642692279269331,trajectory,STRAIGHT,3.646578788757324,2.1832241118359565,0.037195298820734024
100,99746.468,2.2090790271759033,-0.03719701990485191,-0.9279414415359497,-6.732835109844473e-05,0.13120993971824646,-8.781384167377837e-06,0.03634197637438774,0.13950320479903294,-6.124018679936284e-09,-0.009277553343620643,trajectory,STRAIGHT,3.6221201419830322,2.2090249413376952,0.03719701990485191
101,99746.718,2.2368385791778564,-0.03719884529709816,-0.9217649698257446,-6.732465500573819e-05,0.13312046229839325,-8.936137419368606e-06,0.021506933495402336,0.13935036299213407,-6.812754488979799e-09,-0.008796710953351479,trajectory,STRAIGHT,3.5994584560394287,2.2367843703847825,0.03719884529709816
102,99746.984,2.2649660110473633,-0.037200670689344406,-0.9184129238128662,-6.732082862183404e-05,0.13469335436820984,-9.088438673643395e-06,0.009829020127654076,0.13922453162601361,-5.537981367648764e-09,-0.00830131592571866,trajectory,STRAIGHT,3.586684226989746,2.26491167719365,0.037200670689344406
103,99747.234,2.293382406234741,-0.03720249608159065,-0.9172025918960571,-6.731657331014746e-05,0.135880246758461,-9.234761819243431e-06,0.001441841945052147,0.13912958023422042,-2.1542047628115054e-09,-0.007838061189154392,trajectory,STRAIGHT,3.5802271366119385,2.293327945528006,0.03720249608159065
104,99747.484,2.322834014892578,-0.037204477936029434,-0.9175525307655334,-6.731211588057125e-05,0.13676218688488007,-9.354900612379424e-06,-0.004544901195913553,0.13905902502362003,1.1426565252810293e-08,-0.00739477573395063,trajectory,STRAIGHT,3.5781166553497314,2.322779421847109,0.037204477936029434
105,99747.75,2.3524460792541504,-0.03720662370324135,-0.9189848899841309,-6.730724270055041e-05,0.13738368451595306,-9.430084901396185e-06,-0.008381407707929611,0.13900930521284208,2.943219378407112e-08,-0.007000869914027333,trajectory,STRAIGHT,3.578967332839966,2.3523913520768236,0.03720662370324135
106,99748.015,2.379277229309082,-0.03720856085419655,-0.9208657741546631,-6.730344554237294e-05,0.13778120279312134,-9.463448805036023e-06,-0.010448449291288853,0.13897750375056106,2.7976423677383343e-08,-0.006678561254619322,trajectory,STRAIGHT,3.5817933082580566,2.3792223800735215,0.03720856085419655
107,99748.265,2.4086599349975586,-0.037210676819086075,-0.9232870936393738,-6.729763255102855e-05,0.13808859884738922,-9.465900802752003e-06,-0.011793791316449642,0.13895291206626204,2.7105736700776344e-08,-0.006367270112384667,trajectory,STRAIGHT,3.585869312286377,2.4086049515153007,0.037210676819086075
108,99748.515,2.436023473739624,-0.03721264377236366,-0.9257251620292664,-6.729233566372032e-05,0.138289675116539,-9.43903887673514e-06,-0.012280902825295925,0.13893682596491133,2.2686285375529844e-08,-0.006100067100596095,trajectory,STRAIGHT,3.5906622409820557,2.435968364681731,0.03721264377236366
109,99748.765,2.4650819301605225,-0.0372147299349308,-0.9283541440963745,-6.728603388654005e-05,0.13843998312950134,-9.415261047251988e-06,-0.012314511463046074,0.13892480132402962,2.0477941278946377e-08,-0.005858863117348241,trajectory,STRAIGHT,3.5984885692596436,2.465026687155957,0.0372147299349308
110,99749.031,2.494581460952759,-0.03721684589982033,-0.9310033917427063,-6.727966738601889e-05,0.13854598999023438,-9.392565516463947e-06,-0.012065010145306587,0.1389163207753123,1.8186966839321108e-08,-0.005630910801515817,trajectory,STRAIGHT,3.6011390686035156,2.494526081336815,0.03721684589982033
111,99749.203,2.5241010189056396,-0.037218961864709854,-0.9335706233978271,-6.727386098603249e-05,0.13861949741840363,-9.360986950923689e-06,-0.011589555069804192,0.13891044018124202,1.5267835813778217e-08,-0.005424245636123731,trajectory,STRAIGHT,3.608945846557617,2.524045501942803,0.037218961864709854
112,99749.531,2.552802562713623,-0.037221018224954605,-0.9358519911766052,-6.72695679823524e-05,0.13866882026195526,-9.351098924526013e-06,-0.010824942961335182,0.13890649435382016,1.3965260847188163e-08,-0.005258607906138989,trajectory,STRAIGHT,3.6139397621154785,2.552746911587832,0.037221018224954605
113,99749.781,2.5810534954071045,-0.0372229740023613,-0.9326702356338501,-6.726707738660814e-05,0.1378823220729828,-9.28052486415254e-06,0.06595152616500854,0.13896941420917513,5.7396349063063835e-09,-0.011459628430011106,trajectory,STRAIGHT,3.618490219116211,2.5809977118234784,0.0372229740023613
114,99750.046,2.609103202819824,-0.037224747240543365,-0.919323742389679,-6.726536226247283e-05,0.13730721175670624,-9.225057510775514e-06,0.058296285569667816,0.13901542303467185,-1.2402014970974853e-08,-0.011654258571469988,trajectory,STRAIGHT,3.6082236766815186,2.609047287630501,0.037224747240543365
115,99750.296,2.637122392654419,-0.03722652047872543,-0.9093228578567505,-6.726334035848666e-05,0.13742294907569885,-9.21876107895514e-06,0.037332355976104736,0.1390061640492073,-1.3326045225860696e-08,-0.011063291007732644,trajectory,STRAIGHT,3.585491180419922,2.6370663454003065,0.03722652047872543
116,99750.562,2.666424512863159,-0.03722837194800377,-0.9032695889472961,-6.726219081610885e-05,0.13771472871303558,-9.22670187719632e-06,0.018364375457167625,0.13898282167823045,-1.4963906560150856e-08,-0.010287698356506073,trajectory,STRAIGHT,3.5647709369659424,2.6663683268641165,0.03722837194800377
117,99750.812,2.694960832595825,-0.037230171263217926,-0.9008035063743591,-6.726131745329322e-05,0.13798914849758148,-9.236765436071437e-06,0.004688005894422531,0.1389608680954622,-1.5660181182737052e-08,-0.009582718290349398,trajectory,STRAIGHT,3.5528616905212402,2.694904510853924,0.037230171263217926
118,99750.984,2.7223055362701416,-0.037231892347335815,-0.9007824659347534,-6.726104073912909e-05,0.13820137083530426,-9.245721230399795e-06,-0.004514115862548351,0.1389438903084346,-1.583032806048705e-08,-0.008955896985286777,trajectory,STRAIGHT,3.5478436946868896,2.7222490838708335,0.037231892347335815
119,99751.218,2.7397258281707764,-0.03723298758268356,-0.9016221761703491,-6.726083690256461e-05,0.13830919563770294,-9.250965376850218e-06,-0.008591136895120144,0.1389352643242341,-1.1813341231078785e-08,-0.008588673768132667,trajectory,STRAIGHT,3.547356605529785,2.739669292234117,0.03723298758268356
120,99751.484,2.770448684692383,-0.037234917283058167,-0.9041321873664856,-6.726017466391333e-05,0.13845503330230713,-9.25982112676138e-06,-0.01351814717054367,0.13892359731104448,-1.7953745081509168e-08,-0.008032137057012745,trajectory,STRAIGHT,3.5491394996643066,2.770392000852711,0.037234917283058167
121,99751.75,2.801196813583374,-0.03723684698343277,-0.9075241088867188,-6.725944699823525e-05,0.13855789601802826,-9.26910070120357e-06,-0.016160642728209496,0.13891536829375534,-1.7931086023318e-08,-0.0075409158259338895,trajectory,STRAIGHT,3.5535383224487305,2.801139980977661,0.03723684698343277
122,99752.015,2.831134557723999,-0.037238724529743195,-0.911220908164978,-6.725825370449536e-05,0.1386278122663498,-9.279266123485286e-06,-0.017137253656983376,0.13890977499384766,-1.7288614349325837e-08,-0.007128992958524733,trajectory,STRAIGHT,3.5595762729644775,2.831077579554396,0.037238724529743195
123,99752.281,2.862750768661499,-0.037240706384181976,-0.9152497053146362,-6.725784623060936e-05,0.13867871463298798,-9.291840797231998e-06,-0.017308419570326805,0.13890570280445808,-1.7330399639864777e-08,-0.00675151729017248,trajectory,STRAIGHT,3.5664680004119873,2.8626936359899435,0.037240706384181976
124,99752.531,2.8910415172576904,-0.037242479622364044,-0.9188140034675598,-6.725707496919108e-05,0.138710156083107,-9.305090316047426e-06,-0.016717487946152687,0.13890318748838307,-1.4960533292622104e-08,-0.006443654903897113,trajectory,STRAIGHT,3.5772993564605713,2.8909842456512855,0.037242479622364044
125,99752.796,2.919344186782837,-0.03724437206983566,-0.9222177863121033,-6.725647833438544e-05,0.13873231410980225,-9.320498975284863e-06,-0.01596970297396183,0.13890141484616855,-1.980537935341418e-09,-0.006176764722451708,trajectory,STRAIGHT,3.584463119506836,2.919286775166439,0.03724437206983566
126,99753.046,2.9476511478424072,-0.037246398627758026,-0.9254571795463562,-6.725703130229197e-05,0.138747900724411,-9.338249583379366e-06,-0.015148179605603218,0.13890016791690704,1.2845085478663105e-08,-0.005931042018664816,trajectory,STRAIGHT,3.5912959575653076,2.9475935951232053,0.037246398627758026
127,99753.296,2.9759581089019775,-0.03724842518568039,-0.9285259246826172,-6.725680574309942e-05,0.13875886797904968,-9.358476745546795e-06,-0.014313524588942528,0.13889929053642922,1.4329538097570427e-08,-0.005702121314542962,trajectory,STRAIGHT,3.597792148590088,2.9759004144152676,0.03724842518568039
128,99753.562,3.004681348800659,-0.03725048154592514,-0.9314439296722412,-6.725652925190688e-05,0.13876672089099884,-9.38161974772811e-06,-0.013367602601647377,0.13889866230335018,1.631796945116187e-08,-0.005497132875725034,trajectory,STRAIGHT,3.6039421558380127,3.0046235097773533,0.03725048154592514
129,99753.718,3.033820867538452,-0.03725256770849228,-0.9342131614685059,-6.725671114505747e-05,0.13877233862876892,-9.407873221789487e-06,-0.012490392662584782,0.13889821288418835,1.8611795313661067e-08,-0.0053007057882918235,trajectory,STRAIGHT,3.6097066402435303,3.0337628811744217,0.03725256770849228
130,99753.859,3.0496394634246826,-0.03725370019674301,-0.9356026649475098,-6.725671841767213e-05,0.13877460360527039,-9.423303708899766e-06,-0.011563152074813843,0.13889803168598513,1.4041207741976248e-08,-0.005183800846718916,trajectory,STRAIGHT,3.612433671951294,3.0495813967746273,0.03725370019674301
131,99754.015,3.0662906169891357,-0.03725489228963852,-0.9369519352912903,-6.725652923960896e-05,0.1387765258550644,-9.440462235943414e-06,-0.010901113972067833,0.13889787790591013,1.574727211651637e-08,-0.005108281235489799,trajectory,STRAIGHT,3.6151063442230225,3.0662324655974196,0.03725489228963852
132,99754.218,3.081692934036255,-0.037255994975566864,-0.938148021697998,-6.725591077930758e-05,0.1387779265642166,-9.457168744120281e-06,-0.010521119460463524,0.1388977658490883,1.6499691131978165e-08,-0.00501962414580931,trajectory,STRAIGHT,3.6176235675811768,3.081634704047582,0.037255994975566864
133,99754.406,3.111248731613159,-0.03725811094045639,-0.9403650164604187,-6.725463032740484e-05,0.13878004252910614,-9.476922059548087e-06,-0.010198182426393032,0.13889759657179127,2.4157746471408767e-08,-0.004882084013184657,trajectory,STRAIGHT,3.6221845149993896,3.111190350232679,0.03725811094045639
134,99754.64,3.1278998851776123,-0.0372593030333519,-0.9415643215179443,-6.725359722227015e-05,0.1387808918952942,-9.469129508943297e-06,-0.009542260318994522,0.13889752862253818,1.7970204451983805e-08,-0.004777234644705324,trajectory,STRAIGHT,3.6243395805358887,3.127841418173851,0.0372593030333519
135,99754.906,3.1574556827545166,-0.037261418998241425,-0.9435582160949707,-6.725171275402625e-05,0.13878238201141357,-9.434169442101847e-06,-0.009106222540140152,0.13889740941343715,2.0705563908685845e-08,-0.004659756235974269,trajectory,STRAIGHT,3.6285624504089355,3.157397063176143,0.037261418998241425
136,99755.171,3.1874277591705322,-0.03726356476545334,-0.9454970359802246,-6.725014107777958e-05,0.13878345489501953,-9.415734893991612e-06,-0.008517456240952015,0.13889732358284806,1.9459153199221476e-08,-0.004522355961103318,trajectory,STRAIGHT,3.634359121322632,3.1873689840885167,0.03726356476545334
137,99755.406,3.2157347202301025,-0.0372655913233757,-0.9471932649612427,-6.724982826420826e-05,0.1387844681739807,-9.408037840330508e-06,-0.007859114557504654,0.13889724252057262,1.8245177625456823e-08,-0.004405069831481645,trajectory,STRAIGHT,3.638014554977417,3.2156757975568677,0.0372655913233757
138,99755.671,3.2423765659332275,-0.037267498672008514,-0.9486713409423828,-6.724944260852816e-05,0.13878542184829712,-9.388058970216662e-06,-0.007311343215405941,0.138897166226735,1.591670562038065e-08,-0.004300498946448794,trajectory,STRAIGHT,3.6413981914520264,3.2423175037011056,0.037267498672008514
139,99755.953,3.271932363510132,-0.03726961463689804,-0.9501919746398926,-6.724892596896279e-05,0.13878647983074188,-9.380622032040264e-06,-0.006798554211854935,0.13889708158817948,1.6575685165505832e-08,-0.004200581635728481,trajectory,STRAIGHT,3.644522190093994,3.271873145712645,0.03726961463689804
140,99756.296,3.3135602474212646,-0.03727259486913681,-0.9521546959877014,-6.724936973897699e-05,0.1387866884469986,-9.395314009452704e-06,-0.00625722436234355,0.13889706489880005,2.3082438277930855e-08,-0.004078974315713314,trajectory,STRAIGHT,3.6488037109375,3.3135008091823828,0.03727259486913681
141,99756.578,3.343431234359741,-0.03727470710873604,-0.9469354152679443,-6.725113469921307e-05,0.13683998584747314,-9.283002327720169e-06,0.0746469721198082,0.1390528011070143,1.6943318454813928e-08,-0.010726082437831973,trajectory,STRAIGHT,3.6514177322387695,3.343371637051728,0.03727470710873604
142,99756.812,3.371577262878418,-0.037276506423950195,-0.9320218563079834,-6.725041737313868e-05,0.13553555309772491,-9.18204659683397e-06,0.06397847086191177,0.13915715572730109,-4.0455025278537815e-09,-0.010847481606062137,trajectory,STRAIGHT,3.631802558898926,3.371517515550993,0.037276506423950195
143,99756.984,3.3992393016815186,-0.03727827966213226,-0.92088782787323,-6.7248708627903e-05,0.13578853011131287,-9.194510312227067e-06,0.043246254324913025,0.13913691756619298,-3.838135181177382e-09,-0.010400524954434002,trajectory,STRAIGHT,3.6106019020080566,3.3991794061891785,0.03727827966213226
144,99757.218,3.413921356201172,-0.037279218435287476,-0.9167899489402771,-6.724791512621607e-05,0.13610254228115082,-9.221019354299642e-06,0.031490977853536606,0.13911179659252015,5.36779877861871e-10,-0.010153940406220018,trajectory,STRAIGHT,3.5977509021759033,3.4138613817882177,0.037279218435287476
145,99757.468,3.4425718784332275,-0.03728104382753372,-0.911771833896637,-6.724427709007934e-05,0.13674649596214294,-9.285643500334118e-06,0.01689503714442253,0.1390602802978094,-3.2650071764023937e-09,-0.009417126591854088,trajectory,STRAIGHT,3.5788371562957764,3.442511749458218,0.03728104382753372
146,99757.64,3.4721736907958984,-0.0372830368578434,-0.9093052744865417,-6.72402765566301e-05,0.1373143196105957,-9.326077815785538e-06,0.005284489132463932,0.1390148544058185,7.301570405078304e-09,-0.008831977982334325,trajectory,STRAIGHT,3.568923234939575,3.4721134009734644,0.0372830368578434
147,99757.89,3.48742938041687,-0.037284139543771744,-0.9089917540550232,-6.72377230488591e-05,0.13755275309085846,-9.332590707344934e-06,0.00013359000149648637,0.1389957797274057,1.4146000620172705e-08,-0.00854389942694152,trajectory,STRAIGHT,3.5660316944122314,3.4873690071317665,0.037284139543771744
148,99758.156,3.5175962448120117,-0.037286315113306046,-0.9097452759742737,-6.723398957476607e-05,0.13792270421981812,-9.328698979516048e-06,-0.006513706408441067,0.13896618363717678,1.8808165677201073e-08,-0.007988207664181207,trajectory,STRAIGHT,3.563585042953491,3.5175357058491166,0.037286315113306046
149,99758.406,3.547003984451294,-0.03728843107819557,-0.9116197824478149,-6.723216962887572e-05,0.1381811499595642,-9.336551556771155e-06,-0.010653040371835232,0.1389455079780016,1.74065223784838e-08,-0.007530245198053003,trajectory,STRAIGHT,3.5648269653320312,3.546943283155068,0.03728843107819557
150,99758.671,3.576043128967285,-0.03729051724076271,-0.9141727685928345,-6.723026281419284e-05,0.13836216926574707,-9.359708201372996e-06,-0.0130495959892869,0.13893102643341496,1.780129786800434e-08,-0.007128553707838294,trajectory,STRAIGHT,3.568250894546509,3.5759822665626224,0.03729051724076271
151,99758.921,3.6051132678985596,-0.03729260340332985,-0.917118489742279,-6.7229149422131e-05,0.1384897083044052,-9.399022928846534e-06,-0.01429801993072033,0.13892082331013386,2.0147055519515442e-08,-0.006769281007646207,trajectory,STRAIGHT,3.573112964630127,3.605052243397953,0.03729260340332985
152,99759.187,3.634207248687744,-0.03729468956589699,-0.9202229380607605,-6.722810189096467e-05,0.13857907056808472,-9.436945219931658e-06,-0.014619411900639534,0.13891367432885196,2.2561179143222816e-08,-0.006458987804237502,trajectory,STRAIGHT,3.578795909881592,3.6341460611332845,0.03729468956589699
153,99759.468,3.662898540496826,-0.03729674592614174,-0.923310399055481,-6.722682873190645e-05,0.13864071667194366,-9.464163667871617e-06,-0.014519738964736462,0.138908742640408,2.4129287278982735e-08,-0.006176258759009141,trajectory,STRAIGHT,3.5848820209503174,3.662837191328437,0.03729674592614174
154,99759.703,3.6928534507751465,-0.03729889169335365,-0.9264697432518005,-6.722607212387177e-05,0.13868558406829834,-9.482379937253427e-06,-0.014109919779002666,0.13890515324860955,2.5853391830452673e-08,-0.005915493240970389,trajectory,STRAIGHT,3.5910370349884033,3.692791932003326,0.03729889169335365
155,99759.968,3.7207281589508057,-0.03730088844895363,-0.9292967915534973,-6.722558486810593e-05,0.1387147307395935,-9.483519534114748e-06,-0.01341707818210125,0.13890282151490532,2.490472737035144e-08,-0.005690827606473995,trajectory,STRAIGHT,3.600086212158203,3.720666481544029,0.03730088844895363
156,99760.218,3.7502825260162354,-0.037303004413843155,-0.9321249723434448,-6.7225992279248e-05,0.138736292719841,-9.454165592615027e-06,-0.012683470733463764,0.13890109655664729,2.315351532509774e-08,-0.005483959173961425,trajectory,STRAIGHT,3.6058366298675537,3.750220679560245,0.037303004413843155
157,99760.484,3.7785894870758057,-0.03730503097176552,-0.9346799850463867,-6.722613771811992e-05,0.13875070214271545,-9.438560482522007e-06,-0.011897176504135132,0.13889994380290385,2.124450214732535e-08,-0.005294914355768777,trajectory,STRAIGHT,3.6112663745880127,3.7785274778707656,0.03730503097176552
158,99760.734,3.8077290058135986,-0.03730711713433266,-0.9371370077133179,-6.722629052802321e-05,0.13876111805438995,-9.432073966308963e-06,-0.011133396066725254,0.13889911053000667,2.1031659388026666e-08,-0.005120963935035703,trajectory,STRAIGHT,3.6163833141326904,3.8076668282124864,0.03730711713433266
159,99760.984,3.836035966873169,-0.03730914369225502,-0.9393678307533264,-6.722626151531213e-05,0.13876819610595703,-9.406450772075914e-06,-0.010384336113929749,0.1388985442860204,1.8562471277311585e-08,-0.00496144902562843,trajectory,STRAIGHT,3.621166467666626,3.8359736248451757,0.03730914369225502
160,99761.25,3.8643429279327393,-0.03731117025017738,-0.94144606590271,-6.722606495690827e-05,0.13877318799495697,-9.379463335790206e-06,-0.009689328260719776,0.13889814493504635,1.6362613483257418e-08,-0.004815172752397653,trajectory,STRAIGHT,3.625635862350464,3.8642804206415544,0.03731117025017738
161,99761.406,3.8926498889923096,-0.03731319680809975,-0.9433911442756653,-6.72260577076519e-05,0.1387767195701599,-9.363543540530372e-06,-0.009068621322512627,0.13889786240911597,1.508906867101392e-08,-0.004676311042839869,trajectory,STRAIGHT,3.629798173904419,3.8925872155952277,0.03731319680809975
162,99761.656,3.9088847637176514,-0.03731435909867287,-0.9444221258163452,-6.722658159158678e-05,0.1387781947851181,-9.350736036140006e-06,-0.008407419547438622,0.13889774439198893,8.832123463634525e-09,-0.004592241255145194,trajectory,STRAIGHT,3.6317741870880127,3.9088219946711966,0.03731435909867287
163,99761.937,3.940105676651001,-0.037316594272851944,-0.9462798833847046,-6.722781122017321e-05,0.13878042995929718,-9.319714081357233e-06,-0.008055887185037136,0.13889756557822186,1.2933778018963172e-08,-0.004482201081382295,trajectory,STRAIGHT,3.635502815246582,3.940042722873857,0.037316594272851944
164,99762.171,3.9700777530670166,-0.037318598479032516,-0.9480082988739014,-6.722987018918878e-05,0.1387815624475479,-9.314299859397579e-06,-0.007607657928019762,0.13889747497919114,-2.152692629725522e-09,-0.004350056431202374,trajectory,STRAIGHT,3.6388919353485107,3.970014621443074,0.037318598479032516
165,99762.437,3.9988009929656982,-0.03732065483927727,-0.9495412111282349,-6.723238027335859e-05,0.1387825906276703,-9.346293154521845e-06,-0.006998091004788876,0.138897392724609,1.4022592379118763e-08,-0.004246273929411357,trajectory,STRAIGHT,3.642188549041748,3.9987376895353446,0.03732065483927727
166,99762.687,4.026275634765625,-0.037322621792554855,-0.9508958458900452,-6.723363171665887e-05,0.13878357410430908,-9.403434887644835e-06,-0.0064956811256706715,0.13889731404617098,1.7899370051703122e-08,-0.004151418136221432,trajectory,STRAIGHT,3.6452717781066895,4.026212166155386,0.037322621792554855
167,99762.953,4.056663990020752,-0.03732479736208916,-0.9522855281829834,-6.72355962534558e-05,0.13878466188907623,-9.461310582992155e-06,-0.006042300257831812,0.13889722702307833,2.3838774350499994e-08,-0.004058716585796677,trajectory,STRAIGHT,3.6481170654296875,4.056600337746653,0.03732479736208916
168,99763.218,4.087052345275879,-0.03732697293162346,-0.9535796642303467,-6.723718254918278e-05,0.13878574967384338,-9.504284207650926e-06,-0.005603392608463764,0.13889714000006634,2.721055627377911e-08,-0.003968095400620455,trajectory,STRAIGHT,3.6507537364959717,4.086988508314631,0.03732697293162346
169,99763.468,4.1182732582092285,-0.037329208105802536,-0.9548125863075256,-6.723783744399998e-05,0.1387866586446762,-9.493475772615056e-06,-0.0051972451619803905,0.13889706728245774,2.660111736409308e-08,-0.003882109949002851,trajectory,STRAIGHT,3.654378890991211,4.118209230426171,0.037329208105802536
170,99763.734,4.1474127769470215,-0.037331294268369675,-0.9558753967285156,-6.723782288215084e-05,0.1387866586446762,-9.484028851147741e-06,-0.0047990791499614716,0.13889706728250878,2.4872305381893335e-08,-0.003806679737155907,trajectory,STRAIGHT,3.6566057205200195,4.147348570072634,0.037331294268369675
171,99763.906,4.175719738006592,-0.03733332082629204,-0.9568309187889099,-6.723707344974509e-05,0.1387866586446762,-9.47766238823533e-06,-0.00446549616754055,0.13889706728254286,2.393741570631808e-08,-0.003738917643799089,trajectory,STRAIGHT,3.6586716175079346,4.175655356234078,0.03733332082629204
172,99764.14,4.191954612731934,-0.03733448311686516,-0.9573429822921753,-6.723668783855558e-05,0.1387866586446762,-9.474159924138803e-06,-0.004209338221698999,0.13889706728256193,1.8440948915650963e-08,-0.0036918459740025718,trajectory,STRAIGHT,3.6596453189849854,4.191890130236642,0.03733448311686516
173,99764.406,4.2223429679870605,-0.03733665868639946,-0.9582436084747314,-6.723615673920228e-05,0.1387866586446762,-9.456313819100615e-06,-0.004005692899227142,0.1388970672826579,2.3170803122219184e-08,-0.0036406193547102003,trajectory,STRAIGHT,3.6614797115325928,4.222278296143482,0.03733665868639946
174,99764.609,4.253147602081299,-0.03733886405825615,-0.9591179490089417,-6.723561836444532e-05,0.1387866586446762,-9.422331459063571e-06,-0.003762794192880392,0.1388970672828407,2.0640456075266045e-08,-0.0035767838110059426,trajectory,STRAIGHT,3.6631667613983154,4.253082737202259,0.03733886405825615
175,99764.843,4.282287120819092,-0.03734095022082329,-0.9598749279975891,-6.723566928806874e-05,0.1387866586446762,-9.37835193326464e-06,-0.003468423383310437,0.1388970672830772,1.6454887194814035e-08,-0.0035240884300021705,trajectory,STRAIGHT,3.66479229927063,4.282222072317243,0.03734095022082329
176,99765.078,4.298938274383545,-0.037342142313718796,-0.9602847695350647,-6.723625130940282e-05,0.1387864053249359,-9.361954653286375e-06,-0.0032983666751533747,0.13889708754874452,9.749537925768007e-09,-0.0034839586494455487,trajectory,STRAIGHT,3.6655616760253906,4.298873120505206,0.037342142313718796
177,99765.328,4.328494071960449,-0.03734425827860832,-0.9609726071357727,-6.72370442904789e-05,0.13878634572029114,-9.358360330224968e-06,-0.003147148061543703,0.13889709231713546,1.5093471016705888e-08,-0.0034436663337315395,trajectory,STRAIGHT,3.6670033931732178,4.328428730228634,0.03734425827860832
178,99765.593,4.3568010330200195,-0.037346284836530685,-0.9616058468818665,-6.72380046635318e-05,0.13878634572029114,-9.383433280163445e-06,-0.002977451542392373,0.13889709231700068,1.6558775672302525e-08,-0.0033953741267407443,trajectory,STRAIGHT,3.6683499813079834,4.356735510393683,0.037346284836530685
179,99765.859,4.38510799407959,-0.03734831139445305,-0.962200939655304,-6.723800468905086e-05,0.13878634572029114,-9.408965524926316e-06,-0.002798032248392701,0.13889709231686334,1.8505320138394336e-08,-0.003352164719673609,trajectory,STRAIGHT,3.6696372032165527,4.385042289593564,0.03734831139445305
180,99766.125,4.4138312339782715,-0.0373503677546978,-0.9627664685249329,-6.72380047150118e-05,0.13878634572029114,-9.42661972658243e-06,-0.0026185682509094477,0.1388970923167684,2.0098912327662578e-08,-0.0033121122835885475,trajectory,STRAIGHT,3.6714389324188232,4.413765343963632,0.0373503677546978
181,99766.359,4.4429707527160645,-0.03735245391726494,-0.9633062481880188,-6.723800474141777e-05,0.13878634572029114,-9.436029358766973e-06,-0.0024631412234157324,0.13889709231671776,2.1032938955530596e-08,-0.0032727226298540284,trajectory,STRAIGHT,3.6725475788116455,4.442904673451979,0.03735245391726494
182,99766.609,4.471277713775635,-0.0373544804751873,-0.9637987017631531,-6.723800476713539e-05,0.13878634572029114,-9.436976142751519e-06,-0.0023133642971515656,0.13889709231671266,2.0746168487997558e-08,-0.003236378032089966,trajectory,STRAIGHT,3.673591375350952,4.47121144966577,0.0373544804751873
183,99766.875,4.499168395996094,-0.03735647723078728,-0.9642539024353027,-6.723800479253861e-05,0.13878634572029114,-9.430007594346534e-06,-0.0021767576690763235,0.13889709231675015,2.0007427857143664e-08,-0.0032029207500158664,trajectory,STRAIGHT,3.6745715141296387,4.4991019487836965,0.03735647723078728
184,99767.125,4.528724193572998,-0.037358593195676804,-0.964708685874939,-6.723800481952745e-05,0.13878634572029114,-9.414067790203262e-06,-0.0020498353987932205,0.1388970923168359,1.9457268813615006e-08,-0.003170345517968286,trajectory,STRAIGHT,3.6754918098449707,4.528657551261681,0.037358593195676804
185,99767.375,4.556614875793457,-0.03736058995127678,-0.9651130437850952,-6.723800484506087e-05,0.13878634572029114,-9.390949344378896e-06,-0.0019418580923229456,0.13889709231696024,1.688276714894923e-08,-0.0031387942877844554,trajectory,STRAIGHT,3.676361083984375,4.556548048361595,0.03736058995127678
186,99767.609,4.584921836853027,-0.03736261650919914,-0.9655064344406128,-6.723800487104055e-05,0.13878634572029114,-9.359466275782324e-06,-0.001930570462718606,0.1388970923171296,1.4545377727326052e-08,-0.0031022706505395327,trajectory,STRAIGHT,3.6771798133850098,4.584854820523464,0.03736261650919914
187,99768.0,4.612396240234375,-0.03736458346247673,-0.9658893346786499,-6.723868146388337e-05,0.13878634572029114,-9.32957209442975e-06,-0.0019401868339627981,0.1388970923172904,1.1849616118699735e-08,-0.003065080833960666,trajectory,STRAIGHT,3.677966594696045,4.612329039578011,0.03736458346247673
188,99768.25,4.6526641845703125,-0.03736736252903938,-0.9602106809616089,-6.72412418493094e-05,0.136510968208313,-9.159689398074988e-06,0.0783863291144371,0.1390791225187509,5.837824471750154e-09,-0.009758319980573322,trajectory,STRAIGHT,3.6787564754486084,4.652596712360326,0.03736736252903938
189,99768.625,4.68189811706543,-0.03736924007534981,-0.9437447190284729,-6.724121359434104e-05,0.1347869485616684,-9.035851689986885e-06,0.0683417022228241,0.13921704409083652,-1.1011610366469775e-08,-0.010027422313399998,trajectory,STRAIGHT,3.6541543006896973,4.681830446890217,0.03736924007534981
190,99768.89,4.721065044403076,-0.03737176954746246,-0.9246244430541992,-6.72436256614347e-05,0.1330660879611969,-8.942910426412709e-06,0.07656814157962799,0.13935471293906326,-1.0579065952433154e-08,-0.012364643277932085,trajectory,STRAIGHT,3.6319503784179688,4.7209971071824555,0.03737176954746246
191,99769.171,4.750033855438232,-0.03737367317080498,-0.9099642634391785,-6.724479527836483e-05,0.13211891055107117,-8.887479452823754e-06,0.052283693104982376,0.1394304871320003,-4.067253328465356e-09,-0.011994550874097135,trajectory,STRAIGHT,3.586043119430542,4.749965719271534,0.03737367317080498
192,99769.421,4.779475688934326,-0.03737560287117958,-0.9008359313011169,-6.724475845593661e-05,0.13325637578964233,-8.95278117241105e-06,0.027814866974949837,0.13933948991276884,-5.6554747687364225e-09,-0.011137253650926576,trajectory,STRAIGHT,3.576005458831787,4.7794073494354326,0.03737560287117958
193,99769.593,4.806794166564941,-0.03737737610936165,-0.8968557715415955,-6.724385026684046e-05,0.13455496728420258,-9.023432539834175e-06,0.010097564198076725,0.13923560259305903,-8.431886616362388e-09,-0.010319742190208701,trajectory,STRAIGHT,3.5443837642669678,4.806725637410748,0.03737737610936165
194,99769.718,4.820549964904785,-0.03737826272845268,-0.8961921334266663,-6.724348508895484e-05,0.13514482975006104,-9.050347216543742e-06,0.002617485588416457,0.13918841359575226,-6.854362169193072e-09,-0.009929303936366414,trajectory,STRAIGHT,3.5394551753997803,4.8204813398901525,0.03737826272845268
195,99769.968,4.8355841636657715,-0.037379227578639984,-0.896234393119812,-6.72434828546947e-05,0.13571318984031677,-9.076321475731675e-06,-0.003069391241297126,0.13914294478849476,-8.570880867890517e-09,-0.009501384041859129,trajectory,STRAIGHT,3.5366501808166504,4.835515433600362,0.037379227578639984
196,99770.218,4.866230010986328,-0.03738118335604668,-0.897828996181488,-6.724299931143653e-05,0.13663746416568756,-9.121165930991992e-06,-0.010634053498506546,0.139069002842391,-1.5882242291430173e-08,-0.00881462510123813,trajectory,STRAIGHT,3.536163091659546,4.866161065859432,0.03738118335604668
197,99770.5,4.8962297439575195,-0.03738308697938919,-0.9007289409637451,-6.724180413227404e-05,0.13728922605514526,-9.157765816780739e-06,-0.01519883144646883,0.1390168618911553,-1.738555637964495e-08,-0.008234419669147099,trajectory,STRAIGHT,3.539562940597534,4.89616058707974,0.03738308697938919
198,99770.75,4.92510986328125,-0.03738491237163544,-0.9042739272117615,-6.72405371115047e-05,0.13773475587368011,-9.189680895360652e-06,-0.01757071353495121,0.1389812195055816,-1.7513197820172834e-08,-0.00774007059919215,trajectory,STRAIGHT,3.545275926589966,4.925040501390301,0.03738491237163544
199,99771.015,4.954069137573242,-0.03738673776388168,-0.9081669449806213,-6.724022373687793e-05,0.13805027306079865,-9.221545951731969e-06,-0.018512846902012825,0.1389559781304978,-1.7093746142456435e-08,-0.00731437327414418,trajectory,STRAIGHT,3.5524044036865234,4.953999568941924,0.03738673776388168
200,99771.281,4.98474645614624,-0.03738866746425629,-0.9123744368553162,-6.723964869886154e-05,0.13828249275684357,-9.257852980226744e-06,-0.018511109054088593,0.13893740055466086,-1.6577740438137875e-08,-0.006933178362946692,trajectory,STRAIGHT,3.560213088989258,4.984676667219873,0.03738866746425629
201,99771.531,5.013388633728027,-0.037390466779470444,-0.9162405729293823,-6.723741490309518e-05,0.13843278586864471,-9.295989912061486e-06,-0.01787935569882393,0.13892537710553882,-1.3824277127299539e-08,-0.0066056425563828765,trajectory,STRAIGHT,3.5682106018066406,5.013318637907858,0.037390466779470444
202,99771.796,5.043300628662109,-0.037392508238554,-0.9201123118400574,-6.723398064137614e-05,0.13854199647903442,-9.341580152977258e-06,-0.017129911109805107,0.13891664025648212,4.840251407601444e-09,-0.006302232324830761,trajectory,STRAIGHT,3.5760865211486816,5.043230414894964,0.037392508238554
203,99772.062,5.072822570800781,-0.03739462420344353,-0.9237259030342102,-6.723164507896951e-05,0.13861657679080963,-9.393298569193576e-06,-0.016063783317804337,0.13891067383127548,1.879230376288108e-08,-0.006036818090414831,trajectory,STRAIGHT,3.587282419204712,5.0727521402595315,0.03739462420344353
204,99772.312,5.101512432098389,-0.03739668056368828,-0.9263101816177368,-6.723018158263239e-05,0.13848596811294556,-9.434386811335571e-06,0.030969563871622086,0.13892112252525987,2.2523217193321693e-08,-0.009511583427528385,trajectory,STRAIGHT,3.594275712966919,5.101441789653407,0.03739668056368828
205,99772.562,5.1280012130737305,-0.037398483604192734,-0.9122517108917236,-6.722996790912118e-05,0.12397059053182602,-8.376777259400114e-06,0.06928344070911407,0.14008235273481348,5.577767218534218e-09,-0.013166130196322692,trajectory,STRAIGHT,3.5840847492218018,5.12793037425031,0.037398483604192734
206,99772.843,5.151249408721924,-0.03740008547902107,-0.9009197354316711,-6.722878017304626e-05,0.11989617347717285,-8.04744013294112e-06,0.04583726078271866,0.1404083061002204,2.7312559580764818e-09,-0.012474403180724992,trajectory,STRAIGHT,3.541616439819336,5.151178396600226,0.03740008547902107
207,99773.187,5.189903736114502,-0.037402745336294174,-0.8911433815956116,-6.722790991737936e-05,0.12406127899885178,-8.325263479491696e-06,0.01569542847573757,0.1400750976577449,4.8243756093693926e-09,-0.011049510625790678,trajectory,STRAIGHT,3.53094744682312,5.189832434047883,0.037402745336294174
208,99773.453,5.215968132019043,-0.03740454465150833,-0.8893829584121704,-6.722745023454599e-05,0.12769606709480286,-8.621187589596957e-06,-0.0008574379025958478,0.13978431460913437,7.581791466221536e-09,-0.010242624699878378,trajectory,STRAIGHT,3.517242908477783,5.215896633128434,0.03740454465150833
209,99773.609,5.242335319519043,-0.0374063178896904,-0.8906236290931702,-6.722558866366467e-05,0.13068024814128876,-8.88505564944353e-06,-0.010906185023486614,0.13954558012453588,7.882612981902925e-09,-0.009453999236181277,trajectory,STRAIGHT,3.5150086879730225,5.242263620627805,0.0374063178896904
210,99773.75,5.256124973297119,-0.03740723058581352,-0.8919451832771301,-6.72241550229455e-05,0.13193398714065552,-9.00078157428652e-06,-0.013850889168679714,0.1394452810041908,8.956926278991105e-09,-0.009097861948707845,trajectory,STRAIGHT,3.5168261528015137,5.256053169433642,0.03740723058581352
211,99773.984,5.271632671356201,-0.037408247590065,-0.8937142491340637,-6.72224590322378e-05,0.1331167072057724,-9.113063242693897e-06,-0.01613565720617771,0.1393506633985914,1.0454732755331922e-08,-0.00876859201973405,trajectory,STRAIGHT,3.519740343093872,5.27156074912261,0.037408247590065
212,99774.156,5.30057954788208,-0.03741012513637543,-0.8976491689682007,-6.721951223738255e-05,0.13481126725673676,-9.25549102248624e-06,-0.019734535366296768,0.13921509859405468,8.363929537044507e-09,-0.008206248397803895,trajectory,STRAIGHT,3.5275325775146484,5.300507403764561,0.03741012513637543
213,99774.421,5.329836368560791,-0.03741205111145973,-0.902014970779419,-6.721689119091333e-05,0.1360134780406952,-9.31915292312624e-06,-0.0206613689661026,0.1391189217312125,9.820130679690616e-09,-0.007741012171996794,trajectory,STRAIGHT,3.5364837646484375,5.32976399872382,0.03741205111145973
214,99774.656,5.346599578857422,-0.03741327300667763,-0.904585599899292,-6.721580546976985e-05,0.13653036952018738,-9.327352927357424e-06,-0.02019636705517769,0.13907757041290267,2.14340136328104e-08,-0.007457959519616613,trajectory,STRAIGHT,3.5412492752075195,5.3465270786150345,0.03741327300667763
215,99774.906,5.375757694244385,-0.037415388971567154,-0.9089624881744385,-6.721327029693499e-05,0.13720957934856415,-9.331982255389448e-06,-0.020556025207042694,0.13902323362673066,2.4135958026899316e-08,-0.0070974549465301065,trajectory,STRAIGHT,3.550684928894043,5.3756849661273005,0.037415388971567154
216,99775.171,5.404624938964844,-0.03741747513413429,-0.9133391976356506,-6.721076560576456e-05,0.13768212497234344,-9.332061381428503e-06,-0.019961943849921227,0.1389854299769133,2.06140524271059e-08,-0.0067339377779202896,trajectory,STRAIGHT,3.559879779815674,5.404551983915454,0.03741747513413429
217,99775.437,5.433575630187988,-0.03741956129670143,-0.9175024032592773,-6.72098041614644e-05,0.13801471889019012,-9.331422006653156e-06,-0.018760208040475845,0.1389588224635489,1.838146437888635e-08,-0.006429716009873387,trajectory,STRAIGHT,3.5689661502838135,5.4335024461979415,0.03741956129670143
218,99775.703,5.463830471038818,-0.03742173686623573,-0.9215608239173889,-6.720980356854389e-05,0.13825596868991852,-9.332898116554134e-06,-0.0174806360155344,0.1389395224796065,1.7474031115712454e-08,-0.00614633626961601,trajectory,STRAIGHT,3.5817463397979736,5.463757046327007,0.03742173686623573
219,99775.875,5.492467880249023,-0.037423793226480484,-0.9251087307929993,-6.720915569992507e-05,0.13841427862644196,-9.338285053672735e-06,-0.016084011644124985,0.13892685768468427,1.5947886753473455e-08,-0.005902447969863323,trajectory,STRAIGHT,3.5895423889160156,5.492394226284098,0.037423793226480484
220,99776.109,5.506588935852051,-0.037424806505441666,-0.926706850528717,-6.720911922382152e-05,0.13847365975379944,-9.342788871435914e-06,-0.01483468059450388,0.13892210719448217,9.305569356870685e-09,-0.0057666844423442795,trajectory,STRAIGHT,3.5932106971740723,5.506515168336305,0.037424806505441666
221,99776.265,5.535680770874023,-0.037426892668008804,-0.9297584295272827,-6.720906816695556e-05,0.1385672688484192,-9.356579539598897e-06,-0.014235331676900387,0.13891461846685535,1.657583901441197e-08,-0.005591873016227973,trajectory,STRAIGHT,3.599977731704712,5.535606768360768,0.037426892668008804
222,99776.5,5.551481246948242,-0.03742802515625954,-0.9313523173332214,-6.720895898652228e-05,0.13860563933849335,-9.366863196191844e-06,-0.01330652553588152,0.1389115488276008,1.1150348205773147e-08,-0.005452475008672983,trajectory,STRAIGHT,3.6030163764953613,5.551407116197787,0.03742802515625954
223,99776.671,5.58183479309082,-0.03743020072579384,-0.934208869934082,-6.720820223833549e-05,0.13866128027439117,-9.392587344336789e-06,-0.012716028839349747,0.138907097552601,1.9353508517498757e-08,-0.0052868925672021685,trajectory,STRAIGHT,3.6089322566986084,5.581760414782336,0.03743020072579384
224,99776.906,5.598889350891113,-0.037431422621011734,-0.9357397556304932,-6.720759831747987e-05,0.13868463039398193,-9.410632628714666e-06,-0.011806266382336617,0.13890522954294046,1.4707277072277536e-08,-0.005157685627913152,trajectory,STRAIGHT,3.611656427383423,5.598814832789008,0.037431422621011734
225,99777.171,5.628028869628906,-0.03743350878357887,-0.9381651878356934,-6.720611418784426e-05,0.13871467113494873,-9.441345355298836e-06,-0.011205535382032394,0.1389028262835039,2.2142166115826436e-08,-0.005017244647222731,trajectory,STRAIGHT,3.616966485977173,5.627954111503236,0.03743350878357887
226,99777.343,5.6588335037231445,-0.03743571415543556,-0.9406159520149231,-6.720562696471805e-05,0.13873685896396637,-9.422347829968203e-06,-0.010453423485159874,0.13890105125728844,2.1340006316957154e-08,-0.004848364110977313,trajectory,STRAIGHT,3.6218082904815674,5.658758490229495,0.03743571415543556
227,99777.703,5.6879730224609375,-0.0374378003180027,-0.9426824450492859,-6.720537942754668e-05,0.13875135779380798,-9.393779691890813e-06,-0.009444696828722954,0.13889989135105751,1.8273623845674033e-08,-0.004718113875563746,trajectory,STRAIGHT,3.6285994052886963,5.687897765847502,0.0374378003180027
228,99777.937,5.715812683105469,-0.03743977099657059,-0.9399291276931763,-6.720526313676928e-05,0.1375238448381424,-9.295049494539853e-06,0.0671476274728775,0.13899809238781968,1.4176919527272096e-08,-0.010892416988880771,trajectory,STRAIGHT,3.6325879096984863,5.715737192881841,0.03743977099657059
229,99778.187,5.744110107421875,-0.037441570311784744,-0.9256379008293152,-6.72044043846352e-05,0.13627685606479645,-9.199450687447097e-06,0.0625590980052948,0.13909785148997592,-7.041850315169489e-09,-0.01136080611701476,trajectory,STRAIGHT,3.6170198917388916,5.744034379130543,0.037441570311784744
230,99778.453,5.772728443145752,-0.03744339570403099,-0.9144718647003174,-6.720404855072498e-05,0.13642442226409912,-9.206003596773371e-06,0.04125210642814636,0.1390860461940234,-6.80475453383675e-09,-0.01084213853733237,trajectory,STRAIGHT,3.595694065093994,5.772652472578413,0.03744339570403099
231,99778.812,5.801016330718994,-0.03744519501924515,-0.9077185392379761,-6.720390285399304e-05,0.13690273463726044,-9.243396561942063e-06,0.022459670901298523,0.13904778120405564,-6.7488158428680055e-09,-0.010166759188241493,trajectory,STRAIGHT,3.573532819747925,5.80094011921171,0.03744519501924515
232,99779.062,5.8404741287231445,-0.037447698414325714,-0.8999648690223694,-6.720327643904911e-05,0.13612371683120728,-9.20669572224142e-06,0.0551019050180912,0.1391101026285966,-1.0193589600675332e-08,-0.013462389327143467,trajectory,STRAIGHT,3.5603528022766113,5.840397578676978,0.037447698414325714
233,99779.312,5.86771821975708,-0.03744944557547569,-0.8900944590568542,-6.720324031464852e-05,0.13532592356204987,-9.147284799837507e-06,0.038450319319963455,0.13917392609030457,-4.141079465573594e-09,-0.012964280358075557,trajectory,STRAIGHT,3.5434670448303223,5.867641434178644,0.03744944557547569
234,99779.578,5.89739465713501,-0.03745134919881821,-0.8839778900146484,-6.720337162351285e-05,0.13578668236732483,-9.185198905470315e-06,0.015672918409109116,0.139137065385762,-4.27011890484685e-09,-0.011881369376299007,trajectory,STRAIGHT,3.5322651863098145,5.8973176133893865,0.03745134919881821
235,99779.843,5.925981521606445,-0.03745317459106445,-0.882345974445343,-6.72044104897648e-05,0.13647368550300598,-9.258794307243079e-06,-0.0010497057810425758,0.13908210513463581,-2.500369541454587e-09,-0.010893760373960025,trajectory,STRAIGHT,3.512342929840088,5.925904227609529,0.03745317459106445
236,99780.093,5.954708099365234,-0.03745508939027786,-0.8837779760360718,-6.720546627176342e-05,0.137090265750885,-9.336691618955228e-06,-0.012213248759508133,0.1390327787144982,8.405303883532716e-09,-0.01000074136781119,trajectory,STRAIGHT,3.5095551013946533,5.954630551966927,0.03745508939027786
237,99780.343,5.982724666595459,-0.037457115948200226,-0.8869929313659668,-6.720439059543858e-05,0.13755948841571808,-9.380852134199813e-06,-0.018453415483236313,0.1389952409011589,2.5164633987637392e-08,-0.009277894844200994,trajectory,STRAIGHT,3.512843370437622,5.982646869842506,0.037457115948200226
238,99780.625,6.011239528656006,-0.03745917230844498,-0.8912614583969116,-6.72019683476973e-05,0.13791309297084808,-9.392446372658014e-06,-0.021701261401176453,0.13896695253675007,2.372151760917869e-08,-0.00866345814526486,trajectory,STRAIGHT,3.519721746444702,6.011161476542904,0.03745917230844498
239,99780.859,6.039401531219482,-0.03746119886636734,-0.8959632515907288,-6.720063690835656e-05,0.13816560804843903,-9.373184184369165e-06,-0.023044642060995102,0.13894675133069198,2.034158193846343e-08,-0.008133448442286001,trajectory,STRAIGHT,3.528491735458374,6.039323225328777,0.03746119886636734
240,99781.125,6.067605972290039,-0.0374632254242897,-0.9007583260536194,-6.719996649696133e-05,0.13834641873836517,-9.361669071950018e-06,-0.022895963862538338,0.13893228647559247,1.8238549570388328e-08,-0.0076991127825473005,trajectory,STRAIGHT,3.5381593704223633,6.067527410647836,0.0374632254242897
241,99781.281,6.0958452224731445,-0.03746525198221207,-0.905471920967102,-6.719985007990715e-05,0.13847489655017853,-9.351893822895363e-06,-0.02222762070596218,0.1389220082507228,1.658893401092821e-08,-0.007306327910619416,trajectory,STRAIGHT,3.5479464530944824,6.095766403150666,0.03746525198221207
242,99781.531,6.111631393432617,-0.0374663844704628,-0.9079540371894836,-6.719995193351332e-05,0.13852940499782562,-9.341757504444104e-06,-0.020657142624258995,0.1389176475749757,9.783067937252204e-09,-0.007100865888716476,trajectory,STRAIGHT,3.5527806282043457,6.111552429350899,0.0374663844704628
243,99781.718,6.140737533569336,-0.03746847063302994,-0.9122942090034485,-6.71998573217584e-05,0.13860583305358887,-9.314821909356397e-06,-0.020448612049221992,0.13891153333067327,1.3056323992410828e-08,-0.0067915392232111675,trajectory,STRAIGHT,3.562039852142334,6.14065830123938,0.03746847063302994
244,99782.062,6.167764663696289,-0.03747018054127693,-0.9162255525588989,-6.720043911354214e-05,0.13865627348423004,-9.299173143517692e-06,-0.019194727763533592,0.13890749809631522,-1.206164438003343e-08,-0.006504686963705998,trajectory,STRAIGHT,3.570566177368164,6.167685181659243,0.03747018054127693
245,99782.328,6.199385166168213,-0.037472162395715714,-0.9206160306930542,-6.720064254773698e-05,0.13869774341583252,-9.303530532633886e-06,-0.018333299085497856,0.1389041805017707,-1.5649778076181528e-08,-0.006181434953933728,trajectory,STRAIGHT,3.5788791179656982,6.199305390117511,0.037472162395715714
246,99782.5,6.230189800262451,-0.03747429698705673,-0.9246141910552979,-6.720126096197264e-05,0.1387254297733307,-9.344975296698976e-06,-0.01679368130862713,0.13890196559295342,8.30606768769998e-09,-0.005911891364025726,trajectory,STRAIGHT,3.586829423904419,6.230109734873793,0.03747429698705673
247,99782.734,6.246840953826904,-0.03747548907995224,-0.9265735745429993,-6.720174120038405e-05,0.13873650133609772,-9.367105121782515e-06,-0.015300693921744823,0.138901079867815,1.0860313939380706e-08,-0.005757784566637026,trajectory,STRAIGHT,3.5905892848968506,6.2467607310274165,0.03747548907995224
248,99783.015,6.277645587921143,-0.03747769445180893,-0.9298813939094543,-6.720368391651295e-05,0.1387518048286438,-9.405297532794066e-06,-0.014464239589869976,0.13889985558820883,2.0166174379021865e-08,-0.0055732648923802405,trajectory,STRAIGHT,3.597792148590088,6.277565072326826,0.03747769445180893
249,99783.281,6.305952548980713,-0.03747972100973129,-0.9328050017356873,-6.720630328496375e-05,0.13876163959503174,-9.437317203264683e-06,-0.013495725579559803,0.1388990688067274,2.160993608146823e-08,-0.005359304884125365,trajectory,STRAIGHT,3.6070797443389893,6.305871762501894,0.03747972100973129
250,99783.515,6.33634090423584,-0.037481896579265594,-0.9356928467750549,-6.720953386111215e-05,0.13876906037330627,-9.467465133639053e-06,-0.01241412665694952,0.13889847514430465,2.491019213682627e-08,-0.0051730522082924025,trajectory,STRAIGHT,3.612907648086548,6.336259824983886,0.037481896579265594
251,99783.781,6.36464786529541,-0.03748392313718796,-0.9381524920463562,-6.721343388811972e-05,0.13877379894256592,-9.472546480537858e-06,-0.011309672147035599,0.13889809605873701,2.4391621490757912e-08,-0.005011608467390408,trajectory,STRAIGHT,3.6182868480682373,6.364566511469105,0.03748392313718796
252,99783.953,6.3929548263549805,-0.03748594969511032,-0.9404020309448242,-6.72177268065451e-05,0.1387772262096405,-9.447732736589387e-06,-0.010419036261737347,0.1388978218775054,2.2367569758294213e-08,-0.004862368669693939,trajectory,STRAIGHT,3.6232118606567383,6.392873196147825,0.03748594969511032
253,99784.093,6.4083571434021,-0.037487052381038666,-0.9415283203125,-6.722011330732377e-05,0.1387784779071808,-9.425845746591222e-06,-0.009660166688263416,0.13889772174181972,1.4743950851412856e-08,-0.004767976728408596,trajectory,STRAIGHT,3.6255125999450684,6.408275362045991,0.037487052381038666
254,99784.234,6.424592018127441,-0.037488214671611786,-0.942630410194397,-6.722225240988118e-05,0.1387796401977539,-9.406858225702308e-06,-0.009147760458290577,0.13889762875867653,1.3530739425971001e-08,-0.0047044044670912595,trajectory,STRAIGHT,3.627715826034546,6.424510076864246,0.037488214671611786
255,99784.375,6.439578056335449,-0.03748928755521774,-0.9436044096946716,-6.722408592469862e-05,0.1387806087732315,-9.393281288794242e-06,-0.008800462819635868,0.13889755127271147,1.1839976350371881e-08,-0.004635090742240655,trajectory,STRAIGHT,3.629794120788574,6.439495966927241,0.03748928755521774
256,99784.609,6.455812931060791,-0.03749044984579086,-0.9446175694465637,-6.72259412674833e-05,0.13878129422664642,-9.382870302943047e-06,-0.008456920273602009,0.1388974964364944,1.1527490258371077e-08,-0.004569143603264097,trajectory,STRAIGHT,3.631732225418091,6.455730680575568,0.03749044984579086
257,99784.859,6.484952449798584,-0.037492536008358,-0.9463754892349243,-6.722950643924504e-05,0.13878236711025238,-9.375413355883211e-06,-0.008170626126229763,0.1388974106058461,1.6680691177378513e-08,-0.004459658893571136,trajectory,STRAIGHT,3.6353821754455566,6.484869908659794,0.037492536008358
258,99785.031,6.514508247375488,-0.03749465197324753,-0.9480845332145691,-6.723336265014773e-05,0.13878366351127625,-9.382560165249743e-06,-0.0076200095936656,0.1388973068937261,1.7401965808756962e-08,-0.004341058112137901,trajectory,STRAIGHT,3.638826847076416,6.5144254093912295,0.03749465197324753
259,99785.281,6.531159400939941,-0.037495844066143036,-0.9489731192588806,-6.72356399986833e-05,0.138784259557724,-9.393100299348589e-06,-0.007055408321321011,0.1388972592099537,1.243006931893212e-08,-0.004266745356029779,trajectory,STRAIGHT,3.6404972076416016,6.531076394806117,0.037495844066143036
260,99785.546,6.560298919677734,-0.037497930228710175,-0.95042484998703,-6.72391251448628e-05,0.13878530263900757,-9.422795301361475e-06,-0.006714047398418188,0.13889717576329105,2.031263267340743e-08,-0.004182446014799363,trajectory,STRAIGHT,3.643723726272583,6.560215617685232,0.037497930228710175
261,99785.812,6.591103553771973,-0.037500135600566864,-0.9518863558769226,-6.724181729721881e-05,0.1387864053249359,-9.451552614336833e-06,-0.006256350316107273,0.13889708754826266,2.3214641977483692e-08,-0.004082234675424312,trajectory,STRAIGHT,3.6480090618133545,6.591019936784461,0.037500135600566864
262,99785.968,6.619410514831543,-0.03750216215848923,-0.9531300067901611,-6.724452399819378e-05,0.13878671824932098,-9.463832611800171e-06,-0.00577344186604023,0.13889706251424583,2.307251310624834e-08,-0.003994503724427241,trajectory,STRAIGHT,3.650690793991089,6.6193266063470375,0.03750216215848923
263,99786.187,6.633563995361328,-0.03750317543745041,-0.9537073373794556,-6.724595010720294e-05,0.13878671824932098,-9.46487853070721e-06,-0.005438958760350943,0.13889706251424017,1.685678513853252e-08,-0.003937781721795763,trajectory,STRAIGHT,3.6519625186920166,6.633479940388465,0.03750317543745041
264,99786.453,6.661870956420898,-0.03750520199537277,-0.9547838568687439,-6.724939167782909e-05,0.13878671824932098,-9.456828593101818e-06,-0.005141410510987043,0.13889706251428344,2.2517854115029953e-08,-0.003882406509651404,trajectory,STRAIGHT,3.6543354988098145,6.661786606979042,0.03750520199537277
265,99786.718,6.692259311676025,-0.037507377564907074,-0.955893337726593,-6.725310973814009e-05,0.13878671824932098,-9.43313443713123e-06,-0.004844354465603828,0.13889706251441067,2.1501302467485787e-08,-0.0038034222966338528,trajectory,STRAIGHT,3.6564884185791016,6.692174643879092,0.037507377564907074
266,99786.89,6.721398830413818,-0.03750946372747421,-0.9568880200386047,-6.725662406707896e-05,0.13878671824932098,-9.395771485287696e-06,-0.0045045409351587296,0.13889706251461184,1.7900750461360144e-08,-0.0037321511326339363,trajectory,STRAIGHT,3.6585617065429688,6.721313855149308,0.03750946372747421
267,99787.015,6.7380499839782715,-0.03751065582036972,-0.9574158787727356,-6.725737341028259e-05,0.13878671824932098,-9.378471986565273e-06,-0.004218133632093668,0.13889706251470496,1.0816285481628301e-08,-0.0036849899528720465,trajectory,STRAIGHT,3.659545660018921,6.737964832044012,0.03751065582036972
268,99787.171,6.754284858703613,-0.03751181811094284,-0.9578981399536133,-6.725786812646378e-05,0.13878671824932098,-9.373977263749111e-06,-0.0040131802670657635,0.13889706251472916,1.0244498885739204e-08,-0.003654092589769738,trajectory,STRAIGHT,3.6605069637298584,6.7541995338292065,0.03751181811094284
269,99787.406,6.782591819763184,-0.037513844668865204,-0.9586949348449707,-6.725757714531687e-05,0.13878671824932098,-9.358298484585248e-06,-0.0038347612135112286,0.13889706251481299,1.4148136972464608e-08,-0.003607348183143395,trajectory,STRAIGHT,3.662278413772583,6.7825061917172835,0.037513844668865204
270,99787.656,6.798826694488525,-0.037515006959438324,-0.9591374397277832,-6.725757713053917e-05,0.13878671824932098,-9.34818854148034e-06,-0.003658420406281948,0.13889706251486764,8.135631351321676e-09,-0.0035643394737540288,trajectory,STRAIGHT,3.663100481033325,6.798740891620289,0.037515006959438324
271,99787.937,6.829631328582764,-0.03751721233129501,-0.9599325060844421,-6.725757710249085e-05,0.13878671824932098,-9.336408766102977e-06,-0.0034916920121759176,0.13889706251493103,1.350870513467238e-08,-0.003518492113099094,trajectory,STRAIGHT,3.6646792888641357,6.829545192090139,0.03751721233129501
272,99788.203,6.859187126159668,-0.03751932829618454,-0.9606633186340332,-6.725757707556929e-05,0.13878671824932098,-9.334222340839915e-06,-0.003281109733507037,0.1388970625149428,1.2792466739811877e-08,-0.003463883245563932,trajectory,STRAIGHT,3.6668903827667236,6.859100667194054,0.03751932829618454
273,99788.578,6.901647567749023,-0.037522368133068085,-0.9616304636001587,-6.72575770368753e-05,0.13878671824932098,-9.346703336632345e-06,-0.003038940019905567,0.13889706251487563,1.9384636146264264e-08,-0.003402806416176309,trajectory,STRAIGHT,3.6689512729644775,6.901560641391724,0.037522368133068085
274,99788.828,6.930662155151367,-0.03752436116337776,-0.9554972648620605,-6.725719265256374e-05,0.13639433681964874,-9.196409337164368e-06,0.07817883789539337,0.1390884530296252,5.953353573952115e-09,-0.010164417043652953,trajectory,STRAIGHT,3.670217752456665,6.930574906972177,0.03752436116337776
275,99789.109,6.958268642425537,-0.03752613440155983,-0.9401378035545349,-6.725668222544134e-05,0.1347946971654892,-9.086191312235314e-06,0.06730514019727707,0.1392164242022614,-6.771524113059343e-09,-0.010331829729875515,trajectory,STRAIGHT,3.6469266414642334,6.95818108646063,0.03752613440155983
276,99789.265,6.986187934875488,-0.03752793371677399,-0.9280176162719727,-6.725473468412004e-05,0.13510186970233917,-9.101406249101274e-06,0.047580596059560776,0.1391918503992868,-6.820426956070032e-09,-0.010034376324387449,trajectory,STRAIGHT,3.6266443729400635,6.986100065452263,0.03752793371677399
277,99789.531,7.002018451690674,-0.03752895072102547,-0.9231000542640686,-6.725380432195045e-05,0.1355212926864624,-9.125301403400954e-06,0.03519558534026146,0.13915829656050502,-3.980548052866029e-09,-0.009821703714996596,trajectory,STRAIGHT,3.6131014823913574,7.001930403576206,0.03752895072102547
278,99789.765,7.031789302825928,-0.03753085434436798,-0.9171146154403687,-6.725288741247707e-05,0.13634318113327026,-9.170146768155973e-06,0.01999310590326786,0.13909254548466782,-9.892995403207906e-09,-0.009120728840938126,trajectory,STRAIGHT,3.5919082164764404,7.0317009167836115,0.03753085434436798
279,99790.031,7.060495376586914,-0.03753267973661423,-0.9140599370002747,-6.725238454003954e-05,0.13701170682907104,-9.202214641845785e-06,0.008294708095490932,0.13903906342895217,-1.1538203301712106e-08,-0.008600437594402743,trajectory,STRAIGHT,3.580120325088501,7.060406662350648,0.03753267973661423
280,99790.296,7.0909743309021,-0.03753460943698883,-0.9132120609283447,-6.725298767432886e-05,0.13754719495773315,-9.221517757396214e-06,-0.0007245504530146718,0.1389962243786518,-1.4265088367083331e-08,-0.008055434932618757,trajectory,STRAIGHT,3.573812484741211,7.09088526563465,0.03753460943698883
281,99790.578,7.121556282043457,-0.037536539137363434,-0.9140446782112122,-6.725458058902207e-05,0.13793092966079712,-9.227454029314686e-06,-0.0066345506347715855,0.13896552560244388,-1.6470925845716213e-08,-0.007578237980609788,trajectory,STRAIGHT,3.5719027519226074,7.121466861859416,0.037536539137363434
282,99790.859,7.151792526245117,-0.03753844276070595,-0.915951669216156,-6.725780350126032e-05,0.1381964534521103,-9.222611879522447e-06,-0.010307791642844677,0.13894428369921363,-1.8451955530831532e-08,-0.007152465302846996,trajectory,STRAIGHT,3.5730702877044678,7.151702752457263,0.03753844276070595
283,99791.109,7.181665420532227,-0.03754032030701637,-0.9184572100639343,-6.726077187238644e-05,0.1383785903453827,-9.209459676640108e-06,-0.012304429896175861,0.1389297127478556,-2.0715215655354926e-08,-0.006783712929538693,trajectory,STRAIGHT,3.5784170627593994,7.181575294718873,0.03754032030701637
284,99791.359,7.209907531738281,-0.03754209354519844,-0.9211115837097168,-6.726324555656566e-05,0.13849875330924988,-9.190807759296149e-06,-0.013125894591212273,0.13892009971086833,-2.239985234941391e-08,-0.006475247873635688,trajectory,STRAIGHT,3.583369016647339,7.209817070642326,0.03754209354519844
285,99791.515,7.238175392150879,-0.03754386678338051,-0.9238767027854919,-6.726663597593956e-05,0.13858339190483093,-9.167409189103637e-06,-0.013405520468950272,0.13891332862336314,-2.4855879747662746e-08,-0.0061980567560170705,trajectory,STRAIGHT,3.5888149738311768,7.238084593030841,0.03754386678338051
286,99791.656,7.254807472229004,-0.03754490986466408,-0.9254788756370544,-6.726806905225004e-05,0.13862085342407227,-9.163633876596577e-06,-0.012903164140880108,0.13891033170185046,-2.0319217466768234e-08,-0.006036708212487664,trajectory,STRAIGHT,3.5916101932525635,7.254716473072376,0.03754490986466408
287,99791.812,7.271439552307129,-0.03754595294594765,-0.9270144104957581,-6.726909491060636e-05,0.13865120708942413,-9.166301424556877e-06,-0.012584375217556953,0.13890790340861395,-2.032296715674712e-08,-0.005915076203873788,trajectory,STRAIGHT,3.594442367553711,7.271348352252817,0.03754595294594765
288,99792.156,7.298893451690674,-0.037547674030065536,-0.929498016834259,-6.727103025611387e-05,0.1386892944574356,-9.176082130579744e-06,-0.012589864432811737,0.13890485641912712,-2.4678432062407538e-08,-0.005723024734333042,trajectory,STRAIGHT,3.599876642227173,7.298801918127423,0.037547674030065536
289,99792.421,7.329281806945801,-0.03754957765340805,-0.9323023557662964,-6.727209250276626e-05,0.13871905207633972,-9.195039638143498e-06,-0.012431317940354347,0.13890247580951742,-2.491076823634965e-08,-0.005486425548836689,trajectory,STRAIGHT,3.605050563812256,7.329189901448829,0.03754957765340805
290,99792.593,7.359253883361816,-0.037551455199718475,-0.9349710941314697,-6.727251447831384e-05,0.1387394368648529,-9.222361768479459e-06,-0.011761151254177094,0.13890084502629396,-2.2711987783780548e-08,-0.005283451243776082,trajectory,STRAIGHT,3.610318422317505,7.359161608127738,0.037551455199718475
291,99792.734,7.374239921569824,-0.03755239397287369,-0.9362161755561829,-6.727292192013124e-05,0.13874712586402893,-9.239284736395348e-06,-0.010973344556987286,0.1389002299062702,-1.4468585651036685e-08,-0.005167025797388191,trajectory,STRAIGHT,3.6128737926483154,7.374147460377135,0.03755239397287369
292,99793.093,7.40421199798584,-0.03755427151918411,-0.9384899735450745,-6.727415881135605e-05,0.13875874876976013,-9.27977089304477e-06,-0.01043759472668171,0.1388993000735959,-1.8164880749160992e-08,-0.005041518942764292,trajectory,STRAIGHT,3.617870569229126,7.404119162674311,0.03755427151918411
293,99793.359,7.434895992279053,-0.037556201219558716,-0.934144914150238,-6.72738153656553e-05,0.13642390072345734,-9.166196832666174e-06,0.06987179070711136,0.13908608791748847,-1.4412003259128696e-08,-0.011583670386239909,trajectory,STRAIGHT,3.6223089694976807,7.43480277085352,0.037556201219558716
294,99793.531,7.463714599609375,-0.03755805268883705,-0.9200280904769897,-6.727357084691204e-05,0.1347649097442627,-9.099134331336245e-06,0.057712163776159286,0.1392188071958849,-6.109177369252957e-09,-0.011507551874951484,trajectory,STRAIGHT,3.604003667831421,7.463621012484666,0.03755805268883705
295,99793.765,7.478271484375,-0.037558991461992264,-0.9144497513771057,-6.727385050258737e-05,0.1348370611667633,-9.13638996280497e-06,0.04391635209321976,0.1392130350818974,1.206044306486988e-09,-0.011302735032576717,trajectory,STRAIGHT,3.596097230911255,7.478177711444792,0.037558991461992264
296,99794.015,7.505838871002197,-0.03756076470017433,-0.9073492884635925,-6.727417008792137e-05,0.13549144566059113,-9.250034963770304e-06,0.02605580911040306,0.1391606843218978,2.695301904382448e-09,-0.010473883875906663,trajectory,STRAIGHT,3.57505464553833,7.505744744243996,0.03756076470017433
297,99794.265,7.534377098083496,-0.03756270557641983,-0.9033101201057434,-6.727469584652593e-05,0.1362895518541336,-9.357599083159585e-06,0.011209267191588879,0.13909683582598004,1.7251019097617317e-08,-0.009799931154640236,trajectory,STRAIGHT,3.5594046115875244,7.534282601754175,0.03756270557641983
298,99794.453,7.562662601470947,-0.03756476193666458,-0.9021353721618652,-6.727577657701288e-05,0.13696205615997314,-9.430170393898152e-06,-0.00013034645235165954,0.13904303548124397,3.272651175938134e-08,-0.009128876913749612,trajectory,STRAIGHT,3.5514180660247803,7.562567735374106,0.03756476193666458
299,99794.796,7.590658187866211,-0.037566788494586945,-0.902987003326416,-6.727542158708525e-05,0.13747087121009827,-9.42676342674531e-06,-0.007722240407019854,0.1390023302773446,2.8547012857664135e-08,-0.008530532131650297,trajectory,STRAIGHT,3.549267530441284,7.590562953055622,0.037566788494586945
300,99794.953,7.619973659515381,-0.03756890445947647,-0.902168333530426,-6.727567211073024e-05,0.1376752257347107,-9.386615602124948e-06,0.044840943068265915,0.1389859819156287,2.435351462821262e-08,-0.012739121470345614,trajectory,STRAIGHT,3.5512237548828125,7.619878035639988,0.03756890445947647
301,99795.109,7.636491298675537,-0.03757009655237198,-0.8963450193405151,-6.727600819181937e-05,0.13770043849945068,-9.357900125905871e-06,0.047040268778800964,0.1389839648946086,1.5635957387653785e-08,-0.01324218458873176,trajectory,STRAIGHT,3.5532000064849854,7.636395454219718,0.03757009655237198
302,99795.343,7.653436183929443,-0.037571318447589874,-0.8912211656570435,-6.72765980466113e-05,0.13780462741851807,-9.334351489087567e-06,0.034832146018743515,0.1389756297812288,1.33150794327888e-08,-0.012777454510252776,trajectory,STRAIGHT,3.553212881088257,7.653340112162053,0.037571318447589874
303,99795.625,7.683224678039551,-0.037573352456092834,-0.885765016078949,-6.727651772204483e-05,0.13803230226039886,-9.299098564952146e-06,0.01542320754379034,0.13895741579410908,4.007476070441997e-09,-0.011722557615743518,trajectory,STRAIGHT,3.5336523056030273,7.683128204699482,0.037573352456092834
304,99795.906,7.713479518890381,-0.03757525607943535,-0.8840254545211792,-6.727609492091134e-05,0.1382404863834381,-9.294425581174437e-06,-0.000575629121158272,0.13894076106432898,-1.369106196466104e-08,-0.010769232023275796,trajectory,STRAIGHT,3.520554304122925,7.713382635166068,0.03757525607943535
305,99796.125,7.743358135223389,-0.03757713362574577,-0.8853788375854492,-6.72752145493368e-05,0.13839951157569885,-9.28470581129659e-06,-0.011707224883139133,0.13892803904902923,-1.543452180756816e-08,-0.009887426924394292,trajectory,STRAIGHT,3.514453411102295,7.743260842871634,0.03757713362574577
306,99796.296,7.771600246429443,-0.03757890686392784,-0.8884799480438232,-6.727394831885441e-05,0.13850995898246765,-9.265934750146698e-06,-0.01787036471068859,0.13891920325660848,-1.6972804951047713e-08,-0.009179887277550688,trajectory,STRAIGHT,3.5172693729400635,7.771502564733113,0.03757890686392784
307,99796.453,7.7861504554748535,-0.037579819560050964,-0.8904510140419006,-6.727367875271444e-05,0.138554185628891,-9.265092558052856e-06,-0.01901126839220524,0.13891566512490713,-1.111853172281416e-08,-0.00885387843271828,trajectory,STRAIGHT,3.520123243331909,7.786052572004435,0.037579819560050964
308,99796.687,7.8027825355529785,-0.037580862641334534,-0.8928195238113403,-6.72734092365139e-05,0.1385960727930069,-9.278549441660289e-06,-0.02019628696143627,0.1389123141517133,-1.1230968038858734e-08,-0.008554093376373004,trajectory,STRAIGHT,3.5235815048217773,7.802684420439932,0.037580862641334534
309,99796.937,7.8327202796936035,-0.03758283704519272,-0.8975083231925964,-6.727260123870207e-05,0.13865341246128082,-9.341873010271229e-06,-0.022597642615437508,0.13890772697792098,-2.89562507184722e-09,-0.008023533387729634,trajectory,STRAIGHT,3.531501293182373,7.832621744406418,0.03758283704519272
310,99797.203,7.8630900382995605,-0.03758501261472702,-0.9026650786399841,-6.727199763289306e-05,0.13869421184062958,-9.420734386367258e-06,-0.022992737591266632,0.13890446302715603,2.043297412078601e-08,-0.007528182439657186,trajectory,STRAIGHT,3.540302276611328,7.86299107226338,0.03758501261472702
311,99797.468,7.893062114715576,-0.037587158381938934,-0.9076610803604126,-6.727220885291499e-05,0.138722226023674,-9.470212717133109e-06,-0.022003117948770523,0.13890222189225127,2.4014035708523678e-08,-0.007131096360873305,trajectory,STRAIGHT,3.5499181747436523,7.892962719967886,0.037587158381938934
312,99797.734,7.922201633453369,-0.03758924454450607,-0.9122752547264099,-6.727232541981049e-05,0.13874119520187378,-9.491549462836701e-06,-0.02074926160275936,0.1389007043578839,2.5248123619635443e-08,-0.006781299981539795,trajectory,STRAIGHT,3.5594842433929443,7.922101818421264,0.03758924454450607
313,99798.015,7.952173709869385,-0.03759139031171799,-0.9167059063911438,-6.727273299228863e-05,0.13875477015972137,-9.486143426329363e-06,-0.019329451024532318,0.13889961836128764,2.5125593312707315e-08,-0.006470723775971843,trajectory,STRAIGHT,3.5686092376708984,7.952073458918443,0.03759139031171799
314,99798.265,7.982562065124512,-0.03759356588125229,-0.9208959937095642,-6.727270398768179e-05,0.13876429200172424,-9.452470294490922e-06,-0.017970051616430283,0.13889885661411036,2.251706107613314e-08,-0.006175402174266432,trajectory,STRAIGHT,3.5771918296813965,7.982461368398089,0.03759356588125229
315,99798.531,8.011298179626465,-0.03759562224149704,-0.9245393872261047,-6.727272575158176e-05,0.13877050578594208,-9.414444321009796e-06,-0.016462011262774467,0.13889835951157864,1.864045582796714e-08,-0.005929870765228006,trajectory,STRAIGHT,3.5890114307403564,8.011197057799949,0.03759562224149704
316,99798.796,8.040471076965332,-0.03759770840406418,-0.9279197454452515,-6.727286397942715e-05,0.1387750655412674,-9.382646567246411e-06,-0.015145664103329182,0.13889799473132464,1.6123679331117573e-08,-0.0057061633685425855,trajectory,STRAIGHT,3.5961802005767822,8.040369519993657,0.03759770840406418
317,99799.062,8.06881046295166,-0.03759973496198654,-0.9309431910514832,-6.72727693776876e-05,0.1387779712677002,-9.354438589070924e-06,-0.013956941664218903,0.13889776227336234,1.3476243503124707e-08,-0.005501642649017898,trajectory,STRAIGHT,3.602747678756714,8.068708479759518,0.03759973496198654
318,99799.234,8.097566604614258,-0.03760179132223129,-0.9337880611419678,-6.727238374030417e-05,0.13878002762794495,-9.32858165469952e-06,-0.012982158921658993,0.13889759776468186,1.1549510056717032e-08,-0.005304609114999655,trajectory,STRAIGHT,3.608799934387207,8.097464185355719,0.03760179132223129
319,99799.468,8.11382007598877,-0.03760295361280441,-0.9352689981460571,-6.727204903974041e-05,0.13878090679645538,-9.315194802184124e-06,-0.011988973245024681,0.1388975274312736,5.184660366673707e-09,-0.005185086497747267,trajectory,STRAIGHT,3.6116437911987305,8.113717408646686,0.03760295361280441
320,99799.718,8.143826484680176,-0.03760485723614693,-0.9377943873405457,-6.727188895884314e-05,0.1387820690870285,-9.292841241403949e-06,-0.011356492526829243,0.13889743444814812,-1.4975710563657037e-08,-0.0050443811093860876,trajectory,STRAIGHT,3.617017984390259,8.143723357575137,0.03760485723614693
321,99799.89,8.17549991607666,-0.03760683909058571,-0.9403418898582458,-6.727212905286608e-05,0.13878361880779266,-9.272569513996132e-06,-0.010558510199189186,0.13889731047059656,-1.996046463927255e-08,-0.004869943744454657,trajectory,STRAIGHT,3.6218202114105225,8.175396299431295,0.03760683909058571
322,99800.125,8.192170143127441,-0.03760788217186928,-0.9415755867958069,-6.727290757494193e-05,0.13878411054611206,-9.263257197744679e-06,-0.009716923348605633,0.13889727113158074,-1.3611760575772247e-08,-0.00476371392814803,trajectory,STRAIGHT,3.624138832092285,8.192066266999444,0.03760788217186928
323,99800.39,8.221343040466309,-0.037609707564115524,-0.9435623288154602,-6.727494483383432e-05,0.13878515362739563,-9.249240974895656e-06,-0.009169860742986202,0.13889718768515408,-2.0519363105661193e-08,-0.004653964836365906,trajectory,STRAIGHT,3.628612756729126,8.221238707172407,0.037609707564115524
324,99800.781,8.251766204833984,-0.03761161118745804,-0.9455426931381226,-6.727706940381817e-05,0.13878624141216278,-9.237733138434123e-06,-0.00857970304787159,0.13889710066243496,-2.2055220788360717e-08,-0.004514912751207296,trajectory,STRAIGHT,3.6325933933258057,8.251661390570503,0.03761161118745804
325,99801.062,8.294978141784668,-0.03761432319879532,-0.941109299659729,-6.727928518988762e-05,0.13674809038639069,-9.08742549654562e-06,0.07272716611623764,0.13906015274493672,-2.833517417809043e-08,-0.011154165546039586,trajectory,STRAIGHT,3.6398985385894775,8.294872636820752,0.03761432319879532
326,99801.328,8.32352066040039,-0.037616148591041565,-0.9266180992126465,-6.727988514660956e-05,0.13552677631378174,-8.987255569081753e-06,0.060665201395750046,0.13915785787106347,-1.9912148523455182e-08,-0.011108457984152316,trajectory,STRAIGHT,3.6209967136383057,8.323414694116815,0.037616148591041565
327,99801.5,8.35362434387207,-0.03761807829141617,-0.9153080582618713,-6.727901831488363e-05,0.13586057722568512,-9.024969585880172e-06,0.038830216974020004,0.1391311537979686,-1.8899008444384757e-08,-0.010563532927939042,trajectory,STRAIGHT,3.6002750396728516,8.353517886717492,0.03761807829141617
328,99801.656,8.370766639709473,-0.037619173526763916,-0.9111684560775757,-6.727755412567724e-05,0.13624118268489838,-9.078040420718025e-06,0.02553907036781311,0.13910070536101454,-1.298670872045457e-08,-0.010203894406758575,trajectory,STRAIGHT,3.587853193283081,8.370659901060613,0.037619173526763916
329,99801.906,8.38878059387207,-0.03762032091617584,-0.9084917902946472,-6.727526045163942e-05,0.13664798438549042,-9.148669960268307e-06,0.015167114324867725,0.13906816122466084,-1.022847564323824e-08,-0.009689759152117866,trajectory,STRAIGHT,3.5774319171905518,8.388673557862358,0.03762032091617584
330,99802.171,8.41836166381836,-0.03762219846248627,-0.9064011573791504,-6.727077692509565e-05,0.13723307847976685,-9.290320122090634e-06,0.0042226482182741165,0.13902135369646243,-7.004333730174548e-09,-0.009036277547691336,trajectory,STRAIGHT,3.564553737640381,8.418254136012772,0.03762219846248627
331,99802.453,8.447232246398926,-0.03762424364686012,-0.9063650965690613,-6.726799130751476e-05,0.1376752108335495,-9.439511813980062e-06,-0.003993600141257048,0.13898598310743668,2.4303418624818946e-08,-0.00847258950524161,trajectory,STRAIGHT,3.559091329574585,8.447124233106194,0.03762424364686012
332,99802.796,8.489425659179688,-0.03762728348374367,-0.9088407754898071,-6.726863688178106e-05,0.1381179392337799,-9.566461812937632e-06,-0.011582962237298489,0.1389505648348148,4.2255412758547865e-08,-0.007743240178560584,trajectory,STRAIGHT,3.559891700744629,8.489316928323863,0.03762728348374367
333,99803.062,8.518797874450684,-0.037629399448633194,-0.9059619307518005,-6.726886928807348e-05,0.13678397238254547,-9.439647328690626e-06,0.053969379514455795,0.13905728218335525,3.3103690706041365e-08,-0.01302265192470901,trajectory,STRAIGHT,3.564074754714966,8.51868863856026,0.037629399448633194
334,99803.312,8.546586990356445,-0.03763142600655556,-0.8958128690719604,-6.726878927603195e-05,0.13591837882995605,-9.326171493739821e-06,0.04149272292852402,0.13912652966801642,3.03623081317626e-08,-0.012658395077571412,trajectory,STRAIGHT,3.552558660507202,8.546477272275244,0.03763142600655556
335,99803.593,8.574342727661133,-0.037633273750543594,-0.8892574310302734,-6.726902520852003e-05,0.13620948791503906,-9.303342267230619e-06,0.020710626617074013,0.13910324094138532,9.340874683042482e-09,-0.0117692887226636,trajectory,STRAIGHT,3.5386059284210205,8.574232524837633,0.037633273750543594
336,99803.843,8.602188110351562,-0.03763510659337044,-0.8866239190101624,-6.726906161854511e-05,0.13675662875175476,-9.315775059803855e-06,0.004076777491718531,0.13905946967448019,5.277443769324723e-09,-0.01085813419494547,trajectory,STRAIGHT,3.5238304138183594,8.602077417116146,0.03763510659337044
337,99804.125,8.631790161132812,-0.03763725236058235,-0.8870853185653687,-6.726776495934881e-05,0.13730083405971527,-9.33469164010603e-06,-0.008230921812355518,0.13901593324984005,2.3222386845578186e-08,-0.009966097241736359,trajectory,STRAIGHT,3.5183916091918945,8.631678940677528,0.03763725236058235
338,99804.375,8.66066837310791,-0.03763933852314949,-0.8896598815917969,-6.726751719036335e-05,0.13771986961364746,-9.35824300540844e-06,-0.01561296172440052,0.1389824104054746,2.1868461006156863e-08,-0.009226543835842139,trajectory,STRAIGHT,3.5193960666656494,8.660556633621626,0.03763933852314949
339,99804.64,8.690038681030273,-0.03764145448803902,-0.8935286402702332,-6.726766977206564e-05,0.13803482055664062,-9.35567277338123e-06,-0.019680550321936607,0.1389572143301058,1.9675891986022377e-08,-0.00859463855198776,trajectory,STRAIGHT,3.524526596069336,8.68992640882928,0.03764145448803902
340,99804.906,8.720714569091797,-0.037643659859895706,-0.8982556462287903,-6.726805455346989e-05,0.1382683664560318,-9.363151548313908e-06,-0.021632254123687744,0.13893853065815595,1.9193533617735847e-08,-0.008032257926813375,trajectory,STRAIGHT,3.5320687294006348,8.720601735202356,0.037643659859895706
341,99805.171,8.750998497009277,-0.03764583542943001,-0.9031689167022705,-6.726883992755922e-05,0.13842900097370148,-9.387928912474308e-06,-0.021895136684179306,0.1389256798966388,1.9996667787756113e-08,-0.00755798040365111,trajectory,STRAIGHT,3.5408711433410645,8.750885103208176,0.03764583542943001
342,99805.437,8.78093147277832,-0.03764798119664192,-0.9079796075820923,-6.726869467338653e-05,0.13853906095027924,-9.412432518729474e-06,-0.021340418606996536,0.1389168750984007,2.0654231715605454e-08,-0.00714606022606391,trajectory,STRAIGHT,3.550163745880127,8.780817520222822,0.03764798119664192
343,99805.828,8.810453414916992,-0.03765009716153145,-0.9125130772590637,-6.726830920488492e-05,0.13861438632011414,-9.41950929700397e-06,-0.02017342858016491,0.13891084906878945,2.058113924319068e-08,-0.006801487580781411,trajectory,STRAIGHT,3.5594139099121094,8.810338905987745,0.03765009716153145
344,99806.093,8.852304458618164,-0.037653036415576935,-0.9114996790885925,-6.72666900428627e-05,0.13569092750549316,-9.195913662551902e-06,0.0585973896086216,0.13914472577463258,1.7720096354648192e-08,-0.012954738569788089,trajectory,STRAIGHT,3.572606086730957,8.85218915217153,0.037653036415576935
345,99806.343,8.882096290588379,-0.03765496611595154,-0.8998610973358154,-6.726651164672845e-05,0.13353843986988068,-9.01684779819334e-06,0.04375419020652771,0.13931692478605628,-4.712442556129376e-09,-0.012393714427321057,trajectory,STRAIGHT,3.554556131362915,8.881980410777874,0.03765496611595154
346,99806.609,8.910171508789062,-0.037656791508197784,-0.8926568627357483,-6.726629718529957e-05,0.13404786586761475,-9.038332791533321e-06,0.02234806679189205,0.13927617070621343,-4.6194832608046556e-09,-0.011552537038060308,trajectory,STRAIGHT,3.5460166931152344,8.910055083474795,0.037656791508197784
347,99806.875,8.937618255615234,-0.03765856474637985,-0.8897196054458618,-6.726673874711826e-05,0.1350475400686264,-9.118212801695336e-06,0.005451733246445656,0.1391961967698843,-4.5369253608601756e-09,-0.010664062499440203,trajectory,STRAIGHT,3.5293145179748535,8.937501292194082,0.03765856474637985
348,99807.14,8.96730899810791,-0.037660468369722366,-0.8898653388023376,-6.726976952439779e-05,0.13606040179729462,-9.227052942151204e-06,-0.0068100206553936005,0.13911516783118844,-3.1194441201832655e-09,-0.009804823264468403,trajectory,STRAIGHT,3.523092269897461,8.967191447162639,0.037660468369722366
349,99807.406,8.997194290161133,-0.03766242787241936,-0.8922670483589172,-6.727329804151382e-05,0.13685792684555054,-9.334152309747878e-06,-0.014509405940771103,0.13905136582689592,5.436360667875496e-09,-0.00906238717816984,trajectory,STRAIGHT,3.5236809253692627,8.997076141700001,0.03766242787241936
350,99807.578,9.026411056518555,-0.037664543837308884,-0.8959039449691772,-6.727504601514395e-05,0.13742876052856445,-9.419403795618564e-06,-0.018609536811709404,0.13900569913189886,2.9125563306206115e-08,-0.008447062363645213,trajectory,STRAIGHT,3.5284669399261475,9.026292316864991,0.037664543837308884
351,99807.828,9.044159889221191,-0.037665825337171555,-0.8983821868896484,-6.727600768505707e-05,0.1376919448375702,-9.44634393817978e-06,-0.019054370000958443,0.13898464438708147,2.3477459305123346e-08,-0.008127851661415102,trajectory,STRAIGHT,3.5318398475646973,9.044040787617828,0.037665825337171555
352,99808.218,9.07476806640625,-0.037668030709028244,-0.9028543829917908,-6.727794434713386e-05,0.1380322426557541,-9.447009688301478e-06,-0.020755358040332794,0.13895742056168478,2.7644058163310223e-08,-0.00765933242979846,trajectory,STRAIGHT,3.5397913455963135,9.07464833554863,0.037668030709028244
353,99808.593,9.118104934692383,-0.03767107427120209,-0.9016730785369873,-6.727912392264907e-05,0.13484100997447968,-9.158727152680513e-06,0.05346402898430824,0.13921271917716008,1.9846890793901803e-08,-0.01345955502910779,trajectory,STRAIGHT,3.552562713623047,9.117984302203297,0.03767107427120209
354,99808.875,9.158735275268555,-0.03767373412847519,-0.8857596516609192,-6.72807115624904e-05,0.13001666963100433,-8.773469744483009e-06,0.055672537535429,0.13959866640583837,-5.150876922910957e-09,-0.014483783274418802,trajectory,STRAIGHT,3.5350828170776367,9.158613786554161,0.03767373412847519
355,99809.109,9.186258316040039,-0.037675585597753525,-0.8766482472419739,-6.728134800771095e-05,0.12911272048950195,-8.682172847329639e-06,0.026164712384343147,0.13967098233748634,-3.4455998224667115e-10,-0.013277555282607677,trajectory,STRAIGHT,3.5083086490631104,9.186136240195877,0.037675585597753525
356,99809.375,9.21274185180664,-0.03767735883593559,-0.8735189437866211,-6.728303273983946e-05,0.1306760162115097,-8.75601836014539e-06,0.0035676569677889347,0.13954591867961133,-3.5977956604051967e-09,-0.01202637742572289,trajectory,STRAIGHT,3.497145652770996,9.212619205789265,0.03767735883593559
357,99809.64,9.239594459533691,-0.03767913207411766,-0.8742771744728088,-6.728450160920166e-05,0.1325705647468567,-8.861843525664881e-06,-0.0108801843598485,0.13939435479655699,-7.85379708100154e-09,-0.010970059912749778,trajectory,STRAIGHT,3.487917900085449,9.239471230205616,0.03767913207411766
358,99809.812,9.267213821411133,-0.03768093138933182,-0.8775162696838379,-6.72850430054908e-05,0.13423165678977966,-8.987184628495015e-06,-0.01955563761293888,0.13926146743274953,-9.419189180101149e-09,-0.010080771684131613,trajectory,STRAIGHT,3.4897148609161377,9.267089986576632,0.03768093138933182
359,99810.156,9.295950889587402,-0.03768278285861015,-0.8821650147438049,-6.728570885392139e-05,0.1355431079864502,-9.127414159593172e-06,-0.023910583928227425,0.13915655133649832,-7.561884285039308e-09,-0.009357695964764677,trajectory,STRAIGHT,3.497180461883545,9.295826418654258,0.03768278285861015
360,99810.437,9.326501846313477,-0.037684738636016846,-0.8829601407051086,-6.728720542266241e-05,0.1352493315935135,-9.192455763695762e-06,0.03533875197172165,0.1391800534475292,-2.488957530116497e-09,-0.013853739920547337,trajectory,STRAIGHT,3.507178544998169,9.326376692147207,0.037684738636016846
361,99810.609,9.35484790802002,-0.03768656402826309,-0.8764353394508362,-6.728794502568456e-05,0.13501182198524475,-9.243639397027437e-06,0.02405128814280033,0.1391990542158731,4.596066669412891e-09,-0.013242065437098894,trajectory,STRAIGHT,3.51214861869812,9.354722113244184,0.03768656402826309
362,99810.953,9.384893417358398,-0.037688545882701874,-0.8734163641929626,-6.7288056969719e-05,0.1357143521308899,-9.327525731350761e-06,0.003601364092901349,0.13914285180389718,1.1671896328367746e-08,-0.012043552682696563,trajectory,STRAIGHT,3.500917673110962,9.384766936189042,0.037688545882701874
363,99811.234,9.414237976074219,-0.037690673023462296,-0.8708397746086121,-6.72885168646558e-05,0.1354348063468933,-9.30583064473467e-06,0.03060748055577278,0.13916521546668237,3.0714752169048e-08,-0.014465447815399655,trajectory,STRAIGHT,3.4920601844787598,9.414110816104172,0.037690673023462296
364,99811.5,9.445064544677734,-0.03769265487790108,-0.865662693977356,-6.729123805477774e-05,0.1353161484003067,-9.271746421291027e-06,0.01255966629832983,0.13917470810257193,4.314186165655346e-09,-0.013393625963470886,trajectory,STRAIGHT,3.483551025390625,9.444936665615042,0.03769265487790108
365,99811.75,9.473955154418945,-0.03769450634717941,-0.8648733496665955,-6.72952995528764e-05,0.13597801327705383,-9.295005838794168e-06,-0.006166734732687473,0.13912175891242679,2.678828779275207e-09,-0.012162329227930157,trajectory,STRAIGHT,3.476438045501709,9.473826594180952,0.03769450634717941
366,99811.921,9.5017671585083,-0.03769637644290924,-0.8674399256706238,-6.729881304323108e-05,0.1366604119539261,-9.323433914687485e-06,-0.01842510513961315,0.13906716701824745,1.0297466260465446e-08,-0.011087994337596902,trajectory,STRAIGHT,3.474425792694092,9.501637935161526,0.03769637644290924
367,99812.078,9.515722274780273,-0.03769738972187042,-0.8695162534713745,-6.730002754249653e-05,0.13696129620075226,-9.33599494601367e-06,-0.021568669006228447,0.13904309627848832,1.7011048962857997e-08,-0.010619983320998406,trajectory,STRAIGHT,3.476428270339966,9.515592715658956,0.03769738972187042
368,99812.328,9.531352996826172,-0.037698522210121155,-0.8721491098403931,-6.730144575832963e-05,0.13725610077381134,-9.34807030716911e-06,-0.02420426532626152,0.1390195119126317,1.7036529028829158e-08,-0.010186312210953941,trajectory,STRAIGHT,3.47978138923645,9.5312230595956,0.037698522210121155
369,99812.484,9.562704086303711,-0.03770078718662262,-0.8783569931983948,-6.730416610391904e-05,0.137724369764328,-9.366623089590576e-06,-0.02926766313612461,0.13898205039337558,2.3539728274514716e-08,-0.009355226041879303,trajectory,STRAIGHT,3.4890570640563965,9.56257338417769,0.03770078718662262
370,99812.734,9.579244613647461,-0.03770197927951813,-0.8818804621696472,-6.730528628702162e-05,0.13791398704051971,-9.373970897286199e-06,-0.028138035908341408,0.13896688101127494,1.532525503939678e-08,-0.0089968076082972,trajectory,STRAIGHT,3.494415521621704,9.579113504424608,0.03770197927951813
371,99813.031,9.609890937805176,-0.03770418465137482,-0.8883127570152283,-6.730726497137423e-05,0.13818243145942688,-9.384507393406238e-06,-0.029255710542201996,0.13894540545775383,2.116909575381673e-08,-0.008431048045294497,trajectory,STRAIGHT,3.506551504135132,9.609759067732224,0.03770418465137482
372,99813.281,9.641419410705566,-0.03770644962787628,-0.8951476216316223,-6.73089455062245e-05,0.13837485015392303,-9.393114851263817e-06,-0.028548361733555794,0.13893001196218316,2.0790843931392714e-08,-0.007863422671289538,trajectory,STRAIGHT,3.518594980239868,9.641286748826111,0.03770644962787628
373,99813.453,9.670494079589844,-0.03770853579044342,-0.9010603427886963,-6.731008044788097e-05,0.13849815726280212,-9.400442650076002e-06,-0.02616109699010849,0.1389201473934557,1.927756268166557e-08,-0.007458619155174488,trajectory,STRAIGHT,3.537105083465576,9.670360679243071,0.03770853579044342
374,99813.703,9.68587875366211,-0.037709638476371765,-0.9038639664649963,-6.731039327808183e-05,0.13854742050170898,-9.404425327375066e-06,-0.023585015907883644,0.13891620633433058,1.3044545577597862e-08,-0.007264871150926947,trajectory,STRAIGHT,3.54305362701416,9.685744959299207,0.037709638476371765
375,99813.859,9.71664810180664,-0.037711843848228455,-0.9090516567230225,-6.731109900154487e-05,0.13862186670303345,-9.41321013669949e-06,-0.022976547479629517,0.13891025063819087,2.0089488076115647e-08,-0.00693104480058066,trajectory,STRAIGHT,3.553952693939209,9.716513512526998,0.037711843848228455
376,99814.015,9.733280181884766,-0.03771303594112396,-0.9117484092712402,-6.731152826845759e-05,0.13865184783935547,-9.418617992196232e-06,-0.021110011264681816,0.138907852147261,1.4159159428813952e-08,-0.006717716024098376,trajectory,STRAIGHT,3.5587685108184814,9.733145159052922,0.03771303594112396
377,99814.375,9.762386322021484,-0.0377151221036911,-0.9160043001174927,-6.731175380670048e-05,0.1386915147304535,-9.42951828619698e-06,-0.01995769701898098,0.13890467879592205,2.0236210481102277e-08,-0.006478680485872132,trajectory,STRAIGHT,3.568312168121338,9.762250533847297,0.0377151221036911
378,99814.656,9.793126106262207,-0.03771732747554779,-0.9153022170066833,-6.731138223400498e-05,0.13792021572589874,-9.38380526349647e-06,0.055182505398988724,0.1389663827163926,2.16026826311833e-08,-0.01233810615418637,trajectory,STRAIGHT,3.5767898559570312,9.79298950048302,0.03771732747554779
379,99814.906,9.823649406433105,-0.03771953284740448,-0.9031997919082642,-6.731042958040268e-05,0.13731199502944946,-9.318354386778083e-06,0.04730217158794403,0.139015040372351,2.1054275344916362e-08,-0.012343632227760082,trajectory,STRAIGHT,3.574345111846924,9.823511979084799,0.03771953284740448
380,99815.156,9.853312492370605,-0.037721458822488785,-0.8950513005256653,-6.731096891755288e-05,0.13746117055416107,-9.304431841883343e-06,0.025390561670064926,0.13900310633047605,-2.870683756142992e-09,-0.011529598136444366,trajectory,STRAIGHT,3.5519378185272217,9.853174258861666,0.037721458822488785
381,99815.421,9.881386756896973,-0.03772325813770294,-0.891562283039093,-6.73114268999481e-05,0.13774248957633972,-9.31471549847629e-06,0.00772814778611064,0.13898060080869667,-5.54880375392035e-09,-0.01064889160352241,trajectory,STRAIGHT,3.5360400676727295,9.881247751973708,0.03772325813770294
382,99815.593,9.909931182861328,-0.03772531449794769,-0.8912339210510254,-6.731304159426861e-05,0.1380113810300827,-9.33804676606087e-06,-0.004621736239641905,0.13895908949232066,1.7502753975745525e-08,-0.00983053691632022,trajectory,STRAIGHT,3.529085874557495,9.909791383198382,0.03772531449794769
383,99815.828,9.924419403076172,-0.03772635757923126,-0.8919583559036255,-6.731413276713245e-05,0.13812723755836487,-9.353874702355824e-06,-0.009031546302139759,0.1389498209699942,1.1367806002572547e-08,-0.009455950171998033,trajectory,STRAIGHT,3.528219699859619,9.92427919661396,0.03772635757923126
384,99816.093,9.954703330993652,-0.037728533148765564,-0.8946959972381592,-6.731603150381836e-05,0.13832156360149384,-9.395311280968599e-06,-0.015382579527795315,0.13893427488635524,2.0611644877594652e-08,-0.00877917236146803,trajectory,STRAIGHT,3.53010630607605,9.954562266710637,0.037728533148765564
385,99816.25,9.984169006347656,-0.03773064911365509,-0.8984461426734924,-6.731758913338581e-05,0.13845928013324738,-9.433790182811208e-06,-0.018751487135887146,0.1389232575636327,2.2440047817066748e-08,-0.00820193074100632,trajectory,STRAIGHT,3.53525710105896,9.984027097484876,0.03773064911365509
386,99816.5,10.000801086425781,-0.0377318412065506,-0.9007318019866943,-6.73180697366678e-05,0.1385185867547989,-9.434471394342836e-06,-0.018694309517741203,0.13891851303391636,1.6066796798506412e-08,-0.00792753678517712,trajectory,STRAIGHT,3.5386338233947754,10.000658696455854,0.0377318412065506
387,99816.765,10.03115463256836,-0.0377340167760849,-0.9050316214561462,-6.731814249645753e-05,0.13860061764717102,-9.407825928064995e-06,-0.02018536813557148,0.13891195056268457,1.9428977414692333e-08,-0.007492887878959806,trajectory,STRAIGHT,3.5463733673095703,10.031011356274908,0.0377340167760849
388,99817.031,10.061092376708984,-0.037736162543296814,-0.9095327854156494,-6.731786585579306e-05,0.13865724205970764,-9.386248166265432e-06,-0.02024858631193638,0.13890742060980776,1.718563487629949e-08,-0.007073948449272609,trajectory,STRAIGHT,3.554349899291992,10.060948215561453,0.037736162543296814
389,99817.281,10.091445922851562,-0.037738338112831116,-0.9139943718910217,-6.73182368275767e-05,0.13869717717170715,-9.37256572797196e-06,-0.019437778741121292,0.13890422580092945,1.6116632979398706e-08,-0.006718068041136893,trajectory,STRAIGHT,3.5628576278686523,10.091300853540313,0.037738338112831116
390,99817.562,10.120136260986328,-0.03774039447307587,-0.9180033206939697,-6.731868787206192e-05,0.1387234479188919,-9.367521670355927e-06,-0.018298018723726273,0.1389021241411866,1.4848830036946528e-08,-0.006412873731843481,trajectory,STRAIGHT,3.575394630432129,10.119990322887109,0.03774039447307587
391,99817.812,10.150074005126953,-0.03774254024028778,-0.9218964576721191,-6.7319560938771e-05,0.13874253630638123,-9.37067306949757e-06,-0.017045263200998306,0.13890059707017394,1.5571362633849264e-08,-0.006142386943437724,trajectory,STRAIGHT,3.583296537399292,10.14992714950702,0.03774254024028778
392,99818.078,10.178348541259766,-0.037744566798210144,-0.9253158569335938,-6.732087785234805e-05,0.13875511288642883,-9.381694326293655e-06,-0.01579234190285206,0.13889959094371282,1.5687088430693475e-08,-0.005900686103920586,trajectory,STRAIGHT,3.5906643867492676,10.178200808630184,0.037744566798210144
393,99818.25,10.2070951461792,-0.037746623158454895,-0.9285391569137573,-6.732170000596505e-05,0.13876411318778992,-9.400977432960644e-06,-0.014729145914316177,0.13889887091950195,1.692252178546027e-08,-0.005674416087651735,trajectory,STRAIGHT,3.5975184440612793,10.206946511320904,0.037746623158454895
394,99818.484,10.225015640258789,-0.037747904658317566,-0.9303924441337585,-6.732196919978914e-05,0.1387682557106018,-9.417148248758167e-06,-0.01358442846685648,0.13889853951759065,1.3532290209962512e-08,-0.0055317799986012925,trajectory,STRAIGHT,3.600749969482422,10.224866437461746,0.037747904658317566
395,99818.656,10.255438804626465,-0.03775008022785187,-0.9333173632621765,-6.732290049581732e-05,0.13877350091934204,-9.451985533814877e-06,-0.012972761876881123,0.13889811990070428,2.1580589993370883e-08,-0.005353081465539913,trajectory,STRAIGHT,3.606861114501953,10.255288627829763,0.03775008022785187
396,99818.921,10.272109031677246,-0.037751272320747375,-0.9348414540290833,-6.73230533219434e-05,0.13877564668655396,-9.473423233430367e-06,-0.01204206794500351,0.13889794823921273,1.744535010517404e-08,-0.005222886519088129,trajectory,STRAIGHT,3.6096255779266357,10.271958315865891,0.037751272320747375
397,99819.171,10.302948951721191,-0.037753477692604065,-0.9374685883522034,-6.732311894247252e-05,0.138778418302536,-9.484948350291234e-06,-0.011518358252942562,0.1388977265098724,2.4275976754772746e-08,-0.005066497122755562,trajectory,STRAIGHT,3.615021228790283,10.302797228646082,0.037753477692604065
398,99819.437,10.334205627441406,-0.03775571286678314,-0.9400135278701782,-6.732255153671432e-05,0.1387806385755539,-9.454116479901131e-06,-0.01065924484282732,0.13889754888819764,2.191674260128152e-08,-0.004892610323207439,trajectory,STRAIGHT,3.6223323345184326,10.33405286990374,0.03775571286678314
399,99819.609,10.362545013427734,-0.037757739424705505,-0.9421302080154419,-6.732304629254939e-05,0.13878190517425537,-9.410750863025896e-06,-0.009746592491865158,0.1388974475605353,1.731830580934868e-08,-0.004748029139013293,trajectory,STRAIGHT,3.6269419193267822,10.362391305923879,0.037757739424705505
400,99819.859,10.378381729125977,-0.03775887191295624,-0.9432141184806824,-6.732332277364578e-05,0.13878247141838074,-9.387716090714093e-06,-0.009052099660038948,0.13889740226112918,1.0211957371183905e-08,-0.004656440409321664,trajectory,STRAIGHT,3.6291086673736572,10.378227485684228,0.03775887191295624
401,99820.125,10.41047191619873,-0.03776116669178009,-0.9452540874481201,-6.732372293628929e-05,0.13878361880779266,-9.343619240098633e-06,-0.008592001162469387,0.1388973104702142,1.3489957966938842e-08,-0.0045436506170938975,trajectory,STRAIGHT,3.6331257820129395,10.410316575436768,0.03776116669178009
402,99820.296,10.440478324890137,-0.03776325657963753,-0.9470791220664978,-6.732277705238224e-05,0.13878469169139862,-9.305545972893015e-06,-0.007977732457220554,0.13889722463973095,3.856728932489373e-09,-0.004411956471139772,trajectory,STRAIGHT,3.636753559112549,10.440321944550892,0.03776325657963753
403,99820.562,10.457565307617188,-0.037764325737953186,-0.9480352401733398,-6.732218041854105e-05,0.13878530263900757,-9.285247870138846e-06,-0.007389604579657316,0.13889717576403166,-1.2823631573581474e-08,-0.004331055586803528,trajectory,STRAIGHT,3.6385083198547363,10.457408330164224,0.037764325737953186
404,99820.937,10.489238739013672,-0.03776630759239197,-0.949678361415863,-6.732098715111982e-05,0.1387864351272583,-9.250249604519922e-06,-0.006989582907408476,0.13889708516515986,-2.260176798437966e-08,-0.004238913953164325,trajectory,STRAIGHT,3.6418867111206055,10.489080642750956,0.03776630759239197
405,99821.218,10.532422065734863,-0.03776901960372925,-0.944490373134613,-6.731835763737492e-05,0.1362810879945755,-9.044701073435135e-06,0.07481831312179565,0.13909751293642775,-3.012631813718014e-08,-0.010970788448041412,trajectory,STRAIGHT,3.6477837562561035,10.532262418452202,0.03776901960372925
406,99821.484,10.560017585754395,-0.037770792841911316,-0.9300341010093689,-6.731793820423544e-05,0.13478407263755798,-8.931812772061676e-06,0.06255508959293365,0.13921727416532503,-1.9811325635207483e-08,-0.010940371305758027,trajectory,STRAIGHT,3.6258726119995117,10.559856931178665,0.037770792841911316
407,99821.64,10.589153289794922,-0.03777267038822174,-0.9185704588890076,-6.731591270561749e-05,0.1351493000984192,-8.934607649280224e-06,0.041336171329021454,0.13918805596850795,-2.162483821821925e-08,-0.010450877746095554,trajectory,STRAIGHT,3.6065876483917236,10.588991557981869,0.03777267038822174
408,99821.796,10.60539436340332,-0.03777371346950531,-0.9143161773681641,-6.731477159246478e-05,0.13558906316757202,-8.948160939326044e-06,0.028387252241373062,0.13915287492298242,-1.9451270480684253e-08,-0.010131096688765995,trajectory,STRAIGHT,3.5937857627868652,10.605232024937314,0.03777371346950531
409,99822.046,10.622103691101074,-0.03777478262782097,-0.9114273190498352,-6.731392657325772e-05,0.1360582411289215,-8.965074812294915e-06,0.018574640154838562,0.1391153406860684,-2.1128888615730048e-08,-0.00967735464594401,trajectory,STRAIGHT,3.5828897953033447,10.62194072382826,0.03777478262782097
410,99822.218,10.65075397491455,-0.037776608020067215,-0.9087368845939636,-6.731329131644412e-05,0.13677777349948883,-9.000029422168154e-06,0.007226614281535149,0.1390577780963652,-2.693340774506835e-08,-0.009030896634490389,trajectory,STRAIGHT,3.5693399906158447,10.650589918295232,0.037776608020067215
411,99822.453,10.667598724365234,-0.037777677178382874,-0.9081955552101135,-6.731388684630047e-05,0.13712850213050842,-9.022476660902612e-06,0.0013281885767355561,0.13902971980582562,-2.3067237723015403e-08,-0.008704237727949324,trajectory,STRAIGHT,3.5656533241271973,10.667434020581481,0.037777677178382874
412,99822.734,10.697278022766113,-0.0377795547246933,-0.9087026119232178,-6.731544989798158e-05,0.13761566579341888,-9.065235644811764e-06,-0.005633913446217775,0.13899074671265152,-2.7750582487567223e-08,-0.008145688858546503,trajectory,STRAIGHT,3.561896800994873,10.697112166448365,0.0377795547246933
413,99822.984,10.727045059204102,-0.03778143227100372,-0.91045743227005,-6.731668616553531e-05,0.1379682868719101,-9.114222848438658e-06,-0.010245352052152157,0.13896253702617214,-2.637117014191511e-08,-0.007666765686703923,trajectory,STRAIGHT,3.563216209411621,10.7268780309127,0.03778143227100372
414,99823.156,10.755215644836426,-0.03778320550918579,-0.912864625453949,-6.731616932423685e-05,0.13820619881153107,-9.168084943667054e-06,-0.012814807705581188,0.13894350407075523,-2.319561349654839e-08,-0.007263787780138987,trajectory,STRAIGHT,3.5669260025024414,10.75504749231985,0.03778320550918579
415,99823.296,10.769320487976074,-0.037784092128276825,-0.9142065644264221,-6.73160237645843e-05,0.1382978856563568,-9.198268344334792e-06,-0.013121122494339943,0.13893616912302334,-1.521247674070368e-08,-0.007066475324147944,trajectory,STRAIGHT,3.5693438053131104,10.769151766952994,0.037784092128276825
416,99823.437,10.786744117736816,-0.03778518736362457,-0.9158996939659119,-6.731598737734762e-05,0.13839100301265717,-9.238904567610007e-06,-0.01365645881742239,0.13892871973431778,-1.3930784869511625e-08,-0.006880061563459856,trajectory,STRAIGHT,3.5719974040985107,10.786574689185837,0.03778518736362457
417,99823.687,10.804183006286621,-0.03778628259897232,-0.9176607131958008,-6.731606743379172e-05,0.13846616446971893,-9.283518920710776e-06,-0.014059718698263168,0.13892270681752605,-1.0858500141939742e-08,-0.006685397128114804,trajectory,STRAIGHT,3.5747861862182617,10.804012863712924,0.03778628259897232
418,99823.953,10.8345365524292,-0.03778836131095886,-0.9208720326423645,-6.731633670853545e-05,0.13856445252895355,-9.371249689138494e-06,-0.014928280375897884,0.1389148437723328,7.057039184119637e-09,-0.006378012206559312,trajectory,STRAIGHT,3.5805089473724365,10.834365151228567,0.03778836131095886
419,99824.234,10.86530590057373,-0.03779056668281555,-0.9242660999298096,-6.731624228966928e-05,0.1386338174343109,-9.472923920839094e-06,-0.014837440103292465,0.13890929457936924,2.4649354955243638e-08,-0.006074553057495346,trajectory,STRAIGHT,3.586517810821533,10.865133203746387,0.03779056668281555
420,99824.593,10.895243644714355,-0.037792712450027466,-0.9274760484695435,-6.731726860167315e-05,0.1386806219816208,-9.558264537190553e-06,-0.014176072552800179,0.13890555021513257,3.095974311807045e-08,-0.0058179167753812005,trajectory,STRAIGHT,3.595909595489502,10.895069668633557,0.037792712450027466
421,99824.875,10.937963485717773,-0.0377957820892334,-0.9250155091285706,-6.731761059231914e-05,0.1365157514810562,-9.431314538232982e-06,0.06482777744531631,0.13907873985546973,3.8730383126630754e-08,-0.012120288938261517,trajectory,STRAIGHT,3.604931116104126,10.93778765147539,0.0377957820892334
422,99825.14,10.966428756713867,-0.037797801196575165,-0.9122486114501953,-6.731794519293639e-05,0.13510364294052124,-9.296142707171384e-06,0.0526837483048439,0.13919170853918453,2.6421283617231803e-08,-0.011895164477028021,trajectory,STRAIGHT,3.5874860286712646,10.966251662728556,0.037797801196575165
423,99825.406,10.99400806427002,-0.03779957443475723,-0.9033766388893127,-6.73180092664365e-05,0.135419562458992,-9.27554901863914e-06,0.03177675977349281,0.13916643497787504,4.421708656094149e-09,-0.011226854037065241,trajectory,STRAIGHT,3.5711469650268555,10.993829734402059,0.03779957443475723
424,99825.578,11.0225191116333,-0.03780139982700348,-0.8984466791152954,-6.731856409843087e-05,0.13613803684711456,-9.272353963751812e-06,0.013839472085237503,0.13910895702697265,-7.186261961474291e-10,-0.010427975919934484,trajectory,STRAIGHT,3.551666736602783,11.022339486186482,0.03780139982700348
425,99825.828,11.039698600769043,-0.03780249506235123,-0.8972688913345337,-6.731854061689921e-05,0.13656534254550934,-9.269177098758519e-06,0.004366178065538406,0.13907477257119488,-6.482520191784285e-11,-0.009945497766954383,trajectory,STRAIGHT,3.5456833839416504,11.039518185702198,0.03780249506235123
426,99826.078,11.070502281188965,-0.03780445083975792,-0.8975226879119873,-6.731991932810355e-05,0.13720931112766266,-9.282570317736827e-06,-0.005954040214419365,0.13902325508466798,-8.002472783611166e-09,-0.009158912260647918,trajectory,STRAIGHT,3.539604902267456,11.07032043308307,0.03780445083975792
427,99826.265,11.100608825683594,-0.037806395441293716,-0.8995742201805115,-6.73228351932617e-05,0.13767960667610168,-9.319041055277921e-06,-0.012355512008070946,0.13898563144068168,-3.92928780139541e-09,-0.008533072591969875,trajectory,STRAIGHT,3.5397069454193115,11.100425554772297,0.037806395441293716
428,99826.5,11.117555618286133,-0.03780761733651161,-0.9012240171432495,-6.732486528722666e-05,0.13788290321826935,-9.338717973150779e-06,-0.014111727476119995,0.1389693677172389,1.2760084046585264e-08,-0.0082199938000816,trajectory,STRAIGHT,3.541131019592285,11.117371535540617,0.03780761733651161
429,99826.765,11.146121978759766,-0.03780967369675636,-0.9044935703277588,-6.732768848126304e-05,0.13814590871334076,-9.35983825911535e-06,-0.01700044795870781,0.13894832727756734,1.8291124706408185e-08,-0.007752968740812552,trajectory,STRAIGHT,3.5488321781158447,11.145936511417645,0.03780967369675636
430,99827.031,11.17599105834961,-0.03781181946396828,-0.9083994030952454,-6.73317558118767e-05,0.13834109902381897,-9.367627171741333e-06,-0.018250437453389168,0.13893271205272226,1.8099941336970374e-08,-0.007314097639607112,trajectory,STRAIGHT,3.5556235313415527,11.175804121189225,0.03781181946396828
431,99827.296,11.204218864440918,-0.03781384602189064,-0.9122090935707092,-6.733596861699142e-05,0.13847123086452484,-9.362986929772887e-06,-0.018214527517557144,0.13892230150551463,1.6113802700763213e-08,-0.0069549638030674266,trajectory,STRAIGHT,3.5632212162017822,11.204030516980259,0.03781384602189064
432,99827.484,11.23498821258545,-0.03781605139374733,-0.9163222312927246,-6.733925735288596e-05,0.13857033848762512,-9.345856597064994e-06,-0.017940524965524673,0.13891437289577685,1.483818542759946e-08,-0.006603927039768699,trajectory,STRAIGHT,3.5709848403930664,11.23479830379387,0.03781605139374733
433,99827.843,11.264925956726074,-0.037818197160959244,-0.9200480580329895,-6.73411416841755e-05,0.1386364996433258,-9.320185199612752e-06,-0.016740312799811363,0.1389090800034711,1.1900568632219428e-08,-0.00633302690602625,trajectory,STRAIGHT,3.5786654949188232,11.264734504111503,0.037818197160959244
434,99828.14,11.297270774841309,-0.037820395082235336,-0.9175076484680176,-6.73428308929661e-05,0.13692618906497955,-9.193895493808668e-06,0.06027286872267723,0.13904590485010893,-2.625071380605533e-11,-0.01245748464614264,trajectory,STRAIGHT,3.585838794708252,11.297077627450387,0.037820395082235336
435,99828.453,11.32830810546875,-0.03782237693667412,-0.9047294855117798,-6.734354980535754e-05,0.13581085205078125,-9.104714990826324e-06,0.047116968780756,0.13913513181152293,-1.4060659434480829e-08,-0.012155481233666688,trajectory,STRAIGHT,3.5763838291168213,11.328113305048259,0.03782237693667412
436,99828.796,11.37238597869873,-0.037825193256139755,-0.8941275477409363,-6.734625428982799e-05,0.13644765317440033,-9.180418601317797e-06,0.017697902396321297,0.13908418772134107,-1.5651152153566403e-08,-0.010893197533311407,trajectory,STRAIGHT,3.5449187755584717,11.372188782090994,0.037825193256139755
437,99829.078,11.40024471282959,-0.03782696649432182,-0.8888524174690247,-6.734794290438455e-05,0.136366605758667,-9.235014658770524e-06,0.04504378139972687,0.13909067151429053,-6.049822877195036e-09,-0.013810201574321276,trajectory,STRAIGHT,3.533304452896118,11.400045971556652,0.03782696649432182
438,99829.25,11.430520057678223,-0.037828896194696426,-0.8803129196166992,-6.735093325732473e-05,0.13641977310180664,-9.297764336224645e-06,0.02777670882642269,0.13908641812651093,-1.8569774413588527e-09,-0.013087464578724041,trajectory,STRAIGHT,3.5230872631073,11.430319610381794,0.037828896194696426
439,99829.515,11.459213256835938,-0.03783093020319939,-0.8768355846405029,-6.735455734662196e-05,0.1368909478187561,-9.370717634737957e-06,0.006122156046330929,0.13904872414884764,2.2540560128148788e-08,-0.011903973603600109,trajectory,STRAIGHT,3.5074758529663086,11.459011163552416,0.03783093020319939
440,99829.75,11.476067543029785,-0.03783215209841728,-0.8766215443611145,-6.735664603584012e-05,0.1371806561946869,-9.407585821463726e-06,-0.003224406624212861,0.13902554747862705,2.2278123971750557e-08,-0.011319655509529873,trajectory,STRAIGHT,3.5020389556884766,11.475864470111778,0.03783215209841728
441,99830.031,11.505753517150879,-0.037834297865629196,-0.8786112070083618,-6.735796552424782e-05,0.1376228630542755,-9.44304520089645e-06,-0.014343569986522198,0.13899017092974914,2.8593917280352644e-08,-0.010340038747950038,trajectory,STRAIGHT,3.4985101222991943,11.505548695861046,0.037834297865629196
442,99830.296,11.536761283874512,-0.03783653303980827,-0.8827373385429382,-6.735717258416106e-05,0.13797476887702942,-9.423476512893103e-06,-0.021208401769399643,0.13896201846409784,2.49694684050176e-08,-0.009497170886493631,trajectory,STRAIGHT,3.501387357711792,11.53655460442885,0.03783653303980827
443,99830.562,11.5665922164917,-0.03783867880702019,-0.8878145217895508,-6.73569894080876e-05,0.13821913301944733,-9.391960702487268e-06,-0.024256309494376183,0.13894246933291887,2.0181102771205856e-08,-0.008818282721344443,trajectory,STRAIGHT,3.512592077255249,11.566383717788307,0.03783867880702019
444,99830.734,11.596461296081543,-0.0378408245742321,-0.8932889103889465,-6.735681424927672e-05,0.13839204609394073,-9.381806194141973e-06,-0.02499980665743351,0.13892863628704552,1.8183307410964726e-08,-0.008262122315652026,trajectory,STRAIGHT,3.522524356842041,11.596250943874477,0.0378408245742321
445,99830.984,11.612653732299805,-0.03784198686480522,-0.8961713314056396,-6.735661033235892e-05,0.13846255838871002,-9.38288212637417e-06,-0.023434072732925415,0.13892299530347074,1.1662985461914732e-08,-0.008002855761171223,trajectory,STRAIGHT,3.5277810096740723,11.612442361630976,0.03784198686480522
446,99831.156,11.64259147644043,-0.037844132632017136,-0.9013301730155945,-6.735874956991112e-05,0.13856112957000732,-9.373700777359772e-06,-0.02394500933587551,0.1389151096090344,1.63654504924491e-08,-0.007577459106738174,trajectory,STRAIGHT,3.538191080093384,11.642378196930881,0.037844132632017136
447,99831.39,11.659223556518555,-0.03784532472491264,-0.9041823148727417,-6.736006641861317e-05,0.13860222697257996,-9.36611195356818e-06,-0.022559305652976036,0.13891182181687708,9.695710337855684e-09,-0.007319161131877255,trajectory,STRAIGHT,3.543050765991211,11.659009201760043,0.03784532472491264
448,99831.671,11.688745498657227,-0.03784744068980217,-0.9089741706848145,-6.736245281070776e-05,0.13865752518177032,-9.35839671001304e-06,-0.0221557654440403,0.13890739796019308,1.4414940327381418e-08,-0.0069866016019026166,trajectory,STRAIGHT,3.5529873371124268,11.688529208730728,0.03784744068980217
449,99831.859,11.72117805480957,-0.03784976527094841,-0.9141550064086914,-6.736528307446756e-05,0.13869942724704742,-9.358929673908278e-06,-0.020972607657313347,0.138904045794976,1.549058651300303e-08,-0.006611781204826029,trajectory,STRAIGHT,3.5623085498809814,11.720959598755542,0.03784976527094841
450,99832.093,11.738641738891602,-0.03785101696848869,-0.9166883230209351,-6.736693468514006e-05,0.1387159675359726,-9.363257959194016e-06,-0.018755989149212837,0.1389027225718407,9.158502024910382e-09,-0.006434931821007228,trajectory,STRAIGHT,3.566870927810669,11.738422098617672,0.03785101696848869
451,99832.359,11.766084671020508,-0.03785298392176628,-0.9203600287437439,-6.736948123210606e-05,0.13873569667339325,-9.375949048262555e-06,-0.01803605444729328,0.13890114424078293,1.4420141710871866e-08,-0.00619769235836396,trajectory,STRAIGHT,3.579993486404419,11.765863143990298,0.03785298392176628
452,99832.656,11.798517227172852,-0.03785530850291252,-0.9245344996452332,-6.737197685145841e-05,0.13875190913677216,-9.400392627867404e-06,-0.016944507136940956,0.1388998472435841,1.8395310217153294e-08,-0.005915052027495422,trajectory,STRAIGHT,3.5875840187072754,11.798293428639836,0.03785530850291252
453,99832.812,11.830162048339844,-0.037857573479413986,-0.928371250629425,-6.737311187318759e-05,0.13876260817050934,-9.434205821889918e-06,-0.015689700841903687,0.13889899132070432,2.0237110975792685e-08,-0.0056402798051855526,trajectory,STRAIGHT,3.594930648803711,11.82993598871335,0.037857573479413986
454,99833.062,11.845998764038086,-0.03785870596766472,-0.9300995469093323,-6.737349021001689e-05,0.1387665867805481,-9.454830433242023e-06,-0.014161105267703533,0.13889867303179126,1.5040469010555673e-08,-0.005507664211111164,trajectory,STRAIGHT,3.598400354385376,11.845771555821166,0.03785870596766472
455,99833.328,11.876838684082031,-0.03786091133952141,-0.9331433773040771,-6.737379593567469e-05,0.13877247273921967,-9.48432625591522e-06,-0.013293201103806496,0.13889820215493962,2.3563348453262397e-08,-0.005349008016551361,trajectory,STRAIGHT,3.6051342487335205,11.876609205710256,0.03786091133952141
456,99833.593,11.907678604125977,-0.0378631167113781,-0.9360498785972595,-6.73739052334903e-05,0.13877642154693604,-9.46685850067297e-06,-0.01231700275093317,0.138897886250417,2.212345104393269e-08,-0.0051481109864835745,trajectory,STRAIGHT,3.6136720180511475,11.907446810322032,0.0378631167113781
457,99833.859,11.936017990112305,-0.03786514326930046,-0.9384945631027222,-6.737405075851035e-05,0.13877880573272705,-9.431798389414325e-06,-0.011232085525989532,0.13889769551574313,1.827306730653695e-08,-0.004985033023814189,trajectory,STRAIGHT,3.6190106868743896,11.935784027521844,0.03786514326930046
458,99834.031,11.96644115447998,-0.03786731883883476,-0.9409034848213196,-6.737439265148115e-05,0.13878074288368225,-9.393974323756993e-06,-0.010383148677647114,0.1388975405438711,1.6113403885026173e-08,-0.0048251451544637685,trajectory,STRAIGHT,3.623901128768921,11.966204818536887,0.03786731883883476
459,99834.171,11.98436164855957,-0.037868600338697433,-0.9422081112861633,-6.737529480614641e-05,0.1387813836336136,-9.386980309500359e-06,-0.009562361054122448,0.1388974892839144,1.0423837112441151e-08,-0.004719790609358905,trajectory,STRAIGHT,3.6261847019195557,11.984123892204794,0.037868600338697433
460,99834.421,12.001448631286621,-0.03786982223391533,-0.9433485865592957,-6.737618968792916e-05,0.13878199458122253,-9.391437743033748e-06,-0.008949676528573036,0.13889744040808177,1.0420289765597664e-08,-0.004654489784402829,trajectory,STRAIGHT,3.628408908843994,12.001209504775483,0.03786982223391533
461,99834.703,12.032705307006836,-0.037872057408094406,-0.9453337788581848,-6.737700453219794e-05,0.13878311216831207,-9.422178663953673e-06,-0.008587933145463467,0.1388973510009491,1.871184558717433e-08,-0.004534086409667957,trajectory,STRAIGHT,3.6324656009674072,12.03246363328135,0.037872057408094406
462,99834.875,12.063545227050781,-0.037874262779951096,-0.9472084045410156,-6.73771791655213e-05,0.13878421485424042,-9.466958545090165e-06,-0.007981457747519016,0.13889726278583367,2.2049536523243876e-08,-0.004401694727707478,trajectory,STRAIGHT,3.6378934383392334,12.063300986931523,0.037874262779951096
463,99835.109,12.078965187072754,-0.03787536546587944,-0.9480697512626648,-6.737717924754557e-05,0.1387847661972046,-9.478680112806614e-06,-0.007379376329481602,0.13889721867833346,1.6593582184706663e-08,-0.00432447093650199,trajectory,STRAIGHT,3.6396496295928955,12.078719643436788,0.03787536546587944
464,99835.281,12.10938835144043,-0.03787754103541374,-0.9496424198150635,-6.737717210337916e-05,0.13878539204597473,-9.462085472478066e-06,-0.006983309052884579,0.1388971686105214,2.1463017544479496e-08,-0.0042396974095068,trajectory,STRAIGHT,3.642923593521118,12.109140195218183,0.03787754103541374
465,99835.531,12.12689208984375,-0.037878792732954025,-0.9505035281181335,-6.737743406633668e-05,0.13878539204597473,-9.441376278118696e-06,-0.0065316809341311455,0.1388971686106328,1.4490065054949946e-08,-0.004163709526432401,trajectory,STRAIGHT,3.6444108486175537,12.126642405418128,0.037878792732954025
466,99835.812,12.158982276916504,-0.03788108751177788,-0.9519779086112976,-6.737751408937096e-05,0.13878539204597473,-9.394642802362796e-06,-0.006192363798618317,0.13889716861088416,1.676042757948856e-08,-0.004079320861109247,trajectory,STRAIGHT,3.647287368774414,12.158729741882055,0.03788108751177788
467,99836.078,12.18898868560791,-0.03788323327898979,-0.9532951712608337,-6.737751406116332e-05,0.13878539204597473,-9.359915566165e-06,-0.0057783531956374645,0.13889716861107212,1.311306351682691e-08,-0.003981832115694719,trajectory,STRAIGHT,3.6499361991882324,12.188733426193096,0.03788323327898979
468,99836.343,12.219411849975586,-0.037885408848524094,-0.9545255899429321,-6.737751403256306e-05,0.13878539204597473,-9.334064998256508e-06,-0.0053200130350887775,0.13889716861121146,1.121725454317473e-08,-0.0038991316612515844,trajectory,STRAIGHT,3.6536805629730225,12.21915376831803,0.037885408848524094
469,99836.609,12.247751235961914,-0.03788743540644646,-0.9555831551551819,-6.737751400592092e-05,0.13878539204597473,-9.318461707152892e-06,-0.004920986481010914,0.13889716861129556,9.107811373203915e-09,-0.0038241424881744466,trajectory,STRAIGHT,3.6559691429138184,12.247490469242504,0.03788743540644646
470,99836.875,12.27859115600586,-0.0378895178437233,-0.9566532969474792,-6.737751397692707e-05,0.13878539204597473,-9.3107710199547e-06,-0.004595411010086536,0.13889716861133702,-2.767484829638021e-09,-0.0037502391472357625,trajectory,STRAIGHT,3.6580841541290283,12.278327405485378,0.0378895178437233
471,99837.14,12.309014320373535,-0.03789142146706581,-0.9576382637023926,-6.737751394832413e-05,0.13878539204597473,-9.312670044892002e-06,-0.004271395038813353,0.13889716861132678,-1.7688959643892765e-08,-0.003679917505854855,trajectory,STRAIGHT,3.660057783126831,12.308747561491955,0.03789142146706581
472,99837.312,12.339437484741211,-0.03789358213543892,-0.9585514664649963,-6.737751391972041e-05,0.13878539204597473,-9.323989615950268e-06,-0.003962528891861439,0.13889716861126578,8.921109442686622e-09,-0.0036157124845561752,trajectory,STRAIGHT,3.6619112491607666,12.33916764504653,0.03789358213543892
473,99837.546,12.355274200439453,-0.03789471462368965,-0.9589927792549133,-6.737751390483045e-05,0.13878539204597473,-9.33360934141092e-06,-0.0037139682099223137,0.1388971686112139,5.152541783467571e-09,-0.003573428993774578,trajectory,STRAIGHT,3.6627798080444336,12.35500272887521,0.03789471462368965
474,99837.828,12.385697364807129,-0.03789689019322395,-0.9597861766815186,-6.737751387622541e-05,0.13878539204597473,-9.359257092000917e-06,-0.0035293125547468662,0.13889716861107565,1.3232624251276902e-08,-0.0035291516104927066,trajectory,STRAIGHT,3.664445638656616,12.385422702870938,0.03789689019322395
475,99838.109,12.417370796203613,-0.03789915516972542,-0.960577130317688,-6.737751384644387e-05,0.13878539204597473,-9.395968845637981e-06,-0.0033164103515446186,0.13889716861087778,1.668627313839985e-08,-0.003471794572569954,trajectory,STRAIGHT,3.6666808128356934,12.417092732933577,0.03789915516972542
476,99838.359,12.446126937866211,-0.03790121152997017,-0.9612492322921753,-6.737751381940457e-05,0.13878539204597473,-9.438143933948595e-06,-0.003090960206463933,0.13889716861065043,1.8854628152827478e-08,-0.003421491270550355,trajectory,STRAIGHT,3.6680915355682373,12.445845713484001,0.03790121152997017
477,99838.515,12.475299835205078,-0.03790329769253731,-0.9618834257125854,-6.737765208020055e-05,0.13878539204597473,-9.487772331340238e-06,-0.002889527939260006,0.13889716861038293,2.3009026385331133e-08,-0.0033763812594871734,trajectory,STRAIGHT,3.6694157123565674,12.475015330325455,0.03790329769253731
478,99838.671,12.49197006225586,-0.037904489785432816,-0.9622228741645813,-6.737794319650305e-05,0.13878539204597473,-9.50487083173357e-06,-0.002725620986893773,0.1388971686102901,1.9221564302415017e-08,-0.0033446712011735344,trajectory,STRAIGHT,3.670042037963867,12.491683648546944,0.037904489785432816
479,99839.031,12.520726203918457,-0.037906546145677567,-0.9627690315246582,-6.737844537201546e-05,0.13878539204597473,-9.501283784629777e-06,-0.0025844029150903225,0.13889716861030918,2.394301479001585e-08,-0.0033137541207478513,trajectory,STRAIGHT,3.6712305545806885,12.520436437157281,0.037906546145677567
480,99839.203,12.550697326660156,-0.03790869191288948,-0.9590556621551514,-6.737864965687709e-05,0.1382511705160141,-9.427470104128588e-06,0.07267049700021744,0.1389399063330077,2.1639203997150947e-08,-0.009495830436920797,trajectory,STRAIGHT,3.672315835952759,12.550403981356874,0.03790869191288948
481,99839.343,12.5672607421875,-0.03790988400578499,-0.9497370719909668,-6.737853211638976e-05,0.13783320784568787,-9.382486496178899e-06,0.07649506628513336,0.13897334334680028,1.5234653641810406e-08,-0.01043079569051356,trajectory,STRAIGHT,3.6728429794311523,12.56696538129696,0.03790988400578499
482,99839.593,12.582958221435547,-0.03791101649403572,-0.941574215888977,-6.737816878473173e-05,0.13772384822368622,-9.365077858092263e-06,0.06556878238916397,0.1389820921166343,1.4285523305539137e-08,-0.010374055614962265,trajectory,STRAIGHT,3.6659369468688965,12.582660924798173,0.03791101649403572
483,99839.859,12.613113403320312,-0.03791319206357002,-0.9292804002761841,-6.737736875671283e-05,0.13783258199691772,-9.367545317218173e-06,0.04635981097817421,0.13897339341478254,2.07591572369282e-08,-0.009810495203505045,trajectory,STRAIGHT,3.639192581176758,12.612812316649235,0.03791319206357002
484,99840.125,12.643741607666016,-0.03791539743542671,-0.9208168983459473,-6.737784942805509e-05,0.13805414736270905,-9.369442523166072e-06,0.02826252020895481,0.13895566818554922,1.9631074793357557e-08,-0.009325761961520452,trajectory,STRAIGHT,3.603203773498535,12.643436572292819,0.03791539743542671
485,99840.328,12.671929359436035,-0.037917423993349075,-0.9163755178451538,-6.737730391733682e-05,0.13824264705181122,-9.355953807244077e-06,0.014381539076566696,0.138940588210528,1.600272493709927e-08,-0.008809021682913054,trajectory,STRAIGHT,3.5878899097442627,12.671620598249032,0.037917423993349075
486,99840.562,12.700139045715332,-0.03791945055127144,-0.9145015478134155,-6.737637209398373e-05,0.13839201629161835,-9.334955393569544e-06,0.0041396887972950935,0.13892863867148372,1.3344249239295503e-08,-0.008278412500453733,trajectory,STRAIGHT,3.5791189670562744,12.699826464422022,0.03791945055127144
487,99840.828,12.71924114227295,-0.03792082145810127,-0.9142655730247498,-6.737538215290673e-05,0.1384711116552353,-9.334295100416057e-06,-0.000870700110681355,0.1389223110424123,8.670664825902227e-09,-0.007971674303323364,trajectory,STRAIGHT,3.5767407417297363,12.718925920580293,0.03792082145810127
488,99840.984,12.75001049041748,-0.03792302682995796,-0.9151058793067932,-6.737277693445445e-05,0.1385677307844162,-9.359952855447773e-06,-0.006376378703862429,0.1389145815119569,1.4915822571724253e-08,-0.007499567381253949,trajectory,STRAIGHT,3.575073480606079,12.749690921407609,0.03792302682995796
489,99841.234,12.766642570495605,-0.03792421892285347,-0.9159992933273315,-6.73719983093312e-05,0.13860736787319183,-9.387634236190934e-06,-0.008296958170831203,0.13891141054471304,1.1028089197634323e-08,-0.007264348818597993,trajectory,STRAIGHT,3.5753867626190186,12.766320601719354,0.03792421892285347
490,99841.515,12.796164512634277,-0.037926334887742996,-0.9180891513824463,-6.737420338031442e-05,0.13866089284420013,-9.419516572961584e-06,-0.011037924326956272,0.13890712854686998,1.9103211398097455e-08,-0.00690134492725872,trajectory,STRAIGHT,3.5775673389434814,12.795838195084006,0.037926334887742996
491,99841.671,12.827349662780762,-0.03792857006192207,-0.9208148717880249,-6.73778925448164e-05,0.13870032131671906,-9.405206583323888e-06,-0.01260269433259964,0.138903974269153,1.855706232947084e-08,-0.006548102548210188,trajectory,STRAIGHT,3.5834333896636963,12.827018623124944,0.03792857006192207
492,99841.828,12.841486930847168,-0.037929583340883255,-0.9221110939979553,-6.737984248102877e-05,0.13871382176876068,-9.389316801389214e-06,-0.012403777800500393,0.13890289423307775,9.690306153025332e-09,-0.006379506520081674,trajectory,STRAIGHT,3.585883140563965,12.84115370556494,0.037929583340883255
493,99841.968,12.858119010925293,-0.03793077543377876,-0.9236046075820923,-6.738262910725465e-05,0.13872691988945007,-9.373806278745178e-06,-0.01243333239108324,0.13890184638350858,9.498357623346446e-09,-0.006245543717677503,trajectory,STRAIGHT,3.5884547233581543,12.857783177387347,0.03793077543377876
494,99842.328,12.889304161071777,-0.03793301060795784,-0.9264482259750366,-6.73883551915335e-05,0.1387452930212021,-9.356992450193502e-06,-0.01299350243061781,0.13890037653306192,1.4512456411668077e-08,-0.005992962516435609,trajectory,STRAIGHT,3.593615770339966,12.888963326286657,0.03793301060795784
495,99842.515,12.920389175415039,-0.037935156375169754,-0.9228836894035339,-6.739459702876764e-05,0.13659954071044922,-9.204981324728578e-06,0.06423512101173401,0.13907203671835222,5.617527880127764e-09,-0.012224603566704233,trajectory,STRAIGHT,3.598764181137085,12.920043207703547,0.037935156375169754
496,99842.875,12.949674606323242,-0.03793703392148018,-0.9100515246391296,-6.739831570409471e-05,0.13512937724590302,-9.088116712518968e-06,0.05103667452931404,0.13918964979587903,-1.0802431868676533e-08,-0.011966870393321397,trajectory,STRAIGHT,3.582655191421509,12.949323663154395,0.03793703392148018
497,99843.14,12.979569435119629,-0.03793896362185478,-0.8979871869087219,-6.740178826442428e-05,0.13308516144752502,-8.926183909352403e-06,0.060477375984191895,0.13935318706025027,-1.1698717036620343e-08,-0.01388885957239987,trajectory,STRAIGHT,3.5727806091308594,12.979213263982684,0.03793896362185478
498,99843.39,13.008138656616211,-0.03794084116816521,-0.8874157667160034,-6.740382613432708e-05,0.13211369514465332,-8.849706318869721e-06,0.03472451865673065,0.07998538812280938,0.0015289495882942128,-0.012886999546809793,trajectory,STRAIGHT,3.533597946166992,13.007777342088685,0.03794084116816521
499,99843.562,13.035137176513672,-0.03794145956635475,-0.8824158310890198,-6.729255106233226e-05,0.13167411088943481,2.9516997528844513e-05,0.01253074873238802,0.07998498504331357,0.0015498927772289815,-0.011825731781743062,trajectory,STRAIGHT,3.5200371742248535,13.034770886264736,0.03794145956635475
500,99843.812,13.049178123474121,-0.0379326306283474,-0.8815972208976746,-6.714376366075296e-05,0.12802976369857788,0.00014165703032631427,0.002203832846134901,0.07998477623749799,0.0015606313585782774,-0.011260077944074364,trajectory,STRAIGHT,3.512178659439087,13.048809369026609,0.03794145956635475
501,99844.078,13.07685375213623,-0.03786724433302879,-0.8826236724853516,-6.710603086646716e-05,0.11778180301189423,0.00044365416397340596,-0.01033204048871994,0.0799843903924091,0.0015802827451745173,-0.01024183423245068,trajectory,STRAIGHT,3.4871387481689453,13.076480980373246,0.03794145956635475
502,99844.25,13.102243423461914,-0.03773479908704758,-0.8858903050422668,-6.72153728132517e-05,0.10819637030363083,0.0007251858478412032,-0.017915766686201096,0.0799840828313894,0.0015957736748796157,-0.009426728554411453,trajectory,STRAIGHT,3.4851934909820557,13.101868303079131,0.03794145956635475
503,99844.609,13.124489784240723,-0.03755640238523483,-0.8900843262672424,-6.730883653180813e-05,0.10096634924411774,0.0009415034437552094,-0.021276012063026428,0.07998385739983409,0.0016070331182044021,-0.008804755817222707,trajectory,STRAIGHT,3.4941036701202393,13.12411379535497,0.03794145956635475
504,99844.875,13.14594554901123,-0.037331193685531616,-0.8909738063812256,-6.733130762589132e-05,0.09504929929971695,0.0011003960389643908,0.0387917160987854,0.07998367975151957,0.0016158506757619373,-0.013381522348014877,trajectory,STRAIGHT,3.5065016746520996,13.145569757242605,0.03794145956635475
505,99845.14,13.166226387023926,-0.03707632049918175,-0.8828078508377075,-6.738116865177585e-05,0.09048903733491898,0.0012240199139341712,0.030651606619358063,0.07998354420561941,0.0016225462420917864,-0.013099550425692816,trajectory,STRAIGHT,3.514482021331787,13.165851609822944,0.03794145956635475
506,99845.39,13.185429573059082,-0.03680077940225601,-0.8781425952911377,-6.74018843693001e-05,0.0875072181224823,0.0013235227670520544,0.010306731797754765,0.07998344326718981,0.0016275144006209301,-0.01206382584803582,trajectory,STRAIGHT,3.502507209777832,13.185056438427587,0.03794145956635475
507,99845.578,13.203324317932129,-0.03651878982782364,-0.8776090145111084,-6.741114886177617e-05,0.08550234884023666,0.0013978664064779878,-0.005550346337258816,0.0799833698922463,0.0016311163907300997,-0.011026810301673495,trajectory,STRAIGHT,3.4967751502990723,13.20295322026817,0.03794145956635475
508,99845.921,13.220614433288574,-0.036227595061063766,-0.8798373341560364,-6.741605284682496e-05,0.08406936377286911,0.0014544845325872302,-0.015559102408587933,0.07998331464094782,0.001633823444299359,-0.010138125686908393,trajectory,STRAIGHT,3.4975507259368896,13.220245681655793,0.03794145956635475
509,99846.078,13.237650871276855,-0.03592624515295029,-0.8836769461631775,-6.741918211519728e-05,0.08301541209220886,0.0014978476101532578,-0.021102989092469215,0.07998327244001487,0.001635888072686923,-0.009404778942790449,trajectory,STRAIGHT,3.503242015838623,13.237284723331072,0.03794145956635475
510,99846.328,13.247088432312012,-0.03575434535741806,-0.8861681818962097,-6.74197280082855e-05,0.08255156874656677,0.0015174428699538112,-0.02185198664665222,0.07998325332049501,0.001636822613945287,-0.009051683285825677,trajectory,STRAIGHT,3.507289409637451,13.246723827417284,0.03794145956635475
511,99846.593,13.26533317565918,-0.03541389852762222,-0.8913999795913696,-6.741989786062043e-05,0.0818420872092247,0.001548151602037251,-0.0247157234698534,0.0799832234136301,0.0016382833592924644,-0.00845159345701791,trajectory,STRAIGHT,3.5166189670562744,13.264971719055396,0.03794145956635475
512,99846.765,13.282462120056152,-0.03508639708161354,-0.8967992067337036,-6.741865181393117e-05,0.08135280758142471,0.0015698448987677693,-0.025029871612787247,0.07998320224926618,0.0016393163065684545,-0.007926749252762521,trajectory,STRAIGHT,3.5266969203948975,13.282103779530853,0.03794145956635475
513,99846.906,13.29196834564209,-0.034902144223451614,-0.8996787667274475,-6.741750789450649e-05,0.08113880455493927,0.0015795351937413216,-0.023291848599910736,0.07998319271052509,0.0016397816412580656,-0.007684709543038976,trajectory,STRAIGHT,3.5320310592651367,13.291611785348536,0.03794145956635475
514,99847.156,13.301695823669434,-0.03471206873655319,-0.9024313688278198,-6.741676355156718e-05,0.08095384389162064,0.0015880606370046735,-0.022364435717463493,0.07998318431681724,0.0016401910077914232,-0.007494818462880392,trajectory,STRAIGHT,3.537571430206299,13.301341116333884,0.03794145956635475
515,99847.421,13.318906784057617,-0.034372445195913315,-0.9072721600532532,-6.74151001961547e-05,0.08069513738155365,0.0016002404736354947,-0.0225930605083704,0.0799831724625337,0.0016407689747778122,-0.007113610185979489,trajectory,STRAIGHT,3.547816276550293,13.318555422954343,0.03794145956635475
516,99847.671,13.335833549499512,-0.034035395830869675,-0.9120559096336365,-6.741472987635459e-05,0.08050765097141266,0.001609259401448071,-0.021617678925395012,0.07998316354936555,0.001641203410745478,-0.006739873032902133,trajectory,STRAIGHT,3.5573246479034424,13.33548554132421,0.03794145956635475
517,99847.921,13.352964401245117,-0.033691857010126114,-0.9165916442871094,-6.741499901804387e-05,0.08036783337593079,0.0016161450184881687,-0.019967641681432724,0.07998315675527526,0.0016415344836660302,-0.006435014025821069,trajectory,STRAIGHT,3.5714547634124756,13.352619835983617,0.03794145956635475
518,99848.171,13.370095252990723,-0.033347029238939285,-0.9207507371902466,-6.741556625440051e-05,0.08026530593633652,0.0016213295748457313,-0.01826164685189724,0.07998315111432217,0.0016418093139900479,-0.006164355127436143,trajectory,STRAIGHT,3.5802183151245117,13.369754156980475,0.03794145956635475
519,99848.437,13.38643741607666,-0.033015865832567215,-0.9243918061256409,-6.741609489987652e-05,0.08019283413887024,0.0016250933986157179,-0.016716478392481804,0.07998314786981989,0.0016419673670706348,-0.00592327129552004,trajectory,STRAIGHT,3.5882649421691895,13.386099674814446,0.03794145956635475
520,99848.703,13.402779579162598,-0.03268402814865112,-0.9277269840240479,-6.741705898750826e-05,0.08013895899057388,0.0016279644332826138,-0.015386552549898624,0.07998314525084414,0.0016420949370750553,-0.005703011291992982,trajectory,STRAIGHT,3.5956051349639893,13.402445206437028,0.03794145956635475
521,99848.875,13.419121742248535,-0.03235168382525444,-0.9308112859725952,-6.741823670519727e-05,0.08009891957044601,0.0016301545547321439,-0.014247293584048748,0.07998314310326937,0.0016421995377945192,-0.005493474741914855,trajectory,STRAIGHT,3.602322816848755,13.418790748421438,0.03794145956635475
522,99849.015,13.42873477935791,-0.03215600550174713,-0.932476818561554,-6.741844996388338e-05,0.08008036762475967,0.001631185645237565,-0.01312598492950201,0.0799831420096544,0.0016422528013242846,-0.005364457689208889,trajectory,STRAIGHT,3.6054811477661133,13.428405776833834,0.03794145956635475
523,99849.171,13.438828468322754,-0.031950414180755615,-0.9340850114822388,-6.741885911766368e-05,0.0800640657544136,0.0016321149887517095,-0.01232810690999031,0.07998314098225812,0.0016423028381582327,-0.005274737503499986,trajectory,STRAIGHT,3.6085269451141357,13.438501559307278,0.03794145956635475
524,99849.421,13.448681831359863,-0.03174959123134613,-0.9355757832527161,-6.741917318519994e-05,0.08005078881978989,0.0016328810015693307,-0.011768175289034843,0.07998314010058173,0.001642345776843726,-0.005174370697684751,trajectory,STRAIGHT,3.6113922595977783,13.448356968598658,0.03794145956635475
525,99849.687,13.46718692779541,-0.03137224540114403,-0.9382671117782593,-6.742025142548899e-05,0.08003146946430206,0.0016340204747393727,-0.011355526745319366,0.07998313861734208,0.0016424180098392315,-0.005007349881437977,trajectory,STRAIGHT,3.6165804862976074,13.466865911897207,0.03794145956635475
526,99849.968,13.484490394592285,-0.031019199639558792,-0.9406765699386597,-6.74201065907922e-05,0.08001844584941864,0.0016348033677786589,-0.010485486127436161,0.0799831374193335,0.0016424763499101138,-0.004838292279709671,trajectory,STRAIGHT,3.6214189529418945,13.484172979911849,0.03794145956635475
527,99850.14,13.500832557678223,-0.030685629695653915,-0.9427571892738342,-6.741967767732344e-05,0.08000939339399338,0.0016353644896298647,-0.009596855379641056,0.07998313641387572,0.0016425253116310887,-0.004699541983536832,trajectory,STRAIGHT,3.628324031829834,13.50051854696784,0.03794145956635475
528,99850.281,13.510445594787598,-0.030489381402730942,-0.9438796639442444,-6.741951044310212e-05,0.0800052061676979,0.0016356316627934575,-0.00889952015131712,0.07998313584577872,0.0016425529750075892,-0.00460783602234612,trajectory,STRAIGHT,3.6304609775543213,13.510133587040102,0.03794145956635475
529,99850.437,13.520298957824707,-0.03028816357254982,-0.9449476003646851,-6.741930680377805e-05,0.080001600086689,0.001635878928937018,-0.00841369479894638,0.07998313532612948,0.0016425782788223443,-0.004544012483844701,trajectory,STRAIGHT,3.6324942111968994,13.51998900441002,0.03794145956635475
530,99850.687,13.53039264678955,-0.03008202463388443,-0.9459883570671082,-6.741936509336189e-05,0.07999852299690247,0.00163609953597188,-0.00803294312208891,0.07998313480105164,0.0016426038465807613,-0.004475537049006847,trajectory,STRAIGHT,3.6344189643859863,13.530084798086538,0.03794145956635475
531,99850.953,13.549138069152832,-0.029699139297008514,-0.9478477239608765,-6.74196125600366e-05,0.0799940899014473,0.0016364103648811579,-0.0077322181314229965,0.07998313386951593,0.00164264920512451,-0.0043609225493593095,trajectory,STRAIGHT,3.637937068939209,13.548834130343277,0.03794145956635475
532,99851.125,13.566201210021973,-0.029350534081459045,-0.9494587779045105,-6.741983087678071e-05,0.07999119162559509,0.001636640285141766,-0.007134775631129742,0.0799831330936011,0.0016426869851841942,-0.0042465123634401886,trajectory,STRAIGHT,3.6428258419036865,13.56590083188319,0.03794145956635475
533,99851.265,13.575093269348145,-0.02916886657476425,-0.9502279758453369,-6.741983089101749e-05,0.07999002188444138,0.0016367427306249738,-0.006611375603824854,0.07998313268206876,0.0016427070227473198,-0.004179176081652029,trajectory,STRAIGHT,3.644404888153076,13.57479474677006,0.03794145956635475
534,99851.531,13.584946632385254,-0.028967559337615967,-0.9510215520858765,-6.741985273141219e-05,0.07998888939619064,0.001636842149309814,-0.0062757013365626335,0.07998313221996363,0.0016427295224155597,-0.004132572383326631,trajectory,STRAIGHT,3.6459126472473145,13.584650165968919,0.03794145956635475
535,99851.796,13.603692054748535,-0.02858450822532177,-0.9524737596511841,-6.7420245649304e-05,0.07998725771903992,0.0016369909280911088,-0.006045714020729065,0.07998313141204753,0.0016427688587060583,-0.004043511605459805,trajectory,STRAIGHT,3.64866042137146,13.603399501617284,0.03794145956635475
536,99852.078,13.621716499328613,-0.028216123580932617,-0.9538090825080872,-6.742133705196077e-05,0.07998614013195038,0.0016370837111026049,-0.00561251025646925,0.07998313069225803,0.0016428039034447172,-0.003947629012296185,trajectory,STRAIGHT,3.6512138843536377,13.62142771032749,0.03794145956635475
537,99852.25,13.639740943908691,-0.027847738936543465,-0.9550386071205139,-6.742178816410598e-05,0.0799853503704071,0.0016371445963159204,-0.005164293106645346,0.07998312995447646,0.0016428398233942667,-0.0038633703182092637,trajectory,STRAIGHT,3.654848098754883,13.639455919037426,0.03794145956635475
538,99852.484,13.64791202545166,-0.027680737897753716,-0.9555488228797913,-6.742173723319566e-05,0.07998509705066681,0.001637168345041573,-0.004789033904671669,0.07998312961395632,0.0016428564018396955,-0.0038138864921009553,trajectory,STRAIGHT,3.65598464012146,13.647628706985838,0.03794145956635475
539,99852.765,13.664734840393066,-0.027336912229657173,-0.9565325379371643,-6.742184637365164e-05,0.07998457551002502,0.0016372124664485455,-0.004573416896164417,0.07998312889939659,0.001642891190100606,-0.003759544306427025,trajectory,STRAIGHT,3.6580960750579834,13.664455035114736,0.03794145956635475
540,99852.921,13.682278633117676,-0.026978351175785065,-0.9575192332267761,-6.742166447568002e-05,0.07998403161764145,0.0016372496029362082,-0.004304030444473028,0.07998312813525223,0.0016429283915693925,-0.003688561250641109,trajectory,STRAIGHT,3.6600091457366943,13.682002491591739,0.03794145956635475
541,99853.171,13.692131996154785,-0.02677696757018566,-0.9580358266830444,-6.742124974618011e-05,0.07998392730951309,0.0016372696263715625,-0.0040225740522146225,0.07998312769758709,0.0016429496984015578,-0.003641918006805757,trajectory,STRAIGHT,3.6609385013580322,13.691857912352667,0.03794145956635475
542,99853.453,13.710396766662598,-0.026403671130537987,-0.9589312076568604,-6.742141709295307e-05,0.07998392730951309,0.001637324457988143,-0.0038180320989340544,0.07998312686703532,0.0016429901313562798,-0.003590826448472952,trajectory,STRAIGHT,3.6627254486083984,13.710126497177551,0.03794145956635475
543,99853.734,13.727940559387207,-0.02604511007666588,-0.959755539894104,-6.742141709260721e-05,0.07998392730951309,0.0016373922117054462,-0.0035858377814292908,0.07998312604706279,0.0016430300483155375,-0.00352886530844274,trajectory,STRAIGHT,3.66435170173645,13.727673953653767,0.03794145956635475
544,99853.968,13.745484352111816,-0.02568654902279377,-0.9605220556259155,-6.742132250574756e-05,0.07998392730951309,0.0016374541446566582,-0.003331420011818409,0.07998312520429107,0.0016430710741468138,-0.003474692928945511,trajectory,STRAIGHT,3.6666598320007324,13.745221410129655,0.03794145956635475
545,99854.25,13.762307167053223,-0.025342723354697227,-0.961203932762146,-6.742138798972603e-05,0.07998392730951309,0.0016374951228499413,-0.0030988536309450865,0.0799831243734332,0.0016431115190135308,-0.003425543342390208,trajectory,STRAIGHT,3.668083667755127,13.762047738256902,0.03794145956635475
546,99854.421,13.77864933013916,-0.02500872127711773,-0.9618229269981384,-6.742149712931691e-05,0.07998392730951309,0.0016375220147892833,-0.002903775544837117,0.07998312354430502,0.001643151878689773,-0.003380255686185017,trajectory,STRAIGHT,3.669407367706299,13.77839331415163,0.03794145956635475
547,99854.781,13.79619312286377,-0.02465013600885868,-0.9624330997467041,-6.742122791851882e-05,0.07998392730951309,0.0016375465784221888,-0.0026992340572178364,0.07998312266281173,0.0016431947862668406,-0.0033389276381691566,trajectory,STRAIGHT,3.6706454753875732,13.795940771122225,0.03794145956635475
548,99854.953,13.813926696777344,-0.024287356063723564,-0.9570834636688232,-6.74157044458647e-05,0.07925473153591156,0.0016223957063630223,0.07683808356523514,0.07998312219101024,0.0016432177512205048,-0.009942599512149687,trajectory,STRAIGHT,3.671785593032837,13.81367805538207,0.03794145956635475
549,99855.218,13.83144760131836,-0.02392868511378765,-0.9405302405357361,-6.738690524291059e-05,0.07874301820993423,0.0016123771201819181,0.06663630902767181,0.07998312208852695,0.0016432227395547954,-0.010189044497498499,trajectory,STRAIGHT,3.6627330780029297,13.831202630719982,0.03794145956635475
550,99855.453,13.841144561767578,-0.023730337619781494,-0.93306565284729,-6.738118722649663e-05,0.07877780497074127,0.0016130773583427072,0.05290155112743378,0.07998312178732182,0.0016432374005132381,-0.010190417286061794,trajectory,STRAIGHT,3.648458480834961,13.840901619514371,0.03794145956635475
551,99855.734,13.85793685913086,-0.023386329412460327,-0.9237302541732788,-6.73790464013286e-05,0.07898396998643875,0.0016172820469364524,0.0349019318819046,0.07998312200045206,0.0016432270265558458,-0.00954502019731734,trajectory,STRAIGHT,3.62129282951355,13.85769744019578,0.03794145956635475
552,99855.906,13.875743865966797,-0.023021869361400604,-0.9175019264221191,-6.737745145091103e-05,0.07922481000423431,0.0016222179401665926,0.019185170531272888,0.07998312174192675,0.0016432396100768834,-0.009009053642636928,trajectory,STRAIGHT,3.592287063598633,13.875508176383581,0.03794145956635475
553,99856.046,13.883821487426758,-0.022856295108795166,-0.9158899784088135,-6.737707579405411e-05,0.07932178676128387,0.0016242116689682007,0.011860661208629608,0.07998312198590547,0.0016432277346022416,-0.008777203262971794,trajectory,STRAIGHT,3.5860490798950195,13.883587494625614,0.03794145956635475
554,99856.218,13.893119812011719,-0.022666137665510178,-0.9148640036582947,-6.737669140889112e-05,0.07942041009664536,0.001626238226890564,0.005916818976402283,0.07998312162013273,0.0016432455382744385,-0.008423782271339319,trajectory,STRAIGHT,3.5813448429107666,13.89288776343243,0.03794145956635475
555,99856.453,13.91004753112793,-0.022319406270980835,-0.9143996834754944,-6.737663478915657e-05,0.07956676930189133,0.0016292454674839973,-0.0012298726942390203,0.07998312176195489,0.0016432386352255859,-0.007920317961229108,trajectory,STRAIGHT,3.576387643814087,13.909819033235028,0.03794145956635475
556,99856.593,13.919586181640625,-0.022123809903860092,-0.9147352576255798,-6.737708262002492e-05,0.07963263988494873,0.0016306040342897177,-0.0043581463396549225,0.07998312217091563,0.001643218729319536,-0.007673667681163442,trajectory,STRAIGHT,3.5755133628845215,13.919359688949859,0.03794145956635475
557,99856.843,13.929400444030762,-0.021923165768384933,-0.9154327511787415,-6.737664540414378e-05,0.0796896442770958,0.0016317765694111586,-0.006840505171567202,0.07998312167436744,0.0016432428984585546,-0.007425467776236776,trajectory,STRAIGHT,3.5753512382507324,13.929176002118538,0.03794145956635475
558,99857.125,13.947113990783691,-0.021560709923505783,-0.9173619747161865,-6.73753267881833e-05,0.07977040857076645,0.0016334382817149162,-0.010234014131128788,0.07998312125110216,0.0016432635003218491,-0.007026895906504714,trajectory,STRAIGHT,3.5767719745635986,13.946893256779802,0.03794145956635475
559,99857.39,13.964588165283203,-0.02120284177362919,-0.9198760390281677,-6.737381591554673e-05,0.0798284038901329,0.0016346367774531245,-0.0121248047798872,0.07998312131198601,0.0016432605368993305,-0.006665208841135972,trajectory,STRAIGHT,3.5819642543792725,13.964371095434817,0.03794145956635475
560,99857.656,13.981344223022461,-0.02085946686565876,-0.9225557446479797,-6.73738207631412e-05,0.07986917346715927,0.0016354777617380023,-0.01284435112029314,0.07998312171439644,0.0016432409500876442,-0.006363256352510717,trajectory,STRAIGHT,3.5867538452148438,13.98113067112233,0.03794145956635475
561,99857.828,13.998339653015137,-0.02051103115081787,-0.9253814220428467,-6.737491808874294e-05,0.07989960163831711,0.0016361238667741418,-0.013095402158796787,0.07998312238941788,0.001643208093761021,-0.006084210868899676,trajectory,STRAIGHT,3.592005729675293,13.998129672502122,0.03794145956635475
562,99858.203,14.016053199768066,-0.020147740840911865,-0.9282367825508118,-6.737693997748104e-05,0.07992270588874817,0.0016366029158234596,-0.012733894400298595,0.07998312333666349,0.001643161985950823,-0.0058462756777575165,trajectory,STRAIGHT,3.59744930267334,14.01584694424716,0.03794145956635475
563,99858.468,14.034207344055176,-0.019775645807385445,-0.9249610900878906,-6.737190418641269e-05,0.07895315438508987,0.0016164255794137716,0.06430147588253021,0.0799831239614909,0.0016431315713539185,-0.012047498622485126,trajectory,STRAIGHT,3.602733612060547,14.034004901438907,0.03794145956635475
564,99858.734,14.05115795135498,-0.019428415223956108,-0.9117738008499146,-6.733082169827729e-05,0.07828220725059509,0.00160318985581398,0.052645955234766006,0.07998312428626324,0.0016431157622540723,-0.011918271338241079,trajectory,STRAIGHT,3.5972788333892822,14.050959064847573,0.03794145956635475
565,99859.0,14.068305015563965,-0.019077111035585403,-0.9023122787475586,-6.731449744611804e-05,0.07843969762325287,0.001606288249604404,0.030802419409155846,0.07998312466961609,0.001643097101406271,-0.011222975813943957,trajectory,STRAIGHT,3.576667547225952,14.068109727388075,0.03794145956635475
566,99859.265,14.085991859436035,-0.018714945763349533,-0.8974300026893616,-6.73092121832024e-05,0.0787731409072876,0.001613022992387414,0.011405201628804207,0.07998312470469074,0.0016430953940322916,-0.010330808788627523,trajectory,STRAIGHT,3.5492706298828125,14.085800278816427,0.03794145956635475
567,99859.437,14.102327346801758,-0.0183804240077734,-0.896364688873291,-6.730687597193896e-05,0.07905881851911545,0.0016188332810997963,-0.0014748849207535386,0.07998312478429144,0.0016430915191991548,-0.009568069535632983,trajectory,STRAIGHT,3.5408174991607666,14.102139191028655,0.03794145956635475
568,99859.671,14.110638618469238,-0.018210306763648987,-0.89677494764328,-6.73069504222198e-05,0.079182930290699,0.0016213644994422793,-0.006266429089009762,0.07998312467081661,0.001643097042966764,-0.009211015627571829,trajectory,STRAIGHT,3.53920316696167,14.11045220351533,0.03794145956635475
569,99859.843,14.128241539001465,-0.017849845811724663,-0.8989594578742981,-6.730676316608439e-05,0.0793980285525322,0.0016257528914138675,-0.012834318913519382,0.07998312472507417,0.0016430944018010808,-0.008558342682798065,trajectory,STRAIGHT,3.5397815704345703,14.128058814301081,0.03794145956635475
570,99859.984,14.138016700744629,-0.017649749293923378,-0.900677502155304,-6.730694604093103e-05,0.0794924944639206,0.0016276820097118616,-0.014593804255127907,0.07998312461702525,0.0016430996614354907,-0.008235750294309382,trajectory,STRAIGHT,3.5414955615997314,14.137836023806774,0.03794145956635475
571,99860.234,14.147553443908691,-0.017454324290156364,-0.902518093585968,-6.730703292650967e-05,0.07957041263580322,0.0016292744548991323,-0.015826420858502388,0.07998312491184582,0.0016430853100394866,-0.007969664596441007,trajectory,STRAIGHT,3.5438270568847656,14.14737476906418,0.03794145956635475
572,99860.406,14.164514541625977,-0.017107028514146805,-0.9061839580535889,-6.730713233806779e-05,0.07968000322580338,0.0016315178945660591,-0.018121764063835144,0.07998312492687562,0.0016430845784099657,-0.007521915540132713,trajectory,STRAIGHT,3.549736499786377,14.164339422026481,0.03794145956635475
573,99860.64,14.175046920776367,-0.016891594976186752,-0.9085657596588135,-6.730770791506767e-05,0.07973283529281616,0.0016325995093211532,-0.017665429040789604,0.07998312448241228,0.0016431062141382235,-0.00727834820601832,trajectory,STRAIGHT,3.5530216693878174,14.174874004226389,0.03794145956635475
574,99860.812,14.191563606262207,-0.016553491353988647,-0.9123442769050598,-6.730718504119084e-05,0.07979794591665268,0.0016339323483407497,-0.01839030534029007,0.07998312430217178,0.0016431149878622698,-0.006926836970155176,trajectory,STRAIGHT,3.564002275466919,14.191394149912472,0.03794145956635475
575,99860.953,14.200181007385254,-0.016376996412873268,-0.9143068194389343,-6.730610605870271e-05,0.07982487231492996,0.0016344853211194277,-0.0174575075507164,0.07998312439756884,0.0016431103441419416,-0.006737402537368759,trajectory,STRAIGHT,3.5677273273468018,14.200013358262293,0.03794145956635475
576,99861.109,14.209516525268555,-0.01618572697043419,-0.9163309335708618,-6.730585705365833e-05,0.07984968274831772,0.0016349921934306622,-0.01699739694595337,0.07998312464006273,0.0016430985400128926,-0.006586821899209829,trajectory,STRAIGHT,3.5715138912200928,14.209350835337784,0.03794145956635475
577,99861.343,14.219091415405273,-0.01598948985338211,-0.9183684587478638,-6.730572489807598e-05,0.07987112551927567,0.0016354260733351111,-0.016702130436897278,0.07998312502777712,0.0016430796666541832,-0.0064196793044267245,trajectory,STRAIGHT,3.575253963470459,14.218927736198813,0.03794145956635475
578,99861.593,14.235368728637695,-0.015655791386961937,-0.9218032956123352,-6.730595644254736e-05,0.07989997416734695,0.0016360057052224874,-0.01665349118411541,0.07998312591324337,0.0016430365626662923,-0.006162352007439387,trajectory,STRAIGHT,3.582314968109131,14.235208469614701,0.03794145956635475
579,99861.765,14.2514066696167,-0.01532690692692995,-0.9251534938812256,-6.730552648729675e-05,0.07992112636566162,0.0016364281764253974,-0.015902677550911903,0.07998312702916147,0.0016429822388028324,-0.005904068556004727,trajectory,STRAIGHT,3.589226007461548,14.251249782390477,0.03794145956635475
580,99862.031,14.268880844116211,-0.01496848650276661,-0.9284582138061523,-6.73058898848504e-05,0.07993811368942261,0.0016367636853829026,-0.014569772407412529,0.07998312848713206,0.0016429112608189762,-0.005698343191511361,trajectory,STRAIGHT,3.59609317779541,14.26872763235002,0.03794145956635475
581,99862.265,14.278695106506348,-0.014767141081392765,-0.9302277565002441,-6.730607164506263e-05,0.07994551956653595,0.0016369116492569447,-0.013670193031430244,0.07998312942987928,0.0016428653636797442,-0.005536707779077775,trajectory,STRAIGHT,3.5993492603302,14.278543959874472,0.03794145956635475
582,99862.531,14.296223640441895,-0.014408637769520283,-0.93317049741745,-6.730623881036586e-05,0.07995583117008209,0.0016370962839573622,-0.013075158931314945,0.07998312860099531,0.001642905717515791,-0.00535946514381897,trajectory,STRAIGHT,3.605374336242676,14.29607615957745,0.03794145956635475
583,99862.703,14.313767433166504,-0.014050076715648174,-0.9359909296035767,-6.730642792054126e-05,0.07996334135532379,0.0016372051322832704,-0.012151298113167286,0.0799831271202679,0.0016429778035832695,-0.005163123845035323,trajectory,STRAIGHT,3.613713026046753,14.313623616054134,0.03794145956635475
584,99862.953,14.321938514709473,-0.013883075676858425,-0.937200129032135,-6.730597679628868e-05,0.07996612042188644,0.0016372426180168986,-0.011241370812058449,0.07998312640532765,0.0016430126077968165,-0.005051600611205365,trajectory,STRAIGHT,3.6163928508758545,14.32179640400198,0.03794145956635475
585,99863.234,14.339482307434082,-0.013524514622986317,-0.9395912289619446,-6.7305314663212e-05,0.0799708366394043,0.0016373154940083623,-0.010646732524037361,0.07998312480992845,0.0016430902712290332,-0.004926515470694783,trajectory,STRAIGHT,3.6213889122009277,14.339343860477788,0.03794145956635475
586,99863.5,14.35750675201416,-0.013156129978597164,-0.9419571757316589,-6.730688627176502e-05,0.07997431606054306,0.0016373818507418036,-0.009942907840013504,0.07998312307623186,0.0016431746627632248,-0.00475952050745892,trajectory,STRAIGHT,3.625854730606079,14.357372069185125,0.03794145956635475
587,99863.671,14.374089241027832,-0.01281715463846922,-0.9439711570739746,-6.730770844897911e-05,0.079976886510849,0.001637459616176784,-0.009145181626081467,0.07998312155542096,0.0016432486880427978,-0.004618740522664431,trajectory,STRAIGHT,3.6301870346069336,14.373958022453653,0.03794145956635475
588,99863.89,14.384903907775879,-0.01259608194231987,-0.94516921043396,-6.730779575258055e-05,0.07997827231884003,0.0016375038539990783,-0.008412541821599007,0.07998312052501404,0.0016432988410747247,-0.0045290063572368845,trajectory,STRAIGHT,3.632218599319458,14.38477494853535,0.03794145956635475
589,99864.156,14.402447700500488,-0.012237452901899815,-0.9469661712646484,-6.730699539608555e-05,0.07997990399599075,0.0016375690465793014,-0.0079344492405653,0.07998311877562418,0.0016433839856813922,-0.004424793987481079,trajectory,STRAIGHT,3.6360838413238525,14.402322406400675,0.03794145956635475
590,99864.421,14.419751167297363,-0.011883736588060856,-0.9486511945724487,-6.730652973483481e-05,0.07998145371675491,0.0016376512357965112,-0.007393628358840942,0.07998311694587011,0.0016434730369759953,-0.004304896125571326,trajectory,STRAIGHT,3.6411678791046143,14.419629488130154,0.03794145956635475
591,99864.687,14.436333656311035,-0.011544724926352501,-0.9501422643661499,-6.73068935253297e-05,0.07998210191726685,0.0016377436695620418,-0.0068158721551299095,0.07998311518318293,0.0016435588196624632,-0.004202566428696366,trajectory,STRAIGHT,3.6443448066711426,14.436215442140075,0.03794145956635475
592,99864.875,14.452916145324707,-0.011205682530999184,-0.9515231847763062,-6.730733008246682e-05,0.07998261600732803,0.001637820154428482,-0.006337607279419899,0.07998311340575226,0.0016436453153198204,-0.0041063022372822815,trajectory,STRAIGHT,3.647284507751465,14.45280139677868,0.03794145956635475
593,99865.14,14.470219612121582,-0.010851899161934853,-0.9528296589851379,-6.730699538787302e-05,0.07998315244913101,0.001637903624214232,-0.005809056106954813,0.07998311143364788,0.0016437412791156555,-0.004022620398268582,trajectory,STRAIGHT,3.650008201599121,14.47010847987911,0.03794145956635475
594,99865.281,14.479592323303223,-0.010660266503691673,-0.95350182056427,-6.730699538801174e-05,0.07998344302177429,0.0016379490261897445,-0.005526275373995304,0.07998311031030267,0.0016437959392683716,-0.00395426181212887,trajectory,STRAIGHT,3.6512815952301025,14.479483149891507,0.03794145956635475
595,99865.421,14.489445686340332,-0.010458806529641151,-0.9541633725166321,-6.730705359529817e-05,0.07998374849557877,0.0016379995504394174,-0.005221590865403414,0.07998310908474034,0.0016438555710666229,-0.003916041436279757,trajectory,STRAIGHT,3.652484655380249,14.48933857221196,0.03794145956635475
596,99865.671,14.498818397521973,-0.010267142206430435,-0.9547643661499023,-6.730705359431997e-05,0.07998387515544891,0.0016380494926124811,-0.005009899847209454,0.07998310797811127,0.001643909414108793,-0.003873875412018039,trajectory,STRAIGHT,3.6536645889282227,14.498713242872375,0.03794145956635475
597,99865.953,14.516602516174316,-0.00990346260368824,-0.9558606743812561,-6.730705359211432e-05,0.07998387515544891,0.0016381542664021254,-0.004820581059902906,0.07998310579031905,0.0016440158559558387,-0.003807813258607958,trajectory,STRAIGHT,3.655853509902954,14.516501079690403,0.03794145956635475
598,99866.218,14.53438663482666,-0.009539783000946045,-0.9569109678268433,-6.730695900323794e-05,0.07998387515544891,0.0016382659086957574,-0.004505481570959091,0.07998310343539855,0.0016441304213279107,-0.0037323628819409416,trajectory,STRAIGHT,3.658893585205078,14.534288916507512,0.03794145956635475
599,99866.484,14.551690101623535,-0.009185899049043655,-0.957861602306366,-6.730695172702021e-05,0.07998387515544891,0.0016383625334128737,-0.004183727316558361,0.07998310108738368,0.0016442446427960714,-0.003664448544226299,trajectory,STRAIGHT,3.6608238220214844,14.551596001664063,0.03794145956635475
600,99866.656,14.56899356842041,-0.00883198156952858,-0.958746075630188,-6.730699538325024e-05,0.07998387515544891,0.0016384446062147617,-0.0038982366677373648,0.07998309867843109,0.0016443618203896258,-0.003601317634577979,trajectory,STRAIGHT,3.6626248359680176,14.568903087506515,0.03794145956635475
601,99866.921,14.587258338928223,-0.008458402007818222,-0.9595946669578552,-6.730751197549642e-05,0.07998387515544891,0.0016385354101657867,-0.0035855222959071398,0.07998309591554378,0.0016444962039859471,-0.0035450641467332945,trajectory,STRAIGHT,3.664306163787842,14.587171678116901,0.03794145956635475
602,99867.171,14.596871376037598,-0.008261781185865402,-0.960018515586853,-6.73077957374383e-05,0.07998387515544891,0.001638592453673482,-0.003401590045541525,0.07998309436074494,0.001644571822746424,-0.0035013209586468885,trajectory,STRAIGHT,3.665095090866089,14.596786725806078,0.03794145956635475
603,99867.437,14.614415168762207,-0.0079029006883502,-0.9607458114624023,-6.730728642024276e-05,0.07998387515544891,0.0016387164359912276,-0.0032315112184733152,0.07998309152744965,0.0016447096131571768,-0.0034599494339463016,trajectory,STRAIGHT,3.6665751934051514,14.614334188811133,0.03794145956635475
604,99867.718,14.632439613342285,-0.007534166797995567,-0.9614596962928772,-6.730727186881182e-05,0.07998387515544891,0.0016388420481234789,-0.003034730441868305,0.07998308842780334,0.0016448603436738948,-0.0034080589288366017,trajectory,STRAIGHT,3.668623447418213,14.632362404657373,0.03794145956635475
605,99867.875,14.648781776428223,-0.007199822459369898,-0.9620669484138489,-6.730658792864404e-05,0.07998387515544891,0.0016389380907639861,-0.002839136403053999,0.07998308546319124,0.0016450044947797558,-0.003361994057507491,trajectory,STRAIGHT,3.6699163913726807,14.648707987548306,0.03794145956635475
606,99868.125,14.659356117248535,-0.006983478087931871,-0.9624330997467041,-6.73059476441237e-05,0.07998387515544891,0.0016390118980780244,-0.0026675239205360413,0.07998308341235993,0.0016451042068737402,-0.003330748407219144,trajectory,STRAIGHT,3.670535087585449,14.659284541263244,0.03794145956635475
607,99868.406,14.67665958404541,-0.006629427429288626,-0.9629976153373718,-6.730489990586435e-05,0.07998387515544891,0.0016391555545851588,-0.0025442088954150677,0.07998307993245146,0.0016452733873368645,-0.003296308531870241,trajectory,STRAIGHT,3.6717052459716797,14.676591629827353,0.03794145956635475
608,99868.687,14.695164680480957,-0.006250756327062845,-0.9635766744613647,-6.73048853541474e-05,0.07998387515544891,0.0016393143450841308,-0.002397811273112893,0.07998307595246174,0.0016454668585964723,-0.0032542770501620844,trajectory,STRAIGHT,3.6727800369262695,14.695100600228637,0.03794145956635475
609,99868.953,14.713189125061035,-0.005881885532289743,-0.9641063809394836,-6.73048635260269e-05,0.07998387515544891,0.0016394515987485647,-0.002245689043775201,0.07998307178406877,0.0016456694639270665,-0.0032145324994961966,trajectory,STRAIGHT,3.6738202571868896,14.713128818873924,0.03794145956635475
610,99869.125,14.73049259185791,-0.005527740344405174,-0.9645794630050659,-6.730500904485382e-05,0.07998387515544891,0.001639590016566217,-0.00209116586484015,0.07998306743540382,0.0016458808048112731,-0.0031799785347947766,trajectory,STRAIGHT,3.675265312194824,14.730435909370735,0.03794145956635475
611,99869.359,14.739624977111816,-0.005340819247066975,-0.9648124575614929,-6.730602767879357e-05,0.07998387515544891,0.0016396730206906796,-0.001972230849787593,0.0799830649758321,0.0016460003255837092,-0.0031570685167176295,trajectory,STRAIGHT,3.6757218837738037,14.739570207360503,0.03794145956635475
612,99869.546,14.75740909576416,-0.004976782016456127,-0.9652435183525085,-6.73074173863454e-05,0.07998387515544891,0.001639861729927361,-0.0019268851028755307,0.07998305987920187,0.001646247964313688,-0.003128911332394484,trajectory,STRAIGHT,3.6765782833099365,14.757358051489026,0.03794145956635475
613,99869.687,14.767502784729004,-0.004770149942487478,-0.9654863476753235,-6.7308028566342e-05,0.07998387515544891,0.0016399704618379474,-0.0019312066724523902,0.07998305675544105,0.0016463997254295964,-0.003097494386191116,trajectory,STRAIGHT,3.6769754886627197,14.767453855247519,0.03794145956635475
614,99869.937,14.777115821838379,-0.004573342856019735,-0.9657176733016968,-6.730850150336568e-05,0.07998387515544891,0.0016400860622525215,-0.0019371926318854094,0.07998305362542125,0.0016465517765889932,-0.0030747855362180843,trajectory,STRAIGHT,3.677368402481079,14.77706890674547,0.03794145956635475
615,99870.328,14.793938636779785,-0.004228894133120775,-0.966126561164856,-6.731135367903642e-05,0.07998387515544891,0.0016402950277552009,-0.0019463058561086655,0.07998304773132026,0.0016468380640928177,-0.003043453570575716,trajectory,STRAIGHT,3.678154706954956,14.793895247609953,0.03794145956635475
616,99870.578,14.818825721740723,-0.0037190131843090057,-0.9597170948982239,-6.731481908516765e-05,0.07823678851127625,0.0016044046496972442,0.07968411594629288,0.07998303987234216,0.0016472197119158114,-0.009876404583319783,trajectory,STRAIGHT,3.6793477535247803,14.818787555168429,0.03794145956635475
617,99870.843,14.835775375366211,-0.003371231025084853,-0.9430661201477051,-6.724529267098964e-05,0.07701635360717773,0.0015802766429260373,0.06757931411266327,0.07998303850354632,0.0016472861743568794,-0.010022036719823744,trajectory,STRAIGHT,3.6569268703460693,14.835740776408953,0.03794145956635475
618,99871.015,14.851727485656738,-0.003043791279196739,-0.9309733510017395,-6.722691776753095e-05,0.07726109772920609,0.0015853525837883353,0.047448888421058655,0.07998303822412141,0.0016472997416174622,-0.009747457856705659,trajectory,STRAIGHT,3.632437229156494,14.85169624692873,0.03794145956635475
619,99871.281,14.867539405822754,-0.0027192928828299046,-0.9232400059700012,-6.721900768236942e-05,0.07778415083885193,0.0015961676836013794,0.029400790110230446,0.07998303706410213,0.0016473560642635803,-0.009221323341534257,trajectory,STRAIGHT,3.6074063777923584,14.867511496485273,0.03794145956635475
620,99871.531,14.877361297607422,-0.0025177467614412308,-0.9200425744056702,-6.721746566833971e-05,0.07810507714748383,0.001602822681888938,0.02027130499482155,0.07998303588252734,0.0016474134315172875,-0.008990440931784173,trajectory,STRAIGHT,3.598428249359131,14.877335455924337,0.03794145956635475
621,99871.796,14.893815994262695,-0.0021800994873046875,-0.9169409275054932,-6.721534527428105e-05,0.0785682424902916,0.001612452557310462,0.00949595496058464,0.07998303333968991,0.001647536883366311,-0.008423908403231506,trajectory,STRAIGHT,3.5864484310150146,14.893793616443292,0.03794145956635475
622,99872.062,14.911063194274902,-0.0018260655924677849,-0.9157621264457703,-6.721271753997638e-05,0.07894396036863327,0.0016203013947233558,0.0009742066031321883,0.07998303197074005,0.0016476033404846098,-0.007937315395521737,trajectory,STRAIGHT,3.5801424980163574,14.91104444970587,0.03794145956635475
623,99872.328,14.928861618041992,-0.0014607779448851943,-0.9162530899047852,-6.721206310731203e-05,0.07923098653554916,0.001626328332349658,-0.005219159182161093,0.07113828361542601,0.001465559298999604,-0.007469064242197394,trajectory,STRAIGHT,3.5776419639587402,14.928846621585425,0.03794145956635475
624,99872.609,14.946234703063965,-0.00110421993304044,-0.9178545475006104,-6.721212422932151e-05,0.07924798130989075,0.0016266830498352647,-0.009043768979609013,0.053765222597626346,0.0011078336103604704,-0.007061462237378588,trajectory,STRAIGHT,3.578136682510376,14.94622336514544,0.03794145956635475
625,99872.781,14.963916778564453,-0.0007412703707814217,-0.9202050566673279,-6.723598087459123e-05,0.07747943699359894,0.0015902806771919131,-0.01134873740375042,0.03608317151394614,0.0007436964598904058,-0.006689212335557719,trajectory,STRAIGHT,3.58054780960083,14.96390916527802,0.03794145956635475
626,99873.031,14.979259490966797,-0.00042639978346414864,-0.9225883483886719,-6.733005574188136e-05,0.0721997395157814,0.0014818819472566247,-0.012173396535217762,0.020740480276670106,0.00042779624212590725,-0.006400853936482803,trajectory,STRAIGHT,3.5778629779815674,14.979255108297904,0.03794145956635475
627,99873.187,14.986642837524414,-0.00027488876366987824,-0.923885703086853,-6.738781888216871e-05,0.06826108694076538,0.0014010510640218854,-0.012197310104966164,0.013357143921103506,0.0002757888730907303,-0.006229412408922093,trajectory,STRAIGHT,3.5736210346221924,14.986640009235348,0.03794145956635475
628,99873.328,14.994513511657715,-0.00011332977737765759,-0.9253635406494141,-6.745173697585117e-05,0.06277400255203247,0.0012885784963145852,-0.012337234802544117,0.0,0.0,-0.006087354066551464,trajectory,STRAIGHT,3.5716710090637207,14.994512341303572,0.03794145956635475
629,99873.468,15.001680374145508,3.381613714736886e-05,-0.9268596172332764,-6.752093470484235e-05,0.056556303054094315,0.0011610586661845446,-0.012437257915735245,0.0,0.0,-0.005939650112171067,trajectory,STRAIGHT,3.5697708129882812,14.998319285628067,0.03794145956635475
630,99873.625,15.00790786743164,0.00016165112901944667,-0.9283196330070496,-6.754420272324447e-05,0.04982707276940346,0.001023176941089332,-0.012352768331766129,0.0,0.0,-0.005807709259300829,trajectory,STRAIGHT,3.568718433380127,14.992090480520037,0.03794145956635475
631,99873.875,15.013731956481934,0.00028126034885644913,-0.9298737049102783,-6.750219739564611e-05,0.04268517717719078,0.0008768327534198761,-0.012174440547823906,-0.01373193746495687,-0.00028218728545202913,-0.002532359510660172,trajectory,GOAL_DIRECT,3.5688412189483643,14.986265163408124,0.03794145956635475
632,99874.125,15.021743774414062,0.00044593686470761895,-0.9325405955314636,-6.74525564786407e-05,0.03171898424625397,0.0006516754510812461,-0.012280959635972977,-0.02174374428501554,-0.0004474035368637578,-0.002390493452548981,trajectory,GOAL_DIRECT,3.571157693862915,14.978251653270721,0.03794145956635475
633,99874.375,15.02743148803711,0.0005627709324471653,-0.9351869225502014,-6.744288270021428e-05,0.020968064665794373,0.0004309436772018671,-0.011736886575818062,-0.027431450019828774,-0.0005646209897958481,-0.0023017029464244844,trajectory,GOAL_DIRECT,3.5825753211975098,14.972562739804191,0.03794145956635475
634,99874.546,15.030696868896484,0.0006299469387158751,-0.9375429749488831,-6.740938722967387e-05,0.011172538623213768,0.00022990461729932576,-0.010970897041261196,-0.030696826362403604,-0.0006320161944052422,-0.0022451794892549516,trajectory,GOAL_DIRECT,3.5879592895507812,14.96929666804411,0.03794145956635475
635,99874.687,15.031598091125488,0.0006484832265414298,-0.9386352896690369,-6.739184966109141e-05,0.0065069072879850864,0.00013409329403657466,-0.010232827626168728,-0.03159804735125029,-0.0006506126788739286,-0.0022496093064546586,trajectory,GOAL_DIRECT,3.591599702835083,14.968395255209545,0.03794145956635475
636,99875.031,15.03206729888916,0.0006581931374967098,-0.9398905634880066,-6.736012047705134e-05,0.0010174852795898914,2.13782477658242e-05,-0.00972268357872963,-0.032067254480440295,-0.0006603531931183856,-0.0022276571393013,trajectory,GOAL_DIRECT,3.597532272338867,14.967925946993669,0.03794145956635475
637,99875.187,15.03082275390625,0.0006327892187982798,-0.9426435232162476,-6.727314900763742e-05,-0.009337135590612888,-0.00019122383673675358,-0.009574833326041698,-0.03082271126677972,-0.000634862761081177,-0.0021018371731042866,trajectory,GOAL_DIRECT,3.6050541400909424,14.969170751216407,0.03794145956635475
638,99875.406,15.029638290405273,0.000608536705840379,-0.9436506032943726,-6.724388901540974e-05,-0.012503722682595253,-0.0002562415902502835,-0.008769774809479713,-0.02963824941789043,-0.0006105296983736732,-0.0021158878505229952,trajectory,GOAL_DIRECT,3.6093993186950684,14.97035546298102,0.03794145956635475
639,99875.625,15.026632308959961,0.0005468640010803938,-0.9453558921813965,-6.720166735105656e-05,-0.017172103747725487,-0.0003521806502249092,-0.008243560791015625,-0.02663227214965167,-0.0005486537354117281,-0.002072720527648926,trajectory,GOAL_DIRECT,3.617945671081543,14.973362077018384,0.03794145956635475
640,99875.828,15.022833824157715,0.00046892312821000814,-0.9469806551933289,-6.717377085198134e-05,-0.02038593217730522,-0.00041827786481007934,-0.007725656032562256,-0.0228337926068634,-0.00047045696122253485,-0.002032914757728577,trajectory,GOAL_DIRECT,3.626008987426758,14.977161361367944,0.03794145956635475
641,99876.062,15.020698547363281,0.00042507785838097334,-0.9477517604827881,-6.716199085370569e-05,-0.021436719223856926,-0.00043987343087792397,-0.007259446661919355,-0.020698518767523225,-0.00042646801306991955,-0.0020316562429070475,trajectory,GOAL_DIRECT,3.629584789276123,14.979297088269142,0.03794145956635475
642,99876.234,15.01607608795166,0.00033014221116900444,-0.9492432475090027,-6.715188549792617e-05,-0.022393157705664635,-0.00045966653851792216,-0.00694525009021163,-0.01607606574574165,-0.00033122175004120995,-0.0019822176173329357,trajectory,GOAL_DIRECT,3.6377904415130615,14.983920522467782,0.03794145956635475
643,99876.5,15.0111722946167,0.00022966410324443132,-0.9507076144218445,-6.715079695112904e-05,-0.022061670199036598,-0.00045294564915820956,-0.0064695547334849834,-0.011172279169382446,-0.0002304143312133476,-0.0019470549002289774,trajectory,GOAL_DIRECT,3.64445424079895,14.988825345079036,0.03794145956635475
644,99876.75,15.006669998168945,0.0001371850084979087,-0.9520165324211121,-6.715577809540445e-05,-0.02064511552453041,-0.0004239381232764572,-0.00602225074544549,0.0,0.0,-0.0019173933193087581,trajectory,GOAL_DIRECT,3.645324468612671,14.993328591205728,0.03794145956635475
645,99876.984,15.004379272460938,9.014282113639638e-05,-0.9526923298835754,-6.71664081133216e-05,-0.019456271082162857,-0.0003994352009613067,-0.005712341982871294,0.0,0.0,-0.0019083961471915247,trajectory,GOAL_DIRECT,3.6453664302825928,14.995619799888667,0.03794145956635475
646,99877.218,15.000744819641113,1.5523000911343843e-05,-0.9538388252258301,-6.71795817738032e-05,-0.016020137816667557,-0.0003290286986157298,-0.00548426853492856,0.0,0.0,-0.0018693172559142114,trajectory,GOAL_DIRECT,3.644596576690674,14.999255018616779,0.03794145956635475
647,99877.39,14.997773170471191,-4.551152233034372e-05,-0.9549666047096252,-6.717041509088923e-05,-0.01234350260347128,-0.0002536835672799498,-0.005124374758452177,0.0,0.0,-0.0018417197838425637,trajectory,GOAL_DIRECT,3.6418557167053223,14.997772705441788,0.03794145956635475
648,99877.64,14.995572090148926,-9.076441347133368e-05,-0.9559658765792847,-6.715717344031113e-05,-0.009349174797534943,-0.00019222231640014797,-0.004720231518149376,0.0,0.0,-0.0018240876495838165,trajectory,GOAL_DIRECT,3.6449241638183594,14.995571159990698,0.03794145956635475
649,99877.89,14.993894577026367,-0.00012528186198323965,-0.9569099545478821,-6.714811299622506e-05,-0.006975694093853235,-0.00014344381634145975,-0.004412197973579168,0.0,0.0,-0.0018015264347195628,trajectory,GOAL_DIRECT,3.6491148471832275,14.993893291784284,0.03794145956635475
650,99878.031,14.993178367614746,-0.00014000209921505302,-0.9573916792869568,-6.714443902207692e-05,-0.005948392208665609,-0.00012231727305334061,-0.004189573228359222,0.0,0.0,-0.001795250177383423,trajectory,GOAL_DIRECT,3.6511802673339844,14.993176931116622,0.03794145956635475
651,99878.265,14.9925537109375,-0.00015285993868019432,-0.9578596949577332,-6.714187703492868e-05,-0.005045809783041477,-0.0001037485635606572,-0.004008824005723,0.0,0.0,-0.0017863093316555024,trajectory,GOAL_DIRECT,3.6531341075897217,14.992552142122518,0.03794145956635475
652,99878.421,14.991628646850586,-0.00017187058983836323,-0.9587006568908691,-6.713912466339553e-05,-0.0037045185454189777,-7.614942296640947e-05,-0.0038589127361774445,0.0,0.0,-0.0017562541365623474,trajectory,GOAL_DIRECT,3.6566638946533203,14.991626882715986,0.03794145956635475
653,99878.656,14.991230964660645,-0.0001800627214834094,-0.9591397643089294,-6.713817164341512e-05,-0.0031247383449226618,-6.422124715754762e-05,-0.0036240676417946815,0.0,0.0,-0.0017530863732099534,trajectory,GOAL_DIRECT,3.6582248210906982,14.99122911615819,0.03794145956635475
654,99878.906,14.990692138671875,-0.0001911080616991967,-0.959847092628479,-6.713837197000483e-05,-0.002341714221984148,-4.811711187358014e-05,-0.0034874440170824528,0.0,0.0,-0.0017286498472094537,trajectory,GOAL_DIRECT,3.6610310077667236,14.990690176972958,0.03794145956635475
655,99879.156,14.990276336669922,-0.00019959778001066297,-0.9605465531349182,-6.71400645058187e-05,-0.0017391372239217162,-3.572696368792094e-05,-0.003294206690043211,0.0,0.0,-0.0017091358080506328,trajectory,GOAL_DIRECT,3.6645169258117676,14.99027428831239,0.03794145956635475
656,99879.437,14.989962577819824,-0.00020613796368706971,-0.9612349271774292,-6.714282507727158e-05,-0.0012746021384373307,-2.6176141545874998e-05,-0.0030933129601180553,0.010037408316865408,0.00020681190410358225,-0.0016907886043190956,trajectory,GOAL_DIRECT,3.6664962768554688,14.989960461321198,0.03794145956635475
657,99879.906,14.989701271057129,-0.00021146994549781084,-0.9621562957763672,-6.715224040967713e-05,3.9511236536782235e-05,9.85388396657072e-07,-0.0028791259974241257,0.01029871471896982,0.0002121615277423731,-0.0016618551313877107,trajectory,GOAL_DIRECT,3.6690502166748047,14.989699100166657,0.03794145956635475
658,99880.171,14.99006462097168,-0.00020400197536218911,-0.9475092887878418,-6.714424713466749e-05,0.002010636730119586,4.1312021494377404e-05,0.08233878016471863,0.0,0.0,-0.009211637973785401,trajectory,GOAL_DIRECT,3.6652653217315674,14.990062526818031,0.03794145956635475
659,99880.453,14.99062442779541,-0.0001924828247865662,-0.9322496056556702,-6.713978889361147e-05,0.0032865109387785196,6.738615775248036e-05,0.062397200614213943,0.0,0.0,-0.008379295766353607,trajectory,GOAL_DIRECT,3.6373133659362793,14.99062245214348,0.03794145956635475
660,99880.687,14.991280555725098,-0.00017914616910275072,-0.9218079447746277,-6.713847100476338e-05,0.0032400840427726507,6.639410275965929e-05,0.04256550222635269,0.0,0.0,-0.010290057476887039,trajectory,STRAIGHT,3.609814167022705,14.991278715586965,0.03794145956635475
661,99880.859,14.991913795471191,-0.000166194440680556,-0.9146019220352173,-6.713710536830722e-05,0.0026600309647619724,5.4560161515837535e-05,0.024256672710180283,0.0,0.0,-0.009644191004251951,trajectory,STRAIGHT,3.5885732173919678,14.99191208776792,0.03794145956635475
662,99881.093,14.992183685302734,-0.0001606577861821279,-0.9124273657798767,-6.713589668258917e-05,0.0023380930069833994,4.799714224645868e-05,0.015337338671088219,0.0,0.0,-0.009355819899390109,trajectory,STRAIGHT,3.5804648399353027,14.992182034384129,0.03794145956635475
663,99881.265,14.992637634277344,-0.00015138844901230186,-0.9103047251701355,-6.713436412679698e-05,0.0017458597430959344,3.588975960155949e-05,0.004378251265734434,0.0,0.0,-0.008680719162185687,trajectory,STRAIGHT,3.5703377723693848,14.992636077981357,0.03794145956635475
664,99881.625,14.992965698242188,-0.00014453342009801418,-0.9102816581726074,-6.713301933550422e-05,0.001280305441468954,2.6295672796550207e-05,-0.003748464398086071,0.0,0.0,-0.008124949641855969,trajectory,STRAIGHT,3.5664167404174805,14.992964213538666,0.03794145956635475
665,99881.89,14.993206024169922,-0.00013957711053080857,-0.9068964719772339,-6.713011667453196e-05,0.0009454396204091609,1.937815613928251e-05,0.05478888377547264,0.0,0.0,-0.012978209777714887,trajectory,STRAIGHT,3.56618070602417,14.99320459056793,0.03794145956635475
666,99882.171,14.993383407592773,-0.0001359419256914407,-0.8958179354667664,-6.712837935002868e-05,0.0006900749285705388,1.408527805324411e-05,0.041567616164684296,0.0,0.0,-0.012623093446155545,trajectory,STRAIGHT,3.565690040588379,14.993382011235237,0.03794145956635475
667,99882.437,14.993524551391602,-0.00013326470798347145,-0.8887285590171814,-6.712864836440235e-05,0.0004999549710191786,1.0199226380791515e-05,0.019513240084052086,0.0,0.0,-0.011699718913241173,trajectory,STRAIGHT,3.544466018676758,14.993523180243175,0.03794145956635475
668,99882.609,14.993603706359863,-0.00013138563372194767,-0.886371374130249,-6.71289837241109e-05,0.00036508054472506046,7.382395779131912e-06,0.0015716326888650656,0.0,0.0,-0.010693574925460542,trajectory,STRAIGHT,3.5235965251922607,14.993602357112529,0.03794145956635475
669,99882.875,14.993668556213379,-0.00013011324335820973,-0.8873161673545837,-6.712800227901911e-05,0.00027129496447741985,5.184407655178802e-06,-0.00979943573474884,0.0,0.0,-0.009840164032759778,trajectory,STRAIGHT,3.519441604614258,14.99366721941962,0.03794145956635475
670,99883.234,14.993733406066895,-0.0001292057422688231,-0.8899821639060974,-6.71277841139229e-05,0.00020165210298728198,3.761568905247259e-06,-0.016032420098781586,0.0,0.0,-0.009166735475623971,trajectory,STRAIGHT,3.521409749984741,14.993732074215,0.03794145956635475
671,99883.5,14.993786811828613,-0.00012853220687247813,-0.8898360729217529,-6.712893095433696e-05,0.00014742939674761146,2.320455450899317e-06,0.04012775793671608,0.0,0.0,-0.013549778761718648,trajectory,STRAIGHT,3.526799440383911,14.993785482498113,0.03794145956635475
672,99883.781,14.993786811828613,-0.00012816530943382531,-0.8819108605384827,-6.712971817850122e-05,0.00010833988926606253,1.323330934610567e-06,0.029961585998535156,0.0,0.0,-0.013139161116462475,trajectory,STRAIGHT,3.527961015701294,14.99378549007567,0.03794145956635475
673,99884.0,14.993786811828613,-0.0001279253192478791,-0.8773409128189087,-6.712930319860429e-05,7.877372991060838e-05,8.652797305330751e-07,0.009528394788503647,0.0,0.0,-0.012081033756955073,trajectory,STRAIGHT,3.5124073028564453,14.99378549502049,0.03794145956635475
674,99884.296,14.993786811828613,-0.0001277863630093634,-0.8771481513977051,-6.712898280039242e-05,5.676282671629451e-05,3.6170126804790925e-07,-0.007530915085226297,0.0,0.0,-0.010926613322270951,trajectory,STRAIGHT,3.502591371536255,14.993785497879344,0.03794145956635475
675,99884.562,14.993786811828613,-0.0001277556730201468,-0.8797685503959656,-6.712930985306653e-05,4.181986878393218e-05,-6.392627938112128e-08,-0.0169493667781353,0.0,0.0,-0.010050582229464155,trajectory,STRAIGHT,3.5005412101745605,14.993785498510334,0.03794145956635475
676,99884.828,14.993786811828613,-0.00012781329860445112,-0.884099006652832,-6.713019000687135e-05,3.068722799071111e-05,-4.6742908921260096e-07,-0.022417165338993073,0.0,0.0,-0.00928156241270767,trajectory,STRAIGHT,3.504354953765869,14.99378549732542,0.03794145956635475
677,99885.078,14.993786811828613,-0.00012793052883353084,-0.888724684715271,-6.71300297098843e-05,2.3210292056319304e-05,-7.308118483706494e-07,-0.024341290816664696,0.0,0.0,-0.008706179299160247,trajectory,STRAIGHT,3.511751413345337,14.993785494913247,0.03794145956635475
678,99885.359,14.993786811828613,-0.0001280947617487982,-0.8939489126205444,-6.712906909833654e-05,1.7176616893266328e-05,-8.179547421605093e-07,-0.024941811338067055,0.0,0.0,-0.008193792616241778,trajectory,STRAIGHT,3.5211997032165527,14.993785491530213,0.03794145956635475
679,99885.625,14.993786811828613,-0.00012826842430513352,-0.8997386693954468,-6.712940374672033e-05,1.2381738088151906e-05,-7.057997208903544e-07,-0.024919554591178894,0.0,0.0,-0.007676666743947035,trajectory,STRAIGHT,3.531421422958374,14.99378548794822,0.03794145956635475
680,99885.875,14.993786811828613,-0.00012840397539548576,-0.9051031470298767,-6.712935283193729e-05,9.04584248928586e-06,-5.477398303810332e-07,-0.02341102436184883,0.0,0.0,-0.00727487187449148,trajectory,STRAIGHT,3.5470688343048096,14.993785485148948,0.03794145956635475
681,99886.093,14.993786811828613,-0.00012850271014031023,-0.9098232984542847,-6.712894539612237e-05,6.723952083120821e-06,-4.223707605888194e-07,-0.021758778020739555,0.0,0.0,-0.006935466461549745,trajectory,STRAIGHT,3.557202100753784,14.99378548310811,0.03794145956635475
682,99886.328,14.993786811828613,-0.00012858286208938807,-0.9144566655158997,-6.712890902752484e-05,4.8888819037529174e-06,-3.118637721399864e-07,-0.020149629563093185,0.0,0.0,-0.006625247602844326,trajectory,STRAIGHT,3.566642999649048,14.993785481450226,0.03794145956635475
683,99886.562,14.993786811828613,-0.00012861978029832244,-0.9170788526535034,-6.71289308591276e-05,4.033339791931212e-06,-2.477050600191433e-07,-0.018713803961873055,0.0,0.0,-0.006405532990717298,trajectory,STRAIGHT,3.5711069107055664,14.993785480686252,0.03794145956635475
684,99886.843,14.993786811828613,-0.00012866596807725728,-0.9212223291397095,-6.712966573954279e-05,2.9109560273354873e-06,-1.6950933456882922e-07,-0.017894398421049118,0.0,0.0,-0.006148759965651162,trajectory,STRAIGHT,3.5794341564178467,14.993785479730148,0.03794145956635475
685,99887.109,14.993786811828613,-0.0001286986080231145,-0.9251819252967834,-6.712966574355212e-05,2.099195171467727e-06,-1.3028270018367039e-07,-0.016748210415244102,0.0,0.0,-0.005860517121162916,trajectory,STRAIGHT,3.5870654582977295,14.993785479054281,0.03794145956635475
686,99887.39,14.993786811828613,-0.00012872480147052556,-0.9287561178207397,-6.713021871558136e-05,1.5245128679453046e-06,-1.0364543356899958e-07,-0.015204858034849167,0.0,0.0,-0.005631392593450081,trajectory,STRAIGHT,3.597963809967041,14.993785478511779,0.03794145956635475
687,99887.546,14.993786811828613,-0.00012874213280156255,-0.9318324327468872,-6.713072075732488e-05,1.1163226645294344e-06,-6.42601207800908e-08,-0.013889684341847897,0.0,0.0,-0.005425832400715602,trajectory,STRAIGHT,3.6046037673950195,14.99378547815276,0.03794145956635475
688,99887.781,14.993786811828613,-0.00012874773528892547,-0.9332063794136047,-6.713096814019036e-05,9.58434384301654e-07,-4.565949041079875e-08,-0.012742359191179276,0.0,0.0,-0.00531382670870945,trajectory,STRAIGHT,3.6076951026916504,14.993785478036695,0.03794145956635475
689,99887.937,14.993786811828613,-0.000128753439639695,-0.9358468055725098,-6.71318121517349e-05,7.105289796527359e-07,-8.481784163905104e-09,-0.012093178927898407,0.0,0.0,-0.005173403846868265,trajectory,STRAIGHT,3.613412857055664,14.993785477918514,0.03794145956635475
690,99888.187,14.993786811828613,-0.00012875332322437316,-0.9371976256370544,-6.713236512470337e-05,6.10441986736987e-07,1.046634245938094e-08,-0.011282720603048801,0.0,0.0,-0.005054746910840134,trajectory,STRAIGHT,3.6159679889678955,14.993785477920925,0.03794145956635475
691,99888.453,14.993786811828613,-0.00012874758976977319,-0.9395171403884888,-6.713338375894264e-05,4.60962553461286e-07,4.366900085983616e-08,-0.01074390858411789,0.0,0.0,-0.004922555749529211,trajectory,STRAIGHT,3.620917797088623,14.99378547803971,0.03794145956635475
692,99888.734,14.993786811828613,-0.0001287339982809499,-0.941899299621582,-6.71344751527537e-05,3.4795331771420024e-07,7.67705259363538e-08,-0.010024613700807095,0.0,0.0,-0.004759131395653323,trajectory,STRAIGHT,3.625452756881714,14.993785478321273,0.03794145956635475
693,99889.0,14.993786811828613,-0.00012871387298218906,-0.9440534114837646,-6.713553744264377e-05,2.5934488689927093e-07,1.0653528903503684e-07,-0.009243376553058624,0.0,0.0,-0.004609313799777875,trajectory,STRAIGHT,3.629826545715332,14.993785478738136,0.03794145956635475
694,99889.296,14.993786811828613,-0.0001286871120100841,-0.9460477232933044,-6.713661428444138e-05,1.8624621134222252e-07,1.3423812106339028e-07,-0.008436785079538822,0.0,0.0,-0.004479529104684625,trajectory,STRAIGHT,3.63391375541687,14.993785479292347,0.03794145956635475
695,99889.531,14.993786811828613,-0.00012865396274719387,-0.947895348072052,-6.713770567814614e-05,1.293361293619455e-07,1.5977977341208316e-07,-0.007725230883806944,0.0,0.0,-0.004356493294367776,trajectory,STRAIGHT,3.637688398361206,14.993785479978696,0.03794145956635475
696,99889.812,14.993786811828613,-0.0001286191982217133,-0.9494271278381348,-6.713869520843064e-05,9.268720901900451e-08,1.807300264999867e-07,-0.007079566363245249,0.0,0.0,-0.004250420226297723,trajectory,STRAIGHT,3.642791509628296,14.9937854806983,0.03794145956635475
697,99890.078,14.993786811828613,-0.00012857976253144443,-0.9508636593818665,-6.713969929062345e-05,7.003018964724106e-08,1.99843995574156e-07,-0.006593939382582903,0.0,0.0,-0.004150176694620839,trajectory,STRAIGHT,3.645854949951172,14.993785481514358,0.03794145956635475
698,99890.234,14.993786811828613,-0.00012853596126660705,-0.9522146582603455,-6.714071792472425e-05,6.200475866080524e-08,2.1702598473893886e-07,-0.006105086766183376,0.0,0.0,-0.00405865061084952,trajectory,STRAIGHT,3.6486878395080566,14.993785482420462,0.03794145956635475
699,99890.484,14.993786811828613,-0.0001285080361412838,-0.9529630541801453,-6.714132910518095e-05,6.442173372533944e-08,2.2626609563758393e-07,-0.005670988466590643,0.0,0.0,-0.003996630441075532,trajectory,STRAIGHT,3.6500232219696045,14.993785482997978,0.03794145956635475
700,99890.765,14.993786811828613,-0.0001284554455196485,-0.9542098045349121,-6.714242049884653e-05,8.223189951195309e-08,2.407774672974483e-07,-0.005380354356020689,0.0,0.0,-0.0039246783317377675,trajectory,STRAIGHT,3.652547836303711,14.993785484085262,0.03794145956635475
701,99891.015,14.993786811828613,-0.00012840211275033653,-0.9553523659706116,-6.714346823675698e-05,1.1560258172949034e-07,2.523048863167787e-07,-0.005028106272220612,0.0,0.0,-0.0038409798750745046,trajectory,STRAIGHT,3.6548359394073486,14.993785485187432,0.03794145956635475
702,99891.296,14.993786811828613,-0.00012834815424866974,-0.9563831686973572,-6.714448687076044e-05,1.3280175892305124e-07,2.6125712793145794e-07,-0.004664164036512375,0.0,0.0,-0.0037683802746813354,trajectory,STRAIGHT,3.657029867172241,14.99378548630207,0.03794145956635475
703,99891.562,14.993786811828613,-0.0001282877492485568,-0.957423985004425,-6.714561464419609e-05,1.0339003608805797e-07,2.684618891635182e-07,-0.00434490293264389,0.0,0.0,-0.003696613315797913,trajectory,STRAIGHT,3.6590819358825684,14.993785487549319,0.03794145956635475
704,99891.828,14.993786811828613,-0.00012823085126001388,-0.9583129286766052,-6.71471353193518e-05,8.725138656018316e-08,2.727777825839439e-07,-0.004017838276922703,0.0,0.0,-0.0036326245329350256,trajectory,STRAIGHT,3.661900758743286,14.993785488723619,0.03794145956635475
705,99892.093,14.993786811828613,-0.00012817492824979126,-0.9591130614280701,-6.714861961471235e-05,8.595712586156878e-08,2.748397491814103e-07,-0.0037431882228702307,0.0,0.0,-0.0035755525160354063,trajectory,STRAIGHT,3.6636252403259277,14.993785489877288,0.03794145956635475
706,99892.265,14.993786811828613,-0.000128113548271358,-0.9599277973175049,-6.715023487730209e-05,1.0070667855188731e-07,2.7469769747767714e-07,-0.0035121513064950705,0.0,0.0,-0.003518161365089223,trajectory,STRAIGHT,3.6652259826660156,14.993785491142953,0.03794145956635475
707,99892.406,14.993786811828613,-0.00012807894381694496,-0.9603599309921265,-6.715115164795721e-05,1.1656860010589298e-07,2.735107500484446e-07,-0.003286869265139103,0.0,0.0,-0.0034787986475685807,trajectory,STRAIGHT,3.665985107421875,14.993785491856237,0.03794145956635475
708,99892.546,14.993786811828613,-0.0001280471624340862,-0.9607366919517517,-6.715185013989734e-05,1.2903453239232476e-07,2.7169184591002704e-07,-0.003139338456094265,0.0,0.0,-0.00345278619482816,trajectory,STRAIGHT,3.666728973388672,14.993785492511158,0.03794145956635475
709,99892.781,14.993786811828613,-0.00012801538105122745,-0.9610981941223145,-6.715240311269527e-05,1.2265934401511913e-07,2.6918377216134104e-07,-0.0030234199948608875,0.0,0.0,-0.00342743935050886,trajectory,STRAIGHT,3.667440414428711,14.993785493165918,0.03794145956635475
710,99893.062,14.993786811828613,-0.00012795563088729978,-0.9617685675621033,-6.715294880951052e-05,1.0327488553230069e-07,2.6242048534186324e-07,-0.002913655713200569,0.0,0.0,-0.003386826688167675,trajectory,STRAIGHT,3.6687543392181396,14.993785494396452,0.03794145956635475
711,99893.234,14.993786811828613,-0.0001279005955439061,-0.9623780250549316,-6.715346540248723e-05,1.0086483115401279e-07,2.5366404088345007e-07,-0.002740918193012476,0.0,0.0,-0.003340733801200153,trajectory,STRAIGHT,3.6705896854400635,14.993785495529377,0.03794145956635475
712,99893.593,14.993786811828613,-0.00012784989667125046,-0.9629130363464355,-6.715396016758408e-05,1.1309139580362171e-07,2.4313106905538007e-07,-0.0025441318284720182,0.0,0.0,-0.003302962216069313,trajectory,STRAIGHT,3.6717567443847656,14.993785496572603,0.03794145956635475
713,99893.75,14.993786811828613,-0.000127800100017339,-0.9584742784500122,-6.715421482612374e-05,1.2780392921740713e-07,2.3060104581418273e-07,0.07484284043312073,0.0,0.0,-0.009692363218648532,trajectory,STRAIGHT,3.672825813293457,14.99378549759686,0.03794145956635475
714,99893.921,14.993786811828613,-0.0001277749688597396,-0.9498088359832764,-6.715421482614566e-05,1.2652441228055977e-07,2.2282267764239805e-07,0.07646598666906357,0.0,0.0,-0.010450412209189804,trajectory,STRAIGHT,3.673344850540161,14.993785498113628,0.03794145956635475
715,99894.265,14.993786811828613,-0.00012772677291650325,-0.934819221496582,-6.71542148262006e-05,1.0369170411195228e-07,2.0496966612881806e-07,0.05652858316898346,0.0,0.0,-0.009985437927883745,trajectory,STRAIGHT,3.6489264965057373,14.993785499104387,0.03794145956635475
716,99894.546,14.993786811828613,-0.00012768454325851053,-0.9226783514022827,-6.715421482617252e-05,6.809010955066697e-08,1.8570844417808985e-07,0.06942903250455856,0.0,0.0,-0.012282776558067802,trajectory,STRAIGHT,3.6208057403564453,14.99378549997219,0.03794145956635475
717,99894.828,14.993786811828613,-0.0001276433322345838,-0.9077660441398621,-6.715378554469932e-05,5.071510855714223e-08,1.615247953168364e-07,0.05013905093073845,0.0,0.0,-0.012018351815277066,trajectory,STRAIGHT,3.5988030433654785,14.993785500818785,0.03794145956635475
718,99895.078,14.993786811828613,-0.00012761064863298088,-0.8991082906723022,-6.715287604992645e-05,2.8819812314395676e-08,1.3657104602771142e-07,0.026249960064888,0.0,0.0,-0.011194976501497044,trajectory,STRAIGHT,3.5715043544769287,14.993785501490008,0.03794145956635475
719,99895.343,14.993786811828613,-0.00012758467346429825,-0.8953875303268433,-6.715235218101235e-05,1.7925849249422754e-08,1.1040759062552752e-07,0.008262974210083485,0.0,0.0,-0.010322255267349483,trajectory,STRAIGHT,3.544905185699463,14.993785502023336,0.03794145956635475
720,99895.625,14.993786811828613,-0.00012756416981574148,-0.894891083240509,-6.715185741575953e-05,2.8319465883441808e-08,8.166138343312923e-08,-0.003821368794888258,0.0,0.0,-0.009543724953764404,trajectory,STRAIGHT,3.5377750396728516,14.993785502444245,0.03794145956635475
721,99895.89,14.993786811828613,-0.00012754957424476743,-0.8966750502586365,-6.715185741588209e-05,4.0272741586022676e-08,4.931934682872452e-08,-0.011810039170086384,0.0,0.0,-0.008837234124003888,trajectory,STRAIGHT,3.536717414855957,14.99378550274383,0.03794145956635475
722,99896.062,14.993786811828613,-0.00012754244380630553,-0.8998973369598389,-6.715169734482436e-05,2.3860497577743445e-08,1.4539207171537782e-08,-0.016365934163331985,0.0,0.0,-0.008233306437260599,trajectory,STRAIGHT,3.5397346019744873,14.993785502890175,0.03794145956635475
723,99896.203,14.993786811828613,-0.00012754189083352685,-0.9019819498062134,-6.715142085833369e-05,2.59052992390707e-08,-5.771184419245401e-09,-0.016933003440499306,0.0,0.0,-0.007942205626408365,trajectory,STRAIGHT,3.542281150817871,14.993785502901524,0.03794145956635475
724,99896.453,14.993786811828613,-0.00012754404451698065,-0.9042038917541504,-6.71514208583678e-05,3.3109291308619504e-08,-2.7891546849900806e-08,-0.01744195818901062,0.0,0.0,-0.00769884773074555,trajectory,STRAIGHT,3.5453529357910156,14.993785502857323,0.03794145956635475
725,99896.718,14.993786811828613,-0.0001275540271308273,-0.9081443548202515,-6.715142085843008e-05,3.3618871242424575e-08,-6.626604687198778e-08,-0.01901240274310112,0.0,0.0,-0.007278613876481405,trajectory,STRAIGHT,3.55572247505188,14.993785502652434,0.03794145956635475
726,99896.906,14.993786811828613,-0.00012757148942910135,-0.9121127724647522,-6.71514208584967e-05,2.081417527222129e-08,-1.0513415560353678e-07,-0.018934065476059914,0.0,0.0,-0.006913417100928774,trajectory,STRAIGHT,3.563288450241089,14.993785502293992,0.03794145956635475
727,99897.14,14.993786811828613,-0.00012758631783071905,-0.9144729971885681,-6.715142085854126e-05,6.418574116651143e-09,-1.3016898492423934e-07,-0.01789221167564392,0.0,0.0,-0.0067044836869372135,trajectory,STRAIGHT,3.5672719478607178,14.993785501989576,0.03794145956635475
728,99897.765,14.993786811828613,-0.0001276130642509088,-0.9177002906799316,-6.715142085845389e-05,-1.3630335971015484e-08,-1.6700599303476338e-07,-0.017659112811088562,0.0,0.0,-0.006458119186667164,trajectory,STRAIGHT,3.5750811100006104,14.993785501440403,0.03794145956635475
729,99898.796,14.993786811828613,-0.00012769018940161914,-0.9034374356269836,-6.715119530375445e-05,-1.8458817807598393e-10,-1.1316858206100733e-07,0.06556008756160736,0.0,0.0,0.0,control_loop_hover,STRAIGHT,3.5819220542907715,14.99378549985618,0.03794145956635475
730,99900.453,14.993786811828613,-0.00012774099013768137,-0.8615837693214417,-6.715108616429352e-05,2.0570675829389984e-08,-9.346833529377818e-09,0.046340446919202805,0.0,0.0,0.0,control_loop_hover,STRAIGHT,3.4808998107910156,14.993785498812164,0.03794145956635475
731,99901.437,14.993786811828613,-0.0001277235132874921,-0.823698878288269,-6.715177738046844e-05,1.7419158382381283e-07,-1.1526650922633053e-07,0.017170323058962822,0.0,0.0,0.0,control_loop_hover,STRAIGHT,3.393929958343506,14.99378549917138,0.03794145956635475
732,99902.125,14.993786811828613,-0.0001278868003282696,-0.7938166856765747,-6.715216300585261e-05,5.54315526812843e-08,-1.8819247316059773e-07,-0.005549160297960043,0.0,0.0,0.0,control_loop_hover,STRAIGHT,3.3401923179626465,14.993785495813281,0.03794145956635475
733,99903.14,14.993786811828613,-0.00012794834037777036,-0.7811852693557739,-6.715255590778642e-05,2.9013081714879263e-08,-7.296635828879516e-08,-0.012742375954985619,0.0,0.0,0.0,control_loop_hover,STRAIGHT,3.327576160430908,14.993785494546557,0.03794145956635475
734,99903.515,14.993786811828613,-0.0001279748830711469,-0.7662956118583679,-6.71508387818138e-05,-7.716614847108616e-11,-2.6082689785766888e-08,-0.041641488671302795,0.0,0.0,0.0,control_loop_hover,STRAIGHT,3.283076524734497,14.993785494000022,0.03794145956635475
735,99903.671,14.993786811828613,-0.00012798720854334533,-0.7829461693763733,-6.714987107942962e-05,-2.2944970368143913e-08,-5.547956760665329e-08,-0.05704686790704727,0.0,0.0,-0.01655191842234287,trajectory,STRAIGHT,3.284942388534546,14.993785493746193,0.03794145956635475
736,99903.921,14.993786811828613,-0.00012799870455637574,-0.79798823595047,-6.714889610116476e-05,-1.1316815928807955e-08,-5.3128953680925406e-08,-0.07849907875061035,0.0,0.0,-0.013352439813735698,trajectory,STRAIGHT,3.3092172145843506,14.993785493509423,0.03794145956635475
737,99904.234,14.993786811828613,-0.00012800718832295388,-0.81318199634552,-6.714864144260165e-05,2.100885865274904e-08,-3.496768030686326e-08,-0.07413068413734436,0.0,0.0,-0.012281660785091086,trajectory,STRAIGHT,3.3355624675750732,14.993785493334679,0.03794145956635475
738,99904.5,14.993786811828613,-0.0001280144788324833,-0.8285902142524719,-6.714864144263161e-05,1.9860006972294286e-08,-4.1985419585444106e-08,-0.06999839842319489,0.0,0.0,-0.011174608633358788,trajectory,STRAIGHT,3.3671884536743164,14.993785493184504,0.03794145956635475
739,99904.718,14.993786811828613,-0.00012802670244127512,-0.8431321382522583,-6.714878696180581e-05,-6.580431755054406e-10,-7.837633830831692e-08,-0.06262585520744324,0.0,0.0,-0.01036067401485095,trajectory,STRAIGHT,3.3982160091400146,14.993785492932695,0.03794145956635475
740,99904.937,14.993786811828613,-0.00012804355355910957,-0.8541573286056519,-6.714923079517836e-05,-1.4744328424853848e-08,-1.0147387285996956e-07,-0.053689077496528625,0.0,0.0,-0.009885757572215662,trajectory,STRAIGHT,3.4270849227905273,14.993785492585516,0.03794145956635475
741,99905.171,14.993786811828613,-0.0001280625001527369,-0.8638167977333069,-6.714968190448316e-05,-3.231390621749597e-08,-9.993155458687397e-08,-0.047457464039325714,0.0,0.0,-0.009417149123171036,trajectory,STRAIGHT,3.4523768424987793,14.993785492195112,0.03794145956635475
742,99905.406,14.993786811828613,-0.00012807967141270638,-0.8728764653205872,-6.714982742359061e-05,-5.4743715338645416e-08,-7.401460067057997e-08,-0.042853981256484985,0.0,0.0,-0.00890825505725966,trajectory,STRAIGHT,3.4737770557403564,14.99378549184124,0.03794145956635475
743,99905.64,14.993786811828613,-0.00012809339386876673,-0.881470799446106,-6.714990745918938e-05,-7.626871934007795e-08,-6.304811250856801e-08,-0.03823250159621239,0.0,0.0,-0.008450407309473058,trajectory,STRAIGHT,3.49275279045105,14.993785491558409,0.03794145956635475
744,99905.875,14.993786811828613,-0.00012810465705115348,-0.8889676928520203,-6.71503949482852e-05,-9.92799300547631e-08,-4.5489922939623284e-08,-0.034273672848939896,0.0,0.0,-0.00801485434118558,trajectory,STRAIGHT,3.5097126960754395,14.993785491326241,0.03794145956635475
745,99906.109,14.993786811828613,-0.00012811079795937985,-0.8955978155136108,-6.715015484172524e-05,-1.210733273637743e-07,-1.7804294927259434e-08,-0.030917232856154442,0.0,0.0,-0.0076226422057440076,trajectory,STRAIGHT,3.524935483932495,14.99378549119965,0.03794145956635475
746,99906.343,14.993786811828613,-0.00012811247142963111,-0.9019140005111694,-6.714964552473583e-05,-1.3021396227941295e-07,-5.851487072661143e-10,-0.027899431064724922,0.0,0.0,-0.007257099571329196,trajectory,STRAIGHT,3.5385658740997314,14.993785491165152,0.03794145956635475
747,99906.593,14.993786811828613,-0.00012811193300876766,-0.9071507453918457,-6.714917986344569e-05,-1.2540246530079457e-07,3.1592928273482812e-09,-0.025225836783647537,0.0,0.0,-0.00693177871042226,trajectory,STRAIGHT,3.550828456878662,14.993785491176252,0.03794145956635475
748,99906.828,14.993786811828613,-0.00012811187480110675,-0.9118384122848511,-6.714872147807337e-05,-1.0837331387847371e-07,-4.353275517843258e-09,-0.023211484774947166,0.0,0.0,-0.006628575278327127,trajectory,STRAIGHT,3.561906099319458,14.993785491177452,0.03794145956635475
749,99907.031,14.993786811828613,-0.000128114057588391,-0.915929913520813,-6.714828492053918e-05,-8.081610047838694e-08,-2.1839676733748092e-08,-0.02138964831829071,0.0,0.0,-0.006363891287910462,trajectory,STRAIGHT,3.5670340061187744,14.993785491132453,0.03794145956635475
750,99907.265,14.993786811828613,-0.00012812048953492194,-0.9196951389312744,-6.714784108700934e-05,-4.146572152308181e-08,-4.9946109470511146e-08,-0.019269101321697235,0.0,0.0,-0.00616559815935227,trajectory,STRAIGHT,3.576606273651123,14.993785490999853,0.03794145956635475
751,99907.5,14.993786811828613,-0.00012813406647183,-0.9233736991882324,-6.714736814960072e-05,1.3066081550050512e-08,-9.13742184138755e-08,-0.017787957563996315,0.0,0.0,-0.00593481422019219,trajectory,STRAIGHT,3.5852246284484863,14.993785490719931,0.03794145956635475
752,99907.734,14.993786811828613,-0.00012815726222470403,-0.9267874360084534,-6.714725901031528e-05,8.145319441155152e-08,-1.4149897253901145e-07,-0.016191819682717323,0.0,0.0,-0.005730276826648711,trajectory,STRAIGHT,3.592996835708618,14.993785490241626,0.03794145956635475
753,99907.968,14.993786811828613,-0.00012818543473258615,-0.9297974109649658,-6.71477173960777e-05,1.332980019697061e-07,-1.4916264490238973e-07,-0.015005026943981647,0.0,0.0,-0.005524809464006186,trajectory,STRAIGHT,3.6000888347625732,14.993785489660581,0.03794145956635475
754,99908.203,14.993786811828613,-0.00012821258860640228,-0.9327618479728699,-6.714777560379386e-05,1.6891648613182042e-07,-1.1294998358835073e-07,-0.013696311973035336,0.0,0.0,-0.005349103717216006,trajectory,STRAIGHT,3.606595039367676,14.993785489100425,0.03794145956635475
755,99908.453,14.993786811828613,-0.00012823185534216464,-0.9354879856109619,-6.714790657090066e-05,1.902873378867298e-07,-7.603706819736544e-08,-0.012581609189510345,0.0,0.0,-0.005171791733341235,trajectory,STRAIGHT,3.6125240325927734,14.9937854887029,0.03794145956635475
756,99908.671,14.993786811828613,-0.0001282436423934996,-0.9378156661987305,-6.714790657082716e-05,1.8702219506394613e-07,-5.1189189775868726e-08,-0.011611556634306908,0.0,0.0,-0.0050132953456744995,trajectory,STRAIGHT,3.617976188659668,14.993785488459672,0.03794145956635475
757,99908.89,14.993786811828613,-0.00012825224257539958,-0.9399661421775818,-6.714790657085865e-05,1.609143822633996e-07,-4.2113342146876676e-08,-0.010794361121952534,0.0,0.0,-0.004868928607438457,trajectory,STRAIGHT,3.622979164123535,14.99378548828219,0.03794145956635475
758,99909.046,14.993786811828613,-0.00012826082820538431,-0.9419806599617004,-6.714814667753416e-05,1.187483391618116e-07,-4.9045446814943716e-08,-0.00993582047522068,0.0,0.0,-0.004742449214926826,trajectory,STRAIGHT,3.6253280639648438,14.993785488104999,0.03794145956635475
759,99909.25,14.993786811828613,-0.00012826612510252744,-0.9429430365562439,-6.714838678411708e-05,1.0649670656448507e-07,-5.897985744240941e-08,-0.00930173322558403,0.0,0.0,-0.0046565911258906354,trajectory,STRAIGHT,3.6275758743286133,14.993785487995675,0.03794145956635475
760,99909.468,14.993786811828613,-0.00012827967293560505,-0.9446210265159607,-6.714844499186213e-05,9.032286385490806e-08,-8.935973738743996e-08,-0.008771618828177452,0.0,0.0,-0.004572838636984265,trajectory,STRAIGHT,3.631791353225708,14.993785487716035,0.03794145956635475
761,99909.687,14.993786811828613,-0.00012829856132157147,-0.9461299180984497,-6.714860506291832e-05,6.501586824469996e-08,-1.266789553255876e-07,-0.008310875855386257,0.0,0.0,-0.004460565657106481,trajectory,STRAIGHT,3.635554790496826,14.993785487326113,0.03794145956635475
762,99909.843,14.993786811828613,-0.0001283256569877267,-0.9477084279060364,-6.71490780000655e-05,3.661240555175027e-08,-1.466247141479471e-07,-0.007728272117674351,0.0,0.0,-0.00436198647250856,trajectory,STRAIGHT,3.6391098499298096,14.993785486766665,0.03794145956635475
763,99909.968,14.993786811828613,-0.00012834049994125962,-0.9484797120094299,-6.714932538256238e-05,2.0328540628611336e-08,-1.4596889741369523e-07,-0.007252417970448732,0.0,0.0,-0.004292171366770238,trajectory,STRAIGHT,3.6407907009124756,14.99378548646015,0.03794145956635475
764,99910.187,14.993786811828613,-0.000128355051856488,-0.9492015838623047,-6.714957276505175e-05,3.060998565729278e-09,-1.376962472932064e-07,-0.006888970732688904,0.0,0.0,-0.004251283112994521,trajectory,STRAIGHT,3.642416477203369,14.99378548615961,0.03794145956635475
765,99910.343,14.993786811828613,-0.00012837970280088484,-0.9505845904350281,-6.715003842644477e-05,-1.673914162836354e-08,-1.0152147922326549e-07,-0.006629905663430691,0.0,0.0,-0.004171157456615334,trajectory,STRAIGHT,3.6454033851623535,14.993785485650418,0.03794145956635475
766,99910.578,14.993786811828613,-0.00012839054397772998,-0.9513436555862427,-6.715060595112023e-05,-1.8288938363753005e-08,-8.481882218802639e-08,-0.006231960374861956,0.0,0.0,-0.004104305987297417,trajectory,STRAIGHT,3.6467976570129395,14.993785485426452,0.03794145956635475
767,99910.75,14.993786811828613,-0.00012840739509556442,-0.9526812434196472,-6.715144268627531e-05,-3.4474187060595796e-08,-7.46001873608293e-08,-0.0059410943649709225,0.0,0.0,-0.00402736202360963,trajectory,STRAIGHT,3.6494998931884766,14.993785485078288,0.03794145956635475
768,99910.906,14.993786811828613,-0.00012841736315749586,-0.9534276723861694,-6.715175555241837e-05,-3.2573222341625296e-08,-8.142384899656463e-08,-0.005536837037652731,0.0,0.0,-0.003963641861046442,trajectory,STRAIGHT,3.650761365890503,14.993785484872316,0.03794145956635475
769,99911.171,14.993786811828613,-0.00012842834985349327,-0.954109787940979,-6.715151544578856e-05,-1.789644876737384e-08,-9.236964615411125e-08,-0.005262192338705063,0.0,0.0,-0.003918728716251636,trajectory,STRAIGHT,3.652005434036255,14.993785484645276,0.03794145956635475
770,99911.765,14.993786811828613,-0.000128449042676948,-0.9552002549171448,-6.715100612877245e-05,2.7012870162934632e-08,-1.0332646382948951e-07,-0.005057244561612606,0.0,0.0,-0.003850646528319496,trajectory,STRAIGHT,3.654351234436035,14.993785484217605,0.03794145956635475
771,99912.453,14.993786811828613,-0.00012849533231928945,-0.9395686388015747,-6.714992201114457e-05,1.4604275122565014e-07,-9.591593652658048e-08,0.07980868220329285,0.0,0.0,0.0,control_loop_hover,STRAIGHT,3.658811569213867,14.993785483260664,0.03794145956635475
772,99913.453,14.993786811828613,-0.00012853305088356137,-0.8996053338050842,-6.714855413106668e-05,1.0497524272068404e-07,-2.5166249528751905e-08,0.06998974084854126,0.0,0.0,0.0,control_loop_hover,STRAIGHT,3.568122625350952,14.993785482480657,0.03794145956635475
773,99914.125,14.993786811828613,-0.0001285309554077685,-0.8571592569351196,-6.714664783014787e-05,3.3279832223342964e-08,3.245299140530733e-08,0.044322360306978226,0.0,0.0,0.0,control_loop_hover,STRAIGHT,3.4761273860931396,14.993785482523997,0.03794145956635475
774,99915.187,14.993786811828613,-0.00012850355415139347,-0.8271594643592834,-6.714533815777741e-05,-4.2580303727390856e-08,6.678960318140525e-08,0.027009272947907448,0.0,0.0,0.0,control_loop_hover,STRAIGHT,3.4205820560455322,14.993785483090658,0.03794145956635475
775,99916.812,14.993786811828613,-0.0001284320605918765,-0.7965739369392395,-6.714510532718562e-05,9.109347587354932e-08,9.104766718337487e-08,-0.006572527810931206,0.0,0.0,0.0,control_loop_hover,STRAIGHT,3.3476192951202393,14.993785484568589,0.03794145956635475
776,99917.796,14.993786811828613,-0.0001283267338294536,-0.7733162045478821,-6.714698980017987e-05,7.651226496818708e-08,5.571578043372938e-08,-0.03765474632382393,0.0,0.0,0.0,control_loop_hover,STRAIGHT,3.2881786823272705,14.993785486744429,0.03794145956635475
777,99918.468,14.993786811828613,-0.00012830531341023743,-0.7582094669342041,-6.7148408611967e-05,8.496041914440866e-08,-8.702846443497947e-09,-0.05550159513950348,0.0,0.0,0.0,control_loop_hover,STRAIGHT,3.266801357269287,14.993785487186713,0.03794145956635475
778,99919.14,14.993786811828613,-0.00012832434731535614,-0.7580337524414062,-6.714927445097614e-05,3.826923133942728e-08,-6.782683925621313e-08,-0.04387675225734711,0.0,0.0,0.0,control_loop_hover,STRAIGHT,3.286497116088867,14.993785486793708,0.03794145956635475
779,99919.812,14.993786811828613,-0.00012837292160838842,-0.7630488872528076,-6.715046043197126e-05,-8.713809229732306e-09,-8.581103827509651e-08,-0.03930221498012543,0.0,0.0,0.0,control_loop_hover,STRAIGHT,3.300999164581299,14.993785485790502,0.03794145956635475
780,99920.484,14.993786811828613,-0.0001284076424781233,-0.7677051424980164,-6.715046770797714e-05,-3.538905346545107e-08,-6.098302662849164e-08,-0.027765877544879913,0.0,0.0,0.0,control_loop_hover,STRAIGHT,3.3140223026275635,14.993785485073177,0.03794145956635475
781,99921.234,14.993786811828613,-0.0001284564204979688,-0.7714396715164185,-6.71490197924668e-05,-9.99023228587248e-08,-1.2298241358621453e-07,-0.03806963190436363,0.0,0.0,0.0,control_loop_hover,STRAIGHT,3.308854341506958,14.993785484065109,0.03794145956635475
782,99922.828,14.993786811828613,-0.00012854169472120702,-0.7693544626235962,-6.714701162812735e-05,-1.3680730148735165e-07,-1.0362187197188177e-07,-0.03596371039748192,0.0,0.0,0.0,control_loop_hover,STRAIGHT,3.3010947704315186,14.993785482301872,0.03794145956635475
783,99923.5,14.993786811828613,-0.00012856036482844502,-0.7577161192893982,-6.714688793640951e-05,1.3142249599695788e-07,-1.0580285980665849e-08,-0.056533485651016235,0.0,0.0,0.0,control_loop_hover,STRAIGHT,3.2572720050811768,14.99378548191567,0.03794145956635475
784,99923.656,14.993786811828613,-0.00012860551942139864,-0.7599281668663025,-6.714682972920541e-05,1.37384404297336e-07,-1.4135007120330556e-07,-0.0592031329870224,0.0,0.0,0.0,control_loop_hover,STRAIGHT,3.294682741165161,14.993785480981389,0.03794145956635475
785,99923.875,14.993786811828613,-0.00012863415759056807,-0.7779613733291626,-6.71468297291341e-05,1.1033964852913414e-07,-1.5311530887629488e-07,-0.10836399346590042,0.0,0.0,-0.01297541038870002,trajectory,STRAIGHT,3.2640674114227295,14.993785480388674,0.03794145956635475
786,99924.015,14.993786811828613,-0.00012865147436968982,-0.790276825428009,-6.714682972906953e-05,9.125227506956435e-08,-1.4940428627596702e-07,-0.1010286882519722,0.0,0.0,-0.012154545658607378,trajectory,STRAIGHT,3.274049758911133,14.99378548003021,0.03794145956635475
787,99924.234,14.993786811828613,-0.00012866753968410194,-0.8010672330856323,-6.714682972899079e-05,7.018889647270043e-08,-1.383356647011169e-07,-0.09127509593963623,0.0,0.0,-0.011854487585448235,trajectory,STRAIGHT,3.293971300125122,14.993785479697609,0.03794145956635475
788,99924.468,14.993786811828613,-0.00012869181227870286,-0.8190577030181885,-6.714652413879458e-05,3.413718374645214e-08,-1.0020452378967093e-07,-0.08543168008327484,0.0,0.0,-0.010948583617593703,trajectory,STRAIGHT,3.337141752243042,14.993785479195013,0.03794145956635475
789,99924.718,14.993786811828613,-0.0001287070190301165,-0.8351432681083679,-6.714605847767603e-05,2.8110871852504715e-08,-5.878183273466675e-08,-0.07487725466489792,0.0,0.0,-0.010198619601244654,trajectory,STRAIGHT,3.374727249145508,14.99378547888009,0.03794145956635475
790,99924.953,14.993786811828613,-0.00012871442595496774,-0.8486986756324768,-6.714560009249776e-05,5.003799685709964e-08,-1.9833660047652302e-08,-0.06360755860805511,0.0,0.0,-0.009716037772455915,trajectory,STRAIGHT,3.4098727703094482,14.993785478726682,0.03794145956635475
791,99925.203,14.993786811828613,-0.00012871470244135708,-0.8607193827629089,-6.714599299402794e-05,8.187841871176715e-08,1.2562265006010875e-08,-0.05423877388238907,0.0,0.0,-0.009269228282053624,trajectory,STRAIGHT,3.4401142597198486,14.993785478720957,0.03794145956635475
792,99925.343,14.993786811828613,-0.00012871182116214186,-0.8711410164833069,-6.714653141487381e-05,8.628558134660125e-08,1.2206577082451986e-08,-0.047405846416950226,0.0,0.0,-0.008766899251740817,trajectory,STRAIGHT,3.465475559234619,14.993785478780632,0.03794145956635475
793,99925.562,14.993786811828613,-0.000128710555145517,-0.8789722323417664,-6.714697524832055e-05,7.914896826832774e-08,4.918744300752564e-10,-0.0393657423555851,0.0,0.0,-0.008560887511783254,trajectory,STRAIGHT,3.4872689247131348,14.993785478806853,0.03794145956635475
794,99925.687,14.993786811828613,-0.00012871103535871953,-0.8828966617584229,-6.714722263091212e-05,7.064279117230399e-08,-1.055108089786927e-08,-0.03604654222726822,0.0,0.0,-0.008286299296199244,trajectory,STRAIGHT,3.4967403411865234,14.993785478796907,0.03794145956635475
795,99926.0,14.993786811828613,-0.00012871595390606672,-0.8896577954292297,-6.714770284420818e-05,4.4815092081762486e-08,-4.127666741737812e-08,-0.033649757504463196,0.0,0.0,-0.007967646623087668,trajectory,STRAIGHT,3.5127930641174316,14.993785478695036,0.03794145956635475
796,99926.218,14.993786811828613,-0.00012872670777142048,-0.8957479596138,-6.714820488524186e-05,1.8567444470818373e-08,-7.978452032375571e-08,-0.03178449347615242,0.0,0.0,-0.0075154487449455186,trajectory,STRAIGHT,3.5267205238342285,14.993785478472292,0.03794145956635475
797,99926.359,14.993786811828613,-0.00012874645472038537,-0.9016108512878418,-6.71490343444007e-05,4.465026126609928e-09,-1.303843220057388e-07,-0.028939053416252136,0.0,0.0,-0.007182493763790368,trajectory,STRAIGHT,3.5337209701538086,14.993785478063225,0.03794145956635475
798,99926.5,14.993786811828613,-0.0001287613995373249,-0.904548704624176,-6.714958004117722e-05,-2.7682793835026587e-09,-1.5307288947497e-07,-0.02612083964049816,0.0,0.0,-0.007003593121387251,trajectory,STRAIGHT,3.5403921604156494,14.993785477753594,0.03794145956635475
799,99926.703,14.993786811828613,-0.00012877825065515935,-0.9071863889694214,-6.715075147032164e-05,-6.334372582017522e-09,-1.6628158050480124e-07,-0.024068327620625496,0.0,0.0,-0.006906895945723279,trajectory,STRAIGHT,3.5468242168426514,14.993785477404426,0.03794145956635475
800,99926.937,14.993786811828613,-0.0001288092025788501,-0.911524772644043,-6.715341447078926e-05,-8.884236457618044e-09,-1.6661438451137656e-07,-0.023084767162799835,0.0,0.0,-0.006652829404794386,trajectory,STRAIGHT,3.5582566261291504,14.993785476762959,0.03794145956635475
801,99927.171,14.993786811828613,-0.0001288387575186789,-0.915931224822998,-6.715620843854537e-05,-8.576683363514803e-09,-1.3647982655129454e-07,-0.02173156477510929,0.0,0.0,-0.0063502456872512976,trajectory,STRAIGHT,3.5681018829345703,14.993785476150299,0.03794145956635475
802,99927.64,14.993786811828613,-0.00012886094918940216,-0.9200529456138611,-6.715852946919398e-05,7.491702369577524e-09,-9.155174751640516e-08,-0.019751304760575294,0.0,0.0,-0.006109073965129376,trajectory,STRAIGHT,3.5775463581085205,14.993785475690185,0.03794145956635475
803,99927.828,14.993786811828613,-0.00012888526543974876,-0.912921667098999,-6.71622256554763e-05,4.382523499657509e-08,-4.6737028469578945e-08,0.06848808377981186,0.0,0.0,-0.013343786284226729,trajectory,STRAIGHT,3.594312906265259,14.993785475185929,0.03794145956635475
804,99928.062,14.993786811828613,-0.00012889281788375229,-0.9030181765556335,-6.716385547001631e-05,3.077287047403843e-08,-4.6919240048737265e-08,0.04881436750292778,0.0,0.0,-0.01257822897069716,trajectory,STRAIGHT,3.5871689319610596,14.993785475029291,0.03794145956635475
805,99928.296,14.993786811828613,-0.00012890326615888625,-0.8953495025634766,-6.716621288023333e-05,2.1985570697324874e-08,-6.29412966191012e-08,0.028178704902529716,0.0,0.0,-0.011745715013332216,trajectory,STRAIGHT,3.55932879447937,14.99378547481258,0.03794145956635475
806,99928.531,14.993786811828613,-0.00012891874939668924,-0.8913737535476685,-6.716837383952972e-05,4.744154225022612e-08,-9.605699347048358e-08,0.010812059044837952,0.0,0.0,-0.01089193563009906,trajectory,STRAIGHT,3.5408666133880615,14.993785474491403,0.03794145956635475
807,99928.671,14.993786811828613,-0.00012893803068436682,-0.8904830813407898,-6.716880312117504e-05,5.7637045358660544e-08,-1.0027123664713145e-07,-0.0016499266494065523,0.0,0.0,-0.010114102819143794,trajectory,STRAIGHT,3.530906915664673,14.993785474091387,0.03794145956635475
808,99928.984,14.993786811828613,-0.0001289556676056236,-0.89166659116745,-6.716926150651552e-05,5.749822662437509e-08,-8.501849890762969e-08,-0.010204802267253399,0.0,0.0,-0.009409650569511577,trajectory,STRAIGHT,3.5279245376586914,14.993785473725435,0.03794145956635475
809,99929.156,14.993786811828613,-0.00012896968109998852,-0.894133448600769,-6.716971989186568e-05,6.178925815447656e-08,-6.225506155033145e-08,-0.015294941142201424,0.0,0.0,-0.008827123522959977,trajectory,STRAIGHT,3.5300350189208984,14.99378547343463,0.03794145956635475
810,99929.453,14.993786811828613,-0.00012897851411253214,-0.8972122669219971,-6.717016372530917e-05,7.0154413833734e-08,-3.306733376007287e-08,-0.017935771495103836,0.0,0.0,-0.008353585737661498,trajectory,STRAIGHT,3.5352671146392822,14.993785473251311,0.03794145956635475
811,99929.671,14.993786811828613,-0.00012898180284537375,-0.9010133147239685,-6.716949433721211e-05,8.623165825838441e-08,-3.5620986160722623e-09,-0.01999327912926674,0.0,0.0,-0.007863728431138112,trajectory,STRAIGHT,3.538614273071289,14.993785473183054,0.03794145956635475
812,99929.89,14.993786811828613,-0.00012898132263217121,-0.9049136638641357,-6.716857756648177e-05,1.1402755006884036e-07,4.863816016609235e-09,-0.020343609154224396,0.0,0.0,-0.0074737640281622815,trajectory,STRAIGHT,3.546128034591675,14.993785473193022,0.03794145956635475
813,99930.14,14.993786811828613,-0.00012898124987259507,-0.9089858531951904,-6.716802459371108e-05,1.371376043834971e-07,-8.234595227918362e-09,-0.020017987117171288,0.0,0.0,-0.007124923026870733,trajectory,STRAIGHT,3.5544846057891846,14.993785473194531,0.03794145956635475
814,99930.359,14.993786811828613,-0.00012898541172035038,-0.9126872420310974,-6.716758076047033e-05,1.1971077640282601e-07,-4.0279406476884105e-08,-0.019458716735243797,0.0,0.0,-0.0068057676676204415,trajectory,STRAIGHT,3.5629210472106934,14.993785473108153,0.03794145956635475
815,99930.578,14.993786811828613,-0.00012899775174446404,-0.9163480997085571,-6.716716603083947e-05,9.816967150300115e-08,-9.329546202252459e-08,-0.018583931028842926,0.0,0.0,-0.006530163555016271,trajectory,STRAIGHT,3.5711989402770996,14.993785472852018,0.03794145956635475
816,99930.812,14.993786811828613,-0.00012902019079774618,-0.9198307394981384,-6.71671660307246e-05,8.922637562136515e-08,-1.395780913071576e-07,-0.017585188150405884,0.0,0.0,-0.0062751668100514595,trajectory,STRAIGHT,3.5791373252868652,14.993785472386199,0.03794145956635475
817,99931.031,14.993786811828613,-0.0001290508225793019,-0.923309862613678,-6.716716603070446e-05,9.31052852592984e-08,-1.6011112791147752e-07,-0.016485225409269333,0.0,0.0,-0.006036269810529371,trajectory,STRAIGHT,3.5866618156433105,14.993785471750176,0.03794145956635475
818,99931.265,14.993786811828613,-0.0001290803193114698,-0.9263452887535095,-6.71671660307795e-05,1.0898918390012113e-07,-1.5277146303560585e-07,-0.015475375577807426,0.0,0.0,-0.005812503059473759,trajectory,STRAIGHT,3.5937187671661377,14.993785471137576,0.03794145956635475
819,99931.5,14.993786811828613,-0.0001291075168410316,-0.9293583631515503,-6.716704233944021e-05,1.299274856592092e-07,-1.1836961277822411e-07,-0.014466407708823681,0.0,0.0,-0.005609268002844605,trajectory,STRAIGHT,3.6003384590148926,14.993785470572604,0.03794145956635475
820,99931.656,14.993786811828613,-0.00012912627425976098,-0.9320054054260254,-6.716721696233764e-05,1.1396404175911812e-07,-8.416979113690104e-08,-0.01348115224391222,0.0,0.0,-0.005423419122282621,trajectory,STRAIGHT,3.6034884452819824,14.993785470182889,0.03794145956635475
821,99931.968,14.993786811828613,-0.00012914098624605685,-0.9346468448638916,-6.716817011284524e-05,1.0044289666666373e-07,-5.919862289260891e-08,-0.012312976643443108,0.0,0.0,-0.0052685580572224035,trajectory,STRAIGHT,3.609440565109253,14.993785469877183,0.03794145956635475
822,99932.14,14.993786811828613,-0.0001291504013352096,-0.9369155764579773,-6.716907233161344e-05,9.745509288450194e-08,-4.3128864035679726e-08,-0.011598107405006886,0.0,0.0,-0.005096313920317057,trajectory,STRAIGHT,3.6148178577423096,14.993785469681526,0.03794145956635475
823,99932.359,14.993786811828613,-0.00012915740080643445,-0.9389936327934265,-6.71699745503665e-05,1.0251463322674681e-07,-3.331732045808167e-08,-0.010690729133784771,0.0,0.0,-0.00496537149170793,trajectory,STRAIGHT,3.619847059249878,14.993785469536059,0.03794145956635475
824,99932.578,14.993786811828613,-0.00012916309060528874,-0.9409214854240417,-6.717087676910443e-05,1.1562158874767192e-07,-2.976116064701273e-08,-0.009977634996175766,0.0,0.0,-0.004834769897717093,trajectory,STRAIGHT,3.6244735717773438,14.993785469417805,0.03794145956635475
825,99932.703,14.993786811828613,-0.00012916597188450396,-0.9418980479240417,-6.717135698229747e-05,1.2587815945153125e-07,-3.0419410990134566e-08,-0.00951419398188591,0.0,0.0,-0.004738356658473772,trajectory,STRAIGHT,3.626654624938965,14.99378546935792,0.03794145956635475
826,99932.828,14.993786811828613,-0.0001291692751692608,-0.9428730607032776,-6.717187357527692e-05,1.3907705920246372e-07,-3.305447293655561e-08,-0.009041167795658112,0.0,0.0,-0.004684563006878278,trajectory,STRAIGHT,3.6287238597869873,14.993785469289262,0.03794145956635475
827,99933.031,14.993786811828613,-0.00012917272397316992,-0.9437553882598877,-6.717235378848677e-05,1.4807596926402766e-07,-3.736509412988198e-08,-0.008717380464076996,0.0,0.0,-0.004623532563022504,trajectory,STRAIGHT,3.630739450454712,14.993785469217578,0.03794145956635475
828,99933.265,14.993786811828613,-0.00012918152788188308,-0.945480227470398,-6.71733287668582e-05,1.4706515116813534e-07,-5.157051319315542e-08,-0.00840926542878151,0.0,0.0,-0.0045231929640855645,trajectory,STRAIGHT,3.6344587802886963,14.993785469034577,0.03794145956635475
829,99933.484,14.993786811828613,-0.0001291941589443013,-0.947169303894043,-6.717431829719534e-05,1.1962089274675236e-07,-7.345533958869055e-08,-0.007899229414761066,0.0,0.0,-0.004403796831046556,trajectory,STRAIGHT,3.637960195541382,14.993785468772002,0.03794145956635475
830,99933.734,14.993786811828613,-0.00012921167945023626,-0.9487199187278748,-6.717439105672207e-05,8.346471247477893e-08,-1.0237793901524128e-07,-0.007329002488404512,0.0,0.0,-0.004297709550028393,trajectory,STRAIGHT,3.641339063644409,14.993785468407742,0.03794145956635475
831,99933.968,14.993786811828613,-0.0001292341185035184,-0.9500791430473328,-6.717411457039827e-05,6.151815057364729e-08,-1.3624074313156598e-07,-0.006845503579825163,0.0,0.0,-0.004200334004039058,trajectory,STRAIGHT,3.644484519958496,14.993785467941152,0.03794145956635475
832,99934.187,14.993786811828613,-0.00012926313502248377,-0.9513471722602844,-6.717468209502669e-05,3.174116613990918e-08,-1.67755729307828e-07,-0.0064084348268806934,0.0,0.0,-0.004112208590980633,trajectory,STRAIGHT,3.6459720134735107,14.993785467337672,0.03794145956635475
833,99934.343,14.993786811828613,-0.00012929625518154353,-0.9525279998779297,-6.71755988656051e-05,1.265587545873359e-08,-1.783784426834245e-07,-0.005962012801319361,0.0,0.0,-0.004033196293332586,trajectory,STRAIGHT,3.648786783218384,14.99378546664868,0.03794145956635475
834,99934.546,14.993786811828613,-0.00012931543460581452,-0.9531572461128235,-6.717612273455231e-05,8.979307075662746e-09,-1.7479904101946886e-07,-0.005599371623247862,0.0,0.0,-0.003978889998409625,trajectory,STRAIGHT,3.650115489959717,14.993785466249614,0.03794145956635475
835,99934.703,14.993786811828613,-0.00012934842379763722,-0.9542546272277832,-6.717709771295833e-05,1.6134475089302214e-08,-1.494488515163539e-07,-0.005317258182913065,0.0,0.0,-0.003918957078422197,trajectory,STRAIGHT,3.652625322341919,14.99378546556307,0.03794145956635475
836,99934.906,14.993786811828613,-0.0001293614477617666,-0.954743504524231,-6.717754154644813e-05,2.5607921116943544e-08,-1.2949976735399105e-07,-0.005093617830425501,0.0,0.0,-0.0038642136633093775,trajectory,STRAIGHT,3.6537811756134033,14.993785465291976,0.03794145956635475
837,99935.14,14.993786811828613,-0.0001293817040277645,-0.9556491374969482,-6.717798537983956e-05,5.392470470155786e-08,-9.49807272832004e-08,-0.004829080309718847,0.0,0.0,-0.0038186262875717003,trajectory,STRAIGHT,3.655986785888672,14.99378546487029,0.03794145956635475
838,99935.375,14.993786811828613,-0.00012939926818944514,-0.9566314220428467,-6.717848742080681e-05,9.974720427408101e-08,-7.903031473688316e-08,-0.00456439983099699,0.0,0.0,-0.0037509162151370037,trajectory,STRAIGHT,3.6580376625061035,14.993785464504594,0.03794145956635475
839,99935.609,14.993786811828613,-0.00012941492605023086,-0.9575027823448181,-6.717888032243805e-05,1.5129913322198263e-07,-8.563700504282679e-08,-0.00426963297650218,0.0,0.0,-0.0036877931609391244,trajectory,STRAIGHT,3.659987688064575,14.993785464178545,0.03794145956635475
840,99935.843,14.993786811828613,-0.0001294312532991171,-0.9582672119140625,-6.717888032249357e-05,1.5846322298784798e-07,-9.013662349843798e-08,-0.004003581125289202,0.0,0.0,-0.003632590609198921,trajectory,STRAIGHT,3.6618261337280273,14.993785463838517,0.03794145956635475
841,99936.0,14.993786811828613,-0.00012944899208378047,-0.9590669274330139,-6.717888032246138e-05,1.3993006575674372e-07,-8.169439524863265e-08,-0.0037647178396582603,0.0,0.0,-0.0035781444683614825,trajectory,STRAIGHT,3.6635336875915527,14.993785463469042,0.03794145956635475
842,99936.187,14.993786811828613,-0.00012945686466991901,-0.9594432711601257,-6.71788803224461e-05,1.308923884835167e-07,-7.215404451699214e-08,-0.0035610205959528685,0.0,0.0,-0.0035405040742125782,trajectory,STRAIGHT,3.6643455028533936,14.99378546330505,0.03794145956635475
843,99936.421,14.993786811828613,-0.00012946825881954283,-0.9601112008094788,-6.71788803224188e-05,1.1429104063154227e-07,-4.457170987848258e-08,-0.0033971795346587896,0.0,0.0,-0.0035036879864533297,trajectory,STRAIGHT,3.6658873558044434,14.993785463067685,0.03794145956635475
844,99936.656,14.993786811828613,-0.0001294738904107362,-0.960755467414856,-6.717888032246858e-05,9.982191784274619e-08,-1.724402132197156e-08,-0.0032326788641512394,0.0,0.0,-0.0034553030133527562,trajectory,STRAIGHT,3.6673038005828857,14.99378546295036,0.03794145956635475
845,99936.89,14.993786811828613,-0.00012947613140568137,-0.9613635540008545,-6.71788803225019e-05,8.988534005993642e-08,-1.0737190692111653e-08,-0.0030425109434872866,0.0,0.0,-0.0034118195684314898,trajectory,STRAIGHT,3.6679952144622803,14.99378546290367,0.03794145956635475
846,99937.125,14.993786811828613,-0.0001294795365538448,-0.9619705080986023,-6.71788803225076e-05,8.432009934722373e-08,-2.6937213348787736e-08,-0.0028553069569170475,0.0,0.0,-0.0033697444552333363,trajectory,STRAIGHT,3.669318437576294,14.993785462832724,0.03794145956635475
847,99937.265,14.993786811828613,-0.00012948719086125493,-0.9624758362770081,-6.71788803224872e-05,8.368115089751882e-08,-6.100765403971309e-08,-0.0026969071477651596,0.0,0.0,-0.0033304960362943357,trajectory,STRAIGHT,3.670560121536255,14.993785462673243,0.03794145956635475
848,99937.468,14.993786811828613,-0.00012949504889547825,-0.9627529978752136,-6.717888032246659e-05,8.515677052400861e-08,-8.944172691371932e-08,-0.0025567645207047462,0.0,0.0,-0.003305658208000578,trajectory,STRAIGHT,3.67114520072937,14.993785462509507,0.03794145956635475
849,99937.703,14.993786811828613,-0.0001295158581342548,-0.963219940662384,-6.717888032249598e-05,8.722539490690906e-08,-1.2879903010798444e-07,-0.0024555388372391462,0.0,0.0,-0.003278237751857894,trajectory,STRAIGHT,3.6722724437713623,14.993785462075861,0.03794145956635475
850,99937.859,14.993786811828613,-0.00012954327394254506,-0.9637120366096497,-6.717888032248952e-05,8.573984189297335e-08,-1.3246558694390842e-07,-0.002330564195290208,0.0,0.0,-0.0032431254368121424,trajectory,STRAIGHT,3.673306703567505,14.993785461504434,0.03794145956635475
851,99938.062,14.993786811828613,-0.0001295565307373181,-0.9639532566070557,-6.717888759842954e-05,8.34442559494164e-08,-1.1827670221009612e-07,-0.002226356416940689,0.0,0.0,-0.003217790985492571,trajectory,STRAIGHT,3.6738059520721436,14.993785461228079,0.03794145956635475
852,99938.187,14.993786811828613,-0.00012957389117218554,-0.9643198251724243,-6.717888759841661e-05,7.760573339510302e-08,-8.878348012331116e-08,-0.0021342819090932608,0.0,0.0,-0.0031962354984316813,trajectory,STRAIGHT,3.6747710704803467,14.993785460866135,0.03794145956635475
853,99938.312,14.993786811828613,-0.00012958250590600073,-0.9645462036132812,-6.717888759840904e-05,7.244489808044818e-08,-7.057568041091145e-08,-0.0020404127426445484,0.0,0.0,-0.00317632848938476,trajectory,STRAIGHT,3.675222635269165,14.993785460686512,0.03794145956635475
854,99938.437,14.993786811828613,-0.00012958882143720984,-0.9647508263587952,-6.717888759840244e-05,6.65591670667709e-08,-5.391919444264204e-08,-0.0019689444452524185,0.0,0.0,-0.003161873553790676,trajectory,STRAIGHT,3.6756646633148193,14.99378546055482,0.03794145956635475
855,99938.562,14.993786811828613,-0.00012959349260199815,-0.9649498462677002,-6.717888759839632e-05,5.969057781385345e-08,-3.7786790585414565e-08,-0.001931075705215335,0.0,0.0,-0.003154952057548391,trajectory,STRAIGHT,3.6760919094085693,14.993785460457412,0.03794145956635475
856,99938.687,14.993786811828613,-0.0001295965485041961,-0.9651464223861694,-6.717888759839074e-05,5.1839052161994914e-08,-2.2178525682647887e-08,-0.0019261589040979743,0.0,0.0,-0.003127790890867735,trajectory,STRAIGHT,3.676501750946045,14.993785460393687,0.03794145956635475
857,99938.984,14.993786811828613,-0.00012959810555912554,-0.9653603434562683,-6.717888759838524e-05,4.217805127382235e-08,-5.789060786298705e-09,-0.0019311177311465144,0.0,0.0,-0.0031080656187086886,trajectory,STRAIGHT,3.6772921085357666,14.993785460361215,0.03794145956635475
858,99939.203,14.993786811828613,-0.0001295948459301144,-0.965866208076477,-6.717888759837471e-05,1.4876185616685689e-08,3.029998296710801e-08,-0.0019435662543401122,0.0,0.0,-0.0030723823010739104,trajectory,STRAIGHT,3.6780784130096436,14.99378546042919,0.03794145956635475
859,99939.437,14.993786811828613,-0.00012958698789589107,-0.9662283658981323,-6.717888759836927e-05,-8.506921389539457e-09,5.392194779574311e-08,-0.0019505550153553486,0.0,0.0,-0.0030315005930684757,trajectory,STRAIGHT,3.6784749031066895,14.993785460593054,0.03794145956635475
860,99939.578,14.993786811828613,-0.000129574429593049,-0.9666022062301636,-6.717888759836545e-05,-3.607192411436699e-08,7.647570754443223e-08,-0.0019565203692764044,0.0,0.0,-0.002996427422777036,trajectory,STRAIGHT,3.679270029067993,14.993785460854909,0.03794145956635475
861,99939.796,14.993786811828613,-0.00012956526188645512,-0.9668201804161072,-6.71788875983641e-05,-5.35963486925084e-08,8.866644662930412e-08,-0.0019594370387494564,0.0,0.0,-0.0029688784246949067,trajectory,STRAIGHT,3.679666519165039,14.993785461046052,0.03794145956635475
862,99940.015,14.993786811828613,-0.0001295466354349628,-0.9671919345855713,-6.717867659561967e-05,-8.396463613280503e-08,1.079936851056118e-07,-0.0019637029618024826,0.0,0.0,-0.0029403772476604196,trajectory,STRAIGHT,3.6804630756378174,14.993785461434362,0.03794145956635475
863,99940.187,14.993786811828613,-0.00012952301767654717,-0.9675872921943665,-6.71781891065161e-05,-9.837808079282695e-08,1.2656984438308427e-07,-0.0019672932103276253,0.0,0.0,-0.002903996804584974,trajectory,STRAIGHT,3.6812655925750732,14.993785461926645,0.03794145956635475
864,99940.39,14.993786811828613,-0.00012951008102390915,-0.9677820205688477,-6.717794899993832e-05,-9.716350035660071e-08,1.3496969586412888e-07,-0.0019688222091645002,0.0,0.0,-0.00287677619350161,trajectory,STRAIGHT,3.6816670894622803,14.993785462196257,0.03794145956635475
865,99940.546,14.993786811828613,-0.00012948088988196105,-0.9681832790374756,-6.717745423485991e-05,-7.735810214626326e-08,1.5071842085490061e-07,-0.001971474150195718,0.0,0.0,-0.00284794974477389,trajectory,STRAIGHT,3.682469606399536,14.993785462804528,0.03794145956635475
866,99940.75,14.993786811828613,-0.00012946518836542964,-0.9683839082717896,-6.717720685231613e-05,-5.87184274536412e-08,1.5780501883000397e-07,-0.0019723845180124044,0.0,0.0,-0.0028202244487558624,trajectory,STRAIGHT,3.6828699111938477,14.993785463131651,0.03794145956635475
867,99940.984,14.993786811828613,-0.00012943163164891303,-0.9687851667404175,-6.71767120872194e-05,-3.965162420627166e-09,1.7040278521562868e-07,-0.001973936101421714,0.0,0.0,-0.002791226896213194,trajectory,STRAIGHT,3.683673143386841,14.993785463830637,0.03794145956635475
868,99941.218,14.993786811828613,-0.00012940008309669793,-0.9691392183303833,-6.717627552977096e-05,6.369482719037478e-08,1.7977392019474792e-07,-0.00197492353618145,0.0,0.0,-0.0027558243170571293,trajectory,STRAIGHT,3.6844754219055176,14.993785464487626,0.03794145956635475
869,99941.359,14.993786811828613,-0.00012936248094774783,-0.9695404767990112,-6.717578076465125e-05,1.6230420385454636e-07,1.8841750204501295e-07,-0.001975889317691326,0.0,0.0,-0.0027201361856251825,trajectory,STRAIGHT,3.6852781772613525,14.99378546527047,0.03794145956635475
870,99941.671,14.993786811828613,-0.0001293245004490018,-0.9699299335479736,-6.7176908538023e-05,2.592575469861913e-07,1.9479932689137058e-07,-0.001976762665435672,0.0,0.0,-0.0026829724754805205,trajectory,STRAIGHT,3.6860814094543457,14.99378546606096,0.03794145956635475
871,99941.921,14.993786811828613,-0.000129286025185138,-0.9665222764015198,-6.717670481116015e-05,2.9511684829230944e-07,1.9900588199561753e-07,0.07136108726263046,0.0,0.0,-0.00870328058702079,trajectory,STRAIGHT,3.6868836879730225,14.993785466861512,0.03794145956635475
872,99942.14,14.993786811828613,-0.0001292477682000026,-0.9516865015029907,-6.717578804049639e-05,2.6085780291396077e-07,2.0141871459600225e-07,0.07328563928604126,0.0,0.0,-0.009748678542813555,trajectory,STRAIGHT,3.677841901779175,14.993785467657286,0.03794145956635475
873,99942.375,14.993786811828613,-0.00012920926383230835,-0.9393105506896973,-6.717487126984455e-05,2.2509614439059078e-07,2.0198959305162134e-07,0.05610007047653198,0.0,0.0,-0.009644133991804624,trajectory,STRAIGHT,3.6617672443389893,14.993785468457967,0.03794145956635475
874,99942.593,14.993786811828613,-0.00012917161802761257,-0.9302685856819153,-6.717396905110554e-05,1.9426391872912063e-07,2.007762702760374e-07,0.03977512940764427,0.0,0.0,-0.009333718793675184,trajectory,STRAIGHT,3.6327321529388428,14.993785469240565,0.03794145956635475
875,99942.75,14.993786811828613,-0.0001291340304305777,-0.9240418672561646,-6.717305228044911e-05,1.6738594865728373e-07,1.9774343229528313e-07,0.025359686464071274,0.0,0.0,-0.008888891296535372,trajectory,STRAIGHT,3.611053943634033,14.993785470021725,0.03794145956635475
876,99942.953,14.993786811828613,-0.0001291127991862595,-0.9216899275779724,-6.717252841150154e-05,1.5403166742089525e-07,1.951962502744209e-07,0.017616983503103256,0.0,0.0,-0.008660514336569173,trajectory,STRAIGHT,3.6030373573303223,14.99378547046286,0.03794145956635475
877,99943.187,14.993786811828613,-0.00012907644850201905,-0.9192562103271484,-6.717161164084146e-05,1.342037307949795e-07,1.8932689727080287e-07,0.008533171378076077,0.0,0.0,-0.00815877913158027,trajectory,STRAIGHT,3.591625928878784,14.993785471217976,0.03794145956635475
878,99943.421,14.993786811828613,-0.00012904022878501564,-0.9182659983634949,-6.717066576634849e-05,1.1841792257882844e-07,1.8138243262910692e-07,0.0014554971130564809,0.0,0.0,-0.007748950899989343,trajectory,STRAIGHT,3.5858328342437744,14.993785471970156,0.03794145956635475
879,99943.625,14.993786811828613,-0.00012900579895358533,-0.918496310710907,-6.716971989185303e-05,1.0736158628787962e-07,1.71522330560947e-07,-0.0037497670855373144,0.0,0.0,-0.007364498661588889,trajectory,STRAIGHT,3.5835611820220947,14.993785472684973,0.03794145956635475
880,99943.875,14.993786811828613,-0.00012897445412818342,-0.919557511806488,-6.716880312118588e-05,1.0114955983908658e-07,1.6013967751860037e-07,-0.0072331661358475685,0.0,0.0,-0.0070226526657255015,trajectory,STRAIGHT,3.5839929580688477,14.993785473335572,0.03794145956635475
881,99944.093,14.993786811828613,-0.000128945815959014,-0.9211499691009521,-6.71679009024318e-05,9.935738631838831e-08,1.4718312968398095e-07,-0.009521622210741043,0.0,0.0,-0.006713351358559515,trajectory,STRAIGHT,3.5863356590270996,14.993785473929854,0.03794145956635475
882,99944.312,14.993786811828613,-0.00012891978258267045,-0.9230824112892151,-6.716699868367546e-05,1.0184693621795304e-07,1.3248654795461334e-07,-0.01087378989905119,0.0,0.0,-0.006438624106912974,trajectory,STRAIGHT,3.5880203247070312,14.99378547446997,0.03794145956635475
883,99944.468,14.993786811828613,-0.00012889629579149187,-0.9252446889877319,-6.716608191300142e-05,1.0875923805997445e-07,1.1576977954064205e-07,-0.011607455089688301,0.0,0.0,-0.0061869550639082,trajectory,STRAIGHT,3.5920639038085938,14.993785474957157,0.03794145956635475
884,99944.781,14.993786811828613,-0.0001288749772356823,-0.9275817275047302,-6.7165106934663e-05,1.209553488479287e-07,9.601947681403544e-08,-0.011759991757571697,0.0,0.0,-0.005962945184734092,trajectory,STRAIGHT,3.5966556072235107,14.99378547539929,0.03794145956635475
885,99945.031,14.993786811828613,-0.000128858708194457,-0.9298712611198425,-6.716419016398416e-05,1.3698003442641493e-07,7.558908521332341e-08,-0.01191689632833004,0.0,0.0,-0.005733286610655414,trajectory,STRAIGHT,3.601393222808838,14.993785475736653,0.03794145956635475
886,99945.25,14.993786811828613,-0.00012884636817034334,-0.9321824908256531,-6.716325884145336e-05,1.550124153482102e-07,5.299326844010466e-08,-0.011734731495380402,0.0,0.0,-0.00553175493123211,trajectory,STRAIGHT,3.606313467025757,14.993785475992512,0.03794145956635475
887,99945.5,14.993786811828613,-0.00012883833551313728,-0.9344867467880249,-6.71622838632503e-05,1.353893424038688e-07,2.7750585829267038e-08,-0.011233729310333729,0.0,0.0,-0.005355126157425394,trajectory,STRAIGHT,3.611224412918091,14.993785476159049,0.03794145956635475
888,99945.703,14.993786811828613,-0.00012883549788966775,-0.936770498752594,-6.716129433306834e-05,9.701283687491014e-08,-3.2421079709799017e-10,-0.010771399363875389,0.0,0.0,-0.005176735051832727,trajectory,STRAIGHT,3.615973949432373,14.993785476217877,0.03794145956635475
889,99945.953,14.993786811828613,-0.0001288385974476114,-0.938938558101654,-6.71599628327584e-05,5.6659722247331956e-08,-3.049537511401468e-08,-0.010169229470193386,0.0,0.0,-0.005016216192531621,trajectory,STRAIGHT,3.6205408573150635,14.993785476153619,0.03794145956635475
890,99946.187,14.993786811828613,-0.00012884713942185044,-0.9408400654792786,-6.715858767664805e-05,4.6222677241303245e-08,-6.032245636333755e-08,-0.009614179842174053,0.0,0.0,-0.0048703358765722704,trajectory,STRAIGHT,3.624877691268921,14.993785475976521,0.03794145956635475
891,99946.421,14.993786811828613,-0.00012886177864857018,-0.9426620006561279,-6.71572634522953e-05,6.225565130080213e-08,-9.246969057130627e-08,-0.00909105408936739,0.0,0.0,-0.004737585717231369,trajectory,STRAIGHT,3.6289682388305664,14.993785475672986,0.03794145956635475
892,99946.656,14.993786811828613,-0.0001288838975597173,-0.9444589614868164,-6.715677596329139e-05,6.400679808393761e-08,-1.2811432270609657e-07,-0.008545401506125927,0.0,0.0,-0.004611380783117524,trajectory,STRAIGHT,3.630925416946411,14.993785475214297,0.03794145956635475
893,99946.89,14.993786811828613,-0.0001289139036089182,-0.9461638331413269,-6.715652130467202e-05,5.895957855273082e-08,-1.6599328489519394e-07,-0.00796563271433115,0.0,0.0,-0.004493606336677895,trajectory,STRAIGHT,3.634660482406616,14.993785474591926,0.03794145956635475
894,99947.125,14.993786811828613,-0.00012894613610114902,-0.9476021528244019,-6.715740897152579e-05,7.192571160885564e-08,-1.820188373358178e-07,-0.007502945605665445,0.0,0.0,-0.0043838369904840285,trajectory,STRAIGHT,3.63816237449646,14.993785473923213,0.03794145956635475
895,99947.343,14.993786811828613,-0.0001289787032874301,-0.9489459991455078,-6.7158296638515e-05,9.998699113111797e-08,-1.6915873857215047e-07,-0.007028695661574602,0.0,0.0,-0.004291421795819519,trajectory,STRAIGHT,3.641425848007202,14.993785473247385,0.03794145956635475
896,99947.578,14.993786811828613,-0.00012900805450044572,-0.9502873420715332,-6.715787463286366e-05,1.2887502975900134e-07,-1.3184207148242422e-07,-0.006589152850210667,0.0,0.0,-0.004200503936584598,trajectory,STRAIGHT,3.644468069076538,14.99378547263815,0.03794145956635475
897,99947.796,14.993786811828613,-0.00012903042079415172,-0.9514744281768799,-6.715705244958933e-05,1.2580348141000286e-07,-1.1609650130139926e-07,-0.006212354172021151,0.0,0.0,-0.004112389322697738,trajectory,STRAIGHT,3.6472973823547363,14.993785472173805,0.03794145956635475
898,99948.031,14.993786811828613,-0.00012905367475468665,-0.9527089595794678,-6.715724162445086e-05,9.809981094122122e-08,-1.1017193202178532e-07,-0.005797190126031637,0.0,0.0,-0.004031745761403408,trajectory,STRAIGHT,3.649949312210083,14.993785471690947,0.03794145956635475
899,99948.265,14.993786811828613,-0.00012907397467643023,-0.9538351893424988,-6.715772911361509e-05,6.384655648616899e-08,-9.261444233743532e-08,-0.005431844387203455,0.0,0.0,-0.003950448288119741,trajectory,STRAIGHT,3.6524181365966797,14.993785471269357,0.03794145956635475
900,99948.484,14.993786811828613,-0.00012908833741676062,-0.9547954201698303,-6.715860222854615e-05,5.346890574742247e-08,-6.505786132038338e-08,-0.005105249118059874,0.0,0.0,-0.003879106720163585,trajectory,STRAIGHT,3.654736042022705,14.99378547097103,0.03794145956635475
901,99948.718,14.993786811828613,-0.0001290969958063215,-0.9557101726531982,-6.715913337344758e-05,4.7396209623684626e-08,-2.9610207619157336e-08,-0.004802503623068333,0.0,0.0,-0.0038154208228540695,trajectory,STRAIGHT,3.6558380126953125,14.99378547079117,0.03794145956635475
902,99948.937,14.993786811828613,-0.0001290992513531819,-0.9565861821174622,-6.715958448280608e-05,3.8277235603345616e-08,5.040845962867024e-09,-0.004525869619101286,0.0,0.0,-0.003753580309137125,trajectory,STRAIGHT,3.6579248905181885,14.993785470744315,0.03794145956635475
903,99949.171,14.993786811828613,-0.00012909522047266364,-0.9574127197265625,-6.716003559216629e-05,2.589090186688736e-08,3.794784575461563e-08,-0.004267262760549784,0.0,0.0,-0.003694472591050514,trajectory,STRAIGHT,3.659872055053711,14.993785470828051,0.03794145956635475
904,99949.406,14.993786811828613,-0.0001290839718421921,-0.9582625031471252,-6.7160530357273e-05,8.548926899720755e-09,7.203383489695625e-08,-0.003998083062469959,0.0,0.0,-0.003637220933921446,trajectory,STRAIGHT,3.6616971492767334,14.99378547106171,0.03794145956635475
905,99949.64,14.993786811828613,-0.00012906752817798406,-0.9590053558349609,-6.716098874259431e-05,-1.1025425905586417e-08,1.017412145642993e-07,-0.0037670389283448458,0.0,0.0,-0.003581244143609081,trajectory,STRAIGHT,3.663404703140259,14.993785471403244,0.03794145956635475
906,99949.875,14.993786811828613,-0.00012904366303700954,-0.9597558975219727,-6.7161483507705e-05,-3.593924446931851e-08,1.3178524227441812e-07,-0.0035309484228491783,0.0,0.0,-0.00352998240668236,trajectory,STRAIGHT,3.665010690689087,14.993785471898846,0.03794145956635475
907,99950.093,14.993786811828613,-0.0001290148647967726,-0.9604398608207703,-6.716196372090263e-05,-6.387902828919323e-08,1.5893878924089222e-07,-0.0033112738747149706,0.0,0.0,-0.0034803986551756446,trajectory,STRAIGHT,3.6665122509002686,14.99378547249677,0.03794145956635475
908,99950.312,14.993786811828613,-0.00012898417480755597,-0.9610253572463989,-6.716240027835673e-05,-9.249208687833743e-08,1.8190847583809955e-07,-0.003128520678728819,0.0,0.0,-0.003435708285805468,trajectory,STRAIGHT,3.6679201126098633,14.993785473133824,0.03794145956635475
909,99950.468,14.993786811828613,-0.00012895128747913986,-0.9615492224693298,-6.716267676481188e-05,-1.1511853870160849e-07,2.022156735392855e-07,-0.0029510469175875187,0.0,0.0,-0.0033980012305254935,trajectory,STRAIGHT,3.668590784072876,14.993785473816324,0.03794145956635475
910,99950.671,14.993786811828613,-0.00012892814993392676,-0.9618709683418274,-6.716294597525439e-05,-1.2465709176012751e-07,2.146076099052152e-07,-0.002814551582559943,0.0,0.0,-0.003369828362891106,trajectory,STRAIGHT,3.669238328933716,14.993785474296384,0.03794145956635475
911,99950.828,14.993786811828613,-0.00012888849596492946,-0.9623598456382751,-6.716301145887277e-05,-1.378424485665164e-07,2.330831989638682e-07,-0.002700930228456855,0.0,0.0,-0.0033403449455047616,trajectory,STRAIGHT,3.670468807220459,14.993785475118928,0.03794145956635475
912,99951.125,14.993786811828613,-0.00012884120224043727,-0.962870180606842,-6.716293142332207e-05,-1.4902649070336338e-07,2.5160773020616034e-07,-0.0025469749234616756,0.0,0.0,-0.0033056758927176868,trajectory,STRAIGHT,3.6716065406799316,14.993785476099616,0.03794145956635475
913,99951.343,14.993786811828613,-0.00012879128917120397,-0.9633535742759705,-6.716248031402749e-05,-1.5419225007917703e-07,2.6797357577379444e-07,-0.002432760316878557,0.0,0.0,-0.003268232349303567,trajectory,STRAIGHT,3.6726794242858887,14.993785477134226,0.03794145956635475
914,99951.609,14.993786811828613,-0.0001287350314669311,-0.9638384580612183,-6.716198554897872e-05,-1.1960011647715874e-07,2.8332198098723893e-07,-0.002290264470502734,0.0,0.0,-0.0032341599089228887,trajectory,STRAIGHT,3.6737074851989746,14.99378547829987,0.03794145956635475
915,99951.828,14.993786811828613,-0.00012867581972386688,-0.9642971158027649,-6.716149078390823e-05,-4.355906568775936e-08,2.965682597277919e-07,-0.0021605142392218113,0.0,0.0,-0.0032003136840386267,trajectory,STRAIGHT,3.674677610397339,14.99378547952617,0.03794145956635475
916,99952.062,14.993786811828613,-0.00012861969298683107,-0.9646920561790466,-6.716085049964308e-05,6.085659265409049e-08,3.0681459861625626e-07,-0.0020453170873224735,0.0,0.0,-0.0031696407807323967,trajectory,STRAIGHT,3.6755948066711426,14.993785480688059,0.03794145956635475
917,99952.281,14.993786811828613,-0.00012856084504164755,-0.9650726318359375,-6.715947534357415e-05,1.519935750593504e-07,3.1543970635539154e-07,-0.001951016834937036,0.0,0.0,-0.0031408124681209172,trajectory,STRAIGHT,3.676032543182373,14.993785481905736,0.03794145956635475
918,99952.515,14.993786811828613,-0.00012850157509092242,-0.9654317498207092,-6.715812201540101e-05,2.003621659696364e-07,3.2217198508988076e-07,-0.0019299279665574431,0.0,0.0,-0.0031078309457116594,trajectory,STRAIGHT,3.6768712997436523,14.993785483131582,0.03794145956635475
919,99952.734,14.993786811828613,-0.0001284392346860841,-0.9658026099205017,-6.715672503150291e-05,2.0729217453663296e-07,3.2729403187659045e-07,-0.001939089153893292,0.0,0.0,-0.0030727846128201265,trajectory,STRAIGHT,3.6776669025421143,14.993785484420322,0.03794145956635475
920,99952.968,14.993786811828613,-0.00012837791291531175,-0.966164767742157,-6.715552449848901e-05,1.7470888735715562e-07,3.3048553405023995e-07,-0.0019469141261652112,0.0,0.0,-0.003037764643690477,trajectory,STRAIGHT,3.6784536838531494,14.993785485687393,0.03794145956635475
921,99953.187,14.993786811828613,-0.00012830963532906026,-0.9665678143501282,-6.715452041634813e-05,1.3191146308599855e-07,3.319862003081653e-07,-0.0019539992790669203,0.0,0.0,-0.003001141575683588,trajectory,STRAIGHT,3.679248332977295,14.993785487097481,0.03794145956635475
922,99953.437,14.993786811828613,-0.0001282463053939864,-0.9669434428215027,-6.71535890937802e-05,9.695158809108761e-08,3.314456478165084e-07,-0.0019593017641454935,0.0,0.0,-0.0029642364234543726,trajectory,STRAIGHT,3.6800425052642822,14.993785488404717,0.03794145956635475
923,99953.703,14.993786811828613,-0.00012817604874726385,-0.9673624038696289,-6.71525559078036e-05,6.350130377086316e-08,3.2867004051695403e-07,-0.0019640710670500994,0.0,0.0,-0.0029264113466115063,trajectory,STRAIGHT,3.6808395385742188,14.993785489854178,0.03794145956635475
924,99953.859,14.993786811828613,-0.00012811041960958391,-0.9677577614784241,-6.715158092948494e-05,3.7080152281987466e-08,3.239519799080881e-07,-0.0019675842486321926,0.0,0.0,-0.0028879640094941423,trajectory,STRAIGHT,3.6816422939300537,14.99378549120745,0.03794145956635475
925,99954.078,14.993786811828613,-0.00012807561142835766,-0.9679701924324036,-6.715105706053653e-05,2.494688011722701e-08,3.205750829238241e-07,-0.0019692261703312397,0.0,0.0,-0.00285984923560689,trajectory,STRAIGHT,3.6820435523986816,14.993785491924914,0.03794145956635475
926,99954.312,14.993786811828613,-0.00012801373668480664,-0.9683537483215332,-6.715011118604444e-05,6.692395970731013e-09,3.1298745284402685e-07,-0.001971659017726779,0.0,0.0,-0.0028311480460709625,trajectory,STRAIGHT,3.6828465461730957,14.993785493199791,0.03794145956635475
927,99954.531,14.993786811828613,-0.0001279554417124018,-0.9687255024909973,-6.71491944153805e-05,-6.513519945627877e-09,3.038027216462069e-07,-0.0019731821957975626,0.0,0.0,-0.0027955948757490763,trajectory,STRAIGHT,3.683648109436035,14.993785494400347,0.03794145956635475
928,99954.765,14.993786811828613,-0.00012789553147740662,-0.9691208600997925,-6.714821943705283e-05,-1.5711545842123087e-08,2.9205753548922075e-07,-0.0019745517056435347,0.0,0.0,-0.0027593920917679034,trajectory,STRAIGHT,3.684450387954712,14.993785495633597,0.03794145956635475
929,99955.015,14.993786811828613,-0.00012784148566424847,-0.9694926142692566,-6.71473026663841e-05,-1.980342112517519e-08,2.791541362512362e-07,-0.001975448103621602,0.0,0.0,-0.0027233707990040987,trajectory,STRAIGHT,3.685253381729126,14.993785496745634,0.03794145956635475
930,99955.234,14.993786811828613,-0.00012778930249623954,-0.9698702692985535,-6.714637134379764e-05,-1.9437743858929935e-08,2.642009633291309e-07,-0.0019763570744544268,0.0,0.0,-0.0026880899871189537,trajectory,STRAIGHT,3.6860556602478027,14.9937854978189,0.03794145956635475
931,99955.453,14.993786811828613,-0.00012774241622537374,-0.9702314734458923,-6.714548367695521e-05,-1.4846574636351306e-08,2.482175602835923e-07,-0.0019770278595387936,0.0,0.0,-0.0026533916417668837,trajectory,STRAIGHT,3.6864571571350098,14.99378549878285,0.03794145956635475
932,99955.687,14.993786811828613,-0.00012769787281285971,-0.9706010222434998,-6.714458145819508e-05,-5.936945601803245e-09,2.3024088591228065e-07,-0.0019774124957621098,0.0,0.0,-0.002619021385600243,trajectory,STRAIGHT,3.6872599124908447,14.993785499698303,0.03794145956635475
933,99955.937,14.993786811828613,-0.00012765434803441167,-0.9709944128990173,-6.714362103177056e-05,8.24807688815099e-09,2.0918670884384483e-07,-0.0019779126159846783,0.0,0.0,-0.002583083347924675,trajectory,STRAIGHT,3.688070058822632,14.993785500592516,0.03794145956635475
934,99956.187,14.993786811828613,-0.0001276151742786169,-0.9713878035545349,-6.714266060534347e-05,2.7280526282424944e-08,1.8615472185956605e-07,-0.001978481188416481,0.0,0.0,-0.0025460928343768426,trajectory,STRAIGHT,3.6888816356658936,14.993785501397074,0.03794145956635475
935,99956.437,14.993786811828613,-0.00012757883814629167,-0.9718050360679626,-6.714164197125139e-05,5.276345405036409e-08,1.5956567267494393e-07,-0.001978683052584529,0.0,0.0,-0.0025079395645945367,trajectory,STRAIGHT,3.689692258834839,14.993785502143133,0.03794145956635475
936,99956.687,14.993786811828613,-0.0001275490940315649,-0.9722103476524353,-6.714065244098776e-05,8.273963914007254e-08,1.3160600076389528e-07,-0.001978999935090542,0.0,0.0,-0.00246932614009735,trajectory,STRAIGHT,3.690502882003784,14.993785502753685,0.03794145956635475
937,99956.953,14.993786811828613,-0.0001275253016501665,-0.972615659236908,-6.713966291072142e-05,1.1786157472215564e-07,1.0154684559893212e-07,-0.001979018095880747,0.0,0.0,-0.0024312601131852595,trajectory,STRAIGHT,3.6913130283355713,14.993785503241966,0.03794145956635475
