frame,time_s,x,y,z,yaw,vx,vy,vz,cmd_vx,cmd_vy,command_source,family,min_distance_m,goal_progress_m,lateral_deviation_m
1,19734.656,0.0,0.0,-0.980651319026947,0.0,0.0,0.0,0.1317354291677475,0.0,0.0,trajectory_no_feasible,STRAIGHT,3.723862886428833,0.0,0.0
2,19734.703,0.0,0.0,-0.9747827053070068,0.0,0.0,0.0,0.11935685575008392,0.0,0.0,trajectory_no_feasible,STRAIGHT,3.723862886428833,0.0,0.0
3,19734.75,0.0,0.0,-0.9708189368247986,0.0,0.0,0.0,0.10244450718164444,0.0,0.0,trajectory_no_feasible,STRAIGHT,3.723862886428833,0.0,0.0
4,19734.812,0.0,0.0,-0.9659558534622192,0.0,0.0,0.0,0.08969789743423462,0.15,0.0,trajectory,STRAIGHT,3.723862886428833,0.0,0.0
5,19734.859,3.027763852969656e-07,2.135824802569842e-18,-0.9623271226882935,3.0526062291262693e-11,7.021017518127337e-05,8.552903538197273e-16,0.08347989618778229,0.14999438318598549,-3.0525024824654904e-12,trajectory,STRAIGHT,3.705907106399536,-3.0269018935769054e-07,7.2241093098769095e-09
6,19734.921,2.5175782866426744e-05,1.0133622660077855e-15,-0.959161639213562,6.105233868720302e-11,0.0015048908535391092,7.602770545284479e-14,0.07893981039524078,0.14987960873171688,-6.1039135488547e-12,trajectory,STRAIGHT,3.705907106399536,-2.5168615835013952e-05,6.006829345802182e-07
7,19734.953,0.00014431927411351353,8.853669479415988e-15,-0.9559386968612671,1.3384730731302943e-10,0.004353930242359638,3.3330198952359613e-13,0.0746345967054367,0.14965168558061123,-1.3363727635655936e-11,trajectory,STRAIGHT,3.6827642917633057,-0.00014427818949513949,3.4433934240522338e-06
8,19735.015,0.0005707973032258451,5.1949587752224413e-14,-0.951625645160675,1.5498185358812825e-10,0.010120405815541744,1.220096289625272e-12,0.06926088035106659,0.14919036753475665,-2.083283946772002e-12,trajectory,STRAIGHT,3.6827642917633057,-0.0005706348110550152,1.3618968740735676e-05
9,19735.062,0.0010076864855363965,1.1040743785797197e-13,-0.9491848349571228,9.392502092703097e-11,0.014213552698493004,2.0598117395770332e-12,0.0663718432188034,0.14886291578412056,3.932198159708162e-12,trajectory,STRAIGHT,3.6268575191497803,-0.001007399624583627,2.4042949537588004e-05
10,19735.109,0.0018301733070984483,2.4112360870985616e-13,-0.9460852146148682,-2.1145332375144453e-11,0.020125770941376686,3.4275451400722634e-12,0.06283077597618103,0.14838993832468986,1.5164223280033305e-11,trajectory,STRAIGHT,3.6268575191497803,-0.0018296523167222745,4.36671178388249e-05
11,19735.156,0.0024916655384004116,3.5819001302332676e-13,-0.944231390953064,-1.9257654955761893e-10,0.023988360539078712,4.387368940372838e-12,0.06077153608202934,0.1480809311568737,1.639811911726715e-11,trajectory,STRAIGHT,3.5776612758636475,-0.0024909562540500474,5.9450027116558715e-05
12,19735.203,0.003885656828060746,6.259016200292622e-13,-0.9412163496017456,-7.021730825554202e-10,0.03069407120347023,6.130138063831225e-12,0.057504866272211075,0.1475444743037224,6.570535160433424e-11,trajectory,STRAIGHT,3.5776612758636475,-0.0038845507630966836,9.271003688152988e-05
13,19735.296,0.005400739144533873,9.382928461976192e-13,-0.9386894702911377,-1.333881733041128e-09,0.03663663566112518,7.776204159759548e-12,0.05483183264732361,0.14706906914711,1.261960404298746e-10,trajectory,STRAIGHT,3.5514044761657715,-0.005399201861976621,0.00012885922450146613
14,19735.39,0.009516389109194279,1.885324578745906e-12,-0.9336791038513184,-2.677121301965414e-09,0.049001287668943405,1.2301782856272148e-11,0.049662504345178604,0.14607989698648452,1.2164871038810834e-10,trajectory,STRAIGHT,3.5382320880889893,-0.009513680601600072,0.00022705679520898983
15,19735.421,0.012010935693979263,2.553019644649379e-12,-0.9313523173332214,-3.243047108866621e-09,0.05489809811115265,1.569313082261381e-11,0.04730707406997681,0.14560815215110778,1.7311292708709116e-10,trajectory,STRAIGHT,3.5382320880889893,-0.012007517404249768,0.0002865755631147834
16,19735.5,0.015332329086959362,3.5992029669140724e-12,-0.9287312626838684,-3.928718993106927e-09,0.06157505512237549,2.1366240374187662e-11,0.04468680918216705,0.14507399559020995,4.609550164634029e-11,trajectory,STRAIGHT,3.5382320880889893,-0.015327965880523209,0.0003658225269030428
17,19735.593,0.01943225786089897,5.213667171599656e-12,-0.9260022640228271,-4.663687341844374e-09,0.06849571317434311,3.044205859614735e-11,0.04197916388511658,0.14452034294605254,1.1034611399228418e-10,trajectory,STRAIGHT,3.5320897102355957,-0.019426728455464115,0.00046364499768961916
18,19735.625,0.02306058071553707,7.010330684009691e-12,-0.92391437292099,-5.1051217455011665e-09,0.07373438775539398,4.0439141618664465e-11,0.03991689532995224,0.14410124897956847,8.762497588751867e-12,trajectory,STRAIGHT,3.5297791957855225,-0.023054019446611562,0.0005502151620827473
19,19735.703,0.028137991204857826,1.0212828846500877e-11,-0.9213634729385376,-5.6897764791702926e-09,0.0800311267375946,5.741784478430212e-11,0.03741253912448883,0.14359750986099243,5.613346449987415e-11,trajectory,STRAIGHT,3.5297791957855225,-0.02812998626418306,0.0006713599115602085
20,19735.781,0.03464867174625397,1.5681900222830336e-11,-0.9185538291931152,-6.276755036203303e-09,0.086784228682518,8.405641460651481e-11,0.03466516733169556,0.14305726170539856,1.0040659515778208e-10,trajectory,STRAIGHT,3.529393434524536,-0.03463881612017161,0.0008267018465269517
21,19735.828,0.03863529488444328,1.9878286516838983e-11,-0.9170276522636414,-6.520921487270515e-09,0.09035684913396835,1.0287558999122481e-10,0.03317838907241821,0.14277145206928252,-3.396947989350521e-11,trajectory,STRAIGHT,3.529839515686035,-0.03862430632926106,0.0009218208980375566
22,19735.89,0.043623778969049454,2.6119348003894594e-11,-0.9152820706367493,-6.837875993617643e-09,0.09434442222118378,1.2890861988967828e-10,0.03148401156067848,0.1424524462223053,-1.2990642436773575e-11,trajectory,STRAIGHT,3.529839515686035,-0.043611373076473114,0.001040843906258251
23,19735.921,0.046196646988391876,2.979279323245265e-11,-0.9144430160522461,-6.974046483340402e-09,0.09622130542993546,1.433553692420375e-10,0.03067096322774887,0.14230229556560517,-4.888134279814177e-12,trajectory,STRAIGHT,3.530507802963257,-0.0461835102194641,0.0011022313916125277
24,19736.0,0.05178895220160484,3.890291908059673e-11,-0.912742018699646,-7.281602021849738e-09,0.0999409481883049,1.7701638765910133e-10,0.029027801007032394,0.1420047241449356,-4.660728067282508e-11,trajectory,STRAIGHT,3.530507802963257,-0.051774227131801354,0.001235661305112637
25,19736.015,0.053295064717531204,4.16296858096743e-11,-0.9123097062110901,-7.333247645199568e-09,0.10086628049612045,1.8659837563994586e-10,0.02861103042960167,0.14193069756031035,-4.4571081746943393e-11,trajectory,STRAIGHT,3.530507802963257,-0.05327991196089954,0.0012715964797118844
26,19736.062,0.05820532888174057,5.1358015062952234e-11,-0.9109676480293274,-7.441213343242557e-09,0.10368847846984863,2.1924854987087627e-10,0.02732081525027752,0.1417049217224121,-4.36410837388868e-11,trajectory,STRAIGHT,3.5311765670776367,-0.05818878198336819,0.0013887531990577928
27,19736.14,0.06452560424804688,6.584084666361179e-11,-0.9093746542930603,-7.523331192598148e-09,0.10693191736936569,2.6427979249454836e-10,0.025795787572860718,0.14144544661045075,-8.349257245932666e-11,trajectory,STRAIGHT,3.5311765670776367,-0.06450726335192769,0.0015395521606090805
28,19736.171,0.0680820420384407,7.499933313281915e-11,-0.9085366129875183,-7.483377643865849e-09,0.10859033465385437,2.909961438479769e-10,0.02499673329293728,0.14131277322769165,-9.382830931075307e-11,trajectory,STRAIGHT,3.5316102504730225,-0.06806269189188185,0.0016244071868389937
29,19736.25,0.07334951311349869,8.994593958533414e-11,-0.9073635935783386,-7.3847115966255485e-09,0.11085382103919983,3.322331854072047e-10,0.023883135989308357,0.141131694316864,-1.1276104505895945e-10,trajectory,STRAIGHT,3.5316102504730225,-0.0733286684713903,0.0017500867087358392
30,19736.265,0.07703205943107605,1.0140024930826996e-10,-0.9065876603126526,-7.3353719762003275e-09,0.11231288313865662,3.621656030627918e-10,0.023149248212575912,0.14101496934890748,-1.242802575846099e-10,trajectory,STRAIGHT,3.5316102504730225,-0.07701017019352463,0.0018379506303888278
31,19736.312,0.08076152950525284,1.1386292603221548e-10,-0.9058355093002319,-7.323605940255174e-09,0.1136980652809143,3.9333988843814893e-10,0.02244069054722786,0.14090415477752685,-1.1201211018731559e-10,trajectory,STRAIGHT,3.5317656993865967,-0.08073858254848432,0.0019269341329222558
32,19736.375,0.08835173398256302,1.4197504283330886e-10,-0.9043993949890137,-7.2272808940348145e-09,0.11625766009092331,4.5931897174611436e-10,0.021095551550388336,0.14069938719272612,-1.35752165993894e-10,trajectory,STRAIGHT,3.5317656993865967,-0.08832663493937076,0.002108033049430163
33,19736.421,0.09256047755479813,1.5918993900854161e-10,-0.903652548789978,-7.238994318892429e-09,0.11754395067691803,4.972723899321352e-10,0.02040061354637146,0.14059648394584656,-1.1145064470087206e-10,trajectory,STRAIGHT,3.531674861907959,-0.0925341855218349,0.002208451808294204
34,19736.484,0.09931530803442001,1.893102896666221e-10,-0.9025198221206665,-7.454986411277362e-09,0.11943349987268448,5.601242802910633e-10,0.019353626295924187,0.14044532001018523,-1.0617625442809751e-10,trajectory,STRAIGHT,3.531674861907959,-0.09928710180994926,0.0023696190763733416
35,19736.515,0.10255144536495209,2.0484994256442235e-10,-0.9020037055015564,-7.539504363494077e-09,0.12026958912611008,5.910636424744098e-10,0.018879415467381477,0.1403784328699112,-1.0559796037888193e-10,trajectory,STRAIGHT,3.531362295150757,-0.10252232229823477,0.0024468318830834757
36,19736.593,0.11091973632574081,2.484504824096234e-10,-0.9007412195205688,-7.795419402124025e-09,0.1222471222281456,6.734997559654232e-10,0.01772807352244854,0.14022023022174834,-1.1540937144828358e-10,trajectory,STRAIGHT,3.531362295150757,-0.11088824306155232,0.0026464956110122144
37,19736.625,0.11423022300004959,2.6708679712328376e-10,-0.9002683758735657,-7.919859783084232e-09,0.1229628250002861,7.070612428883294e-10,0.017300181090831757,0.1401629739999771,-1.1191033766145159e-10,trajectory,STRAIGHT,3.5308713912963867,-0.11419779234884686,0.002725482362949959
38,19736.718,0.12202678620815277,3.1416763635050415e-10,-0.8992087244987488,-8.375371288516061e-09,0.12451544404029846,7.88206222512855e-10,0.01634915918111801,0.14003876447677613,-9.014194173001461e-11,trajectory,STRAIGHT,3.5308713912963867,-0.12199214848978812,0.002911504925560714
39,19736.781,0.13029421865940094,3.6911218526114453e-10,-0.8981607556343079,-8.960037759322466e-09,0.12598055601119995,8.774738713412944e-10,0.015419756062328815,0.139921555519104,-1.149366113153734e-10,trajectory,STRAIGHT,3.530207872390747,-0.13025724147323103,0.0031087622258445025
40,19736.843,0.13636504113674164,4.1284670126984224e-10,-0.8974359631538391,-9.284065888964405e-09,0.12695163488388062,9.451491811418578e-10,0.014784437604248524,0.13984386920928954,-1.0221229872532271e-10,trajectory,STRAIGHT,3.530207872390747,-0.13632634665173526,0.0032536093821351063
41,19736.875,0.14209720492362976,4.5684653282584975e-10,-0.8967835307121277,-9.493034082051389e-09,0.1277952790260315,1.0107021886085477e-09,0.014218101277947426,0.13977637767791748,-9.946389741894286e-11,trajectory,STRAIGHT,3.5294110774993896,-0.14205688939366468,0.003390376293610255
42,19736.937,0.1490238755941391,5.136084890722259e-10,-0.8960332870483398,-9.690254624722635e-09,0.1287289261817932,1.0920322424112783e-09,0.013573870062828064,0.13970168590545654,-1.798221267817947e-10,trajectory,STRAIGHT,3.5294110774993896,-0.14898160180432285,0.003555643618519682
43,19736.968,0.15250557661056519,5.436558980775885e-10,-0.8956709504127502,-9.817045710203588e-09,0.1291656196117401,1.1337781824494186e-09,0.013265655376017094,0.13966675043106078,-1.7864195772106857e-10,trajectory,STRAIGHT,3.5285303592681885,-0.1524623187420957,0.0036387154795894405
44,19737.062,0.16028326749801636,6.145262632095694e-10,-0.8948948383331299,-1.0296052759453587e-08,0.13006936013698578,1.2291060391689257e-09,0.012612446211278439,0.13959445118904112,-1.59655133955629e-10,trajectory,STRAIGHT,3.5285303592681885,-0.1602378119072867,0.003824287780842161
45,19737.078,0.16419176757335663,6.521327367003948e-10,-0.894521176815033,-1.056608084358059e-08,0.13048896193504333,1.2780911884391344e-09,0.012301511131227016,0.13956088304519654,-1.934354404688769e-10,trajectory,STRAIGHT,3.5285303592681885,-0.1641452078743839,0.003917542884370105
46,19737.171,0.173226997256279,7.442984562011645e-10,-0.8936960697174072,-1.1028648182071141e-08,0.13137906789779663,1.394099613527544e-09,0.011623909696936607,0.13948967456817626,-1.8143551175303405e-10,trajectory,STRAIGHT,3.5285303592681885,-0.17317788598916195,0.004133119520849281
47,19737.218,0.18073497712612152,8.26579749091394e-10,-0.8930485844612122,-1.1272838881102617e-08,0.13204219937324524,1.4934253833587263e-09,0.011101380921900272,0.13943662405014037,-1.8513488496333099e-10,trajectory,STRAIGHT,3.527590036392212,-0.18068374642252394,0.004312256649105202
48,19737.281,0.1874833106994629,9.050691862633187e-10,-0.8924937844276428,-1.1333878901446221e-08,0.13258512318134308,1.5849458412375839e-09,0.010660706087946892,0.13939319014549242,-2.5640538695417533e-10,trajectory,STRAIGHT,3.5265915393829346,-0.18743017564572995,0.00447326895225787
49,19737.328,0.1934598833322525,9.782492593757297e-10,-0.892022430896759,-1.115305920280227e-08,0.13302776217460632,1.6677473846371527e-09,0.010291784070432186,0.13935777902603136,-2.934501934281251e-10,trajectory,STRAIGHT,3.5265915393829346,-0.19340506222548015,0.00461586737879458
50,19737.39,0.1998559832572937,1.0604640499067841e-09,-0.8915374875068665,-1.0899448543621889e-08,0.13346514105796814,1.758141521257528e-09,0.00991770625114441,0.1393227887153624,-3.385953427593991e-10,trajectory,STRAIGHT,3.52555775642395,-0.19979935827446837,0.004768475548160323
51,19737.437,0.20627230405807495,1.1470682181879965e-09,-0.8910700678825378,-1.0756201846136872e-08,0.13386929035186768,1.850630648725371e-09,0.009562796913087368,0.13929045677185045,-2.9313107128083403e-10,trajectory,STRAIGHT,3.52555775642395,-0.20621387004666047,0.004921566182977005
52,19737.5,0.2102920413017273,1.2034689911288865e-09,-0.8907864093780518,-1.0659923468228e-08,0.1341061145067215,1.909483682283053e-09,0.009350303560495377,0.13927151083946215,-3.1650132763165475e-10,trajectory,STRAIGHT,3.52555775642395,-0.21023247423933356,0.005017475374441933
53,19737.531,0.2163345366716385,1.29141042304326e-09,-0.8903724551200867,-1.0544856864522273e-08,0.13444015383720398,1.9992518751621446e-09,0.009044414386153221,0.13924478769302354,-3.492825282700604e-10,trajectory,STRAIGHT,3.524510622024536,-0.2162732668062688,0.0051616467027968726
54,19737.609,0.22360454499721527,1.402332250322047e-09,-0.8898934125900269,-1.0422741994824209e-08,0.13480964303016663,2.1093014002104837e-09,0.008696761913597584,0.13921522855758653,-3.1203201403971826e-10,trajectory,STRAIGHT,3.524510622024536,-0.2235412270571402,0.005335105964937136
55,19737.625,0.22724682092666626,1.4600386455398962e-09,-0.8896608352661133,-1.036638008334807e-08,0.13498243689537048,2.165267742881838e-09,0.00853050034493208,0.13920140504837022,-3.3118634804886374e-10,trajectory,STRAIGHT,3.5234549045562744,-0.22718247716629492,0.005422009099356496
56,19737.718,0.23738764226436615,1.6283590031918038e-09,-0.8890376687049866,-1.022782882211503e-08,0.13542400300502777,2.3239763446980533e-09,0.008093742653727531,0.13916607975959763,-3.836560075403384e-10,trajectory,STRAIGHT,3.5234549045562744,-0.23732044334970226,0.005663964735001238
57,19737.734,0.23941966891288757,1.6634613686505872e-09,-0.8889169096946716,-1.020434503551615e-08,0.13550598919391632,2.3562856110714847e-09,0.008010631427168846,0.13915952086448669,-3.0705500364486366e-10,trajectory,STRAIGHT,3.522404193878174,-0.23935189804507928,0.005712448018253023
58,19737.812,0.24796706438064575,1.8162322756865024e-09,-0.8884229063987732,-1.0220773967929281e-08,0.1358291357755661,2.494030537647518e-09,0.0076761008240282536,0.13913366913795472,-3.4089055549772516e-10,trajectory,STRAIGHT,3.522404193878174,-0.247896888286796,0.0059163852088541784
59,19737.828,0.2512284219264984,1.876729216476747e-09,-0.8882401585578918,-1.0213727160128418e-08,0.1359436959028244,2.5473692044641894e-09,0.007554635871201754,0.13912450432777404,-3.552526641268107e-10,trajectory,STRAIGHT,3.521357536315918,-0.25115732834780147,0.0059941998035808785
60,19737.921,0.26225483417510986,2.090466022508508e-09,-0.8876441717147827,-9.798096516994848e-09,0.1362985521554947,2.7308726391339633e-09,0.00716759217903018,0.13909611582756043,-4.3885616775091057e-10,trajectory,STRAIGHT,3.521357536315918,-0.2621806396974833,0.006257285288183974
61,19738.031,0.2720787525177002,2.293100598294018e-09,-0.8871396780014038,-9.142950150085707e-09,0.13657677173614502,2.8984350475269594e-09,0.006851342506706715,0.1390738582611084,-4.2653202689156e-10,trajectory,STRAIGHT,3.52032208442688,-0.27200179667713087,0.006491679794225428
62,19738.093,0.28027990460395813,2.4712800694715042e-09,-0.8867360353469849,-8.626348327224952e-09,0.13678482174873352,3.0412099505383594e-09,0.00660607498139143,0.13905721426010131,-5.084983547931148e-10,trajectory,STRAIGHT,3.51930832862854,-0.2802006445213081,0.006687355797806786
63,19738.14,0.2872602939605713,2.6295272625986854e-09,-0.8864042162895203,-8.28821422061237e-09,0.13694626092910767,3.164782214071238e-09,0.0064100525341928005,0.13904429912567137,-3.994093991161506e-10,trajectory,STRAIGHT,3.51930832862854,-0.2871790733335615,0.006853904928027703
64,19738.203,0.2934260070323944,2.774430685192897e-09,-0.8861194849014282,-7.961818760776037e-09,0.13707779347896576,3.2754905454623895e-09,0.006246007047593594,0.13903377652168275,-4.565850341731318e-10,trajectory,STRAIGHT,3.5183115005493164,-0.29334305521397397,0.007001016232656629
65,19738.25,0.3008323311805725,2.9549429569897256e-09,-0.885787308216095,-7.48748535144722e-09,0.1372232884168625,3.4103926349615676e-09,0.006059613078832626,0.139022136926651,-5.326691853713244e-10,trajectory,STRAIGHT,3.5183115005493164,-0.30074730050382925,0.007177727999004662
66,19738.312,0.30701008439064026,3.1109754772273845e-09,-0.885517954826355,-7.085948973545126e-09,0.13733501732349396,3.5245089069491087e-09,0.005912551190704107,0.13901319861412048,-4.19947040774491e-10,trajectory,STRAIGHT,3.517336845397949,-0.30692332025709135,0.007325126587079893
67,19738.359,0.3140173554420471,3.2940663530212078e-09,-0.8852205276489258,-6.574046944789276e-09,0.13745199143886566,3.655690639092768e-09,0.005754454061388969,0.13900384068489074,-4.986685957925865e-10,trajectory,STRAIGHT,3.517336845397949,-0.3139286257054934,0.00749231712736757
68,19738.406,0.3193797469139099,3.4386191671842425e-09,-0.8849983215332031,-6.2053843011189786e-09,0.1375349909067154,3.757323341346819e-09,0.005639399867504835,0.13899720072746277,-5.569495754759855e-10,trajectory,STRAIGHT,3.516385316848755,-0.31928951341838996,0.007620261537102043
69,19738.468,0.32639679312705994,3.6336713638007723e-09,-0.8847143650054932,-5.6864379451761054e-09,0.13763581216335297,3.891937883082619e-09,0.005496223457157612,0.13898913502693175,-4.493576860795669e-10,trajectory,STRAIGHT,3.516385316848755,-0.3263045924393282,0.007787685320340416
70,19738.5,0.3301137089729309,3.73972763867414e-09,-0.8845669627189636,-5.437532546437683e-09,0.1376858502626419,3.963987360577903e-09,0.005423612426966429,0.13898513197898865,-4.897453416271321e-10,trajectory,STRAIGHT,3.515456438064575,-0.3300204665319626,0.007876369378161196
71,19738.578,0.3350716531276703,3.88417564778365e-09,-0.8843734264373779,-5.141663986642521e-09,0.13774919509887695,4.060888514345606e-09,0.005330097861588001,0.13898006439208985,-5.405278176116529e-10,trajectory,STRAIGHT,3.515456438064575,-0.3349770213912677,0.007994663855464578
72,19738.609,0.3425126373767853,4.107432616251572e-09,-0.8840892314910889,-4.824662084917728e-09,0.13783738017082214,4.2080317008696966e-09,0.0051966155879199505,0.13897300958633424,-4.4745994910652935e-10,trajectory,STRAIGHT,3.515456438064575,-0.3424159211689002,0.008172202639071372
73,19738.671,0.349544495344162,4.325632296797721e-09,-0.883827269077301,-4.538185731463545e-09,0.13791382312774658,4.348965187972453e-09,0.005077644716948271,0.13896689414978028,-5.090490336043558e-10,trajectory,STRAIGHT,3.515456438064575,-0.3494458099492519,0.008339979847290312
74,19738.703,0.35368263721466064,4.4573589264018665e-09,-0.8836759924888611,-4.308064979579481e-09,0.13795585930347443,4.432756828265383e-09,0.005010692868381739,0.13896353125572203,-5.508623322028711e-10,trajectory,STRAIGHT,3.514547824859619,-0.3535827932891564,0.008438714195566724
75,19738.781,0.3632049262523651,4.76994088671745e-09,-0.8833353519439697,-3.817297075634122e-09,0.1380450278520584,4.627968230863644e-09,0.004864878952503204,0.13895639777183533,-6.441466900760423e-10,trajectory,STRAIGHT,3.514547824859619,-0.363102417290186,0.00866591207104275
76,19738.875,0.3764629065990448,5.227494881410166e-09,-0.8828773498535156,-3.526125773359791e-09,0.13815337419509888,4.90532592323234e-09,0.004679573234170675,0.1389477300643921,-5.10945228049681e-10,trajectory,STRAIGHT,3.5136587619781494,-0.37635668907709885,0.008982242017407199
77,19738.906,0.3781208395957947,5.2865707367288906e-09,-0.8828213214874268,-3.5026443032023176e-09,0.13816574215888977,4.940465814229356e-09,0.004657764919102192,0.13894674062728882,-5.223056772462597e-10,trajectory,STRAIGHT,3.5127921104431152,-0.3780141584756507,0.009021799617196123
78,19738.968,0.3872421383857727,5.619070542195459e-09,-0.8825177550315857,-3.29365900334581e-09,0.1382296085357666,5.135602165751152e-09,0.004542811308056116,0.13894163131713866,-5.044234241552053e-10,trajectory,STRAIGHT,3.5127921104431152,-0.38713290737936035,0.0092394300643896
79,19739.0,0.3909747302532196,5.7588231960892244e-09,-0.8823956251144409,-3.199732741486721e-09,0.1382538080215454,5.216340248637152e-09,0.004498152527958155,0.13893969535827635,-5.343265423707114e-10,trajectory,STRAIGHT,3.51194429397583,-0.39086445610654863,0.009328488178769738
80,19739.062,0.398441880941391,6.044903688717795e-09,-0.8821550607681274,-3.040058588548412e-09,0.1382991075515747,5.37939692790701e-09,0.004412748850882053,0.13893607139587402,-5.922563276999944e-10,trajectory,STRAIGHT,3.51194429397583,-0.3983295205166755,0.00950665134472992
81,19739.109,0.4046662449836731,6.29006979835367e-09,-0.8819580078125,-2.910911142701804e-09,0.13833388686180115,5.516888279544219e-09,0.004345333203673363,0.1389332890510559,-5.128084871908184e-10,trajectory,STRAIGHT,3.5111148357391357,-0.4045521460706354,0.009655162135549676
82,19739.156,0.4096468687057495,6.490678217119239e-09,-0.881802499294281,-2.798200280055675e-09,0.1383599191904068,5.627934118734856e-09,0.0042937519028782845,0.13893120646476745,-5.531060943483976e-10,trajectory,STRAIGHT,3.5111148357391357,-0.40953137905389525,0.009773997793343535
83,19739.203,0.4158738851547241,6.747088665548517e-09,-0.881610631942749,-2.6314816276448548e-09,0.13839031755924225,5.768056254851217e-09,0.004232082981616259,0.13892877459526062,-6.062416202916535e-10,trajectory,STRAIGHT,3.5111148357391357,-0.4157566571942013,0.009922571880643324
84,19739.265,0.4212717115879059,6.9744356956391584e-09,-0.8814464807510376,-2.5422524549356014e-09,0.1384148895740509,5.890676835207387e-09,0.004181038122624159,0.13892680883407593,-5.324348782722294e-10,trajectory,STRAIGHT,3.5111148357391357,-0.4211529772056437,0.010051361835497274
85,19739.296,0.4270857870578766,7.224643994163671e-09,-0.88127201795578,-2.525815041909906e-09,0.13843965530395508,6.023956000689168e-09,0.004128497093915939,0.13892482757568358,-5.710444276387681e-10,trajectory,STRAIGHT,3.5103039741516113,-0.42696543051687286,0.010190083329291878
86,19739.359,0.43373167514801025,7.517486189101419e-09,-0.8810752034187317,-2.516423289229318e-09,0.13846592605113983,6.177832023723795e-09,0.0040713413618505,0.13892272591590882,-6.151410344444581e-10,trajectory,STRAIGHT,3.5103039741516113,-0.43360946491336705,0.01034865154326773
87,19739.39,0.43747052550315857,7.685468261797723e-09,-0.8809657096862793,-2.488245509733463e-09,0.13847984373569489,6.265116869741405e-09,0.004040480125695467,0.1389216125011444,-5.493214005084195e-10,trajectory,STRAIGHT,3.5095090866088867,-0.43734727267131746,0.010437859010590236
88,19739.468,0.44785812497138977,8.164530385101898e-09,-0.8806657791137695,-2.394319817633882e-09,0.13851535320281982,6.510329608744314e-09,0.0039594280533492565,0.1389187717437744,-6.27655463753235e-10,trajectory,STRAIGHT,3.5095090866088867,-0.44773197647082696,0.010685702972850854
89,19739.5,0.4503515064716339,8.282253105562631e-09,-0.8805946707725525,-2.3567496900942595e-09,0.13852323591709137,6.569783828069831e-09,0.003940952941775322,0.1389181411266327,-6.480608035028274e-10,trajectory,STRAIGHT,3.508727788925171,-0.4502246631221354,0.010745194059381631
90,19739.578,0.4615735113620758,8.82533690571563e-09,-0.8802787065505981,-2.1806397879101593e-09,0.13855594396591187,6.840212840586446e-09,0.00386220496147871,0.13891552448272704,-6.457547608581292e-10,trajectory,STRAIGHT,3.508727788925171,-0.46144354170584734,0.011012946626303883
91,19739.593,0.4619891941547394,8.845873367135937e-09,-0.8802671432495117,-2.173595396283234e-09,0.1385570764541626,6.850319422824214e-09,0.0038594226352870464,0.13891543388366698,-6.49325933681767e-10,trajectory,STRAIGHT,3.508727788925171,-0.4618591087264079,0.011022864652588492
92,19739.64,0.46822473406791687,9.15756714903182e-09,-0.8800944089889526,-2.077322015383498e-09,0.13857336342334747,7.002694868418757e-09,0.003818760858848691,0.1389141309261322,-7.024315260954724e-10,trajectory,STRAIGHT,3.5079617500305176,-0.4680929122473998,0.011171642161204458
93,19739.718,0.4761241376399994,9.562278080466058e-09,-0.8798781633377075,-1.9317380130399117e-09,0.13859233260154724,7.197794804625346e-09,0.0037700808607041836,0.13891261339187622,-6.537969617400458e-10,trajectory,STRAIGHT,3.5079617500305176,-0.475990116829351,0.011360118806490873
94,19739.734,0.4794505536556244,9.736023542927796e-09,-0.8797879219055176,-1.8472053416834757e-09,0.13859981298446655,7.280640978990505e-09,0.003750473726540804,0.13891201496124267,-6.85864009661658e-10,trajectory,STRAIGHT,3.5072097778320312,-0.4793156071016895,0.011439485780462028
95,19739.812,0.4902624487876892,1.0314509246711623e-08,-0.879497766494751,-1.5983028977018888e-09,0.13862214982509613,7.552749536898773e-09,0.0036902250722050667,0.1389102280139923,-7.890631935176663e-10,trajectory,STRAIGHT,3.5072097778320312,-0.49012449428060734,0.0116974533471308
96,19739.843,0.49234190583229065,1.0428198748968498e-08,-0.8794425129890442,-1.5748218077874407e-09,0.1386261284351349,7.605579277480956e-09,0.0036792228929698467,0.1389099097251892,-6.399557948609321e-10,trajectory,STRAIGHT,3.5064713954925537,-0.49220337297991534,0.011747068377011408
97,19739.921,0.5006601214408875,1.089091838935019e-08,-0.8792230486869812,-1.3846227996941555e-09,0.1386411041021347,7.818514724533543e-09,0.0036369659937918186,0.13890871167182922,-7.212870381864182e-10,trajectory,STRAIGHT,3.5064713954925537,-0.5005192756664769,0.011945537748404502
98,19739.953,0.504819393157959,1.1127087695683713e-08,-0.8791142702102661,-1.0934523191908434e-09,0.13864804804325104,7.925952338894149e-09,0.003616872476413846,0.1389081561565399,-7.795392246927804e-10,trajectory,STRAIGHT,3.505742073059082,-0.504677391216994,0.012044776349794718
99,19740.031,0.5135549902915955,1.1633591867621362e-08,-0.8788876533508301,-4.970226304911732e-10,0.13866154849529266,8.153671515742644e-09,0.003576757153496146,0.1389070761203766,-7.685347204762589e-10,trajectory,STRAIGHT,3.505742073059082,-0.5134105608254345,0.012253204301709574
100,19740.093,0.5222912430763245,1.2154530715235978e-08,-0.8786634802818298,4.070326454514941e-11,0.13867372274398804,8.384235528069439e-09,0.0035393512807786465,0.13890610218048094,-8.863760285836637e-10,trajectory,STRAIGHT,3.5050241947174072,-0.5221443869018785,0.012461647911597193
101,19740.156,0.5314441323280334,1.2715956287934205e-08,-0.8784310221672058,6.512217937542496e-10,0.1386852115392685,8.628829206713817e-09,0.0035028397105634212,0.1389051830768585,-7.996795040541222e-10,trajectory,STRAIGHT,3.504314661026001,-0.5312947347853978,0.012680032321957206
102,19740.203,0.5360209941864014,1.3002748211476955e-08,-0.8783156871795654,1.0010959466627662e-09,0.1386905014514923,8.752295777014751e-09,0.0034855487756431103,0.13890475988388062,-8.685628002710441e-10,trajectory,STRAIGHT,3.504314661026001,-0.5358703262546598,0.012789234488196017
103,19740.265,0.5447590947151184,1.356163270571642e-08,-0.8780971765518188,1.6656221753662122e-09,0.13869982957839966,8.990168609557259e-09,0.003454250283539295,0.138904013633728,-1.0001915627532665e-09,trajectory,STRAIGHT,3.5036144256591797,-0.5446060021290222,0.012997722222364679
104,19740.312,0.5489200949668884,1.383305558988468e-08,-0.8779937624931335,2.0436743136053765e-09,0.13870394229888916,9.104438980500618e-09,0.0034400923177599907,0.13890368461608887,-7.69774993021684e-10,trajectory,STRAIGHT,3.5036144256591797,-0.5487658481340603,0.01309700210106423
105,19740.375,0.5555781722068787,1.4274490922616678e-08,-0.8778291940689087,2.7739492026551378e-09,0.1387101113796234,9.288611657609636e-09,0.003418393898755312,0.13890319108963012,-8.914243156605795e-10,trajectory,STRAIGHT,3.5036144256591797,-0.5554220789172959,0.013255861291261797
106,19740.39,0.5597397685050964,1.4554893290608106e-08,-0.8777267932891846,3.2694096314252425e-09,0.13871373236179352,9.40455624487413e-09,0.0034053130075335503,0.13890290141105652,-9.708905467600158e-10,trajectory,STRAIGHT,3.5029237270355225,-0.5595825213912633,0.013355155400340277
107,19740.484,0.5688952803611755,1.5184083324015774e-08,-0.8775030374526978,4.35190746697951e-09,0.13872107863426208,9.661896172019624e-09,0.0033780119847506285,0.138902313709259,-8.918399827818431e-10,trajectory,STRAIGHT,3.5029237270355225,-0.5687354956293476,0.01357360245261425
108,19740.5,0.5730568766593933,1.547571315541063e-08,-0.8774017691612244,4.8896342929145184e-09,0.1387241631746292,9.779896892325723e-09,0.003366301767528057,0.13890206694602966,-9.757197911027055e-10,trajectory,STRAIGHT,3.502239942550659,-0.5728959388262211,0.013672896572916997
109,19740.593,0.5813807249069214,1.6069641617377783e-08,-0.8772004842758179,6.023793871907262e-09,0.13872990012168884,1.0017824791930252e-08,0.0033440254628658295,0.13890160799026488,-1.148448748247771e-09,trajectory,STRAIGHT,3.502239942550659,-0.581217481366707,0.013871500467730452
110,19740.593,0.5830456018447876,1.6190144336292178e-08,-0.8771604299545288,6.265653764246412e-09,0.1387309730052948,1.0065718925034162e-08,0.0033397336956113577,0.1389015221595764,-1.1842651841556288e-09,trajectory,STRAIGHT,3.502239942550659,-0.5828818972417906,0.013911223808262043
111,19740.687,0.5897051095962524,1.667792481896413e-08,-0.8770005106925964,7.179084532904817e-09,0.1387351006269455,1.0258320415346134e-08,0.003323173616081476,0.13890119194984435,-9.113675921426157e-10,trajectory,STRAIGHT,3.501560926437378,-0.589539561103166,0.01407011717615636
112,19740.718,0.5988619327545166,1.7363801063652318e-08,-0.8767818808555603,8.320282464382427e-09,0.13874024152755737,1.0525830873575615e-08,0.0033018700778484344,0.1389007806777954,-1.094237775155088e-09,trajectory,STRAIGHT,3.5008907318115234,-0.5986938498553585,0.014288595572184808
113,19740.812,0.6046890020370483,1.7809499652798877e-08,-0.8766433596611023,9.04351023484931e-09,0.13874323666095734,1.0697682739646552e-08,0.003289083717390895,0.1389005410671234,-8.670594686027342e-10,trajectory,STRAIGHT,3.5008907318115234,-0.6045193069021195,0.014427627287977626
114,19740.859,0.6155111789703369,1.865648435739331e-08,-0.8763877153396606,1.0381950830815496e-08,0.13874828815460205,1.102017233023389e-08,0.0032667899504303932,0.1389001369476318,-1.0845255544393669e-09,trajectory,STRAIGHT,3.5008907318115234,-0.6153384907229764,0.01468584044225344
115,19740.921,0.6221716403961182,1.9190272482205728e-08,-0.87623131275177,1.1267205436203073e-08,0.1387510895729065,1.1220783413534718e-08,0.003253991948440671,0.13889991283416747,-9.069955049271651e-10,trajectory,STRAIGHT,3.5002219676971436,-0.6219971108075697,0.014844756610385503
116,19741.031,0.6317460536956787,1.9974550014012493e-08,-0.8760074377059937,1.2584523332889401e-08,0.138754740357399,1.1512038433636462e-08,0.003236799268051982,0.13889962077140808,-1.1129030931753322e-09,trajectory,STRAIGHT,3.5002219676971436,-0.631568878188709,0.015073198619027615
117,19741.078,0.6404879093170166,2.0708279535597285e-08,-0.8758039474487305,1.3718680169518104e-08,0.13875775039196014,1.1780930009308577e-08,0.003222236642614007,0.13889937996864304,-9.649845085367813e-10,trajectory,STRAIGHT,3.499561309814453,-0.6403083190108134,0.015281776122824123
118,19741.14,0.6463158130645752,2.1206881584134862e-08,-0.8756687641143799,1.4488874777178982e-08,0.13875962793827057,1.1961761359202683e-08,0.0032130612526088953,0.1388992297649382,-1.0886615984084083e-09,trajectory,STRAIGHT,3.498905897140503,-0.6461346134430599,0.015420827801468138
119,19741.25,0.6571390628814697,2.2153125556201303e-08,-0.8754188418388367,1.5843765269617122e-08,0.1387627124786377,1.230092649961989e-08,0.003197031794115901,0.13889898300170883,-1.021157555889766e-09,trajectory,STRAIGHT,3.498905897140503,-0.656954875699931,0.015679066653498563
120,19741.312,0.6679623126983643,2.3125986459149317e-08,-0.8751700520515442,1.72737929786661e-08,0.13876542448997498,1.2644427727082075e-08,0.0031823073513805866,0.13889876604080184,-1.252804393259114e-09,trajectory,STRAIGHT,3.4982516765594482,-0.6677751394747773,0.01593730553213834
121,19741.375,0.6742066144943237,2.3699497475604403e-08,-0.8750270009040833,1.8121472268198427e-08,0.13876678049564362,1.284457251671256e-08,0.003174372250214219,0.1388986575603484,-9.571965685928529e-10,trajectory,STRAIGHT,3.4982516765594482,-0.6740177192113421,0.01608629235710639
122,19741.406,0.6787863373756409,2.4125812458919427e-08,-0.8749220967292786,1.8677990656318808e-08,0.1387677639722824,1.2992263265232395e-08,0.003168839029967785,0.13889857888221727,-1.0522140858724757e-09,trajectory,STRAIGHT,3.4976024627685547,-0.6785961794131978,0.016195562925558137
123,19741.484,0.6883621215820312,2.5033019213083207e-08,-0.874704122543335,1.9821552397233382e-08,0.13876961171627045,1.3303576906764647e-08,0.0031579197384417057,0.13889843106269822,-1.2492794513409504e-09,trajectory,STRAIGHT,3.4976024627685547,-0.6881693243484222,0.016424037766319073
124,19741.5,0.6896111369132996,2.515293928695428e-08,-0.8746756911277771,1.9978880768949157e-08,0.13876983523368835,1.3344433114070853e-08,0.0031565548852086067,0.1388984131813049,-8.709868214493039e-10,trajectory,STRAIGHT,3.496957540512085,-0.6894179955143542,0.016453838834093588
125,19741.593,0.7008522748947144,2.6248827111885475e-08,-0.8744204044342041,2.136430767376442e-08,0.13877184689044952,1.3714736901704327e-08,0.0031448397785425186,0.138898252248764,-1.109169767169282e-09,trajectory,STRAIGHT,3.496957540512085,-0.7006560369151202,0.016722048460666657
126,19741.609,0.7025176286697388,2.6413738751784877e-08,-0.874382734298706,2.1589727370154476e-08,0.13877210021018982,1.3769994033907551e-08,0.003143191570416093,0.1388982319831848,-1.1462434751841476e-09,trajectory,STRAIGHT,3.49631404876709,-0.7023209320763186,0.016761783222716122
127,19741.703,0.7137587666511536,2.754431704943272e-08,-0.8741284608840942,2.323812081176213e-08,0.13877370953559875,1.4145664195552854e-08,0.003132595680654049,0.13889810323715207,-1.1254407991076246e-09,trajectory,STRAIGHT,3.49631404876709,-0.7135589753511908,0.017029992883969787
128,19741.812,0.7266652584075928,2.8880172919798497e-08,-0.8738378286361694,2.5118978959227753e-08,0.13877536356449127,1.458275189492042e-08,0.003121450310572982,0.13889797091484066,-1.4266607119774325e-09,trajectory,STRAIGHT,3.495673656463623,-0.7264619159371719,0.017337937347627362
129,19741.921,0.7391554117202759,3.0211907642296865e-08,-0.8735570907592773,2.6833127801261044e-08,0.13877670466899872,1.5011606180337367e-08,0.0031116800382733345,0.13889786362648007,-1.1740968186928059e-09,trajectory,STRAIGHT,3.495037078857422,-0.7389486346784437,0.017635948157868765
130,19741.984,0.747482180595398,3.112128510451839e-08,-0.8733706474304199,2.786163131856873e-08,0.13877752423286438,1.5300713585020276e-08,0.0031057007145136595,0.13889779806137081,-1.3551087428509248e-09,trajectory,STRAIGHT,3.494401454925537,-0.7472731149559664,0.01783462205291121
131,19742.046,0.7545599341392517,3.190795183627415e-08,-0.8732125759124756,2.870227795245447e-08,0.13877803087234497,1.5548472731552465e-08,0.003100926987826824,0.13889775753021236,-1.0676347408754948e-09,trajectory,STRAIGHT,3.494401454925537,-0.7543489238937937,0.01800349487738928
132,19742.078,0.7591396570205688,3.242372059730769e-08,-0.873110294342041,2.9263493012059195e-08,0.13877835869789124,1.5709776590711044e-08,0.0030979912262409925,0.13889773130416866,-1.168206835495776e-09,trajectory,STRAIGHT,3.493767499923706,-0.758927388844171,0.01811276553526934
133,19742.14,0.7662174105644226,3.32313270234863e-08,-0.8729522228240967,3.014640983606883e-08,0.13877886533737183,1.596059284736384e-08,0.0030935562681406736,0.13889769077301023,-1.3251547152503865e-09,trajectory,STRAIGHT,3.493767499923706,-0.7660031988436344,0.018281638380681142
134,19742.187,0.7728788256645203,3.400315407020571e-08,-0.8728034496307373,3.1083342159969356e-08,0.13877934217453003,1.619834577581969e-08,0.003089701756834984,0.13889765262603757,-1.100939632441273e-09,trajectory,STRAIGHT,3.493135452270508,-0.7726627853139192,0.01844057754102756
135,19742.25,0.779956579208374,3.4835764495255717e-08,-0.8726463317871094,3.217288840161725e-08,0.13877984881401062,1.6452759155072272e-08,0.003085822332650423,0.1388976120948791,-1.2779135751233691e-09,trajectory,STRAIGHT,3.493135452270508,-0.7797385965634902,0.018609450411436246
136,19742.281,0.783703625202179,3.5281825461197514e-08,-0.8725631833076477,3.280687727086115e-08,0.1387801170349121,1.6588195705935505e-08,0.003083855379372835,0.138897590637207,-1.3765500525939116e-09,trajectory,STRAIGHT,3.492504596710205,-0.7834846145443919,0.018698853701035967
137,19742.375,0.7928630709648132,3.6387650226288315e-08,-0.8723599314689636,3.4347234438225285e-08,0.1387806087732315,1.692144735443435e-08,0.0030793340411037207,0.13889755129814124,-1.205535410105787e-09,trajectory,STRAIGHT,3.492504596710205,-0.7926415481456104,0.01891739509106218
138,19742.484,0.804104208946228,3.7775027550424056e-08,-0.8721104860305786,3.6134142797384095e-08,0.13878101110458374,1.733468124598403e-08,0.0030742185190320015,0.13889751911163306,-1.4939268708124456e-09,trajectory,STRAIGHT,3.4918782711029053,-0.8038796044913852,0.019185605009041762
139,19742.609,0.8207577466964722,3.9892388059570294e-08,-0.8717417120933533,3.833202195273241e-08,0.1387816071510315,1.7955471776076593e-08,0.003067397279664874,0.13889747142791736,-1.3785429621163786e-09,trajectory,STRAIGHT,3.4918782711029053,-0.8205285798337982,0.019582953097647234
140,19742.703,0.8307498693466187,4.119877061725674e-08,-0.8715214133262634,3.945914165004304e-08,0.13878196477890015,1.833287655017557e-08,0.003063697600737214,0.13889744281768787,-1.598265450618863e-09,trajectory,STRAIGHT,3.4912502765655518,-0.8305179667447007,0.019821361986766532
141,19742.734,0.8374112844467163,4.2084849383172696e-08,-0.8713745474815369,4.0210554781603244e-08,0.13878220319747925,1.8586534977771407e-08,0.0030613846611231565,0.1388974237442016,-1.17744531753808e-09,trajectory,STRAIGHT,3.490621328353882,-0.8371775587286763,0.019980301261332142
142,19742.812,0.8469870686531067,4.338001247106149e-08,-0.8711634278297424,4.129071115824878e-08,0.1387825459241867,1.8954045444274925e-08,0.003058261703699827,0.13889739632606501,-1.3921258196797775e-09,trajectory,STRAIGHT,3.490621328353882,-0.8467507232002092,0.020208776489938973
143,19742.859,0.8548974990844727,4.4469128823720894e-08,-0.8709890246391296,4.220414937779289e-08,0.1387828290462494,1.9260204098259237e-08,0.0030559042934328318,0.13889737367629998,-1.5718630041732938e-09,trajectory,STRAIGHT,3.4899985790252686,-0.8546589903870654,0.02039751691537295
144,19742.937,0.8619752526283264,4.545844589642911e-08,-0.8708329796791077,4.331011981904605e-08,0.13878308236598969,1.953609363170017e-08,0.003053881460800767,0.13889735341072076,-1.260905452438549e-09,trajectory,STRAIGHT,3.4899985790252686,-0.861734809074143,0.02056638994244367
145,19742.968,0.868220329284668,4.634309647144619e-08,-0.8706952929496765,4.436676793988323e-08,0.1387833058834076,1.978106034528082e-08,0.0030521738808602095,0.13889733552932731,-1.4344450189398581e-09,trajectory,STRAIGHT,3.4893739223480225,-0.8679781790352479,0.0207153955662853
146,19743.031,0.8748817443847656,4.729891145416332e-08,-0.87054842710495,4.554082610981171e-08,0.1387835443019867,2.0043946946657343e-08,0.003050444182008505,0.138897316455841,-1.6235264073262555e-09,trajectory,STRAIGHT,3.48875093460083,-0.8746377742092051,0.020874334910567276
147,19743.093,0.8811268210411072,4.8206480585122335e-08,-0.870411217212677,4.661860928711463e-08,0.1387837678194046,2.029189261065767e-08,0.003048915881663561,0.13889729857444746,-1.2751804610284789e-09,trajectory,STRAIGHT,3.48875093460083,-0.8808811451990479,0.021023340557320937
148,19743.14,0.8865392208099365,4.9002085944493956e-08,-0.8702926635742188,4.753437095625559e-08,0.13878396153450012,2.0507947340320243e-08,0.0030476381070911884,0.1388972830772398,-1.4271339751935076e-09,trajectory,STRAIGHT,3.48875093460083,-0.8862920671259573,0.021152478793550318
149,19743.171,0.892367959022522,4.986834412079588e-08,-0.8701649904251099,4.8405542514800496e-08,0.13878417015075684,2.0741831363579877e-08,0.003046296536922455,0.13889726638793926,-1.5806846017523354e-09,trajectory,STRAIGHT,3.4881272315979004,-0.8921192142341638,0.021291550749708593
150,19743.25,0.900694727897644,5.112296008746853e-08,-0.8699826002120972,4.957964330224267e-08,0.1387844681739807,2.107813301677197e-08,0.0030444893054664135,0.13889724254608135,-1.3373677394477603e-09,trajectory,STRAIGHT,3.4881272315979004,-0.9004437108540699,0.021490224989891265
151,19743.265,0.9036090970039368,5.156685034535258e-08,-0.8699187636375427,4.999057857784506e-08,0.13878457248210907,2.1196445487703386e-08,0.0030438879039138556,0.13889723420143107,-1.4128410825351956e-09,trajectory,STRAIGHT,3.4875080585479736,-0.9033572848797036,0.02155976097872851
152,19743.359,0.9102705121040344,5.2590817034570136e-08,-0.8697728514671326,5.092985920778878e-08,0.13878481090068817,2.1468052224804524e-08,0.0030425668228417635,0.13889721512794476,-1.585482417522336e-09,trajectory,STRAIGHT,3.4875080585479736,-0.9100168830586881,0.02171870039114279
153,19743.375,0.9148502349853516,5.3302375846442374e-08,-0.8696725368499756,5.157561464087137e-08,0.1387849748134613,2.1655734983028196e-08,0.0030417039524763823,0.1388972020149229,-1.7042818333693502e-09,trajectory,STRAIGHT,3.4875080585479736,-0.9145953571343881,0.02182797124475716
154,19743.421,0.9202626347541809,5.415130743813279e-08,-0.8695539832115173,5.233878015269234e-08,0.13878516852855682,2.187854164503733e-08,0.0030407034792006016,0.1388971865177153,-1.4138192014594884e-09,trajectory,STRAIGHT,3.4868874549865723,-0.9200062813861081,0.021957109534297595
155,19743.484,0.9290057420730591,5.554108284400172e-08,-0.869362473487854,5.3571585979471116e-08,0.1387854814529419,2.2240751462732078e-08,0.0030391940381377935,0.1388971614837645,-1.6432951086281907e-09,trajectory,STRAIGHT,3.4868874549865723,-0.9287470059643681,0.022165717558897416
156,19743.531,0.9335854649543762,5.627819277265189e-08,-0.869262158870697,5.421734141254131e-08,0.13878564536571503,2.243160857062776e-08,0.0030384385026991367,0.13889714837074266,-1.3060180844829024e-09,trajectory,STRAIGHT,3.4862663745880127,-0.9333254811312983,0.022274988438055632
157,19743.578,0.94066321849823,5.742978004263932e-08,-0.8691071271896362,5.521532708182564e-08,0.13878589868545532,2.2728094961621537e-08,0.0030373281333595514,0.13889712810516344,-1.4940755864314778e-09,trajectory,STRAIGHT,3.4862663745880127,-0.9404013069134791,0.022443861627350355
158,19743.625,0.944826602935791,5.81142671762791e-08,-0.8690159320831299,5.5802377475518927e-08,0.13878604769706726,2.290336453825148e-08,0.0030367064755409956,0.13889711618423448,-1.6048152671534776e-09,trajectory,STRAIGHT,3.485645294189453,-0.9445635576708185,0.02254319880460456
159,19743.687,0.9539860486984253,5.963870819414296e-08,-0.8688153028488159,5.709388834163534e-08,0.13878637552261353,2.329121784327981e-08,0.0030353947076946497,0.13889708995819083,-1.4586894723018362e-09,trajectory,STRAIGHT,3.485645294189453,-0.9537205101116015,0.022761740613127857
160,19743.734,0.9581496715545654,6.034012045574855e-08,-0.8687241077423096,5.7680938736406896e-08,0.13878652453422546,2.34685408884161e-08,0.003034848254173994,0.13889707803726187,-1.5706490531031865e-09,trajectory,STRAIGHT,3.4850270748138428,-0.9578829999267171,0.022861083495863174
161,19743.781,0.9652284383773804,6.15447603991015e-08,-0.8685690760612488,5.8343111301365476e-08,0.13878661394119263,2.3771457691168507e-08,0.003033980494365096,0.1388970708847045,-1.732029235423448e-09,trajectory,STRAIGHT,3.4850270748138428,-0.9649598409190858,0.023029980914578863
162,19743.828,0.9714744091033936,6.262054341732437e-08,-0.8684322834014893,5.876107032220647e-08,0.13878661394119263,2.4040277324388626e-08,0.0030332226306200027,0.1388970708847045,-1.3834743988249646e-09,trajectory,STRAIGHT,3.4844064712524414,-0.9712041129105629,0.023179008061601523
163,19743.89,0.9789695739746094,6.392750151462678e-08,-0.8682681322097778,5.914146295091342e-08,0.13878661394119263,2.436476620459871e-08,0.0030321769881993532,0.1388970708847045,-1.5293800157736642e-09,trajectory,STRAIGHT,3.4844064712524414,-0.9786972399529574,0.023357840654042637
164,19743.937,0.9847991466522217,6.49561684440414e-08,-0.868140459060669,5.951010317469822e-08,0.13878661394119263,2.4618582727953253e-08,0.0030314314644783735,0.1388970708847045,-1.6501246660071665e-09,trajectory,STRAIGHT,3.483787775039673,-0.9845252281445838,0.02349693268252623
165,19743.984,0.9897959232330322,6.584638612139315e-08,-0.8680310249328613,5.964394809135487e-08,0.13878661394119263,2.483714212075938e-08,0.003030857304111123,0.13889707088470446,-1.397352352945923e-09,trajectory,STRAIGHT,3.483787775039673,-0.9895206469370308,0.0236161544297272
166,19744.031,0.9956254959106445,6.689494114198169e-08,-0.8679033517837524,5.974961998720383e-08,0.13878661394119263,2.5093299882428255e-08,0.0030302475206553936,0.13889707088470446,-1.4972101208511372e-09,trajectory,STRAIGHT,3.483787775039673,-0.995348635927634,0.023755246478093222
167,19744.078,0.9997894763946533,6.765051807633427e-08,-0.8678121566772461,5.979658684517994e-08,0.13878661394119263,2.52770409048253e-08,0.003029847051948309,0.13889707088470446,-1.5666922821567232e-09,trajectory,STRAIGHT,3.483787775039673,-0.9995114854698883,0.02385459794781899
168,19744.125,1.0060354471206665,6.87942289800958e-08,-0.8676762580871582,6.014880996195245e-08,0.13878661394119263,2.5553859472893237e-08,0.003029246348887682,0.13889707088470446,-1.488505415885239e-09,trajectory,STRAIGHT,3.4831690788269043,-1.0057557601944467,0.0240036251627502
169,19744.171,1.0126978158950806,7.002795854305077e-08,-0.8675312995910645,6.097300398806172e-08,0.13878661394119263,2.5850726004250646e-08,0.003028648905456066,0.13889707088470446,-1.667758876489922e-09,trajectory,STRAIGHT,3.4831690788269043,-1.0124163204442738,0.024162587539110835
170,19744.265,1.0193601846694946,7.127597712042189e-08,-0.8673863410949707,6.140273310539879e-08,0.13878661394119263,2.61492356656845e-08,0.0030281012877821922,0.13889707088470446,-1.8131796928423872e-09,trajectory,STRAIGHT,3.482548475265503,-1.0190768812550175,0.02432154992975642
171,19744.328,1.0306029319763184,7.34146254899315e-08,-0.8671417236328125,6.247349965388875e-08,0.13878661394119263,2.6656699958493846e-08,0.003027235856279731,0.1388970708847042,-1.6896012732397396e-09,trajectory,STRAIGHT,3.4819319248199463,-1.030316578894329,0.02458979899657858
172,19744.375,1.0372653007507324,7.470144680610247e-08,-0.8669967651367188,6.289383539593874e-08,0.13878661394119263,2.6959629195744128e-08,0.00302677764557302,0.1388970708847042,-1.8375095947355588e-09,trajectory,STRAIGHT,3.4819319248199463,-1.0369771412112172,0.024748761426015856
173,19744.437,1.0439276695251465,7.600282714292916e-08,-0.866851806640625,6.297602385619931e-08,0.13878661394119263,2.7264203339427695e-08,0.0030262817163020372,0.1388970708847042,-1.957215764410823e-09,trajectory,STRAIGHT,3.4813156127929688,-1.0436377040880558,0.024907723870008006
174,19744.484,1.0510064363479614,7.740162999425593e-08,-0.8666977882385254,6.277408758639482e-08,0.13878661394119263,2.7589619477907945e-08,0.003025793470442295,0.1388970708847042,-1.5854436587818575e-09,trajectory,STRAIGHT,3.4813156127929688,-1.0507145527579382,0.02507662148283133
175,19744.531,1.0564196109771729,7.848251470932155e-08,-0.8665800094604492,6.273885175335851e-08,0.13878661394119263,2.7839723415468143e-08,0.0030254365410655737,0.1388970708847042,-1.6764713895129983e-09,trajectory,STRAIGHT,3.4807021617889404,-1.056126260990446,0.02520577849208145
176,19744.609,1.0655803680419922,8.033401144302843e-08,-0.8663806915283203,6.279043712524778e-08,0.13878661394119263,2.8265453977383004e-08,0.0030249119736254215,0.1388970708847042,-1.842680062103967e-09,trajectory,STRAIGHT,3.4807021617889404,-1.0652845373017286,0.02542435191465175
177,19744.625,1.0676623582839966,8.075873125790167e-08,-0.866335391998291,6.280216107340371e-08,0.13878661394119263,2.836264556549395e-08,0.003024797886610031,0.1388970708847042,-1.880868861125787e-09,trajectory,STRAIGHT,3.4807021617889404,-1.0673659638834891,0.025474027696432623
178,19744.703,1.076823115348816,8.26448598445495e-08,-0.8661360740661621,6.28537464452866e-08,0.13878661394119263,2.879220062368404e-08,0.0030242959037423134,0.1388970708847042,-1.7722662517807662e-09,trajectory,STRAIGHT,3.4800851345062256,-1.0765242414913416,0.025692601153624917
179,19744.734,1.0814034938812256,8.35985858316235e-08,-0.8660364151000977,6.28795391312261e-08,0.13878661394119263,2.900814521922257e-08,0.0030240449123084545,0.1388970708847042,-1.858377105180031e-09,trajectory,STRAIGHT,3.4794692993164062,-1.0811033806912036,0.02580188789287972
180,19744.812,1.0897314548492432,8.535094764283713e-08,-0.8658552169799805,6.292643492384006e-08,0.13878661394119263,2.9402766443809014e-08,0.003023588564246893,0.1388970708847042,-1.7810744400596e-09,trajectory,STRAIGHT,3.4794692993164062,-1.089429089003204,0.02600059107347054
181,19744.875,1.0976430177688599,8.703768372697596e-08,-0.8656830787658691,6.297098592681932e-08,0.13878661394119263,2.9780043320215555e-08,0.0030232304707169533,0.1388970708847042,-1.934033658627416e-09,trajectory,STRAIGHT,3.4794692993164062,-1.0973385127070259,0.02618935911701791
182,19744.937,1.1047217845916748,8.85651445514668e-08,-0.8655290603637695,6.301084735053432e-08,0.13878661394119263,3.01195797192122e-08,0.0030229759868234396,0.1388970708847042,-1.822089721159618e-09,trajectory,STRAIGHT,3.4794692993164062,-1.1044153661611418,0.026358256858462582
183,19745.0,1.1130497455596924,9.038441817210696e-08,-0.8653478622436523,6.305774314313624e-08,0.13878661394119263,3.052140939985293e-08,0.0030227715615183115,0.1388970708847042,-1.987784917473208e-09,trajectory,STRAIGHT,3.4788529872894287,-1.1127410769125987,0.02655696010594616
184,19745.062,1.1201285123825073,9.194980066240532e-08,-0.8651938438415527,6.30976045668445e-08,0.13878661394119263,3.0864988787016046e-08,0.003022625111043453,0.1388970708847042,-1.884489940530612e-09,trajectory,STRAIGHT,3.4788529872894287,-1.1198179317356107,0.0267258578853017
185,19745.171,1.1272072792053223,9.353274776913167e-08,-0.8650398254394531,6.313746599054964e-08,0.13878661394119263,3.1210429796146855e-08,0.0030224912334233522,0.1388970708847042,-2.0292417388169793e-09,trajectory,STRAIGHT,3.478235960006714,-1.1268947871870765,0.02689475568221686
186,19745.187,1.1355352401733398,9.541766132770135e-08,-0.8648586273193359,6.318436178313995e-08,0.13878661394119263,3.1619212137457e-08,0.0030223748181015253,0.1388970708847042,-1.9685667261672335e-09,trajectory,STRAIGHT,3.4776196479797363,-1.1352205002870903,0.027093458995321684
187,19745.296,1.142197608947754,9.694330316278865e-08,-0.8647136688232422,6.322187841720911e-08,0.13878661394119263,3.194809039541724e-08,0.0030222816858440638,0.1388970708847042,-2.108624298621905e-09,trajectory,STRAIGHT,3.4776196479797363,-1.1418810713927314,0.027252421663511495
188,19745.359,1.155522346496582,1.0004214345826767e-07,-0.8644237518310547,6.329691168533917e-08,0.13878661394119263,3.261079228877861e-08,0.0030220954213291407,0.1388970708847042,-2.1391281422178902e-09,trajectory,STRAIGHT,3.4763875007629395,-1.1552022152712453,0.02757034704743419
189,19745.406,1.162184715270996,1.0161550534348862e-07,-0.8642787933349609,6.333442831940006e-08,0.13878661394119263,3.2944612371466064e-08,0.0030219729524105787,0.1388970708847042,-2.2842593345441372e-09,trajectory,STRAIGHT,3.4763875007629395,-1.1618627880435994,0.027729309763330465
190,19745.468,1.169679880142212,1.0340473721726084e-07,-0.8641157150268555,6.337663453271532e-08,0.13878661394119263,3.332213083240276e-08,0.0030218178872019053,0.1388970708847042,-2.097746162037671e-09,trajectory,STRAIGHT,3.475770950317383,-1.1693559330759555,0.02790814283790806
191,19745.515,1.1755094528198242,1.048104962819707e-07,-0.8639888763427734,6.340946158751365e-08,0.13878661394119263,3.361719791428186e-08,0.0030216972809284925,0.1388970708847042,-2.2278560531802644e-09,trajectory,STRAIGHT,3.475770950317383,-1.175183935253223,0.028047235243376437
192,19745.562,1.1817554235458374,1.0633044666974456e-07,-0.8638529777526855,6.351511928847513e-08,0.13878661394119263,3.393473946289305e-08,0.0030216029845178127,0.1388970708847042,-2.3748349322913958e-09,trajectory,STRAIGHT,3.4751553535461426,-1.1814282237714195,0.028196262834440027
193,19745.625,1.1888341903686523,1.080703384559456e-07,-0.8636989593505859,6.388849525869518e-08,0.13878661394119263,3.429637018825815e-08,0.003021483076736331,0.1388970708847042,-2.200461780502886e-09,trajectory,STRAIGHT,3.4751553535461426,-1.1885050846809762,0.028365160788255184
194,19745.656,1.1929981708526611,1.0910243730677394e-07,-0.8636083602905273,6.417264128676251e-08,0.13878661394119263,3.4509962887341317e-08,0.003021255135536194,0.1388970708847042,-2.319096328170913e-09,trajectory,STRAIGHT,3.4751553535461426,-1.192667944331717,0.028464512534424148
195,19745.75,1.2021589279174805,1.113957068810123e-07,-0.8634090423583984,6.484418940656015e-08,0.13878661394119263,3.498212564068126e-08,0.003020957810804248,0.1388970708847042,-2.5857377754666956e-09,trajectory,STRAIGHT,3.4751553535461426,-1.2018262363248056,0.028683086398641526
196,19745.812,1.2121524810791016,1.1393311893925784e-07,-0.8631916046142578,6.557678735542436e-08,0.13878661394119263,3.5500761441653594e-08,0.0030208711978048086,0.13889707088470443,-2.3734329833667e-09,trajectory,STRAIGHT,3.474539279937744,-1.2118171015107322,0.028921530649804673
197,19745.859,1.2163164615631104,1.1500141994247315e-07,-0.8631010055541992,6.588203650078264e-08,0.13878661394119263,3.5717949486979705e-08,0.003020861418917775,0.13889707088470443,-2.4970356784469602e-09,trajectory,STRAIGHT,3.474539279937744,-1.2159799623722236,0.029020882432165482
198,19745.921,1.224228024482727,1.1704918279065168e-07,-0.8629288673400879,6.64620098769604e-08,0.13878661394119263,3.613238064303914e-08,0.003020861418917775,0.1388970708847044,-2.3628592520642367e-09,trajectory,STRAIGHT,3.4739246368408203,-1.223889398604065,0.029209650836636847
199,19745.968,1.2296411991119385,1.1846392311554155e-07,-0.8628110885620117,6.685883376592193e-08,0.13878661394119263,3.641727630565583e-08,0.003020861418917775,0.1388970708847044,-2.525895614963725e-09,trajectory,STRAIGHT,3.4739246368408203,-1.2293011185801674,0.029338808179647534
200,19746.015,1.2354707717895508,1.1999995308542566e-07,-0.8626842498779297,6.728618256941692e-08,0.13878661394119263,3.6725300134321515e-08,0.003020861418917775,0.1388970708847044,-2.7023361749085904e-09,trajectory,STRAIGHT,3.4733083248138428,-1.2351291251161314,0.029477900715349732
201,19746.078,1.2425495386123657,1.2188253606382204e-07,-0.8625302314758301,6.780510611651517e-08,0.13878661394119263,3.710102092213674e-08,0.003020861418917775,0.1388970708847044,-2.4073993858941457e-09,trajectory,STRAIGHT,3.4733083248138428,-1.2422059907638783,0.02964679881181546
202,19746.125,1.248795509338379,1.2355960166132718e-07,-0.8623943328857422,6.826297983454047e-08,0.13878661394119263,3.743408427681061e-08,0.003020861418917775,0.1388970708847044,-2.599493670885988e-09,trajectory,STRAIGHT,3.4726920127868652,-1.2484502844999383,0.02979582655994953
203,19746.187,1.2546250820159912,1.251384134093314e-07,-0.8622674942016602,6.869032863802857e-08,0.13878661394119263,3.7746243464198415e-08,0.003020861418917775,0.1388970708847044,-2.7797246801843374e-09,trajectory,STRAIGHT,3.4726920127868652,-1.2542782924244023,0.02993491913842133
204,19746.218,1.2604546546936035,1.267303701979472e-07,-0.8621406555175781,6.911767744151458e-08,0.13878661394119263,3.8059663864942195e-08,0.003020861418917775,0.1388970708847044,-2.4390023427632544e-09,trajectory,STRAIGHT,3.472075939178467,-1.260106300771092,0.030074011730034423
205,19746.296,1.268782615661621,1.2902748380838602e-07,-0.8619594573974609,6.972817573220524e-08,0.13878661394119263,3.8509593736080205e-08,0.003020861418917775,0.1388970708847044,-2.7005543563182945e-09,trajectory,STRAIGHT,3.472075939178467,-1.268432027712727,0.03027271545522196
206,19746.312,1.2704482078552246,1.2949014660534885e-07,-0.8619232177734375,6.985027539034285e-08,0.13878661394119263,3.85998895069406e-08,0.003020861418917775,0.1388970708847044,-2.753091529304925e-09,trajectory,STRAIGHT,3.472075939178467,-1.2700971732043698,0.030312456203498615
207,19746.359,1.2771105766296387,1.313516690970573e-07,-0.8617782592773438,7.033867402289161e-08,0.13878661394119263,3.896209577192167e-08,0.003020861418917775,0.13889707088470438,-2.5241322438950435e-09,trajectory,STRAIGHT,3.4714598655700684,-1.2767577555151846,0.03047141920747346
208,19746.406,1.282940149307251,1.3299478496264783e-07,-0.8616514205932617,7.076602282636954e-08,0.13878661394119263,3.928037273226437e-08,0.003020861418917775,0.13889707088470438,-2.7103577613071853e-09,trajectory,STRAIGHT,3.4714598655700684,-1.2825857654888182,0.030610511850231073
209,19746.468,1.290018916130066,1.3500802253929578e-07,-0.8614974021911621,7.128494637344704e-08,0.13878661394119263,3.966854933423747e-08,0.003020861418917775,0.13889707088470438,-2.9377572428858505e-09,trajectory,STRAIGHT,3.470844268798828,-1.2896626353090141,0.030779410077314204
210,19746.531,1.2970976829528809,1.3704111267998087e-07,-0.8613433837890625,7.180386992052147e-08,0.13878661394119263,4.00585804527509e-08,0.003020861418917775,0.13889707088470438,-2.6118262418502743e-09,trajectory,STRAIGHT,3.470844268798828,-1.2967395057502245,0.030948308324244247
211,19746.546,1.2991796731948853,1.376428713228961e-07,-0.8612980842590332,7.195649449318982e-08,0.13878661394119263,4.017364929609357e-08,0.003020861418917775,0.13889707088470438,-2.6796861797499543e-09,trajectory,STRAIGHT,3.4702274799346924,-1.2988209383510707,0.030997984283013546
212,19746.64,1.310422420501709,1.409222534221044e-07,-0.861053466796875,7.278066718559435e-08,0.13878661394119263,4.079779358789892e-08,0.003020861418917775,0.13889707088470438,-3.0482420016927106e-09,trajectory,STRAIGHT,3.4702274799346924,-1.3100606753231858,0.031266234490244696
213,19746.656,1.3120880126953125,1.4141238580123172e-07,-0.8610172271728516,7.290276684372769e-08,0.13878661394119263,4.089065797074909e-08,0.003020861418917775,0.13889707088470427,-2.510898960876463e-09,trajectory,STRAIGHT,3.4696109294891357,-1.3117258216743437,0.03130597526598311
214,19746.75,1.323747158050537,1.4487466160062468e-07,-0.8607635498046875,7.375746445065626e-08,0.13878661394119263,4.154358634878008e-08,0.003020861418917775,0.13889707088470427,-2.899203667133851e-09,trajectory,STRAIGHT,3.4696109294891357,-1.3233818470934438,0.03158416072749228
215,19746.812,1.3299931287765503,1.4675205761705001e-07,-0.8606276512145996,7.421533816865027e-08,0.13878661394119263,4.1895443558814804e-08,0.003020861418917775,0.13889707088470424,-2.714800136230649e-09,trajectory,STRAIGHT,3.468994379043579,-1.3296261471165636,0.03173318867589974
216,19746.859,1.3370718955993652,1.4889901933656802e-07,-0.8604736328125,7.473426171570723e-08,0.13878661394119263,4.229596228810806e-08,0.003020861418917775,0.1388970708847042,-2.954441830507909e-09,trajectory,STRAIGHT,3.468994379043579,-1.3367030210589448,0.03190208703666895
217,19746.953,1.3433178663253784,1.5081045035003626e-07,-0.8603377342224121,7.519213543369609e-08,0.13878661394119263,4.265090325361598e-08,0.003020861418917775,0.1388970708847042,-3.167108949072864e-09,trajectory,STRAIGHT,3.4683806896209717,-1.3429473221103834,0.03205111501910172
218,19747.046,1.358724594116211,1.5559372457119025e-07,-0.8600025177001953,7.63215572713917e-08,0.13878661394119263,4.353260507627965e-08,0.003020861418917775,0.13889707088470427,-3.108898625888803e-09,trajectory,STRAIGHT,3.467764139175415,-1.358349933429679,0.032418717444160784
219,19747.078,1.3633049726486206,1.570346768176023e-07,-0.8599028587341309,7.66573313312443e-08,0.13878661394119263,4.3796429594067376e-08,0.003020861418917775,0.13889707088470427,-3.2683198649209057e-09,trajectory,STRAIGHT,3.4671480655670166,-1.362929088710949,0.032528004670503145
220,19747.156,1.3699673414230347,1.591461966654606e-07,-0.8597579002380371,7.71457299637549e-08,0.13878661394119263,4.4181561520417745e-08,0.003020861418917775,0.13889707088470427,-2.886575868096007e-09,trajectory,STRAIGHT,3.4671480655670166,-1.369589678672746,0.032686967924404176
221,19747.25,1.3807936906814575,1.626169421342638e-07,-0.8595223426818848,7.793937774157877e-08,0.13878661394119263,4.481090698504886e-08,0.003020861418917775,0.13889707088470427,-3.2696423650507798e-09,trajectory,STRAIGHT,3.4671480655670166,-1.380413138527281,0.03294528325150781
222,19747.281,1.3874560594558716,1.647772620572141e-07,-0.859377384185791,7.842777637408216e-08,0.13878661394119263,4.520035901123265e-08,0.003020861418917775,0.13889707088470432,-2.957871057856187e-09,trajectory,STRAIGHT,3.466531991958618,-1.3870737299245235,0.033104246554195034
223,19747.343,1.39620041847229,1.6764110455369519e-07,-0.859187126159668,7.906879957923873e-08,0.13878661394119263,4.5714010354913626e-08,0.003020861418917775,0.13889707088470432,-3.2727648299559357e-09,trajectory,STRAIGHT,3.466531991958618,-1.3958157569625271,0.03331288591738651
224,19747.375,1.3978660106658936,1.6819026882330945e-07,-0.8591508865356445,7.919089923736325e-08,0.13878661394119263,4.5812168281145205e-08,0.003020861418917775,0.13889707088470432,-3.3330101030021535e-09,trajectory,STRAIGHT,3.4659154415130615,-1.3974809050764279,0.03335262675214002
225,19747.437,1.4074431657791138,1.7137089969310182e-07,-0.8589425086975098,7.989297227157595e-08,0.13878661394119263,4.637858097567005e-08,0.0030207703821361065,0.13889707088470432,-3.681085101492662e-09,trajectory,STRAIGHT,3.4659154415130615,-1.4070555073934798,0.03358113657490247
226,19747.468,1.41035795211792,1.7234668803212116e-07,-0.8588790893554688,8.010664667329172e-08,0.13878661394119263,4.655164076439178e-08,0.003020697506144643,0.13889707088470427,-2.9303097396101742e-09,trajectory,STRAIGHT,3.465298891067505,-1.4099695170181406,0.03365068305046777
227,19747.531,1.4182695150375366,1.7501359650395898e-07,-0.8587069511413574,8.068662004937479e-08,0.13878661394119263,4.7022965077303525e-08,0.0030205966904759407,0.13889707088470427,-3.2222596891752613e-09,trajectory,STRAIGHT,3.465298891067505,-1.4178789722399188,0.0338394520739085
228,19747.578,1.4245154857635498,1.7713807665131753e-07,-0.8585710525512695,8.114449376733236e-08,0.13878661394119263,4.73966998981723e-08,0.003020570147782564,0.13889707088470427,-3.4541317985986573e-09,trajectory,STRAIGHT,3.4646830558776855,-1.4241232795370493,0.033988480269329754
229,19747.64,1.430761456489563,1.7927942508322303e-07,-0.8584351539611816,8.160236748528753e-08,0.13878661394119263,4.777188067350835e-08,0.0030192798003554344,0.1388970708847043,-3.1246787671886275e-09,trajectory,STRAIGHT,3.4646830558776855,-1.4303675873131567,0.03413750848161448
230,19747.671,1.434509038925171,1.8057234285606683e-07,-0.8583536148071289,8.187709171605947e-08,0.13878661394119263,4.799768404950555e-08,0.003018501680344343,0.13889707088470427,-3.2656012869397747e-09,trajectory,STRAIGHT,3.464066505432129,-1.4341141722086377,0.03422692541709173
231,19747.75,1.4436697959899902,1.8375853017005284e-07,-0.858154296875,8.254863983572058e-08,0.13878661394119263,4.855183988183853e-08,0.003017845330759883,0.13889707088470427,-3.6119592269809422e-09,trajectory,STRAIGHT,3.464066505432129,-1.443272491567356,0.034445500173972646
232,19747.765,1.4461681842803955,1.84633833555381e-07,-0.8580999374389648,8.273178932289999e-08,0.13878661394119263,4.870351233421388e-08,0.003017806215211749,0.13889707088470427,-3.7068843910696862e-09,trajectory,STRAIGHT,3.464066505432129,-1.4457702152074319,0.034505111477645206
233,19747.812,1.4524141550064087,1.8683410019093571e-07,-0.857964038848877,8.318966304084681e-08,0.13878661394119263,4.908370598855072e-08,0.0030178020242601633,0.13889707088470427,-3.301962841808732e-09,trajectory,STRAIGHT,3.463449001312256,-1.4520145246423724,0.03465413974883138
234,19747.875,1.4594929218292236,1.8934845513740584e-07,-0.8578100204467773,8.370858658785031e-08,0.13878661394119263,4.951634124950033e-08,0.0030178811866790056,0.13889707088470427,-3.5744308187414356e-09,trajectory,STRAIGHT,3.463449001312256,-1.4590914092465184,0.034823038476889216
235,19747.921,1.4657388925552368,1.9158535735641635e-07,-0.8576741218566895,8.4166460305792e-08,0.13878661394119263,4.989961865931036e-08,0.003017968498170376,0.13889707088470427,-3.816192241723433e-09,trajectory,STRAIGHT,3.463449001312256,-1.4653357197010308,0.03497206678470054
236,19747.984,1.4728176593780518,1.9414140695062088e-07,-0.8575201034545898,8.468538385278967e-08,0.13878661394119263,5.033574979051991e-08,0.0030180856119841337,0.1388970708847043,-3.334154674783247e-09,trajectory,STRAIGHT,3.463449001312256,-1.472412605460164,0.035140965554441156
237,19748.062,1.4782308340072632,1.961110598358573e-07,-0.8574023246765137,8.508220774166817e-08,0.13878661394119263,5.067051134233225e-08,0.0030181976035237312,0.13889707088470427,-3.5468399816178938e-09,trajectory,STRAIGHT,3.462833881378174,-1.477824342042645,0.03527012345220643
238,19748.125,1.489473581314087,2.0024373270643991e-07,-0.8571577072143555,8.590638043394847e-08,0.13878661394119263,5.136925906867873e-08,0.0030184302013367414,0.13889707088470427,-3.991661700602645e-09,trajectory,STRAIGHT,3.4622175693511963,-1.4890641037821126,0.035538374512485434
239,19748.187,1.4965523481369019,2.0287488666781428e-07,-0.8570036888122559,8.642530398093578e-08,0.13878661394119263,5.181161455425354e-08,0.0030185766518115997,0.13889707088470427,-3.439184433861069e-09,trajectory,STRAIGHT,3.4616034030914307,-1.496140991595908,0.03570727335730905
240,19748.234,1.502798318862915,2.0521525812000618e-07,-0.856867790222168,8.688317769886317e-08,0.13878661394119263,5.2203471767597875e-08,0.0030187058728188276,0.13889707088470427,-3.69068269192928e-09,trajectory,STRAIGHT,3.4616034030914307,-1.5023853048811375,0.03585630176856014
241,19748.296,1.509460687637329,2.0773114783878555e-07,-0.8567228317260742,8.737157633131644e-08,0.13878661394119263,5.2623043700350536e-08,0.003018822753801942,0.13889707088470427,-3.960393681724844e-09,trajectory,STRAIGHT,3.4616034030914307,-1.5090459062437844,0.03601526542671593
242,19748.328,1.513624668121338,2.093138107284176e-07,-0.8566322326660156,8.767682547659832e-08,0.13878661394119263,5.2886111490124676e-08,0.0030188581440597773,0.13889707088470427,-3.4097020853621215e-09,trajectory,STRAIGHT,3.4609873294830322,-1.5132087823705618,0.03611461772329219
243,19748.406,1.523618221282959,2.1314450293630216e-07,-0.856414794921875,8.84094234252705e-08,0.13878661394119263,5.3520096798820305e-08,0.00301888189278543,0.13889707088470424,-3.819958462964366e-09,trajectory,STRAIGHT,3.4609873294830322,-1.5231996859378754,0.03635306326736732
244,19748.421,1.5248674154281616,2.1362654933909653e-07,-0.8563876152038574,8.85009981688541e-08,0.13878661394119263,5.359960653095186e-08,0.00301888189278543,0.13889707088470424,-3.871479468158877e-09,trajectory,STRAIGHT,3.4603707790374756,-1.5244485489694242,0.036382868963585675
245,19748.5,1.5319461822509766,2.1637168856614153e-07,-0.8562335968017578,8.901992171582593e-08,0.13878661394119263,5.405124881008305e-08,0.00301888189278543,0.13889707088470424,-3.5991091747071914e-09,trajectory,STRAIGHT,3.4603707790374756,-1.531525439840891,0.036551767922362095
246,19748.531,1.5386085510253906,2.1897643875945505e-07,-0.8560886383056641,8.95083203482672e-08,0.13878661394119263,5.447801854074896e-08,0.00301888189278543,0.13889707088470424,-3.8771635104825205e-09,trajectory,STRAIGHT,3.459754705429077,-1.5381860435718409,0.03671073166935306
247,19748.593,1.54776930809021,2.225915380904553e-07,-0.8558893203735352,9.017986846786948e-08,0.13878661394119263,5.506751321604497e-08,0.00301888189278543,0.13889707088470424,-3.750193528401253e-09,trajectory,STRAIGHT,3.459754705429077,-1.5473443745846396,0.0369293068550239
248,19748.64,1.5519332885742188,2.242476426772555e-07,-0.8557987213134766,9.048511761314151e-08,0.13878661394119263,5.533649272138064e-08,0.00301888189278543,0.13889707088470424,-3.926500644703024e-09,trajectory,STRAIGHT,3.4591386318206787,-1.5515072526554619,0.03702865922502096
249,19748.687,1.5590120553970337,2.2708155711370637e-07,-0.855644702911377,9.10040411636545e-08,0.13878661394119263,5.579523332244207e-08,0.003018870484083891,0.1388970708847042,-4.227611029341736e-09,trajectory,STRAIGHT,3.4591386318206787,-1.5585841458600669,0.037197558272547324
250,19748.718,1.5627596378326416,2.2859136095121357e-07,-0.8555631637573242,9.12858211022495e-08,0.13878661394119263,5.60388464521111e-08,0.0030188621021807194,0.13889707088470404,-3.614515978870974e-09,trajectory,STRAIGHT,3.458521604537964,-1.5623307366269188,0.037286975424848885
251,19748.796,1.5723367929458618,2.3247964975325885e-07,-0.8553547859191895,9.16826236568744e-08,0.13878661394119263,5.6663779446353146e-08,0.0030188621021807194,0.13889707088470404,-4.000659507617284e-09,trajectory,STRAIGHT,3.458521604537964,-1.5719053582513212,0.03751548595506782
252,19748.828,1.5765007734298706,2.3418368755301344e-07,-0.8552641868591309,9.180000529936027e-08,0.13878661394119263,5.693655324989777e-08,0.0030188621021807194,0.13889707088470404,-4.164938325061181e-09,trajectory,STRAIGHT,3.4579060077667236,-1.5760682375661474,0.03761483837298444
253,19748.906,1.5860779285430908,2.3813410621187359e-07,-0.8550558090209961,9.206998307572538e-08,0.13878661394119263,5.7566371225448165e-08,0.0030188621021807194,0.1388970708847042,-3.916925994903369e-09,trajectory,STRAIGHT,3.4579060077667236,-1.5856428607895197,0.03784334896531554
254,19748.937,1.5898255109786987,2.396917579972069e-07,-0.8549742698669434,9.217562655340602e-08,0.13878661394119263,5.7813746678903044e-08,0.0030188621021807194,0.1388970708847042,-4.067227853133457e-09,trajectory,STRAIGHT,3.457289457321167,-1.5893894527887795,0.03793276616545144
255,19749.015,1.5944058895111084,2.416046527287108e-07,-0.8548746109008789,9.225779371729587e-08,0.13878661394119263,5.811680381384576e-08,0.0030188621021807194,0.1388970708847042,-4.2476992699035615e-09,trajectory,STRAIGHT,3.457289457321167,-1.593968621019357,0.03804205386360193
256,19749.078,1.6073142290115356,2.47049513291131e-07,-0.8545937538146973,9.167779185718226e-08,0.13878661394119263,5.897505772622935e-08,0.0030188621021807194,0.1388970708847042,-4.0682576576976665e-09,trajectory,STRAIGHT,3.457289457321167,-1.606873551038447,0.03835004652144064
257,19749.125,1.6123110055923462,2.4917864038798143e-07,-0.854485034942627,9.133963033643408e-08,0.13878661394119263,5.930894886319038e-08,0.0030188621021807194,0.1388970708847042,-4.232616227454242e-09,trajectory,STRAIGHT,3.457289457321167,-1.6118690083624116,0.03846926950719834
258,19749.187,1.620222568511963,2.5257443780901667e-07,-0.8543128967285156,9.080420792761874e-08,0.13878661394119263,5.983950757126877e-08,0.0030188621021807194,0.1388970708847042,-4.496161541974021e-09,trajectory,STRAIGHT,3.4566733837127686,-1.6197784830774395,0.038658039259320515
259,19749.234,1.6256357431411743,2.5491536348454247e-07,-0.8541951179504395,9.040499657301303e-08,0.13878661394119263,6.020386678073919e-08,0.0030186856165528297,0.13889707088470404,-3.957782702552101e-09,trajectory,STRAIGHT,3.4566733837127686,-1.6251902293719098,0.03878719752825289
260,19749.265,1.6289669275283813,2.563629379892518e-07,-0.8541226387023926,9.013024389725244e-08,0.13878661394119263,6.042862565891483e-08,0.003018601331859827,0.13889707088470404,-4.06622083747704e-09,trajectory,STRAIGHT,3.4560585021972656,-1.6285205349602379,0.038866679546906445
261,19749.359,1.6385440826416016,2.6055511170852697e-07,-0.8539142608642578,8.937407718371604e-08,0.13878661394119263,6.107710959213364e-08,0.0030185908544808626,0.13889707088470402,-4.3851621974211665e-09,trajectory,STRAIGHT,3.4560585021972656,-1.6380951642747519,0.03909519038092378
262,19749.375,1.6414588689804077,2.618397729747812e-07,-0.8538508415222168,8.914393948829848e-08,0.13878661394119263,6.127515916887205e-08,0.003018626943230629,0.13889707088470418,-3.991722695695865e-09,trajectory,STRAIGHT,3.4554426670074463,-1.6410091821124695,0.039164737165274084
263,19749.468,1.6522852182388306,2.6664784513741324e-07,-0.8536152839660645,8.828914233391727e-08,0.13878661394119263,6.201350544188244e-08,0.003018778283149004,0.13889707088470418,-4.36027289661827e-09,trajectory,STRAIGHT,3.4554426670074463,-1.6518326778376817,0.039423053829323706
264,19749.578,1.6651935577392578,2.724563898937049e-07,-0.8533344268798828,8.72699611114411e-08,0.13878661394119263,6.289954512794793e-08,0.0030189298558980227,0.13889707088470418,-4.429296742880892e-09,trajectory,STRAIGHT,3.4548263549804688,-1.6647376168996288,0.03973104685074308
265,19749.687,1.6793510913848877,2.789221298371558e-07,-0.8530263900756836,8.615214944814929e-08,0.13878661394119263,6.387845274957726e-08,0.0030189480166882277,0.13889707088470418,-4.9342858780881045e-09,trajectory,STRAIGHT,3.4542105197906494,-1.6788914233452914,0.04006884574347973
266,19749.765,1.6901774406433105,2.8393412776495097e-07,-0.8527908325195312,8.529735229391612e-08,0.13878661394119263,6.463206858597914e-08,0.0030189480166882277,0.13889707088470418,-4.546889215317496e-09,trajectory,STRAIGHT,3.4535937309265137,-1.6897149240233844,0.040327162611397065
267,19749.796,1.6930922269821167,2.852935665487166e-07,-0.8527274131774902,8.506721459855287e-08,0.13878661394119263,6.483570302862063e-08,0.0030189480166882277,0.13889707088470418,-4.654119161694967e-09,trajectory,STRAIGHT,3.4529781341552734,-1.6926289436781374,0.0403967094705036
268,19749.875,1.702669382095337,2.897904778365046e-07,-0.8525190353393555,8.43110478852381e-08,0.13878661394119263,6.550702380536677e-08,0.0030189480166882277,0.13889707088470418,-5.010588007297925e-09,trajectory,STRAIGHT,3.4529781341552734,-1.7022035804073425,0.040625220609171744
269,19749.906,1.7064169645309448,2.915627703714563e-07,-0.8524374961853027,8.401515656264566e-08,0.13878661394119263,6.577064226576113e-08,0.0030189480166882277,0.13889707088470418,-4.444991802065385e-09,trajectory,STRAIGHT,3.452361583709717,-1.7059501776890542,0.040714638023887285
270,19749.968,1.7130793333053589,2.9473105200850114e-07,-0.852292537689209,8.348912754471609e-08,0.13878661394119263,6.624059523119286e-08,0.0030189480166882277,0.13889707088470418,-4.697227362185234e-09,trajectory,STRAIGHT,3.452361583709717,-1.712610795496225,0.04087360233424927
271,19750.0,1.7172433137893677,2.9672273171854613e-07,-0.8522019386291504,8.316035940851822e-08,0.13878661394119263,6.65351507223022e-08,0.0030189480166882277,0.13889707088470418,-4.856447682833968e-09,trajectory,STRAIGHT,3.4517455101013184,-1.7167736818969743,0.04097295503972592
272,19750.062,1.7243220806121826,3.0012890306352347e-07,-0.8520479202270508,8.260145357699624e-08,0.13878661394119263,6.703736232793744e-08,0.0030189480166882277,0.13889707088470415,-4.6721258107850554e-09,trajectory,STRAIGHT,3.4517455101013184,-1.7238505892569265,0.04114185465934628
273,19750.093,1.7284860610961914,3.0214451385290886e-07,-0.8519573211669922,8.227268544081526e-08,0.13878661394119263,6.73336586487494e-08,0.0030189480166882277,0.13889707088470415,-4.834138612725063e-09,trajectory,STRAIGHT,3.4517455101013184,-1.728013476220731,0.041241207388747196
274,19750.187,1.736397624015808,3.059986681819282e-07,-0.8517851829528809,8.164802598208869e-08,0.13878661394119263,6.789839801513153e-08,0.0030189480166882277,0.13889707088470415,-5.145308738119099e-09,trajectory,STRAIGHT,3.4517455101013184,-1.7359229620261303,0.0414299775990958
275,19750.265,1.7497223615646362,3.1256288934855547e-07,-0.8514952659606934,8.059596794638969e-08,0.13878653943538666,6.885479564289199e-08,0.0030189480166882277,0.13889707684516864,-5.057357113788213e-09,trajectory,STRAIGHT,3.451129674911499,-1.7492442029769748,0.04174790644741285
276,19750.312,1.753886342048645,3.1463309824175667e-07,-0.8514046669006348,8.02671998102469e-08,0.13878639042377472,6.915502837046006e-08,0.0030189480166882277,0.13889708876609758,-5.226186021471699e-09,trajectory,STRAIGHT,3.450512647628784,-1.7534070912112583,0.04184725923139633
277,19750.375,1.7630470991134644,3.192192536971561e-07,-0.8512053489685059,7.947817042032735e-08,0.13878633081912994,6.981780842352237e-08,0.0030189312528818846,0.13889709353446916,-5.009890567083693e-09,trajectory,STRAIGHT,3.450512647628784,-1.7625654460589928,0.04206583538784684
278,19750.406,1.7647126913070679,3.2005780781219073e-07,-0.8511691093444824,7.935607076009283e-08,0.13878633081912994,6.993864332116573e-08,0.0030189312528818846,0.13889709353446916,-5.079452832817435e-09,trajectory,STRAIGHT,3.4498989582061768,-1.7642306015939937,0.042105576511907813
279,19750.484,1.771375060081482,3.2342657618755766e-07,-0.8510241508483887,7.905787726337815e-08,0.13878633081912994,7.042304872584282e-08,0.0030189312528818846,0.13889709353446916,-5.376225128968582e-09,trajectory,STRAIGHT,3.4498989582061768,-1.7708912240666166,0.04226454102269946
280,19750.5,1.778037428855896,3.268186219429481e-07,-0.8508791923522949,7.879491958952098e-08,0.13878633081912994,7.09090812733848e-08,0.0030189312528818846,0.13889709353446916,-5.678899933458189e-09,trajectory,STRAIGHT,3.4498989582061768,-1.777551847071237,0.04242350555676186
281,19750.546,1.7826178073883057,3.2916420877882047e-07,-0.8507795333862305,7.861413618088281e-08,0.13878633081912994,7.124419454385134e-08,0.0030189312528818846,0.13889709353446913,-5.267695426717425e-09,trajectory,STRAIGHT,3.449281692504883,-1.7821310256953922,0.04253279368748128
282,19750.609,1.791778564453125,3.3388860742888937e-07,-0.8505802154541016,7.825256936332596e-08,0.13878633081912994,7.19167516649577e-08,0.0030189312528818846,0.13889709353446913,-5.690518844886409e-09,trajectory,STRAIGHT,3.449281692504883,-1.7912893836973751,0.04275136998213564
283,19750.656,1.7946933507919312,3.354011539613566e-07,-0.8505167961120605,7.81375253759011e-08,0.13878633081912994,7.213140662543083e-08,0.0030189312528818846,0.1388970935344691,-5.01993372969067e-09,trajectory,STRAIGHT,3.4486656188964844,-1.7942034069086716,0.04282091699430634
284,19750.718,1.8038541078567505,3.4018421501968987e-07,-0.8503174781799316,7.777595855821603e-08,0.13878633081912994,7.280807778897724e-08,0.0030189312528818846,0.1388970935344691,-5.4490880122155465e-09,trajectory,STRAIGHT,3.4486656188964844,-1.8033617662344952,0.0430394933476064
285,19750.75,1.8067688941955566,3.417154630369623e-07,-0.8502540588378906,7.766091457075039e-08,0.13878633081912994,7.302404014808417e-08,0.0030189312528818846,0.1388970935344691,-5.5867651511384274e-09,trajectory,STRAIGHT,3.4480490684509277,-1.806275789866831,0.04310904037847326
286,19750.828,1.8163460493087769,3.4677876215027936e-07,-0.8500456809997559,7.728291289757968e-08,0.13878633081912994,7.373584054448656e-08,0.0030189312528818846,0.13889709353446916,-5.435316989845839e-09,trajectory,STRAIGHT,3.4480490684509277,-1.8158504396595987,0.043337552083368
287,19750.859,1.8209264278411865,3.4921774272334005e-07,-0.8499460220336914,7.710212948863437e-08,0.13878633081912994,7.407746949184002e-08,0.0030189312528818846,0.13889709353446916,-5.655331688529348e-09,trajectory,STRAIGHT,3.447432518005371,-1.8204296203827184,0.04344684030745457
288,19750.937,1.829670786857605,3.5390530683798715e-07,-0.8497557640075684,7.675699752603492e-08,0.13878633081912994,7.473183671891093e-08,0.0030189312528818846,0.13889709353446916,-6.07912579719706e-09,trajectory,STRAIGHT,3.447432518005371,-1.829171693368096,0.043655481493848486
289,19751.0,1.8350839614868164,3.568278259535873e-07,-0.8496379852294922,7.654334440628608e-08,0.13878633081912994,7.513833821803928e-08,0.0030189312528818846,0.13889709353446916,-5.3906658145288876e-09,trajectory,STRAIGHT,3.4468162059783936,-1.8345834532926872,0.04378464034420873
290,19751.062,1.843411922454834,3.613550632053375e-07,-0.849456787109375,7.629446967388165e-08,0.13878633081912994,7.576586824598053e-08,0.0030187275260686874,0.13889709353446916,-5.808064685261046e-09,trajectory,STRAIGHT,3.4468162059783936,-1.8429092384747747,0.043983346298885034
291,19751.093,1.8479923009872437,3.638610621692351e-07,-0.8493571281433105,7.616534983458311e-08,0.13878633081912994,7.611210151026171e-08,0.0030186616349965334,0.13889709353446905,-5.446112664823458e-09,trajectory,STRAIGHT,3.446200132369995,-1.8474884206775144,0.04409263458997092
292,19751.171,1.8554874658584595,3.679865301364771e-07,-0.8491940498352051,7.595406282484193e-08,0.13878633081912994,7.668035095775849e-08,0.003018720541149378,0.13889709353446905,-5.828504571377092e-09,trajectory,STRAIGHT,3.446200132369995,-1.8549816284578426,0.04427147000011952
293,19751.187,1.8592350482940674,3.700607749124174e-07,-0.8491125106811523,7.58484193199807e-08,0.13878633081912994,7.696525727851622e-08,0.0030187729280442,0.13889709353446905,-6.021032903970392e-09,trajectory,STRAIGHT,3.445582866668701,-1.8587282325990557,0.044360887716701346
294,19751.281,1.8688122034072876,3.753966950625909e-07,-0.8489041328430176,7.557844147425253e-08,0.13878633081912994,7.769572363258703e-08,0.0030188930686563253,0.13889709353446905,-5.810729108830845e-09,trajectory,STRAIGHT,3.445582866668701,-1.8683028883866228,0.04458939969413951
295,19751.296,1.8725597858428955,3.7749839520984096e-07,-0.8488225936889648,7.547279796941345e-08,0.13878633081912994,7.79824844698851e-08,0.00301891821436584,0.13889709353446905,-6.006265713228328e-09,trajectory,STRAIGHT,3.4449679851531982,-1.8720494931225105,0.044678817438168886
296,19751.39,1.8821369409561157,3.8290463066914526e-07,-0.8486142158508301,7.52028201237419e-08,0.13878633081912994,7.871769014400343e-08,0.0030188679229468107,0.13889709353446905,-6.510042298355415e-09,trajectory,STRAIGHT,3.4449679851531982,-1.8816241504291042,0.04490732948590234
297,19751.453,1.891714096069336,3.8836174098833e-07,-0.8484058380126953,7.493284227811105e-08,0.13878633081912994,7.945630642325341e-08,0.0030188036616891623,0.13889709353446908,-5.971481076848243e-09,trajectory,STRAIGHT,3.4449679851531982,-1.891198808826644,0.04513584158449618
298,19751.5,1.8971272706985474,3.9146880226326175e-07,-0.8482880592346191,7.478024610451163e-08,0.13878633081912994,7.987528505282171e-08,0.0030188148375600576,0.13889709353446908,-6.261806429013924e-09,trajectory,STRAIGHT,3.4449679851531982,-1.8966105727510296,0.045265000619346046
299,19751.546,1.9029568433761597,3.948331084302481e-07,-0.8481612205505371,7.461591176372676e-08,0.13878633081912994,8.032770892896224e-08,0.0030188539531081915,0.13889709353446905,-5.874262519730873e-09,trajectory,STRAIGHT,3.4437365531921387,-1.902438626597423,0.04540409498280397
300,19751.625,1.9104520082473755,3.991866606156691e-07,-0.8479981422424316,7.440462475416841e-08,0.13878633081912994,8.091126346698729e-08,0.0030189042445272207,0.13889709353446905,-6.28187497859011e-09,trajectory,STRAIGHT,3.4437365531921387,-1.9099318392786984,0.045582930620971865
301,19751.64,1.9141995906829834,4.0137524592864793e-07,-0.8479166030883789,7.429898124939857e-08,0.13878633081912994,8.120382233300916e-08,0.003018921008333564,0.13889709353446905,-6.487043430131008e-09,trajectory,STRAIGHT,3.4437365531921387,-1.9136784458694365,0.04567234845186167
302,19751.718,1.9233603477478027,4.067584598033136e-07,-0.84771728515625,7.404074157109855e-08,0.13878633081912994,8.192115785732312e-08,0.003018859541043639,0.13889709353446902,-6.176295695276806e-09,trajectory,STRAIGHT,3.4437365531921387,-1.922836818237279,0.0458909254051437
303,19751.765,1.929606318473816,4.1045601051337144e-07,-0.8475813865661621,7.386466906318806e-08,0.13878633081912994,8.241202920089563e-08,0.0030188176315277815,0.13889709353446902,-6.523693779245368e-09,trajectory,STRAIGHT,3.4431209564208984,-1.9290811636042307,0.046039955173187694
304,19751.828,1.9366850852966309,4.146733374454925e-07,-0.8474273681640625,7.366512022091043e-08,0.13878633081912994,8.297011788727104e-08,0.003018812043592334,0.138897093534469,-6.1693444794793144e-09,trajectory,STRAIGHT,3.4431209564208984,-1.936158088912535,0.046208855603732724
305,19751.859,1.9408490657806396,4.171674561348482e-07,-0.8473367691040039,7.354773854899282e-08,0.13878633081912994,8.329926970418455e-08,0.0030188399832695723,0.138897093534469,-6.40411156125265e-09,trajectory,STRAIGHT,3.442504644393921,-1.9403209864300948,0.04630820881150532
306,19751.937,1.950009822845459,4.2268928268640593e-07,-0.847137451171875,7.328949887080111e-08,0.13878633081912994,8.402567175380682e-08,0.003018901450559497,0.138897093534469,-6.924601226440559e-09,trajectory,STRAIGHT,3.442504644393921,-1.9494793616916226,0.04652678590336057
307,19751.953,1.9520918130874634,4.23950950789731e-07,-0.8470921516418457,7.323080803485365e-08,0.13878633081912994,8.419119268410213e-08,0.003018915420398116,0.138897093534469,-7.043665433562369e-09,trajectory,STRAIGHT,3.442504644393921,-1.9515608107532785,0.04657646252185147
308,19752.0,1.9583377838134766,4.277509049188666e-07,-0.8469562530517578,7.305473552702278e-08,0.13878633081912994,8.468874312939079e-08,0.0030188930686563253,0.13889709353446902,-6.385825745199072e-09,trajectory,STRAIGHT,3.4418880939483643,-1.9578051582460532,0.046725492392269724
309,19752.062,1.9650001525878906,4.3182885178794095e-07,-0.8468112945556641,7.286692485202228e-08,0.13878633081912994,8.522104621988547e-08,0.003018848365172744,0.13889709353446902,-6.771118631718699e-09,trajectory,STRAIGHT,3.4418880939483643,-1.9644657960804395,0.04688445761203798
310,19752.109,1.9712461233139038,4.356751333034481e-07,-0.8466753959655762,7.26908523442272e-08,0.13878633081912994,8.572158805009167e-08,0.003018806455656886,0.13889709353446902,-6.372265716721804e-09,trajectory,STRAIGHT,3.4412717819213867,-1.970710144526933,0.04703348752877043
311,19752.187,1.9787412881851196,4.403204627578816e-07,-0.8465123176574707,7.247956533489595e-08,0.13878633081912994,8.632414250087095e-08,0.003018826013430953,0.13889709353446902,-6.812027557245955e-09,trajectory,STRAIGHT,3.4412717819213867,-1.9782033632714473,0.047212323458632535
312,19752.203,1.9816560745239258,4.421357573392015e-07,-0.8464488983154297,7.23973981646072e-08,0.13878633081912994,8.655904082388588e-08,0.00301884557120502,0.13889709353446902,-6.984055070905847e-09,trajectory,STRAIGHT,3.4406559467315674,-1.9811173929624744,0.04728187077346509
313,19752.281,1.991233229637146,4.4813515387431835e-07,-0.8462405204772949,7.212742031939926e-08,0.13878633081912994,8.733304923680407e-08,0.0030189098324626684,0.138897093534469,-6.841973396460481e-09,trajectory,STRAIGHT,3.4406559467315674,-1.9906920626537925,0.04751038341419076
314,19752.312,1.994980812072754,4.504972821450792e-07,-0.8461589813232422,7.202177681476375e-08,0.13878633081912994,8.763685599433302e-08,0.003018915420398116,0.138897093534469,-7.066240578296233e-09,trajectory,STRAIGHT,3.440039873123169,-1.9944386728277834,0.047599801418574124
315,19752.39,2.0016427040100098,4.5471691123566416e-07,-0.8460140228271484,7.183396613987159e-08,0.13878633081912994,8.817823271556335e-08,0.0030188707169145346,0.1388970935344691,-6.612019639730438e-09,trajectory,STRAIGHT,3.440039873123169,-2.0010988368328313,0.04775875540286267
316,19752.453,2.0124659538269043,4.6162938360794215e-07,-0.8457784652709961,7.152877379321379e-08,0.13878633081912994,8.906149417953202e-08,0.0030187980737537146,0.1388970935344691,-7.2695830185462274e-09,trajectory,STRAIGHT,3.4394233226776123,-2.0119192804789066,0.048017000219423026
317,19752.5,2.0191264152526855,4.659175374399638e-07,-0.8456335067749023,7.134096311837333e-08,0.13878633081912994,8.960719810602313e-08,0.003018828807398677,0.1388970935344691,-6.739001750242981e-09,trajectory,STRAIGHT,3.4394233226776123,-2.0185780157167343,0.048175920140851994
318,19752.562,2.025786876678467,4.7023189608808025e-07,-0.8454885482788086,7.115315244355255e-08,0.13878633081912994,9.015455759708857e-08,0.0030188735108822584,0.1388970935344691,-7.150264359071745e-09,trajectory,STRAIGHT,3.4388084411621094,-2.0252367514772516,0.04833484008847833
319,19752.609,2.032447338104248,4.7457257323912927e-07,-0.8453435897827148,7.096534176875145e-08,0.13878633081912994,9.070355844187361e-08,0.00301891821436584,0.1388970935344691,-7.56454030764404e-09,trajectory,STRAIGHT,3.4388084411621094,-2.0318954877602096,0.048493760062415674
320,19752.656,2.03619384765625,4.77025821510324e-07,-0.8452620506286621,7.08596982641845e-08,0.13878633081912994,9.101309927928014e-08,0.0030189070384949446,0.1388970935344691,-6.702512163362379e-09,trajectory,STRAIGHT,3.438192367553711,-2.03564102714887,0.04858315255936949
321,19752.718,2.045351982116699,4.830578177461575e-07,-0.8450627326965332,7.060145858579327e-08,0.13878633081912994,9.177194471021721e-08,0.0030188497621566057,0.1388970935344691,-7.278901649235365e-09,trajectory,STRAIGHT,3.438192367553711,-2.0447967907942655,0.0488016675870804
322,19752.75,2.047433376312256,4.844357022193435e-07,-0.8450174331665039,7.05662440630676e-08,0.13878633081912994,9.194485528496443e-08,0.0030188497621566057,0.1388970935344691,-7.4127502998216985e-09,trajectory,STRAIGHT,3.437575340270996,-2.046877646305809,0.048851330100352586
323,19752.828,2.0586729049682617,4.919212415188667e-07,-0.8447728157043457,7.1280090773216e-08,0.13878633081912994,9.288128666185003e-08,0.0030187026131898165,0.1388970935344691,-7.378909890920772e-09,trajectory,STRAIGHT,3.437575340270996,-2.058114266948273,0.04911950771697273
324,19752.859,2.061586856842041,4.938743245475052e-07,-0.8447093963623047,7.156188491093242e-08,0.13878633081912994,9.312483228995916e-08,0.0030186667572706938,0.1388970935344691,-7.59758301166006e-09,trajectory,STRAIGHT,3.436959743499756,-2.0610274651349627,0.049189035259591715
325,19752.953,2.0724101066589355,5.011735879634216e-07,-0.8444738388061523,7.229218068981152e-08,0.13878633081912994,9.403218825809745e-08,0.003018747316673398,0.13889709353446908,-8.385741747015472e-09,trajectory,STRAIGHT,3.436959743499756,-2.0718479164158765,0.049447280462833004
326,19753.062,2.080319404602051,5.065525101599633e-07,-0.844301700592041,7.213955608579851e-08,0.13878633081912994,9.469800232864145e-08,0.0030188169330358505,0.13889709353446894,-7.240453877602036e-09,trajectory,STRAIGHT,3.43634295463562,-2.0797551701447077,0.049635998156187806
327,19753.109,2.091975212097168,5.145486738911131e-07,-0.844048023223877,7.255989891062564e-08,0.13878633081912994,9.568343983801242e-08,0.0030188169330358505,0.13889709353446894,-8.071365623861175e-09,trajectory,STRAIGHT,3.435728073120117,-2.0914079664512215,0.049914108510443006
328,19753.171,2.1003007888793945,5.20311004947871e-07,-0.8438668251037598,7.293563387454207e-08,0.13878633081912994,9.639040854381165e-08,0.0030188169330358505,0.13889709353446894,-7.454518642660824e-09,trajectory,STRAIGHT,3.4351112842559814,-2.0997313933596544,0.05011275881425351
329,19753.281,2.107377529144287,5.252423989077215e-07,-0.8437128067016602,7.325500859383105e-08,0.13878633081912994,9.699334668766824e-08,0.0030188169330358505,0.1388970935344689,-7.972178009680705e-09,trajectory,STRAIGHT,3.4351112842559814,-2.1068063068703893,0.05028161160589549
330,19753.328,2.118617057800293,5.331379497874877e-07,-0.843468189239502,7.37622507949792e-08,0.13878633081912994,9.795478206342523e-08,0.0030188169330358505,0.13889709353446894,-7.774781208747592e-09,trajectory,STRAIGHT,3.4344966411590576,-2.1180429354163124,0.05054978963241049
331,19753.39,2.127775192260742,5.396291271608789e-07,-0.843268871307373,7.417555925510548e-08,0.13878633081912994,9.874163708900596e-08,0.0030188169330358505,0.13889709353446894,-8.455193755209729e-09,trajectory,STRAIGHT,3.4338793754577637,-2.1271987079171453,0.05076830511917181
332,19753.453,2.132354259490967,5.428941562968248e-07,-0.8431692123413086,7.438221348514553e-08,0.13878633081912994,9.913622989188298e-08,0.0030188169330358505,0.13889709353446894,-7.41814785329636e-09,trajectory,STRAIGHT,3.4338793754577637,-2.131776594535424,0.05087756288198739
333,19753.5,2.139014720916748,5.476666729009594e-07,-0.8430242538452148,7.468280145608543e-08,0.13878633081912994,9.971158476673736e-08,0.0030188169330358505,0.1388970935344689,-7.918269467586643e-09,trajectory,STRAIGHT,3.4338793754577637,-2.1384353391450333,0.05103648328764126
334,19753.531,2.1448426246643066,5.518651846614375e-07,-0.8428974151611328,7.494581593063113e-08,0.13878633081912994,1.0021635432622134e-07,0.0030188169330358505,0.1388970935344689,-8.357910114712826e-09,trajectory,STRAIGHT,3.433262586593628,-2.1442617411036977,0.05117553866514169
335,19753.609,2.152751922607422,5.575972181759425e-07,-0.8427252769470215,7.530276414604618e-08,0.13878633081912994,1.0090342783541928e-07,0.0030188169330358505,0.1388970935344689,-7.785533653158954e-09,trajectory,STRAIGHT,3.433262586593628,-2.152169001539285,0.05136425671150729
336,19753.64,2.158163547515869,5.615416966975317e-07,-0.8426074981689453,7.554699187235634e-08,0.13878633081912994,1.0137485872974139e-07,0.0030188169330358505,0.1388970935344689,-8.198330746610338e-09,trajectory,STRAIGHT,3.432647228240967,-2.157579232784464,0.05149337960789081
337,19753.718,2.165656566619873,5.670336804541876e-07,-0.8424444198608398,7.588515333951956e-08,0.13878633081912994,1.0202941780335095e-07,0.0030188169330358505,0.13889709353446889,-8.772644067090971e-09,trajectory,STRAIGHT,3.432647228240967,-2.165070322765068,0.051672165187119
338,19753.734,2.169403076171875,5.697929736925289e-07,-0.8423628807067871,7.605423407308571e-08,0.13878633081912994,1.0235747538445139e-07,0.0030188169330358505,0.13889709353446889,-7.608518589283312e-09,trajectory,STRAIGHT,3.432647228240967,-2.1688158680009693,0.05176155799003066
339,19753.828,2.1748147010803223,5.7379423878956e-07,-0.8422451019287109,7.629846179932975e-08,0.13878633081912994,1.0283225293505893e-07,0.0030188169330358505,0.13889709353446889,-8.026957072272784e-09,trajectory,STRAIGHT,3.432647228240967,-2.1742261002973535,0.051890680943184594
340,19753.828,2.1802263259887695,5.778140916845587e-07,-0.8421273231506348,7.654268952555232e-08,0.13878633081912994,1.0330811761605219e-07,0.0030188169330358505,0.13889709353446889,-8.447076971718651e-09,trajectory,STRAIGHT,3.432647228240967,-2.179636332935118,0.05201980391492103
341,19753.875,2.186886787414551,5.827870950270153e-07,-0.841982364654541,7.684327749625828e-08,0.13878633081912994,1.0389529592202962e-07,0.0030188169330358505,0.1388970935344689,-7.934617913973382e-09,trajectory,STRAIGHT,3.43203067779541,-2.1862950812654347,0.052178724521004555
342,19753.953,2.196044921875,5.896710035813157e-07,-0.8417830467224121,7.725658595592583e-08,0.13878633081912994,1.0470535016793292e-07,0.0030188169330358505,0.1388970935344689,-8.653527127154125e-09,trajectory,STRAIGHT,3.431415319442749,-2.195450861063243,0.05239724040038525
343,19754.046,2.204786777496338,5.962920113233849e-07,-0.8415927886962891,7.765110766736928e-08,0.13878633081912994,1.0548148310363104e-07,0.0030188169330358505,0.13889709353446897,-8.210037131059577e-09,trajectory,STRAIGHT,3.431415319442749,-2.204190469962782,0.052605823789784
344,19754.093,2.213528633117676,6.029620180925122e-07,-0.841402530670166,7.804562937875669e-08,0.13878633081912994,1.0626045110484483e-07,0.0030188169330358505,0.13889709353446897,-8.905855833973389e-09,trajectory,STRAIGHT,3.430798292160034,-2.212930079751324,0.05281440722816781
345,19754.171,2.2197728157043457,6.07756476256327e-07,-0.8412666320800781,7.832743060114191e-08,0.13878633081912994,1.0681858242378439e-07,0.0030188169330358505,0.13889709353446897,-8.134541319051082e-09,trajectory,STRAIGHT,3.430798292160034,-2.2191726587156992,0.052963395428600984
346,19754.203,2.2256007194519043,6.122538138697564e-07,-0.8411397933959961,7.859044507534233e-08,0.13878633081912994,1.0734082422914071e-07,0.0030188169330358505,0.13889709353446897,-8.603469661158768e-09,trajectory,STRAIGHT,3.4301819801330566,-2.2249990661579204,0.053102451104842206
347,19754.265,2.232677459716797,6.177445470711973e-07,-0.8409857749938965,7.890981979398076e-08,0.13878633081912994,1.0797666050166299e-07,0.0030188169330358505,0.13889709353446894,-9.175573385519198e-09,trajectory,STRAIGHT,3.4295661449432373,-2.232073990011031,0.0532713044556642
348,19754.296,2.2372565269470215,6.213148822098447e-07,-0.840886116027832,7.91164740236684e-08,0.13878633081912994,1.0838907371635287e-07,0.0030188169330358505,0.13889709353446889,-8.134174057817074e-09,trajectory,STRAIGHT,3.4295661449432373,-2.23665188222585,0.05338056252369886
349,19754.375,2.245582103729248,6.278405635384843e-07,-0.8407049179077148,7.949220898669743e-08,0.13878633081912994,1.0914091319591535e-07,0.0030188169330358505,0.13889709353446889,-8.813937194682193e-09,trajectory,STRAIGHT,3.4295661449432373,-2.2449753232399274,0.053579213590642334
350,19754.406,2.2472472190856934,6.291511454037391e-07,-0.8406686782836914,7.956735597929712e-08,0.13878633081912994,1.0929159088846063e-07,0.0030188169330358505,0.13889709353446889,-8.950384088691165e-09,trajectory,STRAIGHT,3.4289491176605225,-2.246640011539249,0.05361894380947508
351,19754.484,2.2589030265808105,6.383761501638219e-07,-0.8404150009155273,8.009338492743808e-08,0.13878633081912994,1.1034920532893011e-07,0.0030188169330358505,0.13889709353446889,-8.820415128145031e-09,trajectory,STRAIGHT,3.4289491176605225,-2.258292830534778,0.053897055392221484
352,19754.5,2.260568141937256,6.39701283944305e-07,-0.8403787612915039,8.016853192002151e-08,0.13878633081912994,1.1050070725104888e-07,0.0030188169330358505,0.13889709353446889,-8.95829243394306e-09,trajectory,STRAIGHT,3.4283347129821777,-2.259957519091273,0.053936785625602
353,19754.593,2.272223949432373,6.490281521109864e-07,-0.8401250839233398,8.066167695156916e-08,0.13878633081912994,1.1156407708767802e-07,0.0030186972580850124,0.13889709353446886,-9.925213384967008e-09,trajectory,STRAIGHT,3.4283347129821777,-2.2716103398862444,0.054214897310182815
354,19754.609,2.2738890647888184,6.503678378066979e-07,-0.8400888442993164,8.072037488208898e-08,0.13878633081912994,1.1171640323937027e-07,0.003018655814230442,0.13889709353446886,-1.006299864027557e-08,trajectory,STRAIGHT,3.4283347129821777,-2.273275028699686,0.0542546275581111
355,19754.656,2.2780518531799316,6.537250101246173e-07,-0.8399982452392578,8.088472340499927e-08,0.13878633081912994,1.1209765915509706e-07,0.0030186071526259184,0.13889709353446889,-8.514608822392621e-09,trajectory,STRAIGHT,3.4277169704437256,-2.277436750873747,0.054353953185887635
356,19754.703,2.285128593444824,6.594584078811749e-07,-0.8398442268371582,8.116411589396433e-08,0.13878633081912994,1.1274726574583838e-07,0.003018629504367709,0.13889709353446889,-9.107153741577576e-09,trajectory,STRAIGHT,3.4277169704437256,-2.284511679029933,0.0545228067793051
357,19754.796,2.291372776031494,6.645453254350286e-07,-0.8397083282470703,8.141063867836366e-08,0.13878633081912994,1.1332199534308529e-07,0.003018715186044574,0.13889709353446889,-9.632586605647948e-09,trajectory,STRAIGHT,3.42710018157959,-2.2907542631783215,0.0546717952721144
358,19754.89,2.3067750930786133,6.772032747903722e-07,-0.8393731117248535,8.201872821328899e-08,0.13878633081912994,1.1474583772042024e-07,0.0030189137905836105,0.13889709353446886,-9.469296793312293e-09,trajectory,STRAIGHT,3.426485776901245,-2.3061526393384213,0.05503930033123206
359,19754.921,2.3105216026306152,6.803060728088894e-07,-0.8392915725708008,8.216664188396238e-08,0.13878633081912994,1.1509351338645502e-07,0.003018938936293125,0.13889709353446886,-9.789528111671125e-09,trajectory,STRAIGHT,3.426485776901245,-2.3098981907107827,0.05512869347755072
360,19754.984,2.317598342895508,6.861928341095336e-07,-0.8391375541687012,8.244603437302901e-08,0.13878633081912994,1.1575164649002545e-07,0.003018940333276987,0.13889709353446886,-1.0396812149309097e-08,trajectory,STRAIGHT,3.426485776901245,-2.3169731215230485,0.05529754722428806
361,19755.078,2.330502986907959,6.970138883843902e-07,-0.8388566970825195,8.295551479432517e-08,0.13878633081912994,1.16956556439618e-07,0.003018940333276987,0.13889709353446883,-9.461479524494338e-09,trajectory,STRAIGHT,3.4258689880371094,-2.3298744674334984,0.05560545708409761
362,19755.125,2.3346657752990723,7.005285169725539e-07,-0.8387660980224609,8.311986331733963e-08,0.13878633081912994,1.1734655203099464e-07,0.003018940333276987,0.13889709353446883,-9.823939010516329e-09,trajectory,STRAIGHT,3.4252524375915527,-2.3340361923305437,0.05570478286928558
363,19755.171,2.3413262367248535,7.061762516968884e-07,-0.8386211395263672,8.338282095417872e-08,0.13878633081912994,1.1797188648188239e-07,0.003018940333276987,0.13889709353446883,-9.047491686527788e-09,trajectory,STRAIGHT,3.4252524375915527,-2.340694952581373,0.055863704149908405
364,19755.218,2.345905303955078,7.100765628820227e-07,-0.8385214805603027,8.356360432951695e-08,0.13878633081912994,1.1840275959684732e-07,0.003018940333276987,0.13889709353446883,-9.449679024573075e-09,trajectory,STRAIGHT,3.42463755607605,-2.3452728505504084,0.05597296254782518
365,19755.265,2.3529820442199707,7.161322059801023e-07,-0.8383674621582031,8.384299681869427e-08,0.13878633081912994,1.190701865994015e-07,0.003018940333276987,0.1388970935344688,-1.0073827139688142e-08,trajectory,STRAIGHT,3.42463755607605,-2.3523477842504263,0.05614181646339625
366,19755.359,2.3592262268066406,7.215037385321921e-07,-0.8382315635681152,8.40895196032809e-08,0.13878633081912994,1.1966062629653607e-07,0.003018940333276987,0.13889709353446883,-9.148510535101048e-09,trajectory,STRAIGHT,3.424020767211914,-2.3585903732882016,0.05629080524073954
367,19755.453,2.3729634284973145,7.334149358939612e-07,-0.8379325866699219,8.463186972943214e-08,0.13878633081912994,1.209646995903313e-07,0.003018940333276987,0.13889709353446883,-1.0375570324959912e-08,trajectory,STRAIGHT,3.4234063625335693,-2.3723240707508353,0.0566185806446938
368,19755.484,2.3792076110839844,7.388717904177611e-07,-0.837796688079834,8.487839251407391e-08,0.13878633081912994,1.2155976492067566e-07,0.003018940333276987,0.1388970935344688,-9.299722453417749e-09,trajectory,STRAIGHT,3.4234063625335693,-2.37856666122412,0.056767569507334775
369,19755.562,2.3858680725097656,7.447220582434966e-07,-0.8376517295837402,8.514135015104413e-08,0.13878633081912994,1.221961127839677e-07,0.003018940333276987,0.1388970935344688,-9.902160971312225e-09,trajectory,STRAIGHT,3.4234063625335693,-2.385225424889626,0.056926490990433044
370,19755.625,2.3971076011657715,7.546637448285765e-07,-0.837407112121582,8.558509116347586e-08,0.13878633081912994,1.2327365084274788e-07,0.003018940333276987,0.1388970935344688,-1.0925213720364057e-08,trajectory,STRAIGHT,3.422788619995117,-2.3964620897308606,0.05719467106250125
371,19755.687,2.4021029472351074,7.591102644255443e-07,-0.8372983932495117,8.578230939124123e-08,0.13878633081912994,1.2375407720810472e-07,0.003018940333276987,0.1388970935344688,-9.369415769349942e-09,trajectory,STRAIGHT,3.422788619995117,-2.401456163459258,0.05731386223362694
372,19755.718,2.407930850982666,7.643199069207185e-07,-0.8371715545654297,8.601239732364809e-08,0.13878633081912994,1.2431573281901365e-07,0.003018940333276987,0.13889709353446877,-9.905524482033626e-09,trajectory,STRAIGHT,3.4221739768981934,-2.4072825831710105,0.057452918621970266
373,19755.781,2.41542387008667,7.710526119808492e-07,-0.8370084762573242,8.630822466533611e-08,0.13878633081912994,1.250397048124796e-07,0.003018940333276987,0.13889709353446877,-1.0598019839440883e-08,trajectory,STRAIGHT,3.4221739768981934,-2.414773694801525,0.057631705441566546
374,19755.828,2.4212517738342285,7.763162557239411e-07,-0.8368816375732422,8.653831259777729e-08,0.13878633081912994,1.2560424522689573e-07,0.003018940333276987,0.13889709353446877,-9.586452299617387e-09,trajectory,STRAIGHT,3.4215569496154785,-2.4206001154037153,0.05777076188389573
375,19755.906,2.429577350616455,7.838768851797795e-07,-0.836700439453125,8.686700964414787e-08,0.13878633081912994,1.264129139144643e-07,0.003018940333276987,0.13889709353446877,-1.0363915594944099e-08,trajectory,STRAIGHT,3.4215569496154785,-2.428923574082134,0.057969413985492706
376,19755.921,2.4324913024902344,7.865345992286166e-07,-0.836637020111084,8.698205361038483e-08,0.13878633081912994,1.2669654836372501e-07,0.003018940333276987,0.13889709353446877,-1.0637095850931873e-08,trajectory,STRAIGHT,3.4209401607513428,-2.431836784807196,0.05803894223254211
377,19756.015,2.4437308311462402,7.968416753101337e-07,-0.8363924026489258,8.742579462304821e-08,0.13878633081912994,1.2779354108261032e-07,0.003018940333276987,0.13889709353446875,-1.0229622103258468e-08,trajectory,STRAIGHT,3.4209401607513428,-2.4430734556575615,0.058307122669895795
378,19756.078,2.4516401290893555,8.041481009968265e-07,-0.8362202644348145,8.773805681717813e-08,0.13878633081912994,1.2856831688168313e-07,0.003018940333276987,0.13889709353446875,-1.09802603261128e-08,trajectory,STRAIGHT,3.42032527923584,-2.4509807434190023,0.05849584229020537
379,19756.125,2.4578843116760254,8.099476644929382e-07,-0.8360843658447266,8.798457960203708e-08,0.13878633081912994,1.291816005277724e-07,0.003018940333276987,0.13889709353446872,-9.907312934603734e-09,trajectory,STRAIGHT,3.42032527923584,-2.457223339525605,0.05864483149545775
380,19756.187,2.464961051940918,8.165537792592659e-07,-0.835930347442627,8.826397209156474e-08,0.13878633081912994,1.2987842978873232e-07,0.003018940333276987,0.13889709353446872,-1.0585871354091895e-08,trajectory,STRAIGHT,3.4197092056274414,-2.4642982823186657,0.05881368596134378
381,19756.25,2.4720377922058105,8.231954780058004e-07,-0.8357763290405273,8.854336458111455e-08,0.13878633081912994,1.3057710646080523e-07,0.003018940333276987,0.13889709353446872,-1.1267740526875631e-08,trajectory,STRAIGHT,3.4197092056274414,-2.4713732256840544,0.058982540462803656
382,19756.281,2.4757843017578125,8.267261932815018e-07,-0.8356947898864746,8.869127825206161e-08,0.13878633081912994,1.309477397626324e-07,0.003018940333276987,0.13889709353446872,-9.825722836819372e-09,trajectory,STRAIGHT,3.4190921783447266,-2.4751187841679254,0.05907193403691775
383,19756.359,2.4824447631835938,8.330276841661544e-07,-0.8355498313903809,8.89542358893162e-08,0.13878633081912994,1.3160794765099126e-07,0.003018940333276987,0.13889709353446872,-1.0472718583017923e-08,trajectory,STRAIGHT,3.4190921783447266,-2.481777555201667,0.05923085597111063
384,19756.39,2.489105224609375,8.393608936785313e-07,-0.8354048728942871,8.921719352659041e-08,0.13878633081912994,1.3226977557678765e-07,0.003018975257873535,0.1388970935344687,-1.0191205838665207e-08,trajectory,STRAIGHT,3.4184772968292236,-2.488436326741784,0.0593897779370131
385,19756.468,2.500344753265381,8.501203296873427e-07,-0.8351602554321289,8.966093453953509e-08,0.13878633081912994,1.333903725253549e-07,0.0030190073885023594,0.1388970935344687,-1.129517426546644e-08,trajectory,STRAIGHT,3.4184772968292236,-2.4996730048633253,0.05965795882659793
386,19756.531,2.5061726570129395,8.557350952287379e-07,-0.8350334167480469,8.989102247219507e-08,0.13878633081912994,1.3397325915320835e-07,0.0030190073885023594,0.1388970935344687,-1.1870936418460046e-08,trajectory,STRAIGHT,3.417860746383667,-2.5054994311230416,0.05979701561994897
387,19756.593,2.514498233795166,8.637987320980756e-07,-0.8348522186279297,9.02197195188782e-08,0.13878633081912994,1.3480814686772646e-07,0.0030190073885023594,0.13889709353446866,-1.0547070913643177e-08,trajectory,STRAIGHT,3.417245388031006,-2.5138228978797486,0.059995668224410166
388,19756.687,2.5215749740600586,8.706921903467446e-07,-0.8346982002258301,9.049911200858298e-08,0.13878633081912994,1.3551982647186378e-07,0.0030190073885023594,0.13889709353446866,-1.1253911805779821e-08,trajectory,STRAIGHT,3.417245388031006,-2.5208978452437023,0.060164522977557866
389,19756.75,2.5328145027160645,8.817154935059079e-07,-0.8344535827636719,9.094285302168901e-08,0.13878633081912994,1.366539521541199e-07,0.0030190073885023594,0.13889709353446847,-1.0967075118488594e-08,trajectory,STRAIGHT,3.416628837585449,-2.5321345275228424,0.06043270413093474
390,19756.812,2.5415563583374023,8.903527941583889e-07,-0.8342633247375488,9.128798492081007e-08,0.13878633081912994,1.37539288402877e-07,0.0030190073885023594,0.13889709353446844,-1.185212275595405e-08,trajectory,STRAIGHT,3.4160122871398926,-2.5408741702890723,0.06064128953605239
391,19756.921,2.549881935119629,8.986306738734129e-07,-0.8340821266174316,9.161668196762344e-08,0.13878633081912994,1.383851042646711e-07,0.0030190073885023594,0.13889709353446864,-1.0837978394763148e-08,trajectory,STRAIGHT,3.4160122871398926,-2.5491976403979777,0.06083994235469543
392,19756.968,2.557791233062744,9.065417430065281e-07,-0.8339099884033203,9.192894416212454e-08,0.13878633081912994,1.3919101604642492e-07,0.0030190073885023594,0.1388970935344686,-1.1648348134941743e-08,trajectory,STRAIGHT,3.4153976440429688,-2.5571049377309407,0.06102866257947632
393,19757.031,2.566533088684082,9.153390578831022e-07,-0.8337197303771973,9.227407606134215e-08,0.13878633081912994,1.4008445248236967e-07,0.0030190073885023594,0.1388970935344686,-1.1015825775414314e-08,trajectory,STRAIGHT,3.414780616760254,-2.5658445829780803,0.06123724814456264
394,19757.078,2.571528434753418,9.203913577948697e-07,-0.833611011505127,9.247129428948166e-08,0.13878633081912994,1.4059627062579239e-07,0.0030190073885023594,0.1388970935344686,-1.153316832836533e-08,trajectory,STRAIGHT,3.414780616760254,-2.570838666365894,0.06135643992129619
395,19757.14,2.580270290374756,9.292774052482855e-07,-0.8334207534790039,9.281642618875234e-08,0.13878633081912994,1.41494155059263e-07,0.0030190073885023594,0.1388970935344686,-1.244267215676167e-08,trajectory,STRAIGHT,3.414165735244751,-2.579578312975748,0.061565025575089825
396,19757.187,2.585265636444092,9.343805231765145e-07,-0.8333120346069336,9.301364441692218e-08,0.13878633081912994,1.4200851694567973e-07,0.0030190073885023594,0.13889709353446858,-1.0811529643011759e-08,trajectory,STRAIGHT,3.414165735244751,-2.5845723971418835,0.061684217402626924
397,19757.25,2.5927586555480957,9.420700166629103e-07,-0.8331489562988281,9.330947175919764e-08,0.13878633081912994,1.4278178639415273e-07,0.0030190073885023594,0.13889709353446858,-1.159857399700273e-08,trajectory,STRAIGHT,3.414165735244751,-2.5920635239214036,0.061863005178739244
398,19757.296,2.596921443939209,9.463599894843355e-07,-0.8330583572387695,9.347382028269472e-08,0.13878633081912994,1.4321227581604035e-07,0.0030190073885023594,0.13889709353446858,-1.2037504121129532e-08,trajectory,STRAIGHT,3.4135489463806152,-2.5962252612960057,0.06196233173905073
399,19757.359,2.604414463043213,9.54114511841908e-07,-0.8328952789306641,9.376964762500879e-08,0.13878633081912994,1.4398879955024313e-07,0.0030190073885023594,0.13889709353446858,-1.1212761531018918e-08,trajectory,STRAIGHT,3.4135489463806152,-2.60371638906485,0.06214111958017342
400,19757.375,2.6077446937561035,9.575744570611278e-07,-0.8328227996826172,9.390112644382301e-08,0.13878633081912994,1.4433457806717342e-07,0.0030190073885023594,0.13889709353446855,-1.1566736660293295e-08,trajectory,STRAIGHT,3.4135489463806152,-2.607045779388372,0.06222058085638161
401,19757.468,2.617319107055664,9.675682122178841e-07,-0.8326144218444824,9.42791280479412e-08,0.13878633081912994,1.4533100056723924e-07,0.0030190073885023594,0.13889709353446855,-1.2588753365607093e-08,trajectory,STRAIGHT,3.4135489463806152,-2.616617777267564,0.0624490320718796
402,19757.484,2.621065616607666,9.714975703900564e-07,-0.8325328826904297,9.442704171912891e-08,0.13878633081912994,1.4572182749361673e-07,0.0030190073885023594,0.13889709353446855,-1.0981681590424286e-08,trajectory,STRAIGHT,3.4129345417022705,-2.6203633419373418,0.0625384260445231
403,19757.562,2.6277260780334473,9.785089787328616e-07,-0.8323879241943359,9.468999935681128e-08,0.13878633081912994,1.4641791779013147e-07,0.0030190073885023594,0.13889709353446855,-1.1698719391996172e-08,trajectory,STRAIGHT,3.4129345417022705,-2.627022123964373,0.06269734868843134
404,19757.625,2.6381330490112305,9.895314860841609e-07,-0.8321614265441895,9.510087066572924e-08,0.13878633081912994,1.475088566849081e-07,0.0030190073885023594,0.13889709353446852,-1.2825371711210968e-08,trajectory,STRAIGHT,3.4123175144195557,-2.6374264718852842,0.06294566538670063
405,19757.703,2.645209789276123,9.970734708986129e-07,-0.8320074081420898,9.538026315582082e-08,0.13878633081912994,1.4825297967036022e-07,0.0030190073885023594,0.13889709353446839,-1.1515879828731278e-08,trajectory,STRAIGHT,3.4123175144195557,-2.6445014291702833,0.06311452078819028
406,19757.734,2.6518702507019043,1.004206637844618e-06,-0.8318624496459961,9.564322079357427e-08,0.13878633081912994,1.4895503852585534e-07,0.0030190073885023594,0.13889709353446839,-1.2244848514926748e-08,trajectory,STRAIGHT,3.41170072555542,-2.6511602130137817,0.06327344355382246
407,19757.796,2.657698154449463,1.010475671137101e-06,-0.8317356109619141,9.573478126740742e-08,0.13878633081912994,1.4957069538468204e-07,0.003018981544300914,0.13889709353446836,-1.2873224765365998e-08,trajectory,STRAIGHT,3.41170072555542,-2.6569866492874823,0.06341250100125499
408,19757.843,2.664358615875244,1.0176722753385548e-06,-0.8315906524658203,9.58850752597387e-08,0.13878633081912994,1.5027583799565036e-07,0.003018981544300914,0.13889709353446839,-1.1628289952473707e-08,trajectory,STRAIGHT,3.411085844039917,-2.663645434069373,0.06357142383030637
409,19757.906,2.6701865196228027,1.0239970151815214e-06,-0.8314638137817383,9.601658249161693e-08,0.13878633081912994,1.5089419491687295e-07,0.003018981544300914,0.13889709353446839,-1.2265877971183333e-08,trajectory,STRAIGHT,3.411085844039917,-2.6694718711638146,0.0637104813334296
410,19757.937,2.67559814453125,1.029893383019953e-06,-0.8313460350036621,9.613869635748068e-08,0.13878633081912994,1.5146950715916319e-07,0.003018981544300914,0.13889709353446839,-1.2860216145522916e-08,trajectory,STRAIGHT,3.4104690551757812,-2.674882134522818,0.06383960618114677
411,19758.015,2.684340000152588,1.0394655873824377e-06,-0.8311557769775391,9.633595721779635e-08,0.13878633081912994,1.524011423725824e-07,0.003018981544300914,0.13889709353446836,-1.2015213286915894e-08,trajectory,STRAIGHT,3.4104690551757812,-2.683621791415028,0.06404819252090198
412,19758.046,2.686837673187256,1.0422112382002524e-06,-0.8311014175415039,9.639231746361767e-08,0.13878633081912994,1.526678516938773e-07,0.003018981544300914,0.13889709353446836,-1.2292000457924388e-08,trajectory,STRAIGHT,3.4098517894744873,-2.68611883639943,0.06410778862870713
413,19758.125,2.6955795288085938,1.0518589306229842e-06,-0.8309111595153809,9.672807726273323e-08,0.13878633081912994,1.5360315330781305e-07,0.003018981544300914,0.13889709353446836,-1.3276506232795096e-08,trajectory,STRAIGHT,3.4098517894744873,-2.6948584943978062,0.06431637504392891
414,19758.156,2.699742317199707,1.0564738204266177e-06,-0.8308205604553223,9.693939265468959e-08,0.13878633081912994,1.5404953046527226e-07,0.0030189743265509605,0.13889709353446839,-1.1689920129471918e-08,trajectory,STRAIGHT,3.4092376232147217,-2.6990202366040066,0.06441570192906489
415,19758.187,2.7043213844299316,1.0615656265144935e-06,-0.8307209014892578,9.706852667684011e-08,0.13878633081912994,1.545412828818371e-07,0.00301883346401155,0.13889709353446836,-1.2205418484110233e-08,trajectory,STRAIGHT,3.4092376232147217,-2.703598153255939,0.06452496151813737
416,19758.25,2.712646961212158,1.070865096153284e-06,-0.8305397033691406,9.71506938139256e-08,0.13878633081912994,1.554373767476136e-07,0.0030186884105205536,0.13889709353446836,-1.3133401991517977e-08,trajectory,STRAIGHT,3.408620595932007,-2.711921638681588,0.06472361535807951
417,19758.296,2.717642307281494,1.0764706530608237e-06,-0.8304309844970703,9.715069379683384e-08,0.13878633081912994,1.559762807801235e-07,0.003018684219568968,0.13889709353446836,-1.3688539869743376e-08,trajectory,STRAIGHT,3.408620595932007,-2.7169157303108946,0.06484280768791255
418,19758.343,2.7247190475463867,1.0844451026059687e-06,-0.8302769660949707,9.715069377261787e-08,0.13878633081912994,1.5674129372200696e-07,0.003018719144165516,0.13889709353446833,-1.218934236119632e-08,trajectory,STRAIGHT,3.408620595932007,-2.723990693932244,0.06501166352174381
419,19758.437,2.7309632301330566,1.0915138091149856e-06,-0.8301410675048828,9.715069375124824e-08,0.13878633081912994,1.57417858304143e-07,0.0030188048258423805,0.13889709353446833,-1.2889675509763875e-08,trajectory,STRAIGHT,3.408005475997925,-2.7302333093592352,0.0651606539957779
420,19758.531,2.746781826019287,1.1095578429376474e-06,-0.8297967910766602,9.715069369710107e-08,0.13878633081912994,1.5913829543023894e-07,0.0030189333483576775,0.1388970935344683,-1.3303133189724039e-08,trajectory,STRAIGHT,3.407388210296631,-2.7460479370657183,0.06553809666660271
421,19758.562,2.7509446144104004,1.1143388292111922e-06,-0.8297061920166016,9.715069368284922e-08,0.13878633081912994,1.5959258803377452e-07,0.0030189333483576775,0.1388970935344683,-1.3777133446131808e-08,trajectory,STRAIGHT,3.406773567199707,-2.7502096816654102,0.06563742371778787
422,19758.64,2.755523681640625,1.1196136711077997e-06,-0.8296065330505371,9.715069366717096e-08,0.13878633081912994,1.600930517042798e-07,0.0030189333483576775,0.1388970935344683,-1.4300168772294062e-08,trajectory,STRAIGHT,3.406773567199707,-2.754787600949399,0.06574668348984405
423,19758.734,2.768428325653076,1.1345682651153766e-06,-0.8293256759643555,9.715069362297978e-08,0.13878633081912994,1.6150764281519514e-07,0.0030189333483576775,0.13889709353446827,-1.3212046245520011e-08,trajectory,STRAIGHT,3.406156301498413,-2.767689011104423,0.0660545974820166
424,19758.765,2.7750887870788574,1.1423384194131359e-06,-0.8291807174682617,9.715069360016738e-08,0.13878633081912994,1.6224016974319966e-07,0.0030189333483576775,0.13889709353446827,-1.3982956982816601e-08,trajectory,STRAIGHT,3.406156301498413,-2.774347804172038,0.06621352088445477
425,19758.796,2.7792515754699707,1.1472126288936124e-06,-0.8290901184082031,9.715069358590825e-08,0.13878633081912994,1.6269883928998752e-07,0.0030189333483576775,0.13889709353446827,-1.4466629715422783e-08,trajectory,STRAIGHT,3.406156301498413,-2.7785095500913926,0.0663128480288366
426,19758.859,2.7875771522521973,1.1570023161766585e-06,-0.8289089202880859,9.715069355738674e-08,0.13878633081912994,1.636181110598045e-07,0.0030189333483576775,0.13889709353446827,-1.2908878990741802e-08,trajectory,STRAIGHT,3.406156301498413,-2.786833042511624,0.06651150235885683
427,19758.906,2.792572498321533,1.1629026630544104e-06,-0.8288002014160156,9.715069354027179e-08,0.13878633081912994,1.6417089909737115e-07,0.0030189333483576775,0.13889709353446827,-1.3494606586504131e-08,trajectory,STRAIGHT,3.405540704727173,-2.7918271383357833,0.06663069498339592
428,19758.953,2.797567844390869,1.1688229051287635e-06,-0.8286914825439453,9.715069352315527e-08,0.13878633081912994,1.64724625051349e-07,0.0030189333483576775,0.13889709353446827,-1.4082398735256446e-08,trajectory,STRAIGHT,3.405540704727173,-2.796821234438845,0.06674988762782455
429,19759.046,2.8058934211730957,1.1787343510150095e-06,-0.8285102844238281,9.71506934946243e-08,0.13878633081912994,1.6564955274134263e-07,0.0030189333483576775,0.13889709353446825,-1.3083570186333021e-08,trajectory,STRAIGHT,3.4049251079559326,-2.8051447285634694,0.06694854207956871
430,19759.14,2.821295738220215,1.197217102344439e-06,-0.8281750679016113,9.715069344183072e-08,0.13878633081912994,1.6736743191358983e-07,0.0030189333483576775,0.13889709353446825,-1.491964107023264e-08,trajectory,STRAIGHT,3.4043080806732178,-2.8205431947342277,0.06731605296183013
431,19759.171,2.825458526611328,1.2022451301163528e-06,-0.8280844688415527,9.715069342755966e-08,0.13878633081912994,1.6783324952029943e-07,0.0030189333483576775,0.13889709353446825,-1.2810365897321567e-08,trajectory,STRAIGHT,3.403693914413452,-2.8247049428023345,0.06741538025998646
432,19759.234,2.8325352668762207,1.2108250757592032e-06,-0.8279304504394531,9.715069340329639e-08,0.13878633081912994,1.6862659890648501e-07,0.0030189333483576775,0.13889709353446822,-1.3663077387977677e-08,trajectory,STRAIGHT,3.403693914413452,-2.8317799149615936,0.06758423669914146
433,19759.265,2.836698055267334,1.2158909612480784e-06,-0.8278398513793945,9.715069338902241e-08,0.13878633081912994,1.6909413602661516e-07,0.0030189333483576775,0.13889709353446822,-1.4166627127359893e-08,trajectory,STRAIGHT,3.403076648712158,-2.8359416635513526,0.06768356403514474
434,19759.328,2.8437747955322266,1.2245352536410792e-06,-0.8276858329772949,9.715069336475422e-08,0.13878633081912994,1.698904412705815e-07,0.0030189333483576775,0.13889709353446822,-1.5026009761707624e-08,trajectory,STRAIGHT,3.403076648712158,-2.843016636597085,0.06785242053862815
435,19759.359,2.84793758392334,1.2296391105337534e-06,-0.8275952339172363,9.715069335047734e-08,0.13878633081912994,1.7035972632584162e-07,0.0030189333483576775,0.13889709353446822,-1.3020066954728448e-08,trajectory,STRAIGHT,3.403076648712158,-2.847178385708105,0.06795174791259202
436,19759.421,2.854598045349121,1.2378345672914293e-06,-0.8274502754211426,9.715069332763214e-08,0.13878633081912994,1.7111192107677198e-07,0.0030189333483576775,0.13889709353446822,-1.3835081364009435e-08,trajectory,STRAIGHT,3.403076648712158,-2.853837184687059,0.06811067174021158
437,19759.468,2.860842227935791,1.245550606654433e-06,-0.8273143768310547,9.715069330621225e-08,0.13878633081912994,1.7181858424919483e-07,0.0030189333483576775,0.13889709353446822,-1.4602555685480102e-08,trajectory,STRAIGHT,3.402459144592285,-2.8600798091782593,0.06825966286139425
438,19759.515,2.868335247039795,1.254851895282627e-06,-0.8271512985229492,9.715069328050518e-08,0.13878633081912994,1.7266852125885634e-07,0.0030189333483576775,0.1388970935344682,-1.3592160300330331e-08,trajectory,STRAIGHT,3.402459144592285,-2.8675709591402736,0.06843845224884287
439,19759.562,2.872081756591797,1.259519763152639e-06,-0.8270697593688965,9.715069326765036e-08,0.13878633081912994,1.7309426425526908e-07,0.0030189333483576775,0.1388970935344682,-1.4056608925880318e-08,trajectory,STRAIGHT,3.4018449783325195,-2.8713165343554223,0.06852784695978584
440,19759.625,2.881239891052246,1.2709786005871138e-06,-0.8268704414367676,9.715069323622377e-08,0.13878633081912994,1.741371562502536e-07,0.0030189333483576775,0.1388970935344682,-1.5196952115009834e-08,trajectory,STRAIGHT,3.4018449783325195,-2.8804723855381695,0.06874636741279302
441,19759.656,2.88248872756958,1.2725464557661326e-06,-0.82684326171875,9.715069323193792e-08,0.13878633081912994,1.742796058579188e-07,0.0030189333483576775,0.1388970935344682,-1.3008366392751884e-08,trajectory,STRAIGHT,3.4012279510498047,-2.8817209107716693,0.06877616566166986
442,19759.734,2.893728256225586,1.2867153600382153e-06,-0.8265986442565918,9.715069319336095e-08,0.13878633081912994,1.755643097567372e-07,0.0030189333483576775,0.13889709353446816,-1.4418840328431296e-08,trajectory,STRAIGHT,3.4012279510498047,-2.8929576386525966,0.06904434995975235
443,19759.765,2.8966422080993652,1.2904058621643344e-06,-0.8265352249145508,9.715069318335823e-08,0.13878633081912994,1.75898136944852e-07,0.0030189333483576775,0.13889709353446816,-1.4786287470771608e-08,trajectory,STRAIGHT,3.400611639022827,-2.8958708646284563,0.06911387923929582
444,19759.843,2.9008049964904785,1.2956900263816351e-06,-0.8264446258544922,9.715069316906773e-08,0.13878633081912994,1.7637559324157337e-07,0.0030189333483576775,0.13889709353446816,-1.351936704253801e-08,trajectory,STRAIGHT,3.400611639022827,-2.9000326161860173,0.06921320679351568
445,19759.859,2.9074654579162598,1.304174588767637e-06,-0.8262996673583984,9.715069314620068e-08,0.13878633081912994,1.771408619788417e-07,0.0030189333483576775,0.13889709353446816,-1.4364337933677552e-08,trajectory,STRAIGHT,3.400611639022827,-2.9066914190780153,0.06937213091015858
446,19759.906,2.9120445251464844,1.3100290061629494e-06,-0.826200008392334,9.715069313047799e-08,0.13878633081912994,1.7766794258022856e-07,0.0030189333483576775,0.13889709353446816,-1.4947460164408307e-08,trajectory,STRAIGHT,3.399995803833008,-2.9112693463516663,0.06948139126162527
447,19759.968,2.9212026596069336,1.321790136898926e-06,-0.8260006904602051,9.715069309902873e-08,0.13878633081912994,1.7872443436317553e-07,0.0030187456868588924,0.13889709353446816,-1.4306440849934016e-08,trajectory,STRAIGHT,3.399995803833008,-2.9204252015963164,0.0696999120168397
448,19760.015,2.925365447998047,1.3271592251840048e-06,-0.8259100914001465,9.715069308473189e-08,0.13878633081912994,1.7920568495810585e-07,0.0030186595395207405,0.13889709353446816,-1.4841407947042287e-08,trajectory,STRAIGHT,3.399378776550293,-2.9245869542874914,0.06979923965595945
449,19760.078,2.934523582458496,1.3390219919529045e-06,-0.8257107734680176,9.715069305327506e-08,0.13878633081912994,1.8026671000370698e-07,0.00301866652444005,0.13889709353446814,-1.6023594713835056e-08,trajectory,STRAIGHT,3.399378776550293,-2.933742810883679,0.070017760512781
450,19760.109,2.938270092010498,1.3438951782518416e-06,-0.8256292343139648,9.715069304040484e-08,0.13878633081912994,1.8070166163397516e-07,0.0030187172815203667,0.13889709353446814,-1.3828398901489552e-08,trajectory,STRAIGHT,3.3987643718719482,-2.937488388849758,0.07010715542898392
451,19760.187,2.9449305534362793,1.3525875601771986e-06,-0.8254842758178711,9.715069301752232e-08,0.13878633081912994,1.814761816376631e-07,0.003018810413777828,0.13889709353446814,-1.4694891847961559e-08,trajectory,STRAIGHT,3.3987643718719482,-2.9441471945063427,0.07026607975338721
452,19760.218,2.9515910148620605,1.361317345072166e-06,-0.8253393173217773,9.715069299463707e-08,0.13878633081912994,1.8225236431135272e-07,0.003018895862624049,0.13889709353446814,-1.5565258105024982e-08,trajectory,STRAIGHT,3.3981473445892334,-2.950806000653664,0.07042500411518281
453,19760.296,2.958251476287842,1.3700841918762308e-06,-0.8251943588256836,9.715069297174906e-08,0.13878633081912994,1.830301954441893e-07,0.003018933581188321,0.1388970935344681,-1.4375738412223326e-08,trajectory,STRAIGHT,3.3981473445892334,-2.9574648072915295,0.07058392851402977
454,19760.359,2.967409610748291,1.3821997981722234e-06,-0.8249950408935547,9.715069294027357e-08,0.13878633081912994,1.8410239022159658e-07,0.003018933581188321,0.1388970935344681,-1.5584102710350763e-08,trajectory,STRAIGHT,3.3975307941436768,-2.966620667219125,0.07080244962361884
455,19760.421,2.9753189086914062,1.392720264448144e-06,-0.8248229026794434,9.715069291308598e-08,0.13878633081912994,1.8503089904697845e-07,0.003018933581188321,0.1388970935344681,-1.4699024114593057e-08,trajectory,STRAIGHT,3.3975307941436768,-2.9745280015385163,0.07099117245705404
456,19760.453,2.9794816970825195,1.3982786413180293e-06,-0.8247323036193848,9.715069289877519e-08,0.13878633081912994,1.8552051983533602e-07,0.003018933581188321,0.1388970935344681,-1.525358968573055e-08,trajectory,STRAIGHT,3.396916151046753,-2.9786897567208754,0.07109050028540848
457,19760.531,2.9882235527038574,1.4099990721661015e-06,-0.8245420455932617,9.715069286871899e-08,0.13878633081912994,1.8655080680218816e-07,0.003018933581188321,0.13889709353446808,-1.642312799219319e-08,trajectory,STRAIGHT,3.396916151046753,-2.987429443226304,0.07129908877277863
458,19760.562,2.9919700622558594,1.4150421066005947e-06,-0.824460506439209,9.715069285583631e-08,0.13878633081912994,1.8699323334203655e-07,0.003018933581188321,0.13889709353446808,-1.434870945380729e-08,trajectory,STRAIGHT,3.3963000774383545,-2.9911750234152734,0.07138848385878135
459,19760.64,2.9957165718078613,1.420096964466211e-06,-0.8243789672851562,9.715069284295277e-08,0.13878633081912994,1.8743617147265468e-07,0.003018933581188321,0.13889709353446808,-1.4853232689805903e-08,trajectory,STRAIGHT,3.3963000774383545,-2.9949206037590272,0.07147787895660414
460,19760.656,3.0019607543945312,1.4285483302955981e-06,-0.8242430686950684,9.715069282147826e-08,0.13878633081912994,1.8817557645434135e-07,0.003018933581188321,0.13889709353446808,-1.5696859002946748e-08,trajectory,STRAIGHT,3.3963000774383545,-3.0011632380091413,0.07162687081290393
461,19760.718,3.0098700523376465,1.4393013998414972e-06,-0.824070930480957,9.715069279427374e-08,0.13878633081912994,1.8911421761913516e-07,0.003018933581188321,0.13889709353446783,-1.5048949928774887e-08,trajectory,STRAIGHT,3.3963000774383545,-3.00907057534274,0.07181559387887618
462,19760.765,3.0161142349243164,1.4478283674179693e-06,-0.8239350318908691,9.715069277279375e-08,0.13878633081912994,1.8985689109740633e-07,0.003018933581188321,0.1388970935344678,-1.590039789638179e-08,trajectory,STRAIGHT,3.3963000774383545,-3.015313210566518,0.07196458581075621
463,19760.812,3.021942138671875,1.4558171415046672e-06,-0.8238081932067871,9.715069275274358e-08,0.13878633081912994,1.9055137556733825e-07,0.003018933581188321,0.1388970935344678,-1.6698215572254947e-08,trajectory,STRAIGHT,3.3950672149658203,-3.021139670495998,0.07210364497743996
464,19760.89,3.0302677154541016,1.4672802990389755e-06,-0.8236269950866699,9.715069272409685e-08,0.13878633081912994,1.915456664391968e-07,0.003018933581188321,0.1388970935344678,-1.5310430456152528e-08,trajectory,STRAIGHT,3.3950672149658203,-3.029463185329341,0.07230230098045404
465,19760.906,3.033181667327881,1.4713065183968865e-06,-0.8235635757446289,9.715069271406946e-08,0.13878633081912994,1.9189427291621541e-07,0.003018933581188321,0.1388970935344678,-1.5712631664914747e-08,trajectory,STRAIGHT,3.39445161819458,-3.032376415701151,0.07237183059561916
466,19761.015,3.039842128753662,1.4805367527515045e-06,-0.8234186172485352,9.715069269114777e-08,0.13878633081912994,1.9269228346274758e-07,0.003018933581188321,0.1388970935344678,-1.6634789097971476e-08,trajectory,STRAIGHT,3.39445161819458,-3.039035228330185,0.07253075545772175
467,19761.078,3.0531630516052246,1.4991124999141903e-06,-0.8231287002563477,9.715069264529613e-08,0.13878633081912994,1.942932499332528e-07,0.003018933581188321,0.13889709353446777,-1.6192965964670825e-08,trajectory,STRAIGHT,3.3938355445861816,-3.0523528550508914,0.07284860529717256
468,19761.125,3.059823513031006,1.5084578990354203e-06,-0.8229837417602539,9.71506926223662e-08,0.13878633081912994,1.9509619164637115e-07,0.003018933581188321,0.13889709353446777,-1.712703436776551e-08,trajectory,STRAIGHT,3.3938355445861816,-3.0590116691421443,0.07300753027440714
469,19761.187,3.066483974456787,1.5178420653683133e-06,-0.8228387832641602,9.715069259943349e-08,0.13878633081912994,1.9590079602949118e-07,0.003018933581188321,0.13889709353446777,-1.5467118416307588e-08,trajectory,STRAIGHT,3.393219470977783,-3.0656704837203606,0.07316645529039788
470,19761.25,3.0756421089172363,1.5308086176446523e-06,-0.8226394653320312,9.715069256789654e-08,0.13878633081912994,1.9700981113146554e-07,0.003018933581188321,0.13889709353446775,-1.6763522938770626e-08,trajectory,STRAIGHT,3.393219470977783,-3.0748263545601375,0.07338497725069071
471,19761.296,3.0798048973083496,1.5367268133559264e-06,-0.8225488662719727,9.715069255355986e-08,0.13878633081912994,1.975149359623174e-07,0.003018933581188321,0.13889709353446775,-1.5273917616680268e-08,trajectory,STRAIGHT,3.392603635787964,-3.0789881143368234,0.07348430543876155
472,19761.359,3.0818862915039062,1.5396915387100307e-06,-0.8225035667419434,9.715069254639111e-08,0.13878633081912994,1.9776773285684612e-07,0.003018933581188321,0.13889709353446775,-1.557039301426266e-08,trajectory,STRAIGHT,3.392603635787964,-3.081068994296409,0.07353396953842288
473,19761.375,3.090628147125244,1.5521849263677723e-06,-0.8223133087158203,9.715069251627942e-08,0.13878633081912994,1.9883127322373184e-07,0.003018933581188321,0.13889709353446775,-1.68198872739806e-08,trajectory,STRAIGHT,3.3919870853424072,-3.0898086906451354,0.07374255879852978
474,19761.468,3.1002025604248047,1.5659448990845704e-06,-0.8221049308776855,9.715069248329453e-08,0.13878633081912994,1.9999934863790259e-07,0.003018933581188321,0.13889709353446775,-1.6204274019492533e-08,trajectory,STRAIGHT,3.3919870853424072,-3.0993807399875877,0.07397101377917317
475,19761.515,3.1085281372070312,1.5779756949996226e-06,-0.8219237327575684,9.715069245460739e-08,0.13878633081912994,2.010178405953411e-07,0.003018933581188321,0.13889709353446772,-1.7407949410122374e-08,trajectory,STRAIGHT,3.3913707733154297,-3.107704261970703,0.07416967034966403
476,19761.578,3.1151885986328125,1.5876443058004952e-06,-0.8217787742614746,9.715069243165458e-08,0.13878633081912994,2.0183449578325963e-07,0.003018933581188321,0.13889709353446772,-1.5970258845379512e-08,trajectory,STRAIGHT,3.3913707733154297,-3.1143630801032742,0.07432859565001827
477,19761.625,3.1218490600585938,1.5973522522472194e-06,-0.8216338157653809,9.715069240869904e-08,0.13878633081912994,2.0265277100861567e-07,0.003018933581188321,0.13889709353446772,-1.694180866212741e-08,trajectory,STRAIGHT,3.3913707733154297,-3.121021898720997,0.07448752098969695
478,19761.687,3.1289258003234863,1.6077100326583604e-06,-0.8214797973632812,9.715069238430575e-08,0.13878633081912994,2.0352402430035e-07,0.003018933581188321,0.13889709353446772,-1.797853594278843e-08,trajectory,STRAIGHT,3.3907554149627686,-3.128096894033675,0.07465637920618061
479,19761.734,3.1351699829101562,1.616886152078223e-06,-0.8213438987731934,9.715069236277969e-08,0.13878633081912994,2.042943094693328e-07,0.003018754068762064,0.1388970935344677,-1.612183898086124e-08,trajectory,STRAIGHT,3.3907554149627686,-3.1343395374110585,0.07480537178702767
480,19761.796,3.1405816078186035,1.6248668543994427e-06,-0.8212261199951172,9.71506923441218e-08,0.13878633081912994,2.049630580813755e-07,0.003018645802512765,0.1388970935344677,-1.692083478964341e-08,trajectory,STRAIGHT,3.3907554149627686,-3.1397498286825893,0.07493449871848597
481,19761.828,3.146409511566162,1.6334905694748159e-06,-0.8210992813110352,9.715069232402667e-08,0.13878633081912994,2.0568447212099272e-07,0.0030186541844159365,0.1388970935344677,-1.7784300930199816e-08,trajectory,STRAIGHT,3.39013934135437,-3.1455762965633483,0.07507355851992996
482,19761.906,3.1534862518310547,1.644003077672096e-06,-0.8209452629089355,9.71506922996226e-08,0.13878633081912994,2.0656216292991303e-07,0.0030187303200364113,0.1388970935344677,-1.6428817780420416e-08,trajectory,STRAIGHT,3.39013934135437,-3.1526512937740137,0.07524241689109734
483,19761.921,3.1572327613830566,1.6495866930199554e-06,-0.8208637237548828,9.715069228670156e-08,0.13878633081912994,2.070275684218359e-07,0.0030187827069312334,0.1388970935344677,-1.6988014153757114e-08,trajectory,STRAIGHT,3.3895230293273926,-3.156396880753782,0.07533181251752709
484,19762.015,3.1634769439697266,1.6589206097705755e-06,-0.8207278251647949,9.715069226516453e-08,0.13878633081912994,2.0780441900569713e-07,0.0030188700184226036,0.13889709353446766,-1.7922891207544244e-08,trajectory,STRAIGHT,3.3895230293273926,-3.162639526060204,0.07548080525612656
485,19762.031,3.168056011199951,1.665787749516312e-06,-0.8206281661987305,9.715069224936919e-08,0.13878633081912994,2.0837502745507663e-07,0.0030189112294465303,0.13889709353446766,-1.8610767901563776e-08,trajectory,STRAIGHT,3.3895230293273926,-3.1672174662217287,0.0755900666200273
486,19762.125,3.1797118186950684,1.6833528206916526e-06,-0.8203744888305664,9.715069220915696e-08,0.13878633081912994,2.0983098636406794e-07,0.0030189489480108023,0.13889709353446766,-1.799332201522297e-08,trajectory,STRAIGHT,3.388906717300415,-3.178870405845622,0.07586818654046587
487,19762.171,3.188037395477295,1.6959743334155064e-06,-0.8201932907104492,9.715069218042879e-08,0.13878633081912994,2.1087404888930905e-07,0.0030189489480108023,0.13889709353446766,-1.9258034732400965e-08,trajectory,STRAIGHT,3.3882906436920166,-3.1871939350542107,0.07606684370150539
488,19762.234,3.194697856903076,1.7061165635823272e-06,-0.8200483322143555,9.715069215744316e-08,0.13878633081912994,2.117103719001534e-07,0.0030189489480108023,0.13889709353446764,-1.6807690874549743e-08,trajectory,STRAIGHT,3.3876748085021973,-3.1938527589642547,0.07622576947534415
489,19762.343,3.2055211067199707,1.722683464322472e-06,-0.8198127746582031,9.715069212008565e-08,0.13878633081912994,2.1307286601768283e-07,0.0030189489480108023,0.13889709353446764,-1.8468231853600485e-08,trajectory,STRAIGHT,3.3876748085021973,-3.20467334884723,0.07648402394358447
490,19762.39,3.2138466835021973,1.7354996089125052e-06,-0.8196315765380859,9.715069209134415e-08,0.13878633081912994,2.1412391504327388e-07,0.0030189489480108023,0.13889709353446764,-1.7251989057593927e-08,trajectory,STRAIGHT,3.387058973312378,-3.2129968803929927,0.07668268129920043
491,19762.453,3.221339702606201,1.7470881630288204e-06,-0.8194684982299805,9.715069206547315e-08,0.13878633081912994,2.1507206326987216e-07,0.0030189489480108023,0.1388970935344676,-1.8413901125913605e-08,trajectory,STRAIGHT,3.387058973312378,-3.220488059428064,0.0768614729732634
492,19762.5,3.2271676063537598,1.7561369531904347e-06,-0.8193416595458984,9.715069204534885e-08,0.13878633081912994,2.1581094244993437e-07,0.0030189489480108023,0.1388970935344676,-1.9321271986497953e-08,trajectory,STRAIGHT,3.3864426612854004,-3.2263145324324185,0.07700053319966146
493,19762.562,3.2359094619750977,1.769768232406932e-06,-0.8191514015197754,9.715069201515844e-08,0.13878633081912994,2.1692163443276513e-07,0.0030189489480108023,0.1388970935344676,-1.7553275894434883e-08,trajectory,STRAIGHT,3.385826349258423,-3.235054242630163,0.07720912359733599
494,19762.625,3.2404885292053223,1.7769364148989553e-06,-0.8190517425537109,9.715069199934252e-08,0.13878633081912994,2.1750456369318272e-07,0.0030189489480108023,0.1388970935344676,-1.8272242528065672e-08,trajectory,STRAIGHT,3.385826349258423,-3.2396321863979622,0.07731838526219378
495,19762.671,3.247565269470215,1.7880523728308617e-06,-0.8188977241516113,9.71506919748972e-08,0.13878633081912994,2.1840698138930748e-07,0.0030189489480108023,0.1388970935344676,-1.938728071343965e-08,trajectory,STRAIGHT,3.385826349258423,-3.246707190850003,0.07748724423663911
496,19762.718,3.251728057861328,1.7946126718015876e-06,-0.8188071250915527,9.715069196051613e-08,0.13878633081912994,2.1893868051847676e-07,0.0030189489480108023,0.13889709353446758,-1.7052027513945243e-08,trajectory,STRAIGHT,3.385209798812866,-3.2508689584283275,0.07758657306663043
497,19762.781,3.2608861923217773,1.8091016045218566e-06,-0.8186078071594238,9.715069192887405e-08,0.13878633081912994,2.201106923394036e-07,0.0030189489480108023,0.13889709353446758,-1.850570981888554e-08,trajectory,STRAIGHT,3.385209798812866,-3.260024847761599,0.0778050965488703
498,19762.796,3.2646327018737793,1.815051177800342e-06,-0.8185262680053711,9.715069191592804e-08,0.13878633081912994,2.2059104765048687e-07,0.0030189489480108023,0.13889709353446758,-1.9102697970962452e-08,trajectory,STRAIGHT,3.3845934867858887,-3.2637704391143174,0.0778944925411538
499,19762.89,3.27420711517334,1.8303146589460084e-06,-0.8183178901672363,9.715069188283989e-08,0.13878633081912994,2.218209829152329e-07,0.0030189489480108023,0.13889709353446758,-1.810035561179707e-08,trajectory,STRAIGHT,3.3845934867858887,-3.2733425065949717,0.07812294902487758
500,19762.906,3.275872230529785,1.832977886806475e-06,-0.8182816505432129,9.715069187708485e-08,0.13878633081912994,2.2203522576091927e-07,0.0030189489480108023,0.13889709353446755,-1.8367641114099157e-08,trajectory,STRAIGHT,3.3845934867858887,-3.2750072140841837,0.07816268059597126
501,19762.953,3.279618740081787,1.8389794149697991e-06,-0.8182001113891602,9.715069186413536e-08,0.13878633081912994,2.2251767006764567e-07,0.0030189489480108023,0.13889709353446755,-1.8969991874327797e-08,trajectory,STRAIGHT,3.3839783668518066,-3.2787528060445865,0.07825207664019485
502,19763.015,3.2879443168640137,1.8523630842537386e-06,-0.818018913269043,9.715069183535563e-08,0.13878633081912994,2.2359162699103763e-07,0.0030189489480108023,0.13889709353446755,-1.8066158485857095e-08,trajectory,STRAIGHT,3.3833627700805664,-3.287076344277878,0.07845073456317395
503,19763.062,3.2929396629333496,1.8604241631692275e-06,-0.8179101943969727,9.715069181808574e-08,0.13878633081912994,2.2423722612074926e-07,0.0030189489480108023,0.13889709353446755,-1.887538417361138e-08,trajectory,STRAIGHT,3.3833627700805664,-3.2920704675775667,0.07856992934782996
504,19763.125,3.298767566680908,1.8698581243370427e-06,-0.8177833557128906,9.715069179793557e-08,0.13878633081912994,2.2499160934330575e-07,0.0030189489480108023,0.13889709353446755,-1.9822512458352244e-08,trajectory,STRAIGHT,3.3833627700805664,-3.297896945101357,0.07870898995928938
505,19763.156,3.305011749267578,1.8800011503117275e-06,-0.8176474571228027,9.715069177634376e-08,0.13878633081912994,2.258012870015591e-07,0.0030189489480108023,0.13889709353446753,-1.7939087845792336e-08,trajectory,STRAIGHT,3.3827457427978516,-3.304139599998294,0.07885798350676775
506,19763.203,3.310007095336914,1.8881418100136216e-06,-0.8175387382507324,9.715069175906857e-08,0.13878633081912994,2.2645005515187222e-07,0.0030189489480108023,0.13889709353446753,-1.8756525133860664e-08,trajectory,STRAIGHT,3.3827457427978516,-3.309133724218981,0.07897717837098188
507,19763.265,3.318748950958252,1.9024441826331895e-06,-0.8173484802246094,9.715069172883328e-08,0.13878633081912994,2.2758763407182414e-07,0.0030189489480108023,0.13889709353446753,-2.01928409746991e-08,trajectory,STRAIGHT,3.3827457427978516,-3.317873442253294,0.07918576943955877
508,19763.312,3.323744297027588,1.910649189085234e-06,-0.8172397613525391,9.715069171155385e-08,0.13878633081912994,2.28238960175986e-07,0.0030189489480108023,0.13889709353446753,-1.7952432281822697e-08,trajectory,STRAIGHT,3.3827457427978516,-3.322867567214516,0.07930496436810135
509,19763.359,3.3295722007751465,1.920251406772877e-06,-0.817112922668457,9.715069169139255e-08,0.13878633081912994,2.2900000828940392e-07,0.0030189489480108023,0.1388970935344675,-1.8916919409859613e-08,trajectory,STRAIGHT,3.3821301460266113,-3.3286940466760697,0.07944402514776938
510,19763.406,3.335400104522705,1.9298856841487577e-06,-0.816986083984375,9.715069167122914e-08,0.13878633081912994,2.297623211688915e-07,0.0030189489480108023,0.1388970935344675,-1.9884713688029167e-08,trajectory,STRAIGHT,3.3821301460266113,-3.3345205265037734,0.07958308595948799
511,19763.5,3.3449745178222656,1.945782969414722e-06,-0.8167777061462402,9.715069163809898e-08,0.13878633081912994,2.3101742385733814e-07,0.0030189489480108023,0.1388970935344675,-1.8899451302142814e-08,trajectory,STRAIGHT,3.3815133571624756,-3.34409260130095,0.07981154307683547
512,19763.593,3.3562140464782715,1.9645556221803417e-06,-0.816533088684082,9.715069159919909e-08,0.13878633081912994,2.3249513958489842e-07,0.003018683986738324,0.1388970935344675,-2.078574103527074e-08,trajectory,STRAIGHT,3.3808984756469727,-3.3553293860181554,0.08007973197735586
513,19763.625,3.3624582290649414,1.975036639123573e-06,-0.8163971900939941,9.715069157758507e-08,0.13878633081912994,2.3331813281401992e-07,0.003018649760633707,0.13889709353446747,-1.8574234609972476e-08,trajectory,STRAIGHT,3.380282163619995,-3.361572044781859,0.08022872586272897
514,19763.687,3.3699512481689453,1.9876626993209356e-06,-0.8162341117858887,9.715069155164503e-08,0.13878633081912994,2.3430762041698472e-07,0.003018718445673585,0.13889709353446747,-1.9843204436879758e-08,trajectory,STRAIGHT,3.380282163619995,-3.369063235851911,0.08040751857400266
515,19763.718,3.3736977577209473,1.9939959656767314e-06,-0.8161525726318359,9.715069153867368e-08,0.13878633081912994,2.348031529209038e-07,0.003018770832568407,0.13889709353446747,-2.047977607225424e-08,trajectory,STRAIGHT,3.3796651363372803,-3.3728088316133125,0.08049691494987002
516,19763.796,3.378693103790283,2.0024608602398075e-06,-0.8160438537597656,9.715069152137725e-08,0.13878633081912994,2.3546466820789647e-07,0.0030188406817615032,0.13889709353446747,-2.1330656617511437e-08,trajectory,STRAIGHT,3.3796651363372803,-3.3778029595298804,0.08061611013822671
517,19763.812,3.384937286376953,2.0130755729041994e-06,-0.8159079551696777,9.71506914997545e-08,0.13878633081912994,2.3629286260984372e-07,0.003018908202648163,0.13889709353446744,-2.239772076861823e-08,trajectory,STRAIGHT,3.3796651363372803,-3.3840456198026345,0.08076510415725749
518,19763.859,3.3915977478027344,2.0244390270818258e-06,-0.815762996673584,9.715069147668758e-08,0.13878633081912994,2.3717787200894236e-07,0.0030189347453415394,0.13889709353446744,-1.996802189101381e-08,trajectory,STRAIGHT,3.3790500164031982,-3.3907044578884893,0.08092403115197262
519,19763.921,3.3982582092285156,2.0358452275104355e-06,-0.8156180381774902,9.715069145361792e-08,0.13878633081912994,2.3806452986718796e-07,0.0030189347453415394,0.13889709353446744,-2.111486771722189e-08,trajectory,STRAIGHT,3.3790500164031982,-3.3973632964506066,0.08108295818942182
520,19763.968,3.404918670654297,2.0472937194426777e-06,-0.8154730796813965,9.715069143054551e-08,0.13878633081912994,2.3895285039543523e-07,0.0030189347453415394,0.13889709353446744,-1.9117715339260807e-08,trajectory,STRAIGHT,3.3790500164031982,-3.4040221354887805,0.08124188526915051
521,19764.015,3.409914016723633,2.0559082258841954e-06,-0.8153643608093262,9.715069141323938e-08,0.13878633081912994,2.396201637111517e-07,0.0030189347453415394,0.13889709353446744,-1.9984020914694517e-08,trajectory,STRAIGHT,3.3790500164031982,-3.4090162650796927,0.08136108060707649
522,19764.062,3.4161581993103027,2.066710067083477e-06,-0.8152284622192383,9.715069139160456e-08,0.13878633081912994,2.40455591438149e-07,0.0030189347453415394,0.13889709353446741,-2.107037658533736e-08,trajectory,STRAIGHT,3.3784337043762207,-3.4152589274445972,0.08151007481318252
523,19764.109,3.4211535453796387,2.0753786884597503e-06,-0.815119743347168,9.715069137429495e-08,0.13878633081912994,2.4112497953865386e-07,0.0030189347453415394,0.13889709353446741,-1.90296753271693e-08,trajectory,STRAIGHT,3.3784337043762207,-3.4202530576374173,0.08162927020520805
524,19764.203,3.4294791221618652,2.0898801267321687e-06,-0.8149385452270508,9.715069134544219e-08,0.13878633081912994,2.4224269168371393e-07,0.0030189347453415394,0.13889709353446741,-2.0488352569441143e-08,trajectory,STRAIGHT,3.3778178691864014,-3.428576608552902,0.08182792924563792
525,19764.265,3.440718650817871,2.1095634110679384e-06,-0.8146939277648926,9.715069130648413e-08,0.13878633081912994,2.4375569296353206e-07,0.0030189347453415394,0.1388970935344674,-2.0280936030237128e-08,trajectory,STRAIGHT,3.377201557159424,-3.439813403466175,0.08209611905653065
526,19764.312,3.4473791122436523,2.1212856609054143e-06,-0.8145489692687988,9.715069128339418e-08,0.13878633081912994,2.4465450110255915e-07,0.0030189347453415394,0.1388970935344674,-2.1460358819902095e-08,trajectory,STRAIGHT,3.377201557159424,-3.446472245534217,0.08225504640993929
527,19764.375,3.4540395736694336,2.133050884367549e-06,-0.8144040107727051,9.71506912603015e-08,0.13878633081912994,2.455549577007332e-07,0.0030189347453415394,0.1388970935344674,-2.2644210848795214e-08,trajectory,STRAIGHT,3.376585006713867,-3.453131088076759,0.08241397380630933
528,19764.421,3.461116313934326,2.1455989553942345e-06,-0.8142499923706055,9.715069123576249e-08,0.13878633081912994,2.465134798512736e-07,0.0030189347453415394,0.1388970935344674,-1.9828479429621104e-08,trajectory,STRAIGHT,3.376585006713867,-3.4602061087978697,0.08258283421246006
529,19764.468,3.464862823486328,2.1522616862057475e-06,-0.8141684532165527,9.715069122277e-08,0.13878633081912994,2.4702168843759864e-07,0.0030189347453415394,0.13889709353446736,-2.049901159726764e-08,trajectory,STRAIGHT,3.375969409942627,-3.4639517082198523,0.08267223091769807
530,19764.531,3.4744372367858887,2.1693513190257363e-06,-0.813960075378418,9.715069118956301e-08,0.13878633081912994,2.4832283429532254e-07,0.0030189347453415394,0.13889709353446736,-2.2219050457989667e-08,trajectory,STRAIGHT,3.375969409942627,-3.4735237963127688,0.08290068922705367
531,19764.578,3.478600025177002,2.1768098577013006e-06,-0.8138694763183594,9.71506911751234e-08,0.13878633081912994,2.488895916030742e-07,0.0030189347453415394,0.13889709353446736,-1.9537924380237876e-08,trajectory,STRAIGHT,3.3753533363342285,-3.4776855740497865,0.08300001895502898
532,19764.64,3.487758159637451,2.1932783056399785e-06,-0.8136701583862305,9.71506911433525e-08,0.13878633081912994,2.501387541542499e-07,0.0030189347453415394,0.13889709353446736,-2.119573026614695e-08,trajectory,STRAIGHT,3.3753533363342285,-3.4868414857222163,0.08321854441622055
533,19764.75,3.4960837364196777,2.2083213480073027e-06,-0.8134889602661133,9.715069111446537e-08,0.13878633081912994,2.51277072038647e-07,0.0030189347453415394,0.13889709353446733,-2.2710216377269648e-08,trajectory,STRAIGHT,3.374737501144409,-3.4951650425644587,0.08341720399810033
534,19764.781,3.5048255920410156,2.2241899841901613e-06,-0.8132987022399902,9.715069108412923e-08,0.13878633081912994,2.5247504709113855e-07,0.0030189347453415394,0.13889709353446733,-2.06212846148773e-08,trajectory,STRAIGHT,3.374121904373169,-3.503904778044152,0.0836257966324949
535,19764.859,3.511486053466797,2.236330828964128e-06,-0.8131537437438965,9.715069106101283e-08,0.13878633081912994,2.533897145440278e-07,0.0030189347453415394,0.13889709353446733,-2.1843835643440357e-08,trajectory,STRAIGHT,3.374121904373169,-3.510563624670489,0.08378472440437933
536,19764.921,3.520644187927246,2.2530966816702858e-06,-0.8129544258117676,9.715069102922326e-08,0.13878633081912994,2.546500752487191e-07,0.0030189347453415394,0.1388970935344673,-2.3532277858517252e-08,trajectory,STRAIGHT,3.373504638671875,-3.5197195395531153,0.08400325016289098
537,19764.968,3.5277209281921387,2.266108822368551e-06,-0.812800407409668,9.715069100465504e-08,0.13878633081912994,2.556261051722686e-07,0.0030189347453415394,0.1388970935344673,-2.060389642518537e-08,trajectory,STRAIGHT,3.373504638671875,-3.5267945653011665,0.08417211103297928
538,19765.031,3.5339651107788086,2.277631665492663e-06,-0.8126645088195801,9.715069098297462e-08,0.13878633081912994,2.564888461620285e-07,0.0030189347453415394,0.1388970935344673,-2.176453734957351e-08,trajectory,STRAIGHT,3.3728890419006348,-3.533037235521327,0.08432110595988199
539,19765.093,3.541874408721924,2.2922829430171987e-06,-0.8124923706054688,9.715069095550929e-08,0.13878633081912994,2.575837640961254e-07,0.0030189347453415394,0.13889709353446728,-2.324041915833514e-08,trajectory,STRAIGHT,3.3728890419006348,-3.5409446183954145,0.08450983292295247
540,19765.125,3.5468697547912598,2.301568656548625e-06,-0.8123836517333984,9.715069093816076e-08,0.13878633081912994,2.582764579983632e-07,0.0030189347453415394,0.13889709353446728,-2.0463502824517618e-08,trajectory,STRAIGHT,3.3722727298736572,-3.5459387552900807,0.08462902893189446
541,19765.203,3.556027889251709,2.3186571525002364e-06,-0.8121843338012695,9.715069090635111e-08,0.13878633081912994,2.595488410861435e-07,0.0030189347453415394,0.13889709353446728,-2.2185171154864703e-08,trajectory,STRAIGHT,3.3722727298736572,-3.5550946736188678,0.08484755501295752
542,19765.234,3.5601906776428223,2.3264526589628076e-06,-0.8120937347412109,9.715069089189046e-08,0.13878633081912994,2.6012824605459173e-07,0.0030189347453415394,0.13889709353446728,-2.2970632420509298e-08,trajectory,STRAIGHT,3.371656894683838,-3.559256454971859,0.08494688507780469
543,19765.312,3.567267417907715,2.3397446966555435e-06,-0.8119397163391113,9.715069086730489e-08,0.13878633081912994,2.6111464990208333e-07,0.0030187552329152822,0.13889709353446728,-2.107096970463782e-08,trajectory,STRAIGHT,3.371656894683838,-3.566331483694114,0.0851157462277103
544,19765.375,3.5760092735290527,2.3562336082250113e-06,-0.8117494583129883,9.71506908369302e-08,0.13878633081912994,2.623357602260512e-07,0.003018605289980769,0.13889709353446725,-2.273262195354232e-08,trajectory,STRAIGHT,3.3710408210754395,-3.5750712257905377,0.08532433948220368
545,19765.437,3.5830860137939453,2.369638423260767e-06,-0.8115954399108887,9.715069081233769e-08,0.13878633081912994,2.633263704865385e-07,0.0030186448711901903,0.13889709353446725,-2.125918508634501e-08,trajectory,STRAIGHT,3.3710408210754395,-3.5821462557002874,0.08549320074485453
546,19765.484,3.5893301963806152,2.3815082386136055e-06,-0.8114595413208008,9.715069079063585e-08,0.13878633081912994,2.6420192966725153e-07,0.0030187321826815605,0.13889709353446725,-2.2455548689000238e-08,trajectory,STRAIGHT,3.370424270629883,-3.5883889295909057,0.08564219601863068
547,19765.546,3.5959906578063965,2.3942125153553206e-06,-0.811314582824707,9.715069076748454e-08,0.13878633081912994,2.6513751549828157e-07,0.003018825314939022,0.13889709353446722,-2.3736116384792422e-08,trajectory,STRAIGHT,3.370424270629883,-3.5950477821962536,0.08580112435378667
548,19765.562,3.5997371673583984,2.4013784241105895e-06,-0.8112330436706543,9.715069075446074e-08,0.13878633081912994,2.656644824128307e-07,0.003018877701833844,0.13889709353446722,-2.085469683565292e-08,trajectory,STRAIGHT,3.3698089122772217,-3.5987933869932363,0.08589052156205938
549,19765.656,3.609311580657959,2.4197563561756397e-06,-0.8110246658325195,9.715069072117369e-08,0.13878633081912994,2.6701354727265425e-07,0.0030189398676156998,0.13889709353446722,-2.2707399141466924e-08,trajectory,STRAIGHT,3.3698089122772217,-3.6083654888162044,0.08611898115934746
550,19765.656,3.6113929748535156,2.4237638172053266e-06,-0.8109793663024902,9.715069071393662e-08,0.13878633081912994,2.6730725721790805e-07,0.0030189398676156998,0.13889709353446722,-2.311142115104758e-08,trajectory,STRAIGHT,3.3698089122772217,-3.6104463806452216,0.08616864630144763
551,19765.765,3.623048782348633,2.4462872261210578e-06,-0.8107256889343262,9.715069067340408e-08,0.13878633081912994,2.6895511950897344e-07,0.0030189398676156998,0.1388970935344672,-2.257685844177821e-08,trajectory,STRAIGHT,3.3691933155059814,-3.622099375734578,0.0864467711788124
552,19765.828,3.6313743591308594,2.462460315655335e-06,-0.810544490814209,9.715069064444712e-08,0.13878633081912994,2.701352457279427e-07,0.0030189398676156998,0.1388970935344672,-2.4207693936742348e-08,trajectory,STRAIGHT,3.3691933155059814,-3.630422944534949,0.08664543189041765
553,19765.875,3.635953426361084,2.4713856419111835e-06,-0.8104448318481445,9.715069062851898e-08,0.13878633081912994,2.707854207528726e-07,0.0030189398676156998,0.1388970935344672,-2.143222529872646e-08,trajectory,STRAIGHT,3.3691933155059814,-3.635000907687356,0.08675469531191898
554,19765.921,3.6442790031433105,2.4876685529306997e-06,-0.8102636337280273,9.715069059955535e-08,0.13878633081912994,2.719695260111621e-07,0.0030189398676156998,0.13889709353446716,-2.3074361265376406e-08,trajectory,STRAIGHT,3.368576765060425,-3.643324477622741,0.08695335613331445
555,19766.0,3.650939464569092,2.5007461772474926e-06,-0.8101186752319336,9.715069057638135e-08,0.13878633081912994,2.7291866899759043e-07,0.0030189398676156998,0.13889709353446716,-2.4393348291232566e-08,trajectory,STRAIGHT,3.368576765060425,-3.649983334097925,0.08711228484171173
556,19766.031,3.6555185317993164,2.5097633624682203e-06,-0.8100190162658691,9.715069056044764e-08,0.13878633081912994,2.735721409408143e-07,0.0030189398676156998,0.13889709353446716,-2.166434881103612e-08,trajectory,STRAIGHT,3.3679614067077637,-3.654561298196171,0.08722154835504586
557,19766.078,3.6609301567077637,2.5204481062246487e-06,-0.809901237487793,9.715069054161521e-08,0.13878633081912994,2.7434546723270614e-07,0.0030189398676156998,0.13889709353446716,-2.2742114978684e-08,trajectory,STRAIGHT,3.3679614067077637,-3.659971619688349,0.08735067798977582
558,19766.14,3.6680068969726562,2.5344659206893994e-06,-0.8097472190856934,9.715069051698546e-08,0.13878633081912994,2.753583601133869e-07,0.0030189398676156998,0.13889709353446716,-2.4156176833114245e-08,trajectory,STRAIGHT,3.367344379425049,-3.667046655951779,0.08751953986525159
559,19766.187,3.675083637237549,2.5485353489784757e-06,-0.8095932006835938,9.71506904923526e-08,0.13878633081912994,2.7637312882689e-07,0.0030189398676156998,0.13889709353446714,-2.236938708268034e-08,trajectory,STRAIGHT,3.367344379425049,-3.674121692743057,0.08768840179232647
560,19766.234,3.679246425628662,2.556835625000531e-06,-0.8095026016235352,9.715069047786123e-08,0.13878633081912994,2.769708942196303e-07,0.0030189398676156998,0.13889709353446714,-2.3206794138376104e-08,trajectory,STRAIGHT,3.3667280673980713,-3.6782834793373524,0.08778773236179951
561,19766.281,3.6859068870544434,2.5701535832922673e-06,-0.8093576431274414,9.71506904546728e-08,0.13878633081912994,2.779287058274349e-07,0.0030189398676156998,0.13889709353446714,-2.455050805151265e-08,trajectory,STRAIGHT,3.3667280673980713,-3.684942338267824,0.08794666131046235
562,19766.343,3.6921510696411133,2.5826809633144876e-06,-0.8092217445373535,9.715069043293116e-08,0.13878633081912994,2.7882811082236003e-07,0.0030189398676156998,0.13889709353446714,-2.2419669171949513e-08,trajectory,STRAIGHT,3.36611270904541,-3.6911850189393007,0.08809565724161598
563,19766.39,3.699227809906006,2.596927515696734e-06,-0.8090677261352539,9.715069040828769e-08,0.13878633081912994,2.7984921757706616e-07,0.0030189398676156998,0.1388970935344671,-2.3857261928117863e-08,trajectory,STRAIGHT,3.36611270904541,-3.6982600575296445,0.08826451934576454
564,19766.437,3.703390598297119,2.605332156235818e-06,-0.8089771270751953,9.71506903937901e-08,0.13878633081912994,2.8045073463545123e-07,0.0030189398676156998,0.1388970935344671,-2.4705405568811557e-08,trajectory,STRAIGHT,3.3654961585998535,-3.702421845181817,0.08836385001957238
565,19766.5,3.712132453918457,2.6230409275740385e-06,-0.8087868690490723,9.715069036334165e-08,0.13878633081912994,2.8171601229587395e-07,0.0030189398676156998,0.1388970935344671,-2.3144575355414125e-08,trajectory,STRAIGHT,3.3654961585998535,-3.711161599844438,0.08857244449357826
566,19766.531,3.715878963470459,2.630654535096255e-06,-0.8087053298950195,9.715069035029085e-08,0.13878633081912994,2.8225915116308897e-07,0.0030189398676156998,0.1388970935344671,-2.391298961692612e-08,trajectory,STRAIGHT,3.364880084991455,-3.7149072092314483,0.08866184214942228
567,19766.609,3.7200417518615723,2.6391314804641297e-06,-0.8086147308349609,9.715069033578896e-08,0.13878633081912994,2.828632261753228e-07,0.0030189398676156998,0.13889709353446708,-2.476856837682937e-08,trajectory,STRAIGHT,3.364880084991455,-3.7190689976122044,0.08876117289551437
568,19766.64,3.728367328643799,2.6561399408819852e-06,-0.8084335327148438,9.715069030678193e-08,0.13878633081912994,2.840733657194505e-07,0.0030189398676156998,0.13889709353446708,-2.326717671574309e-08,trajectory,STRAIGHT,3.364264726638794,-3.727392574919719,0.0889598344422527
569,19766.703,3.7358603477478027,2.6715097192209214e-06,-0.8082704544067383,9.715069028067195e-08,0.13878633081912994,2.851646456747403e-07,0.0030189398676156998,0.13889709353446708,-2.4818661745936494e-08,trajectory,STRAIGHT,3.364264726638794,-3.7348837951186624,0.08913862989646346
570,19766.734,3.7396068572998047,2.679216777323745e-06,-0.8081889152526855,9.715069026761566e-08,0.13878633081912994,2.8571108146024926e-07,0.0030189398676156998,0.13889709353446708,-2.2512539699786328e-08,trajectory,STRAIGHT,3.364264726638794,-3.7386294054390703,0.08922802764573146
571,19766.796,3.746267318725586,2.69295446742035e-06,-0.8080439567565918,9.715069024440231e-08,0.13878633081912994,2.8668381446550484e-07,0.0030189398676156998,0.13889709353446705,-2.3899420505326244e-08,trajectory,STRAIGHT,3.364264726638794,-3.7452882685944644,0.0893869570140066
572,19766.828,3.750013828277588,2.7007024527847534e-06,-0.8079624176025391,9.71506902313436e-08,0.13878633081912994,2.8723169975819474e-07,0.0030189398676156998,0.13889709353446705,-2.4681652265140963e-08,trajectory,STRAIGHT,3.3636481761932373,-3.749033879323804,0.08947635480419022
573,19766.89,3.759171962738037,2.7197042982152198e-06,-0.8077630996704102,9.715069019941863e-08,0.13878633081912994,2.8857314759989094e-07,0.0030189398676156998,0.13889709353446705,-2.6600180724353266e-08,trajectory,STRAIGHT,3.3636481761932373,-3.7581898172815684,0.08969488279805807
574,19766.937,3.7633347511291504,2.728370873228414e-06,-0.8076725006103516,9.715069018490555e-08,0.13878633081912994,2.8918393013555033e-07,0.0030189398676156998,0.13889709353446705,-2.2882275107998316e-08,trajectory,STRAIGHT,3.3630318641662598,-3.76235160755288,0.08979421373372581
575,19766.984,3.770411491394043,2.743146069406066e-06,-0.807518482208252,9.715069016023087e-08,0.13878633081912994,2.9022373837506166e-07,0.0030189398676156998,0.13889709353446703,-2.437422836265929e-08,trajectory,STRAIGHT,3.3630318641662598,-3.769426651430628,0.08996307636636769
576,19767.031,3.774158000946045,2.7509897790878313e-06,-0.8074369430541992,9.715069014716656e-08,0.13878633081912994,2.9077497742946434e-07,0.0030189398676156998,0.13889709353446703,-2.516630085517933e-08,trajectory,STRAIGHT,3.3624157905578613,-3.7731722631075826,0.09005247425224835
577,19767.078,3.781651020050049,2.7667217636917485e-06,-0.8072738647460938,9.71506901210353e-08,0.13878633081912994,2.918790187322884e-07,0.0030188332311809063,0.13889709353446703,-2.3772069733181325e-08,trajectory,STRAIGHT,3.3624157905578613,-3.780663486902185,0.09023127006856227
578,19767.171,3.792057991027832,2.7886705993296346e-06,-0.8070473670959473,9.715069008473613e-08,0.13878633081912994,2.934158658263186e-07,0.0030186492949724197,0.138897093534467,-2.5988796620074304e-08,trajectory,STRAIGHT,3.3618004322052,-3.7910679653690167,0.09047959769004936
579,19767.265,3.803297519683838,2.8125050448579714e-06,-0.8068027496337891,9.715069004552545e-08,0.13878633081912994,2.950801842871442e-07,0.0030187524389475584,0.138897093534467,-2.4802011470775214e-08,trajectory,STRAIGHT,3.3618004322052,-3.802304803384864,0.09074779165092152
580,19767.296,3.8078765869140625,2.822254145939951e-06,-0.8067030906677246,9.71506900295485e-08,0.13878633081912994,2.957595768293686e-07,0.0030188164673745632,0.138897093534467,-2.5786787026837957e-08,trajectory,STRAIGHT,3.3611834049224854,-3.806882774806745,0.09085705589596316
581,19767.375,3.8170347213745117,2.8418194233381655e-06,-0.8065037727355957,9.715068999759069e-08,0.13878633081912994,2.971207209157001e-07,0.0030189126264303923,0.13889709353446697,-2.455855847758437e-08,trajectory,STRAIGHT,3.3611834049224854,-3.8160387183073396,0.09107558445310258
582,19767.437,3.8257765769958496,2.8605793431779603e-06,-0.8063135147094727,9.715068996708065e-08,0.13878633081912994,2.9842288995496347e-07,0.0030189419630914927,0.13889709353446697,-2.6453796251500038e-08,trajectory,STRAIGHT,3.360567331314087,-3.8247784833744802,0.09128417997795772
583,19767.5,3.8307719230651855,2.871336164389504e-06,-0.8062047958374023,9.715068994964422e-08,0.13878633081912994,2.991682492847758e-07,0.0030189419630914927,0.13889709353446697,-2.3881956906902716e-08,trajectory,STRAIGHT,3.360567331314087,-3.829772635199326,0.0914033774575886
584,19767.531,3.836599826812744,2.8839199330832344e-06,-0.8060779571533203,9.715068992929976e-08,0.13878633081912994,3.0003903361830453e-07,0.0030189419630914927,0.13889709353446697,-2.5153378034167948e-08,trajectory,STRAIGHT,3.3599517345428467,-3.8355991459905,0.09154244121795886
585,19767.609,3.8461742401123047,2.9046725558146136e-06,-0.8058695793151855,9.715068989587214e-08,0.13878633081912994,3.0147231200317037e-07,0.0030189419630914927,0.13889709353446694,-2.7250286489419635e-08,trajectory,STRAIGHT,3.3599517345428467,-3.8451712716302,0.0917709031892616
586,19767.718,3.856581211090088,2.9273419386299793e-06,-0.8056430816650391,9.715068985953135e-08,0.13878633081912994,3.030341133580805e-07,0.0030189419630914927,0.13889709353446694,-2.5329907882992698e-08,trajectory,STRAIGHT,3.359335422515869,-3.855575757104198,0.09201923153109073
587,19767.75,3.863241672515869,2.9419120437523816e-06,-0.8054981231689453,9.715068983626969e-08,0.13878633081912994,3.040357512418268e-07,0.0030189419630914927,0.13889709353446694,-2.6802342581674694e-08,trajectory,STRAIGHT,3.358719825744629,-3.862234628399257,0.09217816173154393
588,19767.828,3.871983528137207,2.961108293675352e-06,-0.8053078651428223,9.715068980573462e-08,0.13878633081912994,3.0535292694366944e-07,0.0030189419630914927,0.13889709353446691,-2.5184276392382584e-08,trajectory,STRAIGHT,3.358719825744629,-3.8709743976744733,0.09238675769260495
589,19767.89,3.880725383758545,2.9803873076161835e-06,-0.8051176071166992,9.71506897751948e-08,0.13878633081912994,3.0667294481645513e-07,0.0030189419630914927,0.13889709353446691,-2.7132851483247574e-08,trajectory,STRAIGHT,3.3581032752990723,-3.8797141677443676,0.0925953537364064
590,19767.953,3.887385845184326,2.9951320357213262e-06,-0.8049726486206055,9.71506897519232e-08,0.13878633081912994,3.076805512591818e-07,0.0030189419630914927,0.1388970935344669,-2.4945555045385998e-08,trajectory,STRAIGHT,3.3581032752990723,-3.886373040711682,0.09275428411143287
591,19768.0,3.8940463066101074,3.009925421793014e-06,-0.8048276901245117,9.715068972864885e-08,0.13878633081912994,3.086898345827649e-07,0.0030189419630914927,0.1388970935344669,-2.6440929474245302e-08,trajectory,STRAIGHT,3.3574869632720947,-3.893031914139833,0.09291321453510347
592,19768.046,3.901123046875,3.025696287295432e-06,-0.8046736717224121,9.715068970391682e-08,0.13878633081912994,3.097640046689776e-07,0.0030189419630914927,0.1388970935344669,-2.8035198609459472e-08,trajectory,STRAIGHT,3.3574869632720947,-3.900106967661962,0.09308207816313122
593,19768.093,3.9052858352661133,3.0349988264788408e-06,-0.8045830726623535,9.715068968936713e-08,0.13878633081912994,3.1039672876431723e-07,0.0030189419630914927,0.1388970935344669,-2.4642895421025737e-08,trajectory,STRAIGHT,3.3568716049194336,-3.904268764094269,0.09318140973458208
594,19768.156,3.9144439697265625,3.055531351492391e-06,-0.8043837547302246,9.715068965735402e-08,0.13878633081912994,3.1179098414213513e-07,0.0030189419630914927,0.13889709353446686,-2.6718716441892885e-08,trajectory,STRAIGHT,3.3568716049194336,-3.9134247168781826,0.09339993925869376
595,19768.187,3.916525363922119,3.0602107017330127e-06,-0.8043384552001953,9.715068965007758e-08,0.13878633081912994,3.1210828410621616e-07,0.0030189419630914927,0.13889709353446686,-2.7191814574291177e-08,trajectory,STRAIGHT,3.356255054473877,-3.9155056153594785,0.09344960507249185
596,19768.281,3.9281811714172363,3.086503056692891e-06,-0.8040847778320312,9.715068960932462e-08,0.13878633081912994,3.1388822208100464e-07,0.0030189419630914927,0.13889709353446686,-2.654840126498811e-08,trajectory,STRAIGHT,3.356255054473877,-3.927158647684614,0.09372773371772973
597,19768.39,3.9356741905212402,3.1034844596433686e-06,-0.8039216995239258,9.715068958312181e-08,0.13878633081912994,3.1503512332164973e-07,0.0030189419630914927,0.13889709353446683,-2.8265498459687323e-08,trajectory,STRAIGHT,3.355639696121216,-3.934649883494103,0.0939065307831063
598,19768.437,3.946913719177246,3.129072638330399e-06,-0.8036770820617676,9.715068954381109e-08,0.13878633081912994,3.1675938316766405e-07,0.0030189419630914927,0.13889709353446683,-2.6711720703210364e-08,trajectory,STRAIGHT,3.355022430419922,-3.9458867382983627,0.09417472649721238
599,19768.5,3.9552392959594727,3.1481170026381733e-06,-0.8034958839416504,9.7150689514687e-08,0.13878633081912994,3.1803961064724717e-07,0.0030189419630914927,0.13889709353446683,-2.8637691777298034e-08,trajectory,STRAIGHT,3.35440731048584,-3.95421033529248,0.09437339007927502
600,19768.546,3.9598183631896973,3.1586241675540805e-06,-0.8033962249755859,9.715068949866691e-08,0.13878633081912994,3.187448669450532e-07,0.0030189419630914927,0.1388970935344668,-2.542716487315965e-08,trajectory,STRAIGHT,3.35440731048584,-3.9587883139448223,0.09448265508216468
601,19768.609,3.968143939971924,3.177787675667787e-06,-0.8032150268554688,9.715068946953616e-08,0.13878633081912994,3.20029101885666e-07,0.0030189419630914927,0.1388970935344668,-2.736537092474053e-08,trajectory,STRAIGHT,3.3537909984588623,-3.9671119120498872,0.0946813187833372
602,19768.656,3.972306728363037,3.187398533555097e-06,-0.8031244277954102,9.715068945496917e-08,0.13878633081912994,3.206721999049478e-07,0.0030189419630914927,0.1388970935344668,-2.8337462777512717e-08,trajectory,STRAIGHT,3.3537909984588623,-3.971273711371026,0.094780650663019
603,19768.718,3.9789671897888184,3.2028158329922007e-06,-0.8029794692993164,9.715068943165976e-08,0.13878633081912994,3.217024584500905e-07,0.0030189419630914927,0.1388970935344668,-2.6134564757620453e-08,trajectory,STRAIGHT,3.3537909984588623,-3.9779325906571756,0.09493958171042534
604,19768.75,3.9852113723754883,3.217314542780514e-06,-0.8028435707092285,9.715068940980468e-08,0.13878633081912994,3.2266984817397315e-07,0.0030189419630914927,0.13889709353446678,-2.760116424812451e-08,trajectory,STRAIGHT,3.3531744480133057,-3.984175290403961,0.09508857961234755
605,19768.828,3.992704391479492,3.234770701965317e-06,-0.802680492401123,9.715068938357541e-08,0.13878633081912994,3.2383263715018984e-07,0.0030189419630914927,0.13889709353446678,-2.9367008085252477e-08,trajectory,STRAIGHT,3.3531744480133057,-3.991666530631285,0.09526737715234519
606,19768.843,3.996450901031494,3.2435220873594517e-06,-0.8025989532470703,9.715068937045945e-08,0.13878633081912994,3.244147990244528e-07,0.003018863731995225,0.13889709353446678,-2.571326984434503e-08,trajectory,STRAIGHT,3.3525583744049072,-3.9954121509621814,0.0953567759456432
607,19768.937,4.006025314331055,3.2659586395311635e-06,-0.8023905754089355,9.715068933693697e-08,0.13878633081912994,3.2590492082817946e-07,0.003018646966665983,0.13889709353446675,-2.7983118717641936e-08,trajectory,STRAIGHT,3.3525583744049072,-4.004984292465409,0.09558523960039599
608,19768.953,4.008522987365723,3.271828518336406e-06,-0.8023362159729004,9.715068932819105e-08,0.13878633081912994,3.2629418456053827e-07,0.0030186609365046024,0.13889709353446675,-2.8576982630285606e-08,trajectory,STRAIGHT,3.3525583744049072,-4.007481373012979,0.09564483883153972
609,19769.046,4.014767169952393,3.2865341381693725e-06,-0.8022003173828125,9.715068930632453e-08,0.13878633081912994,3.272684523381031e-07,0.0030187314841896296,0.13889709353446675,-2.6512720487483287e-08,trajectory,STRAIGHT,3.351942539215088,-4.013724074663131,0.09579383694031306
610,19769.156,4.030169486999512,3.3229953260160983e-06,-0.8018651008605957,9.715068925237679e-08,0.13878633081912994,3.29677732224809e-07,0.003018914954736829,0.13889709353446672,-3.020194708660909e-08,trajectory,STRAIGHT,3.351942539215088,-4.02912274045044,0.0961613657958929
611,19769.265,4.043490409851074,3.3547453313076403e-06,-0.8015751838684082,9.715068920570743e-08,0.13878633081912994,3.3176854685734725e-07,0.003018878633156419,0.13889709353446672,-2.8508415574173674e-08,trajectory,STRAIGHT,3.3513269424438477,-4.042440507424516,0.09647922880585141
612,19769.359,4.056395053863525,3.385694981261622e-06,-0.8012943267822266,9.7150689160486e-08,0.13878633081912994,3.3380032959939854e-07,0.003018817165866494,0.1388970935344667,-3.1640553679058093e-08,trajectory,STRAIGHT,3.35071063041687,-4.055342095920523,0.09678715878852641
613,19769.39,4.060141563415527,3.394715804461157e-06,-0.8012127876281738,9.715068914735527e-08,0.13878633081912994,3.343913590470038e-07,0.003018842311576009,0.1388970935344667,-2.6538338429248155e-08,trajectory,STRAIGHT,3.350095272064209,-4.059087718707609,0.09687655785118551
614,19769.468,4.066802024841309,3.4107922601833707e-06,-0.8010678291320801,9.715068912400959e-08,0.13878633081912994,3.3544336019986076e-07,0.0030188870150595903,0.1388970935344667,-2.8165437249891605e-08,trajectory,STRAIGHT,3.350095272064209,-4.065746604018358,0.0970354895575605
615,19769.562,4.078457832336426,3.439047304709675e-06,-0.800814151763916,9.715068908314801e-08,0.13878633081912994,3.37288327045826e-07,0.0030189177487045527,0.13889709353446666,-2.861667862526101e-08,trajectory,STRAIGHT,3.3494791984558105,-4.0773996544079125,0.0973136201649292
616,19769.593,4.085534572601318,3.456278136582114e-06,-0.8006601333618164,9.715068905833511e-08,0.13878633081912994,3.3841095614661754e-07,0.0030188702512532473,0.13889709353446666,-3.036082111908923e-08,trajectory,STRAIGHT,3.3488621711730957,-4.084474721395864,0.0974824852525077
617,19769.656,4.092611312866211,3.4735662666207645e-06,-0.8005061149597168,9.71506890335191e-08,0.13878633081912994,3.3953543265852204e-07,0.003018822753801942,0.13889709353446666,-3.211084122246251e-08,trajectory,STRAIGHT,3.3488621711730957,-4.091549788897311,0.09765135039736804
618,19769.687,4.096774101257324,3.4837623843486654e-06,-0.8004155158996582,9.715068901892e-08,0.13878633081912994,3.4019774375337875e-07,0.0030188143718987703,0.13889709353446664,-2.711633448231791e-08,trajectory,STRAIGHT,3.3482468128204346,-4.0957115935497015,0.09775068286214308
619,19769.765,4.105099678039551,3.504214646454784e-06,-0.800234317779541,9.715068898971855e-08,0.13878633081912994,3.415243554627523e-07,0.0030188702512532473,0.13889709353446664,-2.9186806075032875e-08,trajectory,STRAIGHT,3.3482468128204346,-4.1040352033870775,0.09794934785170271
620,19769.781,4.10801362991333,3.5113916965201497e-06,-0.8001708984375,9.715068897949704e-08,0.13878633081912994,3.419892493639054e-07,0.003018889809027314,0.13889709353446664,-2.9913393349546715e-08,trajectory,STRAIGHT,3.3482468128204346,-4.106948466997871,0.09801888061680156
621,19769.859,4.117588043212891,3.535042196745053e-06,-0.7999625205993652,9.715068894590833e-08,0.13878633081912994,3.435190478739969e-07,0.003018928924575448,0.1388970935344666,-2.8674902751792423e-08,trajectory,STRAIGHT,3.3482468128204346,-4.11652061947391,0.09824734548515682
622,19769.89,4.121334552764893,3.5443254091660492e-06,-0.7998809814453125,9.715068893276339e-08,0.13878633081912994,3.4411860383443127e-07,0.0030189037788659334,0.1388970935344666,-2.9614790871163817e-08,trajectory,STRAIGHT,3.347630739212036,-4.120266244611187,0.09833674481013044
623,19769.968,4.1288275718688965,3.562940719348262e-06,-0.799717903137207,9.715068890647089e-08,0.13878633081912994,3.4531925052760926e-07,0.003018853487446904,0.1388970935344666,-3.1499578425742697e-08,trajectory,STRAIGHT,3.347630739212036,-4.127757495316466,0.09851554350894912
624,19770.078,4.138401985168457,3.5868210943590384e-06,-0.7995095252990723,9.715068887286985e-08,0.13878633081912994,3.4685643868215266e-07,0.003018819959834218,0.1388970935344666,-2.8964881495911817e-08,trajectory,STRAIGHT,3.3470139503479004,-4.137329649830775,0.09874400860711371
625,19770.14,4.150890350341797,3.6181293125991942e-06,-0.7992377281188965,9.715068882903386e-08,0.13878633081912994,3.488665925033274e-07,0.0030189037788659334,0.13889709353446658,-3.213519029387259e-08,trajectory,STRAIGHT,3.346397638320923,-4.1498150701700425,0.09904200672109893
626,19770.203,4.157550811767578,3.6349010770209134e-06,-0.7990927696228027,9.715068880565072e-08,0.13878633081912994,3.4994101838492497e-07,0.0030189345125108957,0.13889709353446658,-2.852909605822883e-08,trajectory,STRAIGHT,3.3457815647125244,-4.1564739616687945,0.09920093912258467
627,19770.25,4.163794994354248,3.650671260402305e-06,-0.7989568710327148,9.715068878372653e-08,0.13878633081912994,3.5094981853944773e-07,0.003018892602995038,0.13889709353446655,-3.012615574287679e-08,trajectory,STRAIGHT,3.3457815647125244,-4.162716672860036,0.09934993829561851
628,19770.312,4.170871734619141,3.668599219963653e-06,-0.7988028526306152,9.715068875887617e-08,0.13878633081912994,3.5209487236897985e-07,0.0030188451055437326,0.13889709353446655,-3.194180498410689e-08,trajectory,STRAIGHT,3.3457815647125244,-4.169791746024252,0.09951880408012624
629,19770.343,4.175034523010254,3.6791723232454387e-06,-0.7987122535705566,9.715068874425687e-08,0.13878633081912994,3.527692911120539e-07,0.003018817165866494,0.13889709353446655,-2.8159756829561917e-08,trajectory,STRAIGHT,3.345165967941284,-4.173953554006445,0.0996181369217795
630,19770.421,4.181694984436035,3.6961316709493985e-06,-0.7985672950744629,9.715068872086376e-08,0.13878633081912994,3.538497139743413e-07,0.003018836723640561,0.13889709353446655,-2.9877418585399694e-08,trajectory,STRAIGHT,3.345165967941284,-4.180612447145343,0.09977706951079512
631,19770.453,4.188355445861816,3.7131428598513594e-06,-0.7984223365783691,9.71506886974679e-08,0.13878633081912994,3.549317852957756e-07,0.0030188814271241426,0.13889709353446653,-3.160039633780026e-08,trajectory,STRAIGHT,3.344550609588623,-4.187271340736231,0.09993600215163717
632,19770.531,4.1987624168396,3.7398267522803508e-06,-0.7981958389282227,9.715068866090634e-08,0.13878633081912994,3.56625804442956e-07,0.003018931718543172,0.13889709353446653,-3.0018694145678835e-08,trajectory,STRAIGHT,3.344550609588623,-4.197675862876409,0.10018433450683309
633,19770.593,4.2062554359436035,3.7591180443996564e-06,-0.7980327606201172,9.715068863457788e-08,0.13878633081912994,3.5784799479188223e-07,0.0030188814271241426,0.1388970935344665,-3.1972803386619756e-08,trajectory,STRAIGHT,3.343933582305908,-4.205167119499912,0.10036313388144125
634,19770.64,4.212915897369385,3.776321591431042e-06,-0.7978878021240234,9.715068861117189e-08,0.13878633081912994,3.589361483591347e-07,0.0030187603551894426,0.1388970935344665,-2.929188471941866e-08,trajectory,STRAIGHT,3.343933582305908,-4.211826014755822,0.10052206671458667
635,19770.703,4.219160079956055,3.7924967273283983e-06,-0.7977519035339355,9.715068858922625e-08,0.13878633081912994,3.5995776670461055e-07,0.003018647199496627,0.1388970935344665,-3.093046511105886e-08,trajectory,STRAIGHT,3.3433175086975098,-4.21806872946793,0.10067106629245773
636,19770.75,4.225820541381836,3.809801228271681e-06,-0.7976069450378418,9.715068856581493e-08,0.13878633081912994,3.610491035033192e-07,0.003018661169335246,0.1388970935344665,-3.2683515305864746e-08,trajectory,STRAIGHT,3.3433175086975098,-4.224727625597623,0.10082999922652833
637,19770.796,4.229983329772949,3.82064263249049e-06,-0.7975163459777832,9.715068855118144e-08,0.13878633081912994,3.6173202033751295e-07,0.0030186891090124846,0.13889709353446647,-2.890360526352374e-08,trajectory,STRAIGHT,3.3427019119262695,-4.2288894359075755,0.10092933233640615
638,19770.859,4.239141464233398,3.844567345367977e-06,-0.7973170280456543,9.715068851898401e-08,0.13878633081912994,3.632367224781774e-07,0.003018750576302409,0.13889709353446647,-3.13274808128386e-08,trajectory,STRAIGHT,3.3427019119262695,-4.238045419208895,0.10114786525174001
639,19770.906,4.243304252624512,3.85547491532634e-06,-0.7972264289855957,9.71506885043471e-08,0.13878633081912994,3.6392168567545014e-07,0.003018768737092614,0.13889709353446647,-3.243259308734555e-08,trajectory,STRAIGHT,3.342085838317871,-4.242207230081874,0.10124719842776475
640,19770.984,4.252462387084961,3.87954423786141e-06,-0.7970271110534668,9.71506884721421e-08,0.13878633081912994,3.65430906867914e-07,0.003018768737092614,0.13889709353446644,-3.047377788575597e-08,trajectory,STRAIGHT,3.342085838317871,-4.251363214621335,0.10146573148766708
641,19771.031,4.257457733154297,3.8927150853851344e-06,-0.7969183921813965,9.715068845457355e-08,0.13878633081912994,3.6625544908019947e-07,0.003018768737092614,0.13889709353446644,-3.180829588259508e-08,trajectory,STRAIGHT,3.3414700031280518,-4.256357388365046,0.10158493138063705
642,19771.093,4.266199588775635,3.915834895451553e-06,-0.7967281341552734,9.715068842382486e-08,0.13878633081912994,3.677005793178978e-07,0.003018768737092614,0.13889709353446644,-3.056444461319572e-08,trajectory,STRAIGHT,3.3408546447753906,-4.265097193025255,0.10179353126414124
643,19771.203,4.273276329040527,3.934617325285217e-06,-0.7965741157531738,9.71506883989296e-08,0.13878633081912994,3.6887252008455107e-07,0.003018768737092614,0.13889709353446641,-3.246769183686751e-08,trajectory,STRAIGHT,3.3408546447753906,-4.272172273555455,0.101962397902876
644,19771.25,4.284515857696533,3.96457244278281e-06,-0.7963294982910156,9.715068835938367e-08,0.13878633081912994,3.707376663442119e-07,0.003018768737092614,0.13889709353446641,-3.146667725284883e-08,trajectory,STRAIGHT,3.340238094329834,-4.283409167204603,0.10223059798267771
645,19771.312,4.293257713317871,3.98797510570148e-06,-0.7961392402648926,9.715068832862032e-08,0.13878633081912994,3.7219160731183365e-07,0.003018768737092614,0.1388970935344664,-3.3838331090337134e-08,trajectory,STRAIGHT,3.3396213054656982,-4.292148974260108,0.10243919814895422
646,19771.421,4.299501895904541,4.0047475522442255e-06,-0.7960033416748047,9.71506883066436e-08,0.13878633081912994,3.7323184187698644e-07,0.003018768737092614,0.1388970935344664,-3.039647433328452e-08,trajectory,STRAIGHT,3.3396213054656982,-4.298391694058736,0.1025881983239659
647,19771.531,4.311990261077881,4.03843296226114e-06,-0.7957315444946289,9.71506882626829e-08,0.13878633081912994,3.753166879505443e-07,0.003018768737092614,0.1388970935344664,-3.381047768979352e-08,trajectory,STRAIGHT,3.3390047550201416,-4.310877134838442,0.10288619881446615
648,19771.562,4.320732116699219,4.062124389747623e-06,-0.7955412864685059,9.715068823190466e-08,0.13878633081912994,3.7677952491321776e-07,0.003018768737092614,0.13889709353446636,-3.1347922005123324e-08,trajectory,STRAIGHT,3.3390047550201416,-4.319616944321766,0.10309479926942502
649,19771.64,4.327392578125,4.080236976733431e-06,-0.7953963279724121,9.71506882084514e-08,0.13878633081912994,3.778959865030629e-07,0.003018768737092614,0.13889709353446636,-3.318379078769724e-08,trajectory,STRAIGHT,3.3390047550201416,-4.326275847303144,0.10325373301135164
650,19771.703,4.338632106781006,4.110923782718601e-06,-0.7951517105102539,9.715068816886777e-08,0.13878633081912994,3.797837280217209e-07,0.003018768737092614,0.13889709353446633,-3.6294297909886444e-08,trajectory,STRAIGHT,3.3383893966674805,-4.337512747099325,0.10352193382263353
651,19771.765,4.345708847045898,4.130323759454768e-06,-0.7949976921081543,9.715068814394074e-08,0.13878633081912994,3.8097471133369254e-07,0.003018768737092614,0.13889709353446633,-3.127056855564008e-08,trajectory,STRAIGHT,3.3383893966674805,-4.344587832809815,0.10369080107873938
652,19771.812,4.351536750793457,4.146345872868551e-06,-0.7948708534240723,9.715068812341025e-08,0.13878633081912994,3.8195690876818844e-07,0.003018768737092614,0.13889709353446633,-3.289473720402822e-08,trajectory,STRAIGHT,3.337772846221924,-4.3504143743622095,0.10382986827647553
653,19771.859,4.356948375701904,4.161260221735574e-06,-0.7947530746459961,9.715068810434435e-08,0.13878633081912994,3.828700982921873e-07,0.003018768737092614,0.1388970935344663,-3.440665294261833e-08,trajectory,STRAIGHT,3.337772846221924,-4.35582473468159,0.10395900213960649
654,19771.906,4.362776279449463,4.177361461188411e-06,-0.7946262359619141,9.715068808380981e-08,0.13878633081912994,3.8385473999369424e-07,0.003018768737092614,0.1388970935344663,-3.118322965395296e-08,trajectory,STRAIGHT,3.3371570110321045,-4.361651276893895,0.10409806941644617
655,19771.953,4.3686041831970215,4.19350453739753e-06,-0.794499397277832,9.715068806327318e-08,0.13878633081912994,3.848406322504161e-07,0.003018768737092614,0.1388970935344663,-3.2819790167684695e-08,trajectory,STRAIGHT,3.3371570110321045,-4.367477819448169,0.10423713673511069
656,19772.046,4.376097202301025,4.214321052131709e-06,-0.7943363189697266,9.715068803686581e-08,0.13878633081912994,3.8611005948041566e-07,0.003018768737092614,0.1388970935344663,-3.4930200621043035e-08,trajectory,STRAIGHT,3.336540460586548,-4.374969088948809,0.10441593763450725
657,19772.109,4.387336730957031,4.245673608238576e-06,-0.7940917015075684,9.715068799724826e-08,0.13878633081912994,3.880181225213164e-07,0.003018768737092614,0.13889709353446628,-3.298885761236498e-08,trajectory,STRAIGHT,3.3359248638153076,-4.386205994258731,0.10468413911134974
658,19772.156,4.394413471221924,4.2654937715269625e-06,-0.7939376831054688,9.715068797229985e-08,0.13878633081912994,3.8922192402424116e-07,0.003018768737092614,0.13889709353446628,-3.4998427040714254e-08,trajectory,STRAIGHT,3.3359248638153076,-4.393281083438751,0.10485300678752253
659,19772.218,4.400657653808594,4.2830329221033026e-06,-0.7938017845153809,9.715068795028398e-08,0.13878633081912994,3.9028563492138346e-07,0.003018768737092614,0.13889709353446625,-3.677677630480459e-08,trajectory,STRAIGHT,3.33530855178833,-4.3995238096037355,0.10500200772901996
660,19772.281,4.409399509429932,4.307667950342875e-06,-0.7936115264892578,9.715068791945769e-08,0.13878633081912994,3.917772346540005e-07,0.003018768737092614,0.13889709353446625,-3.264209886343237e-08,trajectory,STRAIGHT,3.33530855178833,-4.40826362689257,0.10521060912731098
661,19772.312,4.411480903625488,4.313547378842486e-06,-0.7935662269592285,9.715068791211742e-08,0.13878633081912994,3.921328186606843e-07,0.003018768737092614,0.13889709353446625,-3.323826754549061e-08,trajectory,STRAIGHT,3.334693431854248,-4.410344535883951,0.10526027614084568
662,19772.375,4.4206390380859375,4.339480710768839e-06,-0.7933669090270996,9.715068787981694e-08,0.13878633081912994,3.9369922433252214e-07,0.003018768737092614,0.13889709353446622,-3.586794128278364e-08,trajectory,STRAIGHT,3.334693431854248,-4.419500535962463,0.10547881106422677
663,19772.406,4.424801826477051,4.351302322902484e-06,-0.793276309967041,9.715068786513319e-08,0.13878633081912994,3.944122681787121e-07,0.003018768737092614,0.13889709353446622,-3.161604589020104e-08,trajectory,STRAIGHT,3.3340773582458496,-4.4236623544581235,0.10557814515403346
664,19772.484,4.429380893707275,4.364331289252732e-06,-0.7931766510009766,9.715068784897984e-08,0.13878633081912994,3.9519733263659873e-07,0.003018792485818267,0.13889709353446622,-3.29372617273152e-08,trajectory,STRAIGHT,3.3340773582458496,-4.42824035500405,0.10568741267800667
665,19772.515,4.437706470489502,4.388086381368339e-06,-0.7929954528808594,9.715068781960676e-08,0.13878633081912994,3.9662674566898204e-07,0.0030188357923179865,0.13889709353446622,-3.534624042779224e-08,trajectory,STRAIGHT,3.3334600925445557,-4.436563992898769,0.10588608096945606
666,19772.593,4.446864604949951,4.41431620856747e-06,-0.7927961349487305,9.715068778729139e-08,0.13878633081912994,3.9820207575758104e-07,0.0030188357923179865,0.1388970935344662,-3.3311521871555574e-08,trajectory,STRAIGHT,3.3334600925445557,-4.4457199953851045,0.10610461618924802
667,19772.625,4.451443672180176,4.427470685186563e-06,-0.792696475982666,9.715068777113178e-08,0.13878633081912994,3.989908918811125e-07,0.0030188357923179865,0.1388970935344662,-3.4645588868848955e-08,trajectory,STRAIGHT,3.3328444957733154,-4.450297996943235,0.10621388383869575
668,19772.687,4.458104133605957,4.4466501094575506e-06,-0.7925515174865723,9.715068774762454e-08,0.13878633081912994,4.0013966895458e-07,0.0030188357923179865,0.1388970935344662,-3.659072661894455e-08,trajectory,STRAIGHT,3.3328444957733154,-4.456956908675217,0.10637281864715593
669,19772.718,4.462683200836182,4.4598677959584165e-06,-0.7924518585205078,9.715068773146173e-08,0.13878633081912994,4.0093038933264324e-07,0.0030188357923179865,0.13889709353446617,-3.22730588430786e-08,trajectory,STRAIGHT,3.332228899002075,-4.461534910748462,0.10648208635979554
670,19772.796,4.467678546905518,4.474317393032834e-06,-0.7923431396484375,9.715068771382808e-08,0.13878633081912994,4.017939261302672e-07,0.0030188357923179865,0.13889709353446617,-3.373857136217029e-08,trajectory,STRAIGHT,3.332228899002075,-4.466529095067564,0.10660128753115103
671,19772.89,4.480583190917969,4.511788574745879e-06,-0.7920622825622559,9.715068766826734e-08,0.13878633081912994,4.040289525164553e-07,0.0030188357923179865,0.13889709353446617,-3.7539122136370804e-08,trajectory,STRAIGHT,3.332228899002075,-4.479430739046698,0.10690922403350127
672,19772.921,4.48724365234375,4.5312103793548886e-06,-0.7919173240661621,9.715068764474807e-08,0.13878633081912994,4.0518494870411814e-07,0.0030188357923179865,0.13889709353446614,-3.321361451614243e-08,trajectory,STRAIGHT,3.3316123485565186,-4.486089652719272,0.10706815908427278
673,19772.984,4.495985507965088,4.556785370368743e-06,-0.7917270660400391,9.715068761387487e-08,0.13878633081912994,4.0670465750736184e-07,0.0030188357923179865,0.13889709353446614,-3.58077625906e-08,trajectory,STRAIGHT,3.3316123485565186,-4.494829477586876,0.10727676142225898
674,19773.015,4.498483180999756,4.564109985949472e-06,-0.7916727066040039,9.715068760505309e-08,0.13878633081912994,4.071393959748093e-07,0.0030188357923179865,0.13889709353446614,-3.655073816002491e-08,trajectory,STRAIGHT,3.330996513366699,-4.4973265705463135,0.10733636210772533
675,19773.093,4.509722709655762,4.597168299369514e-06,-0.7914280891418457,9.715068756535026e-08,0.13878633081912994,4.090985612492659e-07,0.0030188357923179865,0.1388970935344661,-3.990410992684312e-08,trajectory,STRAIGHT,3.330996513366699,-4.508563489634078,0.10760456528983955
676,19773.125,4.511387825012207,4.602079570759088e-06,-0.7913918495178223,9.715068755946771e-08,0.13878633081912994,4.093892016499012e-07,0.0030188357923179865,0.1388970935344661,-3.2147431563152255e-08,trajectory,STRAIGHT,3.3303797245025635,-4.51022821849498,0.10764429910833677
677,19773.171,4.5184645652771,4.6229902181949e-06,-0.7912378311157227,9.715068753446488e-08,0.13878633081912994,4.1062557443183323e-07,0.0030188357923179865,0.1388970935344661,-3.426865510884581e-08,trajectory,STRAIGHT,3.3303797245025635,-4.517303316462254,0.10781316787468327
678,19773.218,4.524292469024658,4.640258794097463e-06,-0.7911109924316406,9.7150687513872e-08,0.13878633081912994,4.1164517483593954e-07,0.0030188357923179865,0.13889709353446608,-3.602046224403392e-08,trajectory,STRAIGHT,3.3297643661499023,-4.523129868104199,0.10795223631852707
679,19773.281,4.529287815093994,4.655093562178081e-06,-0.7910022735595703,9.715068749621927e-08,0.13878633081912994,4.125201087390451e-07,0.0030188357923179865,0.13889709353446608,-3.335790037859579e-08,trajectory,STRAIGHT,3.3297643661499023,-4.528124055495226,0.10807143787494393
680,19773.312,4.535115718841553,4.6724421736143995e-06,-0.7908754348754883,9.715068747562248e-08,0.13878633081912994,4.1354206814503414e-07,0.0030188357923179865,0.13889709353446608,-3.511789978732435e-08,trajectory,STRAIGHT,3.3297643661499023,-4.5339506077655045,0.10821050639880045
681,19773.375,4.542608737945557,4.69480892206775e-06,-0.7907123565673828,9.715068744913779e-08,0.13878633081912994,4.1485782276140526e-07,0.0030188357923179865,0.13889709353446605,-3.7387039803941005e-08,trajectory,STRAIGHT,3.3297643661499023,-4.541441889752761,0.10838930884798945
682,19773.406,4.54677152633667,4.707266270997934e-06,-0.7906217575073242,9.715068743442256e-08,0.13878633081912994,4.155897102009476e-07,0.0030188357923179865,0.13889709353446605,-3.337381493659205e-08,trajectory,STRAIGHT,3.329148769378662,-4.545603713320439,0.10848864357335194
683,19773.468,4.5538482666015625,4.728492967842612e-06,-0.7904677391052246,9.715068740940423e-08,0.13878633081912994,4.1683540530357277e-07,0.0030188357923179865,0.13889709353446605,-3.5527389208921027e-08,trajectory,STRAIGHT,3.329148769378662,-4.552678813781135,0.10865751265565787
684,19773.515,4.560092449188232,4.747276307170978e-06,-0.7903318405151367,9.715068738732663e-08,0.13878633081912994,4.179360644229746e-07,0.0030188357923179865,0.13889709353446605,-3.743311320632519e-08,trajectory,STRAIGHT,3.3285317420959473,-4.558921549895295,0.10880651484098988
685,19773.578,4.567585468292236,4.769880433741491e-06,-0.7901687622070312,9.715068736083034e-08,0.13878633081912994,4.1925878235815617e-07,0.0030188357923179865,0.13889709353446603,-3.464966505258836e-08,trajectory,STRAIGHT,3.3285317420959473,-4.566412833743875,0.10898531752748938
686,19773.609,4.570915699005127,4.779950359079521e-06,-0.7900962829589844,9.71506873490531e-08,0.13878633081912994,4.19847339117041e-07,0.0030188357923179865,0.13889709353446603,-3.567138870578516e-08,trajectory,STRAIGHT,3.3279154300689697,-4.569742293411181,0.10906478541179596
687,19773.687,4.577576160430908,4.800131137017161e-06,-0.7899513244628906,9.715068732549655e-08,0.13878633081912994,4.210256747683161e-07,0.0030188357923179865,0.13889709353446603,-3.771902650904054e-08,trajectory,STRAIGHT,3.3279154300689697,-4.576401213076288,0.10922372122132475
688,19773.718,4.584652900695801,4.8216361392405815e-06,-0.789797306060791,9.715068730046469e-08,0.13878633081912994,4.222794416364195e-07,0.0030188357923179865,0.138897093534466,-3.478544953853489e-08,trajectory,STRAIGHT,3.3272998332977295,-4.583476315703038,0.10939259058185682
689,19773.812,4.590897083282471,4.840664132643724e-06,-0.7896614074707031,9.715068727837519e-08,0.13878633081912994,4.233872630265978e-07,0.0030188357923179865,0.138897093534466,-3.671621192513665e-08,trajectory,STRAIGHT,3.3272998332977295,-4.58971905372762,0.10954159301177324
690,19773.921,4.60629940032959,4.887813702225685e-06,-0.7893261909484863,9.71506872238774e-08,0.13878633081912994,4.261260642124398e-07,0.0030188357923179865,0.13889709353446597,-4.150063840483125e-08,trajectory,STRAIGHT,3.3266844749450684,-4.605117809174942,0.10990913255269205
691,19773.984,4.616290092468262,4.918558261124417e-06,-0.7891087532043457,9.715068718851963e-08,0.13878633081912994,4.279073095858621e-07,0.0030188357923179865,0.13889709353446597,-3.613132539961438e-08,trajectory,STRAIGHT,3.3260676860809326,-4.6151061923439585,0.11014753674024244
692,19774.046,4.623366832733154,4.940414783050073e-06,-0.7889547348022461,9.715068716347079e-08,0.13878633081912994,4.29171279847651e-07,0.0030188357923179865,0.13889709353446594,-3.834934419296017e-08,trajectory,STRAIGHT,3.3260676860809326,-4.622181297686772,0.11031640645219415
693,19774.078,4.627529621124268,4.953302322974196e-06,-0.7888641357421875,9.715068714873472e-08,0.13878633081912994,4.299156444176333e-07,0.0030188357923179865,0.13889709353446594,-3.456290877660955e-08,trajectory,STRAIGHT,3.325451612472534,-4.626343124590598,0.11041574160762518
694,19774.156,4.636687755584717,4.981729944120161e-06,-0.7886648178100586,9.715068711631162e-08,0.13878633081912994,4.3155552020834875e-07,0.0030188357923179865,0.13889709353446594,-3.744788904604087e-08,trajectory,STRAIGHT,3.325451612472534,-4.6354991443826705,0.11063427902458543
695,19774.171,4.638769149780273,4.988206001144135e-06,-0.7886195182800293,9.715068710894201e-08,0.13878633081912994,4.319286404097511e-07,0.0030188357923179865,0.13889709353446594,-3.810512347628087e-08,trajectory,STRAIGHT,3.324836492538452,-4.6375800580874795,0.11068394663457881
696,19774.265,4.650424957275391,5.0245776037627365e-06,-0.7883658409118652,9.715068706766721e-08,0.13878633081912994,4.3402116034485516e-07,0.0030185480136424303,0.13889709353446592,-3.716696112309856e-08,trajectory,STRAIGHT,3.324836492538452,-4.64923317562593,0.110962085356195
697,19774.281,4.652090072631836,5.029788098909194e-06,-0.7883296012878418,9.715068706177013e-08,0.13878633081912994,4.343204977885762e-07,0.0030185135547071695,0.13889709353446592,-3.769578092263302e-08,trajectory,STRAIGHT,3.324219226837158,-4.65089790681246,0.1110018194738308
698,19774.375,4.660831928253174,5.05720026922063e-06,-0.7881393432617188,9.715068703080759e-08,0.13878633081912994,4.3589375309238676e-07,0.003018425079062581,0.13889709353446592,-4.047793064741651e-08,trajectory,STRAIGHT,3.324219226837158,-4.659637745991176,0.11121042364847328
699,19774.484,4.67207145690918,5.092589162813965e-06,-0.7878947257995605,9.715068699099166e-08,0.13878633081912994,4.3792067572212545e-07,0.003018404124304652,0.1388970935344659,-3.738469562936006e-08,trajectory,STRAIGHT,3.323603630065918,-4.6708746831869306,0.1114786291605042
700,19774.578,4.685392379760742,5.134746061230544e-06,-0.787604808807373,9.715068694379228e-08,0.13878633081912994,4.4032901769242017e-07,0.003018404124304652,0.13889709353446586,-4.166363914392319e-08,trajectory,STRAIGHT,3.3229873180389404,-4.684192536292294,0.11179650257439319
701,19774.609,4.692052841186523,5.155911821930204e-06,-0.7874598503112793,9.715068692018845e-08,0.13878633081912994,4.4153566136628797e-07,0.003018404124304652,0.13889709353446586,-3.6296067146699225e-08,trajectory,STRAIGHT,3.322371006011963,-4.690851463501119,0.11195543936862433
702,19774.671,4.699545860290527,5.179792879062006e-06,-0.7872967720031738,9.715068689363087e-08,0.13878633081912994,4.428951001500536e-07,0.003018404124304652,0.13889709353446586,-3.872013276495142e-08,trajectory,STRAIGHT,3.322371006011963,-4.698342757133602,0.11213424333169089
703,19774.703,4.703292369842529,5.191760919842636e-06,-0.7872152328491211,9.71506868803508e-08,0.13878633081912994,4.435756011389458e-07,0.003018404124304652,0.13889709353446583,-3.9934979323325946e-08,trajectory,STRAIGHT,3.3217554092407227,-4.7020884041572515,0.11222364534072855
704,19774.781,4.708287715911865,5.207747108215699e-06,-0.7871065139770508,9.715068686264263e-08,0.13878633081912994,4.444837600203755e-07,0.003018404124304652,0.13889709353446583,-4.155772073942882e-08,trajectory,STRAIGHT,3.3217554092407227,-4.707082600403787,0.1123428480482379
705,19774.812,4.717029571533203,5.235801836533938e-06,-0.7869162559509277,9.715068683164966e-08,0.13878633081912994,4.4607523363993096e-07,0.003018404124304652,0.13889709353446583,-3.7327908803185465e-08,trajectory,STRAIGHT,3.3217554092407227,-4.715822444426294,0.11255145286525547
706,19774.843,4.721192359924316,5.249196419754298e-06,-0.7868256568908691,9.715068681688942e-08,0.13878633081912994,4.4683409328172274e-07,0.003018404124304652,0.13889709353446583,-3.868763412013864e-08,trajectory,STRAIGHT,3.3217554092407227,-4.719984275177502,0.11265078852758546
707,19774.906,4.727852821350098,5.270675046631368e-06,-0.7866806983947754,9.715068679327083e-08,0.13878633081912994,4.480495761072234e-07,0.003018404124304652,0.1388970935344658,-4.086802859162901e-08,trajectory,STRAIGHT,3.321139097213745,-4.7266432047339535,0.11280972563459371
708,19774.953,4.734513282775879,5.292211881169351e-06,-0.7865357398986816,9.715068676964948e-08,0.13878633081912994,4.4926673581358045e-07,0.003018404124304652,0.1388970935344658,-4.305437797971046e-08,trajectory,STRAIGHT,3.321139097213745,-4.7333021347265785,0.11296866279979305
709,19775.0,4.739508628845215,5.3084027058503125e-06,-0.7864270210266113,9.715068675193167e-08,0.13878633081912994,4.501806643020245e-07,0.003018404124304652,0.1388970935344658,-3.650635049229767e-08,trajectory,STRAIGHT,3.321139097213745,-4.738296332507176,0.11308786571188045
710,19775.046,4.745336532592773,5.327333383320365e-06,-0.7863001823425293,9.715068673125893e-08,0.13878633081912994,4.512480984431022e-07,0.003018404124304652,0.13889709353446578,-3.842819448363382e-08,trajectory,STRAIGHT,3.320523262023926,-4.744122896894389,0.11322693581735263
711,19775.093,4.750748157501221,5.344951659935759e-06,-0.7861824035644531,9.715068671206093e-08,0.13878633081912994,4.5224041400615533e-07,0.003018404124304652,0.13889709353446578,-4.021683308092325e-08,trajectory,STRAIGHT,3.320523262023926,-4.749533278409778,0.1133560723836416
712,19775.187,4.7632365226745605,5.385756139730802e-06,-0.7859106063842773,9.715068666775093e-08,0.13878633081912994,4.5453452912624925e-07,0.003018404124304652,0.13889709353446575,-3.92432299928438e-08,trajectory,STRAIGHT,3.3199076652526855,-4.762018775311674,0.113654079991185
713,19775.281,4.774892330169678,5.424027676781407e-06,-0.7856569290161133,9.71506866263862e-08,0.13878633081912994,4.5668093662243336e-07,0.003018404124304652,0.13889709353446575,-4.312885932383988e-08,trajectory,STRAIGHT,3.3192903995513916,-4.773671907133746,0.11393222061219474
714,19775.312,4.779055118560791,5.437740583147388e-06,-0.7855663299560547,9.715068661161104e-08,0.13878633081912994,4.574487206809863e-07,0.003018404124304652,0.13889709353446575,-3.6848091528046824e-08,trajectory,STRAIGHT,3.3186757564544678,-4.7778337402501165,0.11403155659275724
715,19775.375,4.786131858825684,5.461104592541233e-06,-0.7854123115539551,9.71506865864908e-08,0.13878633081912994,4.5875543719375855e-07,0.003018404124304652,0.13889709353446572,-3.9220278768677555e-08,trajectory,STRAIGHT,3.3186757564544678,-4.784908856937655,0.11420042781176727
716,19775.406,4.7898783683776855,5.473500550579047e-06,-0.7853307723999023,9.71506865731906e-08,0.13878633081912994,4.594479889874492e-07,0.003018404124304652,0.13889709353446572,-4.047888111726381e-08,trajectory,STRAIGHT,3.318059206008911,-4.788654507147314,0.11428983024860037
717,19775.468,4.796955108642578,5.4969650591374375e-06,-0.7851767539978027,9.715068654806562e-08,0.13878633081912994,4.6075757609287393e-07,0.003018404124304652,0.13889709353446572,-3.8059650937425404e-08,trajectory,STRAIGHT,3.318059206008911,-4.795729624585029,0.11445870156808095
718,19775.5,4.801117897033691,5.510799837793456e-06,-0.7850861549377441,9.715068653328476e-08,0.13878633081912994,4.615287707565585e-07,0.003018404124304652,0.1388970935344657,-3.946438259980959e-08,trajectory,STRAIGHT,3.318059206008911,-4.7998914586008965,0.11455803767048106
719,19775.562,4.807362079620361,5.531595888896845e-06,-0.7849502563476562,9.715068651111148e-08,0.13878633081912994,4.626867848855909e-07,0.003018404124304652,0.1388970935344657,-4.157596617602527e-08,trajectory,STRAIGHT,3.318059206008911,-4.806134209942613,0.11470704186795187
720,19775.609,4.813606262207031,5.552443326450884e-06,-0.7848143577575684,9.715068648893577e-08,0.13878633081912994,4.6384624852180423e-07,0.003018404124304652,0.1388970935344657,-3.8053125987295774e-08,trajectory,STRAIGHT,3.3174431324005127,-4.812376961665734,0.11485604611679448
721,19775.656,4.820683002471924,5.576132480200613e-06,-0.7846603393554688,9.715068646380039e-08,0.13878633081912994,4.651620599815942e-07,0.003018404124304652,0.13889709353446567,-4.045855525936701e-08,trajectory,STRAIGHT,3.3174431324005127,-4.819452080746139,0.11502491766085629
722,19775.703,4.824845790863037,5.590100045083091e-06,-0.7845697402954102,9.715068644901342e-08,0.13878633081912994,4.659369210457953e-07,0.003018404124304652,0.13889709353446567,-4.187685885648219e-08,trajectory,STRAIGHT,3.3168275356292725,-4.8236139157279325,0.11512425389600484
723,19775.765,4.834420204162598,5.6223116189357825e-06,-0.7843613624572754,9.715068641499931e-08,0.13878633081912994,4.6772157702434924e-07,0.003018404124304652,0.13889709353446567,-3.946721247708052e-08,trajectory,STRAIGHT,3.3168275356292725,-4.833186136828566,0.11535272732299653
724,19775.812,4.8381667137146,5.634949502564268e-06,-0.7842798233032227,9.715068640168787e-08,0.13878633081912994,4.684208363414655e-07,0.003018404124304652,0.13889709353446564,-4.0750543986669044e-08,trajectory,STRAIGHT,3.3162100315093994,-4.836931788807284,0.11544213000168638
725,19775.875,4.847324848175049,5.665923254127847e-06,-0.7840805053710938,9.71506863691452e-08,0.13878633081912994,4.7013236326165497e-07,0.003018404124304652,0.13889709353446564,-4.389586938892311e-08,trajectory,STRAIGHT,3.3162100315093994,-4.846087827554243,0.11566066996405219
726,19775.906,4.849822521209717,5.674389740306651e-06,-0.7840261459350586,9.7150686360269e-08,0.13878633081912994,4.705996730081097e-07,0.003018404124304652,0.13889709353446564,-3.739170240895929e-08,trajectory,STRAIGHT,3.3155951499938965,-4.8485849291727305,0.1157202717910641
727,19775.984,4.857731819152832,5.701257123291725e-06,-0.7838540077209473,9.715068633215855e-08,0.13878633081912994,4.7208104092533176e-07,0.003018404124304652,0.1388970935344656,-4.012011076599461e-08,trajectory,STRAIGHT,3.3155951499938965,-4.8564924180326585,0.11590901096676234
728,19776.0,4.862310886383057,5.716850409953622e-06,-0.7837543487548828,9.715068631588232e-08,0.13878633081912994,4.7293974603235256e-07,0.003018238116055727,0.1388970935344656,-4.170364988690569e-08,trajectory,STRAIGHT,3.3155951499938965,-4.861070438177727,0.11601828105432585
729,19776.046,4.866889953613281,5.732470981456572e-06,-0.7836546897888184,9.715068629960477e-08,0.13878633081912994,4.73799218525528e-07,0.003018140560016036,0.1388970935344656,-3.8342853695259874e-08,trajectory,STRAIGHT,3.31497859954834,-4.865648458527183,0.11612755116916643
730,19776.109,4.8760480880737305,5.763799890701193e-06,-0.7834553718566895,9.715068626704579e-08,0.13878633081912994,4.755204940920521e-07,0.0030180595349520445,0.1388970935344656,-4.1524474757388566e-08,trajectory,STRAIGHT,3.31497859954834,-4.874804499838916,0.11634609148658882
731,19776.156,4.879794597625732,5.7766483223531395e-06,-0.7833738327026367,9.715068625372469e-08,0.13878633081912994,4.7622555143789214e-07,0.0030180441681295633,0.13889709353446558,-4.282932491168115e-08,trajectory,STRAIGHT,3.314362049102783,-4.878550153338253,0.11643549437576672
732,19776.218,4.888952732086182,5.808137302665273e-06,-0.7831745147705078,9.715068622115838e-08,0.13878633081912994,4.779512892127968e-07,0.0030180441681295633,0.13889709353446558,-4.021737427807046e-08,trajectory,STRAIGHT,3.314362049102783,-4.8877061958007175,0.11665403485321463
733,19776.265,4.893115520477295,5.822487764817197e-06,-0.7830839157104492,9.715068620635379e-08,0.13878633081912994,4.787366947311966e-07,0.0030180441681295633,0.13889709353446558,-4.1674811158559476e-08,trajectory,STRAIGHT,3.313746690750122,-4.891868033553472,0.11675337147115143
734,19776.328,4.902273654937744,5.854141818417702e-06,-0.7828845977783203,9.715068617377991e-08,0.13878633081912994,4.804668947144819e-07,0.0030180441681295633,0.13889709353446555,-4.4889660609730014e-08,trajectory,STRAIGHT,3.313746690750122,-4.9010240772028055,0.11697191211362562
735,19776.359,4.906020164489746,5.86712485528551e-06,-0.7828030586242676,9.715068616045273e-08,0.13878633081912994,4.811756184608385e-07,0.0030180441681295633,0.13889709353446555,-3.867730058344495e-08,trajectory,STRAIGHT,3.3131296634674072,-4.904769731658014,0.11706131513737042
736,19776.437,4.913096904754639,5.891698947380064e-06,-0.782649040222168,9.71506861352768e-08,0.13878633081912994,4.82515702060482e-07,0.0030180441681295633,0.13889709353446555,-4.11731654614096e-08,trajectory,STRAIGHT,3.3131296634674072,-4.9118448571122855,0.11723018756611865
737,19776.5,4.921838760375977,5.922150648984825e-06,-0.7824587821960449,9.715068610417286e-08,0.13878633081912994,4.841736540583952e-07,0.0030180441681295633,0.13889709353446553,-4.426604405184371e-08,trajectory,STRAIGHT,3.3125150203704834,-4.920584718639219,0.11743879477942715
738,19776.546,4.928915500640869,5.9468784456839785e-06,-0.7823047637939453,9.715068607898998e-08,0.13878633081912994,4.855179440710344e-07,0.0030180441681295633,0.13889709353446553,-4.016680919528892e-08,trajectory,STRAIGHT,3.3125150203704834,-4.927659845180692,0.11760766736183623
739,19776.609,4.935159683227539,5.968754066998372e-06,-0.7821688652038574,9.715068605676723e-08,0.13878633081912994,4.867055736212933e-07,0.0030180441681295633,0.1388970935344655,-4.238871902657327e-08,trajectory,STRAIGHT,3.3118979930877686,-4.933902604297373,0.11775667263856988
740,19776.671,4.942236423492432,5.993610557197826e-06,-0.7820148468017578,9.715068603157852e-08,0.13878633081912994,4.880532742390642e-07,0.0030180441681295633,0.1388970935344655,-4.4913433076574534e-08,trajectory,STRAIGHT,3.3118979930877686,-4.9409777317535415,0.11792554534963584
741,19776.687,4.946399211883545,6.008264790580142e-06,-0.7819242477416992,9.715068601676018e-08,0.13878633081912994,4.888469788966177e-07,0.0030180441681295633,0.1388970935344655,-3.945408489377858e-08,trajectory,STRAIGHT,3.311282157897949,-4.9451395716604765,0.1180248822712574
742,19776.765,4.9559736251831055,6.042058885213919e-06,-0.7817158699035645,9.715068598267392e-08,0.13878633081912994,4.906748358735058e-07,0.0030180441681295633,0.13889709353446547,-4.2886706830297917e-08,trajectory,STRAIGHT,3.311282157897949,-4.954711804083878,0.11825335728031941
743,19776.796,4.959720134735107,6.055316589481663e-06,-0.7816343307495117,9.715068596933429e-08,0.13878633081912994,4.913910061077331e-07,0.0030180441681295633,0.13889709353446547,-4.423337327734619e-08,trajectory,STRAIGHT,3.31066632270813,-4.958457460491346,0.11834276057865342
744,19776.875,4.964299201965332,6.071547431929503e-06,-0.7815346717834473,9.715068595302909e-08,0.13878633081912994,4.92267020035797e-07,0.0030180441681295633,0.13889709353446547,-3.988130491457384e-08,trajectory,STRAIGHT,3.31066632270813,-4.963035485173968,0.1184520313035912
745,19776.937,4.977203845977783,6.117444172559772e-06,-0.7812538146972656,9.71506859070711e-08,0.13878633081912994,4.947401066601742e-07,0.0030180441681295633,0.13889709353446544,-4.4543456401766795e-08,trajectory,STRAIGHT,3.310049057006836,-4.975937192189846,0.11875997622910174
746,19777.0,4.984280586242676,6.142710844869725e-06,-0.781099796295166,9.715068588186395e-08,0.13878633081912994,4.96098891744623e-07,0.0030180441681295633,0.13889709353446544,-4.1067172572581734e-08,trajectory,STRAIGHT,3.309433698654175,-4.983012322527827,0.11892884935023303
747,19777.046,4.990941047668457,6.166554612718755e-06,-0.7809548377990723,9.715068585813672e-08,0.13878633081912994,4.973794602847192e-07,0.0030180441681295633,0.13889709353446542,-4.34892879990353e-08,trajectory,STRAIGHT,3.309433698654175,-4.989671269170671,0.11908778882170895
748,19777.125,4.997185230255127,6.1889641074230894e-06,-0.7808189392089844,9.715068583588997e-08,0.13878633081912994,4.985814712199499e-07,0.0030180441681295633,0.13889709353446542,-4.5765735680262085e-08,trajectory,STRAIGHT,3.309433698654175,-4.995914032037781,0.11923679463216402
749,19777.156,5.00134801864624,6.203934390214272e-06,-0.7807283401489258,9.715068582105745e-08,0.13878633081912994,4.993836455469136e-07,0.0030180441681295633,0.13889709353446542,-4.032862316894172e-08,trajectory,STRAIGHT,3.309433698654175,-5.000075874158476,0.11933613186974501
750,19777.218,5.008424758911133,6.229438440641388e-06,-0.7805743217468262,9.715068579583971e-08,0.13878633081912994,5.007487402508559e-07,0.0030180441681295633,0.1388970935344654,-4.291948476874412e-08,trajectory,STRAIGHT,3.309433698654175,-5.007151006147815,0.11950500522818684
751,19777.265,5.014668941497803,6.2519998209609184e-06,-0.7804384231567383,9.715068577358618e-08,0.13878633081912994,5.019548439122445e-07,0.0030180441681295633,0.1388970935344654,-4.52114484296159e-08,trajectory,STRAIGHT,3.3088176250457764,-5.013393770069378,0.1196540111904843
752,19777.328,5.022161960601807,6.279145054577384e-06,-0.7802753448486328,9.715068574687876e-08,0.13878633081912994,5.034040668761008e-07,0.0030180441681295633,0.1388970935344654,-4.183539853772731e-08,trajectory,STRAIGHT,3.3088176250457764,-5.020885087271964,0.1198328184167981
753,19777.359,5.025908470153809,6.292747002589749e-06,-0.7801938056945801,9.715068573352375e-08,0.13878633081912994,5.041294457441836e-07,0.0030180441681295633,0.13889709353446536,-4.3217226050024795e-08,trajectory,STRAIGHT,3.308201789855957,-5.024630746076376,0.11992222205927786
754,19777.437,5.03256893157959,6.316976850939682e-06,-0.7800488471984863,9.715068570977933e-08,0.13878633081912994,5.054203029430937e-07,0.0030180441681295633,0.13889709353446536,-4.567877261938091e-08,trajectory,STRAIGHT,3.308201789855957,-5.031289695396225,0.12008116191672437
755,19777.468,5.039229393005371,6.341268544929335e-06,-0.7799038887023926,9.715068568603218e-08,0.13878633081912994,5.067128654445696e-07,0.0030180441681295633,0.13889709353446536,-4.8146640176945744e-08,trajectory,STRAIGHT,3.3075859546661377,-5.037948645143736,0.1202401018359989
756,19777.531,5.043392181396484,6.3564821175532416e-06,-0.779813289642334,9.715068567118882e-08,0.13878633081912994,5.075215199212835e-07,0.0030180441681295633,0.13889709353446536,-4.336844466103983e-08,trajectory,STRAIGHT,3.3075859546661377,-5.042110488953021,0.12033943931680045
757,19777.562,5.050468921661377,6.382401352311717e-06,-0.7796592712402344,9.715068564595265e-08,0.13878633081912994,5.088976990919036e-07,0.0030180441681295633,0.13889709353446533,-4.600171145143365e-08,trajectory,STRAIGHT,3.3069698810577393,-5.049185623811894,0.12050831309030842
758,19777.64,5.057129383087158,6.406860393326497e-06,-0.7795143127441406,9.715068562219809e-08,0.13878633081912994,5.101946385366318e-07,0.0030180441681295633,0.13889709353446533,-4.848666386701314e-08,trajectory,STRAIGHT,3.3069698810577393,-5.055844574707805,0.12066725317688234
759,19777.734,5.072947978973389,6.46519947622437e-06,-0.779170036315918,9.715068556577004e-08,0.13878633081912994,5.132814635544491e-07,0.0030180441681295633,0.1388970935344653,-4.5664091650097645e-08,trajectory,STRAIGHT,3.30635404586792,-5.071659584796535,0.12104473613128504
760,19777.765,5.076278209686279,6.47752631266485e-06,-0.7790975570678711,9.715068555388847e-08,0.13878633081912994,5.13932491230662e-07,0.0030179531313478947,0.1388970935344653,-4.691650408752417e-08,trajectory,STRAIGHT,3.305737018585205,-5.074989060911349,0.12112420627186023
761,19777.859,5.083354949951172,6.503772510768613e-06,-0.7789435386657715,9.715068552863787e-08,0.13878633081912994,5.153173674443678e-07,0.003017815062776208,0.13889709353446528,-4.958316297599634e-08,trajectory,STRAIGHT,3.305737018585205,-5.0820641980092915,0.12129308037223846
762,19777.937,5.097508430480957,6.556477728736354e-06,-0.7786355018615723,9.715068547812734e-08,0.13878633081912994,5.180925768399902e-07,0.00301775592379272,0.13889709353446528,-4.550177093145947e-08,trajectory,STRAIGHT,3.305121421813965,-5.096214473648558,0.12163082878575611
763,19777.984,5.103336334228516,6.578261945833219e-06,-0.7785086631774902,9.715068545732525e-08,0.13878633081912994,5.192374601392657e-07,0.00301775592379272,0.13889709353446525,-4.771516481888276e-08,trajectory,STRAIGHT,3.3045051097869873,-5.102041058294375,0.12176990174395558
764,19778.031,5.108747959136963,6.598533218493685e-06,-0.7783908843994141,9.715068543800716e-08,0.13878633081912994,5.203017963140155e-07,0.00301775592379272,0.13889709353446525,-4.252004168883638e-08,trajectory,STRAIGHT,3.3045051097869873,-5.107451458614484,0.12189904096248534
765,19778.078,5.1145758628845215,6.620410658797482e-06,-0.778264045715332,9.715068541720104e-08,0.13878633081912994,5.214490670368832e-07,0.00301775592379272,0.13889709353446525,-4.474294889084504e-08,trajectory,STRAIGHT,3.3045051097869873,-5.113278043888769,0.12203811401388148
766,19778.14,5.122068881988525,6.648609087278601e-06,-0.7781009674072266,9.715068539044721e-08,0.13878633081912994,5.229260864325624e-07,0.00301775592379272,0.13889709353446522,-4.76081580941032e-08,trajectory,STRAIGHT,3.3045051097869873,-5.12076936829142,0.12221692229309034
767,19778.171,5.125815391540527,6.662738087470643e-06,-0.7780194282531738,9.7150685377069e-08,0.13878633081912994,5.236653919382661e-07,0.00301775592379272,0.13889709353446522,-4.219107880304876e-08,trajectory,STRAIGHT,3.3038885593414307,-5.1245150306945675,0.12230632646247222
768,19778.25,5.133724689483643,6.6926327235705685e-06,-0.7778472900390625,9.715068534882323e-08,0.13878633081912994,5.252278469924931e-07,0.00301775592379272,0.13889709353446522,-4.5228699443298876e-08,trajectory,STRAIGHT,3.3038885593414307,-5.132422540653955,0.12249506866456181
769,19778.265,5.1362223625183105,6.702091013721656e-06,-0.7777929306030273,9.715068533990272e-08,0.13878633081912994,5.257217026155558e-07,0.00301775592379272,0.1388970935344652,-4.618977184276274e-08,trajectory,STRAIGHT,3.303274393081665,-5.134919649186692,0.12255467148309533
770,19778.343,5.147045612335205,6.743181984347757e-06,-0.777557373046875,9.715068530124265e-08,0.13878633081912994,5.278645289763517e-07,0.00301775592379272,0.1388970935344652,-5.0365146397164645e-08,trajectory,STRAIGHT,3.303274393081665,-5.145740453518677,0.12281295046842403
771,19778.375,5.149543285369873,6.752688022970688e-06,-0.7775030136108398,9.715068529232007e-08,0.13878633081912994,5.283596919980482e-07,0.00301775592379272,0.1388970935344652,-4.2116459184686345e-08,trajectory,STRAIGHT,3.3026561737060547,-5.1482375623699,0.12287255333469242
772,19778.437,5.158285140991211,6.786030553485034e-06,-0.7773127555847168,9.7150685261088e-08,0.13878633081912994,5.300943826114235e-07,0.00301775592379272,0.13889709353446517,-4.550455975601571e-08,trajectory,STRAIGHT,3.3026561737060547,-5.15697744381913,0.12308116343800689
773,19778.484,5.162447929382324,6.801946256018709e-06,-0.7772221565246582,9.71506852462139e-08,0.13878633081912994,5.309213975124294e-07,0.00301775592379272,0.13889709353446517,-4.7121849425684995e-08,trajectory,STRAIGHT,3.302041530609131,-5.161139292385158,0.12318050162073846
774,19778.531,5.169524669647217,6.829060112067964e-06,-0.7770681381225586,9.715068522092549e-08,0.13878633081912994,5.323288974068419e-07,0.00301775592379272,0.13889709353446517,-4.41502914072874e-08,trajectory,STRAIGHT,3.302041530609131,-5.168214435327577,0.12334937658852764
775,19778.578,5.175352573394775,6.851442776678596e-06,-0.7769412994384766,9.71506852000974e-08,0.13878633081912994,5.33489469489723e-07,0.00301775592379272,0.13889709353446514,-4.642478514890869e-08,trajectory,STRAIGHT,3.301424980163574,-5.174041023992437,0.12348845014500426
776,19778.656,5.183261871337891,6.881897206767462e-06,-0.7767691612243652,9.715068517182736e-08,0.13878633081912994,5.350664196157595e-07,0.00301775592379272,0.13889709353446514,-4.9519544793961426e-08,trajectory,STRAIGHT,3.301424980163574,-5.181948537699348,0.12367719290672848
777,19778.671,5.18617582321167,6.893139925523428e-06,-0.7767057418823242,9.71506851614111e-08,0.13878633081912994,5.356479846341244e-07,0.00301775592379272,0.13889709353446514,-4.2869146432768706e-08,trajectory,STRAIGHT,3.3008084297180176,-5.184861832373521,0.1237467297363386
778,19778.718,5.1895060539245605,6.9060038185853045e-06,-0.7766332626342773,9.715068514950615e-08,0.13878633081912994,5.363130526347959e-07,0.00301775592379272,0.1388970935344651,-4.417638775840887e-08,trajectory,STRAIGHT,3.3008084297180176,-5.188191312100379,0.12382620041381753
779,19778.781,5.198247909545898,6.939847025932977e-06,-0.7764430046081543,9.715068511825243e-08,0.13878633081912994,5.380607603910903e-07,0.00301775592379272,0.1388970935344651,-4.761559738463901e-08,trajectory,STRAIGHT,3.3001925945281982,-5.196931196886908,0.12403481101766628
780,19778.828,5.203659534454346,6.960853170312475e-06,-0.7763252258300781,9.715068509890251e-08,0.13878633081912994,5.391440822677396e-07,0.00301775592379272,0.1388970935344651,-4.410091174098314e-08,trajectory,STRAIGHT,3.3001925945281982,-5.202341602120043,0.12416395097085854
781,19778.89,5.211985111236572,6.993252554821083e-06,-0.7761440277099609,9.715068506912983e-08,0.13878633081912994,5.408128913586552e-07,0.00301775592379272,0.13889709353446508,-4.739347136768768e-08,trajectory,STRAIGHT,3.3001925945281982,-5.21066530302393,0.12436262790413946
782,19778.921,5.215731620788574,7.007864951447118e-06,-0.7760624885559082,9.715068505573073e-08,0.13878633081912994,5.415647024165082e-07,0.00301775592379272,0.13889709353446508,-4.887845831679218e-08,trajectory,STRAIGHT,3.2995762825012207,-5.214410968646199,0.1244520325567802
783,19779.0,5.225306034088135,7.045300208119443e-06,-0.7758541107177734,9.715068502148464e-08,0.13878633081912994,5.43488283710758e-07,0.00301775592379272,0.13889709353446505,-4.605091731073932e-08,trajectory,STRAIGHT,3.2995762825012207,-5.2239832258439165,0.12468051120596765
784,19779.031,5.229052543640137,7.059984909574268e-06,-0.7757725715637207,9.715068500808244e-08,0.13878633081912994,5.442419137580146e-07,0.00301775592379272,0.13889709353446505,-4.7543280261887196e-08,trajectory,STRAIGHT,3.298961639404297,-5.22772889194151,0.12476991593089261
785,19779.109,5.234047889709473,7.079596343828598e-06,-0.7756638526916504,9.71506849902115e-08,0.13878633081912994,5.452476443679188e-07,0.00301775592379272,0.13889709353446505,-4.953635200530771e-08,trajectory,STRAIGHT,3.298961639404297,-5.232723113612806,0.12488912226261581
786,19779.171,5.246119976043701,7.127139269869076e-06,-0.7754011154174805,9.715068494701701e-08,0.13878633081912994,5.476818500937952e-07,0.00301775592379272,0.13889709353446503,-4.737290449359185e-08,trajectory,STRAIGHT,3.298344373703003,-5.244792483631976,0.12517720437953114
787,19779.218,5.251531600952148,7.148520580813056e-06,-0.7752833366394043,9.715068492765101e-08,0.13878633081912994,5.48774778508232e-07,0.00301775592379272,0.13889709353446503,-4.954589555280384e-08,trajectory,STRAIGHT,3.298344373703003,-5.250202891331838,0.12530634470778318
788,19779.281,5.259857177734375,7.181498403951991e-06,-0.7751021385192871,9.715068489785365e-08,0.13878633081912994,5.504583668880514e-07,0.00301775592379272,0.138897093534465,-5.2897481385829825e-08,trajectory,STRAIGHT,3.2977287769317627,-5.258526596029,0.12550502221933807
789,19779.328,5.2644362449646,7.199679203040432e-06,-0.7750024795532227,9.715068488146326e-08,0.13878633081912994,5.513854262062523e-07,0.00301775592379272,0.138897093534465,-4.480577308465037e-08,trajectory,STRAIGHT,3.2977287769317627,-5.26310463389315,0.1256142948936774
790,19779.375,5.2706804275512695,7.224520686577307e-06,-0.7748665809631348,9.715068485911064e-08,0.13878633081912994,5.526508743969316e-07,0.00301775592379272,0.138897093534465,-4.733049463014731e-08,trajectory,STRAIGHT,3.2977287769317627,-5.269347413119732,0.12576330313542897
791,19779.453,5.277757167816162,7.252742761920672e-06,-0.7747125625610352,9.715068483377476e-08,0.13878633081912994,5.540867391573556e-07,0.00301775592379272,0.138897093534465,-5.019882032678034e-08,trajectory,STRAIGHT,3.2977287769317627,-5.276422563357336,0.12593217921112196
792,19779.468,5.281503677368164,7.267713499459205e-06,-0.7746310234069824,9.715068482036037e-08,0.13878633081912994,5.548477020056453e-07,0.00301775592379272,0.13889709353446497,-4.476983734947436e-08,trajectory,STRAIGHT,3.2971134185791016,-5.280168231322591,0.12602158422200158
793,19779.562,5.291494369506836,7.307736723305425e-06,-0.7744135856628418,9.715068478458446e-08,0.13878633081912994,5.568793994825683e-07,0.0030176634900271893,0.13889709353446497,-4.8837635270808765e-08,trajectory,STRAIGHT,3.2971134185791016,-5.290156679880859,0.12625999768557544
794,19779.656,5.300652503967285,7.344553068833193e-06,-0.7742142677307129,9.715068475178444e-08,0.13878633081912994,5.587450573329988e-07,0.0030175347346812487,0.13889709353446494,-5.257955054536108e-08,trajectory,STRAIGHT,3.2964963912963867,-5.299312758557285,0.12647854348887197
795,19779.718,5.311892032623291,7.3899050221371e-06,-0.7739696502685547,9.715068471152276e-08,0.13878633081912994,5.610390303445456e-07,0.0030175165738910437,0.13889709353446494,-4.8230469998037014e-08,trajectory,STRAIGHT,3.2958807945251465,-5.310549765291746,0.1267467589611263
