frame,time_s,x,y,z,yaw,vx,vy,vz,cmd_vx,cmd_vy,cmd_vz,command_source,family,min_distance_m,goal_progress_m,lateral_deviation_m
1,80816.812,0.0,0.0,-0.9912875294685364,0.0,0.0,0.0,0.10166121274232864,0.0,0.0,0.0,trajectory_no_feasible,STRAIGHT,3.721757411956787,0.0,0.0
2,80816.953,0.0,0.0,-0.9722535610198975,0.0,0.0,0.0,0.0783044844865799,0.15,0.0,-0.008034283189196778,trajectory,STRAIGHT,3.729574203491211,0.0,0.0
3,80817.046,2.9316284781089053e-05,4.120108876149051e-17,-0.9654734134674072,2.348184833795704e-12,0.0016440488398075104,5.796276104214331e-16,0.07482021301984787,0.1498684760928154,-2.3455324724761725e-13,-0.008930413203970294,trajectory,STRAIGHT,3.729574203491211,2.9316284781089053e-05,4.120108876149051e-17
4,80817.156,0.000506558280903846,-8.999506953593023e-16,-0.9586433172225952,8.688703130658377e-11,0.009413293562829494,-2.514868772485277e-14,0.07088615000247955,0.14924693651497364,-8.616768455450374e-12,-0.008957192974821428,trajectory,STRAIGHT,3.7035138607025146,0.000506558280903846,8.999506953593023e-16
5,80817.25,0.0009575709118507802,-1.0561045014383032e-15,-0.9559320211410522,1.8082105517161203e-10,0.013794271275401115,3.715125808986114e-14,0.06813079863786697,0.1488964582979679,-9.188660038799732e-12,-0.009470014680963442,trajectory,STRAIGHT,3.683912754058838,0.0009575709118507802,1.0561045014383032e-15
6,80817.375,0.004248405806720257,8.664408437681487e-14,-0.946846604347229,2.347260169687992e-12,0.03225532919168472,1.4843921447918462e-12,0.05832655727863312,0.1474195736646652,8.3334065795226e-12,-0.009139946211915896,trajectory,STRAIGHT,3.6114044189453125,0.004248405806720257,8.664408437681487e-14
7,80817.468,0.007172271143645048,2.551545129694799e-13,-0.9429035782814026,-1.643855930143187e-10,0.04276500269770622,2.9140565828422726e-12,0.035873960703611374,0.1465787997841835,1.5812849588885874e-11,-0.008058934768593326,trajectory,STRAIGHT,3.575038194656372,0.007172271143645048,2.551545129694799e-13
8,80817.578,0.012204418890178204,6.748382234966765e-13,-0.9403488636016846,-8.923444022735584e-11,0.05568286404013634,5.447201283786951e-12,0.018371140584349632,0.1455453708767891,8.19507314946485e-12,-0.006786444893038287,trajectory,STRAIGHT,3.5558226108551025,0.012204418890178204,6.748382234966765e-13
9,80817.687,0.0176885686814785,1.2878037395150366e-12,-0.9389640688896179,8.689274921555745e-11,0.06601454317569733,8.234935303108593e-12,0.012902154587209225,0.1447188365459442,-1.7826262223314614e-11,-0.0067035098109117525,trajectory,STRAIGHT,3.547300100326538,0.0176885686814785,1.2878037395150366e-12
10,80817.781,0.023382753133773804,2.0629799951654704e-12,-0.9380647540092468,4.015639026242478e-10,0.07443959265947342,1.089376939350517e-11,0.009405569173395634,0.14404483258724213,-4.7249888194390215e-11,-0.006468748721825221,trajectory,STRAIGHT,3.5485317707061768,0.023382753133773804,2.0629799951654704e-12
11,80817.812,0.025892384350299835,2.4395275296379415e-12,-0.9377756714820862,4.46180516069217e-10,0.07763306796550751,1.191684077805899e-11,0.008124178275465965,0.1437893545627594,-2.5696195187446686e-12,-0.006480996764686947,trajectory,STRAIGHT,3.5534863471984863,0.025892384350299835,2.4395275296379415e-12
12,80817.937,0.033248089253902435,3.624825700015988e-12,-0.9371923804283142,7.444062399464339e-10,0.08565647155046463,1.4296504084743145e-11,0.004894010256975889,0.14314748227596283,-2.974869989966706e-11,-0.00625174787589634,trajectory,STRAIGHT,3.559788465499878,0.033248089253902435,3.624825700015988e-12
13,80818.0,0.0393514521420002,4.656071535269479e-12,-0.9369340538978577,8.477249656037792e-10,0.09115776419639587,1.548835885933908e-11,0.0026249231304973364,0.14270737886428833,-4.974531547136485e-12,-0.006121446951162995,trajectory,STRAIGHT,3.559788465499878,0.0393514521420002,4.656071535269479e-12
14,80818.14,0.050209738314151764,6.467403002030636e-12,-0.936832845211029,1.1341993292470512e-09,0.09910919517278671,1.5954286503028214e-11,-0.0007842147606424987,0.14207126438617707,-2.962335386682446e-11,-0.005853776354213238,trajectory,STRAIGHT,3.56662654876709,0.050209738314151764,6.467403002030636e-12
15,80818.25,0.05812756344676018,7.680945289523233e-12,-0.9369775652885437,1.2750836022858024e-09,0.10381342470645905,1.496053801675057e-11,-0.002895255573093891,0.14169492602348327,-3.807372031501874e-12,-0.005693445840751146,trajectory,STRAIGHT,3.56662654876709,0.05812756344676018,7.680945289523233e-12
16,80818.343,0.06932457536458969,9.101643917708291e-12,-0.9374196529388428,1.190538811619304e-09,0.10930747538805008,1.1766724747341861e-11,-0.005478634964674711,0.14125540196895597,5.847768578019737e-12,-0.005464671106909726,trajectory,STRAIGHT,3.5734665393829346,0.06932457536458969,9.101643917708291e-12
17,80818.484,0.08139535784721375,1.0104758176032735e-11,-0.9381421804428101,1.3642962510070574e-09,0.11408278346061707,6.469582248397332e-12,-0.007855177856981754,0.14087337732315064,-3.895392513321403e-12,-0.005212652020318752,trajectory,STRAIGHT,3.5801308155059814,0.08139535784721375,1.0104758176032735e-11
18,80818.593,0.09358564764261246,1.0425767887900506e-11,-0.9390775561332703,1.6765949648938516e-09,0.11799784749746323,-7.042102361312641e-13,-0.009919715113937855,0.14056017220020295,-1.3335049933214667e-11,-0.004968990929463949,trajectory,STRAIGHT,3.5866169929504395,0.09358564764261246,1.0425767887900506e-11
19,80818.718,0.10506352037191391,9.966518929593882e-12,-0.9401126503944397,1.7634700915177717e-09,0.12104012072086334,-9.175961206142613e-12,-0.011615312658250332,0.14031679034233094,1.1192628278362562e-11,-0.0047405119973026625,trajectory,STRAIGHT,3.5928664207458496,0.10506352037191391,1.0425767887900506e-11
20,80818.812,0.11569997668266296,8.776552401501547e-12,-0.9411847591400146,1.427677942592459e-09,0.1234147921204567,-1.8409921156981035e-11,-0.013008495792746544,0.14012681663036347,4.378235756990961e-11,-0.004575451909264217,trajectory,STRAIGHT,3.5988380908966064,0.11569997668266296,1.0425767887900506e-11
21,80818.89,0.12053216248750687,7.970468902940286e-12,-0.9417035579681396,1.183467406188206e-09,0.12437412887811661,-2.2965053469992114e-11,-0.013592015020549297,0.14005006968975067,3.86861579239728e-11,-0.004410293979037038,trajectory,STRAIGHT,3.6046266555786133,0.12053216248750687,1.0425767887900506e-11
22,80819.031,0.13905343413352966,3.2345443597842083e-12,-0.9438515901565552,1.1998982798430546e-09,0.12748511135578156,-4.190691196837015e-11,-0.015582896769046783,0.13980119109153746,4.172443064466228e-11,-0.004143621829736464,trajectory,STRAIGHT,3.6102397441864014,0.13905343413352966,1.0425767887900506e-11
23,80819.14,0.1521494835615158,-1.7803482212780386e-12,-0.9455036520957947,1.8174607350343072e-09,0.1292448192834854,-5.666132493753473e-11,-0.016789071261882782,0.13966041445732116,-3.554990396372584e-11,-0.003847412622395888,trajectory,STRAIGHT,3.615715742111206,0.1521494835615158,1.0425767887900506e-11
24,80819.234,0.16305969655513763,-7.092133304242854e-12,-0.9469522833824158,2.7590699336115197e-09,0.13048693537712097,-7.001149660013084e-11,-0.01768679916858673,0.1395610451698303,-5.621681114716432e-11,-0.0036306135991208527,trajectory,STRAIGHT,3.6210546493530273,0.16305969655513763,1.0425767887900506e-11
25,80819.265,0.16658784449100494,-9.04380129812532e-12,-0.947433590888977,3.036152103782473e-09,0.1308506280183792,-7.457760797802138e-11,-0.01795833930373192,0.13953194975852967,-7.901028417462534e-11,-0.0035848250129811737,trajectory,STRAIGHT,3.6263015270233154,0.16658784449100494,1.0425767887900506e-11
26,80819.359,0.17683281004428864,-1.5399978167685013e-11,-0.9488637447357178,3.782862920094325e-09,0.13181355595588684,-8.861644751334552e-11,-0.018699105829000473,0.13945491552352904,-2.3180009056941132e-11,-0.003369303990762836,trajectory,STRAIGHT,3.6263015270233154,0.17683281004428864,1.5399978167685013e-11
27,80819.468,0.1899363249540329,-2.5132789946424872e-11,-0.9507580995559692,4.229009773531031e-09,0.13286876678466797,-1.083689873948579e-10,-0.019552936777472496,0.13937049865722656,-5.418098884456259e-11,-0.0032062797738725006,trajectory,STRAIGHT,3.6314988136291504,0.1899363249540329,2.5132789946424872e-11
28,80819.578,0.20353645086288452,-3.729628064719215e-11,-0.951650857925415,4.560098449627882e-09,0.13376669585704803,-1.3045542424094947e-10,0.004443823825567961,0.13929866433143615,3.3544850898003076e-11,-0.004935389066088455,trajectory,STRAIGHT,3.636662483215332,0.20353645086288452,3.729628064719215e-11
29,80819.703,0.2172214686870575,-5.184676993286175e-11,-0.9508179426193237,5.203489722092848e-09,0.13454075157642365,-1.5528281438470515e-10,0.009843368083238602,0.1392367398738861,1.2666045234766412e-11,-0.005369793468404764,trajectory,STRAIGHT,3.6417768001556396,0.2172214686870575,5.184676993286175e-11
30,80819.812,0.23097941279411316,-6.905927218969765e-11,-0.9498037099838257,5.814007329056632e-09,0.13519906997680664,-1.826168521956717e-10,0.009802618995308876,0.13918407440185546,-2.8766011734908537e-11,-0.005417245173145289,trajectory,STRAIGHT,3.6445846557617188,0.23097941279411316,6.905927218969765e-11
31,80819.906,0.24235689640045166,-8.543488139167721e-11,-0.9498580098152161,6.032384938784813e-09,0.13567706942558289,-2.0761878327668626e-10,-0.013516470789909363,0.13914583444595335,6.874914349563703e-11,-0.0036301193001752052,trajectory,STRAIGHT,3.6437883377075195,0.24235689640045166,8.543488139167721e-11
32,80820.0,0.24520732462406158,-8.986240918051891e-11,-0.9501792192459106,5.991291793188797e-09,0.13578514754772186,-2.140519150817255e-10,-0.016833553090691566,0.13913718819618226,7.50826528416694e-11,-0.003348692244577899,trajectory,STRAIGHT,3.642498731613159,0.24520732462406158,8.986240918051891e-11
33,80820.14,0.27054139971733093,-1.351415784833776e-10,-0.9525205492973328,5.250445634407496e-09,0.13657335937023163,-2.736435800176906e-10,0.0038110611494630575,0.13907413125038146,1.7117121748589593e-10,-0.0048667046360134,trajectory,STRAIGHT,3.6437785625457764,0.27054139971733093,1.351415784833776e-10
34,80820.25,0.28161564469337463,-1.584463393822233e-10,-0.9520416259765625,4.662233207832232e-09,0.1368507444858551,-3.0202160217207563e-10,0.007042118813842535,0.1390519404411316,1.4151892502575668e-10,-0.005046317427594777,trajectory,STRAIGHT,3.648401975631714,0.28161564469337463,1.584463393822233e-10
35,80820.343,0.29476767778396606,-1.891255901886879e-10,-0.9513429403305054,3.861509839345463e-09,0.13713577389717102,-3.3741076599369535e-10,0.0072943950071930885,0.1390291380882263,2.2300393428714767e-10,-0.005101433805365677,trajectory,STRAIGHT,3.6493875980377197,0.29476767778396606,1.891255901886879e-10
36,80820.453,0.3054724931716919,-2.1660742643980768e-10,-0.9507836699485779,3.349610325470095e-09,0.13733626902103424,-3.674189286151375e-10,0.007028453517705202,0.13901309847831725,1.2371918409930893e-10,-0.005159835937768123,trajectory,STRAIGHT,3.6493875980377197,0.3054724931716919,2.1660742643980768e-10
37,80820.546,0.31866759061813354,-2.5371083012259987e-10,-0.950127363204956,3.037304670036964e-09,0.13754980266094208,-4.0581982219123347e-10,0.0066444771364331245,0.13899601578712462,1.620262110247883e-10,-0.005161933164447449,trajectory,STRAIGHT,3.6484251022338867,0.31866759061813354,2.5371083012259987e-10
38,80820.625,0.3227950632572174,-2.660701936552101e-10,-0.9499297738075256,2.8823255839917855e-09,0.13760985434055328,-4.1814554596619757e-10,0.006528046913444996,0.13899121165275574,8.310607293557325e-11,-0.005215879495960239,trajectory,STRAIGHT,3.64725661277771,0.3227950632572174,2.660701936552101e-10
39,80820.75,0.34221670031547546,-3.292709438440511e-10,-0.9502632021903992,1.8808352972858658e-09,0.13785961270332336,-4.791991248254135e-10,-0.019183987751603127,0.13897123098373412,1.867113763585354e-10,-0.0031422453036127123,trajectory,STRAIGHT,3.646111249923706,0.34221670031547546,3.292709438440511e-10
40,80820.859,0.35545814037323,-3.772792356304677e-10,-0.9514074921607971,1.0354986291631497e-09,0.13799354434013367,-5.210212261630431e-10,-0.0007818426238372922,0.1389605164527893,1.4381871346655763e-10,-0.0045512371345484024,trajectory,STRAIGHT,3.64500093460083,0.35545814037323,3.772792356304677e-10
41,80820.968,0.36829715967178345,-4.276955456461451e-10,-0.9511475563049316,-2.7043052809286756e-11,0.13810603320598602,-5.634795963160855e-10,0.00465520890429616,0.13895151734352112,1.5604066157646563e-10,-0.004948947299201839,trajectory,STRAIGHT,3.6465189456939697,0.36829715967178345,4.276955456461451e-10
42,80821.093,0.3836338222026825,-4.931489661075261e-10,-0.9505808353424072,-1.0473178034033808e-09,0.13822020590305328,-6.16162287858657e-10,0.0052460068836808205,0.13894238352775573,2.5462987141816215e-10,-0.0050245471856788316,trajectory,STRAIGHT,3.6488566398620605,0.3836338222026825,4.931489661075261e-10
43,80821.203,0.39732226729393005,-5.565432559251349e-10,-0.9500678181648254,-1.3866275567361e-09,0.13830575346946716,-6.647503103529573e-10,0.005093967076390982,0.13893553972244263,7.621006610475711e-11,-0.005074336956920602,trajectory,STRAIGHT,3.648298501968384,0.39732226729393005,5.565432559251349e-10
44,80821.296,0.40811267495155334,-6.099223903710538e-10,-0.9496768116950989,-1.6637105572115897e-09,0.13836397230625153,-7.040708571715015e-10,0.004932633135467768,0.13893088221549987,6.916086243510914e-11,-0.005103509381083235,trajectory,STRAIGHT,3.647359609603882,0.40811267495155334,6.099223903710538e-10
45,80821.39,0.4189073443412781,-6.664238605402772e-10,-0.9496712684631348,-2.0488080254077954e-09,0.1384163349866867,-7.452003458752188e-10,-0.012225676327943802,0.13892669320106504,1.097126872528755e-10,-0.0037311217856085157,trajectory,STRAIGHT,3.6464028358459473,0.4189073443412781,6.664238605402772e-10
46,80821.515,0.4355218708515167,-7.597082407606592e-10,-0.9522724151611328,-2.706292112264546e-09,0.13848397135734558,-8.095891179671355e-10,-0.025968557223677635,0.13892128229141235,1.0536535359196102e-10,-0.0025190482014869637,trajectory,STRAIGHT,3.6464028358459473,0.4355218708515167,7.597082407606592e-10
47,80821.609,0.4454942047595978,-8.193886680274431e-10,-0.9538126587867737,-3.3778654792403845e-09,0.13851702213287354,-8.479079660617117e-10,-0.009936593472957611,0.13891863822937012,1.0015814707565795e-10,-0.003610365453472126,trajectory,STRAIGHT,3.6454732418060303,0.4454942047595978,8.193886680274431e-10
48,80821.64,0.44964998960494995,-8.450683486316279e-10,-0.9539994597434998,-3.673733301932566e-09,0.1385296881198883,-8.640932969150583e-10,-0.003211486618965864,0.13891762495040894,1.285036091870998e-10,-0.0041390339539551626,trajectory,STRAIGHT,3.6454732418060303,0.44964998960494995,8.450683486316279e-10
49,80821.718,0.4587939977645874,-9.033009895631494e-10,-0.9539768099784851,-4.108144354955455e-09,0.1385558545589447,-9.00669094860973e-10,0.002592868637293577,0.13891553163528442,1.7150090491745547e-10,-0.00460451486270665,trajectory,STRAIGHT,3.648118019104004,0.4587939977645874,9.033009895631494e-10
50,80821.828,0.47292885184288025,-9.981248050294766e-10,-0.9535990357398987,-4.767979344997864e-09,0.13859140872955322,-9.588687621686631e-10,0.004226519260555506,0.13891268730163575,9.257183435804735e-11,-0.004679248233757507,trajectory,STRAIGHT,3.6533045768737793,0.47292885184288025,9.981248050294766e-10
51,80821.937,0.4845719039440155,-1.0807280625968474e-09,-0.953238308429718,-5.178907178871716e-09,0.13861656188964844,-1.008016226045072e-09,0.0043060993775725365,0.13891067504882812,1.3467956484324412e-10,-0.004703651008627903,trajectory,STRAIGHT,3.6546988487243652,0.4845719039440155,1.0807280625968474e-09
52,80822.031,0.49788057804107666,-1.180246678167407e-09,-0.9528290033340454,-5.498257600071592e-09,0.1386413723230362,-1.0654650495212081e-09,0.004211271181702614,0.1389086902141571,5.88237774638768e-11,-0.004748960823313255,trajectory,STRAIGHT,3.6540918350219727,0.49788057804107666,1.180246678167407e-09
53,80822.125,0.5032879114151001,-1.2222627354674387e-09,-0.9526656270027161,-5.669672073808496e-09,0.13865037262439728,-1.0891906265797502e-09,0.00416423287242651,0.13890797019004822,7.68656727625822e-11,-0.004753366575137634,trajectory,STRAIGHT,3.6532552242279053,0.5032879114151001,1.2222627354674387e-09
54,80822.25,0.5186797976493835,-1.3469645399055707e-09,-0.9522106647491455,-6.172177314609839e-09,0.13867302238941193,-1.1579388559113113e-09,0.004034513141959906,0.13890615820884705,7.738250925719745e-11,-0.004790886042067257,trajectory,STRAIGHT,3.652414560317993,0.5186797976493835,1.3469645399055707e-09
55,80822.375,0.5403153896331787,-1.5353350812929989e-09,-0.9515941143035889,-6.881316831141844e-09,0.13869863748550415,-1.2576162333743923e-09,0.0038743307814002037,0.13890410900115965,9.911782664807798e-11,-0.004828878347191689,trajectory,STRAIGHT,3.65159273147583,0.5403153896331787,1.5353350812929989e-09
56,80822.5,0.555712103843689,-1.6789736267952549e-09,-0.9511696100234985,-7.449568560417674e-09,0.13871325552463531,-1.3307160928732742e-09,0.003775846678763628,0.13890293955802918,8.350811451447391e-11,-0.004869300245113559,trajectory,STRAIGHT,3.650791645050049,0.555712103843689,1.6789736267952549e-09
57,80822.625,0.5702776908874512,-1.822405559792628e-09,-0.950777530670166,-8.25498789531238e-09,0.13872478902339935,-1.4015276716961012e-09,0.0036931722424924374,0.13890201687812803,1.0336974971802416e-10,-0.004900932087458697,trajectory,STRAIGHT,3.6500096321105957,0.5702776908874512,1.822405559792628e-09
58,80822.734,0.5827638506889343,-1.9513264337689407e-09,-0.9504480361938477,-8.66356954319693e-09,0.13873319327831268,-1.4635096468040842e-09,0.0036295028403401375,0.13890134453773498,6.385957912033581e-11,-0.0049295311690966525,trajectory,STRAIGHT,3.6492440700531006,0.5827638506889343,1.9513264337689407e-09
59,80822.875,0.5989964008331299,-2.127359399750617e-09,-0.9500278234481812,-8.9946585143045e-09,0.1387423723936081,-1.5458676561053153e-09,0.0035556310322135687,0.13890061020851135,1.024651385985645e-10,-0.004944632061729852,trajectory,STRAIGHT,3.648494005203247,0.5989964008331299,2.127359399750617e-09
60,80822.968,0.6123160123825073,-2.2790711540210395e-09,-0.9496890902519226,-9.208340056136349e-09,0.1387486457824707,-1.6149497295003812e-09,0.003501779865473509,0.13890010833740235,5.12585796985548e-11,-0.004990183533631854,trajectory,STRAIGHT,3.647757053375244,0.6123160123825073,2.2790711540210395e-09
61,80823.062,0.6252206563949585,-2.432481327474534e-09,-0.9500888586044312,-9.344540461988704e-09,0.13875427842140198,-1.6847924166896178e-09,-0.018151722848415375,0.13889965772628785,7.205082163905046e-11,-0.0032379148988953155,trajectory,STRAIGHT,3.647033452987671,0.6252206563949585,2.432481327474534e-09
62,80823.109,0.6297997236251831,-2.488489636576219e-09,-0.9507521986961365,-9.344540467700712e-09,0.1387559473514557,-1.7093078064078782e-09,-0.018197879195213318,0.13889952421188353,3.433768287749786e-11,-0.0031983750673454485,trajectory,STRAIGHT,3.646318197250366,0.6297997236251831,2.488489636576219e-09
63,80823.187,0.6393741369247437,-2.608165017292663e-09,-0.9513322710990906,-9.051018828065233e-09,0.1387587934732437,-1.7598372759053404e-09,-0.001911200350150466,0.1388992965221405,1.5720169603243375e-11,-0.004472305754802771,trajectory,STRAIGHT,3.646318197250366,0.6393741369247437,2.608165017292663e-09
64,80823.296,0.6531113386154175,-2.7860955764680284e-09,-0.9512132406234741,-8.163413295439007e-09,0.13876265287399292,-1.8349977093379266e-09,0.002800470218062401,0.13889898777008056,-4.9341942444877377e-11,-0.004855190924040623,trajectory,STRAIGHT,3.6470630168914795,0.6531113386154175,2.7860955764680284e-09
65,80823.421,0.667681097984314,-2.983046476501272e-09,-0.9508776664733887,-7.3955666317190526e-09,0.13876618444919586,-1.9166555009775266e-09,0.0033818711526691914,0.13889870524406434,3.3673360215770553e-12,-0.004869105200668761,trajectory,STRAIGHT,3.649554967880249,0.667681097984314,2.983046476501272e-09
66,80823.546,0.6818363070487976,-3.18266524246269e-09,-0.9505298733711243,-7.1419646112440975e-09,0.13876911997795105,-1.9975965326324285e-09,0.0034075172152370214,0.1388984704017639,6.5013065417629e-11,-0.004903283061503077,trajectory,STRAIGHT,3.6493031978607178,0.6818363070487976,3.18266524246269e-09
67,80823.656,0.6939101219177246,-3.3595084492077376e-09,-0.9502347111701965,-7.348602873900944e-09,0.13877128064632416,-2.0678609935487202e-09,0.0033796215429902077,0.13889829754829405,9.75220303652659e-11,-0.004915809517769719,trajectory,STRAIGHT,3.6486546993255615,0.6939101219177246,3.3595084492077376e-09
68,80823.765,0.7097309827804565,-3.600576503615116e-09,-0.9498518109321594,-7.923907128739026e-09,0.13877366483211517,-2.1616290979409314e-09,0.0033383644185960293,0.1388981068134308,1.5406088497896645e-10,-0.004959888924011242,trajectory,STRAIGHT,3.6479616165161133,0.7097309827804565,3.600576503615116e-09
69,80823.89,0.723470151424408,-3.8187764062058704e-09,-0.9506655931472778,-8.203338721711864e-09,0.1387758105993271,-2.2467401272763254e-09,-0.021479465067386627,0.13889793515205381,1.271576558662466e-10,-0.0029505882694880964,trajectory,STRAIGHT,3.647271156311035,0.723470151424408,3.8187764062058704e-09
70,80824.0,0.7363766431808472,-4.031355249622948e-09,-0.9521008729934692,-8.522685938696108e-09,0.13877686858177185,-2.32450458881317e-09,-0.004105813801288605,0.13889785051345824,1.715867298611251e-10,-0.004268716378466368,trajectory,STRAIGHT,3.646589517593384,0.7363766431808472,4.031355249622948e-09
71,80824.093,0.7501158118247986,-4.265684250270851e-09,-0.9520792961120605,-8.971189388256575e-09,0.13877785205841064,-2.4097295270308905e-09,0.0024465362075716257,0.13889777183532714,1.491357472921831e-10,-0.004695217124460042,trajectory,STRAIGHT,3.648503541946411,0.7501158118247986,4.265684250270851e-09
72,80824.187,0.7542791962623596,-4.33837099578227e-09,-0.9519985318183899,-9.100339408940927e-09,0.13877815008163452,-2.4359776418236834e-09,0.002890619682148099,0.13889774799346924,1.6601894059044857e-10,-0.004734782017109692,trajectory,STRAIGHT,3.6512038707733154,0.7542791962623596,4.33837099578227e-09
73,80824.328,0.7767614722251892,-4.744634019004934e-09,-0.9514738917350769,-9.577014991782768e-09,0.13877975940704346,-2.580195834767096e-09,0.003342324635013938,0.13889761924743652,1.6685055108149633e-10,-0.004801644663697968,trajectory,STRAIGHT,3.6509757041931152,0.7767614722251892,4.744634019004934e-09
74,80824.437,0.7909169793128967,-5.012540604809601e-09,-0.9511337876319885,-9.706167679530286e-09,0.1387806385755539,-2.6730244684358695e-09,0.0033228176180273294,0.13889754891395567,1.3204606039695276e-10,-0.004840128535795228,trajectory,STRAIGHT,3.6503381729125977,0.7909169793128967,5.012540604809601e-09
75,80824.531,0.8025744557380676,-5.240332168199302e-09,-0.9508557319641113,-9.77660910103734e-09,0.13878124952316284,-2.7506332767046615e-09,0.0032977114897221327,0.13889750003814696,1.2993209944338392e-10,-0.0048669582795824754,trajectory,STRAIGHT,3.6496615409851074,0.8025744557380676,5.240332168199302e-09
76,80824.578,0.8071541786193848,-5.331612484837933e-09,-0.9507468938827515,-9.701470979845291e-09,0.1387815773487091,-2.7814091030364807e-09,0.0032879551872611046,0.13889747381210327,1.3048693887581367e-10,-0.004871619679453587,trajectory,STRAIGHT,3.648982286453247,0.8071541786193848,5.331612484837933e-09
77,80824.656,0.8179789781570435,-5.551421988769789e-09,-0.9504913687705994,-9.51832325300547e-09,0.13878199458122253,-2.8547986197224873e-09,0.0032659422140568495,0.1388974404335022,1.1606892228248647e-10,-0.004899625084765308,trajectory,STRAIGHT,3.648982286453247,0.8179789781570435,5.551421988769789e-09
78,80824.781,0.8313018083572388,-5.829873916951556e-09,-0.9501791596412659,-9.292910666139981e-09,0.13878247141838074,-2.9463691486597554e-09,0.003241230733692646,0.13889740228652953,1.190640184249507e-10,-0.004913258622802846,trajectory,STRAIGHT,3.648982286453247,0.8313018083572388,5.829873916951556e-09
79,80824.875,0.8437919616699219,-6.098963556411263e-09,-0.9498884081840515,-9.053406248704597e-09,0.13878291845321655,-3.0334637024509448e-09,0.003220262238755822,0.13889736652374268,1.338111239026512e-10,-0.004951050396320129,trajectory,STRAIGHT,3.648308515548706,0.8437919616699219,6.098963556411263e-09
80,80824.906,0.8492043614387512,-6.218014103609448e-09,-0.9497649073600769,-8.928955578359879e-09,0.13878312706947327,-3.0716982291068007e-09,0.0020167515613138676,0.13889734983444213,1.330341879655821e-10,-0.004860944583323502,trajectory,STRAIGHT,3.6476423740386963,0.8492043614387512,6.218014103609448e-09
81,80824.953,0.8537840843200684,-6.319940126786605e-09,-0.9499338269233704,-8.799806444314041e-09,0.13878345489501953,-3.105517842882932e-09,-0.011853588744997978,0.13889732360839843,1.4398764559139936e-10,-0.003761063000365043,trajectory,STRAIGHT,3.6476423740386963,0.8537840843200684,6.319940126786605e-09
82,80825.078,0.8616945147514343,-6.498602989069013e-09,-0.9510039687156677,-8.576730663353331e-09,0.1387837678194046,-3.1630837948881663e-09,-0.023467635735869408,0.13889729857444763,1.3994575278307627e-10,-0.0027784321514804605,trajectory,STRAIGHT,3.646982192993164,0.8616945147514343,6.498602989069013e-09
83,80825.218,0.8800134062767029,-6.924816720044191e-09,-0.9537546634674072,-7.790098557177769e-09,0.1387839913368225,-3.2937375049613138e-09,-0.005946870893239975,0.13889728069305418,1.0980173269436521e-10,-0.00404255860130384,trajectory,STRAIGHT,3.6465134620666504,0.8800134062767029,6.924816720044191e-09
84,80825.312,0.8954179286956787,-7.296640180953773e-09,-0.9537821412086487,-7.008165805686977e-09,0.1387839913368225,-3.4062663800682458e-09,0.002477203728631139,0.13889728069305418,1.4288493882330023e-10,-0.004539903137429834,trajectory,STRAIGHT,3.65041184425354,0.8954179286956787,7.296640180953773e-09
85,80825.343,0.8991649746894836,-7.388986755785254e-09,-0.9537094235420227,-6.817965947218184e-09,0.1387839913368225,-3.4340881249761424e-09,0.00287659396417439,0.13889728069305418,1.3517535629254527e-10,-0.004575490239604593,trajectory,STRAIGHT,3.6544277667999268,0.8991649746894836,7.388986755785254e-09
86,80825.421,0.9095734357833862,-7.649465061376759e-09,-0.9534744024276733,-6.289633007031077e-09,0.1387839913368225,-3.512017565654446e-09,0.0032806862145662308,0.13889728069305418,1.1495548082277118e-10,-0.004619568675353408,trajectory,STRAIGHT,3.6544277667999268,0.9095734357833862,7.649465061376759e-09
87,80825.515,0.9224799275398254,-7.980629490589308e-09,-0.9531650543212891,-5.634500161207198e-09,0.1387839913368225,-3.6098661837513646e-09,0.003345220349729061,0.13889728069305418,1.8656201632592395e-10,-0.004652506292907457,trajectory,STRAIGHT,3.6545250415802,0.9224799275398254,7.980629490589308e-09
88,80825.609,0.9341374039649963,-8.287615038682361e-09,-0.9528846740722656,-5.042767268212727e-09,0.1387839913368225,-3.699365702658497e-09,0.0033292784355580807,0.13889728069305418,1.6670221307982066e-10,-0.00466524995222495,trajectory,STRAIGHT,3.6539251804351807,0.9341374039649963,8.287615038682361e-09
89,80825.734,0.9474602341651917,-8.647721649879259e-09,-0.9525665044784546,-4.3665011047994724e-09,0.1387839913368225,-3.802945958142345e-09,0.0033003389835357666,0.13889728069305418,2.1832227003087377e-10,-0.0047047408132245595,trajectory,STRAIGHT,3.653247833251953,0.9474602341651917,8.647721649879259e-09
90,80825.828,0.9603667259216309,-9.006118517618233e-09,-0.9522607922554016,-3.7113680369574284e-09,0.1387839913368225,-3.904604639615172e-09,0.003273230278864503,0.13889728069305418,2.0013785166407044e-10,-0.004717857728003507,trajectory,STRAIGHT,3.65256667137146,0.9603667259216309,9.006118517618233e-09
91,80825.859,0.9636974334716797,-9.100148190555046e-09,-0.9521822333335876,-3.5422997197510985e-09,0.1387839913368225,-3.931049263883324e-09,0.0032666041515767574,0.13889728069305418,2.66471080752133e-10,-0.0047486529484457845,trajectory,STRAIGHT,3.651893138885498,0.9636974334716797,9.100148190555046e-09
92,80825.921,0.9724405407905579,-9.350006102692987e-09,-0.9519769549369812,-3.0984953870873374e-09,0.1387839913368225,-4.000876518972518e-09,0.003250031266361475,0.13889728069305418,2.5502882451397807e-10,-0.0047575910374588835,trajectory,STRAIGHT,3.651893138885498,0.9724405407905579,9.350006102692987e-09
93,80826.015,0.977020263671875,-9.482644891534164e-09,-0.9518699645996094,-2.8660264509317784e-09,0.1387839913368225,-4.037689738112249e-09,0.0032418142072856426,0.13889728069305418,2.495400226576505e-10,-0.004762283189601408,trajectory,STRAIGHT,3.65122389793396,0.977020263671875,9.482644891534164e-09
94,80826.125,0.9953391551971436,-1.0025427599202885e-08,-0.9514439702033997,-1.9361507063208833e-09,0.1387839913368225,-4.186571533892902e-09,0.0032116626389324665,0.13889728069305418,2.7117306771242295e-10,-0.004798333726453919,trajectory,STRAIGHT,3.65122389793396,0.9953391551971436,1.0025427599202885e-08
95,80826.234,1.0074139833450317,-1.0393989668955328e-08,-0.9511653780937195,-1.3232809430534866e-09,0.1387839913368225,-4.28612434433262e-09,0.0031940266489982605,0.13889728069305418,3.021693223222865e-10,-0.0048295597198043825,trajectory,STRAIGHT,3.650559663772583,1.0074139833450317,1.0393989668955328e-08
96,80826.328,1.0215715169906616,-1.0837196917634628e-08,-0.9508405923843384,-6.047443697250194e-10,0.1387839913368225,-4.404284936754266e-09,0.0031753939110785723,0.13889728069305418,2.9207839882449466e-10,-0.0048443083862398624,trajectory,STRAIGHT,3.649902105331421,1.0215715169906616,1.0837196917634628e-08
97,80826.453,1.0319814682006836,-1.1170816271999229e-08,-0.9506028890609741,-7.640855690471973e-11,0.1387839913368225,-4.492159977331767e-09,0.0031630380544811487,0.13889728069305418,3.389732686460688e-10,-0.004881702028676727,trajectory,STRAIGHT,3.6492483615875244,1.0319814682006836,1.1170816271999229e-08
98,80826.546,1.0473881959915161,-1.1676741351607234e-08,-0.9502525925636292,7.055284826959343e-10,0.1387839913368225,-4.623762261957154e-09,0.0031464574858546257,0.13889728069305418,3.3248286405453775e-10,-0.004897890408053852,trajectory,STRAIGHT,3.64859938621521,1.0473881959915161,1.1676741351607234e-08
99,80826.578,1.0498865842819214,-1.1760164397855988e-08,-0.9501960873603821,8.323290544551707e-10,0.1387839913368225,-4.64527705190676e-09,0.0031439638696610928,0.13889728069305418,3.767334755804654e-10,-0.004926337808913603,trajectory,STRAIGHT,3.6479525566101074,1.0498865842819214,1.1760164397855988e-08
100,80826.671,1.0627949237823486,-1.2197379106737571e-08,-0.9499041438102722,1.4874653973836683e-09,0.1387839913368225,-4.757207960892629e-09,0.0031317886896431446,0.13889728069305418,3.732533291491934e-10,-0.004939960972017659,trajectory,STRAIGHT,3.6479525566101074,1.0627949237823486,1.2197379106737571e-08
101,80826.796,1.0773688554763794,-1.2703749163733846e-08,-0.9507933855056763,2.227137286674797e-09,0.1387844681739807,-4.8882697889496285e-09,-0.02208910509943962,0.13889724254608155,3.9570457966593563e-10,-0.0028931292846720537,trajectory,STRAIGHT,3.6473093032836914,1.0773688554763794,1.2703749163733846e-08
102,80826.906,1.092359185218811,-1.323876208658703e-08,-0.9522339105606079,2.987944714003753e-09,0.13878442347049713,-5.019035853592868e-09,-0.0019331283401697874,0.13889724612236024,3.976212872381953e-10,-0.004433581172667058,trajectory,STRAIGHT,3.6466710567474365,1.092359185218811,1.323876208658703e-08
103,80827.015,1.1040183305740356,-1.3664738673924148e-08,-0.9521663784980774,3.5796838241401e-09,0.13878442347049713,-5.123379054339239e-09,0.002354778116568923,0.13889724612236024,4.372120259295514e-10,-0.004677680099577548,trajectory,STRAIGHT,3.648776054382324,1.1040183305740356,1.3664738673924148e-08
104,80827.14,1.1190086603164673,-1.4225418176749827e-08,-0.9518529772758484,4.340484812153921e-09,0.13878442347049713,-5.259684243696938e-09,0.003158642677590251,0.13889724612236024,4.439448374673212e-10,-0.004757659325570703,trajectory,STRAIGHT,3.651386022567749,1.1190086603164673,1.4225418176749827e-08
105,80827.25,1.1327497959136963,-1.4752389532191046e-08,-0.9515357613563538,5.037884293036373e-09,0.13878442347049713,-5.386250112593416e-09,0.003222400788217783,0.13889724612236024,4.767142109523366e-10,-0.004795349208032147,trajectory,STRAIGHT,3.6511614322662354,1.1327497959136963,1.4752389532191046e-08
106,80827.359,1.1452417373657227,-1.524238690819857e-08,-0.9512460827827454,5.671883821102474e-09,0.13878442347049713,-5.502593491968355e-09,0.0032132368069142103,0.13889724612236024,4.95866078301469e-10,-0.004823030349158278,trajectory,STRAIGHT,3.6505486965179443,1.1452417373657227,1.524238690819857e-08
107,80827.484,1.1606484651565552,-1.586122699848147e-08,-0.9508904814720154,6.453816572372383e-09,0.13878442347049713,-5.6477542642596745e-09,0.0031924801878631115,0.13889724612236024,5.107712862013684e-10,-0.0048391498851706885,trajectory,STRAIGHT,3.649893045425415,1.1606484651565552,1.586122699848147e-08
108,80827.578,1.171891212463379,-1.632303359144771e-08,-0.9506325721740723,7.024416147615301e-09,0.13878442347049713,-5.754845933125807e-09,0.0031777629628777504,0.13889724612236024,5.353961136160492e-10,-0.004879205018830499,trajectory,STRAIGHT,3.6492364406585693,1.171891212463379,1.632303359144771e-08
109,80827.656,1.1773043870925903,-1.654849057786123e-08,-0.9505085945129395,7.29914927643353e-09,0.13878442347049713,-5.80675818540044e-09,0.0031711154151707888,0.13889724612236024,5.419318063510649e-10,-0.004884872098070583,trajectory,STRAIGHT,3.648583173751831,1.1773043870925903,1.654849057786123e-08
110,80827.796,1.1977078914642334,-1.7416594388919293e-08,-0.9500440359115601,8.33468228297721e-09,0.13878442347049713,-6.004476915677515e-09,0.003148439573124051,0.13889724612236024,5.731588323815585e-10,-0.004923056278400173,trajectory,STRAIGHT,3.648583173751831,1.1977078914642334,1.7416594388919293e-08
111,80827.906,1.2114490270614624,-1.8017718872442856e-08,-0.9497332572937012,9.032081763801217e-09,0.13878442347049713,-6.139456498743812e-09,0.0031350685749202967,0.13889724612236024,5.942211070198292e-10,-0.004957926318505675,trajectory,STRAIGHT,3.647935628890991,1.2114490270614624,1.8017718872442856e-08
112,80828.031,1.2260229587554932,-1.867010901435151e-08,-0.950473427772522,9.771747879815528e-09,0.13878481090068817,-6.28764151855421e-09,-0.021211721003055573,0.13889721512794495,6.208186087542988e-10,-0.0029731746283265656,trajectory,STRAIGHT,3.6472904682159424,1.2260229587554932,1.867010901435151e-08
113,80828.109,1.237265706062317,-1.9183975297210054e-08,-0.9521303176879883,1.0342347455018725e-08,0.13878469169139862,-6.398881868818762e-09,-0.01025569811463356,0.13889722466468812,6.326936204034582e-10,-0.0037479554991091315,trajectory,STRAIGHT,3.6466500759124756,1.237265706062317,1.9183975297210054e-08
114,80828.218,1.243928074836731,-1.9492706115897818e-08,-0.9523853659629822,1.0680480536617394e-08,0.13878467679023743,-6.464976110009957e-09,-0.0017482754774391651,0.138897225856781,6.462910207955035e-10,-0.0044157968963349885,trajectory,STRAIGHT,3.6463959217071533,1.243928074836731,1.9492706115897818e-08
115,80828.343,1.2655807733535767,-2.051838521310856e-08,-0.9521059393882751,1.177941305179651e-08,0.13878467679023743,-6.68541444426296e-09,0.0030825715512037277,0.13889722585678102,6.837975843495765e-10,-0.004732274464272089,trajectory,STRAIGHT,3.650501251220703,1.2655807733535767,2.051838521310856e-08
116,80828.453,1.2793219089508057,-2.11872848154826e-08,-0.951790452003479,1.2476812532570114e-08,0.13878467679023743,-6.8276175824166785e-09,0.0032344264909625053,0.13889722585678102,6.990312076129125e-10,-0.004772468065125114,trajectory,STRAIGHT,3.6517179012298584,1.2793219089508057,2.11872848154826e-08
117,80828.562,1.2913974523544312,-2.178678215614127e-08,-0.9515087008476257,1.3089678742938491e-08,0.13878467679023743,-6.953813525001351e-09,0.0032348826061934233,0.13889722585678102,7.312431573123962e-10,-0.004786592112136251,trajectory,STRAIGHT,3.651276111602783,1.2913974523544312,2.178678215614127e-08
118,80828.656,1.2963942289352417,-2.203806914735651e-08,-0.9513921141624451,1.3343278554123103e-08,0.13878467679023743,-7.006366153916588e-09,0.003228719811886549,0.13889722585678102,7.15092756611923e-10,-0.004818155765225563,trajectory,STRAIGHT,3.651276111602783,1.2963942289352417,2.203806914735651e-08
119,80828.765,1.3184633255004883,-2.3170688479012824e-08,-0.9508815407752991,1.4463344386838993e-08,0.13878467679023743,-7.2407901896553994e-09,0.0031967281829565763,0.13889722585678102,7.800168335963961e-10,-0.004841125104268465,trajectory,STRAIGHT,3.6499745845794678,1.3184633255004883,2.3170688479012824e-08
120,80828.89,1.333037257194519,-2.393920972565411e-08,-0.95054692029953,1.520301139094744e-08,0.13878467679023743,-7.397673584819131e-09,0.0031773229129612446,0.13889722585678102,7.856516777648115e-10,-0.004883845033450149,trajectory,STRAIGHT,3.6493170261383057,1.333037257194519,2.393920972565411e-08
121,80829.0,1.347194790840149,-2.4701627410195215e-08,-0.9502236843109131,1.5921544189268475e-08,0.13878467679023743,-7.551652636550443e-09,0.0031605728436261415,0.13889722585678102,8.078349884457659e-10,-0.004913361468062001,trajectory,STRAIGHT,3.6486616134643555,1.347194790840149,2.4701627410195215e-08
122,80829.093,1.3588539361953735,-2.5341345022411588e-08,-0.9499584436416626,1.651327708199531e-08,0.13878467679023743,-7.679629376866615e-09,0.0031480451580137014,0.13889722585678102,8.495322938938818e-10,-0.00492562128667553,trajectory,STRAIGHT,3.64801287651062,1.3588539361953735,2.5341345022411588e-08
123,80829.187,1.3626015186309814,-2.554925693232235e-08,-0.949873685836792,1.6703476940370234e-08,0.13878467679023743,-7.721042472041972e-09,0.00280781090259552,0.13889722585678102,8.111693004718701e-10,-0.004928483006472312,trajectory,STRAIGHT,3.6473679542541504,1.3626015186309814,2.554925693232235e-08
124,80829.343,1.3875854015350342,-2.696469003637958e-08,-0.9533967971801758,1.7971475996183662e-08,0.13878501951694489,-8.004357177071597e-09,-0.027767596766352654,0.13889719843864443,9.080315998626737e-10,-0.0023062948257872693,trajectory,STRAIGHT,3.646723985671997,1.3875854015350342,2.696469003637958e-08
125,80829.468,1.4025757312774658,-2.7838110483457967e-08,-0.9551489353179932,1.8732275429655527e-08,0.138784721493721,-8.169799059487559e-09,-0.0027642077766358852,0.13889722228050233,9.009066149471893e-10,-0.004067965976972214,trajectory,STRAIGHT,3.649141550064087,1.4025757312774658,2.7838110483457967e-08
126,80829.562,1.415484070777893,-2.8604706159285342e-08,-0.955085039138794,1.938740827513546e-08,0.138784721493721,-8.316249910933493e-09,0.002530633006244898,0.13889722228050233,9.167262853502866e-10,-0.004417804040932783,trajectory,STRAIGHT,3.6545491218566895,1.415484070777893,2.8604706159285342e-08
127,80829.593,1.4179824590682983,-2.8754655545526475e-08,-0.9550368785858154,1.9514208180711183e-08,0.138784721493721,-8.344866131437811e-09,0.0028092009015381336,0.13889722228050233,9.277774467681346e-10,-0.004442497500205167,trajectory,STRAIGHT,3.6545491218566895,1.4179824590682983,2.8754655545526475e-08
128,80829.703,1.4238120317459106,-2.9106555388125344e-08,-0.954910397529602,1.981007462705322e-08,0.138784721493721,-8.411870311419989e-09,0.0031609185971319675,0.13889722228050233,9.100482467088467e-10,-0.0044818798672326705,trajectory,STRAIGHT,3.657256603240967,1.4238120317459106,2.9106555388125344e-08
129,80829.828,1.446297526359558,-3.049040131486436e-08,-0.9543725848197937,2.095127377721245e-08,0.138784721493721,-8.67298055595711e-09,0.0033550981897860765,0.13889722228050233,1.0156474701328971e-09,-0.0045243048701354175,trajectory,STRAIGHT,3.6569931507110596,1.446297526359558,3.049040131486436e-08
130,80829.953,1.460455060005188,-3.138353577014641e-08,-0.9540315270423889,2.1669806575446834e-08,0.138784721493721,-8.839424303630494e-09,0.003326868638396263,0.13889722228050233,9.95888257195518e-10,-0.004568271423913252,trajectory,STRAIGHT,3.65634822845459,1.460455060005188,3.138353577014641e-08
131,80830.062,1.4746125936508179,-3.229373035651406e-08,-0.9536939263343811,2.2388339373670395e-08,0.138784721493721,-9.007425028073612e-09,0.00329510192386806,0.13889722228050233,1.0691858359301068e-09,-0.004582610122151386,trajectory,STRAIGHT,3.6556637287139893,1.4746125936508179,3.229373035651406e-08
132,80830.156,1.4875209331512451,-3.3138618960038e-08,-0.9533885717391968,2.304347221910008e-08,0.138784721493721,-9.161959191317237e-09,0.0032683038152754307,0.13889722228050233,1.0375241573161733e-09,-0.004625536849558574,trajectory,STRAIGHT,3.6549813747406006,1.4875209331512451,3.3138618960038e-08
133,80830.25,1.4921013116836548,-3.344187859966041e-08,-0.953281044960022,2.3275938712637485e-08,0.138784721493721,-9.217104413039579e-09,0.0032593642827123404,0.13889722228050233,1.0625574501096483e-09,-0.0046301980259122666,trajectory,STRAIGHT,3.654306650161743,1.4921013116836548,3.344187859966041e-08
134,80830.406,1.5166687965393066,-3.509969204174013e-08,-0.9527080059051514,2.4522804450682383e-08,0.138784721493721,-9.515669141535454e-09,0.003216671524569392,0.13889722228050233,1.1348659112969747e-09,-0.004673565975232961,trajectory,STRAIGHT,3.6536388397216797,1.5166687965393066,3.509969204174013e-08
135,80830.515,1.5295771360397339,-3.5992041347299164e-08,-0.9524098038673401,2.5177937296082738e-08,0.138784721493721,-9.674421264094235e-09,0.003197320504114032,0.13889722228050233,1.1097209246310924e-09,-0.004712092633170925,trajectory,STRAIGHT,3.6529762744903564,1.5295771360397339,3.5992041347299164e-08
136,80830.609,1.539570689201355,-3.669306636311376e-08,-0.952180027961731,2.5685136918321988e-08,0.138784721493721,-9.798215572232039e-09,0.0031836547423154116,0.13889722228050233,1.1140847291607667e-09,-0.004735583516200196,trajectory,STRAIGHT,3.6523172855377197,1.539570689201355,3.669306636311376e-08
137,80830.687,1.5454002618789673,-3.71061226189795e-08,-0.9520465135574341,2.5981003364625724e-08,0.138784721493721,-9.870786854548896e-09,0.0031762130092829466,0.13889722228050233,1.1503358425314089e-09,-0.0047416638977724425,trajectory,STRAIGHT,3.651663064956665,1.5454002618789673,3.71061226189795e-08
138,80830.828,1.563721776008606,-3.8424232684519666e-08,-0.9516286849975586,2.6910869338714503e-08,0.138784721493721,-1.010058703343475e-08,0.0031550119165331125,0.13889722228050233,1.1949615596091202e-09,-0.004776812896208069,trajectory,STRAIGHT,3.651012897491455,1.563721776008606,3.8424232684519666e-08
139,80830.921,1.5795449018478394,-3.9587138900287755e-08,-0.9512699842453003,2.7713935407231655e-08,0.138784721493721,-1.0301150155100913e-08,0.003138954285532236,0.13889722228050233,1.2116298004370775e-09,-0.004811811993006366,trajectory,STRAIGHT,3.651012897491455,1.5795449018478394,3.9587138900287755e-08
140,80831.031,1.5916204452514648,-4.0490057529041223e-08,-0.9509970545768738,2.832680161740669e-08,0.138784721493721,-1.0455520893515313e-08,0.003127953503280878,0.13889722228050233,1.2949651168297462e-09,-0.004824578413847583,trajectory,STRAIGHT,3.65036678314209,1.5916204452514648,4.0490057529041223e-08
141,80831.062,1.5962008237838745,-4.083606341964696e-08,-0.9508941173553467,2.8559268110919302e-08,0.138784721493721,-1.0514372483783063e-08,0.0031240626703947783,0.13889722228050233,1.1826721699346897e-09,-0.004857151647728805,trajectory,STRAIGHT,3.6497230529785156,1.5962008237838745,4.083606341964696e-08
142,80831.156,1.6074435710906982,-4.1693621000149506e-08,-0.9506414532661438,2.9129867685899988e-08,0.138784721493721,-1.0659515936595199e-08,0.003115051658824086,0.13889722228050233,1.2623260173114597e-09,-0.004869063971263294,trajectory,STRAIGHT,3.6497230529785156,1.6074435710906982,4.1693621000149506e-08
143,80831.281,1.622017502784729,-4.282283683210153e-08,-0.9503149390220642,2.986954090703288e-08,0.138784721493721,-1.084912693016804e-08,0.0031044636853039265,0.13889722228050233,1.2820509536607009e-09,-0.0049001586460455885,trajectory,STRAIGHT,3.6490821838378906,1.622017502784729,4.282283683210153e-08
144,80831.406,1.6353422403335571,-4.3872759647456405e-08,-0.9500173926353455,3.0545863913372475e-08,0.138784721493721,-1.1023930213127642e-08,0.0030959416180849075,0.13889722228050233,1.382591491719508e-09,-0.004914354200004004,trajectory,STRAIGHT,3.6484453678131104,1.6353422403335571,4.3872759647456405e-08
145,80831.5,1.6474177837371826,-4.483879934014112e-08,-0.9497478604316711,3.1158781637859446e-08,0.138784721493721,-1.1183537651504594e-08,0.0030889715999364853,0.13889722228050236,1.3135701574828635e-09,-0.004954678425768241,trajectory,STRAIGHT,3.6478116512298584,1.6474177837371826,4.483879934014112e-08
146,80831.625,1.6590769290924072,-4.5784830149386835e-08,-0.9499144554138184,3.1750564268391115e-08,0.13878494501113892,-1.1342084604848424e-08,-0.01480849739164114,0.1388972043991089,1.405982784446765e-09,-0.00351455115733467,trajectory,STRAIGHT,3.647178888320923,1.6590769290924072,4.5784830149386835e-08
147,80831.734,1.6749000549316406,-4.709012557668757e-08,-0.952580451965332,3.255369783838663e-08,0.13878494501113892,-1.1556750223462586e-08,-0.027377240359783173,0.1388972043991087,1.3877033825032293e-09,-0.00238027231349349,trajectory,STRAIGHT,3.6465466022491455,1.6749000549316406,4.709012557668757e-08
148,80831.828,1.6894739866256714,-4.8313822276213614e-08,-0.9548062086105347,3.3293426126528414e-08,0.13878464698791504,-1.175005870379664e-08,-0.006785926409065723,0.13889722824096662,1.509469253476519e-09,-0.003916289597290754,trajectory,STRAIGHT,3.646663188934326,1.6894739866256714,4.8313822276213614e-08
149,80831.937,1.701133131980896,-4.930743102704582e-08,-0.954926609992981,3.3885208757033575e-08,0.1387844681739807,-1.1907431485269626e-08,0.0016066572861745954,0.13889724254608138,1.4085036423880546e-09,-0.004366858061242121,trajectory,STRAIGHT,3.65126633644104,1.701133131980896,4.930743102704582e-08
150,80831.968,1.7052971124649048,-4.966551614415948e-08,-0.9548646211624146,3.409655969649793e-08,0.1387844681739807,-1.1964309543088802e-08,0.0024347309954464436,0.13889724254608138,1.4445180410442736e-09,-0.0044362033995121895,trajectory,STRAIGHT,3.65126633644104,1.7052971124649048,4.966551614415948e-08
151,80832.062,1.7173726558685303,-5.0713641286392885e-08,-0.9546085596084595,3.4709477420939243e-08,0.1387844681739807,-1.2130331406012829e-08,0.0032208790071308613,0.13889724254608138,1.4412317435285592e-09,-0.00450933316889044,trajectory,STRAIGHT,3.6562113761901855,1.7173726558685303,5.0713641286392885e-08
152,80832.187,1.731946587562561,-5.1997950833992945e-08,-0.9542624950408936,3.5449205709047585e-08,0.1387844681739807,-1.2332374232926213e-08,0.0033272902946919203,0.13889724254608138,1.5726230117615951e-09,-0.00453514930027362,trajectory,STRAIGHT,3.656773328781128,1.731946587562561,5.1997950833992945e-08
153,80832.312,1.7469369173049927,-5.3341175032528554e-08,-0.9539041519165039,3.62100690910899e-08,0.1387844681739807,-1.2541936378340779e-08,0.0033076682593673468,0.13889724254608157,1.5179026939917543e-09,-0.004577938670979639,trajectory,STRAIGHT,3.6562328338623047,1.7469369173049927,5.3341175032528554e-08
154,80832.421,1.7602616548538208,-5.4554220696445554e-08,-0.95358806848526,3.688639209733954e-08,0.1387844681739807,-1.272968219723225e-08,0.0032803441863507032,0.13889724254608157,1.5307376557342293e-09,-0.004607293322125423,trajectory,STRAIGHT,3.655564546585083,1.7602616548538208,5.4554220696445554e-08
155,80832.531,1.7723371982574463,-5.5669197251972946e-08,-0.9533037543296814,3.751807525845773e-08,0.1387844681739807,-1.2901018919819762e-08,0.003256570314988494,0.13889724254608157,1.645934173761761e-09,-0.004619607120195377,trajectory,STRAIGHT,3.6548871994018555,1.7723371982574463,5.5669197251972946e-08
156,80832.625,1.7860783338546753,-5.695613580769532e-08,-0.952982485294342,3.8377455391223034e-08,0.1387844681739807,-1.309736674670603e-08,0.003232099348679185,0.1388972425460816,1.5693757427802486e-09,-0.004660078964492071,trajectory,STRAIGHT,3.6542136669158936,1.7860783338546753,5.695613580769532e-08
157,80832.671,1.7914915084838867,-5.746846909460146e-08,-0.9528566598892212,3.872026739626408e-08,0.1387844681739807,-1.3175118773744998e-08,0.003223094157874584,0.1388972425460816,1.617785211209274e-09,-0.004665649819483746,trajectory,STRAIGHT,3.6535484790802,1.7914915084838867,5.746846909460146e-08
158,80832.765,1.8027342557907104,-5.8542237724168444e-08,-0.9525962471961975,3.941762957288196e-08,0.1387844681739807,-1.333733301578377e-08,0.0032054970506578684,0.1388972425460816,1.5865879119859076e-09,-0.0046968965473494495,trajectory,STRAIGHT,3.652886152267456,1.8027342557907104,5.8542237724168444e-08
159,80832.843,1.814393401145935,-5.966969496284946e-08,-0.95232754945755,4.014081997827287e-08,0.1387844681739807,-1.3506594065404443e-08,0.0031889397650957108,0.1388972425460816,1.6961987171273408e-09,-0.00470900685143685,trajectory,STRAIGHT,3.652886152267456,1.814393401145935,5.966969496284946e-08
160,80832.968,1.8273017406463623,-6.093460314104959e-08,-0.9520319104194641,4.094149506996685e-08,0.1387844681739807,-1.3695224510001935e-08,0.003172384575009346,0.1388972425460816,1.649453430815224e-09,-0.0047456999288789025,trajectory,STRAIGHT,3.652228593826294,1.8273017406463623,6.093460314104959e-08
161,80833.062,1.8402100801467896,-6.22171114628145e-08,-0.9517377018928528,4.174217016167258e-08,0.1387844681739807,-1.388515080691377e-08,0.0031575181055814028,0.1388972425460816,1.7766363079011666e-09,-0.004759221037655234,trajectory,STRAIGHT,3.651575803756714,1.8402100801467896,6.22171114628145e-08
162,80833.093,1.8427084684371948,-6.246738593063128e-08,-0.9516808390617371,4.189713953426215e-08,0.1387844681739807,-1.392205994932283e-08,0.0031547981780022383,0.1388972425460816,1.5989366160118207e-09,-0.004787749357473952,trajectory,STRAIGHT,3.6509270668029785,1.8427084684371948,6.246738593063128e-08
163,80833.203,1.8547840118408203,-6.368640725895602e-08,-0.9514069557189941,4.264615816845124e-08,0.1387844681739807,-1.4101140699551706e-08,0.0031423752661794424,0.1388972425460816,1.7202642050021588e-09,-0.0048004496916652754,trajectory,STRAIGHT,3.6509270668029785,1.8547840118408203,6.368640725895602e-08
164,80833.281,1.8676923513412476,-6.50067946139643e-08,-0.9511150121688843,4.3446833260181994e-08,0.1387844681739807,-1.429382567863513e-08,0.0031303460709750652,0.1388972425460816,1.7339395798412813e-09,-0.00482860903683172,trajectory,STRAIGHT,3.6502814292907715,1.8676923513412476,6.50067946139643e-08
165,80833.312,1.8710235357284546,-6.535044860811468e-08,-0.9510399699211121,4.365345909030797e-08,0.1387844681739807,-1.434376262210435e-08,0.003127423580735922,0.1388972425460816,1.768739959970266e-09,-0.004832127350001199,trajectory,STRAIGHT,3.64963960647583,1.8710235357284546,6.535044860811468e-08
166,80833.406,1.8806006908416748,-6.634515159475995e-08,-0.9508247375488281,4.4247508351924503e-08,0.1387844681739807,-1.4487809174568156e-08,0.003119471250101924,0.13889724254608146,1.7327359847259672e-09,-0.00485836872497917,trajectory,STRAIGHT,3.64963960647583,1.8806006908416748,6.634515159475995e-08
167,80833.5,1.8922598361968994,-6.756956594244912e-08,-0.9505627155303955,4.497069875737945e-08,0.1387844681739807,-1.4664133907160704e-08,0.0031105163507163525,0.13889724254608146,1.8581183672443336e-09,-0.004870753433949955,trajectory,STRAIGHT,3.6489999294281006,1.8922598361968994,6.756956594244912e-08
168,80833.578,1.8980894088745117,-6.818734732405574e-08,-0.950432300567627,4.533229396011052e-08,0.1387844681739807,-1.4752692401032164e-08,0.003106333315372467,0.1388972425460815,1.7355742648673065e-09,-0.004897897855667671,trajectory,STRAIGHT,3.6483633518218994,1.8980894088745117,6.818734732405574e-08
169,80833.718,1.9159945249557495,-7.010810776364451e-08,-0.9500324726104736,4.6442907797085215e-08,0.1387844681739807,-1.502634816574755e-08,0.003094834042713046,0.1388972425460815,1.934616268296485e-09,-0.004916969311712583,trajectory,STRAIGHT,3.6483633518218994,1.9159945249557495,7.010810776364451e-08
170,80833.843,1.9338996410369873,-7.206433139117507e-08,-0.9496338367462158,4.7553521634082524e-08,0.1387844681739807,-1.5302495270930194e-08,0.0030848910100758076,0.1388972425460815,1.9218809500036184e-09,-0.004959390935544745,trajectory,STRAIGHT,3.6477277278900146,1.9338996410369873,7.206433139117507e-08
171,80833.953,1.9472243785858154,-7.35434966259163e-08,-0.950127124786377,4.838002495465334e-08,0.1387847661972046,-1.5514499906998935e-08,-0.019143426790833473,0.13889721870422359,1.9080441336453258e-09,-0.0031739669443744322,trajectory,STRAIGHT,3.647097110748291,1.9472243785858154,7.35434966259163e-08
172,80834.031,1.9584671258926392,-7.480731056830336e-08,-0.9516526460647583,4.907738713139471e-08,0.13878454267978668,-1.5688096155486164e-08,-0.009025678038597107,0.13889723658561703,2.042424475247011e-09,-0.003907110780634274,trajectory,STRAIGHT,3.646465301513672,1.9584671258926392,7.480731056830336e-08
173,80834.156,1.9709590673446655,-7.622796260875475e-08,-0.9518633484840393,4.985223399445113e-08,0.13878445327281952,-1.5882331894090385e-08,0.0013182756956666708,0.13889724373817441,1.950939391245757e-09,-0.004635437259186021,trajectory,STRAIGHT,3.6460814476013184,1.9709590673446655,7.622796260875475e-08
174,80834.25,1.9847002029418945,-7.781108024573768e-08,-0.9516239762306213,5.070456554382591e-08,0.13878445327281952,-1.6099543032055408e-08,0.0029814750887453556,0.13889724373817441,2.1215966791256266e-09,-0.004780461823303214,trajectory,STRAIGHT,3.6498091220855713,1.9847002029418945,7.781108024573768e-08
175,80834.343,1.997192144393921,-7.926902867438912e-08,-0.9513440728187561,5.1479412406905456e-08,0.13878445327281952,-1.6298576710482848e-08,0.0031754865776747465,0.13889724373817444,2.0080674424288643e-09,-0.004811236930144787,trajectory,STRAIGHT,3.6506612300872803,1.997192144393921,7.926902867438912e-08
176,80834.468,2.0105137825012207,-8.084397506991081e-08,-0.9510377049446106,5.2305915727535764e-08,0.13878445327281952,-1.6512258227407983e-08,0.003190266666933894,0.13889724373817444,2.179895247318999e-09,-0.004827737730992794,trajectory,STRAIGHT,3.6501853466033936,2.0105137825012207,8.084397506991081e-08
177,80834.562,2.0213370323181152,-8.213876157014965e-08,-0.9507894515991211,5.297744967555578e-08,0.13878445327281952,-1.668689897371678e-08,0.0031801252625882626,0.13889724373817447,2.0428117014901026e-09,-0.004865084808434593,trajectory,STRAIGHT,3.6495494842529297,2.0213370323181152,8.213876157014965e-08
178,80834.656,2.026332378387451,-8.274096074956105e-08,-0.9506750106811523,5.3287388420798124e-08,0.13878445327281952,-1.676781025139462e-08,0.003174441633746028,0.13889724373817447,2.1089061705418273e-09,-0.004870352164025652,trajectory,STRAIGHT,3.648899555206299,2.026332378387451,8.274096074956105e-08
179,80834.75,2.0446486473083496,-8.497402603779847e-08,-0.9502573013305664,5.442383048670178e-08,0.13878445327281952,-1.7066144053501375e-08,0.0031538577750325203,0.13889724373817444,2.1788925227322257e-09,-0.004905518405727262,trajectory,STRAIGHT,3.648899555206299,2.0446486473083496,8.497402603779847e-08
180,80834.781,2.050476551055908,-8.569283238557546e-08,-0.9501248002052307,5.478542568949427e-08,0.13878445327281952,-1.716161612819178e-08,0.0031477564480155706,0.13889724373817444,2.258856832874182e-09,-0.00491165535583269,trajectory,STRAIGHT,3.6482505798339844,2.050476551055908,8.569283238557546e-08
181,80834.875,2.059218406677246,-8.67785558966716e-08,-0.949927031993866,5.532781849368751e-08,0.13878445327281952,-1.7305319843785583e-08,0.003139147534966469,0.13889724373817453,2.1014167215386017e-09,-0.0049450171888322635,trajectory,STRAIGHT,3.6482505798339844,2.059218406677246,8.67785558966716e-08
182,80834.984,2.0733718872070312,-8.855582223077363e-08,-0.9504640102386475,5.620597827191646e-08,0.13878478109836578,-1.754455958291601e-08,-0.019673660397529602,0.13889721751213083,2.300536720805683e-09,-0.0030931436419935035,trajectory,STRAIGHT,3.6476054191589355,2.0733718872070312,8.855582223077363e-08
183,80835.078,2.084611415863037,-8.998451050956646e-08,-0.9520083069801331,5.690334044875548e-08,0.13878461718559265,-1.7728938317418397e-08,-0.009086616337299347,0.1388972306251527,2.187189013809418e-09,-0.0038479961415684443,trajectory,STRAIGHT,3.646960973739624,2.084611415863037,8.998451050956646e-08
184,80835.171,2.0904393196105957,-9.073114881630318e-08,-0.9522180557250977,5.726493565156441e-08,0.13878460228443146,-1.78245365134444e-08,-0.0019285150337964296,0.1388972318172456,2.2711356890361217e-09,-0.004410156808600448,trajectory,STRAIGHT,3.6468751430511475,2.0904393196105957,9.073114881630318e-08
185,80835.281,2.1116695404052734,-9.348547536092155e-08,-0.9519580006599426,5.858217531896005e-08,0.13878460228443146,-1.8179978411581033e-08,0.003047957317903638,0.1388972318172456,2.372902524522035e-09,-0.004744249582388651,trajectory,STRAIGHT,3.6507506370544434,2.1116695404052734,9.348547536092155e-08
186,80835.406,2.1258230209350586,-9.53520782331907e-08,-0.9516350626945496,5.946033509724149e-08,0.13878460228443146,-1.8419635594568717e-08,0.00322002824395895,0.1388972318172456,2.5866908351134205e-09,-0.004774162154742729,trajectory,STRAIGHT,3.65134859085083,2.1258230209350586,9.53520782331907e-08
187,80835.531,2.1399765014648438,-9.7243322727536e-08,-0.9513067603111267,6.033849487553706e-08,0.13878460228443146,-1.8660893275068702e-08,0.003220288548618555,0.13889723181724556,2.3495042259516207e-09,-0.004816199858343355,trajectory,STRAIGHT,3.6508357524871826,2.1399765014648438,9.7243322727536e-08
188,80835.64,2.154129981994629,-9.915920884395746e-08,-0.9509791731834412,6.121665465384678e-08,0.13878460228443146,-1.890371414958736e-08,0.0032015605829656124,0.1388972318172456,2.382386964297743e-09,-0.004845498163283866,trajectory,STRAIGHT,3.6501893997192383,2.154129981994629,9.915920884395746e-08
189,80835.765,2.168283462524414,-1.0109987158557487e-07,-0.950653612613678,6.209481443217064e-08,0.13878460228443146,-1.9148096441767848e-08,0.003182380460202694,0.1388972318172456,2.607066524886777e-09,-0.004860241781950991,trajectory,STRAIGHT,3.6495320796966553,2.168283462524414,1.0109987158557487e-07
190,80835.875,2.1811881065368652,-1.0289109297900723e-07,-0.9503582715988159,6.289548952418411e-08,0.13878460228443146,-1.937227267490016e-08,0.0031665372662246227,0.13889723181724536,2.428314874291636e-09,-0.004902423933836912,trajectory,STRAIGHT,3.648878335952759,2.1811881065368652,1.0289109297900723e-07
191,80835.968,2.193676471710205,-1.0464444955005092e-07,-0.9500739574432373,6.367033638743416e-08,0.13878460228443146,-1.9590450150985816e-08,0.0031526607926934958,0.1388972318172454,2.632736741702661e-09,-0.004915529523733353,trajectory,STRAIGHT,3.6482255458831787,2.193676471710205,1.0464444955005092e-07
192,80835.984,2.1965904235839844,-1.0505638670110784e-07,-0.9500076174736023,6.385113398886074e-08,0.13878460228443146,-1.964153284461645e-08,0.003149596508592367,0.1388972318172454,2.3219668345696544e-09,-0.004944056559586418,trajectory,STRAIGHT,3.6475796699523926,2.1965904235839844,1.0505638670110784e-07
193,80836.078,2.207413673400879,-1.065958770141151e-07,-0.9497627019882202,6.452266793702191e-08,0.13878460228443146,-1.9831848163676113e-08,0.003138850210234523,0.1388972318172454,2.5014737594864675e-09,-0.004955442629986893,trajectory,STRAIGHT,3.6475796699523926,2.207413673400879,1.065958770141151e-07
194,80836.171,2.2186532020568848,-1.0821046458886485e-07,-0.950046718120575,6.522003011396725e-08,0.13878487050533295,-2.0035313852417858e-08,-0.016386594623327255,0.13889721035957325,2.6914798246550775e-09,-0.003379206236684215,trajectory,STRAIGHT,3.646934747695923,2.2186532020568848,1.0821046458886485e-07
195,80836.265,2.224064826965332,-1.0899376690076679e-07,-0.9508295059204102,6.555579708805522e-08,0.13878501951694489,-2.0132404188188957e-08,-0.020865244790911674,0.13889719843864454,2.4186752135431654e-09,-0.0029829710304378546,trajectory,STRAIGHT,3.646934747695923,2.224064826965332,1.0899376690076679e-07
196,80836.406,2.245711326599121,-1.1216391726520669e-07,-0.9515151381492615,6.68988649844278e-08,0.13878488540649414,-2.0512777254566572e-08,0.0022121162619441748,0.1388972091674806,2.79226384785681e-09,-0.004794878303223757,trajectory,STRAIGHT,3.6462934017181396,2.245711326599121,1.1216391726520669e-07
197,80836.531,2.260697364807129,-1.1439387748168883e-07,-0.9512094855308533,6.782868122039742e-08,0.13878488540649414,-2.0782030318855504e-08,0.003124768380075693,0.1388972091674806,2.647312804432166e-09,-0.004818688392342444,trajectory,STRAIGHT,3.6500906944274902,2.260697364807129,1.1439387748168883e-07
198,80836.64,2.2740182876586914,-1.1640054964345836e-07,-0.9509043097496033,6.86551845412726e-08,0.13878488540649414,-2.102301621675906e-08,0.0032016169279813766,0.1388972091674806,2.8864786965459206e-09,-0.004840095065237399,trajectory,STRAIGHT,3.6500906944274902,2.2740182876586914,1.1640054964345836e-07
199,80836.75,2.2877554893493652,-1.1849422065779436e-07,-0.9505876302719116,6.950751609093826e-08,0.13878488540649414,-2.127300113841102e-08,0.0031949866097420454,0.1388972091674806,2.6931853267414766e-09,-0.004882222745864276,trajectory,STRAIGHT,3.6496660709381104,2.2877554893493652,1.1849422065779436e-07
200,80836.859,2.3019089698791504,-1.2067732768628048e-07,-0.9502626061439514,7.03856758693956e-08,0.13878488540649414,-2.153210054700594e-08,0.0031778495758771896,0.1388972091674806,2.7341604348460836e-09,-0.004911009763009894,trajectory,STRAIGHT,3.649034261703491,2.3019089698791504,1.2067732768628048e-07
201,80836.968,2.3143973350524902,-1.2262559323517053e-07,-0.9499772191047668,7.116052273275205e-08,0.13878488540649414,-2.1762012636372674e-08,0.003163072047755122,0.1388972091674806,2.9684627705805055e-09,-0.004924096912719357,trajectory,STRAIGHT,3.648380994796753,2.3143973350524902,1.2262559323517053e-07
202,80837.0,2.319392681121826,-1.234107003256213e-07,-0.9498706459999084,7.147046147809771e-08,0.13878493010997772,-2.1854928533571183e-08,0.0008153424132615328,0.13889720559120194,2.6251349261712724e-09,-0.0047684130069095216,trajectory,STRAIGHT,3.6477301120758057,2.319392681121826,1.234107003256213e-07
203,80837.093,2.329383373260498,-1.2499120316533663e-07,-0.9507790207862854,7.209033896879433e-08,0.13878537714481354,-2.2045981040719198e-08,-0.021638009697198868,0.13889716982841507,2.8156995006738945e-09,-0.002926726098753842,trajectory,STRAIGHT,3.6477301120758057,2.329383373260498,1.2499120316533663e-07
204,80837.203,2.3427042961120605,-1.2711946340004943e-07,-0.9525138735771179,7.291684228973409e-08,0.13878542184829712,-2.228999917974761e-08,-0.006044262088835239,0.13889716625213638,2.8200911661913283e-09,-0.004052272668118125,trajectory,STRAIGHT,3.647080421447754,2.3427042961120605,1.2711946340004943e-07
205,80837.312,2.3551926612854004,-1.291359978949913e-07,-0.9525980353355408,7.369168915312652e-08,0.13878542184829712,-2.252179243100727e-08,0.0018549718661233783,0.13889716625213638,3.0644674253186977e-09,-0.004680003296593672,trajectory,STRAIGHT,3.6470844745635986,2.3551926612854004,1.291359978949913e-07
206,80837.421,2.3693461418151855,-1.314468107693756e-07,-0.9523224830627441,7.456984893165121e-08,0.13878542184829712,-2.2787983056105077e-08,0.0031229511369019747,0.13889716625213627,2.8997828798621227e-09,-0.0047153384101197154,trajectory,STRAIGHT,3.6512818336486816,2.3693461418151855,1.314468107693756e-07
207,80837.531,2.3830833435058594,-1.3371578688747832e-07,-0.9520043730735779,7.542218048140931e-08,0.13878542184829712,-2.3048123409807886e-08,0.003252296010032296,0.13889716625213627,2.926523230927911e-09,-0.004753692198410391,trajectory,STRAIGHT,3.6521763801574707,2.3830833435058594,1.3371578688747832e-07
208,80837.64,2.396404266357422,-1.3594063830169034e-07,-0.9516916871070862,7.624868380239958e-08,0.13878555595874786,-2.330181736454051e-08,0.003247095039114356,0.13889715552330023,3.1985365713816797e-09,-0.004768910419061541,trajectory,STRAIGHT,3.6516928672790527,2.396404266357422,1.3594063830169034e-07
209,80837.75,2.409308910369873,-1.3811923338380439e-07,-0.9513906240463257,7.704935889462085e-08,0.13878601789474487,-2.3548905048187407e-08,0.0032274399418383837,0.13889711856842046,2.976603753822731e-09,-0.0048100921587638824,trajectory,STRAIGHT,3.65104341506958,2.409308910369873,1.3811923338380439e-07
210,80837.781,2.414304256439209,-1.3896872985696973e-07,-0.9512747526168823,7.735929763999999e-08,0.1387861967086792,-2.3644899371788597e-08,0.003219558158889413,0.13889710426330573,3.080725003520807e-09,-0.004815255187600133,trajectory,STRAIGHT,3.6503798961639404,2.414304256439209,1.3896872985696973e-07
211,80837.953,2.4276251792907715,-1.412510073350859e-07,-0.9509666562080383,7.817407699263494e-08,0.13878659904003143,-2.3901835177753128e-08,0.003199575934559107,0.13889707207679766,3.0309928539415613e-09,-0.004847370837272885,trajectory,STRAIGHT,3.6497182846069336,2.4276251792907715,1.412510073350859e-07
212,80838.093,2.451353073120117,-1.4537765480326925e-07,-0.9504219889640808,7.898653994435748e-08,0.13878659904003143,-2.436296142604988e-08,0.003168570576235652,0.13889707207679766,3.5968228220493045e-09,-0.004872123770804883,trajectory,STRAIGHT,3.6490612030029297,2.451353073120117,1.4537765480326925e-07
213,80838.203,2.465090274810791,-1.4780293611238449e-07,-0.9501092433929443,7.924713150071898e-08,0.13878659904003143,-2.4631932049601346e-08,0.003153169061988592,0.1388970720767976,3.1757621112997827e-09,-0.004923977489834378,trajectory,STRAIGHT,3.6484122276306152,2.465090274810791,1.4780293611238449e-07
214,80838.312,2.477994918823242,-1.501055493235981e-07,-0.9498167634010315,7.946541734231473e-08,0.13878659904003143,-2.4885935090424027e-08,0.003140085143968463,0.1388970720767976,3.5097858593668407e-09,-0.004937554775988409,trajectory,STRAIGHT,3.6477651596069336,2.4779949188232404,1.501055493235981e-07
215,80838.406,2.490483283996582,-1.523566481864691e-07,-0.9503235816955566,7.967666170513803e-08,0.13878674805164337,-2.5139174297805766e-08,-0.019093111157417297,0.13889706015586867,3.199267700439234e-09,-0.003160136244424191,trajectory,STRAIGHT,3.6471216678619385,2.4904832839965803,1.523566481864691e-07
216,80838.5,2.4938135147094727,-1.529608084638312e-07,-0.9508308172225952,7.973299353522238e-08,0.13878674805164337,-2.520630637548038e-08,-0.0228545144200325,0.13889706015586867,3.2866698359383826e-09,-0.002833862207063046,trajectory,STRAIGHT,3.6464791297912598,2.493813514709471,1.529608084638312e-07
217,80838.609,2.5154600143432617,-1.5692602062244987e-07,-0.9519481658935547,8.034111866957982e-08,0.13878630101680756,-2.5630994215930514e-08,0.0017897592624649405,0.13889709591865554,3.4521183736627593e-09,-0.00470500515356162,trajectory,STRAIGHT,3.6464791297912598,2.51546001434326,1.5692602062244987e-07
218,80838.718,2.528364658355713,-1.5932177177546691e-07,-0.9517053961753845,8.04937503646859e-08,0.13878630101680756,-2.5889670851597657e-08,0.003044204320758581,0.13889709591865554,3.803023818939322e-09,-0.004817499244133619,trajectory,STRAIGHT,3.6485817432403564,2.528364658355711,1.5932177177546691e-07
219,80838.812,2.533360004425049,-1.602556238822217e-07,-0.9515936374664307,8.055011061841132e-08,0.13878630101680756,-2.5990255281271857e-08,0.0031510568223893642,0.13889709591865557,3.101547327588823e-09,-0.004793228813377738,trajectory,STRAIGHT,3.65087628364563,2.533360004425047,1.602556238822217e-07
220,80838.953,2.5504274368286133,-1.6347370035418862e-07,-0.9511995315551758,8.074267481865288e-08,0.13878630101680756,-2.6335460034943026e-08,0.003218868048861623,0.13889709591865557,3.571756163836947e-09,-0.004818359007058262,trajectory,STRAIGHT,3.65059232711792,2.5504274368286115,1.6347370035418862e-07
221,80839.015,2.5645809173583984,-1.6617465803392406e-07,-0.9508717060089111,8.090236220423441e-08,0.13878630101680756,-2.662345899295815e-08,0.003204230684787035,0.13889709591865557,3.396759917186975e-09,-0.004855794011287041,trajectory,STRAIGHT,3.649975538253784,2.5645809173583967,1.6617465803392406e-07
222,80839.125,2.5699925422668457,-1.6721514839446172e-07,-0.9507469534873962,8.096341914578397e-08,0.13878630101680756,-2.6733985691862472e-08,0.003196952398866415,0.13889709591865557,3.5481240867592343e-09,-0.004861449374489136,trajectory,STRAIGHT,3.6493194103240967,2.569992542266844,1.6721514839446172e-07
223,80839.25,2.592055320739746,-1.715019379844307e-07,-0.9502406120300293,8.121234359981481e-08,0.13878630101680756,-2.7186938922341142e-08,0.0031686690635979176,0.13889709591865554,3.659611483201821e-09,-0.004904378452257851,trajectory,STRAIGHT,3.648662567138672,2.5920553207397443,1.715019379844307e-07
224,80839.375,2.6062088012695312,-1.7428995136015146e-07,-0.9499183893203735,8.137203098543731e-08,0.13878630101680756,-2.7479497788363005e-08,0.003152825403958559,0.13889709591865557,3.4798280226365214e-09,-0.004941457751004837,trajectory,STRAIGHT,3.6480119228363037,2.6062088012695295,1.7428995136015146e-07
225,80839.453,2.617032051086426,-1.7644232741531596e-07,-0.9502702951431274,8.15762977961892e-08,0.13878649473190308,-2.7710205685593792e-08,-0.017113827168941498,0.13889708042144794,3.4056545182544297e-09,-0.0033166804549212303,trajectory,STRAIGHT,3.647362470626831,2.617032051086424,1.7644232741531596e-07
226,80839.562,2.6295204162597656,-1.789479995295551e-07,-0.9517821669578552,8.20224405015996e-08,0.1387862265110016,-2.7967587357125012e-08,-0.006604432128369808,0.13889710187912005,3.740065209762612e-09,-0.004081838467430576,trajectory,STRAIGHT,3.6467201709747314,2.629520416259764,1.789479995295551e-07
227,80839.671,2.6420087814331055,-1.8147676428270643e-07,-0.9518917202949524,8.24286364737273e-08,0.13878606259822845,-2.8226807557985012e-08,0.0017285555368289351,0.1388971149921419,3.4885370461659446e-09,-0.004661153230087019,trajectory,STRAIGHT,3.6467201709747314,2.6420087814331037,1.8147676428270643e-07
228,80839.765,2.6549134254455566,-1.8411451208066865e-07,-0.9516516327857971,8.291699250479515e-08,0.13878606259822845,-2.8498103432639255e-08,0.0030354131013154984,0.1388971149921419,3.838213357614364e-09,-0.004777706210703708,trajectory,STRAIGHT,3.6486663818359375,2.654913425445555,1.8411451208066865e-07
229,80839.875,2.6674017906188965,-1.866912526793385e-07,-0.9513681530952454,8.341003811694586e-08,0.13878606259822845,-2.876219618030973e-08,0.003207550151273608,0.1388971149921419,3.5396027563028703e-09,-0.004811383482561369,trajectory,STRAIGHT,3.650764226913452,2.6674017906188947,1.866912526793385e-07
230,80839.906,2.671980857849121,-1.876420441249138e-07,-0.9512619972229004,8.359082150806568e-08,0.13878606259822845,-2.8859350464927047e-08,0.0032175425440073013,0.1388971149921419,3.66488568977281e-09,-0.004817490667597312,trajectory,STRAIGHT,3.650451421737671,2.6719808578491193,1.876420441249138e-07
231,80840.015,2.6840529441833496,-1.9016401608951128e-07,-0.9509819746017456,8.406743226646709e-08,0.13878606259822845,-2.9116273836393702e-08,0.0032131930347532034,0.13889711499214197,3.5687159909133606e-09,-0.004848254430440173,trajectory,STRAIGHT,3.650451421737671,2.684052944183348,1.9016401608951128e-07
232,80840.125,2.698622703552246,-1.9323763922329817e-07,-0.9506455659866333,8.464265214728591e-08,0.13878606259822845,-2.942786636594974e-08,0.0031943817157298326,0.13889711499214197,3.973887036584974e-09,-0.004863569955673918,trajectory,STRAIGHT,3.649829387664795,2.6986227035522443,1.9323763922329817e-07
233,80840.234,2.7127761840820312,-1.96254831053011e-07,-0.9503207206726074,8.520143717435611e-08,0.13878606259822845,-2.973213319990009e-08,0.0031759520061314106,0.13889711499214197,3.6909827839230943e-09,-0.004905408021737135,trajectory,STRAIGHT,3.649174928665161,2.7127761840820295,1.96254831053011e-07
234,80840.359,2.7256808280944824,-1.9903293946299527e-07,-0.9500260949134827,8.571091764020482e-08,0.13878606259822845,-3.0010912865918726e-08,0.0031607639975845814,0.13889711499214197,4.0571326348423144e-09,-0.004918924269009625,trajectory,STRAIGHT,3.6485183238983154,2.7256808280944806,1.9903293946299527e-07
235,80840.468,2.7398343086242676,-2.0210978846080252e-07,-0.9497043490409851,8.626970266725438e-08,0.13878606259822845,-3.0318151544861394e-08,0.0031456928700208664,0.13889711499214197,3.757202764742455e-09,-0.004961009542020414,trajectory,STRAIGHT,3.6478662490844727,2.739834308624266,2.0210978846080252e-07
236,80840.609,2.756901741027832,-2.0586219307006104e-07,-0.9506124258041382,8.694353167044685e-08,0.13878624141216278,-3.06986009945831e-08,-0.022476840764284134,0.13889710068702724,3.877461203195734e-09,-0.002879932274010565,trajectory,STRAIGHT,3.6472198963165283,2.7569017410278303,2.0586219307006104e-07
237,80840.718,2.770638942718506,-2.089162478569051e-07,-0.9525297284126282,8.748707556229823e-08,0.1387859582901001,-3.099527035033134e-08,-0.006866438314318657,0.13889712333679224,3.822213687351367e-09,-0.003993021738677006,trajectory,STRAIGHT,3.6465749740600586,2.770638942718504,2.089162478569051e-07
238,80840.812,2.7814621925354004,-2.1134310657089372e-07,-0.9526655077934265,8.793321824766589e-08,0.13878577947616577,-3.12313197525782e-08,0.001284539932385087,0.138897137641907,3.76805992080614e-09,-0.004554113931352146,trajectory,STRAIGHT,3.6461799144744873,2.7814621925353986,2.1134310657089372e-07
239,80840.89,2.787290096282959,-2.1265755378863105e-07,-0.9525830745697021,8.8029475476459e-08,0.13878577947616577,-3.1359789431917307e-08,0.002463960787281394,0.138897137641907,3.9526321374158285e-09,-0.004652589260930069,trajectory,STRAIGHT,3.650207042694092,2.787290096282957,2.1265755378863105e-07
240,80841.031,2.8068552017211914,-2.1710992825774156e-07,-0.9521562457084656,8.847096411101518e-08,0.13878577947616577,-3.17940198613087e-08,0.0032429529819637537,0.13889713764190678,4.099985483677962e-09,-0.004733907417747571,trajectory,STRAIGHT,3.6522774696350098,2.8068552017211896,2.1710992825774156e-07
241,80841.125,2.820176124572754,-2.20176488596735e-07,-0.9518436193466187,8.877155211750204e-08,0.13878577947616577,-3.209152410477145e-08,0.0032571747433394194,0.13889713764190678,3.9477893858243865e-09,-0.0047694203888005255,trajectory,STRAIGHT,3.6519436836242676,2.820176124572752,2.20176488596735e-07
242,80841.234,2.82517147064209,-2.213338774481599e-07,-0.9517263174057007,8.888427261993052e-08,0.13878577947616577,-3.2203445243794704e-08,0.0032511609606444836,0.13889713764190678,4.107012356366726e-09,-0.0047748043832308296,trajectory,STRAIGHT,3.651310682296753,2.825171470642088,2.213338774481599e-07
243,80841.343,2.8476505279541016,-2.265918510602205e-07,-0.9512025117874146,8.952767619349794e-08,0.13878577947616577,-3.270949378020305e-08,0.00321582006290555,0.13889713764190678,4.2734797486984e-09,-0.004817047414337036,trajectory,STRAIGHT,3.6506478786468506,2.8476505279541,2.265918510602205e-07
244,80841.437,2.858473777770996,-2.291527323450282e-07,-0.9509523510932922,8.973193592183268e-08,0.13878577947616577,-3.295454575891199e-08,0.0031996762845665216,0.13889713764190678,3.965426265929168e-09,-0.0048512665300884375,trajectory,STRAIGHT,3.649984359741211,2.8584737777709943,2.291527323450282e-07
245,80841.531,2.862220287322998,-2.3004366767054307e-07,-0.9508659839630127,8.975303904348693e-08,0.13878577947616577,-3.303958351352776e-08,0.0031943689100444317,0.13889713764190678,4.093095713985067e-09,-0.004855160296640648,trajectory,STRAIGHT,3.649324655532837,2.8622202873229963,2.3004366767054307e-07
246,80841.687,2.881369113922119,-2.34633290574493e-07,-0.9504266977310181,8.98608994430453e-08,0.13878577947616577,-3.3475906491275964e-08,0.003169616451486945,0.1388971376419068,4.2960350457794206e-09,-0.004889922812259166,trajectory,STRAIGHT,3.648672103881836,2.8813691139221174,2.34633290574493e-07
247,80841.781,2.898852825164795,-2.388764528404863e-07,-0.9500285983085632,8.995938067741319e-08,0.13878577947616577,-3.387676983379606e-08,0.003150149015709758,0.13889713764190684,4.280698694880244e-09,-0.004927561357911255,trajectory,STRAIGHT,3.648021697998047,2.898852825164793,2.388764528404863e-07
248,80841.89,2.911757469177246,-2.420409543901769e-07,-0.949736475944519,9.003206920753482e-08,0.13878577947616577,-3.417416394313477e-08,0.003137384308502078,0.13889713764190684,4.730788843139078e-09,-0.00494114629953685,trajectory,STRAIGHT,3.64737606048584,2.9117574691772443,2.420409543901769e-07
249,80842.0,2.9250783920288086,-2.4533679265914543e-07,-0.9500332474708557,9.010710252894443e-08,0.1387859731912613,-3.4489112010760437e-08,-0.017130127176642418,0.13889712214469918,4.2016885850072564e-09,-0.0033352174455961994,trajectory,STRAIGHT,3.64737606048584,2.925078392028807,2.4533679265914543e-07
250,80842.093,2.9379830360412598,-2.485581092059874e-07,-0.951686680316925,9.017979105905392e-08,0.138785719871521,-3.478593768591054e-08,-0.007464871741831303,0.13889714241027842,4.65757330292171e-09,-0.004025766238077622,trajectory,STRAIGHT,3.646732807159424,2.937983036041258,2.485581092059874e-07
251,80842.218,2.9513039588928223,-2.51912325666126e-07,-0.9518215656280518,9.0254824380451e-08,0.1387854814529419,-3.509393309286679e-08,0.0017863091779872775,0.13889716148376474,4.257745456966156e-09,-0.004673474488505588,trajectory,STRAIGHT,3.6461074352264404,2.9513039588928205,2.51912325666126e-07
252,80842.312,2.963376045227051,-2.5497780598016107e-07,-0.9515972137451172,9.03228233279616e-08,0.1387854814529419,-3.537658699315216e-08,0.0030134692788124084,0.13889716148376474,4.689989959964937e-09,-0.004782864890718327,trajectory,STRAIGHT,3.6492772102355957,2.9633760452270472,2.5497780598016107e-07
253,80842.343,2.970036506652832,-2.5667969794085366e-07,-0.951448380947113,9.036033998865485e-08,0.1387854814529419,-3.5533194164827364e-08,0.0031588466372340918,0.13889716148376474,4.072533482243778e-09,-0.004805865585650074,trajectory,STRAIGHT,3.650639295578003,2.9700365066528285,2.5667969794085366e-07
254,80842.515,2.98502254486084,-2.6053638180201233e-07,-0.9511024355888367,9.044475247520888e-08,0.1387854814529419,-3.588689878597506e-08,0.0032165765296667814,0.13889716148376474,4.614591281844804e-09,-0.004827781244958508,trajectory,STRAIGHT,3.650222063064575,2.9850225448608363,2.6053638180201233e-07
255,80842.64,3.0045876502990723,-2.656292679148464e-07,-0.9506499767303467,9.060902287004554e-08,0.1387854814529419,-3.635133083434994e-08,0.003196373116225004,0.13889716148376477,4.5842628961984865e-09,-0.00487051577599065,trajectory,STRAIGHT,3.6495890617370605,3.0045876502990687,2.656292679148464e-07
256,80842.765,3.0179085731506348,-2.69134375230351e-07,-0.9503439664840698,9.098706003539995e-08,0.1387854814529419,-3.6669231207042685e-08,0.0031789331696927547,0.13889716148376496,4.377663306940668e-09,-0.004904290529305204,trajectory,STRAIGHT,3.648932695388794,3.017908573150631,2.69134375230351e-07
257,80842.859,3.0316457748413086,-2.7278099423710955e-07,-0.9500300288200378,9.145203210430672e-08,0.1387854814529419,-3.699851092164863e-08,0.0031625102274119854,0.13889716148376496,4.85358177439964e-09,-0.0049186735771243415,trajectory,STRAIGHT,3.6482784748077393,3.031645774841305,2.7278099423710955e-07
258,80842.875,3.0337271690368652,-2.7333635443937965e-07,-0.9499826431274414,9.15224824177763e-08,0.1387854814529419,-3.704852957753246e-08,0.0031601714435964823,0.13889716148376496,4.047582134338913e-09,-0.004948080368633892,trajectory,STRAIGHT,3.647627592086792,3.0337271690368617,2.7333635443937965e-07
259,80842.984,3.0457992553710938,-2.765725071185443e-07,-0.9504315257072449,9.193109423589353e-08,0.13878567516803741,-3.734664488774797e-08,-0.01845918595790863,0.13889714598655734,4.469788679836758e-09,-0.0031960876475233095,trajectory,STRAIGHT,3.647627592086792,3.04579925537109,2.765725071185443e-07
260,80843.093,3.057455062866211,-2.7972140514975763e-07,-0.9516444206237793,9.232561599130718e-08,0.13878536224365234,-3.7623745896553373e-08,-0.004632617346942425,0.13889717102050814,4.418025784768249e-09,-0.00422393691569991,trajectory,STRAIGHT,3.6469807624816895,3.0574550628662074,2.7972140514975763e-07
261,80843.203,3.071608543395996,-2.8357644055176934e-07,-0.9516478180885315,9.280936770879734e-08,0.13878516852855682,-3.7965001808970555e-08,0.002298929262906313,0.13889718651771576,4.9197456100898246e-09,-0.0047782907712502,trajectory,STRAIGHT,3.6477839946746826,3.0716085433959925,2.8357644055176934e-07
262,80843.296,3.08534574508667,-2.873515825285722e-07,-0.9513661861419678,9.327430425580233e-08,0.13878516852855682,-3.829971362279139e-08,0.003122765338048339,0.1388971865177158,4.558737628657031e-09,-0.004804866565118559,trajectory,STRAIGHT,3.65032958984375,3.0853457450866664,2.873515825285722e-07
263,80843.406,3.095336437225342,-2.9011800961598055e-07,-0.9511376023292542,9.323674497324736e-08,0.13878516852855682,-3.854423624716219e-08,0.0032041328959167004,0.1388971865177158,4.492277687406542e-09,-0.004835172844288017,trajectory,STRAIGHT,3.650127649307251,3.0953364372253382,2.9011800961598055e-07
264,80843.484,3.100748062133789,-2.916238486250222e-07,-0.951012372970581,9.329545001842244e-08,0.13878516852855682,-3.8677022473621037e-08,0.0032112456392496824,0.1388971865177158,4.698812421596737e-09,-0.004842003331688311,trajectory,STRAIGHT,3.650127649307251,3.1007480621337855,2.916238486250222e-07
265,80843.593,3.118231773376465,-2.965243197650125e-07,-0.9506083130836487,9.349271090681947e-08,0.13878516852855682,-3.9107586502495906e-08,0.0031967631075531244,0.1388971865177158,5.3695325034706564e-09,-0.004861047723499204,trajectory,STRAIGHT,3.649519920349121,3.1182317733764613,2.965243197650125e-07
266,80843.718,3.133634090423584,-3.0088654057180975e-07,-0.9502545595169067,9.366648835613923e-08,0.13878516852855682,-3.948885307636374e-08,0.003177022561430931,0.1388971865177158,4.7621822266507684e-09,-0.004910437660970538,trajectory,STRAIGHT,3.6488683223724365,3.1336340904235804,3.0088654057180975e-07
267,80843.812,3.147371292114258,-3.0481291446449177e-07,-0.9499408602714539,9.382147905419511e-08,0.13878516852855682,-3.9830453602007765e-08,0.003160817315801978,0.1388971865177158,4.734141448262475e-09,-0.0049403610615763385,trajectory,STRAIGHT,3.648214101791382,3.1473712921142543,3.0481291446449177e-07
268,80843.906,3.159027099609375,-3.081712236507883e-07,-0.9503990411758423,9.395298631316191e-08,0.13878542184829712,-4.012904497585623e-08,-0.018458133563399315,0.13889716625213658,4.685657970157561e-09,-0.0032017118445157636,trajectory,STRAIGHT,3.6475632190704346,3.1590270996093714,3.081712236507883e-07
269,80844.031,3.165271282196045,-3.099806065165467e-07,-0.9512680768966675,9.402343663046943e-08,0.13878530263900757,-4.0283854474409964e-08,-0.014195514842867851,0.13889717578887975,4.931509352478463e-09,-0.003499269556117021,trajectory,STRAIGHT,3.646916389465332,3.1652712821960414,3.099806065165467e-07
270,80844.171,3.1877503395080566,-3.165517341585655e-07,-0.951562762260437,9.427705777279902e-08,0.13878506422042847,-4.0843133319867775e-08,0.0026366172824054956,0.13889719486236607,5.157867055447442e-09,-0.004772822002395349,trajectory,STRAIGHT,3.6477177143096924,3.187750339508053,3.165517341585655e-07
271,80844.265,3.2014875411987305,-3.206124858934345e-07,-0.9512670636177063,9.443204847090661e-08,0.13878506422042847,-4.1190286736991766e-08,0.003163155633956194,0.13889719486236607,4.863982885146405e-09,-0.004816789086418288,trajectory,STRAIGHT,3.6502630710601807,3.201487541198727,3.206124858934345e-07
272,80844.375,3.213559627532959,-3.2420945217381814e-07,-0.9509888291358948,9.456825241773932e-08,0.13878506422042847,-4.1496722502643024e-08,0.0032117890659719706,0.13889719486236607,5.350436942509535e-09,-0.0048345914850701265,trajectory,STRAIGHT,3.65006160736084,3.2135596275329537,3.2420945217381814e-07
273,80844.484,3.2293782234191895,-3.289631536063098e-07,-0.9506229758262634,9.474672655498367e-08,0.13878506422042847,-4.189999103232367e-08,0.0032000418286770582,0.13889719486236607,5.01135247237095e-09,-0.004877148271740533,trajectory,STRAIGHT,3.6494548320770264,3.229378223419184,3.289631536063098e-07
274,80844.593,3.2410340309143066,-3.3249534681090154e-07,-0.9503546953201294,9.487823381401699e-08,0.13878506422042847,-4.2198379901492444e-08,0.0031850088853389025,0.1388971948623661,4.879941771396444e-09,-0.004905425871909217,trajectory,STRAIGHT,3.648801565170288,3.2410340309143013,3.3249534681090154e-07
275,80844.703,3.254354953765869,-3.365628913343244e-07,-0.9500495791435242,9.502852782435234e-08,0.13878506422042847,-4.2540676759017515e-08,0.00316848186776042,0.1388971948623661,5.427481205007092e-09,-0.0049193595193332,trajectory,STRAIGHT,3.648146390914917,3.254354953765864,3.365628913343244e-07
276,80844.828,3.2701735496520996,-3.4143587868129543e-07,-0.9496894478797913,9.520700196164164e-08,0.13878506422042847,-4.294894395684423e-08,0.0031509045511484146,0.1388971948623661,5.113035736991231e-09,-0.004961140239870184,trajectory,STRAIGHT,3.6474950313568115,3.2701735496520943,3.4143587868129543e-07
277,80844.937,3.283494472503662,-3.455759838288941e-07,-0.950384259223938,9.535729597200403e-08,0.13878537714481354,-4.33029718749367e-08,-0.020716536790132523,0.1388971698284153,5.048979444814923e-09,-0.0030328192957624423,trajectory,STRAIGHT,3.6468491554260254,3.283494472503657,3.455759838288941e-07
278,80845.015,3.2939014434814453,-3.488338506940636e-07,-0.9518064260482788,9.547471316760822e-08,0.13878515362739563,-4.356942184813306e-08,-0.009075560607016087,0.13889718770980872,5.485159033033424e-09,-0.0038929890491947164,trajectory,STRAIGHT,3.646204710006714,3.29390144348144,3.488338506940636e-07
279,80845.125,3.3005619049072266,-3.509293264869484e-07,-0.9520255923271179,9.554986017279886e-08,0.13878509402275085,-4.374026474351922e-08,-0.0013116535264998674,0.1388971924781803,4.825766380278313e-09,-0.004410177581222198,trajectory,STRAIGHT,3.646204710006714,3.3005619049072212,3.509293264869484e-07
280,80845.25,3.3205432891845703,-3.5726552027881553e-07,-0.9517636895179749,9.577530118838931e-08,0.13878509402275085,-4.426181376970817e-08,0.0030432736966758966,0.13889719247818033,5.672591072055885e-09,-0.004771666899533412,trajectory,STRAIGHT,3.650970220565796,3.320543289184565,3.5726552027881553e-07
281,80845.359,3.333864212036133,-3.615315620209003e-07,-0.9514598250389099,9.592559519879839e-08,0.13878509402275085,-4.461224634155769e-08,0.003224483458325267,0.13889719247818033,5.1733796457137805e-09,-0.004803233651372946,trajectory,STRAIGHT,3.650970220565796,3.3338642120361275,3.615315620209003e-07
282,80845.468,3.3471851348876953,-3.6583131191036955e-07,-0.9511491656303406,9.60758892092198e-08,0.13878509402275085,-4.4964110657019773e-08,0.003229500027373433,0.13889719247818033,5.206768496649128e-09,-0.004832511958445754,trajectory,STRAIGHT,3.650691032409668,3.34718513488769,3.6583131191036955e-07
283,80845.578,3.35800838470459,-3.693497774293064e-07,-0.9508979916572571,9.619800309269629e-08,0.13878509402275085,-4.5251017155578666e-08,0.0032155553344637156,0.13889719247818033,5.674992155921809e-09,-0.00484395508166715,trajectory,STRAIGHT,3.6500704288482666,3.3580083847045845,3.693497774293064e-07
284,80845.687,3.3717455863952637,-3.738477687420527e-07,-0.9505805969238281,9.635299379096666e-08,0.13878509402275085,-4.5616474153575837e-08,0.0031959291081875563,0.13889719247818033,5.28576878886653e-09,-0.004882927268063376,trajectory,STRAIGHT,3.6494123935699463,3.3717455863952583,3.738477687420527e-07
285,80845.812,3.387564182281494,-3.79072275791259e-07,-0.9502174258232117,9.653146792838516e-08,0.13878509402275085,-4.603911918366066e-08,0.0031750877387821674,0.13889719247818033,5.979109648116077e-09,-0.004899418513541768,trajectory,STRAIGHT,3.648754119873047,3.387564182281489,3.79072275791259e-07
286,80845.906,3.3996362686157227,-3.8309184446916333e-07,-0.949941873550415,9.666767187537418e-08,0.13878509402275085,-4.636296324633804e-08,0.003160892054438591,0.13889719247818033,5.287354135274127e-09,-0.004941947078745131,trajectory,STRAIGHT,3.648099184036255,3.3996362686157156,3.8309184446916333e-07
287,80845.937,3.403799057006836,-3.8448445138783427e-07,-0.9498471021652222,9.671463875364858e-08,0.13878509402275085,-4.6475022941194766e-08,0.002819840796291828,0.13889719247818033,5.4717213354780765e-09,-0.004919401547353035,trajectory,STRAIGHT,3.647449493408203,3.403799057006829,3.8448445138783427e-07
288,80846.031,3.4146223068237305,-3.8812137859167706e-07,-0.9507440328598022,9.683675263716773e-08,0.1387854814529419,-4.677595555335756e-08,-0.021639954298734665,0.13889716148376505,5.273529439792948e-09,-0.0029340339277938426,trajectory,STRAIGHT,3.647449493408203,3.4146223068237234,3.8812137859167706e-07
289,80846.125,3.427943229675293,-3.9262909012904856e-07,-0.9525427222251892,9.6987046647664e-08,0.13878528773784637,-4.7130445324228276e-08,-0.006700581405311823,0.1388971769809727,5.868655924811824e-09,-0.004039249290998323,trajectory,STRAIGHT,3.646803140640259,3.427943229675286,3.9262909012904856e-07
290,80846.171,3.4325222969055176,-3.941864292755781e-07,-0.9526729583740234,9.703871021377495e-08,0.13878528773784637,-4.7252687096488444e-08,-0.0017553247744217515,0.1388971769809727,5.052620829059486e-09,-0.004309981610943647,trajectory,STRAIGHT,3.648153066635132,3.4325222969055105,3.941864292755781e-07
291,80846.25,3.442096710205078,-3.9745583535477635e-07,-0.9526305198669434,9.714673403382983e-08,0.13878528773784637,-4.751129623059569e-08,0.0020977999083697796,0.1388971769809727,5.483708918125993e-09,-0.004620353510920974,trajectory,STRAIGHT,3.648153066635132,3.442096710205071,3.9745583535477635e-07
292,80846.359,3.454585075378418,-4.0174722926167306e-07,-0.9523822665214539,9.728763466869361e-08,0.13878528773784637,-4.7851205664528607e-08,0.0031140518840402365,0.13889717698097234,5.444809520891256e-09,-0.004710210759870066,trajectory,STRAIGHT,3.652005434036255,3.454585075378411,4.0174722926167306e-07
293,80846.468,3.468738555908203,-4.0664792777533876e-07,-0.9520545601844788,9.744732205488567e-08,0.13878528773784637,-4.823828447797496e-08,0.003254861105233431,0.13889717698097234,6.089771220479177e-09,-0.0047378608144142765,trajectory,STRAIGHT,3.652179718017578,3.468738555908196,4.0664792777533876e-07
294,80846.593,3.4841408729553223,-4.1202594047717866e-07,-0.951693058013916,9.762109950458111e-08,0.13878528773784637,-4.8661334517419164e-08,0.0032465411350131035,0.13889717698097237,5.647559189836025e-09,-0.004780563220471282,trajectory,STRAIGHT,3.651608467102051,3.484140872955315,4.1202594047717866e-07
295,80846.703,3.4982943534851074,-4.170094030087057e-07,-0.9513630867004395,9.77807868908023e-08,0.13878528773784637,-4.905171024915944e-08,0.003224315820261836,0.1388971769809724,5.630550952317806e-09,-0.004811158893849639,trajectory,STRAIGHT,3.6509499549865723,3.4982943534851003,4.170094030087057e-07
296,80846.812,3.5007920265197754,-4.1789294868976867e-07,-0.9513051509857178,9.780896701778396e-08,0.13878528773784637,-4.912076079222061e-08,0.003220360493287444,0.1388971769809724,5.746393796768121e-09,-0.004813739253427771,trajectory,STRAIGHT,3.6502861976623535,3.5007920265197683,4.1789294868976867e-07
297,80846.906,3.5211896896362305,-4.251554344136821e-07,-0.9508338570594788,9.803910472148373e-08,0.13878528773784637,-4.9686480707578085e-08,0.0031903560739010572,0.1388971769809724,5.966640950328948e-09,-0.004851938281236296,trajectory,STRAIGHT,3.6496264934539795,3.5211896896362234,4.251554344136821e-07
298,80847.0,3.527017593383789,-4.272457374554506e-07,-0.9507001638412476,9.810485835111756e-08,0.13878528773784637,-4.984870827229315e-08,0.003182582790032029,0.1388971769809724,6.240112836834716e-09,-0.004858001079438333,trajectory,STRAIGHT,3.6489696502685547,3.527017593383782,4.272457374554506e-07
299,80847.14,3.548247814178467,-4.3491809265105985e-07,-0.9502152800559998,9.83443894305179e-08,0.13878528773784637,-5.0441894217101435e-08,0.003157299477607012,0.1388971769809724,6.079321609903159e-09,-0.0049067902209826405,trajectory,STRAIGHT,3.6483190059661865,3.548247814178458,4.3491809265105985e-07
300,80847.218,3.559903621673584,-4.3916901404372766e-07,-0.9499504566192627,9.847589668980985e-08,0.13878528773784637,-5.076904940892746e-08,0.003145068185403943,0.13889717698097273,5.681607428111312e-09,-0.004940346245752591,trajectory,STRAIGHT,3.6483190059661865,3.559903621673575,4.3916901404372766e-07
301,80847.343,3.5665640830993652,-4.4161052414892765e-07,-0.949867308139801,9.855104369512377e-08,0.1387854367494583,-5.095957078538049e-08,-0.0046684336848556995,0.1388971650600438,6.000048099339524e-09,-0.004319423520104903,trajectory,STRAIGHT,3.6476714611053467,3.5665640830993564,4.4161052414892765e-07
302,80847.437,3.585296630859375,-4.485266913434316e-07,-0.9526374340057373,9.876239464758579e-08,0.13878598809242249,-5.149747295263296e-08,-0.027163537219166756,0.13889712095260665,6.0718335100807984e-09,-0.002396589904620529,trajectory,STRAIGHT,3.6470272541046143,3.585296630859366,4.485266913434316e-07
303,80847.468,3.5907082557678223,-4.505380957198213e-07,-0.9537070989608765,9.882345158941267e-08,0.1387859731912613,-5.165015792840677e-08,-0.025599896907806396,0.13889712214469954,6.3333547620562394e-09,-0.0024681978817723996,trajectory,STRAIGHT,3.647033214569092,3.5907082557678134,4.505380957198213e-07
304,80847.546,3.599033832550049,-4.53643963282957e-07,-0.954548716545105,9.891738534607342e-08,0.13878582417964935,-5.187843399312442e-08,-0.0055274865590035915,0.1388971340656285,5.632088996853059e-09,-0.0038632879119890056,trajectory,STRAIGHT,3.647033214569092,3.59903383255004,4.53643963282957e-07
305,80847.656,3.6119384765625,-4.5848565832784516e-07,-0.9546005129814148,9.906298266890713e-08,0.13878582417964935,-5.224270438475287e-08,0.0021034707315266132,0.1388971340656285,6.260415418729048e-09,-0.004471174673415931,trajectory,STRAIGHT,3.6515450477600098,3.611938476562491,4.5848565832784516e-07
306,80847.765,3.626091957092285,-4.638350787899981e-07,-0.9543089270591736,9.922267005525418e-08,0.13878582417964935,-5.2646619508323056e-08,0.0032303035259246826,0.1388971340656285,5.972793484394336e-09,-0.004536666896986239,trajectory,STRAIGHT,3.655900478363037,3.6260919570922763,4.638350787899981e-07
307,80847.875,3.638580322265625,-4.685894907652255e-07,-0.9540116786956787,9.936357069027786e-08,0.13878582417964935,-5.300466199287257e-08,0.0033335513435304165,0.13889713406562854,5.929033353155494e-09,-0.004572593946846697,trajectory,STRAIGHT,3.6561191082000732,3.638580322265616,4.685894907652255e-07
308,80847.968,3.6506524085998535,-4.732161187348538e-07,-0.9537215828895569,9.949977463747775e-08,0.13878582417964935,-5.335196107125739e-08,0.0033240087796002626,0.13889713406562854,6.52765901926367e-09,-0.0045863353320383755,trajectory,STRAIGHT,3.65553617477417,3.650652408599843,4.732161187348538e-07
309,80848.0,3.6543989181518555,-4.7465809416280536e-07,-0.9536319971084595,9.954204482799012e-08,0.13878582417964935,-5.3459974225233964e-08,0.0033167859073728323,0.13889713406562854,5.559263962498386e-09,-0.004616029628816239,trajectory,STRAIGHT,3.6548612117767334,3.654398918151845,4.7465809416280536e-07
310,80848.078,3.663973331451416,-4.783565259458555e-07,-0.9534038305282593,9.965006864819283e-08,0.13878582417964935,-5.373650324713708e-08,0.003296762006357312,0.13889713406562854,6.03707602001297e-09,-0.004625836045745008,trajectory,STRAIGHT,3.6548612117767334,3.6639733314514054,4.783565259458555e-07
311,80848.187,3.675629138946533,-4.828846158488886e-07,-0.9531278610229492,9.978157590757867e-08,0.13878582417964935,-5.4074103417178776e-08,0.0032726202625781298,0.13889713406562854,6.621681069290874e-09,-0.0046377031815081765,trajectory,STRAIGHT,3.654181480407715,3.6756291389465225,4.828846158488886e-07
312,80848.281,3.688117504119873,-4.877676929027075e-07,-0.9528343081474304,9.99224765426454e-08,0.13878582417964935,-5.443698469775882e-08,0.0032486470881849527,0.13889713406562854,6.063389116188193e-09,-0.004676535881252506,trajectory,STRAIGHT,3.653508186340332,3.6881175041198624,4.877676929027075e-07
313,80848.406,3.7014384269714355,-4.930123509438999e-07,-0.9525236487388611,1.0007277055339521e-07,0.1387861669063568,-5.482538867340736e-08,0.0032255081459879875,0.13889710664749194,6.739063133602677e-09,-0.004690217736305216,trajectory,STRAIGHT,3.653508186340332,3.701438426971425,4.930123509438999e-07
314,80848.5,3.71226167678833,-4.973011868969479e-07,-0.9522725939750671,1.001925325389762e-07,0.13878655433654785,-5.514197809475263e-08,0.0032084647100418806,0.13889707565307666,6.0491366341795155e-09,-0.004727940589405028,trajectory,STRAIGHT,3.652841329574585,3.7122616767883194,4.973011868969479e-07
315,80848.578,3.7164244651794434,-4.989573199054576e-07,-0.9521766304969788,1.0023244370411354e-07,0.13878658413887024,-5.526398538791e-08,0.0032023005187511444,0.13889707326889086,6.262730613746734e-09,-0.004732245628006188,trajectory,STRAIGHT,3.6521785259246826,3.7164244651794327,4.989573199054576e-07
316,80848.703,3.7393198013305664,-5.081316203359165e-07,-0.9516507387161255,1.00328651136118e-07,0.13878658413887024,-5.593746266185917e-08,0.003171789925545454,0.1388970732688909,6.726453794724542e-09,-0.004771338450161937,trajectory,STRAIGHT,3.6515214443206787,3.7393198013305557,5.081316203359165e-07
317,80848.843,3.7534732818603516,-5.138587084729807e-07,-0.9513281583786011,1.0029343664646529e-07,0.13878658413887024,-5.6355837330102077e-08,0.0031556100584566593,0.1388970732688909,6.340198048060779e-09,-0.004809267273456832,trajectory,STRAIGHT,3.650869846343994,3.753473281860339,5.138587084729807e-07
318,80849.0,3.768043041229248,-5.197989594307728e-07,-0.9509976506233215,1.002113689729585e-07,0.13878658413887024,-5.678813153053852e-08,0.0031406704802066088,0.1388970732688909,6.403927426100278e-09,-0.0048387634008423015,trajectory,STRAIGHT,3.6495773792266846,3.7680430412292356,5.197989594307728e-07
319,80849.109,3.7876081466674805,-5.278473054204369e-07,-0.9505560398101807,1.0010116381142125e-07,0.13878658413887024,-5.7371217110357975e-08,0.003123131114989519,0.1388970732688909,6.712817353891773e-09,-0.004873954825562239,trajectory,STRAIGHT,3.648935317993164,3.787608146667468,5.278473054204369e-07
320,80849.218,3.7980151176452637,-5.321618914422288e-07,-0.9503220915794373,1.0004254404465963e-07,0.13878658413887024,-5.768257338445437e-08,0.0031148225534707308,0.1388970732688909,6.2668054713749624e-09,-0.004904380604039771,trajectory,STRAIGHT,3.648935317993164,3.7980151176452512,5.321618914422288e-07
321,80849.312,3.8105034828186035,-5.373703402256069e-07,-0.9500420689582825,1.0007778696387779e-07,0.13878658413887024,-5.805730651786689e-08,0.003105723764747381,0.1388970732688909,6.939513480152036e-09,-0.004917653831999643,trajectory,STRAIGHT,3.6482956409454346,3.810503482818591,5.373703402256069e-07
322,80849.421,3.8242406845092773,-5.431385261545074e-07,-0.9497352242469788,1.000871945583382e-07,0.13878658413887024,-5.847090633892549e-08,0.0030967779457569122,0.1388970732688909,6.5023029262916924e-09,-0.004954851097983604,trajectory,STRAIGHT,3.647658348083496,3.824240684509265,5.431385261545074e-07
323,80849.515,3.835480213165283,-5.478888169818674e-07,-0.9502077698707581,1.000871945656687e-07,0.13878673315048218,-5.88195980810724e-08,-0.018516292795538902,0.13889706134796195,7.117721830032195e-09,-0.003202178157490973,trajectory,STRAIGHT,3.6470227241516113,3.835480213165269,5.478888169818674e-07
324,80849.64,3.8496336936950684,-5.53910183498374e-07,-0.9517070651054382,9.999800016556305e-08,0.13878637552261353,-5.924209389718271e-08,-0.003591302316635847,0.13889708995819144,6.602224378470918e-09,-0.004313935986184746,trajectory,STRAIGHT,3.6463916301727295,3.849633693695054,5.53910183498374e-07
325,80849.734,3.8637871742248535,-5.599749215434713e-07,-0.9516677856445312,9.963406018742505e-08,0.13878630101680756,-5.966995075823434e-08,0.0023989262990653515,0.13889709591865593,7.415781114332574e-09,-0.004795118248486191,trajectory,STRAIGHT,3.6481945514678955,3.8637871742248393,5.599749215434713e-07
326,80849.781,3.866701126098633,-5.612290010503784e-07,-0.9516140818595886,9.957301746251518e-08,0.13878630101680756,-5.975863359708455e-08,0.002689958782866597,0.13889709591865593,6.046767671006043e-09,-0.004756970392577897,trajectory,STRAIGHT,3.6504318714141846,3.8667011260986186,5.612290010503784e-07
327,80849.875,3.8704476356506348,-5.628440931104706e-07,-0.9515381455421448,9.951198894990305e-08,0.13878630101680756,-5.987281070929384e-08,0.0029173479415476322,0.13889709591865593,6.260100781830536e-09,-0.0047789583411445725,trajectory,STRAIGHT,3.6504318714141846,3.8704476356506206,5.628440931104706e-07
328,80849.953,3.888763904571533,-5.707843229174614e-07,-0.9511276483535767,9.920216390996543e-08,0.13878630101680756,-6.043293865332089e-08,0.0031831185333430767,0.13889709591865593,7.307971537743389e-09,-0.004820744847916614,trajectory,STRAIGHT,3.650148630142212,3.888763904571519,5.707843229174614e-07
329,80850.093,3.8954243659973145,-5.736901584896259e-07,-0.9509750604629517,9.908950025908333e-08,0.13878630101680756,-6.063730495498021e-08,0.0031867334619164467,0.13889709591865593,6.319013714965574e-09,-0.00485238321483762,trajectory,STRAIGHT,3.6495368480682373,3.8954243659973002,5.736901584896259e-07
330,80850.203,3.919984817504883,-5.844900101692474e-07,-0.9504131078720093,9.867405304647534e-08,0.13878630101680756,-6.139387664916285e-08,0.003163297660648823,0.13889709591865593,7.370956496938761e-09,-0.0048853067783352026,trajectory,STRAIGHT,3.6488897800445557,3.919984817504867,5.844900101692474e-07
331,80850.312,3.932889461517334,-5.902183488615265e-07,-0.9501193165779114,9.845576722291413e-08,0.13878630101680756,-6.179326561550624e-08,0.0031493736896663904,0.13889709591865593,6.758322303254115e-09,-0.004923560208186863,trajectory,STRAIGHT,3.6482393741607666,3.932889461517318,5.902183488615265e-07
332,80850.406,3.9449615478515625,-5.95610799791757e-07,-0.9498461484909058,9.82515643557195e-08,0.13878630101680756,-6.216804848691027e-08,0.0031374930404126644,0.13889709591865593,7.464049688068136e-09,-0.0049362681605968455,trajectory,STRAIGHT,3.647594451904297,3.9449615478515465,5.95610799791757e-07
333,80850.515,3.9503731727600098,-5.980386958981398e-07,-0.9497528672218323,9.817410809305665e-08,0.13878636062145233,-6.233862137605684e-08,-0.0018916475819423795,0.138897091150284,6.380771265420579e-09,-0.004563498627023574,trajectory,STRAIGHT,3.647594451904297,3.950373172759994,5.980386958981398e-07
334,80850.671,3.976182460784912,-6.097104119362484e-07,-0.9537885785102844,9.799566238205194e-08,0.13878647983074188,-6.315626421837806e-08,-0.028017191216349602,0.13889708161354086,7.88204179524865e-09,-0.002271669571848389,trajectory,STRAIGHT,3.646951198577881,3.976182460784896,6.097104119362484e-07
335,80850.75,3.9870057106018066,-6.146497071313206e-07,-0.9556195735931396,9.806487638293704e-08,0.138786181807518,-6.348845715820062e-08,-0.011368421837687492,0.13889710545539877,6.761026738619454e-09,-0.0033388921158328255,trajectory,STRAIGHT,3.646497964859009,3.987005710601789,6.146497071313206e-07
336,80850.859,3.9920010566711426,-6.16938109487819e-07,-0.9558716416358948,9.80578349010677e-08,0.13878600299358368,-6.364204097053516e-08,-0.0035918166395276785,0.13889711976051353,7.051753904726109e-09,-0.003948417129547854,trajectory,STRAIGHT,3.650411605834961,3.992001056671125,6.16938109487819e-07
337,80850.968,4.012398719787598,-6.263405794015853e-07,-0.9556865096092224,9.778318883402885e-08,0.1387859284877777,-6.42822755025918e-08,0.0031233264598995447,0.138897125720978,7.395422944942925e-09,-0.0044034088154307595,trajectory,STRAIGHT,3.656017780303955,4.01239871978758,6.263405794015853e-07
338,80851.109,4.029049873352051,-6.340861773423967e-07,-0.9552887678146362,9.768939720201331e-08,0.1387859284877777,-6.48095976885088e-08,0.003386926371604204,0.138897125720978,7.216003983333765e-09,-0.004452513850732784,trajectory,STRAIGHT,3.6587421894073486,4.029049873352033,6.340861773423967e-07
339,80851.25,4.045284748077393,-6.416993301172624e-07,-0.9548931121826172,9.759795036077926e-08,0.1387859284877777,-6.532594909458567e-08,0.003365929238498211,0.138897125720978,7.23860271167853e-09,-0.004488083434107139,trajectory,STRAIGHT,3.658473253250122,4.045284748077373,6.416993301172624e-07
340,80851.375,4.061935901641846,-6.495705520137562e-07,-0.9544916749000549,9.750415872872495e-08,0.1387859284877777,-6.585765532918231e-08,0.0033250495325773954,0.13889712572097798,7.310045867252714e-09,-0.004522259881710166,trajectory,STRAIGHT,3.6578216552734375,4.061935901641826,6.495705520137562e-07
341,80851.5,4.077338218688965,-6.569082984242414e-07,-0.9541245102882385,9.741740146905723e-08,0.1387859284877777,-6.635139015997993e-08,0.0032900653313845396,0.13889712572097798,7.282220111246951e-09,-0.00455544823358022,trajectory,STRAIGHT,3.6564438343048096,4.077338218688945,6.569082984242414e-07
342,80851.593,4.088994026184082,-6.624976549574058e-07,-0.953849196434021,9.73517473265948e-08,0.1387859284877777,-6.672625119108488e-08,0.0032660868018865585,0.13889712572097798,7.097956696875018e-09,-0.004583419439243548,trajectory,STRAIGHT,3.655764102935791,4.0889940261840625,6.624976549574058e-07
343,80851.703,4.093989372253418,-6.649027568528254e-07,-0.953731894493103,9.733063711756451e-08,0.1387859284877777,-6.688722464787134e-08,0.0032564434222877026,0.13889712572097798,7.401816815767915e-09,-0.004588513065921538,trajectory,STRAIGHT,3.655090570449829,4.093989372253398,6.649027568528254e-07
344,80851.828,4.118133544921875,-6.766092610632768e-07,-0.9531689882278442,9.743633036657656e-08,0.1387859284877777,-6.766796900592453e-08,0.003215092234313488,0.138897125720978,7.890593901342406e-09,-0.004630591751633962,trajectory,STRAIGHT,3.6544227600097656,4.118133544921854,6.766092610632768e-07
345,80851.921,4.130621910095215,-6.827177685408969e-07,-0.9528805017471313,9.757723100159298e-08,0.1387859284877777,-6.807357522120583e-08,0.0031965309754014015,0.138897125720978,7.247892439597812e-09,-0.0046682508377698505,trajectory,STRAIGHT,3.653761625289917,4.1306219100951935,6.827177685408969e-07
346,80852.015,4.135617256164551,-6.851714147160237e-07,-0.9527653455734253,9.763359125560259e-08,0.1387859284877777,-6.82361545045751e-08,0.003189469687640667,0.138897125720978,7.550094877568386e-09,-0.004673443743434295,trajectory,STRAIGHT,3.6531031131744385,4.1356172561645295,6.851714147160237e-07
347,80852.156,4.149770736694336,-6.921551403138437e-07,-0.9524410367012024,9.779327864197258e-08,0.1387859284877777,-6.869784385798994e-08,0.0031712318304926157,0.13889712572097804,7.402429334399718e-09,-0.004705925863320117,trajectory,STRAIGHT,3.6524500846862793,4.149770736694315,6.921551403138437e-07
348,80852.265,4.171000957489014,-7.027193191788683e-07,-0.9519575834274292,9.80328097215537e-08,0.1387859284877777,-6.939328756061514e-08,0.003147625830024481,0.13889712572097804,7.880499564502378e-09,-0.0047424518603307875,trajectory,STRAIGHT,3.6518020629882812,4.171000957488991,7.027193191788683e-07
349,80852.406,4.1884846687316895,-7.11499239969271e-07,-0.9515620470046997,9.823007061064407e-08,0.1387859284877777,-6.996862111918745e-08,0.0031309386249631643,0.13889712572097804,7.7181344230661e-09,-0.004782124241389955,trajectory,STRAIGHT,3.6511569023132324,4.188484668731666,7.11499239969271e-07
350,80852.5,4.200140476226807,-7.173928793235973e-07,-0.9512997269630432,9.836157787004946e-08,0.1387859284877777,-7.035349369743926e-08,0.003121013753116131,0.13889712572097807,7.4112372999215276e-09,-0.004811815978675107,trajectory,STRAIGHT,3.650515556335449,4.2001404762267835,7.173928793235973e-07
351,80852.609,4.205968379974365,-7.203518066489778e-07,-0.9511687159538269,9.84273314997557e-08,0.1387859284877777,-7.054632078506984e-08,0.00311637157574296,0.13889712572097807,7.774150033359372e-09,-0.004817995154946069,trajectory,STRAIGHT,3.649874687194824,4.20596837997434,7.203518066489778e-07
352,80852.718,4.225117206573486,-7.301312052732101e-07,-0.9507396221160889,9.86433791402357e-08,0.1387859284877777,-7.118175204823274e-08,0.0031025479547679424,0.1388971257209784,7.934990795516549e-09,-0.0048556168346331995,trajectory,STRAIGHT,3.649874687194824,4.2251172065734615,7.301312052732101e-07
353,80852.828,4.240103244781494,-7.378459372375801e-07,-0.9504048824310303,9.88124599023683e-08,0.1387859284877777,-7.168102911236929e-08,0.0030932475347071886,0.1388971257209784,7.734230498662595e-09,-0.0048904531623028625,trajectory,STRAIGHT,3.6492393016815186,4.240103244781469,7.378459372375801e-07
354,80852.921,4.250510215759277,-7.432351480929356e-07,-0.9501729607582092,9.892987709830289e-08,0.1387859284877777,-7.202876872725028e-08,0.0030874020885676146,0.1388971257209784,7.490842887963404e-09,-0.004916281485979054,trajectory,STRAIGHT,3.648603916168213,4.2505102157592525,7.432351480929356e-07
355,80853.015,4.260500907897949,-7.484333650609187e-07,-0.9499512314796448,9.90425976064072e-08,0.1387859284877777,-7.236338461780178e-08,0.0030822469852864742,0.1388971257209784,8.126481044861201e-09,-0.004926955541644785,trajectory,STRAIGHT,3.6479713916778564,4.260500907897923,7.484333650609187e-07
356,80853.109,4.273821830749512,-7.554021408395784e-07,-0.9503149390220642,9.919289161722375e-08,0.1387862116098404,-7.282068281710963e-08,-0.017875950783491135,0.1388971030712134,7.740965339513075e-09,-0.0032520361297297255,trajectory,STRAIGHT,3.6473402976989746,4.273821830749485,7.554021408395784e-07
357,80853.203,4.277568340301514,-7.573700600005395e-07,-0.9508664608001709,9.923516180776812e-08,0.13878624141216278,-7.294897130805111e-08,-0.02253219112753868,0.1388971006870276,7.98149772994935e-09,-0.0028519608133005868,trajectory,STRAIGHT,3.6467108726501465,4.277568340301487,7.573700600005395e-07
358,80853.328,4.300463676452637,-7.694692953919002e-07,-0.9518661499023438,9.949347963889389e-08,0.1387859731912613,-7.371000521061433e-08,0.0020859972573816776,0.13889712214469974,8.41334979081979e-09,-0.004731239728170632,trajectory,STRAIGHT,3.6485183238983154,4.300463676452608,7.694692953919002e-07
359,80853.437,4.3142008781433105,-7.767897614030517e-07,-0.9515955448150635,9.964847033758684e-08,0.1387859731912613,-7.417513359087025e-08,0.0030634894501417875,0.13889712214469974,7.89383212666069e-09,-0.0047790686607186795,trajectory,STRAIGHT,3.650757312774658,4.314200878143282,7.767897614030517e-07
360,80853.531,4.325024127960205,-7.825898933333519e-07,-0.9513514041900635,9.97705842214148e-08,0.1387859731912613,-7.454296024889118e-08,0.003167770802974701,0.13889712214469974,8.600567825531897e-09,-0.004799618200195313,trajectory,STRAIGHT,3.6504781246185303,4.325024127960177,7.825898933333519e-07
361,80853.562,4.330019474029541,-7.85276597525808e-07,-0.9512370228767395,9.982694447549198e-08,0.1387859731912613,-7.471305707440479e-08,0.003176661441102624,0.13889712214469974,7.398312344439477e-09,-0.004828653240339872,trajectory,STRAIGHT,3.6504781246185303,4.330019474029513,7.85276597525808e-07
362,80853.671,4.3408427238464355,-7.911188504294842e-07,-0.9509890675544739,9.994905835933185e-08,0.1387859731912613,-7.508225507990574e-08,0.0031740404665470123,0.13889712214469974,8.109456265269492e-09,-0.004840841328488704,trajectory,STRAIGHT,3.6504781246185303,4.340842723846405,7.911188504294842e-07
363,80853.765,4.353747367858887,-7.981223006936489e-07,-0.9506945013999939,1.0009465568238235e-07,0.1387859731912613,-7.552364422735991e-08,0.0031612019520252943,0.13889712214469974,7.968184158223048e-09,-0.004870454332924955,trajectory,STRAIGHT,3.6498684883117676,4.3537473678588565,7.981223006936489e-07
364,80853.859,4.358742713928223,-8.008443046492175e-07,-0.9505807757377625,1.0015101593646952e-07,0.1387859731912613,-7.56948494995413e-08,0.003155915765091777,0.13889712214469976,8.2991723404441e-09,-0.004875717721081845,trajectory,STRAIGHT,3.649221897125244,4.3587427139281925,8.008443046492175e-07
365,80853.984,4.3799729347229,-8.124815735754964e-07,-0.950099527835846,1.0039054701635938e-07,0.1387859731912613,-7.642462662715843e-08,0.0031348099000751972,0.13889712214469976,8.581499244046561e-09,-0.004916021516763559,trajectory,STRAIGHT,3.648574113845825,4.37997293472287,8.124815735754964e-07
366,80854.078,4.392045021057129,-8.191487381736806e-07,-0.949827253818512,1.0052675096376173e-07,0.1387859731912613,-7.684116098971572e-08,0.003124210052192211,0.13889712214469976,8.037881943049685e-09,-0.004949920918655358,trajectory,STRAIGHT,3.6479289531707764,4.392045021057097,8.191487381736806e-07
367,80854.203,4.407447338104248,-8.277083907159977e-07,-0.9505500793457031,1.0070052841391048e-07,0.13878634572029114,-7.738611174090693e-08,-0.021222027018666267,0.13889709234237738,9.077309875456887e-09,-0.0029660806766271227,trajectory,STRAIGHT,3.6472883224487305,4.407447338104216,8.277083907159977e-07
368,80854.328,4.4207682609558105,-8.35159596590529e-07,-0.9520668983459473,1.0085082242486324e-07,0.1387861669063568,-7.784031907931421e-08,-0.00428074412047863,0.13889710664749214,8.211395241102778e-09,-0.004225756681722269,trajectory,STRAIGHT,3.646649122238159,4.420768260955777,8.35159596590529e-07
369,80854.437,4.43325662612915,-8.421847610406985e-07,-0.9520813822746277,1.0099172306014267e-07,0.1387861669063568,-7.827205195098941e-08,0.0020902876276522875,0.13889710664749214,9.062234501407826e-09,-0.004734715025138721,trajectory,STRAIGHT,3.6472065448760986,4.433256626129117,8.421847610406985e-07
370,80854.531,4.446993827819824,-8.499575301357254e-07,-0.951807975769043,1.011467137589626e-07,0.1387861669063568,-7.875128460455016e-08,0.0031033449340611696,0.13889710664749214,8.323849064532686e-09,-0.0047621837619812755,trajectory,STRAIGHT,3.650885820388794,4.4469938278197905,8.499575301357254e-07
371,80854.625,4.451572895050049,-8.525590260433091e-07,-0.9517042636871338,1.0119837732523882e-07,0.1387861669063568,-7.8911490675182e-08,0.0031720048282295465,0.13889710664749214,8.638632787999748e-09,-0.0047728621576102045,trajectory,STRAIGHT,3.6510934829711914,4.451572895050015,8.525590260433091e-07
372,80854.75,4.474468231201172,-8.656459158373764e-07,-0.9511743783950806,1.0145669515664181e-07,0.1387861669063568,-7.971508608761724e-08,0.003210471710190177,0.13889710664749216,9.018815463537222e-09,-0.004818994690454893,trajectory,STRAIGHT,3.6505346298217773,4.474468231201136,8.656459158373764e-07
373,80854.859,4.487789154052734,-8.733212553124758e-07,-0.9508670568466187,1.0160698916765673e-07,0.1387861669063568,-8.01845132514245e-08,0.003193304408341646,0.13889710664749216,8.430747057508544e-09,-0.004856256951964885,trajectory,STRAIGHT,3.649886131286621,4.487789154052699,8.733212553124758e-07
374,80854.968,4.5006937980651855,-8.807998028714792e-07,-0.9505709409713745,1.0175258649083917e-07,0.1387861669063568,-8.064058221179948e-08,0.0031765392050147057,0.13889710664749216,9.333646189144326e-09,-0.0048697215294609365,trajectory,STRAIGHT,3.64922833442688,4.500693798065148,8.807998028714792e-07
375,80855.062,4.5044403076171875,-8.829789521769271e-07,-0.950485110282898,1.0179485668144272e-07,0.1387861669063568,-8.077323343513854e-08,0.00317195151001215,0.13889710664749216,7.843901564153563e-09,-0.004900145610580311,trajectory,STRAIGHT,3.648575782775879,4.50444030761715,8.829789521769271e-07
376,80855.187,4.528168201446533,-8.968634688244492e-07,-0.9499450325965881,1.020625678886211e-07,0.1387861669063568,-8.161585896004908e-08,0.0031457580626010895,0.13889710664749216,9.518237794903991e-09,-0.004925054019102917,trajectory,STRAIGHT,3.6479270458221436,4.528168201446494,8.968634688244492e-07
377,80855.296,4.541072845458984,-9.044757121046132e-07,-0.9505096673965454,1.0217994240460591e-07,0.13878647983074188,-8.208743196291834e-08,-0.019666602835059166,0.13889708161354136,8.582836572897218e-09,-0.0030993197668010824,trajectory,STRAIGHT,3.6472814083099365,4.541072845458945,9.044757121046132e-07
378,80855.421,4.554393768310547,-9.123790505327634e-07,-0.9521637558937073,1.0231843427964704e-07,0.138786181807518,-8.255673833446053e-08,-0.005799724254757166,0.1388971054553993,9.534877278223476e-09,-0.0041259656283671505,trajectory,STRAIGHT,3.646639823913574,4.554393768310508,9.123790505327634e-07
379,80855.5,4.565217018127441,-9.188335639009892e-07,-0.9522595405578613,1.0216583102063442e-07,0.13878601789474487,-8.294106379480581e-08,0.0014680459862574935,0.13889711856842113,8.540908505677818e-09,-0.004605164222767724,trajectory,STRAIGHT,3.646639823913574,4.5652170181274006,9.188335639009892e-07
380,80855.625,4.571877479553223,-9.228205612998863e-07,-0.952157199382782,1.0186994681987669e-07,0.13878601789474487,-8.317972088889292e-08,0.0026080948300659657,0.13889711856842113,9.052533908233626e-09,-0.004701485189026368,trajectory,STRAIGHT,3.6495485305786133,4.571877479553182,9.228205612998863e-07
381,80855.75,4.595605373382568,-9.371175906380813e-07,-0.9516304731369019,1.0079910209287446e-07,0.13878601789474487,-8.403443274573874e-08,0.0032281677704304457,0.13889711856842113,9.617877544380933e-09,-0.004777715261465798,trajectory,STRAIGHT,3.6514830589294434,4.595605373382526,9.371175906380813e-07
382,80855.875,4.609342575073242,-9.45461749779497e-07,-0.9513107538223267,1.0017913935620213e-07,0.13878601789474487,-8.45314289676935e-08,0.0032223667949438095,0.13889711856842113,8.90882171566728e-09,-0.004816367989930764,trajectory,STRAIGHT,3.651137113571167,4.6093425750731996,9.45461749779497e-07
383,80855.968,4.621414661407471,-9.528352507004456e-07,-0.9510310292243958,9.963432361792231e-08,0.13878601789474487,-8.496938619373395e-08,0.0032057962380349636,0.13889711856842113,9.849171926417877e-09,-0.004829028575274601,trajectory,STRAIGHT,3.6505095958709717,4.621414661407426,9.528352507004456e-07
384,80856.062,4.628491401672363,-9.571753025738872e-07,-0.9508678913116455,9.931494887479622e-08,0.13878601789474487,-8.52266381912159e-08,0.0031958131585270166,0.13889711856842113,8.457038428455063e-09,-0.004862711014398228,trajectory,STRAIGHT,3.649851083755493,4.628491401672319,9.571753025738872e-07
385,80856.187,4.64930534362793,-9.700162308945437e-07,-0.9503903388977051,9.837561139502846e-08,0.13878601789474487,-8.598549783300768e-08,0.0031689682509750128,0.13889711856842113,1.0089438108984135e-08,-0.0048844410424910886,trajectory,STRAIGHT,3.649193525314331,4.6493053436278835,9.700162308945437e-07
386,80856.328,4.664707660675049,-9.795919595489977e-07,-0.9500396847724915,9.768050166001461e-08,0.13878601789474487,-8.65491998069956e-08,0.0031517627649009228,0.13889711856842113,9.186005457203631e-09,-0.004928732809185941,trajectory,STRAIGHT,3.6485402584075928,4.664707660675003,9.795919595489977e-07
387,80856.437,4.680109977722168,-9.892305570247117e-07,-0.9496908783912659,9.69853919250129e-08,0.13878601789474487,-8.711472077038707e-08,0.003136481624096632,0.1388971185684208,9.228745665378012e-09,-0.004960349385005953,trajectory,STRAIGHT,3.6478917598724365,4.68010997772212,9.892305570247117e-07
388,80856.546,4.692598342895508,-9.970920018531615e-07,-0.9501321911811829,9.642178943718259e-08,0.13878628611564636,-8.758583192047809e-08,-0.018481066450476646,0.13889709711074902,9.040348101510995e-09,-0.003224197505090925,trajectory,STRAIGHT,3.647245407104492,4.69259834289546,9.970920018531615e-07
389,80856.671,4.706335544586182,-1.005788249131001e-06,-0.9518192410469055,9.580182670057848e-08,0.13878598809242249,-8.808640927782108e-08,-0.005731735844165087,0.13889712095260692,1.0135960290857017e-08,-0.004159791460309716,trajectory,STRAIGHT,3.6466028690338135,4.706335544586132,1.005788249131001e-06
390,80856.796,4.722570419311523,-1.0161294312638347e-06,-0.9518336653709412,9.506914346642242e-08,0.1387859433889389,-8.868345702239822e-08,0.0024666888639330864,0.1388971245288856,9.411947522986347e-09,-0.004721478557929235,trajectory,STRAIGHT,3.6462087631225586,4.722570419311474,1.0161294312638347e-06
391,80856.89,4.735475063323975,-1.0243993529002182e-06,-0.9515631198883057,9.448675422902596e-08,0.1387859433889389,-8.916251914570239e-08,0.0031394490506500006,0.1388971245288856,9.189239077630676e-09,-0.004788193212182519,trajectory,STRAIGHT,3.6499269008636475,4.735475063323923,1.0243993529002182e-06
392,80856.921,4.738805294036865,-1.0265408718623803e-06,-0.9514872431755066,9.433646023227987e-08,0.1387859433889389,-8.92864306933916e-08,0.003180464031174779,0.1388971245288856,9.457886870475273e-09,-0.004795268246264455,trajectory,STRAIGHT,3.6499269008636475,4.738805294036814,1.0265408718623803e-06
393,80857.0,4.7479634284973145,-1.0324451977794524e-06,-0.9512755870819092,9.392315174123105e-08,0.1387859433889389,-8.962766173681302e-08,0.003219116944819689,0.1388971245288856,8.930809522654132e-09,-0.004824156189613074,trajectory,STRAIGHT,3.6507694721221924,4.747963428497263,1.0324451977794524e-06
394,80857.109,4.760868072509766,-1.0408031130282325e-06,-0.9509762525558472,9.334076250385135e-08,0.1387859433889389,-9.010960866362439e-08,0.003214102704077959,0.1388971245288856,9.976849101538538e-09,-0.004838721776656836,trajectory,STRAIGHT,3.6502864360809326,4.760868072509712,1.0408031130282325e-06
395,80857.234,4.775854110717773,-1.0505654017833876e-06,-0.9506301283836365,9.266443951851791e-08,0.1387859433889389,-9.067090189773808e-08,0.0031944059301167727,0.1388971245288856,9.465242341557437e-09,-0.0048768920643265145,trajectory,STRAIGHT,3.6496450901031494,4.77585411071772,1.0505654017833876e-06
396,80857.375,4.793337821960449,-1.0620316288623144e-06,-0.9502289891242981,9.18753960356434e-08,0.1387859433889389,-9.132792655464073e-08,0.0031718669924885035,0.13889712452888558,9.712474551053786e-09,-0.004910345730364107,trajectory,STRAIGHT,3.648988723754883,4.793337821960394,1.0620316288623144e-06
397,80857.468,4.805409908294678,-1.0699970971472794e-06,-0.9499537944793701,9.133058029747727e-08,0.1387859433889389,-9.178296522804885e-08,0.003157982137054205,0.13889712452888558,9.317952745335224e-09,-0.004940610444054266,trajectory,STRAIGHT,3.648334264755249,4.805409908294621,1.0699970971472794e-06
398,80857.562,4.813735485076904,-1.0755136372608831e-06,-0.9499202966690063,9.095484530564291e-08,0.13878607749938965,-9.210366158640682e-08,-0.008546875789761543,0.13889711380004954,1.0003936765867555e-08,-0.004005896700427195,trajectory,STRAIGHT,3.6476821899414062,4.8137354850768475,1.0755136372608831e-06
399,80857.687,4.83121919631958,-1.087161535906489e-06,-0.9526289701461792,9.016580182280231e-08,0.13878625631332397,-9.27757284330255e-08,-0.02715337835252285,0.13889709949493478,9.824497698388102e-09,-0.0023954988501065006,trajectory,STRAIGHT,3.647035837173462,4.8312191963195215,1.087161535906489e-06
400,80857.796,4.844123840332031,-1.0958121947624022e-06,-0.954628586769104,8.958341258547762e-08,0.13878598809242249,-9.325566452389467e-08,-0.008046472445130348,0.13889712095260692,9.49399597070828e-09,-0.0037051208561340804,trajectory,STRAIGHT,3.6469459533691406,4.844123840331973,1.0958121947624022e-06
401,80857.89,4.857444763183594,-1.1047890211557387e-06,-0.9547784328460693,8.898223659857074e-08,0.1387859433889389,-9.375770559927332e-08,0.0018499285215511918,0.13889712452888558,1.0603041146947725e-08,-0.004489340629620336,trajectory,STRAIGHT,3.651370048522949,4.857444763183533,1.1047890211557387e-06
402,80857.921,4.862023830413818,-1.1078859643021133e-06,-0.9547030329704285,8.877558235307361e-08,0.1387859433889389,-9.393201594320999e-08,0.002627050504088402,0.1388971245288851,8.871236186385508e-09,-0.004460888124448205,trajectory,STRAIGHT,3.6560721397399902,4.862023830413758,1.1078859643021133e-06
403,80858.0,4.869516849517822,-1.1129660606457037e-06,-0.9545444250106812,8.843742086044425e-08,0.1387859433889389,-9.421798807807136e-08,0.003150790464133024,0.1388971245288851,9.498296657835271e-09,-0.00451071771923914,trajectory,STRAIGHT,3.6560721397399902,4.869516849517762,1.1129660606457037e-06
404,80858.093,4.882421493530273,-1.121751438404317e-06,-0.9542393088340759,8.785503162314484e-08,0.1387859433889389,-9.47118863336982e-08,0.0033418687526136637,0.1388971245288851,1.058078974816389e-08,-0.004541259791147853,trajectory,STRAIGHT,3.6564764976501465,4.882421493530211,1.121751438404317e-06
405,80858.187,4.886168003082275,-1.1243106428082683e-06,-0.954149067401886,8.768595087683372e-08,0.1387859433889389,-9.485554386401418e-08,0.0033482934813946486,0.1388971245288851,8.867689842552837e-09,-0.004569961121676686,trajectory,STRAIGHT,3.6559128761291504,4.886168003082213,1.1243106428082683e-06
406,80858.328,4.908230781555176,-1.1394603234293754e-06,-0.9536187052726746,8.669025314857163e-08,0.1387859433889389,-9.570374714940044e-08,0.0033138461876660585,0.1388971245288851,1.0729918578429565e-08,-0.004593723444638971,trajectory,STRAIGHT,3.6552376747131348,4.908230781555112,1.1394603234293754e-06
407,80858.453,4.926130771636963,-1.1518509381858166e-06,-0.9531937837600708,8.588242291622635e-08,0.1387859433889389,-9.639466469479885e-08,0.003275480819866061,0.13889712452888558,1.013868897309909e-08,-0.004639153692921753,trajectory,STRAIGHT,3.654554843902588,4.926130771636897,1.1518509381858166e-06
408,80858.562,4.939451694488525,-1.1611297168201418e-06,-0.9528804421424866,8.528124692937539e-08,0.1387859433889389,-9.691043345583239e-08,0.003249692264944315,0.13889712452888558,9.801299694365483e-09,-0.004671417841482081,trajectory,STRAIGHT,3.653879404067993,4.939451694488458,1.1611297168201418e-06
409,80858.671,4.951940059661865,-1.1698738262566621e-06,-0.9525889158248901,8.471764444171088e-08,0.1387859433889389,-9.739520834273208e-08,0.0032277677673846483,0.13889712452888558,1.0869642987015805e-08,-0.004684240197557129,trajectory,STRAIGHT,3.6532082557678223,4.951940059661798,1.1698738262566621e-06
410,80858.796,4.966509819030762,-1.1801300843217177e-06,-0.9522513151168823,8.406010820611235e-08,0.1387859433889389,-9.796228539471485e-08,0.0032048975117504597,0.13889712452888558,9.98414473005218e-09,-0.0047258529947842125,trajectory,STRAIGHT,3.652543544769287,4.966509819030692,1.1801300843217177e-06
411,80858.89,4.978998184204102,-1.1889686675203848e-06,-0.9519636034965515,8.349650571846514e-08,0.1387859433889389,-9.844966086802742e-08,0.0031872945837676525,0.13889712452888558,1.1060548058461579e-08,-0.004738830341562129,trajectory,STRAIGHT,3.6518850326538086,4.9789981842040305,1.1889686675203848e-06
412,80858.984,4.98482608795166,-1.193108346342342e-06,-0.9518300890922546,8.323349122423249e-08,0.1387859433889389,-9.867751060710361e-08,0.0031796772964298725,0.13889712452888558,9.30710894581883e-09,-0.0047723568633064204,trajectory,STRAIGHT,3.6512300968170166,4.984826087951589,1.193108346342342e-06
413,80859.125,5.002726078033447,-1.2058832226102822e-06,-0.951421320438385,8.242566099195738e-08,0.1387859433889389,-9.937896550127334e-08,0.003158467821776867,0.13889712452888558,1.085959780464346e-08,-0.004791098538027662,trajectory,STRAIGHT,3.6505799293518066,5.002726078033374,1.2058832226102822e-06
414,80859.265,5.023123741149902,-1.2205512120999629e-06,-0.9509586095809937,8.150511026217553e-08,0.1387859433889389,-1.0018130325306629e-07,0.0031376155093312263,0.13889712452888556,1.0644550749831729e-08,-0.004836379903978079,trajectory,STRAIGHT,3.6505799293518066,5.023123741149828,1.2205512120999629e-06
415,80859.359,5.034363269805908,-1.2286840274100541e-06,-0.9507046341896057,8.099786802332524e-08,0.1387859433889389,-1.0062476007988153e-07,0.0031274519860744476,0.13889712452888556,9.904333589245796e-09,-0.004868585238279337,trajectory,STRAIGHT,3.6492884159088135,5.034363269805832,1.2286840274100541e-06
416,80859.406,5.0410237312316895,-1.2335203791735694e-06,-0.9505549073219299,8.069728002993553e-08,0.1387859433889389,-1.0088800905805329e-07,0.0031218600925058126,0.13889712452888553,1.0489160357475269e-08,-0.004875624230177636,trajectory,STRAIGHT,3.648648262023926,5.041023731231613,1.2335203791735694e-06
417,80859.5,5.051846981048584,-1.2414064940458047e-06,-0.9503116011619568,8.020882454068208e-08,0.1387859433889389,-1.0131651606570813e-07,0.0031133329030126333,0.13889712452888556,9.920138926517465e-09,-0.004904835685362666,trajectory,STRAIGHT,3.648648262023926,5.051846981048506,1.2414064940458047e-06
418,80859.609,5.0651679039001465,-1.2511584372987272e-06,-0.950013279914856,7.960764855391685e-08,0.1387859433889389,-1.0184514565025893e-07,0.0031038038432598114,0.13889712452888556,1.1096460501822256e-08,-0.004918989422937481,trajectory,STRAIGHT,3.648010015487671,5.065167903900068,1.2511584372987272e-06
419,80859.703,5.076407432556152,-1.259426198885194e-06,-0.949762225151062,7.910040631509074e-08,0.1387859433889389,-1.0229224045588126e-07,0.0030966135673224926,0.13889712452888556,1.0028026708378723e-08,-0.004954752154637069,trajectory,STRAIGHT,3.647374153137207,5.076407432556072,1.259426198885194e-06
420,80859.796,5.087230682373047,-1.2674222489295062e-06,-0.9500012993812561,7.861195082585689e-08,0.1387861967086792,-1.0273424067008818e-07,-0.015637723729014397,0.13889710426330634,1.099095028880777e-08,-0.0034440514594204132,trajectory,STRAIGHT,3.647374153137207,5.087230682372965,1.2674222489295062e-06
421,80859.937,5.104714393615723,-1.280410856452363e-06,-0.9515844583511353,7.782290734326104e-08,0.1387862116098404,-1.0342503742322151e-07,-0.0013723209267482162,0.13889710307121345,1.0651891137339262e-08,-0.0045066518524548285,trajectory,STRAIGHT,3.646740436553955,5.104714393615639,1.280410856452363e-06
422,80860.031,5.115121364593506,-1.2881833981737145e-06,-0.9515178799629211,7.735323860362808e-08,0.1387862116098404,-1.0384009385688842e-07,0.0022433684207499027,0.1388971030712134,1.0070774880891965e-08,-0.004729712522378059,trajectory,STRAIGHT,3.6463541984558105,5.115121364593422,1.2881833981737145e-06
423,80860.125,5.126777172088623,-1.2969256886208314e-06,-0.9512866735458374,7.682720961524574e-08,0.1387862116098404,-1.0430779440184779e-07,0.0030397181399166584,0.1388971030712134,1.1118183302123743e-08,-0.004804980820765586,trajectory,STRAIGHT,3.6496450901031494,5.126777172088538,1.2969256886208314e-06
424,80860.25,5.141763210296631,-1.3082237728667678e-06,-0.9509481191635132,7.615088663019296e-08,0.1387862116098404,-1.0491115887134583e-07,0.00317518156953156,0.13889710307121336,1.0549948887758727e-08,-0.004845822640449044,trajectory,STRAIGHT,3.650038003921509,5.141763210296544,1.3082237728667678e-06
425,80860.359,5.155084133148193,-1.3183212104195263e-06,-0.9506429433822632,7.554971064348902e-08,0.1387862116098404,-1.0544898998432473e-07,0.0031741412822157145,0.13889710307121333,1.1755900197790171e-08,-0.004860998206526277,trajectory,STRAIGHT,3.649510145187378,5.1550841331481045,1.3183212104195263e-06
426,80860.453,5.168821334838867,-1.3287883575685555e-06,-0.9503294229507446,7.49297479072101e-08,0.1387862116098404,-1.060050749401853e-07,0.0031602145172655582,0.1388971030712133,1.0523986757622629e-08,-0.004903829078687509,trajectory,STRAIGHT,3.6488723754882812,5.168821334838777,1.3287883575685555e-06
427,80860.546,5.171319007873535,-1.3306973869475769e-06,-0.9502725601196289,7.481702740970589e-08,0.1387862116098404,-1.0610634149088582e-07,0.0031575532630085945,0.1388971030712133,1.0751543546034316e-08,-0.004906459319902737,trajectory,STRAIGHT,3.6482250690460205,5.171319007873445,1.3306973869475769e-06
428,80860.671,5.195463180541992,-1.349245621895534e-06,-0.9497252106666565,7.37273959338482e-08,0.1387862116098404,-1.070876720632441e-07,0.0031335544772446156,0.1388971030712133,1.1527396783104687e-08,-0.004948172029961483,trajectory,STRAIGHT,3.6475768089294434,5.1954631805419,1.349245621895534e-06
429,80860.765,5.206286430358887,-1.3576161563833011e-06,-0.9501404166221619,7.315443554796414e-08,0.13878655433654785,-1.0754110491006941e-07,-0.017827777191996574,0.1388970756530767,1.038904291681656e-08,-0.0032745416941587,trajectory,STRAIGHT,3.6469337940216064,5.206286430358793,1.3576161563833011e-06
430,80860.796,5.21044921875,-1.3608449762614327e-06,-0.9507585763931274,7.287970417806659e-08,0.13878658413887024,-1.077138023219959e-07,-0.02252313308417797,0.13889707326889092,1.078020461674178e-08,-0.002868005234235909,trajectory,STRAIGHT,3.646294116973877,5.210449218749906,1.3608449762614327e-06
431,80860.89,5.2212724685668945,-1.3692637139683939e-06,-0.9516273140907288,7.196389986199331e-08,0.1387862116098404,-1.0814495965405513e-07,-0.002701632911339402,0.1388971030712133,1.0461947063989535e-08,-0.004364908778876286,trajectory,STRAIGHT,3.646294116973877,5.221272468566799,1.3692637139683939e-06
432,80861.0,5.234593391418457,-1.3796718576486455e-06,-0.9515637159347534,7.040236852523283e-08,0.1387862116098404,-1.0868797062357771e-07,0.002430655062198639,0.13889710307121328,1.1777110289363154e-08,-0.004778671724558097,trajectory,STRAIGHT,3.648700714111328,5.234593391418359,1.3796718576486455e-06
433,80861.109,5.248330593109131,-1.3904600564274006e-06,-0.951276957988739,6.877508356435188e-08,0.1387862116098404,-1.0925202786893351e-07,0.003131367266178131,0.13889710307121325,1.0839790986983636e-08,-0.004813709418456558,trajectory,STRAIGHT,3.6502456665039062,5.248330593109031,1.3904600564274006e-06
434,80861.203,5.259570121765137,-1.3993284255775507e-06,-0.9510194659233093,6.744366859637017e-08,0.1387862116098404,-1.0971488961786235e-07,0.0032012215815484524,0.13889710307121325,1.195599028854277e-08,-0.004832172366957667,trajectory,STRAIGHT,3.6502456665039062,5.2595701217650355,1.3993284255775507e-06
435,80861.328,5.274139881134033,-1.4108802588452818e-06,-0.95068359375,6.571776030455785e-08,0.1387862116098404,-1.1031638535996535e-07,0.0031973884906619787,0.1388971030712132,1.0978491699193881e-08,-0.004872559713903661,trajectory,STRAIGHT,3.649855613708496,5.27413988113393,1.4108802588452818e-06
436,80861.421,5.28579568862915,-1.4201673366187606e-06,-0.9504154920578003,6.433703367112083e-08,0.1387862116098404,-1.1079875861241817e-07,0.0031833669636398554,0.13889710307121317,1.0719998591167108e-08,-0.004899592684563638,trajectory,STRAIGHT,3.649226665496826,5.285795688629047,1.4201673366187606e-06
437,80861.515,5.296618938446045,-1.428827317795367e-06,-0.9501675367355347,6.305493036865382e-08,0.1387862116098404,-1.1124760135317047e-07,0.0031701093539595604,0.13889710307121314,1.1802630928943723e-08,-0.004910929841902496,trajectory,STRAIGHT,3.648575782775879,5.29661893844594,1.428827317795367e-06
438,80861.64,5.311188697814941,-1.4405403589989874e-06,-0.9498357176780701,6.132902207688687e-08,0.1387862116098404,-1.1185321824314087e-07,0.003153734840452671,0.13889710307121308,1.1062437129251928e-08,-0.004948873142106556,trajectory,STRAIGHT,3.6479220390319824,5.311188697814835,1.4405403589989874e-06
439,80861.75,5.324509620666504,-1.451305479349685e-06,-0.9501928091049194,5.981210566614398e-08,0.1387864351272583,-1.1242069319905568e-07,-0.01781168021261692,0.13889708518981964,1.0965623090414078e-08,-0.003268356984782096,trajectory,STRAIGHT,3.647273540496826,5.3245096206663955,1.451305479349685e-06
440,80861.843,5.338246822357178,-1.462463615098386e-06,-0.9516486525535583,5.854645144295365e-08,0.13878609240055084,-1.1298637048184901e-07,-0.003900618525221944,0.13889711260795623,1.2317942686920986e-08,-0.004308449747341748,trajectory,STRAIGHT,3.646630048751831,5.338246822357068,1.462463615098386e-06
441,80861.875,5.34199333190918,-1.4655164477517246e-06,-0.9517087936401367,5.8220063642718924e-08,0.13878600299358368,-1.1314132564166357e-07,-0.0008410938316956162,0.13889711976051383,1.0057450693306362e-08,-0.004470590811641236,trajectory,STRAIGHT,3.647306203842163,5.341993331909068,1.4655164477517246e-06
442,80861.968,5.35156774520874,-1.47333719269227e-06,-0.9516344666481018,5.729020124070902e-08,0.13878600299358368,-1.1354058671031453e-07,0.002276554936543107,0.13889711976051383,1.1008631794797485e-08,-0.004723719062702079,trajectory,STRAIGHT,3.647306203842163,5.351567745208628,1.47333719269227e-06
443,80862.046,5.362390995025635,-1.4822111324974685e-06,-0.9514183402061462,5.625232568738893e-08,0.13878600299358368,-1.139944103556445e-07,0.003057528520002961,0.13889711976051383,1.2084096565655799e-08,-0.004797003271476646,trajectory,STRAIGHT,3.650240421295166,5.362390995025521,1.4822111324974685e-06
444,80862.156,5.374463081359863,-1.4921507727194694e-06,-0.9511438608169556,5.50946952625436e-08,0.13878600299358368,-1.1450207892949038e-07,0.0032042956445366144,0.13889711976051383,1.0948113974151598e-08,-0.004832582627958388,trajectory,STRAIGHT,3.650146722793579,5.374463081359748,1.4921507727194694e-06
445,80862.281,5.389865398406982,-1.504896886217466e-06,-0.950786828994751,5.3617718513620934e-08,0.13878600299358368,-1.1515151498997511e-07,0.003209595801308751,0.1388971197605138,1.2486779878628851e-08,-0.0048508582316103875,trajectory,STRAIGHT,3.6495513916015625,5.389865398406865,1.504896886217466e-06
446,80862.39,5.403186321258545,-1.5159786244112183e-06,-0.9504796266555786,5.2340333217271556e-08,0.13878600299358368,-1.1571466274062914e-07,0.0031931346748024225,0.1388971197605138,1.1143935973747823e-08,-0.00489263386288583,trajectory,STRAIGHT,3.6495513916015625,5.403186321258426,1.5159786244112183e-06
447,80862.5,5.415674686431885,-1.526417008790304e-06,-0.9501930475234985,5.114278450195766e-08,0.13878600299358368,-1.1624384654851383e-07,0.0031769785564392805,0.13889711976051378,1.1094802221644345e-08,-0.004919160921098586,trajectory,STRAIGHT,3.6488993167877197,5.415674686431764,1.526417008790304e-06
448,80862.578,5.426497936248779,-1.535502292426827e-06,-0.9499456882476807,5.010490894869629e-08,0.13878600299358368,-1.1670343980085818e-07,0.0031640564557164907,0.13889711976051378,1.218529585060806e-08,-0.004930495116831656,trajectory,STRAIGHT,3.6482441425323486,5.426497936248657,1.535502292426827e-06
449,80862.687,5.438570022583008,-1.545678287584451e-06,-0.9502684473991394,4.8947278523916464e-08,0.13878627121448517,-1.1722930537416687e-07,-0.01710480824112892,0.13889709830284133,1.1114253387184793e-08,-0.0033162955416941786,trajectory,STRAIGHT,3.647592782974243,5.4385700225828835,1.545678287584451e-06
450,80862.781,5.450642108917236,-1.5558998711640015e-06,-0.9516990780830383,4.7789648099148965e-08,0.13878601789474487,-1.1773767738532115e-07,-0.0064839511178433895,0.13889711856842055,1.2336285097546642e-08,-0.004094432577362075,trajectory,STRAIGHT,3.6469438076019287,5.45064210891711,1.5558998711640015e-06
451,80862.796,5.453972339630127,-1.5587272628181381e-06,-0.9518052339553833,4.747030177507735e-08,0.1387859731912613,-1.1787758324999231e-07,-0.002678271383047104,0.13889712214469918,1.0287746125875322e-08,-0.004316580187414539,trajectory,STRAIGHT,3.647261142730713,5.453972339629999,1.5587272628181381e-06
452,80862.875,5.4635467529296875,-1.5668749711039709e-06,-0.951798141002655,4.655218109337666e-08,0.1387859731912613,-1.1828414869796688e-07,0.0018408448668196797,0.13889712214469918,1.1260925703490448e-08,-0.004678464135040296,trajectory,STRAIGHT,3.647261142730713,5.46354675292956,1.5668749711039709e-06
453,80862.968,5.474370002746582,-1.5761193026264664e-06,-0.9515985250473022,4.551430554015914e-08,0.1387859731912613,-1.1874698913061366e-07,0.0029794119764119387,0.13889712214469918,1.2362572168633125e-08,-0.004779530301575316,trajectory,STRAIGHT,3.6504197120666504,5.474370002746452,1.5761193026264664e-06
454,80863.093,5.48935604095459,-1.5889788755885093e-06,-0.9512593746185303,4.407724708187432e-08,0.1387859731912613,-1.1939016530959634e-07,0.0032124740537256002,0.13889712214469915,1.1536314988235746e-08,-0.004819548510415218,trajectory,STRAIGHT,3.6504406929016113,5.489356040954457,1.5889788755885093e-06
455,80863.203,5.501428127288818,-1.5993887245713267e-06,-0.9509793519973755,4.29196166571587e-08,0.1387859731912613,-1.1990962889285584e-07,0.0032185197342187166,0.13889712214469913,1.1277862445294304e-08,-0.004848926866582361,trajectory,STRAIGHT,3.6498594284057617,5.501428127288683,1.5993887245713267e-06
456,80863.312,5.515165328979492,-1.6112893490571878e-06,-0.9506614208221436,4.1602313070428336e-08,0.1387859731912613,-1.2050212205849675e-07,0.003202005522325635,0.13889712214469913,1.2687988521264865e-08,-0.004863502288392512,trajectory,STRAIGHT,3.6498594284057617,5.515165328979355,1.6112893490571878e-06
457,80863.406,5.526821136474609,-1.6214329434660613e-06,-0.95039302110672,4.04846009362454e-08,0.1387859731912613,-1.2100595370156952e-07,0.003186257090419531,0.1388971221446995,1.1303290601149975e-08,-0.004901921151976968,trajectory,STRAIGHT,3.6492068767547607,5.526821136474471,1.6214329434660613e-06
458,80863.437,5.530983924865723,-1.6250658063654555e-06,-0.9502976536750793,4.008541803118285e-08,0.1387859731912613,-1.2118614733935829e-07,0.003180858213454485,0.1388971221446995,1.1732700024955558e-08,-0.004906257613401795,trajectory,STRAIGHT,3.6485495567321777,5.530983924865582,1.6250658063654555e-06
459,80863.515,5.5397257804870605,-1.6327126104442868e-06,-0.950097382068634,3.924713393055627e-08,0.1387859731912613,-1.2156499451521086e-07,0.0031700606923550367,0.1388971221446995,1.1043773791201452e-08,-0.004931381989891771,trajectory,STRAIGHT,3.6485495567321777,5.53972578048692,1.6327126104442868e-06
460,80863.625,5.5522141456604,-1.6436781606898876e-06,-0.9498129487037659,3.8049585215386665e-08,0.1387859731912613,-1.221072238877241e-07,0.0031558864284306765,0.13889712214469946,1.233663663165888e-08,-0.004944469717021231,trajectory,STRAIGHT,3.6478970050811768,5.552214145660258,1.6436781606898876e-06
461,80863.656,5.557209491729736,-1.6480779549965519e-06,-0.9497012495994568,3.757056572932251e-08,0.13878598809242249,-1.2232517576649116e-07,0.0019555171020329,0.13889712095260656,1.0709804685410865e-08,-0.004875310629936471,trajectory,STRAIGHT,3.647247314453125,5.557209491729592,1.6480779549965519e-06
462,80863.75,5.5676164627075195,-1.6572702179473708e-06,-0.9506059885025024,3.6572608466695646e-08,0.13878636062145233,-1.2279282657345902e-07,-0.021644828841090202,0.13889709115028417,1.1792722155780684e-08,-0.0029420460093343404,trajectory,STRAIGHT,3.647247314453125,5.567616462707374,1.6572702179473708e-06
463,80863.875,5.581769943237305,-1.6698265881132102e-06,-0.9524417519569397,3.521538658953781e-08,0.13878613710403442,-1.2340048272108106e-07,-0.005540391430258751,0.1388971090316776,1.1704232448541613e-08,-0.004103787002103998,trajectory,STRAIGHT,3.6466026306152344,5.581769943237157,1.6698265881132102e-06
464,80863.968,5.594674587249756,-1.6813290812933701e-06,-0.9524993896484375,3.397791958390868e-08,0.13878613710403442,-1.2396024828831287e-07,0.0020160311833024025,0.1388971090316776,1.3051366100393028e-08,-0.004705418926613999,trajectory,STRAIGHT,3.6474058628082275,5.594674587249605,1.6813290812933701e-06
465,80864.0,5.600918769836426,-1.6869134924490936e-06,-0.9523884057998657,3.337914522635125e-08,0.13878613710403442,-1.242333382833749e-07,0.0027973500546067953,0.13889710903167757,1.0948433171800138e-08,-0.0046903261479206,trajectory,STRAIGHT,3.651536703109741,5.600918769836275,1.6869134924490936e-06
466,80864.093,5.609244346618652,-1.6943786249612458e-06,-0.9522078037261963,3.2580779416279806e-08,0.13878613710403442,-1.2459835829758958e-07,0.0031495133880525827,0.13889710903167757,1.1821747300494214e-08,-0.0047275293182797344,trajectory,STRAIGHT,3.651536703109741,5.6092443466185,1.6943786249612458e-06
467,80864.218,5.6258955001831055,-1.709374714664591e-06,-0.9518203139305115,3.098404779615452e-08,0.13878613710403442,-1.2533035942396964e-07,0.0032544194255024195,0.13889710903167757,1.2081315404492802e-08,-0.004768101097337158,trajectory,STRAIGHT,3.651952028274536,5.625895500182949,1.709374714664591e-06
468,80864.343,5.639632701873779,-1.7218126231455244e-06,-0.9514985680580139,2.9666744209568804e-08,0.13878613710403442,-1.2593592657594854e-07,0.0032400782220065594,0.13889710903167754,1.1820535764043021e-08,-0.004800057457235201,trajectory,STRAIGHT,3.651409864425659,5.639632701873621,1.7218126231455244e-06
469,80864.453,5.6537861824035645,-1.734690272314765e-06,-0.9511691927909851,2.830952233249719e-08,0.13878613710403442,-1.2656134629196458e-07,0.003217927413061261,0.13889710903167754,1.3317190743682196e-08,-0.004814754155871018,trajectory,STRAIGHT,3.6507551670074463,5.653786182403403,1.734690272314765e-06
470,80864.562,5.666274547576904,-1.746105795064068e-06,-0.9508804082870483,2.7111973617448078e-08,0.13878613710403442,-1.2711446117918968e-07,0.003199273021891713,0.1388971090316775,1.1765343750491444e-08,-0.004856294591461172,trajectory,STRAIGHT,3.6500911712646484,5.666274547576741,1.746105795064068e-06
471,80864.671,5.6791791915893555,-1.7579542372914148e-06,-0.9505836963653564,2.5874506611911182e-08,0.13878613710403442,-1.2768725810019532e-07,0.003181685693562031,0.1388971090316775,1.3137863701917834e-08,-0.004869723201279392,trajectory,STRAIGHT,3.649430990219116,5.67917919158919,1.7579542372914148e-06
472,80864.765,5.692500114440918,-1.7702410559650161e-06,-0.9502789378166199,2.4597121315887872e-08,0.13878613710403442,-1.2827987916352868e-07,0.0031654031481593847,0.1388971090316775,1.1924675521691655e-08,-0.004909370220108869,trajectory,STRAIGHT,3.648775815963745,5.692500114440749,1.7702410559650161e-06
473,80864.781,5.694581508636475,-1.7721658878144808e-06,-0.9502315521240234,2.4397529863385587e-08,0.13878613710403442,-1.2837260499054537e-07,0.0031630212906748056,0.13889710903167748,1.2147132089384643e-08,-0.004911548956139925,trajectory,STRAIGHT,3.6481237411499023,5.694581508636306,1.7721658878144808e-06
474,80864.875,5.704988479614258,-1.7818115338741336e-06,-0.9499946236610413,2.3399572600879648e-08,0.13878613710403442,-1.28836674662125e-07,0.0031516151502728462,0.13889710903167748,1.1655449075773794e-08,-0.0049379470735609375,trajectory,STRAIGHT,3.6481237411499023,5.704988479614087,1.7818115338741336e-06
475,80864.953,5.715395450592041,-1.7914926502271555e-06,-0.9502390027046204,2.2378131853257563e-08,0.1387864351272583,-1.2931344883782003e-07,-0.01558690145611763,0.13889708518981955,1.2774732154630369e-08,-0.0034266467928707445,trajectory,STRAIGHT,3.6474766731262207,5.715395450591869,1.7914926502271555e-06
476,80865.046,5.7262187004089355,-1.80159827323223e-06,-0.9514894485473633,2.129328914403532e-08,0.13878628611564636,-1.2979262464796193e-07,-0.007337496615946293,0.13889709711074852,1.1761920123608491e-08,-0.004023749700542436,trajectory,STRAIGHT,3.64683198928833,5.72621870040876,1.80159827323223e-06
477,80865.156,5.737874507904053,-1.8124291045751306e-06,-0.9516391754150391,2.0243650944771523e-08,0.1387861967086792,-1.2672627747178922e-07,0.0013771130470559,0.13889710426330587,1.2715464688138231e-08,-0.004713432130198822,trajectory,STRAIGHT,3.64683198928833,5.737874507903875,1.8124291045751306e-06
478,80865.265,5.74953031539917,-1.8226604652227252e-06,-0.9514409303665161,1.94123788368188e-08,0.1387861967086792,-1.158020808134097e-07,0.0029142634011805058,0.13889710426330584,1.0608590053928407e-08,-0.004784828736331349,trajectory,STRAIGHT,3.648902654647827,5.7495303153989905,1.8226604652227252e-06
479,80865.359,5.763267517089844,-1.833371584325505e-06,-0.951134443283081,1.863748404960483e-08,0.1387861967086792,-1.005776226747912e-07,0.003184292698279023,0.13889710426330582,1.0555330701101696e-08,-0.004821755434270983,trajectory,STRAIGHT,3.6502368450164795,5.763267517089663,1.833371584325505e-06
480,80865.468,5.776588439941406,-1.8423186247673584e-06,-0.9508274793624878,1.7886070922606145e-08,0.1387861967086792,-8.581208277291807e-08,0.00320143299177289,0.1388971042633058,8.057225056399242e-09,-0.004860639837336089,trajectory,STRAIGHT,3.6498188972473145,5.7765884399412215,1.8423186247673584e-06
481,80865.562,5.788660526275635,-1.8492023627914023e-06,-0.9505491852760315,1.7205102776260764e-08,0.1387861967086792,-7.24315896150074e-08,0.0031893313862383366,0.13889710426330576,7.755558538672676e-09,-0.004873586413216139,trajectory,STRAIGHT,3.6491894721984863,5.78866052627545,1.8492023627914023e-06
482,80865.656,5.795737266540527,-1.8526964140619384e-06,-0.9503870010375977,1.6805914552539812e-08,0.1387861967086792,-6.458835599687518e-08,0.0031806104816496372,0.13889710426330576,5.754879855432676e-09,-0.004906699177798555,trajectory,STRAIGHT,3.648536205291748,5.795737266540341,1.8526964140619384e-06
483,80865.75,5.8098907470703125,-1.858484552030859e-06,-0.9500634074211121,1.6007538105095138e-08,0.1387861967086792,-4.890306115612475e-08,0.00316373142413795,0.13889710426330573,5.17193466696937e-09,-0.004921528534021899,trajectory,STRAIGHT,3.648536205291748,5.809890747070124,1.858484552030859e-06
484,80865.843,5.81530237197876,-1.860274892351299e-06,-0.9499402046203613,1.5702276522247666e-08,0.1387861967086792,-4.2906165731437795e-08,0.0031576945912092924,0.1388971042633057,3.824891670973745e-09,-0.004948538346223086,trajectory,STRAIGHT,3.647883653640747,5.8153023719785715,1.860274892351299e-06
485,80865.984,5.836948871612549,-1.8650785023055505e-06,-0.9506669044494629,1.4448355164992185e-08,0.13878639042377472,-1.8525700085092467e-08,-0.022072721272706985,0.13889708876609805,2.496882672508119e-09,-0.002893770085654706,trajectory,STRAIGHT,3.6472363471984863,5.836948871612359,1.8650785023055505e-06
486,80866.078,5.849437236785889,-1.8661277181308833e-06,-0.9523797035217285,1.3760343211195551e-08,0.13878612220287323,-4.920754470560951e-09,-0.007346533704549074,0.13889711022377013,7.373471286080254e-10,-0.00395972295769906,trajectory,STRAIGHT,3.6465916633605957,5.849437236785699,1.8661277181308833e-06
487,80866.171,5.856930255889893,-1.866172738118621e-06,-0.9525478482246399,1.3290714416666893e-08,0.1387859433889389,3.267918824434446e-09,-0.00018779590027406812,0.1388971245288849,1.3787598448324088e-10,-0.004524014746895492,trajectory,STRAIGHT,3.647397041320801,5.8569302558897025,1.866172738118621e-06
488,80866.296,5.876079082489014,-1.864263140305411e-06,-0.9522510170936584,1.1886527369975876e-08,0.1387859433889389,2.4427833977824776e-08,0.003096194937825203,0.13889712452888486,-1.8500318565577045e-09,-0.004718975147007133,trajectory,STRAIGHT,3.65152907371521,5.876079082488824,1.866172738118621e-06
489,80866.39,5.887734889984131,-1.8616690340422792e-06,-0.9519827961921692,1.103180481982541e-08,0.1387859433889389,3.733542186523664e-08,0.0032421168871223927,0.13889712452888486,-3.0548453709454247e-09,-0.004744059948025371,trajectory,STRAIGHT,3.651944637298584,5.887734889983941,1.866172738118621e-06
490,80866.5,5.898558139801025,-1.8582895791041665e-06,-0.9517289996147156,1.023813388040627e-08,0.1387859433889389,4.9322089523684554e-08,0.0032502892427146435,0.13889712452888484,-4.079591848168711e-09,-0.004782217458131189,trajectory,STRAIGHT,3.6514039039611816,5.898558139800835,1.866172738118621e-06
491,80866.593,5.913544178009033,-1.8520665889809607e-06,-0.9513789415359497,9.139204887374386e-09,0.1387859433889389,6.591799461830306e-08,0.0032302432227879763,0.13889712452888484,-5.9193649914557765e-09,-0.0047981166804753495,trajectory,STRAIGHT,3.6507503986358643,5.913544178008845,1.866172738118621e-06
492,80866.687,5.9189558029174805,-1.8493788047635462e-06,-0.9512532353401184,8.742369417671281e-09,0.1387859433889389,7.191054862687452e-08,0.003221801482141018,0.13889712452888484,-5.880142283544235e-09,-0.004830244535805557,trajectory,STRAIGHT,3.650085926055908,5.918955802917292,1.866172738118621e-06
493,80866.796,5.93768835067749,-1.8382704638497671e-06,-0.9508201479911804,7.368708176403002e-09,0.1387859433889389,9.265220768384097e-08,0.0031940031331032515,0.13889712452888484,-8.51513447120843e-09,-0.004849675035329436,trajectory,STRAIGHT,3.650085926055908,5.937688350677304,1.866172738118621e-06
494,80866.89,5.948927879333496,-1.8302615671927924e-06,-0.9505621194839478,6.544511431650746e-09,0.1387859433889389,1.0509586445550667e-07,0.003179047256708145,0.13889712452888484,-9.046120529840343e-09,-0.004885919045945179,trajectory,STRAIGHT,3.6494264602661133,5.948927879333311,1.866172738118621e-06
495,80866.937,5.954339504241943,-1.8260459455632372e-06,-0.9504381418228149,6.147675961957545e-09,0.1387859433889389,1.1108689079719625e-07,0.0031723310239613056,0.13889712452888484,-9.908806400691094e-09,-0.0048915806303820725,trajectory,STRAIGHT,3.6487720012664795,5.954339504241759,1.866172738118621e-06
496,80867.031,5.965162754058838,-1.8169135955758975e-06,-0.9501913189888,5.354005022575689e-09,0.1387859433889389,1.2306826135954907e-07,0.0031597691122442484,0.13889712452888484,-1.0614089189134286e-08,-0.004919692371768236,trajectory,STRAIGHT,3.6487720012664795,5.965162754058655,1.866172738118621e-06
497,80867.14,5.977651119232178,-1.8052151062875055e-06,-0.9499073624610901,4.438230861757997e-09,0.1387859433889389,1.368917565969241e-07,0.003146466100588441,0.13889712452888484,-1.2803856587828263e-08,-0.00493282595722127,trajectory,STRAIGHT,3.6481213569641113,5.9776511192319965,1.866172738118621e-06
498,80867.25,5.992220878601074,-1.789977773114515e-06,-0.950646698474884,3.3698250096122906e-09,0.1387862116098404,1.53398673319316e-07,-0.021201523020863533,0.13889710307121272,-1.3646462023929427e-08,-0.0029713288575387983,trajectory,STRAIGHT,3.647472381591797,5.992220878600897,1.866172738118621e-06
499,80867.359,6.004709243774414,-1.7755562566890148e-06,-0.9521331787109375,2.454044187473926e-09,0.13878589868545532,1.6696962745754718e-07,-0.0052552781999111176,0.13889712810516353,-1.4677832118705725e-08,-0.004140236970851643,trajectory,STRAIGHT,3.64682936668396,6.004709243774238,1.866172738118621e-06
500,80867.453,6.018030166625977,-1.7588265563972527e-06,-0.9521743655204773,1.4772113105352265e-09,0.13878586888313293,1.8159501280479162e-07,0.002107033971697092,0.13889713048934935,-1.743324746456263e-08,-0.00472716260410331,trajectory,STRAIGHT,3.6475067138671875,6.018030166625804,1.866172738118621e-06
501,80867.5,6.020944118499756,-1.7549791664350778e-06,-0.9521254301071167,1.2635291187061095e-09,0.13878586888313293,1.8481290453564725e-07,0.0025199498049914837,0.13889713048934935,-1.513400615465415e-08,-0.004695556135939096,trajectory,STRAIGHT,3.6511173248291016,6.0209441184995836,1.866172738118621e-06
502,80867.578,6.032183647155762,-1.7395058193869772e-06,-0.9518901109695435,4.3932640655348927e-10,0.13878586888313293,1.9723951538708206e-07,0.0031269118189811707,0.13889713048934935,-1.760194685805725e-08,-0.004755879053936932,trajectory,STRAIGHT,3.6511173248291016,6.032183647155593,1.866172738118621e-06
503,80867.687,6.045088291168213,-1.7204984033014625e-06,-0.9515929818153381,-5.069796380509864e-10,0.13878586888313293,2.1151524265405897e-07,0.0032278080470860004,0.13889713048934937,-1.8733613584356625e-08,-0.004791290063766462,trajectory,STRAIGHT,3.6512677669525146,6.045088291168048,1.866172738118621e-06
504,80867.781,6.0496673583984375,-1.7134346990133054e-06,-0.9514861702919006,-8.427659394901374e-10,0.13878586888313293,2.165810570886606e-07,0.0032303619664162397,0.13889713048934937,-1.9816217957742962e-08,-0.004796834953484756,trajectory,STRAIGHT,3.650698661804199,6.049667358398274,1.866172738118621e-06
505,80867.921,6.065069675445557,-1.6884479236978223e-06,-0.951128363609314,-1.9722288979027183e-09,0.13878586888313293,2.3361965872936707e-07,0.0032147506717592478,0.1388971304893494,-2.1100239023632448e-08,-0.004831215176384339,trajectory,STRAIGHT,3.6500470638275146,6.065069675445397,1.866172738118621e-06
506,80868.015,6.085467338562012,-1.6524467127965181e-06,-0.9506577849388123,-3.468004240647699e-09,0.13878586888313293,2.5618163590479526e-07,0.0031863015610724688,0.13889713048934943,-2.399065314500447e-08,-0.004868181028986202,trajectory,STRAIGHT,3.6493890285491943,6.085467338561859,1.866172738118621e-06
507,80868.046,6.089213848114014,-1.6454737306048628e-06,-0.9505719542503357,-3.742738265227384e-09,0.13878586888313293,2.603252653443633e-07,0.0031814121175557375,0.13889713048934943,-2.499698126657665e-08,-0.004872081407928692,trajectory,STRAIGHT,3.648735523223877,6.089213848113861,1.866172738118621e-06
508,80868.25,6.113358020782471,-1.5978530427673832e-06,-0.9500208497047424,-5.513234975979424e-09,0.13878586888313293,2.8702623922072235e-07,0.0031531713902950287,0.13889713048934949,-2.762164222857259e-08,-0.004921811732423623,trajectory,STRAIGHT,3.648082733154297,6.113358020782327,1.866172738118621e-06
509,80868.328,6.125013828277588,-1.5732009615021525e-06,-0.9497566223144531,-6.3679575259868625e-09,0.13878586888313293,2.9991471706125594e-07,0.0031413135584443808,0.1388971304893495,-2.645103820658914e-08,-0.004958275873353972,trajectory,STRAIGHT,3.647435426712036,6.125013828277449,1.866172738118621e-06
510,80868.437,6.131258010864258,-1.5595476270391373e-06,-0.9497085213661194,-6.825844606345099e-09,0.1387859731912613,3.0696210728820006e-07,-0.006019669119268656,0.13889712214469926,-2.834425396684282e-08,-0.004227802306553616,trajectory,STRAIGHT,3.646791696548462,6.131258010864121,1.866172738118621e-06
511,80868.562,6.152071952819824,-1.5117399243536056e-06,-0.9529562592506409,-8.352134874191329e-09,0.1387861967086792,3.3031091106749955e-07,-0.027609292417764664,0.13889710426330587,-3.11631310949031e-08,-0.002351961244460251,trajectory,STRAIGHT,3.646791696548462,6.1520719528196945,1.866172738118621e-06
512,80868.671,6.165392875671387,-1.479333036513708e-06,-0.9549330472946167,-9.328960645601161e-09,0.13878589868545532,3.447099743425497e-07,-0.006751490756869316,0.13889712810516383,-3.083580944571737e-08,-0.003779123676597954,trajectory,STRAIGHT,3.646336555480957,6.165392875671262,1.866172738118621e-06
513,80868.781,6.178297519683838,-1.4466195352724753e-06,-0.9550339579582214,-1.0275260611645685e-08,0.13878589868545532,3.5883769555766776e-07,0.0019495018059387803,0.13889712810516386,-3.5167774334659774e-08,-0.004470157548442365,trajectory,STRAIGHT,3.6502485275268555,6.178297519683719,1.866172738118621e-06
514,80868.875,6.189120769500732,-1.4181639471644303e-06,-0.9548238515853882,-1.1068931550902196e-08,0.13878589868545532,3.7078146419844416e-07,0.003128178184852004,0.13889712810516391,-3.2563585962914965e-08,-0.004483716188923696,trajectory,STRAIGHT,3.655719041824341,6.189120769500619,1.866172738118621e-06
515,80868.906,6.193699836730957,-1.4058442729947274e-06,-0.9547180533409119,-1.1404715409816588e-08,0.13878589868545532,3.758399884645769e-07,0.0032645086757838726,0.13889712810516391,-3.417597082357358e-08,-0.004499912540422061,trajectory,STRAIGHT,3.655719041824341,6.193699836730845,1.866172738118621e-06
516,80868.984,6.202025413513184,-1.3830174339091172e-06,-0.9545189738273621,-1.2015231516930888e-08,0.13878589868545532,3.8503949895130063e-07,0.0033493826631456614,0.13889712810516394,-3.316819916352794e-08,-0.004530529181055175,trajectory,STRAIGHT,3.6570727825164795,6.202025413513075,1.866172738118621e-06
517,80869.093,6.216178894042969,-1.3429449836621643e-06,-0.9541764855384827,-1.3053108899016973e-08,0.13878589868545532,4.0067968143375765e-07,0.0033494089730083942,0.138897128105164,-3.835373325327608e-08,-0.004547655700288164,trajectory,STRAIGHT,3.656623601913452,6.216178894042866,1.866172738118621e-06
518,80869.203,6.230332374572754,-1.3012770523346262e-06,-0.9538365006446838,-1.4090986281092698e-08,0.13878589868545532,4.1631864178270916e-07,0.0033186092041432858,0.13889712810516402,-3.754489080271141e-08,-0.004585973561554594,trajectory,STRAIGHT,3.655956983566284,6.230332374572658,1.866172738118621e-06
519,80869.312,6.244485855102539,-1.2580140946738538e-06,-0.9534994959831238,-1.5128869880407006e-08,0.13878589868545532,4.3195615262447973e-07,0.0032873053569346666,0.13889712810516408,-4.3052804147904306e-08,-0.0046003194868559074,trajectory,STRAIGHT,3.6552717685699463,6.2444858551024485,1.866172738118621e-06
520,80869.437,6.258223056793213,-1.2144982974859886e-06,-0.9531756043434143,-1.6136250766995457e-08,0.13878589868545532,4.471321517485194e-07,0.0032595843076705933,0.13889712810516414,-4.022273918826994e-08,-0.004644025941256917,trajectory,STRAIGHT,3.654592514038086,6.258223056793129,1.866172738118621e-06
521,80869.531,6.269462585449219,-1.177776880467718e-06,-0.952912449836731,-1.6960471492378756e-08,0.13878589868545532,4.595478060309688e-07,0.0032390886917710304,0.1388971281051642,-4.483505739645164e-08,-0.0046555440173191185,trajectory,STRAIGHT,3.6539180278778076,6.269462585449139,1.866172738118621e-06
522,80869.64,6.274041652679443,-1.1625280649241176e-06,-0.9528055787086487,-1.7296265121236742e-08,0.13878589868545532,4.646056765977846e-07,0.0032311449758708477,0.13889712810516422,-3.885971461127931e-08,-0.00468603182645618,trajectory,STRAIGHT,3.653252124786377,6.274041652679365,1.866172738118621e-06
523,80869.765,6.297769546508789,-1.0808379329318996e-06,-0.9522563219070435,-1.9036286652574413e-08,0.13878589868545532,4.90812396947149e-07,0.0031945516820997,0.13889712810516433,-4.901654838789033e-08,-0.004710567203034749,trajectory,STRAIGHT,3.652588367462158,6.297769546508722,1.866172738118621e-06
524,80869.875,6.311506748199463,-1.0314955716239638e-06,-0.9519410133361816,-2.0043667539125023e-08,0.13878589868545532,5.059823706687894e-07,0.003176369471475482,0.13889712810516439,-4.556216435899182e-08,-0.0047536914863510055,trajectory,STRAIGHT,3.6519312858581543,6.3115067481994025,1.866172738118621e-06
525,80869.968,6.323995113372803,-9.853356459643692e-07,-0.9516558051109314,-2.0959468345071657e-08,0.13878589868545532,5.197720156502328e-07,0.003161566099151969,0.13889712810516444,-5.1227349465392904e-08,-0.004766767627827637,trajectory,STRAIGHT,3.651278495788574,6.323995113372748,1.866172738118621e-06
526,80870.078,6.328990459442139,-9.665241123002488e-07,-0.9515420794487,-2.132578866744805e-08,0.13878589868545532,5.252876462691347e-07,0.00315604405477643,0.13889712810516447,-4.4114963504795684e-08,-0.004798383452222128,trajectory,STRAIGHT,3.650630235671997,6.328990459442085,1.866172738118621e-06
527,80870.265,6.35146951675415,-8.794153245617053e-07,-0.9510325789451599,-2.2974230118125866e-08,0.13878589868545532,5.501053124135069e-07,0.0031336115207523108,0.13889712810516458,-5.471718121648963e-08,-0.0048220638746772,trajectory,STRAIGHT,3.650630235671997,6.351469516754106,1.866172738118621e-06
528,80870.406,6.37644624710083,-7.779128168294847e-07,-0.9504703879356384,-2.4805831729959468e-08,0.13878589868545532,5.776754505859572e-07,0.0031129017006605864,0.13889712810516472,-5.651849948787231e-08,-0.004875885211589038,trajectory,STRAIGHT,3.6493418216705322,6.3764462471007946,1.866172738118621e-06
529,80870.5,6.386436939239502,-7.35922469630168e-07,-0.9502465128898621,-2.5538472374683878e-08,0.13878589868545532,5.887023917239276e-07,0.003105668816715479,0.13889712810516477,-5.1531027082058056e-08,-0.004911188585984583,trajectory,STRAIGHT,3.6487021446228027,6.38643693923947,1.866172738118621e-06
530,80870.593,6.392681121826172,-7.092752980497607e-07,-0.9501070380210876,-2.5996372777634015e-08,0.13878589868545532,5.955935193924233e-07,0.003101492766290903,0.1388971281051648,-5.472301850681505e-08,-0.004917828245389338,trajectory,STRAIGHT,3.6480653285980225,6.3926811218261435,1.866172738118621e-06
531,80870.718,6.414327621459961,-6.144974236121925e-07,-0.9496237635612488,-2.758376084117888e-08,0.13878589868545532,6.19481113517395e-07,0.003088555997237563,0.13889712810516494,-5.924350586868604e-08,-0.004956913302217971,trajectory,STRAIGHT,3.647429943084717,6.41432762145994,1.866172738118621e-06
532,80870.812,6.425983428955078,-5.61907484097901e-07,-0.9501539468765259,-2.84385082600007e-08,0.13878624141216278,6.326893640107301e-07,-0.019150251522660255,0.13889710068702843,-5.613756560199993e-08,-0.003172522218692221,trajectory,STRAIGHT,3.646798610687256,6.42598342895506,1.866172738118621e-06
533,80870.843,6.428481101989746,-5.504936098077451e-07,-0.9505273699760437,-2.862166842117589e-08,0.13878633081912994,6.354918582474056e-07,-0.022142447531223297,0.13889709353447105,-5.749423261227807e-08,-0.002914475383031287,trajectory,STRAIGHT,3.6461665630340576,6.428481101989728,1.866172738118621e-06
534,80870.937,6.441385746002197,-4.907442985313537e-07,-0.9516334533691406,-2.95679959205759e-08,0.1387862265110016,6.494166768789e-07,-0.0021247572731226683,0.1388971018791214,-5.8200079420507535e-08,-0.00442090514556109,trajectory,STRAIGHT,3.6461665630340576,6.441385746002183,1.866172738118621e-06
535,80871.046,6.454290390014648,-4.296894360322767e-07,-0.9515557289123535,-3.051428078740315e-08,0.1387862265110016,6.63581829485338e-07,0.0024220345076173544,0.1388971018791215,-6.539525463673708e-08,-0.004788534710859648,trajectory,STRAIGHT,3.6479740142822266,6.454290390014638,1.866172738118621e-06
536,80871.171,6.469692707061768,-3.550881331193523e-07,-0.9512346386909485,-3.164370272275275e-08,0.1387862265110016,6.80560674481967e-07,0.003112878417596221,0.1388971018791216,-6.219211749800101e-08,-0.004814697020357601,trajectory,STRAIGHT,3.6502151489257812,6.4696927070617605,1.866172738118621e-06
537,80871.265,6.480099678039551,-3.0361456992977764e-07,-0.9509986639022827,-3.240682565203609e-08,0.1387862265110016,6.920386113051791e-07,0.0031629372388124466,0.13889710187912166,-6.082766830348338e-08,-0.004844600933888701,trajectory,STRAIGHT,3.649937868118286,6.4800996780395455,1.866172738118621e-06
538,80871.343,6.485095024108887,-2.78601476111362e-07,-0.9508849382400513,-3.27731246580901e-08,0.1387862265110016,6.97548102834844e-07,0.003165807807818055,0.13889710187912171,-6.37539266038953e-08,-0.0048505168625207215,trajectory,STRAIGHT,3.649332046508789,6.485095024108881,1.866172738118621e-06
539,80871.484,6.505492687225342,-1.744062672059954e-07,-0.9504205584526062,-3.426884559946391e-08,0.1387862265110016,7.20042976354307e-07,0.0031506421510130167,0.13889710187912185,-6.832377084294761e-08,-0.004887879467383859,trajectory,STRAIGHT,3.6486878395080566,6.50549268722534,1.866172738118621e-06
540,80871.625,6.524225234985352,-7.58040812343097e-08,-0.9499965310096741,-3.5642466872135204e-08,0.1387862265110016,7.406987378999474e-07,0.0031327297911047935,0.138897101879122,-6.944125760165204e-08,-0.004928040787308932,trajectory,STRAIGHT,3.6486878395080566,6.524225234985352,1.866172738118621e-06
541,80871.734,6.536713600158691,-8.509855931038146e-09,-0.9503742456436157,-3.664979842315167e-08,0.13878659904003143,7.547944846919563e-07,-0.01782991550862789,0.1388970720767997,-6.746493782749789e-08,-0.0032507643212195472,trajectory,STRAIGHT,3.6474010944366455,6.536713600158691,1.866172738118621e-06
542,80871.828,6.547120571136475,4.8534445795667125e-08,-0.9519202709197998,-3.7708811526713045e-08,0.13878649473190308,7.662000598429586e-07,-0.013504043221473694,0.13889708042145008,-7.402823651833677e-08,-0.0035195328403826785,trajectory,STRAIGHT,3.6474010944366455,6.547120571136475,1.866172738118621e-06
543,80871.921,6.560025215148926,1.2044060326843464e-07,-0.9523124098777771,-3.918111298004948e-08,0.1387862265110016,7.80202469741198e-07,0.0007978409994393587,0.13889710187912233,-6.994516891842099e-08,-0.00455959684221784,trajectory,STRAIGHT,3.646761178970337,6.560025215148926,1.866172738118621e-06
544,80872.046,6.574594974517822,2.0320439375609567e-07,-0.9520746469497681,-4.074263728553971e-08,0.1387862265110016,7.962279937601124e-07,0.0029838390182703733,0.13889710187912246,-7.942615103708673e-08,-0.004746364830124773,trajectory,STRAIGHT,3.649184465408325,6.5745949745178205,1.866172738118621e-06
545,80872.156,6.587499618530273,2.7791634238383267e-07,-0.951783299446106,-4.212570167039083e-08,0.1387862265110016,8.10447204457887e-07,0.0032065706327557564,0.1388971018791226,-7.269074387321953e-08,-0.004771971411437627,trajectory,STRAIGHT,3.651535749435425,6.587499618530268,1.866172738118621e-06
546,80872.281,6.603318214416504,3.713030309882015e-07,-0.9514164328575134,-4.382107091632238e-08,0.1387862265110016,8.278797167804441e-07,0.003218376310542226,0.13889710187912277,-8.334480690175423e-08,-0.0047912591950901706,trajectory,STRAIGHT,3.6512584686279297,6.603318214416495,1.866172738118621e-06
547,80872.406,6.618304252624512,4.616077262653562e-07,-0.9510698318481445,-4.5427210201926555e-08,0.1387862265110016,8.443936962976295e-07,0.0031992336735129356,0.13889710187912255,-7.699380238053009e-08,-0.0048359628786927445,trajectory,STRAIGHT,3.6506402492523193,6.618304252624499,1.866172738118621e-06
548,80872.515,6.63037633895874,5.3565020152746e-07,-0.9507921934127808,-4.6721044626430276e-08,0.1387862265110016,8.576951131544774e-07,0.0031830023508518934,0.13889710187912271,-7.646561418314206e-08,-0.004863767052722813,trajectory,STRAIGHT,3.6499836444854736,6.6303763389587225,1.866172738118621e-06
549,80872.609,6.6357879638671875,5.692173203897255e-07,-0.950668215751648,-4.730103936844607e-08,0.1387862265110016,8.636577035758819e-07,0.0031761403661221266,0.1388971018791228,-8.02740711743547e-08,-0.004869416977001072,trajectory,STRAIGHT,3.6493289470672607,6.635787963867168,1.866172738118621e-06
550,80872.734,6.657018184661865,7.03149055425456e-07,-0.9501840472221375,-4.957640335633557e-08,0.1387862265110016,8.870463830135122e-07,0.003151853568851948,0.13889710187912305,-8.478504130047617e-08,-0.004909319169567442,trajectory,STRAIGHT,3.6486761569976807,6.657018184661835,1.866172738118621e-06
551,80872.843,6.670755386352539,7.917176390037639e-07,-0.9498729109764099,-5.104869770142472e-08,0.1387862265110016,9.021787263918668e-07,0.0031381261069327593,0.1388971018791232,-8.152084215009075e-08,-0.004945039731218818,trajectory,STRAIGHT,3.6480276584625244,6.670755386352502,1.866172738118621e-06
552,80872.968,6.685741424560547,8.900629495656176e-07,-0.9506035447120667,-5.248810318699003e-08,0.1387864351272583,9.190640639644698e-07,-0.02120933309197426,0.13889708518982286,-9.2658878324308e-08,-0.0029607113085234208,trajectory,STRAIGHT,3.6473827362060547,6.685741424560499,1.866172738118621e-06
553,80873.078,6.698646068572998,9.761952242115512e-07,-0.9523646831512451,-5.346492976975121e-08,0.1387861669063568,9.330593115919328e-07,-0.007295001298189163,0.13889710664749547,-8.382289973558755e-08,-0.003967378970423133,trajectory,STRAIGHT,3.646740436553955,6.698646068572941,1.866172738118621e-06
554,80873.187,6.712799549102783,1.0721540775193716e-06,-0.9524789452552795,-5.442769021283903e-08,0.13878600299358368,9.485004284215393e-07,0.0020066765137016773,0.13889711976051744,-9.464676361469104e-08,-0.00470580009017268,trajectory,STRAIGHT,3.6474218368530273,6.712799549102714,1.866172738118621e-06
555,80873.312,6.725704193115234,1.1610261481109774e-06,-0.9522261023521423,-5.519202110461777e-08,0.13878600299358368,9.626927521821926e-07,0.003095798660069704,0.13889711976051758,-8.651020788352606e-08,-0.004723215010982777,trajectory,STRAIGHT,3.6514992713928223,6.725704193115153,1.866172738118621e-06
556,80873.453,6.741939067840576,1.2747091204801109e-06,-0.9518516063690186,-5.615359867812531e-08,0.13878600299358368,9.805647778193816e-07,0.0032399101182818413,0.13889711976051772,-9.931519124032268e-08,-0.004753468726795938,trajectory,STRAIGHT,3.651911735534668,6.7419390678404785,1.866172738118621e-06
557,80873.546,6.754427433013916,1.3635805089506903e-06,-0.9515601396560669,-5.689327373465395e-08,0.13878600299358368,9.943129271050566e-07,0.0032322602346539497,0.13889711976051783,-8.906093511234816e-08,-0.004794979251243816,trajectory,STRAIGHT,3.6513724327087402,6.754427433013804,1.866172738118621e-06
558,80873.64,6.760255336761475,1.405477291882562e-06,-0.9514245390892029,-5.7238455427696014e-08,0.13878600299358368,1.0007287301050383e-06,0.0032241246663033962,0.1388971197605179,-9.376698108362088e-08,-0.004801108434118973,trajectory,STRAIGHT,3.650718927383423,6.760255336761356,1.866172738118621e-06
559,80873.765,6.782318115234375,1.566527430441056e-06,-0.9509144425392151,-5.854521469418562e-08,0.13878600299358368,1.0250134891975904e-06,0.0031920522451400757,0.1388971197605181,-9.875460458259659e-08,-0.004842801849972828,trajectory,STRAIGHT,3.650059461593628,6.782318115234226,1.866172738118621e-06
560,80873.859,6.792725086212158,1.6438347074654303e-06,-0.9506756663322449,-5.916161057459054e-08,0.13878600299358368,1.0364674380980432e-06,0.003178325016051531,0.13889711976051822,-9.130491675564997e-08,-0.004876043040481689,trajectory,STRAIGHT,3.6494016647338867,6.792725086211993,1.866172738118621e-06
561,80873.875,6.79647159576416,1.6718755659894668e-06,-0.9505898356437683,-5.938351309153402e-08,0.13878600299358368,1.0405908597022062e-06,0.003173670032992959,0.13889711976051827,-9.444162886497105e-08,-0.004879962176260831,trajectory,STRAIGHT,3.6487486362457275,6.79647159576399,1.866172738118621e-06
562,80874.046,6.8089599609375,1.766149125614902e-06,-0.9503049850463867,-6.012318459528973e-08,0.13878600299358368,1.0543340067670215e-06,0.003159136977046728,0.13889711976051838,-1.0497881284753065e-07,-0.004893042061654212,trajectory,STRAIGHT,3.6487486362457275,6.80895996093731,1.866172738118621e-06
563,80874.203,6.8247785568237305,1.887337930384092e-06,-0.9499457478523254,-6.106010633346483e-08,0.13878600299358368,1.0717396889958763e-06,0.0031425999477505684,0.13889711976051855,-9.85388949854881e-08,-0.004936444888732466,trajectory,STRAIGHT,3.648099899291992,6.824778556823512,1.887337930384092e-06
564,80874.312,6.845592498779297,2.0498289359238697e-06,-0.9500731229782104,-6.229289809418838e-08,0.13878627121448517,1.0949557918138453e-06,-0.017131894826889038,0.13889709830284666,-1.045435727235013e-07,-0.003323892218380571,trajectory,STRAIGHT,3.6474545001983643,6.845592498779039,2.0498289359238697e-06
565,80874.406,6.857248306274414,2.142347284461721e-06,-0.9515978097915649,-6.298326148017711e-08,0.13878610730171204,1.107647563003411e-06,-0.008753118105232716,0.13889711141586863,-1.1482422614022901e-07,-0.003917960015445352,trajectory,STRAIGHT,3.6468117237091064,6.857248306274132,2.142347284461721e-06
566,80874.515,6.870569229125977,2.2493773030873854e-06,-0.9517870545387268,-6.37722482070069e-08,0.13878606259822845,1.1221393378946232e-06,0.001601804164238274,0.13889711499214746,-1.0118825667983166e-07,-0.004664342333237274,trajectory,STRAIGHT,3.6461856365203857,6.870569229125666,2.2493773030873854e-06
567,80874.625,6.88430643081665,2.3612178665644024e-06,-0.9515342116355896,-6.458589076903395e-08,0.13878606259822845,1.1372261496944702e-06,0.003037386341020465,0.13889711499214763,-1.0288659672618176e-07,-0.004783520492452875,trajectory,STRAIGHT,3.6493210792541504,6.8843064308163076,2.3612178665644024e-06
568,80874.734,6.89679479598999,2.464188128215028e-06,-0.9512510895729065,-6.532556582540793e-08,0.13878606259822845,1.1509578143886756e-06,0.003200765699148178,0.13889711499214777,-1.1429899814689918e-07,-0.004810746944237247,trajectory,STRAIGHT,3.6505467891693115,6.896794795989615,2.464188128215028e-06
569,80874.828,6.909699440002441,2.57188889918325e-06,-0.9509522318840027,-6.608989671698013e-08,0.13878606259822845,1.1651492286546272e-06,0.0032093306072056293,0.13889711499214719,-1.0472465748246029e-07,-0.00484991157448425,trajectory,STRAIGHT,3.650113105773926,6.909699440002033,2.57188889918325e-06
570,80874.859,6.913445949554443,2.6034047095890855e-06,-0.9508657455444336,-6.631179923388548e-08,0.13878606259822845,1.1692685575326323e-06,0.003205789951607585,0.1388971149921472,-1.0821118847594447e-07,-0.004853952639014861,trajectory,STRAIGHT,3.649479866027832,6.913445949554024,2.6034047095890855e-06
571,80875.046,6.935508728027344,2.79125106317224e-06,-0.9503583312034607,-6.761855850008107e-08,0.13878606259822845,1.1935268275919952e-06,0.003178106853738427,0.1388971149921475,-1.1503605204616318e-07,-0.004894030840814133,trajectory,STRAIGHT,3.6488237380981445,6.935508728026861,2.79125106317224e-06
572,80875.171,6.95007848739624,2.917415031333803e-06,-0.9500255584716797,-6.848151273245117e-08,0.13878606259822845,1.2095445072191069e-06,0.0031608559656888247,0.13889711499214819,-1.1015378024765322e-07,-0.004931572177380898,trajectory,STRAIGHT,3.6481709480285645,6.950078487395711,2.917415031333803e-06
573,80875.296,6.965064525604248,3.0489377422782127e-06,-0.9496849775314331,-6.93691228000126e-08,0.13878606259822845,1.226017730004969e-06,0.0031449480447918177,0.13889711499214835,-1.246502532497024e-07,-0.004947328590721466,trajectory,STRAIGHT,3.64752197265625,6.965064525603669,3.0489377422782127e-06
574,80875.5,6.985462188720703,3.2308500976796495e-06,-0.951505720615387,-7.050681440766711e-08,0.13878649473190308,1.2488860647863476e-06,-0.025730468332767487,0.13889708042145466,-1.1891500047716421e-07,-0.0025758280152220927,trajectory,STRAIGHT,3.6462337970733643,6.985462188720051,3.2308500976796495e-06
575,80875.593,7.000864505767822,3.3704156976455124e-06,-0.9541818499565125,-7.123124074775012e-08,0.1387862265110016,1.2655876844291924e-06,-0.011251866817474365,0.13889710187912696,-1.1603171794132476e-07,-0.0035203529201352944,trajectory,STRAIGHT,3.648179531097412,7.000864505767113,3.3704156976455124e-06
576,80875.687,7.0075249671936035,3.4313368360017193e-06,-0.9544649124145508,-7.164215446325094e-08,0.13878598809242249,1.2727637113130186e-06,-0.002036645309999585,0.1388971209526134,-1.2270973340571423e-07,-0.0042434175178313605,trajectory,STRAIGHT,3.648179531097412,7.007524967192867,3.4313368360017193e-06
577,80875.812,7.027922630310059,3.620074949139962e-06,-0.9542142152786255,-7.296768620449132e-08,0.1387859731912613,1.2950956715940265e-06,0.00313961342908442,0.138897122144706,-1.2330790020269304e-07,-0.0045401020890352495,trajectory,STRAIGHT,3.653503894805908,7.027922630309237,3.620074949139962e-06
578,80875.937,7.043324947357178,3.7647723729605787e-06,-0.9538500905036926,-7.387995210736844e-08,0.1387859731912613,1.3120131825417047e-06,0.003336898982524872,0.13889712214470687,-1.20273642723892e-07,-0.004585100373856374,trajectory,STRAIGHT,3.6558773517608643,7.043324947356287,3.7647723729605787e-06
579,80876.015,7.054148197174072,3.867574378091376e-06,-0.9535897374153137,-7.452100382289136e-08,0.1387859731912613,1.3239016425359296e-06,0.0033304875250905752,0.138897122144707,-1.1703628029159948e-07,-0.004613595414531713,trajectory,STRAIGHT,3.6555652618408203,7.054148197173131,3.867574378091376e-06
580,80876.109,7.060392379760742,3.927307716367068e-06,-0.9534401893615723,-7.489084135107303e-08,0.1387859731912613,1.3307603694556747e-06,0.003318519564345479,0.1388971221447071,-1.2357259827397422e-07,-0.0046201153803591775,trajectory,STRAIGHT,3.6549205780029297,7.0603923797597705,3.927307716367068e-06
581,80876.25,7.082038879394531,4.136764346185373e-06,-0.9529260396957397,-7.617294478207656e-08,0.1387859731912613,1.3545372894441243e-06,0.003273006295785308,0.13889712214470737,-1.301910624581865e-07,-0.004660182344432617,trajectory,STRAIGHT,3.6542394161224365,7.08203887939345,4.136764346185373e-06
582,80876.359,7.093694686889648,4.2510869207035284e-06,-0.9526519775390625,-7.686330816798464e-08,0.1387859731912613,1.367337745250552e-06,0.003250346751883626,0.13889712214470754,-1.216932350477562e-07,-0.0046946512371900265,trajectory,STRAIGHT,3.65356183052063,7.093694686888505,4.2510869207035284e-06
583,80876.468,7.107848167419434,4.3913496483583e-06,-0.9523217082023621,-7.770160656514287e-08,0.1387859731912613,1.382880327582825e-06,0.003225756110623479,0.13889712214470773,-1.3699934400684866e-07,-0.004709197452724237,trajectory,STRAIGHT,3.6528897285461426,7.1078481674182115,4.3913496483583e-06
584,80876.578,7.122001647949219,4.533200353762368e-06,-0.9519938826560974,-7.853990496228367e-08,0.1387859731912613,1.3984220004203962e-06,0.003203754313290119,0.13889712214470792,-1.2695818100745655e-07,-0.004750367411035156,trajectory,STRAIGHT,3.6522233486175537,7.122001647947915,4.533200353762368e-06
585,80876.687,7.136155128479004,4.676634034694871e-06,-0.9516681432723999,-7.937820335940706e-08,0.1387859731912613,1.4139607174001867e-06,0.0031840442679822445,0.13889712214470812,-1.2837006992739868e-07,-0.004779473822409975,trajectory,STRAIGHT,3.651564359664917,7.136155128477613,4.676634034694871e-06
586,80876.843,7.152806282043457,4.847409854846774e-06,-0.9512873291969299,-8.036443676776519e-08,0.1387859731912613,1.4322415609058226e-06,0.003163654590025544,0.13889712214470834,-1.4695765803258212e-07,-0.004796883351946938,trajectory,STRAIGHT,3.650907278060913,7.15280628204196,4.847409854846774e-06
587,80876.953,7.1661272048950195,4.9856103032652754e-06,-0.9509840607643127,-8.115342349443433e-08,0.1387859731912613,1.4468625977315241e-06,0.0031491497065871954,0.1388971221447085,-1.304992943856537e-07,-0.004841914218881954,trajectory,STRAIGHT,3.650256395339966,7.166127204893433,4.9856103032652754e-06
588,80877.031,7.177783012390137,5.107687229610747e-06,-0.9507203698158264,-8.184378688025719e-08,0.1387859731912613,1.459656004954013e-06,0.0031376564875245094,0.13889712214470867,-1.4376540344996113e-07,-0.004854179308781255,trajectory,STRAIGHT,3.6496083736419678,7.177783012388469,5.107687229610747e-06
589,80877.156,7.1927690505981445,5.266220341582084e-06,-0.9503821730613708,-8.273139694772633e-08,0.1387859731912613,1.4761030797671992e-06,0.003124309005215764,0.1388971221447089,-1.3489533475443717e-07,-0.0048949190006807915,trajectory,STRAIGHT,3.6489624977111816,7.192769050596368,5.266220341582084e-06
590,80877.296,7.208587646484375,5.435490493255202e-06,-0.9500265717506409,-8.366831868558923e-08,0.1387859731912613,1.4934612408978865e-06,0.0031118032056838274,0.13889712214470912,-1.373715329202572e-07,-0.004926550292936847,trajectory,STRAIGHT,3.6483237743377686,7.208587646482479,5.435490493255202e-06
591,80877.39,7.221076011657715,5.57051907890127e-06,-0.9497471451759338,-8.440799374178143e-08,0.1387859731912613,1.50716505231685e-06,0.0031029980164021254,0.1388971221447093,-1.3504467867380076e-07,-0.004955433206989585,trajectory,STRAIGHT,3.6476833820343018,7.22107601165572,5.57051907890127e-06
592,80877.484,7.223989963531494,5.6022049648163375e-06,-0.9496820569038391,-8.458058458822431e-08,0.1387859731912613,1.510367155788117e-06,0.0027646231465041637,0.13889712214470934,-1.3847895462649773e-07,-0.004931617631002484,trajectory,STRAIGHT,3.6476833820343018,7.223989963529476,5.6022049648163375e-06
593,80877.625,7.2473015785217285,5.858155873283977e-06,-0.9528796672821045,-8.596131135974086e-08,0.13878636062145233,1.5364122418759507e-06,-0.027577843517065048,0.13889709115029442,-1.4952480782376418e-07,-0.0023594689246051394,trajectory,STRAIGHT,3.646414041519165,7.247301578519515,5.858155873283977e-06
594,80877.734,7.261455059051514,6.015652616042644e-06,-0.9547539949417114,-8.679960975670999e-08,0.13878610730171204,1.5515799987042556e-06,-0.004535013809800148,0.13889711141587335,-1.408788223874537e-07,-0.003968757936530814,trajectory,STRAIGHT,3.648216962814331,7.261455059049175,6.015652616042644e-06
595,80877.828,7.2739434242248535,6.155904884508345e-06,-0.9547720551490784,-8.753928481284478e-08,0.13878610730171204,1.5651730791432783e-06,0.0021672481670975685,0.13889711141587352,-1.5603610984649496e-07,-0.004504035884314284,trajectory,STRAIGHT,3.6535110473632812,7.273943424222401,6.155904884508345e-06
596,80877.921,7.278522491455078,6.207637852639891e-06,-0.9546893239021301,-8.78104990000908e-08,0.13878610730171204,1.5701857591920998e-06,0.00277382368221879,0.1388971114158736,-1.3177619533455712e-07,-0.004473595504532081,trajectory,STRAIGHT,3.6565287113189697,7.278522491452583,6.207637852639891e-06
597,80878.062,7.3030829429626465,6.487951395683922e-06,-0.9541218280792236,-8.92651932771065e-08,0.13878610730171204,1.5971110087775742e-06,0.0033279964700341225,0.138897111415874,-1.620521569459471e-07,-0.004546304118702633,trajectory,STRAIGHT,3.656329870223999,7.303082942959912,6.487951395683922e-06
598,80878.156,7.314738750457764,6.622646651521791e-06,-0.9538429975509644,-8.99555566627905e-08,0.13878610730171204,1.6098916830742382e-06,0.0033131111413240433,0.13889711141587419,-1.4329544087946578e-07,-0.004587609118017193,trajectory,STRAIGHT,3.6556999683380127,7.31473875045491,6.622646651521791e-06
599,80878.281,7.327643394470215,6.773027052986436e-06,-0.9535359740257263,-9.071988755406974e-08,0.13878610730171204,1.6240417153312592e-06,0.0032868273556232452,0.13889711141587438,-1.5951549847283782e-07,-0.004600857591423031,trajectory,STRAIGHT,3.655022144317627,7.327643394467225,6.773027052986436e-06
600,80878.421,7.343461990356445,6.9591628744092304e-06,-0.953163206577301,-9.165680929174711e-08,0.13878610730171204,1.6413830508099636e-06,0.003255468560382724,0.13889711141587466,-1.5099317757749268e-07,-0.0046427146602453185,trajectory,STRAIGHT,3.655022144317627,7.3434619903532825,6.9591628744092304e-06
601,80878.531,7.358448028564453,7.1373192440660205e-06,-0.952812910079956,-9.254441935900034e-08,0.13878610730171204,1.657811253608088e-06,0.0032289335504174232,0.1388971114158749,-1.5151797404527214e-07,-0.004674476524556047,trajectory,STRAIGHT,3.6536753177642822,7.35844802856112,7.1373192440660205e-06
602,80878.656,7.374682903289795,7.332331733778119e-06,-0.9524367451667786,-9.350599693183594e-08,0.13878610730171204,1.6756054037614376e-06,0.003203383879736066,0.13889711141587519,-1.7251052039857282e-07,-0.004691240796560413,trajectory,STRAIGHT,3.653010129928589,7.37468290328627,7.332331733778119e-06
603,80878.765,7.388420104980469,7.498965715058148e-06,-0.9521205425262451,-9.43196394934482e-08,0.13878610730171204,1.6906608379940735e-06,0.0031842549797147512,0.13889711141587546,-1.5301169015107027e-07,-0.00473742269731044,trajectory,STRAIGHT,3.652351140975952,7.388420104976775,7.498965715058148e-06
604,80878.906,7.403822422027588,7.6875676313648e-06,-0.9517681002616882,-9.523190539584243e-08,0.13878610730171204,1.707539468043251e-06,0.003165281843394041,0.1388971114158757,-1.7328900678016396e-07,-0.004753526959632627,trajectory,STRAIGHT,3.651695966720581,7.403822422023698,7.6875676313648e-06
605,80879.015,7.417559623718262,7.857360287744086e-06,-0.9514553546905518,-9.604554795741985e-08,0.13878610730171204,1.722591150610242e-06,0.00315018929541111,0.13889711141587632,-1.559035161549413e-07,-0.004797319940814004,trajectory,STRAIGHT,3.65104603767395,7.41755962371419,7.857360287744086e-06
606,80879.14,7.432129383087158,8.039072781684808e-06,-0.9511255621910095,-9.690850218937799e-08,0.13878610730171204,1.7385549426762736e-06,0.0031358625274151564,0.13889711141587657,-1.7541753358919412e-07,-0.004812663424351439,trajectory,STRAIGHT,3.6503970623016357,7.432129383082889,8.039072781684808e-06
607,80879.25,7.447115421295166,8.22773108666297e-06,-0.9507876038551331,-9.779611225651568e-08,0.13878610730171204,1.7549708672959241e-06,0.00312272016890347,0.13889711141587682,-1.604071158406086e-07,-0.0048567265942608805,trajectory,STRAIGHT,3.649754047393799,7.447115421290684,8.22773108666297e-06
608,80879.359,7.459603786468506,8.386296940443572e-06,-0.950506865978241,-9.853578731244884e-08,0.13878610730171204,1.7686508044789662e-06,0.003112863516435027,0.13889711141587702,-1.5849176918832298e-07,-0.004884816176593206,trajectory,STRAIGHT,3.6491129398345947,7.459603786463842,8.386296940443572e-06
609,80879.453,7.4704270362854,8.524713848601095e-06,-0.9502643942832947,-9.917683902757994e-08,0.13878610730171204,1.7805056131692254e-06,0.0031050597317516804,0.1388971114158772,-1.733329991928286e-07,-0.004896315458565853,trajectory,STRAIGHT,3.648475408554077,7.470427036280575,8.524713848601095e-06
610,80879.484,7.475422382354736,8.588909622631036e-06,-0.9501528143882751,-9.947270904994471e-08,0.13878610730171204,1.7859762238003896e-06,0.0031017293222248554,0.138897111415877,-1.5042221277114766e-07,-0.004924604428874707,trajectory,STRAIGHT,3.647838592529297,7.4754223823498345,8.588909622631036e-06
611,80879.578,7.4858293533325195,8.723291102796793e-06,-0.9499203562736511,-1.0008910492986434e-07,0.13878636062145233,1.7973733292819816e-06,0.003095220308750868,0.13889709115029794,-1.6482180579349422e-07,-0.00493570661352799,trajectory,STRAIGHT,3.647838592529297,7.485829353327456,8.723291102796793e-06
612,80879.671,7.497485160827637,8.874818377080373e-06,-0.9500859379768372,-1.0075594806049384e-07,0.13878688216209412,1.8104146874975413e-06,-0.014802811667323112,0.1388970494270468,-1.61155345619804e-07,-0.0035106931758903366,trajectory,STRAIGHT,3.647204637527466,7.497485160822388,8.874818377080373e-06
613,80879.781,7.509557247161865,9.032905836647842e-06,-0.951598584651947,-1.0139110026959994e-07,0.13878680765628815,1.8235359675600193e-06,-0.008522198535501957,0.1388970553875115,-1.7808047075267e-07,-0.003937509892680536,trajectory,STRAIGHT,3.6465725898742676,7.509557247156419,9.032905836647842e-06
614,80879.875,7.522045612335205,9.197635336022358e-06,-0.9517894983291626,-1.0193823205401293e-07,0.1387864053249359,1.8370557199887116e-06,0.0013859429163858294,0.1388970875740199,-1.6464180980816435e-07,-0.004646917216397175,trajectory,STRAIGHT,3.6465725898742676,7.522045612329548,9.197635336022358e-06
615,80879.968,7.532452583312988,9.335838512924965e-06,-0.9516177177429199,-1.0252641990166868e-07,0.1387864053249359,1.8484269048713031e-06,0.0028297381941229105,0.13889708757402006,-1.7942696760052973e-07,-0.004771009867928276,trajectory,STRAIGHT,3.648989200592041,7.532452583307152,9.335838512924965e-06
616,80880.062,7.538696765899658,9.419172783964314e-06,-0.9514843821525574,-1.0291971247484407e-07,0.1387864053249359,1.8552590290710214e-06,0.0030602621845901012,0.1388970875740202,-1.5792179367446083e-07,-0.004795278349428056,trajectory,STRAIGHT,3.650540351867676,7.538696765893713,9.419172783964314e-06
617,80880.218,7.562840938568115,9.744301678438205e-06,-0.9509350657463074,-1.0409846031302724e-07,0.1387864053249359,1.8816864439941128e-06,0.00317937764339149,0.1388970875740206,-1.9269616221760284e-07,-0.004832273406444668,trajectory,STRAIGHT,3.6501564979553223,7.562840938561732,9.744301678438205e-06
618,80880.296,7.574913024902344,9.908131687552668e-06,-0.9506586194038391,-1.0467960245966405e-07,0.1387864053249359,1.8616178749653045e-06,0.0031680322717875242,0.13889708757402056,-1.6654293527273634e-07,-0.004875166312624213,trajectory,STRAIGHT,3.6495327949523926,7.574913024895733,9.908131687552668e-06
619,80880.406,7.58615255355835,1.0054852282337379e-05,-0.9504027366638184,-1.0521147261264038e-07,0.1387864053249359,1.7631268747209106e-06,0.0031558785121887922,0.1388970875740198,-1.7340732783846627e-07,-0.004886988148857352,trajectory,STRAIGHT,3.6488847732543945,7.586152553551531,1.0054852282337379e-05
620,80880.515,7.600722312927246,1.0233345165033825e-05,-0.950072169303894,-1.0557427629063049e-07,0.1387864053249359,1.6364291468562442e-06,0.003141042310744524,0.13889708757401878,-1.5005334077454714e-07,-0.004925706506441578,trajectory,STRAIGHT,3.648237943649292,7.60072231292017,1.0233345165033825e-05
621,80880.625,7.613210678100586,1.0375723832112271e-05,-0.9497896432876587,-1.0568000467627192e-07,0.1387864053249359,1.5275128362191026e-06,0.0031295111402869225,0.13889708757401786,-1.5570063477856849e-07,-0.004938910313616738,trajectory,STRAIGHT,3.647592067718506,7.613210678093299,1.0375723832112271e-05
622,80880.734,7.625699043273926,1.0508238119655289e-05,-0.9500464797019958,-1.0583032922271373e-07,0.13878659904003143,1.4161872741169645e-06,-0.01639615185558796,0.13889707207680932,-1.278385695262376e-07,-0.003390939050402369,trajectory,STRAIGHT,3.64695143699646,7.625699043266438,1.0508238119655289e-05
623,80880.828,7.639019966125488,1.0638634194037877e-05,-0.9514999985694885,-1.0598530622310549e-07,0.13878628611564636,1.3014445130465901e-06,-0.0047644516453146935,0.13889709711075915,-1.3182635217375858e-07,-0.004248799123849596,trajectory,STRAIGHT,3.64695143699646,7.6390199661178,1.0638634194037877e-05
624,80880.937,7.649843215942383,1.0736505828390364e-05,-0.951557457447052,-1.0605810844184348e-07,0.138786181807518,1.2078393183401204e-06,0.0016412596451118588,0.13889710545540865,-1.0769937001449015e-07,-0.0046832739425421805,trajectory,STRAIGHT,3.6463122367858887,7.649843215934541,1.0736505828390364e-05
625,80881.046,7.663164138793945,1.0846892109839246e-05,-0.9513134360313416,-1.0610743448033617e-07,0.138786181807518,1.091828153221286e-06,0.0030144010670483112,0.13889710545540768,-1.0959411828949868e-07,-0.00480532632708262,trajectory,STRAIGHT,3.64870285987854,7.663164138785927,1.0846892109839246e-05
626,80881.14,7.66774320602417,1.0882267815759405e-05,-0.9512120485305786,-1.0611096579855056e-07,0.138786181807518,1.051903495863371e-06,0.0031178761273622513,0.13889710545540732,-8.89162249171761e-08,-0.004826866479563969,trajectory,STRAIGHT,3.650097131729126,7.667743206016095,1.0882267815759405e-05
627,80881.265,7.68980598449707,1.1034227100026328e-05,-0.9507059454917908,-1.0567997233459807e-07,0.138786181807518,8.594856808485929e-07,0.0031941195484250784,0.13889710545540565,-8.899000424116102e-08,-0.0048582711051883875,trajectory,STRAIGHT,3.649688720703125,7.689805984488743,1.1034227100026328e-05
628,80881.39,7.704375743865967,1.1117803296656348e-05,-0.9503713846206665,-1.0539223848227899e-07,0.138786181807518,7.324072726078157e-07,0.0031783662270754576,0.13889710545540457,-6.830268772195035e-08,-0.004900416435280568,trajectory,STRAIGHT,3.649061441421509,7.704375743857495,1.1117803296656348e-05
629,80881.484,7.716447830200195,1.1176940461155027e-05,-0.9500954151153564,-1.0515383043322267e-07,0.138786181807518,6.271120014389453e-07,0.0031642031390219927,0.13889710545540368,-5.7400971872085693e-08,-0.0049277738867304285,trajectory,STRAIGHT,3.648408889770508,7.71644783019162,1.1176940461155027e-05
630,80881.578,7.72102689743042,1.119697935791919e-05,-0.9499911665916443,-1.0506339979392735e-07,0.138786181807518,5.871723942618701e-07,0.003159073181450367,0.13889710545540332,-5.626573206487457e-08,-0.004932575916310307,trajectory,STRAIGHT,3.647758960723877,7.721026897421808,1.119697935791919e-05
631,80881.703,7.744754791259766,1.1279499631200451e-05,-0.9509822130203247,-1.0475689272551704e-07,0.13878633081912994,3.769197007841285e-07,-0.02352612279355526,0.1388970935344726,-3.984792612209639e-08,-0.002764904944521409,trajectory,STRAIGHT,3.647111415863037,7.7447547912509975,1.1279499631200451e-05
632,80881.812,7.7572431564331055,1.1308603461657185e-05,-0.9524252414703369,-1.0494706197715721e-07,0.13878598809242249,2.703439179185807e-07,-0.004468878265470266,0.1388971209526083,-2.581515581289116e-08,-0.004173811924420583,trajectory,STRAIGHT,3.646467685699463,7.757243156424277,1.1308603461657185e-05
633,80881.937,7.773061752319336,1.1331624591548461e-05,-0.9523889422416687,-1.0531573377047349e-07,0.13878586888313293,1.332355736849422e-07,0.0025664521381258965,0.13889713048935032,-1.7282881512052505e-08,-0.004738453318141686,trajectory,STRAIGHT,3.6488852500915527,7.773061752310452,1.1331624591548461e-05
634,80882.031,7.784717559814453,1.1338551303197164e-05,-0.9521413445472717,-1.0557874780627473e-07,0.13878586888313293,3.1640578157521304e-08,0.0031596163753420115,0.13889713048934946,-4.492903629883503e-09,-0.00473651074229897,trajectory,STRAIGHT,3.6518564224243164,7.784717559805544,1.1338551303197164e-05
635,80882.125,7.787215232849121,1.133892328653019e-05,-0.9520841240882874,-1.0563510795680242e-07,0.13878586888313293,9.85887194104862e-09,0.003195759141817689,0.1388971304893493,-2.809005098584639e-09,-0.004742263186566243,trajectory,STRAIGHT,3.6518564224243164,7.787215232840208,1.133892328653019e-05
636,80882.265,7.810943126678467,1.132291799876839e-05,-0.9515306949615479,-1.0616583320221169e-07,0.13878586888313293,-1.971065302086572e-07,0.0032395818270742893,0.13889713048934751,1.5991469163027596e-08,-0.0047868263488320215,trajectory,STRAIGHT,3.6510887145996094,7.8109431266695495,1.133892328653019e-05
637,80882.343,7.822598934173584,1.1302176972094458e-05,-0.9512592554092407,-1.0630677439194926e-07,0.13878586888313293,-2.9553592639786075e-07,0.0032221570145338774,0.13889713048934668,2.4426851524250284e-08,-0.004823307821878424,trajectory,STRAIGHT,3.650428056716919,7.822598934164685,1.133892328653019e-05
638,80882.468,7.828426837921143,1.1288781024632044e-05,-0.9511240720748901,-1.063420130882847e-07,0.13878586888313293,-3.418878407046577e-07,0.003213208168745041,0.1388971304893463,2.9415715858815667e-08,-0.004829351080932846,trajectory,STRAIGHT,3.650428056716919,7.828426837912258,1.133892328653019e-05
639,80882.578,7.850073337554932,1.1224396985198837e-05,-0.9506253004074097,-1.0634194714473528e-07,0.13878586888313293,-4.713671444278589e-07,0.0031826291233301163,0.13889713048934518,4.2736875048545494e-08,-0.004869699920482171,trajectory,STRAIGHT,3.649768352508545,7.850073337546121,1.133892328653019e-05
640,80882.687,7.86214542388916,1.1181458830833435e-05,-0.9503488540649414,-1.0634191011360817e-07,0.13878586888313293,-5.118601507092535e-07,0.003167710267007351,0.13889713048934485,4.3933546566678934e-08,-0.004904231962731811,trajectory,STRAIGHT,3.6491098403930664,7.862145423880402,1.133892328653019e-05
641,80882.796,7.876298904418945,1.1128037840535399e-05,-0.9500266313552856,-1.0634186646533415e-07,0.13878586888313293,-5.304132173478138e-07,0.0031519539188593626,0.13889713048934468,5.0609376346401814e-08,-0.0049190825903627595,trajectory,STRAIGHT,3.6484572887420654,7.876298904410254,1.133892328653019e-05
642,80882.921,7.8917012214660645,1.1069666470575612e-05,-0.9496777653694153,-1.0634181868064627e-07,0.13878586888313293,-5.151334789843531e-07,0.0031366473995149136,0.13889713048934482,4.570332015925353e-08,-0.004961591530465295,trajectory,STRAIGHT,3.64780855178833,7.891701221457445,1.133892328653019e-05
643,80883.031,7.904605865478516,1.1023375009244774e-05,-0.9499242305755615,-1.0650147226743243e-07,0.13878606259822845,-4.779064965987345e-07,-0.016390027478337288,0.13889711499213747,4.15577212612673e-08,-0.0034024545029757353,trajectory,STRAIGHT,3.6471638679504395,7.904605865469953,1.133892328653019e-05
644,80883.125,7.9108500480651855,1.1002332939824555e-05,-0.9508554935455322,-1.0633476476955755e-07,0.13878606259822845,-4.573971068566607e-07,-0.023850908502936363,0.13889711499213767,4.194017496975286e-08,-0.0027590208725092745,trajectory,STRAIGHT,3.64652156829834,7.9108500480566475,1.133892328653019e-05
645,80883.265,7.933745384216309,1.093291757570114e-05,-0.9538229703903198,-1.0593336513325143e-07,0.13878558576107025,-3.8446154349003336e-07,-0.001692487159743905,0.13889715313911097,3.6239619996946126e-08,-0.004331601570261698,trajectory,STRAIGHT,3.6460673809051514,7.9337453842078505,1.133892328653019e-05
646,80883.343,7.944568634033203,1.090428213501582e-05,-0.9537555575370789,-1.0575028684102696e-07,0.13878555595874786,-3.496911915590317e-07,0.0023658201098442078,0.13889715552329704,2.953194639860111e-08,-0.004529321977377471,trajectory,STRAIGHT,3.6499814987182617,7.944568634024777,1.133892328653019e-05
647,80883.437,7.948315143585205,1.0895003470068332e-05,-0.9536852836608887,-1.0568691358602425e-07,0.13878555595874786,-3.376109418695705e-07,0.0027946040499955416,0.13889715552329715,2.944823210341686e-08,-0.0045671383863990864,trajectory,STRAIGHT,3.6542677879333496,7.948315143576789,1.133892328653019e-05
648,80883.562,7.969545364379883,1.0848590136447456e-05,-0.9531991481781006,-1.0532779847432356e-07,0.13878555595874786,-2.6907036954071373e-07,0.00330558605492115,0.13889715552329773,2.8351305347593908e-08,-0.004632323720932539,trajectory,STRAIGHT,3.654484987258911,7.969545364371513,1.133892328653019e-05
649,80883.656,7.981201171875,1.0827568985405378e-05,-0.9529221057891846,-1.0513063723651359e-07,0.13878555595874786,-2.314286859927961e-07,0.0032991371117532253,0.13889715552314277,-3.4013243104429706e-07,-0.004673054671960392,trajectory,GOAL_DIRECT,3.653907537460327,7.9812011718666485,1.133892328653019e-05
650,80883.75,7.985363960266113,1.0820827810675837e-05,-0.9528231620788574,-1.0506022250872199e-07,0.13878555595874786,-2.17985217432215e-07,0.0032919086515903473,0.13889715552314288,-3.4058370299860857e-07,-0.004677423580663719,trajectory,GOAL_DIRECT,3.6532390117645264,7.985363960257767,1.133892328653019e-05
651,80883.875,8.007018089294434,1.0791135537147056e-05,-0.9523128271102905,-1.0517056200974209e-07,0.13878555595874786,-1.693735924845896e-07,0.0032505998387932777,0.1388971555231443,-3.442520168605541e-07,-0.004716146809267952,trajectory,GOAL_DIRECT,3.652566432952881,8.007018089286108,1.133892328653019e-05
652,80883.968,8.019937515258789,1.0776271665235981e-05,-0.9520115256309509,-1.053888242096953e-07,0.13878555595874786,-1.5079704951403983e-07,0.00322816614061594,0.1388971555231434,-3.4722613333373344e-07,-0.0047518282158651596,trajectory,GOAL_DIRECT,3.65189790725708,8.01993751525047,1.133892328653019e-05
653,80884.062,8.024938583374023,1.077095657819882e-05,-0.9518956542015076,-1.0547331281053267e-07,0.13878555595874786,-1.4451522645231307e-07,0.003220032202079892,0.13889715552314347,-3.4724251675525973e-07,-0.004756971072254443,trajectory,GOAL_DIRECT,3.65189790725708,8.024938583365707,1.133892328653019e-05
654,80884.187,8.04535961151123,1.0751315130619332e-05,-0.9514243602752686,-1.058183079731259e-07,0.13878555595874786,-1.241310627619896e-07,0.0031899174209684134,0.13889715552314372,-3.491459106275026e-07,-0.004796446463251299,trajectory,GOAL_DIRECT,3.6512351036071777,8.04535961150292,1.133892328653019e-05
655,80884.281,8.057862281799316,1.0740537618403323e-05,-0.9511381387710571,-1.0602952953486416e-07,0.13878555595874786,-1.1582659453779343e-07,0.0031737713143229485,0.1388971555231439,-3.5097012540558346e-07,-0.0048301624164130905,trajectory,GOAL_DIRECT,3.65057635307312,8.057862281791007,1.133892328653019e-05
656,80884.406,8.071615219116211,1.0729372661444359e-05,-0.9508247971534729,-1.0626187328221677e-07,0.13878555595874786,-1.1035469071885018e-07,0.0031578405760228634,0.13889715552314394,-3.504171590969285e-07,-0.004844555038228295,trajectory,GOAL_DIRECT,3.6499226093292236,8.071615219107903,1.133892328653019e-05
657,80884.5,8.084534645080566,1.071921087714145e-05,-0.9505316615104675,-1.0648013561841979e-07,0.13878555595874786,-1.087099761321042e-07,0.0031442956533282995,0.13889715552314297,-3.521722695057423e-07,-0.004884457651408172,trajectory,GOAL_DIRECT,3.6492717266082764,8.08453464507226,1.133892328653019e-05
658,80884.625,8.098287582397461,1.0708380614232738e-05,-0.9502208828926086,-1.0671247942557691e-07,0.13878555595874786,-1.1068024718952074e-07,0.0031313321087509394,0.13889715552314297,-3.510580280056266e-07,-0.004898959498734927,trajectory,GOAL_DIRECT,3.6486282348632812,8.098287582389155,1.133892328653019e-05
659,80884.734,8.111623764038086,1.069751670002006e-05,-0.9499210715293884,-1.0693778253679079e-07,0.13878555595874786,-1.1625548523852558e-07,0.0031200225930660963,0.13889715552314308,-3.5213098738625734e-07,-0.004939565807930796,trajectory,GOAL_DIRECT,3.6479849815368652,8.11162376402978,1.133892328653019e-05
660,80884.843,8.124543190002441,1.0686311725294217e-05,-0.9505570530891418,-1.0725238002386942e-07,0.13878577947616577,-1.253301462611489e-07,-0.020233381539583206,0.13889713764174957,-3.5039553559919425e-07,-0.0030394943993311803,trajectory,GOAL_DIRECT,3.647343873977661,8.124543189994137,1.133892328653019e-05
661,80884.953,8.138296127319336,1.0673294127627742e-05,-0.9520448446273804,-1.0786993736156533e-07,0.13878542184829712,-1.3822788957895682e-07,-0.0037101483903825283,0.13889716625197807,-3.5067850841175473e-07,-0.004272200778647327,trajectory,GOAL_DIRECT,3.6467065811157227,8.138296127311035,1.133892328653019e-05
662,80885.046,8.148715019226074,1.0662476597644854e-05,-0.9520663022994995,-1.0833958704770823e-07,0.13878536224365234,-1.5064085800986504e-07,0.0017750461120158434,0.13889717102034968,-3.5004014049560375e-07,-0.0046446080567283604,trajectory,GOAL_DIRECT,3.648813009262085,8.148715019217779,1.133892328653019e-05
663,80885.14,8.154132843017578,1.0656460290192626e-05,-0.9519790410995483,-1.0858380487570446e-07,0.13878536224365234,-1.5799767538737797e-07,0.0025927326641976833,0.13889717102034962,-3.4888733732621623e-07,-0.004714386040900466,trajectory,GOAL_DIRECT,3.648813009262085,8.154132843009284,1.133892328653019e-05
664,80885.281,8.175804138183594,1.0629173630150035e-05,-0.9515039920806885,-1.0956067612749204e-07,0.13878536224365234,-1.9342954260537226e-07,0.0032014597672969103,0.13889717102034943,-3.4516389802824157e-07,-0.004789726379251213,trajectory,GOAL_DIRECT,3.6511118412017822,8.175804138175316,1.133892328653019e-05
665,80885.375,8.189140319824219,1.060935937857721e-05,-0.9511969089508057,-1.1016182761916937e-07,0.13878536224365234,-2.1997760768499575e-07,0.003204041626304388,0.1388971710203484,-3.437330024354569e-07,-0.004826148553400832,trajectory,GOAL_DIRECT,3.6508307456970215,8.189140319815955,1.133892328653019e-05
666,80885.484,8.199975967407227,1.0591270438453648e-05,-0.9509474039077759,-1.106502631793091e-07,0.13878536224365234,-2.442052959850116e-07,0.003191523253917694,0.13889717102034818,-3.4006302093179007e-07,-0.0048376223357613855,trajectory,GOAL_DIRECT,3.6502153873443604,8.199975967398977,1.133892328653019e-05
667,80885.562,8.205810546875,1.0580722118902486e-05,-0.9508135914802551,-1.1091326693248774e-07,0.13878536224365234,-2.582376623649907e-07,0.0031841183081269264,0.13889717102034826,-3.412770195753323e-07,-0.004868162769368021,trajectory,GOAL_DIRECT,3.6495630741119385,8.205810546866761,1.133892328653019e-05
668,80885.718,8.227898597717285,1.0535069122852292e-05,-0.9503095149993896,-1.1190892393484971e-07,0.13878536224365234,-3.176162408635719e-07,0.0031578524503856897,0.1388971710203477,-3.3212068852375795e-07,-0.004891265324791997,trajectory,GOAL_DIRECT,3.6489100456237793,8.22789859770909,1.133892328653019e-05
669,80885.843,8.244568824768066,1.0493927220522892e-05,-0.9499316215515137,-1.1266036311566261e-07,0.13878536224365234,-3.6898438793286914e-07,0.0031406583730131388,0.1388971710203475,-3.286676701280582e-07,-0.004936796947851918,trajectory,GOAL_DIRECT,3.6482605934143066,8.244568824759916,1.133892328653019e-05
670,80885.937,8.255821228027344,1.0462507816555444e-05,-0.9500011205673218,-1.1316758453049327e-07,0.13878555595874786,-4.076234176864091e-07,-0.012928865849971771,0.13889715552313947,-3.2251770483526897e-07,-0.0036477600592227195,trajectory,GOAL_DIRECT,3.6476147174835205,8.25582122801923,1.133892328653019e-05
671,80885.968,8.260822296142578,1.0447508429933805e-05,-0.9506178498268127,-1.1339301626208297e-07,0.13878563046455383,-4.2550362877591397e-07,-0.017562253400683403,0.13889714956267607,-3.252957858588152e-07,-0.0032597955332538684,trajectory,GOAL_DIRECT,3.6469719409942627,8.26082229613448,1.133892328653019e-05
672,80886.031,8.2687406539917,1.0422459126857575e-05,-0.9511623978614807,-1.1372881372672041e-07,0.13878540694713593,-4.5376273760666663e-07,-0.003576267510652542,0.13889716744406924,-3.2059049585274956e-07,-0.004351447002722939,trajectory,GOAL_DIRECT,3.6469719409942627,8.268740653983631,1.133892328653019e-05
673,80886.125,8.273741722106934,1.0405799002910499e-05,-0.9512190818786621,-1.1378753371899928e-07,0.13878540694713593,-4.7184659024424036e-07,-1.4561403077095747e-05,0.13889716744406908,-3.175295369895887e-07,-0.004633549290469905,trajectory,GOAL_DIRECT,3.646717071533203,8.273741722098885,1.133892328653019e-05
674,80886.265,8.296663284301758,1.0321698937332258e-05,-0.9508394598960876,-1.1404592134031917e-07,0.13878540694713593,-5.446287332233624e-07,0.0031023232731968164,0.1388971674440706,-3.078349285140126e-07,-0.004848395184250633,trajectory,GOAL_DIRECT,3.6492440700531006,8.29666328429381,1.133892328653019e-05
675,80886.39,8.31208324432373,1.0259001101076137e-05,-0.9504888653755188,-1.1421974584109928e-07,0.13878540694713593,-5.836986360918672e-07,0.0031790724024176598,0.13889716744407124,-3.0489606194540835e-07,-0.004888735693269999,trajectory,GOAL_DIRECT,3.6491658687591553,8.312083244315861,1.133892328653019e-05
676,80886.5,8.325419425964355,1.0201679288002197e-05,-0.9501836895942688,-1.1409301421391523e-07,0.13878540694713593,-6.085731456551002e-07,0.0031715824734419584,0.13889716744407204,-3.0194877717209564e-07,-0.004918791418538208,trajectory,GOAL_DIRECT,3.64858078956604,8.325419425956559,1.133892328653019e-05
677,80886.609,8.33958911895752,1.0138810466742143e-05,-0.9498611092567444,-1.1393341375987682e-07,0.13878540694713593,-6.218662065293756e-07,0.00315662007778883,0.13889716744407193,-2.947738655078347e-07,-0.004933723443762177,trajectory,GOAL_DIRECT,3.647935390472412,8.339589118949803,1.133892328653019e-05
678,80886.718,8.352925300598145,1.0079007552121766e-05,-0.9506275653839111,-1.1378320162261193e-07,0.13878574967384338,-6.219694341780269e-07,-0.021191120147705078,0.13889714002593825,-2.9777138399194444e-07,-0.0029751489213496315,trajectory,GOAL_DIRECT,3.6472866535186768,8.352925300590503,1.133892328653019e-05
679,80886.843,8.366678237915039,1.001793316390831e-05,-0.9520073533058167,-1.136282954117688e-07,0.13878551125526428,-6.097559435147559e-07,-0.00286963302642107,0.13889715909942468,-2.928108586721749e-07,-0.004371878494957077,trajectory,GOAL_DIRECT,3.6466410160064697,8.366678237907475,1.133892328653019e-05
680,80886.953,8.380847930908203,9.956949725165032e-06,-0.9519342184066772,-1.1348747311933422e-07,0.13878551125526428,-5.837325147695083e-07,0.002532730810344219,0.13889715909942785,-2.977918586865276e-07,-0.004713473434257005,trajectory,GOAL_DIRECT,3.6484341621398926,8.380847930900714,1.133892328653019e-05
681,80887.046,8.39251708984375,9.908956599247176e-06,-0.9516888856887817,-1.1333727984897898e-07,0.13878551125526428,-5.582623998634517e-07,0.0031360196880996227,0.13889715909942904,-2.9963937505921174e-07,-0.004777214851938474,trajectory,GOAL_DIRECT,3.6509764194488525,8.392517089836321,1.133892328653019e-05
682,80887.14,8.396267890930176,9.894002687360626e-06,-0.9516034722328186,-1.1327391349292335e-07,0.13878551125526428,-5.493311618920416e-07,0.0031865695491433144,0.13889715909942912,-2.989065288458766e-07,-0.004785529513620126,trajectory,GOAL_DIRECT,3.6507411003112793,8.396267890922765,1.133892328653019e-05
683,80887.265,8.41877269744873,9.809605217014905e-06,-0.9510818123817444,-1.1302751510120594e-07,0.13878551125526428,-4.930043360218406e-07,0.003221947466954589,0.13889715909943054,-2.9989638594492835e-07,-0.0048289672428760404,trajectory,GOAL_DIRECT,3.650125741958618,8.418772697441419,1.133892328653019e-05
684,80887.359,8.430025100708008,9.770678843779024e-06,-0.9508212804794312,-1.1296417811267534e-07,0.13878551125526428,-4.686010868226731e-07,0.0032066996209323406,0.13889715909943162,-3.043859270927786e-07,-0.004863682363649719,trajectory,GOAL_DIRECT,3.6494696140289307,8.430025100700743,1.133892328653019e-05
685,80887.453,8.435026168823242,9.753986887517385e-06,-0.9507061243057251,-1.1293602833271208e-07,0.13878551125526428,-4.5885451527283294e-07,0.003199632279574871,0.13889715909943173,-3.0355540802783797e-07,-0.004868874785026424,trajectory,GOAL_DIRECT,3.6494696140289307,8.435026168815996,1.133892328653019e-05
686,80887.593,8.457530975341797,9.682707968750037e-06,-0.950190007686615,-1.1280935426671906e-07,0.13878551125526428,-4.233666004438419e-07,0.003170244861394167,0.13889715909943307,-3.0372825290002454e-07,-0.004908827720230971,trajectory,GOAL_DIRECT,3.648812770843506,8.457530975334631,1.133892328653019e-05
687,80887.703,8.471283912658691,9.641576980357058e-06,-0.9498770833015442,-1.1273194229226245e-07,0.13878551125526428,-4.084234319634561e-07,0.0031546771060675383,0.13889715909943412,-3.0641952747966464e-07,-0.004945893444968941,trajectory,GOAL_DIRECT,3.648159980773926,8.471283912651572,1.133892328653019e-05
688,80887.812,8.484620094299316,9.60287252382841e-06,-0.9502978920936584,-1.1265687610243884e-07,0.13878580927848816,-3.986153274126991e-07,-0.018465399742126465,0.13889713525757838,-3.0666471984618606e-07,-0.003208988728512543,trajectory,GOAL_DIRECT,3.6475095748901367,8.48462009429224,1.133892328653019e-05
689,80887.906,8.495455741882324,9.571968803356867e-06,-0.9518631100654602,-1.1259588479944545e-07,0.13878576457500458,-3.9437145460397005e-07,-0.011569438502192497,0.13889713883385713,-3.040412027667565e-07,-0.0036824047291171723,trajectory,GOAL_DIRECT,3.646862745285034,8.495455741875281,1.133892328653019e-05
690,80888.015,8.501707077026367,9.554247299092822e-06,-0.9521514773368835,-1.1256069749956633e-07,0.138785719871521,-3.933797643185244e-07,-0.0026023918762803078,0.13889714241013673,-3.0782757127516977e-07,-0.004298135020975127,trajectory,GOAL_DIRECT,3.646773338317871,8.501707077019343,1.133892328653019e-05
691,80888.14,8.523795127868652,9.491487617196981e-06,-0.9519034028053284,-1.1243636898319909e-07,0.138785719871521,-3.98256418066012e-07,0.0030581518076360226,0.1388971424101367,-3.014207955371518e-07,-0.0047633822422661915,trajectory,GOAL_DIRECT,3.6506454944610596,8.523795127861696,1.133892328653019e-05
692,80888.234,8.537548065185547,9.45161718846066e-06,-0.9515892267227173,-1.1235895684338743e-07,0.138785719871521,-4.079615507635026e-07,0.003227988723665476,0.1388971424101376,-3.0307523779452126e-07,-0.004790908570193537,trajectory,GOAL_DIRECT,3.651242256164551,8.537548065178635,1.133892328653019e-05
693,80888.265,8.540465354919434,9.443021554034203e-06,-0.9515212774276733,-1.1234253814117881e-07,0.138785719871521,-4.1067289657803485e-07,0.0032329673413187265,0.13889714241013756,-3.0203297725520315e-07,-0.004794704324357995,trajectory,GOAL_DIRECT,3.650725841522217,8.54046535491253,1.133892328653019e-05
694,80888.359,8.551717758178711,9.409309313923586e-06,-0.9512589573860168,-1.1227922176096047e-07,0.138785719871521,-4.2186545101685624e-07,0.003228771733120084,0.13889714241013842,-3.0164153594323006e-07,-0.004824265465406201,trajectory,GOAL_DIRECT,3.650725841522217,8.551717758171847,1.133892328653019e-05
695,80888.437,8.56171989440918,9.378554750583135e-06,-0.9510271549224854,-1.1222294052672445e-07,0.138785719871521,-4.32533909133781e-07,0.0032153718639165163,0.13889714241013834,-2.978297897847447e-07,-0.00483478359904649,trajectory,GOAL_DIRECT,3.650078296661377,8.561719894402348,1.133892328653019e-05
696,80888.546,8.566304206848145,9.364195648231544e-06,-0.9509209394454956,-1.1219714495872981e-07,0.138785719871521,-4.376499305180914e-07,0.003208763198927045,0.13889714241013815,-3.009676709751743e-07,-0.0048612647483882365,trajectory,GOAL_DIRECT,3.6494178771972656,8.56630420684133,1.133892328653019e-05
697,80888.687,8.582974433898926,9.310506356996484e-06,-0.9505374431610107,-1.1210334288117461e-07,0.138785719871521,-4.574525576117594e-07,0.0031854729168117046,0.13889714241013798,-2.942097062369168e-07,-0.004878576340043252,trajectory,GOAL_DIRECT,3.648761034011841,8.582974433892172,1.133892328653019e-05
698,80888.781,8.602978706359863,9.242908163287211e-06,-0.9500806331634521,-1.1214325692556709e-07,0.138785719871521,-4.793257630808512e-07,0.003161140950396657,0.1388971424101398,-2.910604502492581e-07,-0.004920975656355683,trajectory,GOAL_DIRECT,3.648108720779419,8.602978706353186,1.133892328653019e-05
699,80888.875,8.607146263122559,9.228489034285303e-06,-0.9499858617782593,-1.1216672291876128e-07,0.138785719871521,-4.817999297301867e-07,0.0031565402168780565,0.13889714241013978,-2.894653110178588e-07,-0.004925346166933838,trajectory,GOAL_DIRECT,3.648108720779419,8.607146263115897,1.133892328653019e-05
700,80889.015,8.630484580993652,9.147295713773929e-06,-0.9510672092437744,-1.122981326342539e-07,0.13878627121448517,-4.80386006529443e-07,-0.023837653920054436,0.1388970983027047,-2.877947107046223e-07,-0.0027359656006612455,trajectory,GOAL_DIRECT,3.6474597454071045,8.630484580987083,1.133892328653019e-05
701,80889.109,8.64173698425293,9.108738595386967e-06,-0.9527730345726013,-1.1236149098294915e-07,0.13878624141216278,-4.7074203735064657e-07,-0.00982398260384798,0.13889710068689048,-2.9080438701848704e-07,-0.003724281368322364,trajectory,GOAL_DIRECT,3.6468145847320557,8.641736984246405,1.133892328653019e-05
702,80889.218,8.646738052368164,9.091899300983641e-06,-0.9529874324798584,-1.123896502684742e-07,0.13878624141216278,-4.6456307245534845e-07,-0.002934676595032215,0.13889710068689054,-2.896685100065453e-07,-0.004264705953664771,trajectory,GOAL_DIRECT,3.646918773651123,8.646738052361659,1.133892328653019e-05
703,80889.328,8.669242858886719,9.019354365591425e-06,-0.9527403116226196,-1.120045092594676e-07,0.13878624141216278,-4.319081767789612e-07,0.0031001586467027664,0.13889710068689182,-2.8939460278217663e-07,-0.004675523460381536,trajectory,GOAL_DIRECT,3.651453971862793,8.669242858880294,1.133892328653019e-05
704,80889.453,8.682162284851074,8.979895937955007e-06,-0.9524416327476501,-1.1171329056116169e-07,0.13878624141216278,-4.172210594788339e-07,0.0032637615222483873,0.1388971006868939,-2.9226116071330177e-07,-0.004714397786018613,trajectory,GOAL_DIRECT,3.652973175048828,8.682162284844694,1.133892328653019e-05
705,80889.546,8.69508171081543,8.941644409787841e-06,-0.9521374106407166,-1.1142207183640501e-07,0.13878624141216278,-4.0591746142126794e-07,0.0032653205562382936,0.138897100686894,-2.895097589244002e-07,-0.004729733614084486,trajectory,GOAL_DIRECT,3.652562379837036,8.695081710809088,1.133892328653019e-05
706,80889.656,8.701749801635742,8.922272172640078e-06,-0.9519810080528259,-1.1127176538741762e-07,0.13878624141216278,-4.0140818668987777e-07,0.003255469724535942,0.13889710068689487,-2.939696387118591e-07,-0.004763241681745379,trajectory,GOAL_DIRECT,3.6519179344177246,8.701749801629422,1.133892328653019e-05
707,80889.75,8.72133731842041,8.866330063028727e-06,-0.9515242576599121,-1.1083024015254272e-07,0.13878624141216278,-3.933790253540792e-07,0.003222974017262459,0.13889710068689495,-2.892738054767355e-07,-0.004783479544809192,trajectory,GOAL_DIRECT,3.6512508392333984,8.72133731841415,1.133892328653019e-05
708,80889.859,8.726338386535645,8.852184691932052e-06,-0.9514083862304688,-1.1071751029553453e-07,0.13878624141216278,-3.925765099666023e-07,0.003215088974684477,0.13889710068689587,-2.938018885166962e-07,-0.004815568527546845,trajectory,GOAL_DIRECT,3.6505885124206543,8.726338386529399,1.133892328653019e-05
709,80889.984,8.750510215759277,8.783763405517675e-06,-0.9508520364761353,-1.101726492638518e-07,0.13878624141216278,-3.958507477364037e-07,0.003180834697559476,0.13889710068689584,-2.870122923772671e-07,-0.0048406456730935195,trajectory,GOAL_DIRECT,3.649928331375122,8.750510215753105,1.133892328653019e-05
710,80890.078,8.762179374694824,8.750284905545413e-06,-0.9505853056907654,-1.099096128704359e-07,0.13878624141216278,-4.016739865164709e-07,0.0031665691640228033,0.13889710068689767,-2.8972916393911874e-07,-0.0048823611260966245,trajectory,GOAL_DIRECT,3.64927339553833,8.762179374688687,1.133892328653019e-05
711,80890.187,8.76551342010498,8.74061879585497e-06,-0.9505094885826111,-1.098344596111908e-07,0.13878624141216278,-4.0384517774327833e-07,0.003162746550515294,0.13889710068689765,-2.8863207018884563e-07,-0.004885846172423739,trajectory,GOAL_DIRECT,3.6486215591430664,8.765513420098854,1.133892328653019e-05
712,80890.328,8.790935516357422,8.664862434670795e-06,-0.9499332308769226,-1.0978979373780324e-07,0.13878655433654785,-4.2322560034335766e-07,0.0031365291215479374,0.13889707565294657,-2.83104995338801e-07,-0.004927604431517352,trajectory,GOAL_DIRECT,3.6479742527008057,8.790935516351375,1.133892328653019e-05
713,80890.437,8.803854942321777,8.625286682217848e-06,-0.9505677819252014,-1.0984854573471201e-07,0.13878676295280457,-4.2690084001151263e-07,-0.02021845057606697,0.138897058963648,-2.8467814155679426e-07,-0.003052784485937,trajectory,GOAL_DIRECT,3.6473307609558105,8.803854942315773,1.133892328653019e-05
714,80890.546,8.816774368286133,8.585635441704653e-06,-0.9521625638008118,-1.0997771902809444e-07,0.1387864649295807,-4.249121161592484e-07,-0.005806973669677973,0.13889708280550594,-2.8100288145005577e-07,-0.0041259635446676025,trajectory,GOAL_DIRECT,3.6466927528381348,8.816774368280171,1.133892328653019e-05
715,80890.64,8.82886028289795,8.548935511498712e-06,-0.9522444009780884,-1.1020784357841986e-07,0.13878631591796875,-4.1794723415478074e-07,0.0017694929847493768,0.138897094726437,-2.838677735309426e-07,-0.004630089311620486,trajectory,GOAL_DIRECT,3.649113655090332,8.828860282892027,1.133892328653019e-05
716,80890.687,8.833861351013184,8.533964319212828e-06,-0.9521647095680237,-1.1017029237668193e-07,0.13878631591796875,-4.1360777913723723e-07,0.0025589766446501017,0.13889709472643705,-2.827762004260789e-07,-0.004697232574915778,trajectory,GOAL_DIRECT,3.649113655090332,8.833861351007279,1.133892328653019e-05
717,80890.765,8.844696998596191,8.502157470502425e-06,-0.9519373178482056,-1.1004821143325626e-07,0.13878631591796875,-4.012939882613864e-07,0.00312093086540699,0.1388970947264371,-2.8452768292492327e-07,-0.004753464268594621,trajectory,GOAL_DIRECT,3.649113655090332,8.844696998590319,1.133892328653019e-05
718,80890.89,8.859700202941895,8.45991507958388e-06,-0.9515923261642456,-1.1029467371826832e-07,0.13878631591796875,-3.8195253182493616e-07,0.0032245756592601538,0.13889709472643727,-2.8199459497753763e-07,-0.004779005436300873,trajectory,GOAL_DIRECT,3.6511857509613037,8.859700202936066,1.133892328653019e-05
719,80891.0,8.873453140258789,8.422632163274102e-06,-0.9512736797332764,-1.1068197468891298e-07,0.13878631591796875,-3.727277828602382e-07,0.0032156812958419323,0.1388970947264383,-2.846644639226875e-07,-0.004819362053968081,trajectory,GOAL_DIRECT,3.6505677700042725,8.873453140252998,1.133892328653019e-05
720,80891.109,8.886789321899414,8.38707546790829e-06,-0.9509658217430115,-1.1044959595281042e-07,0.13878631591796875,-3.670867272376199e-07,0.003197563113644719,0.13889709472643835,-2.8172771462878833e-07,-0.004833305498905548,trajectory,GOAL_DIRECT,3.649911642074585,8.88678932189366,1.133892328653019e-05
721,80891.218,8.898041725158691,8.35771697893506e-06,-0.9507074356079102,-1.1025007572002169e-07,0.13878631591796875,-3.572258719941601e-07,0.0031824323814362288,0.13889709472644055,-2.8523158167187065e-07,-0.00487252688158523,trajectory,GOAL_DIRECT,3.649911642074585,8.898041725152968,1.133892328653019e-05
722,80891.328,8.906376838684082,8.3365002865321e-06,-0.9505167007446289,-1.1034398917110375e-07,0.13878631591796875,-3.5033400536121917e-07,0.003172012511640787,0.1388970947264406,-2.83744991772114e-07,-0.004881230035165656,trajectory,GOAL_DIRECT,3.6492552757263184,8.90637683867838,1.133892328653019e-05
723,80891.421,8.922630310058594,8.296051419165451e-06,-0.9501467347145081,-1.1052712045033755e-07,0.13878631591796875,-3.4229984180456086e-07,0.003153589554131031,0.13889709472644166,-2.8439101968986345e-07,-0.0049179773568367715,trajectory,GOAL_DIRECT,3.648602247238159,8.92263031005293,1.133892328653019e-05
724,80891.531,8.928881645202637,8.280678230221383e-06,-0.9500048756599426,-1.1059755557520374e-07,0.13878631591796875,-3.4111243962797744e-07,0.003147064708173275,0.13889709472644166,-2.8301168421174586e-07,-0.004924548321888422,trajectory,GOAL_DIRECT,3.647953987121582,8.92888164519699,1.133892328653019e-05
725,80891.64,8.948469161987305,8.232476830016822e-06,-0.9495623707771301,-1.1081825236262831e-07,0.13878631591796875,-3.4423672445882403e-07,0.003128605429083109,0.13889709472644265,-2.8240345958113336e-07,-0.004967673289667233,trajectory,GOAL_DIRECT,3.647308349609375,8.948469161981706,1.133892328653019e-05
726,80891.718,8.959304809570312,8.20540026325034e-06,-0.949978232383728,-1.1094031199746866e-07,0.1387864649295807,-3.5060114100815554e-07,-0.017832301557064056,0.13889708280551366,-2.7929625025299955e-07,-0.003270007650445564,trajectory,GOAL_DIRECT,3.64666748046875,8.959304809564738,1.133892328653019e-05
727,80891.828,8.963055610656738,8.195896043616813e-06,-0.950528621673584,-1.1100133850882533e-07,0.1387864649295807,-3.5353289717932057e-07,-0.02248985692858696,0.13889708280551358,-2.8388824715252716e-07,-0.0028710537783907695,trajectory,GOAL_DIRECT,3.646026372909546,8.963055610651175,1.133892328653019e-05
728,80891.937,8.983893394470215,8.141295438690577e-06,-0.9538165330886841,-1.1090390016378874e-07,0.13878610730171204,-3.76164820181657e-07,-0.006673149764537811,0.13889711141574287,-2.768573542337412e-07,-0.003971994780759697,trajectory,GOAL_DIRECT,3.6479780673980713,8.983893394464706,1.133892328653019e-05
729,80892.046,8.998479843139648,8.100688319245819e-06,-0.9538924098014832,-1.1070430097522952e-07,0.1387859433889389,-3.972124318352144e-07,0.002234179526567459,0.13889712452876551,-2.761593584214896e-07,-0.004512230807412957,trajectory,GOAL_DIRECT,3.6479780673980713,8.99847984313418,1.133892328653019e-05
730,80892.25,9.01431655883789,8.054328645812348e-06,-0.9535582065582275,-1.1111752720090622e-07,0.1387859433889389,-4.149435994804662e-07,0.00324910506606102,0.13889712452876635,-2.733040301071267e-07,-0.004606802936203969,trajectory,GOAL_DIRECT,3.653242588043213,9.014316558832473,1.133892328653019e-05
731,80892.406,9.040572166442871,7.974241270858329e-06,-0.9529342651367188,-1.1185709538919656e-07,0.1387859433889389,-4.294300879337243e-07,0.003295338712632656,0.13889712452876724,-2.6771884779582066e-07,-0.004656375017238242,trajectory,GOAL_DIRECT,3.654433488845825,9.040572166437535,1.133892328653019e-05
732,80892.484,9.05099105834961,7.941989679238759e-06,-0.9526878595352173,-1.121505747699028e-07,0.1387859433889389,-4.3001429617106623e-07,0.0032748570665717125,0.13889712452876832,-2.7026421837298777e-07,-0.004694456747662411,trajectory,GOAL_DIRECT,3.6537816524505615,9.050991058344309,1.133892328653019e-05
733,80892.609,9.05890941619873,7.917514267319348e-06,-0.952501654624939,-1.1237361907679244e-07,0.1387859433889389,-4.284955821276526e-07,0.0032595074735581875,0.13889712452876832,-2.680075601473123e-07,-0.004702539025735245,trajectory,GOAL_DIRECT,3.6531059741973877,9.058909416193455,1.133892328653019e-05
734,80892.718,9.078913688659668,7.85650081525091e-06,-0.9520348310470581,-1.1266947374854842e-07,0.1387859433889389,-4.171087937265838e-07,0.003224361687898636,0.13889712452876948,-2.6705084868422713e-07,-0.004742066351253224,trajectory,GOAL_DIRECT,3.6524345874786377,9.078913688654456,1.133892328653019e-05
735,80892.828,9.091833114624023,7.818283847882412e-06,-0.9517359137535095,-1.1281039870288251e-07,0.1387859433889389,-4.040054761844658e-07,0.0032043412793427706,0.1388971245287717,-2.687917050620902e-07,-0.00477591083728608,trajectory,GOAL_DIRECT,3.6517679691314697,9.09183311461885,1.133892328653019e-05
736,80892.906,9.104752540588379,7.781492968206294e-06,-0.9514387249946594,-1.1295602750252321e-07,0.1387859433889389,-3.8639001331830514e-07,0.0031862291507422924,0.13889712452877184,-2.666550289897388e-07,-0.004789321304940547,trajectory,GOAL_DIRECT,3.651106834411621,9.104752540583243,1.133892328653019e-05
737,80893.015,9.109753608703613,7.767725037410855e-06,-0.9513242840766907,-1.129348934665066e-07,0.1387859433889389,-3.7850415424145467e-07,0.003179723396897316,0.13889712452877187,-2.714064530751271e-07,-0.004820700500420758,trajectory,GOAL_DIRECT,3.6504499912261963,9.10975360869849,1.133892328653019e-05
738,80893.109,9.127674102783203,7.720397661614697e-06,-0.950915515422821,-1.1262969254592767e-07,0.1387859433889389,-3.5745529203268234e-07,0.0031585139222443104,0.13889712452877206,-2.685864412972424e-07,-0.004839442175141999,trajectory,GOAL_DIRECT,3.6497974395751953,9.127674102778128,1.133892328653019e-05
739,80893.203,9.133091926574707,7.706536052864976e-06,-0.9507923126220703,-1.125381335619634e-07,0.1387859433889389,-3.536565031936334e-07,0.003152637043967843,0.138897124528773,-2.721606825715771e-07,-0.004868108573237448,trajectory,GOAL_DIRECT,3.6491498947143555,9.133091926569644,1.133892328653019e-05
740,80893.328,9.151012420654297,7.661322342755739e-06,-0.9503868818283081,-1.1237146599780664e-07,0.1387859433889389,-3.4937355053443753e-07,0.0031349281780421734,0.13889712452877304,-2.6819804896215816e-07,-0.004886963403651505,trajectory,GOAL_DIRECT,3.648505926132202,9.15101242064928,1.133892328653019e-05
741,80893.453,9.169349670410156,7.6151854955242015e-06,-0.9499742388725281,-1.1278477448471614e-07,0.1387859433889389,-3.4953922067870735e-07,0.0031191925518214703,0.13889712452877398,-2.6821164151520553e-07,-0.00492955130209362,trajectory,GOAL_DIRECT,3.648505926132202,9.169349670405182,1.133892328653019e-05
742,80893.562,9.181435585021973,7.584770628454862e-06,-0.9501286745071411,-1.1305718235110098e-07,0.13878613710403442,-3.4965222539540264e-07,-0.014781364239752293,0.13889710903156632,-2.652740393733089e-07,-0.003489784977037068,trajectory,GOAL_DIRECT,3.6478636264801025,9.181435585017029,1.133892328653019e-05
743,80893.687,9.197689056396484,7.543852007074747e-06,-0.9517315030097961,-1.1342352396453096e-07,0.13878574967384338,-3.4980106988768966e-07,-0.0026442238595336676,0.13889714002598263,-2.66953483642195e-07,-0.004391953789025167,trajectory,GOAL_DIRECT,3.6472251415252686,9.197689056391582,1.133892328653019e-05
744,80893.765,9.208107948303223,7.517613084928598e-06,-0.9517130255699158,-1.1365365453825467e-07,0.13878563046455383,-3.4989790265171905e-07,0.0019847743678838015,0.1388971495627269,-2.6742220327076106e-07,-0.004692810347176403,trajectory,GOAL_DIRECT,3.646592140197754,9.208107948298345,1.133892328653019e-05
745,80893.812,9.216026306152344,7.4976655923819635e-06,-0.9515705108642578,-1.1362781919775001e-07,0.13878563046455383,-3.4997242437384557e-07,0.0028460719622671604,0.1388971495627269,-2.6551373662229663e-07,-0.004768839890009969,trajectory,GOAL_DIRECT,3.649481773376465,9.216026306147484,1.133892328653019e-05
746,80893.89,9.222277641296387,7.481915417884011e-06,-0.9514365196228027,-1.13421193365505e-07,0.13878563046455383,-3.5003168363800796e-07,0.003072984516620636,0.13889714956272795,-2.6743705660119675e-07,-0.004800762321875594,trajectory,GOAL_DIRECT,3.649481773376465,9.222277641291543,1.133892328653019e-05
747,80894.031,9.238947868347168,7.43990131013561e-06,-0.9510576128959656,-1.1277317837853214e-07,0.13878563046455383,-3.5019115784962196e-07,0.0031900627072900534,0.13889714956272797,-2.634680849276381e-07,-0.004829073913471004,trajectory,GOAL_DIRECT,3.650437831878662,9.238947868342365,1.133892328653019e-05
748,80894.171,9.25561809539795,7.397868102998473e-06,-0.9506751894950867,-1.1211578422729385e-07,0.13878563046455383,-3.5035276368944324e-07,0.0031793147791177034,0.13889714956272775,-2.639260176382201e-07,-0.004869858830212834,trajectory,GOAL_DIRECT,3.649974822998047,9.255618095393185,1.133892328653019e-05
749,80894.265,9.267704010009766,7.367380931100342e-06,-0.9503990411758423,-1.1163917346763416e-07,0.13878563046455383,-3.5047119695263973e-07,0.0031655963975936174,0.13889714956272864,-2.6426775578252364e-07,-0.004899362650770559,trajectory,GOAL_DIRECT,3.649341344833374,9.267704010005032,1.133892328653019e-05
750,80894.375,9.274788856506348,7.349506176979048e-06,-0.9502379298210144,-1.1135978095334626e-07,0.13878563046455383,-3.505411996229668e-07,0.0031576897017657757,0.13889714956272864,-2.625780763788851e-07,-0.004906785682845725,trajectory,GOAL_DIRECT,3.6486899852752686,9.27478885650163,1.133892328653019e-05
751,80894.468,9.293542861938477,7.30216834199382e-06,-0.9498130083084106,-1.1062021253315578e-07,0.13878563046455383,-3.507282428927283e-07,0.0031385498587042093,0.13889714956272953,-2.618049238144351e-07,-0.0049457025454483815,trajectory,GOAL_DIRECT,3.648040771484375,9.293542861933805,1.133892328653019e-05
752,80894.562,9.298543930053711,7.289540917554405e-06,-0.9497161507606506,-1.1042299428776757e-07,0.13878567516803741,-3.5077906090918987e-07,-0.0005119957495480776,0.13889714598645087,-2.6061050189232445e-07,-0.0046585017741761995,trajectory,GOAL_DIRECT,3.64739727973938,9.29854393004905,1.133892328653019e-05
753,80894.687,9.320215225219727,7.234801614686148e-06,-0.9528384804725647,-1.0956838189106561e-07,0.13878588378429413,-3.510032797748863e-07,-0.02748313918709755,0.13889712929715115,-2.6001454830829087e-07,-0.0023676074019148238,trajectory,GOAL_DIRECT,3.646754264831543,9.320215225215119,1.133892328653019e-05
754,80894.796,9.331884384155273,7.205312158475863e-06,-0.9544703960418701,-1.0910820598513582e-07,0.13878558576107025,-3.5112034879603016e-07,-0.006717866752296686,0.1388971531390099,-2.613993165071052e-07,-0.003810118338097326,trajectory,GOAL_DIRECT,3.646860122680664,9.331884384150694,1.133892328653019e-05
755,80894.89,9.345220565795898,7.1715967351337895e-06,-0.9545655250549316,-1.0858229066406182e-07,0.13878551125526428,-3.512575119657413e-07,0.002018677070736885,0.1388971590994744,-2.5820774646313407e-07,-0.004504285393286935,trajectory,GOAL_DIRECT,3.651454448699951,9.345220565791351,1.133892328653019e-05
756,80895.0,9.358139991760254,7.138922228477895e-06,-0.9543062448501587,-1.0807281019675975e-07,0.13878551125526428,-3.5139279930263e-07,0.003189574461430311,0.1388971590994752,-2.599251231745959e-07,-0.004535079154330804,trajectory,GOAL_DIRECT,3.655818223953247,9.358139991755738,1.133892328653019e-05
757,80895.093,9.368975639343262,7.111508239177056e-06,-0.9540505409240723,-1.0764550399836856e-07,0.13878551125526428,-3.515073956350534e-07,0.003326567355543375,0.13889715909947523,-2.573286316644634e-07,-0.00455882378216417,trajectory,GOAL_DIRECT,3.656038522720337,9.368975639338771,1.133892328653019e-05
758,80895.203,9.373976707458496,7.098853529896587e-06,-0.9539304375648499,-1.074482857529545e-07,0.13878551125526428,-3.515606010751071e-07,0.00333515927195549,0.13889715909947606,-2.606936316703189e-07,-0.00458813149686324,trajectory,GOAL_DIRECT,3.6554555892944336,9.373976707454018,1.133892328653019e-05
759,80895.343,9.399398803710938,7.0344908635888714e-06,-0.9533230066299438,-1.0644575967207335e-07,0.13878551125526428,-3.518339326546993e-07,0.003293567104265094,0.1388971590994761,-2.545947262983764e-07,-0.004615175670193309,trajectory,GOAL_DIRECT,3.6547796726226807,9.39939880370652,1.133892328653019e-05
760,80895.437,9.411484718322754,7.00387499819044e-06,-0.953037440776825,-1.0596914891229465e-07,0.13878551125526428,-3.519655535910715e-07,0.003268774598836899,0.13889715909947684,-2.57528082450413e-07,-0.004659419758126398,trajectory,GOAL_DIRECT,3.6547796726226807,9.411484718318366,1.133892328653019e-05
761,80895.531,9.416485786437988,6.99120391800534e-06,-0.9529200792312622,-1.0577193066686606e-07,0.13878551125526428,-3.520204074902722e-07,0.003259049728512764,0.13889715909947686,-2.5632677716841517e-07,-0.004664509845778605,trajectory,GOAL_DIRECT,3.6541006565093994,9.416485786433611,1.133892328653019e-05
762,80895.671,9.43232250213623,6.9510638240899425e-06,-0.9525500535964966,-1.0514740622299753e-07,0.13878551125526428,-3.521952010032692e-07,0.0032305875793099403,0.1388971590994767,-2.557926385631773e-07,-0.004698428450436374,trajectory,GOAL_DIRECT,3.6527597904205322,9.432322502131893,1.133892328653019e-05
763,80895.765,9.45065975189209,6.904557722009486e-06,-0.9521256685256958,-1.0442427265639147e-07,0.13878551125526428,-3.5240000784142467e-07,0.0032018849160522223,0.13889715909947864,-2.5441059129332506e-07,-0.004733600926191568,trajectory,GOAL_DIRECT,3.6527597904205322,9.450659751887795,1.133892328653019e-05
764,80895.875,9.462745666503906,6.873892743897159e-06,-0.9518477916717529,-1.0394766189657032e-07,0.13878551125526428,-3.525364036249812e-07,0.003185103414580226,0.13889715909947864,-2.5150030744547633e-07,-0.004746152248770951,trajectory,GOAL_DIRECT,3.652097702026367,9.46274566649964,1.133892328653019e-05
765,80895.953,9.467329978942871,6.862257578177378e-06,-0.9517428874969482,-1.0376687850491142e-07,0.13878551125526428,-3.525883869315294e-07,0.0031791769433766603,0.13889715909947942,-2.5620777895527426e-07,-0.004781762715848898,trajectory,GOAL_DIRECT,3.651439905166626,9.467329978938615,1.133892328653019e-05
766,80896.093,9.489834785461426,6.80511675454909e-06,-0.9512299299240112,-1.0287939640038317e-07,0.13878551125526428,-3.5284608657093486e-07,0.003153071738779545,0.13889715909947944,-2.507830965006858e-07,-0.004805322178127979,trajectory,GOAL_DIRECT,3.6507863998413086,9.489834785457223,1.133892328653019e-05
767,80896.203,9.502337455749512,6.773353561584372e-06,-0.9509468674659729,-1.0238635078674135e-07,0.13878551125526428,-3.529908383370639e-07,0.003140418091788888,0.13889715909947917,-2.529315041437884e-07,-0.004845596006382244,trajectory,GOAL_DIRECT,3.650137186050415,9.502337455745339,1.133892328653019e-05
768,80896.296,9.515673637390137,6.739458058291348e-06,-0.9506456851959229,-1.0186043546551164e-07,0.13878551125526428,-3.531466745698708e-07,0.00312819448299706,0.1388971590994792,-2.497114246861957e-07,-0.004859677231181401,trajectory,GOAL_DIRECT,3.6494927406311035,9.515673637385996,1.133892328653019e-05
769,80896.39,9.519007682800293,6.730981567670824e-06,-0.950570821762085,-1.017289566352023e-07,0.13878551125526428,-3.5318578284204705e-07,0.0031253423076123,0.13889715909948105,-2.5382341247197774e-07,-0.0048888489563832386,trajectory,GOAL_DIRECT,3.648851156234741,9.519007682796161,1.133892328653019e-05
770,80896.531,9.542346000671387,6.671622031717561e-06,-0.9500471949577332,-1.0080860482301564e-07,0.13878551125526428,-3.5346229765309545e-07,0.0031072518322616816,0.13889715909948108,-2.4818211783011965e-07,-0.0049135830585727795,trajectory,GOAL_DIRECT,3.6482114791870117,9.542346000667308,1.133892328653019e-05
771,80896.625,9.555265426635742,6.638741979259066e-06,-0.9497589468955994,-1.002991243555391e-07,0.13878551125526428,-3.53617053860944e-07,0.003098691115155816,0.13889715909948186,-2.5012312341874367e-07,-0.004953592914169898,trajectory,GOAL_DIRECT,3.6475741863250732,9.555265426631696,1.133892328653019e-05
772,80896.734,9.567768096923828,6.606908755202312e-06,-0.9502034783363342,-9.980607874184127e-08,0.13878580927848816,-3.5377189533392084e-07,-0.018515244126319885,0.13889713525762398,-2.4709539369205196e-07,-0.003202251522815099,trajectory,GOAL_DIRECT,3.6469390392303467,9.56776809691981,1.133892328653019e-05
773,80896.828,9.572352409362793,6.595233571715653e-06,-0.9509075880050659,-9.962529535014938e-08,0.1387859433889389,-3.538284261139779e-07,-0.02357255481183529,0.13889712452878872,-2.5080507221860234e-07,-0.002755598101532567,trajectory,GOAL_DIRECT,3.646306276321411,9.572352409358786,1.133892328653019e-05
774,80896.968,9.596107482910156,6.5347030613338575e-06,-0.9519396424293518,-9.868850868408651e-08,0.13878574967384338,-3.5411497378845525e-07,0.002213800325989723,0.13889714002599637,-2.450463793039087e-07,-0.004766903791344273,trajectory,GOAL_DIRECT,3.6487350463867188,9.596107482906206,1.133892328653019e-05
775,80897.062,9.607776641845703,6.50495076115476e-06,-0.9517083764076233,-9.82283327779362e-08,0.13878574967384338,-3.5425938449407113e-07,0.003054642817005515,0.13889714002599826,-2.475777789857849e-07,-0.004769491973878121,trajectory,GOAL_DIRECT,3.6509311199188232,9.60777664184178,1.133892328653019e-05
776,80897.156,9.612777709960938,6.492197371699149e-06,-0.9515965580940247,-9.803111453244037e-08,0.13878574967384338,-3.543216280377237e-07,0.0031437554862350225,0.13889714002599826,-2.463637885857309e-07,-0.004782211903096413,trajectory,GOAL_DIRECT,3.6509311199188232,9.612777709957026,1.133892328653019e-05
777,80897.265,9.633615493774414,6.439027401938802e-06,-0.9511181712150574,-9.720937184285591e-08,0.13878574967384338,-3.54583079342774e-07,0.0031964131630957127,0.1388971400259981,-2.444502061387377e-07,-0.00482541018681335,trajectory,GOAL_DIRECT,3.6506333351135254,9.633615493770552,1.133892328653019e-05
778,80897.406,9.648201942443848,6.4017867771326564e-06,-0.9507833123207092,-9.663415196012909e-08,0.13878574967384338,-3.547680762494565e-07,0.003180183470249176,0.13889714002599896,-2.4483400484234136e-07,-0.004861862804995419,trajectory,GOAL_DIRECT,3.650017261505127,9.648201942440018,1.133892328653019e-05
779,80897.5,9.661538124084473,6.367719834088348e-06,-0.9504786729812622,-9.610823663876611e-08,0.13878574967384338,-3.5493863492774835e-07,0.0031643924303352833,0.13889714002599887,-2.4433592540498855e-07,-0.004890536599499326,trajectory,GOAL_DIRECT,3.6493663787841797,9.661538124080675,1.133892328653019e-05
780,80897.609,9.67279052734375,6.338963430607691e-06,-0.9502227902412415,-9.566449558635661e-08,0.13878574967384338,-3.5508352880242455e-07,0.0031520435586571693,0.13889714002599887,-2.415951946244858e-07,-0.004902342826766114,trajectory,GOAL_DIRECT,3.648714065551758,9.672790527339979,1.133892328653019e-05
781,80897.64,9.678625106811523,6.324046808003914e-06,-0.9500905275344849,-9.543440763325198e-08,0.13878574967384338,-3.5515913054950943e-07,0.0031460297759622335,0.13889714002599965,-2.4479825402790877e-07,-0.004933089822332032,trajectory,GOAL_DIRECT,3.6480653285980225,9.678625106807765,1.133892328653019e-05
782,80897.828,9.69987964630127,6.269684945436893e-06,-0.949610710144043,-9.459623008977965e-08,0.13878574967384338,-3.554364411684219e-07,0.003126305527985096,0.13889714002599968,-2.3961496539759634e-07,-0.004955502752015955,trajectory,GOAL_DIRECT,3.647420644760132,9.69987964629756,1.133892328653019e-05
783,80897.921,9.714049339294434,6.23342020844575e-06,-0.9502891898155212,-9.40374450607809e-08,0.138786181807518,-3.556278045380168e-07,-0.0207393579185009,0.13889710545530762,-2.41240599262715e-07,-0.003039204792408546,trajectory,GOAL_DIRECT,3.646779775619507,9.714049339290758,1.133892328653019e-05
784,80898.015,9.71738338470459,6.224885510164313e-06,-0.9508203864097595,-9.390596623042625e-08,0.13878625631332397,-3.556721139830188e-07,-0.02151641622185707,0.13889709949484313,-2.40426395700245e-07,-0.0029504802984281382,trajectory,GOAL_DIRECT,3.646139621734619,9.717383384700923,1.133892328653019e-05
785,80898.156,9.740721702575684,6.165106242406182e-06,-0.9515085220336914,-9.29856144179224e-08,0.13878615200519562,-3.559792105534143e-07,0.0024196465965360403,0.1388971078394943,-2.3800160757299285e-07,-0.004777836395647314,trajectory,GOAL_DIRECT,3.6474967002868652,9.74072170257207,1.133892328653019e-05
786,80898.359,9.767394065856934,6.0967213357798755e-06,-0.9509266018867493,-9.193378377501518e-08,0.13878615200519562,-3.5634027995001816e-07,0.0032020816579461098,0.1388971078394941,-2.3583757328370695e-07,-0.004839308179192848,trajectory,GOAL_DIRECT,3.650084972381592,9.76739406585338,1.133892328653019e-05
787,80898.468,9.77906322479248,6.066781224944862e-06,-0.9506579041481018,-9.147360786872794e-08,0.13878615200519562,-3.5649995311359817e-07,0.003197923069819808,0.1388971078394949,-2.379560644566467e-07,-0.0048779650241455585,trajectory,GOAL_DIRECT,3.649268388748169,9.779063224788956,1.133892328653019e-05
788,80898.562,9.784897804260254,6.051807304174872e-06,-0.9505235552787781,-9.124351991558082e-08,0.13878615200519562,-3.5658024444273906e-07,0.0031913784332573414,0.1388971078394949,-2.3652567149039725e-07,-0.004884158896686748,trajectory,GOAL_DIRECT,3.649268388748169,9.784897804256744,1.133892328653019e-05
789,80898.703,9.807819366455078,5.992944352328777e-06,-0.9499993920326233,-9.033960295676599e-08,0.13878615200519562,-3.568979423107521e-07,0.0031637067440897226,0.13889710783949583,-2.3416120224961097e-07,-0.004925852853715281,trajectory,GOAL_DIRECT,3.648618221282959,9.80781936645162,1.133892328653019e-05
790,80898.796,9.819071769714355,5.96402833252796e-06,-0.950169026851654,-8.990288208061873e-08,0.13878647983074188,-3.570589797163848e-07,-0.01473995577543974,0.13889708161345296,-2.3565803135856883e-07,-0.0035080963995092,trajectory,GOAL_DIRECT,3.647966146469116,9.819071769710924,1.133892328653019e-05
791,80898.828,9.825323104858398,5.947957561147632e-06,-0.9510226249694824,-8.975261650932781e-08,0.13878656923770905,-3.571475417629699e-07,-0.01816226914525032,0.1388970744608956,-2.3411316635322975e-07,-0.003191631424032935,trajectory,GOAL_DIRECT,3.6473166942596436,9.82532310485498,1.133892328653019e-05
792,80898.921,9.834074974060059,5.925453024246963e-06,-0.9515954256057739,-8.959533076267524e-08,0.13878637552261353,-3.5726796454582654e-07,-0.0028149292338639498,0.13889708995810415,-2.351777515950014e-07,-0.004345843975693249,trajectory,GOAL_DIRECT,3.6473166942596436,9.83407497405666,1.133892328653019e-05
793,80899.031,9.846160888671875,5.894362857361557e-06,-0.9515571594238281,-8.931121313584058e-08,0.13878637552261353,-3.5743846638069954e-07,0.00224958430044353,0.13889708995810415,-2.3218804410345532e-07,-0.004752918367535137,trajectory,GOAL_DIRECT,3.6466751098632812,9.846160888668503,1.133892328653019e-05
794,80899.14,9.8594970703125,5.860039436811348e-06,-0.9512869119644165,-8.90106251286028e-08,0.13878637552261353,-3.5762889183388324e-07,0.0031064641661942005,0.13889708995810507,-2.3268756232865905e-07,-0.004811507396590295,trajectory,GOAL_DIRECT,3.6494300365448,9.85949707030916,1.133892328653019e-05
795,80899.265,9.874917030334473,5.820329079142539e-06,-0.9509341716766357,-8.86630702452496e-08,0.13878637552261353,-3.5785089380624413e-07,0.0032082931138575077,0.13889708995810507,-2.2886591761607538e-07,-0.004837290726792397,trajectory,GOAL_DIRECT,3.650153875350952,9.874917030331169,1.133892328653019e-05
796,80899.375,9.88616943359375,5.7913357522920705e-06,-0.9506747126579285,-8.840944911416449e-08,0.13878637552261353,-3.5801403441837465e-07,0.0032027210108935833,0.13889708995810596,-2.313141184766017e-07,-0.0048771760115368335,trajectory,GOAL_DIRECT,3.649658203125,9.88616943359047,1.133892328653019e-05
797,80899.468,9.899088859558105,5.758030965807848e-06,-0.9503774642944336,-8.81182544821888e-08,0.13878637552261353,-3.582025271953171e-07,0.003186906222254038,0.13889708995810596,-2.2810796282396452e-07,-0.004890773246620414,trajectory,GOAL_DIRECT,3.6490182876586914,9.899088859554855,1.133892328653019e-05
798,80899.5,9.90367317199707,5.746209808421554e-06,-0.9502725601196289,-8.801492735471635e-08,0.13878637552261353,-3.5826974453812e-07,0.0031810663640499115,0.1388970899581079,-2.3136064678613982e-07,-0.004919998709596602,trajectory,GOAL_DIRECT,3.6483652591705322,9.90367317199383,1.133892328653019e-05
799,80899.593,9.914092063903809,5.719333330489462e-06,-0.9500342011451721,-8.778009297410262e-08,0.13878637552261353,-3.5842302281707816e-07,0.003168343100696802,0.13889708995810793,-2.2877296229828152e-07,-0.004930898797251193,trajectory,GOAL_DIRECT,3.6483652591705322,9.914092063900593,1.133892328653019e-05
800,80899.703,9.927845001220703,5.683837571268668e-06,-0.9497214555740356,-8.747011159170411e-08,0.13878637552261353,-3.58626664365147e-07,0.0031529886182397604,0.1388970899581078,-2.2807403438786028e-07,-0.0049603818953289055,trajectory,GOAL_DIRECT,3.6477134227752686,9.927845001217518,1.133892328653019e-05
801,80899.812,9.940764427185059,5.650475941365585e-06,-0.950217604637146,-8.706390852920018e-08,0.13878656923770905,-3.5882396787201287e-07,-0.01908179000020027,0.13889707446090016,-2.2487012165995417e-07,-0.003156792152698185,trajectory,GOAL_DIRECT,3.647063732147217,9.940764427181904,1.133892328653019e-05
802,80899.937,9.9566011428833,5.609555500996066e-06,-0.9516947865486145,-8.595788479157268e-08,0.13878613710403442,-3.590580490708817e-07,-0.0017328975955024362,0.13889710903159508,-2.2583434173948901e-07,-0.004462790404342143,trajectory,GOAL_DIRECT,3.646419048309326,9.956601142880181,1.133892328653019e-05
803,80900.062,9.970770835876465,5.5729196901666e-06,-0.9515739679336548,-8.480956956051378e-08,0.13878613710403442,-3.592714676869946e-07,0.00265877740457654,0.1388971090315959,-2.2534610678434872e-07,-0.004755295851456084,trajectory,GOAL_DIRECT,3.6473562717437744,9.970770835873378,1.133892328653019e-05
804,80900.187,9.985357284545898,5.5351838454953395e-06,-0.9512577652931213,-8.365888111680739e-08,0.13878613710403442,-3.594936686113215e-07,0.003179935272783041,0.1388971090315968,-2.244570162354263e-07,-0.004818104283896788,trajectory,GOAL_DIRECT,3.6502532958984375,9.985357284542843,1.133892328653019e-05
805,80900.265,9.997443199157715,5.503898591996403e-06,-0.9509786367416382,-8.270545354916223e-08,0.13878613710403442,-3.59679063421936e-07,0.003218686440959573,0.13889710903159683,-2.2149698264784344e-07,-0.004835160804925068,trajectory,GOAL_DIRECT,3.650129795074463,9.997443199154688,1.133892328653019e-05
806,80900.312,10.00119400024414,5.494186552823521e-06,-0.9508917331695557,-8.240956223506496e-08,0.13878613710403442,-3.5973687317891745e-07,0.0032176305539906025,0.13889710903159744,-2.2560324434215263e-07,-0.004865565094970873,trajectory,GOAL_DIRECT,3.6495306491851807,10.00119400024112,1.133892328653019e-05
807,80900.39,10.011612892150879,5.467200026032515e-06,-0.9506505727767944,-8.158764191812688e-08,0.13878613710403442,-3.598978821628407e-07,0.0032067897263914347,0.13889710903159747,-2.230494742806136e-07,-0.0048767558484010005,trajectory,GOAL_DIRECT,3.6495306491851807,10.011612892147884,1.133892328653019e-05
808,80900.5,10.025782585144043,5.430478267953731e-06,-0.9503244161605835,-8.046983028708816e-08,0.13878613710403442,-3.601182072543452e-07,0.003187914378941059,0.1388971090315975,-2.1957148206213058e-07,-0.004891553651415518,trajectory,GOAL_DIRECT,3.648878574371338,10.02578258514108,1.133892328653019e-05
809,80900.609,10.03745174407959,5.400219833973097e-06,-0.9500573873519897,-7.954927953211257e-08,0.13878613710403442,-3.603008167374355e-07,0.003173092845827341,0.13889710903159816,-2.220320312955318e-07,-0.004932449040843511,trajectory,GOAL_DIRECT,3.648221492767334,10.037451744076652,1.133892328653019e-05
810,80900.703,10.041202545166016,5.3904914238955826e-06,-0.949971616268158,-7.925338821801281e-08,0.13878613710403442,-3.603596780976659e-07,0.0031685964204370975,0.13889710903159816,-2.2111016635055892e-07,-0.004936377881003882,trajectory,GOAL_DIRECT,3.647568941116333,10.041202545163085,1.133892328653019e-05
811,80900.843,10.067041397094727,5.323423920344794e-06,-0.9509948492050171,-7.707886452744025e-08,0.13878631591796875,-3.6077460663364036e-07,-0.023829953745007515,0.13889709472648432,-2.1765439396148493e-07,-0.0027408251989209805,trajectory,GOAL_DIRECT,3.646920919418335,10.067041397091854,1.133892328653019e-05
812,80900.953,10.078710556030273,5.293110916682053e-06,-0.9524854421615601,-7.581084416635689e-08,0.13878601789474487,-3.6095687505621754e-07,-0.006152718793600798,0.1388971185683429,-2.1966801613493445e-07,-0.004035539737770348,trajectory,GOAL_DIRECT,3.646280527114868,10.078710556027428,1.133892328653019e-05
813,80901.046,10.09079647064209,5.26169878867222e-06,-0.9525792002677917,-7.426453263448876e-08,0.13878585398197174,-3.6114909107709536e-07,0.0017493651248514652,0.13889713168136478,-2.1673683878254834e-07,-0.0046630185459349445,trajectory,GOAL_DIRECT,3.649346113204956,10.090796470639269,1.133892328653019e-05
814,80901.14,10.096214294433594,5.247611170489108e-06,-0.9524919390678406,-7.357766517863228e-08,0.13878585398197174,-3.61236232038209e-07,0.002616353565827012,0.13889713168136536,-2.2000241506989283e-07,-0.004667164933938398,trajectory,GOAL_DIRECT,3.6521048545837402,10.096214294430787,1.133892328653019e-05
815,80901.281,10.118719100952148,5.189061084820423e-06,-0.9519897103309631,-7.072452343890419e-08,0.13878585398197174,-3.6160133731755195e-07,0.0032570648472756147,0.13889713168136544,-2.145294525873103e-07,-0.004743533273298158,trajectory,GOAL_DIRECT,3.6521048545837402,10.118719100949392,1.133892328653019e-05
816,80901.39,10.131221771240234,5.156506176717812e-06,-0.9516964554786682,-6.913944469460134e-08,0.13878585398197174,-3.6180588836032257e-07,0.0032538443338125944,0.1388971316813659,-2.168947940659209e-07,-0.004783825442309725,trajectory,GOAL_DIRECT,3.651888608932495,10.131221771237504,1.133892328653019e-05
817,80901.5,10.14372444152832,5.1239339882158674e-06,-0.9514044523239136,-6.755436595029088e-08,0.13878585398197174,-3.620116899583081e-07,0.0032347652595490217,0.13889713168136594,-2.1384449926645357e-07,-0.004796899274106371,trajectory,GOAL_DIRECT,3.6512696743011475,10.143724441525617,1.133892328653019e-05
818,80901.593,10.156643867492676,5.090256308903918e-06,-0.9511045813560486,-6.591645124782812e-08,0.13878585398197174,-3.6222550647835305e-07,0.0032142235431820154,0.13889713168136647,-2.1552541070583517e-07,-0.004835950710218078,trajectory,GOAL_DIRECT,3.650607109069824,10.15664386749,1.133892328653019e-05
819,80901.687,10.16122817993164,5.0783010010491125e-06,-0.9509984850883484,-6.533525570824245e-08,0.13878585398197174,-3.6230179034646426e-07,0.0032072796020656824,0.1388971316813665,-2.1440464467859113e-07,-0.004840700008313781,trajectory,GOAL_DIRECT,3.64994215965271,10.161228179928976,1.133892328653019e-05
820,80901.812,10.182899475097656,5.021753167966381e-06,-0.9505007266998291,-6.258778588473158e-08,0.13878585398197174,-3.626641387199925e-07,0.003177548758685589,0.13889713168136733,-2.1247907384670761e-07,-0.0048810372475862045,trajectory,GOAL_DIRECT,3.6492843627929688,10.182899475095038,1.133892328653019e-05
821,80901.937,10.19706916809082,4.984747647540644e-06,-0.9501774907112122,-6.079136330780727e-08,0.13878585398197174,-3.629031084528833e-07,0.0031607653945684433,0.13889713168136902,-2.1318214587265565e-07,-0.004917715114032637,trajectory,GOAL_DIRECT,3.6486284732818604,10.197069168088234,1.133892328653019e-05
822,80902.046,10.209988594055176,4.950987658958184e-06,-0.9498839974403381,-5.9153480579731386e-08,0.13878585398197174,-3.631222114108823e-07,0.003146951552480459,0.13889713168136905,-2.1000832392607297e-07,-0.004931284670209301,trajectory,GOAL_DIRECT,3.6479790210723877,10.209988594052618,1.133892328653019e-05
823,80902.156,10.22415828704834,4.9139630391437095e-06,-0.9504203796386719,-5.7591976953049936e-08,0.13878612220287323,-3.619879294092243e-07,-0.01966666802763939,0.13889711022369744,-2.1182899066414636e-07,-0.003106459258509041,trajectory,GOAL_DIRECT,3.6473326683044434,10.224158287045812,1.133892328653019e-05
824,80902.25,10.236660957336426,4.881650966126472e-06,-0.9520362019538879,-5.635919561344856e-08,0.13878585398197174,-3.5504604056768585e-07,-0.006993586663156748,0.1388971316813704,-2.1201681466186747e-07,-0.004015959776255051,trajectory,GOAL_DIRECT,3.6466877460479736,10.236660957333925,1.133892328653019e-05
825,80902.281,10.240411758422852,4.872108092968119e-06,-0.9521602392196655,-5.5989361225476794e-08,0.13878579437732697,-3.517421021115297e-07,-0.002608431503176689,0.13889713644974203,-2.113802574757844e-07,-0.004360570325764576,trajectory,GOAL_DIRECT,3.6477606296539307,10.240411758420358,1.133892328653019e-05
826,80902.375,10.252080917358398,4.843110218644142e-06,-0.9521191716194153,-5.491155257010003e-08,0.13878579437732697,-3.3782635000534356e-07,0.0022436578292399645,0.1388971364497419,-2.1276846507796166e-07,-0.00467438604958367,trajectory,GOAL_DIRECT,3.6477606296539307,10.25208091735593,1.133892328653019e-05
827,80902.484,10.265000343322754,4.812461156689096e-06,-0.951857328414917,-5.400160856379291e-08,0.13878579437732697,-3.2165129937311576e-07,0.0031181068625301123,0.13889713644974197,-2.1114715949978202e-07,-0.004757434132471796,trajectory,GOAL_DIRECT,3.6511313915252686,10.26500034332031,1.133892328653019e-05
828,80902.562,10.276252746582031,4.7869161790004e-06,-0.95159912109375,-5.3209076704223055e-08,0.13878579437732697,-3.0939088446757523e-07,0.0032234962563961744,0.1388971364497438,-2.1401356525810665e-07,-0.0047920777811721335,trajectory,GOAL_DIRECT,3.6511447429656982,10.276252746579605,1.133892328653019e-05
829,80902.609,10.280837059020996,4.776781224791193e-06,-0.9514926671981812,-5.2886193358536546e-08,0.13878579437732697,-3.0488638458336936e-07,0.0032298064325004816,0.13889713644974383,-2.1341301459480645e-07,-0.004797905290038921,trajectory,GOAL_DIRECT,3.650559663772583,10.280837059018578,1.133892328653019e-05
830,80902.812,10.305008888244629,4.725503458757885e-06,-0.9509321451187134,-5.118371757899221e-08,0.13878579437732697,-2.8583625066858076e-07,0.003205167595297098,0.13889713644974375,-2.126983860157899e-07,-0.004839974147380311,trajectory,GOAL_DIRECT,3.6499059200286865,10.30500888824225,1.133892328653019e-05
831,80902.921,10.317511558532715,4.70009763375856e-06,-0.9506443738937378,-5.030312668697422e-08,0.13878579437732697,-2.790841051591997e-07,0.0031878086738288403,0.13889713644974458,-2.1467094856246956e-07,-0.0048775889577552505,trajectory,GOAL_DIRECT,3.649247169494629,10.317511558530356,1.133892328653019e-05
832,80903.109,10.332514762878418,4.670268936024513e-06,-0.9503010511398315,-4.9246417642130715e-08,0.13878579437732697,-2.7377291189623065e-07,0.003168937284499407,0.13889713644974463,-2.1227947689648964e-07,-0.004893245384304208,trajectory,GOAL_DIRECT,3.649247169494629,10.33251476287608,1.133892328653019e-05
833,80903.234,10.35668659210205,4.622932010533987e-06,-0.9497522711753845,-4.754394201764483e-08,0.13878579437732697,-2.716211326969642e-07,0.0031428379006683826,0.1388971364497454,-2.121871568660694e-07,-0.004946310513762693,trajectory,GOAL_DIRECT,3.647942066192627,10.356686592099749,1.133892328653019e-05
834,80903.359,10.371273040771484,4.594300207827473e-06,-0.9506406188011169,-4.6516586072463046e-08,0.13878603279590607,-2.7421123149906634e-07,-0.022079207003116608,0.13889711737625884,-2.1290363865556557e-07,-0.0029082288556668595,trajectory,GOAL_DIRECT,3.6472949981689453,10.371273040769204,1.133892328653019e-05
835,80903.453,10.3833589553833,4.570272722048685e-06,-0.9524434208869934,-4.566534830929316e-08,0.13878580927848816,-2.784107948627934e-07,-0.009654449298977852,0.1388971352576521,-2.1248316490998983e-07,-0.003773058159045945,trajectory,GOAL_DIRECT,3.6466517448425293,10.383358955381038,1.133892328653019e-05
836,80903.546,10.387943267822266,4.561051355267409e-06,-0.9526444673538208,-4.5342465024560874e-08,0.13878564536571503,-2.805065264510631e-07,-0.003258967772126198,0.13889714837067396,-2.1144246867792089e-07,-0.004274644357852708,trajectory,GOAL_DIRECT,3.646757125854492,10.38794326782001,1.133892328653019e-05
837,80903.671,10.408781051635742,4.518056357483147e-06,-0.9524511098861694,-4.3874813763347817e-08,0.13878557085990906,-2.937552778803365e-07,0.0030096829868853092,0.13889715433113928,-2.08825002761893e-07,-0.004697806585039937,trajectory,GOAL_DIRECT,3.6511638164520264,10.408781051633518,1.133892328653019e-05
838,80903.781,10.422533988952637,4.488401373237139e-06,-0.9521373510360718,-4.2906163960499856e-08,0.13878557085990906,-3.057481023915898e-07,0.003244084073230624,0.13889715433114008,-2.0825437141843473e-07,-0.004740737781983778,trajectory,GOAL_DIRECT,3.652296304702759,10.422533988950436,1.133892328653019e-05
839,80903.89,10.4367036819458,4.456470378499944e-06,-0.9518051743507385,-4.190816115789411e-08,0.13878557085990906,-3.207833003671112e-07,0.0032508959993720055,0.13889715433114005,-2.0400518574659262e-07,-0.004757891570341751,trajectory,GOAL_DIRECT,3.6518404483795166,10.436703681943625,1.133892328653019e-05
840,80904.0,10.450873374938965,4.422885467647575e-06,-0.9514745473861694,-4.1088660234695474e-08,0.13878557085990906,-3.3747363659131224e-07,0.0032300862949341536,0.1388971543311397,-2.0391049553455212e-07,-0.004801123981468352,trajectory,GOAL_DIRECT,3.651195764541626,10.450873374936815,1.133892328653019e-05
841,80904.093,10.454207420349121,4.414744580572005e-06,-0.951397180557251,-4.092899514401441e-08,0.13878557085990906,-3.4084294497915835e-07,0.003224822459742427,0.1388971543311397,-2.0285447560048365e-07,-0.004804571216098937,trajectory,GOAL_DIRECT,3.6505327224731445,10.454207420346977,1.133892328653019e-05
842,80904.234,10.477962493896484,4.354933935246663e-06,-0.9508486986160278,-3.9791381352261304e-08,0.13878557085990906,-3.561511050520494e-07,0.0031896736472845078,0.13889715433114164,-1.9873757796665715e-07,-0.00484710019045445,trajectory,GOAL_DIRECT,3.6498701572418213,10.477962493894388,1.133892328653019e-05
843,80904.343,10.49088191986084,4.321687356423354e-06,-0.9505529403686523,-3.9219645983723715e-08,0.13878557085990906,-3.5807218523586926e-07,0.0031730516348034143,0.13889715433114252,-1.99386724961376e-07,-0.004884644569822102,trajectory,GOAL_DIRECT,3.6492135524749756,10.490881919858769,1.133892328653019e-05
844,80904.437,10.504218101501465,4.287404863134725e-06,-0.950249195098877,-3.879703330106382e-08,0.13878557085990906,-3.553224132701871e-07,0.0031576629262417555,0.13889715433114252,-1.9626722089163595e-07,-0.004898600736625939,trajectory,GOAL_DIRECT,3.6485610008239746,10.50421810149942,1.133892328653019e-05
845,80904.468,10.507552146911621,4.278893356968183e-06,-0.9501733779907227,-3.869372847228223e-08,0.13878557085990906,-3.538837347605295e-07,0.0031540433410555124,0.1388971543311434,-2.000043704723464e-07,-0.0049284288325646824,trajectory,GOAL_DIRECT,3.647911548614502,10.507552146909584,1.133892328653019e-05
846,80904.531,10.515470504760742,4.258845365257002e-06,-0.9499937891960144,-3.8448379501095824e-08,0.13878557085990906,-3.4926253533740237e-07,0.0031458106823265553,0.1388971543311434,-1.984214410827348e-07,-0.004936749659601779,trajectory,GOAL_DIRECT,3.647911548614502,10.51547050475872,1.133892328653019e-05
847,80904.625,10.521721839904785,4.24323388870107e-06,-0.9498685598373413,-3.825468294205942e-08,0.13878560066223145,-3.4437340445947484e-07,-0.0005062016425654292,0.13889715194695765,-1.9729233939069488e-07,-0.004650850141544076,trajectory,GOAL_DIRECT,3.6472671031951904,10.521721839902774,1.133892328653019e-05
848,80904.765,10.54380989074707,4.190379968349589e-06,-0.9530724287033081,-3.757028841332459e-08,0.13878576457500458,-3.183999126576964e-07,-0.027544772252440453,0.13889713883393687,-1.9712615397105709e-07,-0.0023442863995960838,trajectory,GOAL_DIRECT,3.6466574668884277,10.5438098907451,1.133892328653019e-05
849,80904.859,10.556729316711426,4.161690412729513e-06,-0.9550254940986633,-3.735078516415684e-08,0.1387854665517807,-2.98399811526906e-07,-0.007394620217382908,0.13889716267579577,-1.9943898221234457e-07,-0.003717949473537716,trajectory,GOAL_DIRECT,3.6466574668884277,10.556729316709477,1.133892328653019e-05
850,80904.984,10.57006549835205,4.134037681069458e-06,-0.955147385597229,-3.731326035774124e-08,0.1387852281332016,-2.778301677608397e-07,0.0019482385832816362,0.13889718174928214,-1.9837232884662835e-07,-0.004459283602662596,trajectory,GOAL_DIRECT,3.650035858154297,10.570065498350122,1.133892328653019e-05
851,80905.093,10.581734657287598,4.111427188036032e-06,-0.954918384552002,-3.7280426157835514e-08,0.1387852281332016,-2.606625457701739e-07,0.003158851061016321,0.1388971817492832,-2.0131962321714358e-07,-0.004476462269634265,trajectory,GOAL_DIRECT,3.6555442810058594,10.581734657285685,1.133892328653019e-05
852,80905.187,10.593820571899414,4.089488811587216e-06,-0.9546326994895935,-3.7246419313549375e-08,0.1387852281332016,-2.4383066943300946e-07,0.003347205463796854,0.13889718174928326,-2.0052033481306724e-07,-0.004505814874977129,trajectory,GOAL_DIRECT,3.6573052406311035,10.593820571897517,1.133892328653019e-05
853,80905.281,10.60673999786377,4.0676068238099106e-06,-0.9543204307556152,-3.721006717597681e-08,0.1387852281332016,-2.269271561772257e-07,0.0033495971001684666,0.13889718174928328,-2.0284231927727992e-07,-0.004544221748514654,trajectory,GOAL_DIRECT,3.6569061279296875,10.606739997861887,1.133892328653019e-05
854,80905.421,10.622159957885742,4.04347019866691e-06,-0.9539504647254944,-3.708448742476415e-08,0.1387852281332016,-2.0823013358040043e-07,0.0033167984802275896,0.13889718174928334,-2.019926041462161e-07,-0.004560096160425427,trajectory,GOAL_DIRECT,3.6562461853027344,10.622159957883875,1.133892328653019e-05
855,80905.5,10.634245872497559,4.025949692731956e-06,-0.9536629915237427,-3.71044250556995e-08,0.1387852281332016,-1.9470066092708294e-07,0.0032901058439165354,0.13889718174928437,-2.047611357065223e-07,-0.0046022943058978,trajectory,GOAL_DIRECT,3.655562162399292,10.634245872495702,1.133892328653019e-05
856,80905.625,10.639663696289062,4.018469098809874e-06,-0.9535350203514099,-3.715019139045628e-08,0.1387852281332016,-1.8895663345119829e-07,0.0032787674572318792,0.1388971817492844,-2.044887126460848e-07,-0.004607785793579665,trajectory,GOAL_DIRECT,3.654881238937378,10.639663696287212,1.133892328653019e-05
857,80905.718,10.660918235778809,3.991175162809668e-06,-0.9530364871025085,-3.732973623169673e-08,0.1387852281332016,-1.6834086125072645e-07,0.0032384891528636217,0.13889718174928445,-2.0539067763334838e-07,-0.0046477341613711965,trajectory,GOAL_DIRECT,3.654207229614258,10.660918235776972,1.133892328653019e-05
858,80905.812,10.670920372009277,3.979369466833305e-06,-0.952803909778595,-3.7414227915805666e-08,0.1387852281332016,-1.5969725097875198e-07,0.003221677616238594,0.1388971817492845,-2.0711064883405992e-07,-0.004679910868271946,trajectory,GOAL_DIRECT,3.653538942337036,10.670920372007448,1.133892328653019e-05
859,80905.937,10.684673309326172,3.964103143516695e-06,-0.9524860382080078,-3.753040397530397e-08,0.1387852281332016,-1.4891784871906566e-07,0.0032005782704800367,0.13889718174928453,-2.0648777248911013e-07,-0.00469411649914062,trajectory,GOAL_DIRECT,3.652876853942871,10.684673309324351,1.133892328653019e-05
860,80906.031,10.698009490966797,3.950260634155711e-06,-0.9521796703338623,-3.7643059541348554e-08,0.1387852281332016,-1.3968761436444765e-07,0.003182278946042061,0.13889718174928561,-2.081675705683384e-07,-0.004732143552365102,trajectory,GOAL_DIRECT,3.652876853942871,10.698009490964983,1.133892328653019e-05
861,80906.125,10.708428382873535,3.940027454518713e-06,-0.9519412517547607,-3.7731071697660674e-08,0.1387852281332016,-1.333139891812607e-07,0.0031693570781499147,0.13889718174928561,-2.076857475570024e-07,-0.004743030731888809,trajectory,GOAL_DIRECT,3.652219533920288,10.708428382871727,1.133892328653019e-05
862,80906.234,10.720514297485352,3.928717887902167e-06,-0.9516663551330566,-3.783316579386141e-08,0.1387852281332016,-1.2684101591275976e-07,0.003155678976327181,0.13889718174928567,-2.0926581004904068e-07,-0.004779605257872713,trajectory,GOAL_DIRECT,3.6515657901763916,10.720514297483549,1.133892328653019e-05
863,80906.328,10.734267234802246,3.916476089216303e-06,-0.9513546824455261,-3.794934182767462e-08,0.1387852281332016,-1.2067769716850307e-07,0.0031415463890880346,0.1388971817492857,-2.0857669985930184e-07,-0.004794058285270107,trajectory,GOAL_DIRECT,3.6509175300598145,10.734267234800448,1.133892328653019e-05
864,80906.375,10.736767768859863,3.914313310815487e-06,-0.951298177242279,-3.797046474214814e-08,0.1387852281332016,-1.1969461866101483e-07,0.003139140084385872,0.1388971817492857,-2.0844673975546534e-07,-0.004796691041056287,trajectory,GOAL_DIRECT,3.6509175300598145,10.736767768858066,1.133892328653019e-05
865,80906.609,10.760522842407227,3.89451861337875e-06,-0.9507632255554199,-3.817113241788158e-08,0.1387852281332016,-1.1246596187675095e-07,0.0031184593681246042,0.13889718174928575,-2.0935275010277734e-07,-0.004847542978109477,trajectory,GOAL_DIRECT,3.649630308151245,10.760522842405438,1.133892328653019e-05
866,80906.734,10.783027648925781,3.876614755426999e-06,-0.9502593874931335,-3.836123861735516e-08,0.1387852281332016,-1.0914060055711161e-07,0.0031021093018352985,0.1388971817492858,-2.1008677630018893e-07,-0.004897400320869331,trajectory,GOAL_DIRECT,3.6489884853363037,10.783027648924,1.133892328653019e-05
867,80906.875,10.799281120300293,3.863875008391915e-06,-0.9498967528343201,-3.849853752735117e-08,0.1387852281332016,-1.0887065826636899e-07,0.003092130646109581,0.13889718174928584,-2.1072450753184665e-07,-0.004936859482419276,trajectory,GOAL_DIRECT,3.648352861404419,10.799281120298517,1.133892328653019e-05
868,80906.968,10.81136703491211,3.854367605526932e-06,-0.9501655697822571,-3.860063158218107e-08,0.1387854814529419,-1.0985498022364482e-07,-0.016429688781499863,0.13889716148370557,-2.110544472929164e-07,-0.003377597946183818,trajectory,GOAL_DIRECT,3.647718667984009,10.811367034910337,1.133892328653019e-05
869,80907.062,10.817201614379883,3.849736913252855e-06,-0.9510201811790466,-3.864991836529573e-08,0.1387854665517807,-1.106800695538368e-07,-0.02123650163412094,0.13889716267579844,-2.1054359958749923e-07,-0.0029503223481346535,trajectory,GOAL_DIRECT,3.6470859050750732,10.81720161437811,1.133892328653019e-05
870,80907.218,10.840123176574707,3.831081812677439e-06,-0.951706051826477,-3.8843545000851014e-08,0.13878516852855682,-1.1605013128246355e-07,0.0023471820168197155,0.13889718651765637,-2.0978232766187473e-07,-0.004753388882181559,trajectory,GOAL_DIRECT,3.6464684009552,10.840123176572943,1.133892328653019e-05
871,80907.296,10.850542068481445,3.822246071649715e-06,-0.9514979720115662,-3.8931557101404106e-08,0.13878516852855682,-1.1969397917255264e-07,0.003028163919225335,0.13889718651765742,-2.1053413165311486e-07,-0.004788151861376278,trajectory,GOAL_DIRECT,3.649517297744751,10.850542068479685,1.133892328653019e-05
872,80907.359,10.85595989227295,3.817536708083935e-06,-0.9513776898384094,-3.897732339207618e-08,0.13878516852855682,-1.2188029074877704e-07,0.003124778624624014,0.13889718651765742,-2.099053867863646e-07,-0.004801895146466009,trajectory,GOAL_DIRECT,3.6504979133605957,10.85595989227119,1.133892328653019e-05
873,80907.531,10.878047943115234,3.797328417931567e-06,-0.9508736729621887,-3.9163909027222746e-08,0.13878516852855682,-1.3285139743857144e-07,0.0031762681901454926,0.13889718651765637,-2.0841223783178155e-07,-0.0048456349588264095,trajectory,GOAL_DIRECT,3.650041341781616,10.878047943113486,1.133892328653019e-05
874,80907.64,10.89096736907959,3.7846120903850533e-06,-0.9505787491798401,-3.927304401284916e-08,0.13878516852855682,-1.4079917320941604e-07,0.003163462970405817,0.13889718651765742,-2.084606146038921e-07,-0.004881490303929792,trajectory,GOAL_DIRECT,3.6494107246398926,10.890967369077847,1.133892328653019e-05
875,80907.734,10.904303550720215,3.770654529944295e-06,-0.9502754807472229,-3.938569947528991e-08,0.13878516852855682,-1.50188185443767e-07,0.0031493334099650383,0.1388971865176574,-2.0635639385602658e-07,-0.0048955233607253885,trajectory,GOAL_DIRECT,3.6487631797790527,10.90430355071848,1.133892328653019e-05
876,80907.828,10.90847110748291,3.7661013720935443e-06,-0.950181245803833,-3.942090430592912e-08,0.13878516852855682,-1.5336908631979895e-07,0.0031451433897018433,0.13889718651765742,-2.0803886909886653e-07,-0.004926169128636507,trajectory,GOAL_DIRECT,3.648115634918213,10.908471107481176,1.133892328653019e-05
877,80907.953,10.930559158325195,3.7402630823635263e-06,-0.9496828317642212,-3.960748989739729e-08,0.13878516852855682,-1.7219029757598037e-07,0.0031248843297362328,0.13889718651765734,-2.040203192769072e-07,-0.004949469105819849,trajectory,GOAL_DIRECT,3.6474709510803223,10.930559158323476,1.133892328653019e-05
878,80908.062,10.94431209564209,3.722549308804446e-06,-0.9504429697990417,-3.9723665822426476e-08,0.1387854814529419,-1.8591445893889613e-07,-0.021220188587903976,0.1388971614837065,-2.0371511065126417e-07,-0.0029898821656010478,trajectory,GOAL_DIRECT,3.6468307971954346,10.944312095640381,1.133892328653019e-05
879,80908.171,10.955981254577637,3.7064244224893628e-06,-0.9518961310386658,-3.982223932889013e-08,0.1387851983308792,-1.980503014920032e-07,-0.00639517605304718,0.1388971841334715,-2.025560509626681e-07,-0.004069844138613335,trajectory,GOAL_DIRECT,3.6461923122406006,10.955981254575939,1.133892328653019e-05
880,80908.281,10.97056770324707,3.6847716273769038e-06,-0.9519675970077515,-3.994545620468035e-08,0.1387851983308792,-2.1466183852680842e-07,0.0021624609362334013,0.13889718413347144,-1.9910930487372373e-07,-0.004750881799301498,trajectory,GOAL_DIRECT,3.6461923122406006,10.970567703245386,1.133892328653019e-05
881,80908.375,10.981820106506348,3.666827296910924e-06,-0.9517465233802795,-4.004050921767245e-08,0.1387851983308792,-2.2855074632843753e-07,0.0030521820299327374,0.1388971841334714,-1.990313083249374e-07,-0.004766160155136465,trajectory,GOAL_DIRECT,3.650968313217163,10.981820106504674,1.133892328653019e-05
882,80908.468,10.986404418945312,3.659187996163382e-06,-0.9516440033912659,-4.0079234517894797e-08,0.1387851983308792,-2.3445937813448836e-07,0.0031485017389059067,0.13889718413347138,-1.9780966228415858e-07,-0.004778991731305002,trajectory,GOAL_DIRECT,3.650968313217163,10.986404418943645,1.133892328653019e-05
883,80908.593,11.009325981140137,3.6179360449750675e-06,-0.95111483335495,-4.027286100713502e-08,0.1387851983308792,-2.66143587168699e-07,0.0032138489186763763,0.13889718413347235,-1.9300815853754505e-07,-0.004824888410870965,trajectory,GOAL_DIRECT,3.6506922245025635,11.009325981138497,1.133892328653019e-05
884,80908.703,11.021828651428223,3.5931452657678165e-06,-0.9508262872695923,-4.0378475447472e-08,0.1387851983308792,-2.849255906767212e-07,0.003198192222043872,0.13854745984077899,-1.9129139821499414e-07,-0.00486130133765222,trajectory,GOAL_DIRECT,3.650073289871216,11.021828651426599,1.133892328653019e-05
885,80908.812,11.028496742248535,3.5792190828942694e-06,-0.9506727457046509,-4.043483801172427e-08,0.13878518342971802,-2.953752584744507e-07,0.0031892412807792425,0.13854746103287185,-1.8908484190874412e-07,-0.00486826234059812,trajectory,GOAL_DIRECT,3.6494193077087402,11.028496742246922,1.133892328653019e-05
886,80908.937,11.05058479309082,3.529373771016253e-06,-0.9501680731773376,-4.0436627614233224e-08,0.1387595385313034,-3.321380290799425e-07,0.0031620613299310207,0.1378306090831799,-1.8264694235241574e-07,-0.004910735562751617,trajectory,GOAL_DIRECT,3.6487653255462646,11.050584793089243,1.133892328653019e-05
887,80909.078,11.066804885864258,3.4889160360762617e-06,-0.9497990608215332,-4.031421934233207e-08,0.13871067762374878,-3.577474956273363e-07,0.0031447773799300194,0.1370062160491984,-1.7846381012301597e-07,-0.004949965830598447,trajectory,GOAL_DIRECT,3.6481709480285645,11.06680488586271,1.133892328653019e-05
888,80909.171,11.078863143920898,3.4572715321701253e-06,-0.9501234889030457,-4.001307924388469e-08,0.13863657414913177,-3.68428629826667e-07,-0.017122434452176094,0.1364038908481638,-1.76029922789619e-07,-0.00332857241774308,trajectory,GOAL_DIRECT,3.64748477935791,11.078863143919374,1.133892328653019e-05
889,80909.265,11.085100173950195,3.4406311897328123e-06,-0.9510301351547241,-3.9887592706033357e-08,0.13858142495155334,-3.707565667809831e-07,-0.017711447551846504,0.13640830278397004,-1.7421515161853109e-07,-0.0032361190571855237,trajectory,GOAL_DIRECT,3.646686315536499,11.085100173948684,1.133892328653019e-05
890,80909.39,11.10421085357666,3.389656740182545e-06,-0.9515599608421326,-3.986646370209033e-08,0.13834041357040405,-3.646961204140098e-07,0.0020041405223309994,0.13574151039123922,-1.7152603607700593e-07,-0.004732812989466798,trajectory,GOAL_DIRECT,3.645996570587158,11.104210853575186,1.133892328653019e-05
891,80909.484,11.116656303405762,3.3574290227988968e-06,-0.9513183832168579,-3.9579584293540076e-08,0.13814882934093475,-3.5003230891561543e-07,0.0030494937673211098,0.13575683712959682,-1.6954937560197513e-07,-0.004828520130329739,trajectory,GOAL_DIRECT,3.648833990097046,11.11665630340431,1.133892328653019e-05
892,80909.578,11.122040748596191,3.3439448543504113e-06,-0.9511972069740295,-3.9533666050073135e-08,0.138056218624115,-3.413843217003887e-07,0.0031500235199928284,0.13458089113235855,-1.7203620483958577e-07,-0.004829963096365017,trajectory,GOAL_DIRECT,3.6490354537963867,11.122040748594749,1.133892328653019e-05
893,80909.703,11.143959045410156,3.2923946946539218e-06,-0.9506896138191223,-3.927323037345168e-08,0.13763605058193207,-3.0758002367292647e-07,0.0032005959656089544,0.13461450457573332,-1.696925602553854e-07,-0.004859388549759668,trajectory,GOAL_DIRECT,3.6483066082000732,11.143959045408751,1.133892328653019e-05
894,80909.796,11.156333923339844,3.2655157156114e-06,-0.9504020810127258,-3.8373688062359654e-08,0.137353777885437,-2.899062963024335e-07,0.0031858300790190697,0.13361323356628801,-1.7098518321371943e-07,-0.004900195918624634,trajectory,GOAL_DIRECT,3.647564172744751,11.156333923338456,1.133892328653019e-05
895,80909.921,11.16909408569336,3.2393604669778142e-06,-0.9501064419746399,-3.7644119313253494e-08,0.13704609870910645,-2.7275424940853554e-07,0.00316972890868783,0.13363784790039454,-1.6985034164441104e-07,-0.004913689776902432,trajectory,GOAL_DIRECT,3.646578073501587,11.16909408569199,1.133892328653019e-05
896,80910.031,11.184284210205078,3.2101536362461047e-06,-0.9497556686401367,-3.683752021951585e-08,0.13664479553699493,-2.5376002099619654e-07,0.003152327612042427,0.13272738814354318,-1.7076125119232554e-07,-0.004955445952450409,trajectory,GOAL_DIRECT,3.6458382606506348,11.184284210203728,1.133892328653019e-05
897,80910.14,11.196158409118652,3.188693426636746e-06,-0.9502050280570984,-3.597675258799341e-08,0.1363157033920288,-2.396518539171666e-07,-0.018466560170054436,0.13218408584595093,-1.7104850510317273e-07,-0.003218870942056138,trajectory,GOAL_DIRECT,3.6449525356292725,11.196158409117317,1.133892328653019e-05
898,80910.218,11.200248718261719,3.1815732199902413e-06,-0.9508374333381653,-3.553998873388855e-08,0.13619820773601532,-2.3506764534886315e-07,-0.022859062999486923,0.13219348549843202,-1.7075380653904524e-07,-0.002835850451648194,trajectory,GOAL_DIRECT,3.6449525356292725,11.200248718260386,1.133892328653019e-05
899,80910.359,11.220227241516113,3.148517407680629e-06,-0.9517144560813904,-3.34347926185548e-08,0.13560789823532104,-2.149931930262028e-07,0.0018197866156697273,0.13164204120636344,-1.7053259479281486e-07,-0.004718802290010709,trajectory,GOAL_DIRECT,3.644294261932373,11.220227241514802,1.133892328653019e-05
900,80910.484,11.234441757202148,3.1266295081877615e-06,-0.9514337778091431,-3.230903173013361e-08,0.13517439365386963,-2.0214217499869847e-07,0.0030914873350411654,0.1309275269508395,-1.7102537116972492e-07,-0.00479605837736998,trajectory,GOAL_DIRECT,3.6465420722961426,11.23444175720085,1.133892328653019e-05
901,80910.578,11.246994972229004,3.10831251226773e-06,-0.9511385560035706,-3.140858525913623e-08,0.13478636741638184,-1.919494252433651e-07,0.0032129711471498013,0.1304255247116121,-1.710857152457414e-07,-0.004832863976533753,trajectory,GOAL_DIRECT,3.6480772495269775,11.246994972227718,1.133892328653019e-05
902,80910.687,11.258302688598633,3.0925414193916367e-06,-0.9508681893348694,-3.053511567178818e-08,0.1344231516122818,-1.8371245857906615e-07,0.003214128315448761,0.13045458197594012,-1.7027291675362035e-07,-0.004846474883432728,trajectory,GOAL_DIRECT,3.6477200984954834,11.258302688597354,1.133892328653019e-05
903,80910.796,11.271993637084961,3.0742614853807027e-06,-0.9505411982536316,-2.960083070058482e-08,0.1339706927537918,-1.7494897974756896e-07,0.0031967160757631063,0.13895023703575443,-1.8317963832120624e-07,-0.004886268908598791,trajectory,GOAL_DIRECT,3.6470847129821777,11.271993637083693,1.133892328653019e-05
904,80910.906,11.2836332321167,3.059326900256565e-06,-0.9502637386322021,-2.9139414866214336e-08,0.13364705443382263,-1.685500308212795e-07,0.0031828382052481174,0.1393082356452938,1.4585850538644961e-08,-0.004913391260854211,trajectory,STRAIGHT,3.6462836265563965,11.28363323211544,1.133892328653019e-05
905,80910.984,11.295649528503418,3.044415279873647e-06,-0.9499778747558594,-2.8618111012694146e-08,0.13366706669330597,-1.6298109528634086e-07,0.0031669223681092262,0.13930663466453513,1.5551113595882303e-08,-0.0049264111877002385,trajectory,STRAIGHT,3.6456139087677,11.295649528502167,1.133892328653019e-05
906,80911.093,11.299663543701172,3.039550620087539e-06,-0.9498902559280396,-2.84307777022607e-08,0.13373512029647827,-1.6134907809828292e-07,0.0008194460533559322,0.13930119037628136,1.306007125996142e-08,-0.004767732009218888,trajectory,STRAIGHT,3.646688938140869,11.299663543699923,1.133892328653019e-05
907,80911.187,11.318958282470703,3.016804157596198e-06,-0.9525991082191467,-2.8263002381782228e-08,0.13429874181747437,-1.5508621231674624e-07,-0.02705449052155018,0.1392561006546017,1.476296596031557e-08,-0.002402374468671041,trajectory,STRAIGHT,3.64534068107605,11.318958282469467,1.133892328653019e-05
908,80911.281,11.329853057861328,3.0043381684663473e-06,-0.9543151259422302,-2.8172932422003942e-08,0.1346789300441742,-1.528781723436623e-07,-0.008724654093384743,0.13922568559646573,1.313360789583276e-08,-0.003667850732736201,trajectory,STRAIGHT,3.6461172103881836,11.329853057860099,1.133892328653019e-05
909,80911.406,11.343616485595703,2.988849246321479e-06,-0.9544830322265625,-2.82013820261358e-08,0.13517403602600098,-1.5042004974930023e-07,0.0019394056871533394,0.13918607711791958,1.4448425960811974e-08,-0.004512580200962633,trajectory,STRAIGHT,3.6461172103881836,11.343616485594481,1.133892328653019e-05
910,80911.5,11.356206893920898,2.9751752208539983e-06,-0.9542270302772522,-2.8381017296797913e-08,0.1356106698513031,-1.4250811375404737e-07,0.003181436099112034,0.13915114641189544,1.2442380813158598e-08,-0.004542011432937498,trajectory,STRAIGHT,3.650926113128662,11.356206893919683,1.133892328653019e-05
911,80911.531,11.360686302185059,2.970543164337869e-06,-0.9541202187538147,-2.8548825801624246e-08,0.1357581913471222,-1.3807132859255944e-07,0.0032776356674730778,0.1391393446922299,1.255226758481415e-08,-0.004555047974578255,trajectory,STRAIGHT,3.652613401412964,11.360686302183847,1.133892328653019e-05
912,80911.609,11.368839263916016,2.9625521165144164e-06,-0.953921377658844,-2.8835016016100007e-08,0.13601438701152802,-1.2781909219938825e-07,0.0033343294635415077,0.13911884903907745,1.0715983939302835e-08,-0.004585458250880021,trajectory,STRAIGHT,3.652613401412964,11.368839263914808,1.133892328653019e-05
913,80911.718,11.380278587341309,2.952544491563458e-06,-0.9536409974098206,-2.8973012698895522e-08,0.13634508848190308,-1.1058146753839537e-07,0.003330860985442996,0.13909239292144748,1.0316012379174972e-08,-0.004599199785083313,trajectory,STRAIGHT,3.6523919105529785,11.380278587340104,1.133892328653019e-05
914,80911.812,11.39338493347168,2.942731043731328e-06,-0.9533224701881409,-2.9010158248301396e-08,0.13668271899223328,-9.466418049441927e-08,0.0033042370341718197,0.1390653824806211,8.202957075555303e-09,-0.00463404092394728,trajectory,STRAIGHT,3.6520261764526367,11.393384933470479,1.133892328653019e-05
915,80911.921,11.397485733032227,2.939952082670061e-06,-0.9532235264778137,-2.9094606754818555e-08,0.13677962124347687,-9.06762949171025e-08,0.0032953890040516853,0.13905763030052165,8.157076431202953e-09,-0.004638280267054026,trajectory,STRAIGHT,3.6516730785369873,11.397485733031028,1.133892328653019e-05
916,80912.015,11.418035507202148,2.927464947788394e-06,-0.9527323842048645,-2.975199605336749e-08,0.1372063159942627,-7.778189825558002e-08,0.003253563307225704,0.1390234947204588,7.14929165671132e-09,-0.004677824289625396,trajectory,STRAIGHT,3.6513185501098633,11.418035507200951,1.133892328653019e-05
917,80912.125,11.421331405639648,2.9256102607178036e-06,-0.952654242515564,-2.983186491423361e-08,0.1372663378715515,-7.680842628587925e-08,0.0032474463805556297,0.1390186929702757,7.253853157743879e-09,-0.004681242019956816,trajectory,STRAIGHT,3.650949478149414,11.421331405638453,1.133892328653019e-05
918,80912.218,11.442773818969727,2.9137154342606664e-06,-0.9521505832672119,-3.049451409583219e-08,0.13760708272457123,-7.780769095688811e-08,0.0032115252688527107,0.13899143338203412,7.07927435296388e-09,-0.004728551028669993,trajectory,STRAIGHT,3.650949478149414,11.442773818968533,1.133892328653019e-05
919,80912.343,11.455162048339844,2.906459940277273e-06,-0.9518623948097229,-3.0929336901167604e-08,0.13776905834674835,-8.395392114834976e-08,0.0031933544669300318,0.13897847533225993,8.29556855043565e-09,-0.004741506787390629,trajectory,STRAIGHT,3.6505541801452637,11.455162048338652,1.133892328653019e-05
920,80912.453,11.4688138961792,2.8978440695937024e-06,-0.9515472054481506,-3.116334315532005e-08,0.137922003865242,-8.945126950266058e-08,0.003175341757014394,0.13896623969078042,7.654696673283192e-09,-0.004790598716066218,trajectory,STRAIGHT,3.650139331817627,11.46881389617801,1.133892328653019e-05
921,80912.546,11.480816841125488,2.889967390728998e-06,-0.9512715935707092,-3.156164845890778e-08,0.1380375176668167,-9.111590060228991e-08,0.003161140950396657,0.13895699858665445,7.730351863586573e-09,-0.004817084581384742,trajectory,STRAIGHT,3.649693489074707,11.480816841124302,1.133892328653019e-05
922,80912.656,11.493239402770996,2.8818060400226386e-06,-0.9509874582290649,-3.198686302109221e-08,0.13814088702201843,-8.972093468173625e-08,0.003147791139781475,0.1389487290382383,8.432204694402429e-09,-0.004830223363617742,trajectory,STRAIGHT,3.649228811264038,11.493239402769813,1.133892328653019e-05
923,80912.765,11.505684852600098,2.8739125355059514e-06,-0.9507049322128296,-3.2346270436795585e-08,0.1382300704717636,-8.515623051152943e-08,0.0031356499530375004,0.1389415943622587,7.239835066215179e-09,-0.00486795930484356,trajectory,STRAIGHT,3.648740291595459,11.505684852598916,1.133892328653019e-05
924,80912.859,11.519789695739746,2.8656509130087215e-06,-0.9503857493400574,-3.2637539908203595e-08,0.13831637799739838,-7.615107477931815e-08,0.00312322610989213,0.13893468976020792,7.324868243266119e-09,-0.004882924541030541,trajectory,STRAIGHT,3.6482303142547607,11.519789695738567,1.133892328653019e-05
925,80912.953,11.52310848236084,2.8638553430937463e-06,-0.9503108859062195,-3.2658689890141734e-08,0.13833467662334442,-7.344054608893202e-08,0.0031204919796437025,0.13893322587013227,5.684650610107467e-09,-0.004912872637120347,trajectory,STRAIGHT,3.6477057933807373,11.52310848235966,1.133892328653019e-05
926,80913.093,11.54468059539795,2.854077592928661e-06,-0.9498252868652344,-3.28843410755985e-08,0.13843733072280884,-5.0328157641388316e-08,0.003104373114183545,0.13892501354217515,4.762219020566123e-09,-0.004935863079932791,trajectory,STRAIGHT,3.647162675857544,11.54468059539677,1.133892328653019e-05
927,80913.187,11.559648513793945,2.8496970116975717e-06,-0.9504163861274719,-3.278588993823285e-08,0.1384960263967514,-3.112804591864915e-08,-0.020248696208000183,0.13892031788825981,2.5061257920847445e-09,-0.003062674916390653,trajectory,STRAIGHT,3.646608591079712,11.559648513792766,1.133892328653019e-05
928,80913.218,11.562143325805664,2.8491629109339556e-06,-0.9508061408996582,-3.269904962410712e-08,0.1385047435760498,-2.8235740856530356e-08,-0.02288694866001606,0.13891962051391593,2.3123789753571343e-09,-0.002832126981620069,trajectory,STRAIGHT,3.6460437774658203,11.562143325804483,1.133892328653019e-05
929,80913.296,11.572954177856445,2.847404175554402e-06,-0.9518938660621643,-3.2471480898679737e-08,0.13853789865970612,-1.714174224787257e-08,-0.004168184939771891,0.13891696810722348,1.1294691492500962e-09,-0.004232168253637143,trajectory,STRAIGHT,3.6460437774658203,11.572954177855262,1.133892328653019e-05
930,80913.406,11.585012435913086,2.846393044819706e-06,-0.9519110918045044,-3.1881138022808444e-08,0.1385708749294281,-6.4119953790964246e-09,0.0020136418752372265,0.13891433000564574,2.8182198087810433e-10,-0.004725853111720868,trajectory,STRAIGHT,3.6482136249542236,11.5850124359119,1.133892328653019e-05
931,80913.5,11.590002059936523,2.8462332011258695e-06,-0.9518256187438965,-3.169573384191798e-08,0.1385832577943802,-2.523865338943665e-09,0.002657314296811819,0.1389133393764496,-1.6786164541132193e-10,-0.004733097357584501,trajectory,STRAIGHT,3.650564670562744,11.590002059935335,1.133892328653019e-05
932,80913.64,11.612871170043945,2.8470299184846226e-06,-0.9513199329376221,-3.06687444445418e-08,0.13863162696361542,1.0996110688665794e-08,0.0031952213030308485,0.1389094698429108,-1.4901874543144974e-09,-0.004801414208395745,trajectory,STRAIGHT,3.650564670562744,11.612871170042748,1.133892328653019e-05
933,80913.765,11.629087448120117,2.8486606424849015e-06,-0.9509456753730774,-3.039544175063588e-08,0.138658806681633,1.6280644388189103e-08,0.0031897728331387043,0.1389072954654694,-1.8793119685776043e-09,-0.0048456515664840605,trajectory,STRAIGHT,3.649749279022217,11.629087448118913,1.133892328653019e-05
934,80913.859,11.640314102172852,2.8500548978627194e-06,-0.9506880640983582,-3.027235563275459e-08,0.13867473602294922,1.7846076616478967e-08,0.0031765038147568703,0.1389060211181641,-1.9492468793863662e-09,-0.00487390588647123,trajectory,STRAIGHT,3.6491286754608154,11.640314102171644,1.133892328653019e-05
935,80913.953,11.646551132202148,2.8508623017842183e-06,-0.9505450129508972,-3.047325369913359e-08,0.13868269324302673,1.7975752442112025e-08,0.0031691077165305614,0.1389053845405579,-2.041751489596004e-09,-0.004880466755986173,trajectory,STRAIGHT,3.648502826690674,11.646551132200937,1.133892328653019e-05
936,80914.109,11.666925430297852,2.853334308383637e-06,-0.950080931186676,-3.104076311182872e-08,0.13870489597320557,1.4715808127618857e-08,0.003146819304674864,0.1389036083221436,-1.7753982104260135e-09,-0.0049194826011333915,trajectory,STRAIGHT,3.648502826690674,11.66692543029663,1.133892328653019e-05
937,80914.203,11.680646896362305,2.8545457553263986e-06,-0.9497701525688171,-3.1565872853229574e-08,0.13871710002422333,9.341840190302264e-09,0.0031336024403572083,0.13890263199806216,-1.2095920480300654e-09,-0.004954344031955821,trajectory,STRAIGHT,3.647874355316162,11.680646896361077,1.133892328653019e-05
938,80914.312,11.686468124389648,2.8548759019031422e-06,-0.9496403932571411,-3.190409852672927e-08,0.13872173428535461,6.279605724301973e-09,0.001933370833285153,0.13890226125717164,-9.866068224580558e-10,-0.004864813468973857,trajectory,STRAIGHT,3.6472487449645996,11.68646812438842,1.133892328653019e-05
939,80914.421,11.706010818481445,2.8548374757519923e-06,-0.9521872997283936,-3.2866043191949996e-08,0.1387356072664261,-7.599147089365488e-09,-0.026877690106630325,0.1389011514186859,2.789645091212605e-10,-0.002451929207093589,trajectory,STRAIGHT,3.6466240882873535,11.706010818480209,1.133892328653019e-05
940,80914.515,11.717653274536133,2.8537715479615144e-06,-0.954147219657898,-3.3537816924238266e-08,0.13874174654483795,-1.7967220600212386e-08,-0.011247112415730953,0.1389006602764129,1.2343490726644598e-09,-0.0036043794258903195,trajectory,STRAIGHT,3.6502816677093506,11.717653274534893,1.133892328653019e-05
941,80914.546,11.720563888549805,2.8533643217087956e-06,-0.9543254971504211,-3.374333061265159e-08,0.1387431025505066,-2.082650496504357e-08,-0.006107408553361893,0.13890055179595942,1.5116188106088675e-09,-0.004006641860253684,trajectory,STRAIGHT,3.6502816677093506,11.720563888548563,1.133892328653019e-05
942,80914.64,11.733037948608398,2.8508884497568943e-06,-0.9544076323509216,-3.4516083448624124e-08,0.13874876499176025,-3.45742172669361e-08,0.0019226615549996495,0.1389000988006591,2.71584686877676e-09,-0.004447026356437551,trajectory,STRAIGHT,3.6502816677093506,11.733037948607155,1.133892328653019e-05
943,80914.734,11.745927810668945,2.8469221433624625e-06,-0.9541530013084412,-3.519845961032093e-08,0.1387539505958557,-5.1106738396811124e-08,0.003169541945680976,0.1388996839523314,4.11732297238009e-09,-0.004548072485640863,trajectory,STRAIGHT,3.655164957046509,11.7459278106677,1.133892328653019e-05
944,80914.875,11.751333236694336,2.8447818749555154e-06,-0.9540269374847412,-3.548387161845883e-08,0.1387558877468109,-5.8718764961440684e-08,0.003277210518717766,0.13889952898025495,4.946131040101229e-09,-0.004562989162668804,trajectory,STRAIGHT,3.655726194381714,11.75133323669309,1.133892328653019e-05
945,80914.968,11.773833274841309,2.8324552658887114e-06,-0.9534896016120911,-3.698003032804094e-08,0.13876280188560486,-9.459584759952122e-08,0.003315527690574527,0.13889897584915134,8.456223166523997e-09,-0.004609639297689447,trajectory,STRAIGHT,3.6551897525787354,11.773833274840065,1.133892328653019e-05
946,80915.062,11.785502433776855,2.823626573444926e-06,-0.9532120227813721,-3.774807642646899e-08,0.13876569271087646,-1.1589671089495823e-07,0.00329201971180737,0.13889874458312954,9.768310857579157e-09,-0.004645234356563673,trajectory,STRAIGHT,3.6545281410217285,11.785502433775616,1.133892328653019e-05
947,80915.171,11.79967212677002,2.810558044075151e-06,-0.9528777003288269,-3.8542048342792405e-08,0.13876871764659882,-1.387325596624578e-07,0.0032634292729198933,0.13889850258827166,1.2917066077891847e-08,-0.004659663244079934,trajectory,STRAIGHT,3.6538538932800293,11.799672126768785,1.133892328653019e-05
948,80915.296,11.813841819763184,2.795385398712824e-06,-0.952546238899231,-3.8619849254821126e-08,0.13877125084400177,-1.5877147063747543e-07,0.003237324533984065,0.13889829993247937,1.3743293154615437e-08,-0.004701019183632519,trajectory,STRAIGHT,3.653184175491333,11.813841819761958,1.133892328653019e-05
949,80915.39,11.82634449005127,2.7803755529021146e-06,-0.9522558450698853,-3.825610446310639e-08,0.13877318799495697,-1.733469474629601e-07,0.0032167178578674793,0.13889814496040293,1.4859821826746495e-08,-0.004728446254278648,trajectory,STRAIGHT,3.6525213718414307,11.826344490050051,1.133892328653019e-05
950,80915.531,11.840930938720703,2.761786618066253e-06,-0.9519191980361938,-3.7513136617564446e-08,0.13877515494823456,-1.7854605971479032e-07,0.0031950550619512796,0.1388979876041407,1.7014800488348782e-08,-0.004743545582289923,trajectory,STRAIGHT,3.6518616676330566,11.840930938719495,1.133892328653019e-05
951,80915.625,11.853433609008789,2.7459086595627014e-06,-0.9516324400901794,-3.666804028607732e-08,0.138776496052742,-1.7270021146487124e-07,0.003178394865244627,0.13889788031578013,1.4866365320773663e-08,-0.004784086755848418,trajectory,STRAIGHT,3.6518616676330566,11.853433609007592,1.133892328653019e-05
952,80915.718,11.865102767944336,2.731931090238504e-06,-0.9513659477233887,-3.591686539517646e-08,0.13877764344215393,-1.589031626281212e-07,0.003164351452142,0.13889778852462722,1.5052604401978042e-08,-0.004796287901139746,trajectory,STRAIGHT,3.6512064933776855,11.865102767943146,1.133892328653019e-05
953,80915.796,11.87010383605957,2.726330194491311e-06,-0.9512522220611572,-3.5717352875522266e-08,0.13877800107002258,-1.5233847250328836e-07,0.0031587393023073673,0.13889775991439776,1.50524012898415e-08,-0.004801525212264548,trajectory,STRAIGHT,3.6512064933776855,11.870103836058384,1.133892328653019e-05
954,80915.953,11.88760757446289,2.708395641093375e-06,-0.9508553743362427,-3.496387148683254e-08,0.13877925276756287,-1.3335777282463823e-07,0.0031406222842633724,0.13889765977859458,1.2460001036650243e-08,-0.004844213865003239,trajectory,STRAIGHT,3.6499080657958984,11.887607574461711,1.133892328653019e-05
955,80916.062,11.90594482421875,2.6917396098724566e-06,-0.950441837310791,-3.450394886879359e-08,0.13878051936626434,-1.201395605221478e-07,0.003124117385596037,0.1388975584506985,1.0784426873726981e-08,-0.004885991822863824,trajectory,STRAIGHT,3.649263858795166,11.90594482421758,1.133892328653019e-05
956,80916.171,11.918447494506836,2.681179921637522e-06,-0.9501610994338989,-3.4137849416771364e-08,0.13878107070922852,-1.1503818342362138e-07,0.003114153863862157,0.13889751434326142,9.800717141119106e-09,-0.004917391844689944,trajectory,STRAIGHT,3.6486244201660156,11.918447494505669,1.133892328653019e-05
957,80916.281,11.93220043182373,2.6699235604610294e-06,-0.9498533010482788,-3.381287171484929e-08,0.1387815624475479,-1.1260377874577898e-07,0.003104223869740963,0.13889747500419586,1.0656613522842303e-08,-0.004931987364441254,trajectory,STRAIGHT,3.6479854583740234,11.932200431822569,1.133892328653019e-05
958,80916.375,11.944286346435547,2.6604095637594583e-06,-0.9501810669898987,-3.3849495547793455e-08,0.13878241181373596,-1.0454290588768345e-07,-0.017159180715680122,0.13889740705490083,8.901767142717716e-09,-0.0033203718880125237,trajectory,STRAIGHT,3.6473498344421387,11.944286346434389,1.133892328653019e-05
959,80916.453,11.948870658874512,2.657037612152635e-06,-0.9508507251739502,-3.389772207185416e-08,0.13878272473812103,-9.99161144932259e-08,-0.021691564470529556,0.13889738202095003,8.857507295129947e-09,-0.0029242982784219934,trajectory,STRAIGHT,3.646714448928833,11.948870658873355,1.133892328653019e-05
960,80916.593,11.972208976745605,2.6415148113301257e-06,-0.9515842199325562,-3.3794816635764554e-08,0.13878346979618073,-8.781223925780068e-08,0.002362254075706005,0.1388973224163053,8.112884308854835e-09,-0.0047681277919249965,trajectory,STRAIGHT,3.647277593612671,11.972208976744453,1.133892328653019e-05
961,80916.703,11.984294891357422,2.6339605483371997e-06,-0.9513389468193054,-3.383149695229899e-08,0.13878381252288818,-8.526956918331052e-08,0.0030724499374628067,0.13889729499816872,7.164150276843744e-09,-0.004804996170892859,trajectory,STRAIGHT,3.650160551071167,11.98429489135627,1.133892328653019e-05
962,80916.796,11.996380805969238,2.626791228976799e-06,-0.9510655403137207,-3.3677968261941844e-08,0.1387842446565628,-7.888034758707363e-08,0.003176541766151786,0.13889726042747477,7.315777684229635e-09,-0.004826993842467212,trajectory,STRAIGHT,3.650071620941162,11.99638080596809,1.133892328653019e-05
963,80916.89,12.006382942199707,2.6213931505481014e-06,-0.9508366584777832,-3.353730587070586e-08,0.13878460228443146,-7.060579321205296e-08,0.0031816496048122644,0.02999999999998936,-2.5263705252992657e-08,-0.004861624039734748,trajectory,STRAIGHT,3.649484634399414,12.00638294219856,1.133892328653019e-05
964,80917.015,12.022603988647461,2.614120830912725e-06,-0.9504676461219788,-3.3495579642986614e-08,0.1374579221010208,-5.4187658804494276e-08,0.0030124245677143335,0.0299999999999893,-2.5334801444930146e-08,-0.0048665366545571345,trajectory,STRAIGHT,3.649484634399414,12.022603988646313,1.133892328653019e-05
965,80917.125,12.03475284576416,2.6096749934367836e-06,-0.9502183198928833,-3.371585185403643e-08,0.13195379078388214,-4.5298172324237385e-08,0.002549567259848118,0.02999999999998925,-2.5391129600322518e-08,-0.004868230516249126,trajectory,STRAIGHT,3.648838996887207,12.034752845763013,1.133892328653019e-05
966,80917.234,12.047407150268555,2.6055402031488484e-06,-0.9499812722206116,-3.42108832017954e-08,0.12339871376752853,-3.8853581685316385e-08,0.002284159418195486,0.02999999999998921,-2.5447423889660786e-08,-0.004858850272530501,trajectory,STRAIGHT,3.646149158477783,12.047407150267405,1.133892328653019e-05
967,80917.328,12.058122634887695,2.6020857148978394e-06,-0.9503760933876038,-3.461662993267244e-08,0.11459286510944366,-3.8944421021369635e-08,-0.01801106333732605,0.029999999999989167,-2.5496452005361034e-08,-0.0032368501875294346,trajectory,STRAIGHT,3.609069585800171,12.058122634886544,1.133892328653019e-05
968,80917.437,12.067728996276855,2.598554601718206e-06,-0.9518830180168152,-3.487466341204497e-08,0.10636045783758163,-4.2681012502043814e-08,-0.00732081662863493,0.02999999999998913,-2.553951494517291e-08,-0.004016723692764153,trajectory,STRAIGHT,3.594423770904541,12.067728996275704,1.133892328653019e-05
969,80917.5,12.071187973022461,2.5971112336264923e-06,-0.9520355463027954,-3.503001290607896e-08,0.1033223494887352,-4.486702920303287e-08,-0.0024684250820428133,0.02999999999998912,-2.555146818106266e-08,-0.004313774671472759,trajectory,STRAIGHT,3.594423770904541,12.07118797302131,1.133892328653019e-05
970,80917.671,12.08649730682373,2.58878685599484e-06,-0.9518560767173767,-3.6070460697476184e-08,0.089558906853199,-6.152192355557418e-08,0.0024897533003240824,0.0299999999999891,-2.5574324788764352e-08,-0.004719402421333045,trajectory,STRAIGHT,3.5945041179656982,12.08649730682258,1.133892328653019e-05
971,80917.765,12.095229148864746,2.581732587714214e-06,-0.951585590839386,-3.7424745240126105e-08,0.08178986608982086,-7.747966890292446e-08,0.002756498521193862,0.029999999999989126,-2.5540971099273156e-08,-0.004755449442558158,trajectory,STRAIGHT,3.5986597537994385,12.095229148863599,1.133892328653019e-05
972,80917.875,12.098602294921875,2.5783178898564074e-06,-0.9514687061309814,-3.786201865295166e-08,0.07884842902421951,-8.524446570845612e-08,0.002806232776492834,0.02999999999998914,-2.552354451276093e-08,-0.0047652724184023025,trajectory,STRAIGHT,3.603026866912842,12.09860229492073,1.133892328653019e-05
973,80917.984,12.109917640686035,2.5627784907555906e-06,-0.9510297179222107,-3.896922371186077e-08,0.06935484707355499,-1.1941810384996643e-07,0.0029208557680249214,0.029999999999989216,-2.5433402098586806e-08,-0.004813402795717691,trajectory,STRAIGHT,3.607595205307007,12.109917640684898,1.133892328653019e-05
974,80918.093,12.112378120422363,2.5583117349015083e-06,-0.9509242177009583,-3.902393951420374e-08,0.06738412380218506,-1.2880124700132e-07,0.002940105041489005,0.02999999999998924,-2.540802212327465e-08,-0.00482021774865744,trajectory,STRAIGHT,3.6120123863220215,12.11237812042123,1.133892328653019e-05
975,80918.234,12.12353229522705,2.5314075173810124e-06,-0.9503973126411438,-3.885683862920082e-08,0.05898628383874893,-1.7212174441283423e-07,0.003008127212524414,0.029999999999989382,-2.5235504003107806e-08,-0.004875915630879421,trajectory,STRAIGHT,3.616079092025757,12.123532295225937,1.133892328653019e-05
976,80918.375,12.13016414642334,2.5102274321398e-06,-0.9500436186790466,-3.867674948339721e-08,0.05447184666991234,-1.8813547342233505e-07,0.0030345350969582796,0.029999999999989518,-2.5080509466576032e-08,-0.004918851653011795,trajectory,STRAIGHT,3.6197028160095215,12.130164146422242,1.133892328653019e-05
977,80918.484,12.135544776916504,2.490700580892735e-06,-0.949733555316925,-3.854451814826832e-08,0.0511045902967453,-1.9337772982908064e-07,0.003049225313588977,0.02999999999998964,-2.4929258960436607e-08,-0.0049510622789325585,trajectory,STRAIGHT,3.6228606700897217,12.13554477691542,1.133892328653019e-05
978,80918.609,12.140169143676758,2.472773076078738e-06,-0.950172483921051,-3.8391358284739374e-08,0.048374395817518234,-1.909999411964236e-07,-0.01854865439236164,0.029999999999989757,-2.478797247551528e-08,-0.003214901703291623,trajectory,STRAIGHT,3.625577211380005,12.140169143675688,1.133892328653019e-05
979,80918.718,12.144696235656738,2.454830109854811e-06,-0.9517836570739746,-3.8537352695836953e-08,0.04600493237376213,-1.817034274154139e-07,-0.00570251140743494,0.029999999999989885,-2.4636197635942384e-08,-0.004162034484439581,trajectory,STRAIGHT,3.627868413925171,12.144696235655683,1.133892328653019e-05
980,80918.812,12.149272918701172,2.437133616695064e-06,-0.9518342614173889,-3.9121794396987076e-08,0.04381153732538223,-1.6389167001307214e-07,0.002141729462891817,0.029999999999990017,-2.447384114593818e-08,-0.00469701465056924,trajectory,STRAIGHT,3.6309895515441895,12.149272918700131,1.133892328653019e-05
981,80918.921,12.15135383605957,2.429520236546523e-06,-0.9517123103141785,-3.9330929319100284e-08,0.042880021035671234,-1.5329585778545152e-07,0.002825553063303232,0.02999999999999007,-2.440612349423128e-08,-0.004757818093762676,trajectory,STRAIGHT,3.6366195678710938,12.151353836058535,1.133892328653019e-05
982,80919.015,12.15673828125,2.4115868200169643e-06,-0.9513148069381714,-3.9618025089254716e-08,0.04067286476492882,-1.2473249455524638e-07,0.0031856803689152002,0.029999999999990194,-2.4256744190099516e-08,-0.0048096365936011,trajectory,STRAIGHT,3.638627767562866,12.156738281248977,1.133892328653019e-05
983,80919.14,12.157831192016602,2.4082996787910815e-06,-0.9512286186218262,-3.95813443835575e-08,0.04026086628437042,-1.187549756309636e-07,0.0031933605205267668,0.02999999999999021,-2.4232932364431215e-08,-0.004814560421547286,trajectory,STRAIGHT,3.6397101879119873,12.157831192015582,1.133892328653019e-05
984,80919.218,12.163483619689941,2.3934933324198937e-06,-0.9507685303688049,-3.947569617503181e-08,0.038317058235406876,-8.688621022656662e-08,0.0031850750092417,0.0299999999999903,-2.4130160743281873e-08,-0.004858142999620055,trajectory,STRAIGHT,3.6397101879119873,12.163483619688932,1.133892328653019e-05
985,80919.328,12.167107582092285,2.386171672696946e-06,-0.9504633545875549,-3.9661312592426993e-08,0.03723003715276718,-6.565061738683653e-08,0.003170861629769206,0.029999999999990336,-2.407944007963584e-08,-0.004872264718324756,trajectory,STRAIGHT,3.640498638153076,12.16710758209128,1.133892328653019e-05
986,80919.437,12.170526504516602,2.3810005131963408e-06,-0.9501693248748779,-3.9690199672684914e-08,0.0363125205039978,-4.627278116231537e-08,0.0031575988978147507,0.029999999999990354,-2.405427881348968e-08,-0.004919511258131952,trajectory,STRAIGHT,3.6410768032073975,12.1705265045156,1.133892328653019e-05
987,80919.546,12.173866271972656,2.3773618522682227e-06,-0.9498761296272278,-3.949022746965607e-08,0.03551135212182999,-3.310311669224575e-08,0.003145187394693494,0.02999999999999036,-2.4051485950767054e-08,-0.004933178100264759,trajectory,STRAIGHT,3.6414976119995117,12.173866271971656,1.133892328653019e-05
988,80919.671,12.177759170532227,2.374162477281061e-06,-0.9505244493484497,-3.911692064274481e-08,0.03466970473527908,-2.6130411612257376e-08,-0.02072262577712536,0.02999999999999035,-2.4063486181788687e-08,-0.0030171246629608515,trajectory,STRAIGHT,3.6417722702026367,12.177759170531228,1.133892328653019e-05
989,80919.765,12.180853843688965,2.371791424593539e-06,-0.9522426128387451,-3.864657236699689e-08,0.03410171717405319,-2.7606079200381828e-08,-0.007891444489359856,0.029999999999990336,-2.4080068536894222e-08,-0.003929240452244619,trajectory,STRAIGHT,3.6419215202331543,12.180853843687967,1.133892328653019e-05
990,80919.875,12.182180404663086,2.370667971263174e-06,-0.95241379737854,-3.841866175808044e-08,0.03387831896543503,-3.019916050561733e-08,-0.0017107962630689144,0.02999999999999033,-2.408682710288973e-08,-0.004339681050294509,trajectory,REJOIN_SOFT,3.642815113067627,12.182180404662088,1.133892328653019e-05
991,80920.0,12.18759822845459,2.3641403004148742e-06,-0.9521137475967407,-3.752465279786505e-08,0.03306419402360916,-5.383673951087076e-08,0.003109089797362685,0.029999999999990326,-2.4092637722607092e-08,-0.004740274424219004,trajectory,REJOIN_SOFT,3.647519588470459,12.187598228453595,1.133892328653019e-05
992,80920.125,12.191343307495117,2.3564564344269456e-06,-0.9517483711242676,-3.660061539941482e-08,0.0325947068631649,-8.210470525682467e-08,0.0032415001187473536,0.02999999999999034,-2.4071911783118746e-08,-0.004774795106908072,trajectory,REJOIN_SOFT,3.648648262023926,12.19134330749413,1.133892328653019e-05
993,80920.234,12.194165229797363,2.3483567019866314e-06,-0.9514666199684143,-3.644658063459032e-08,0.03228534385561943,-1.0375921277727684e-07,0.0032343415077775717,0.029999999999990385,-2.4015244689095887e-08,-0.004804355246158361,trajectory,REJOIN_SOFT,3.648571491241455,12.194165229796381,1.133892328653019e-05
994,80920.328,12.195515632629395,2.343792402825784e-06,-0.951330840587616,-3.651652123146033e-08,0.03214947134256363,-1.1350736173199039e-07,0.0032262620516121387,0.029999999999990416,-2.397641166367485e-08,-0.004810497858705042,trajectory,REJOIN_SOFT,3.648571491241455,12.195515632628416,1.133892328653019e-05
995,80920.453,12.200401306152344,2.323928356418037e-06,-0.9508397579193115,-3.7603052923536506e-08,0.03171930089592934,-1.4513105384139635e-07,0.003195186611264944,0.029999999999990576,-2.377470996229059e-08,-0.0048509015390617825,trajectory,REJOIN_SOFT,3.6479663848876953,12.20040130615138,1.133892328653019e-05
996,80920.562,12.20352840423584,2.3086865894583752e-06,-0.9505243897438049,-3.886245717605157e-08,0.031487975269556046,-1.623425731622774e-07,0.0031770551577210426,0.029999999999990715,-2.3601264198308686e-08,-0.004886785007783737,trajectory,REJOIN_SOFT,3.6475918292999268,12.203528404234888,1.133892328653019e-05
997,80920.671,12.206546783447266,2.2923982214706484e-06,-0.9502201676368713,-4.033116614499132e-08,0.03129342570900917,-1.7659311879469897e-07,0.0031612906605005264,0.029999999999990864,-2.340903705949409e-08,-0.004900734953352775,trajectory,REJOIN_SOFT,3.6471762657165527,12.206546783446324,1.133892328653019e-05
998,80920.765,12.209257125854492,2.2765480025555007e-06,-0.9499454498291016,-4.168075920993114e-08,0.031139178201556206,-1.874329171869249e-07,0.003148352261632681,0.02999999999999101,-2.3222071880722356e-08,-0.0049406446764214025,trajectory,REJOIN_SOFT,3.6467323303222656,12.209257125853563,1.133892328653019e-05
999,80920.875,12.210004806518555,2.272017354698619e-06,-0.9498701095581055,-4.205502682160323e-08,0.031099962070584297,-1.900760651096789e-07,0.003144999034702778,0.02999999999999105,-2.316868541965349e-08,-0.004944143431816815,trajectory,REJOIN_SOFT,3.646268129348755,12.21000480651763,1.133892328653019e-05
1000,80920.984,12.21492862701416,2.2405847630579956e-06,-0.9526320099830627,-4.4602858958318075e-08,0.030867822468280792,-2.040722080209889e-07,-0.02716079354286194,0.029999999999991336,-2.27968586867874e-08,-0.0023969575773944043,trajectory,REJOIN_SOFT,3.646268129348755,12.21492862701326,1.133892328653019e-05
1001,80921.093,12.217703819274902,2.2221099698072067e-06,-0.9546068906784058,-4.603942122930427e-08,0.030762923881411552,-2.0489247276600508e-07,-0.008784162811934948,0.029999999999991502,-2.2578631403056364e-08,-0.0036470569388634055,trajectory,REJOIN_SOFT,3.6457810401916504,12.217703819274014,1.133892328653019e-05
1002,80921.203,12.220751762390137,2.2022254597686697e-06,-0.9547824263572693,-4.779615285393254e-08,0.030661389231681824,-1.9487437441512157e-07,0.0018439600244164467,0.029999999999991683,-2.2337566592797645e-08,-0.004488529981828341,trajectory,REJOIN_SOFT,3.6484920978546143,12.220751762389265,1.133892328653019e-05
1003,80921.296,12.223498344421387,2.1853829821338877e-06,-0.9545394778251648,-4.852376705178047e-08,0.030580148100852966,-1.7933638218892156e-07,0.003160211257636547,0.029999999999991814,-2.2157271094640002e-08,-0.004511543369546171,trajectory,REJOIN_SOFT,3.654029607772827,12.223498344420527,1.133892328653019e-05
1004,80921.421,12.226702690124512,2.1675195966963656e-06,-0.9541943073272705,-4.9028613612226885e-08,0.030497776344418526,-1.6124366197800555e-07,0.003341719973832369,0.02999999999999195,-2.19761725570192e-08,-0.004543322591736551,trajectory,REJOIN_SOFT,3.65602970123291,12.226702690123664,1.133892328653019e-05
1005,80921.515,12.229083061218262,2.155360789402039e-06,-0.9539339542388916,-4.92754539304369e-08,0.030444232746958733,-1.5119383078854298e-07,0.0033362493850290775,0.029999999999992037,-2.1857269388165218e-08,-0.004581729464042535,trajectory,REJOIN_SOFT,3.6557328701019287,12.229083061217423,1.133892328653019e-05
1006,80921.609,12.230273246765137,2.1495361579582095e-06,-0.9538038969039917,-4.947400443244263e-08,0.03041965700685978,-1.4765763012292155e-07,0.0033259147312492132,0.02999999999999208,-2.1798251563345654e-08,-0.004587405558485142,trajectory,REJOIN_SOFT,3.6557328701019287,12.230273246764302,1.133892328653019e-05
1007,80921.734,12.233750343322754,2.1331552488845773e-06,-0.953426718711853,-4.97891886724077e-08,0.030355338007211685,-1.3908965001974138e-07,0.003291834145784378,0.029999999999992193,-2.1640410343976906e-08,-0.0046206826412705185,trajectory,REJOIN_SOFT,3.6545374393463135,12.233750343321931,1.133892328653019e-05
1008,80921.843,12.238099098205566,2.1144162474229233e-06,-0.9529556035995483,-4.972931277415353e-08,0.030287986621260643,-1.193613314853792e-07,0.0032519293017685413,0.029999999999992314,-2.147508781732106e-08,-0.00465760954454884,trajectory,REJOIN_SOFT,3.6539132595062256,12.238099098204756,1.133892328653019e-05
1009,80921.953,12.241179466247559,2.1032276436017128e-06,-0.9526250958442688,-4.967183675412511e-08,0.030248144641518593,-1.0009402018340552e-07,0.00322703761048615,0.029999999999992377,-2.138078867066051e-08,-0.004692832310995349,trajectory,REJOIN_SOFT,3.653286933898926,12.241179466246757,1.133892328653019e-05
1010,80922.078,12.244078636169434,2.094231376759126e-06,-0.9523163437843323,-4.976734971456919e-08,0.03021569550037384,-8.788379091129173e-08,0.003206101479008794,0.029999999999992432,-2.1304052794946916e-08,-0.0047065950234739876,trajectory,REJOIN_SOFT,3.6526598930358887,12.244078636168638,1.133892328653019e-05
1011,80922.187,12.24688720703125,2.0865538772341097e-06,-0.9520189762115479,-5.0448882506797355e-08,0.0301883015781641,-7.706092475245896e-08,0.0031878305599093437,0.029999999999992494,-2.1223203259822426e-08,-0.004748074407923672,trajectory,REJOIN_SOFT,3.6520354747772217,12.24688720703046,1.133892328653019e-05
1012,80922.296,12.249876976013184,2.0794975625904044e-06,-0.9517042636871338,-5.091409505609201e-08,0.030162960290908813,-6.590941126205507e-08,0.0031704066786915064,0.02999999999999254,-2.1156990294045108e-08,-0.004762416123646949,trajectory,REJOIN_SOFT,3.6514089107513428,12.249876976012398,1.133892328653019e-05
1013,80922.421,12.253047943115234,2.0730756205011858e-06,-0.9513723850250244,-5.136016677060514e-08,0.030139802023768425,-5.6878867837895086e-08,0.003153926460072398,0.029999999999992578,-2.1099658800807614e-08,-0.004804570738948278,trajectory,REJOIN_SOFT,3.650782585144043,12.253047943114453,1.133892328653019e-05
1014,80922.515,12.255765914916992,2.0682168724306393e-06,-0.9510892033576965,-5.1648571599338974e-08,0.03012259490787983,-5.1429903891175854e-08,0.003141188295558095,0.029999999999992605,-2.106031455851253e-08,-0.004832285004916349,trajectory,REJOIN_SOFT,3.6501564979553223,12.255765914916212,1.133892328653019e-05
1015,80922.625,12.258121490478516,2.064332875306718e-06,-0.9508443474769592,-5.1759182084374393e-08,0.030109403654932976,-4.8418428377772216e-08,0.0031311120837926865,0.029999999999992626,-2.1033924146560202e-08,-0.004843721702011982,trajectory,REJOIN_SOFT,3.64953351020813,12.258121490477738,1.133892328653019e-05
1016,80922.718,12.260930061340332,2.0599181880243123e-06,-0.9505539536476135,-5.2053274829982344e-08,0.030095519497990608,-4.690424049158537e-08,0.003120161360129714,0.02999999999999265,-2.099990877195054e-08,-0.004880553761344554,trajectory,REJOIN_SOFT,3.64953351020813,12.260930061339558,1.133892328653019e-05
1017,80922.812,12.262107849121094,2.0580894215527223e-06,-0.950432300567627,-5.220955512326928e-08,0.03009023517370224,-4.694140898209298e-08,0.0031158810015767813,0.029999999999992664,-2.0984887477373882e-08,-0.004886293986659647,trajectory,REJOIN_SOFT,3.6489078998565674,12.26210784912032,1.133892328653019e-05
1018,80922.937,12.266728401184082,2.0506797682173783e-06,-0.9499568343162537,-5.285244661668296e-08,0.030072174966335297,-5.092273269724501e-08,0.003100793343037367,0.029999999999992703,-2.092239583264231e-08,-0.004926955058784462,trajectory,REJOIN_SOFT,3.6482839584350586,12.266728401183313,1.133892328653019e-05
1019,80923.046,12.269718170166016,2.0453653633012436e-06,-0.9505760073661804,-5.3298786322133126e-08,0.030062235891819,-5.690258220170108e-08,-0.02025112509727478,0.029999999999992737,-2.087525875197328e-08,-0.0030487227224927464,trajectory,REJOIN_SOFT,3.6476588249206543,12.26971817016525,1.133892328653019e-05
1020,80923.171,12.272526741027832,2.039730361502734e-06,-0.9521738886833191,-5.3940309012839644e-08,0.03005443699657917,-6.458009949028565e-08,-0.005836447235196829,0.029999999999992776,-2.081717507069754e-08,-0.00412200288560205,trajectory,REJOIN_SOFT,3.6470367908477783,12.27252674102707,1.133892328653019e-05
1021,80923.25,12.275063514709473,2.033944838331081e-06,-0.9522634148597717,-5.4724431866418166e-08,0.030048208311200142,-7.349716213411739e-08,0.001646226504817605,0.02999999999999282,-2.075084223953937e-08,-0.00461877997428639,trajectory,REJOIN_SOFT,3.647157907485962,12.275063514708714,1.133892328653019e-05
1022,80923.359,12.276241302490234,2.0309867068135645e-06,-0.9521796107292175,-5.512019106435509e-08,0.03004554845392704,-7.828932524489574e-08,0.002533223945647478,0.029999999999992845,-2.0716070869780395e-08,-0.00469392997608049,trajectory,REJOIN_SOFT,3.6510210037231445,12.276241302489478,1.133892328653019e-05
1023,80923.468,12.281109809875488,2.016437065321952e-06,-0.9516882300376892,-5.66676487241449e-08,0.0300359595566988,-1.0248316328898e-07,0.003198629943653941,0.02999999999999296,-2.0549163307944966e-08,-0.004771480210570456,trajectory,REJOIN_SOFT,3.651487350463867,12.28110980987474,1.133892328653019e-05
1024,80923.593,12.28406810760498,2.0054126252944116e-06,-0.9513715505599976,-5.825284805307276e-08,0.030031120404601097,-1.206476269999257e-07,0.0032002136576920748,0.029999999999993057,-2.0404066787714456e-08,-0.004809019545304514,trajectory,REJOIN_SOFT,3.650965452194214,12.28406810760424,1.133892328653019e-05
1025,80923.718,12.2872953414917,1.9911929030058673e-06,-0.9510267972946167,-5.985511358904499e-08,0.03002658113837242,-1.426558355888119e-07,0.0031825301703065634,0.029999999999993185,-2.0225095110897376e-08,-0.0048248425295827155,trajectory,REJOIN_SOFT,3.6503307819366455,12.287295341490967,1.133892328653019e-05
1026,80923.859,12.29061222076416,1.9742997210414615e-06,-0.9506745338439941,-6.212756289948954e-08,0.03002260811626911,-1.6063785324149649e-07,0.0031640050001442432,0.029999999999993334,-1.9996828160309576e-08,-0.004870020077556156,trajectory,REJOIN_SOFT,3.6496787071228027,12.29061222076344,1.133892328653019e-05
1027,80923.953,12.293391227722168,1.9588551367633045e-06,-0.9503807425498962,-6.403711509841252e-08,0.030019737780094147,-1.7075555547307886e-07,0.00314992549829185,0.029999999999993473,-1.9790799515329667e-08,-0.004899052702615344,trajectory,REJOIN_SOFT,3.649030923843384,12.29339122772146,1.133892328653019e-05
1028,80924.078,12.296439170837402,1.9410904315009248e-06,-0.9500604271888733,-6.61445834142442e-08,0.030017010867595673,-1.7666467044819e-07,0.003136027604341507,0.029999999999993626,-1.955492742435852e-08,-0.004913956639150463,trajectory,REJOIN_SOFT,3.6483888626098633,12.296439170836706,1.133892328653019e-05
1029,80924.187,12.299038887023926,1.9256590348959435e-06,-0.949787974357605,-6.792771323989035e-08,0.03001498058438301,-1.774161404455299e-07,0.003125301096588373,0.029999999999993757,-1.935076645018615e-08,-0.004953689254753203,trajectory,REJOIN_SOFT,3.64774751663208,12.29903888702324,1.133892328653019e-05
1030,80924.359,12.301907539367676,1.9087713098997483e-06,-0.9503450989723206,-6.99322206732882e-08,0.03001297451555729,-1.735597265906108e-07,-0.019685445353388786,0.029999999999993903,-1.912559785451888e-08,-0.0031009733080192515,trajectory,REJOIN_SOFT,3.647110939025879,12.301907539367,1.133892328653019e-05
1031,80924.5,12.307196617126465,1.8795327605403145e-06,-0.9539234638214111,-7.361679135836296e-08,0.0300100389868021,-1.5429324662363797e-07,-0.00397026352584362,0.02999999999999415,-1.8731006055923004e-08,-0.004166768435402749,trajectory,REJOIN_SOFT,3.646470069885254,12.30719661712581,1.133892328653019e-05
1032,80924.609,12.310334205627441,1.8642865597939817e-06,-0.9538829326629639,-7.574409063006909e-08,0.030008625239133835,-1.3510671692529286e-07,0.002548147225752473,0.029999999999994285,-1.8521560636726605e-08,-0.004533126286638915,trajectory,REJOIN_SOFT,3.6485793590545654,12.310334205626795,1.133892328653019e-05
1033,80924.718,12.313292503356934,1.8519252762416727e-06,-0.9535839557647705,-7.761336058872945e-08,0.030007466673851013,-1.1481428430215601e-07,0.0032557258382439613,0.029999999999994385,-1.835035128194535e-08,-0.004606461320030448,trajectory,REJOIN_SOFT,3.6537506580352783,12.313292503356296,1.133892328653019e-05
1034,80924.812,12.315533638000488,1.8438635152051575e-06,-0.9533365964889526,-7.891813896757683e-08,0.03000669740140438,-1.002814329353896e-07,0.0033165805507451296,0.029999999999994458,-1.823837819944716e-08,-0.004623697660821435,trajectory,REJOIN_SOFT,3.6549644470214844,12.315533637999856,1.133892328653019e-05
1035,80924.906,12.316788673400879,1.839816604842781e-06,-0.9531972408294678,-7.96248669303794e-08,0.030006302520632744,-9.246338805724008e-08,0.0033160166349262,0.029999999999994486,-1.8181567481048478e-08,-0.004654612328554917,trajectory,REJOIN_SOFT,3.6545066833496094,12.316788673400248,1.133892328653019e-05
1036,80925.046,12.321539878845215,1.827345499805233e-06,-0.9526728391647339,-8.230086578596014e-08,0.03000500611960888,-6.495367443903888e-08,0.0032762899063527584,0.0299999999999946,-1.7998094130681124e-08,-0.004677654273505736,trajectory,REJOIN_SOFT,3.6538469791412354,12.321539878844591,1.133892328653019e-05
1037,80925.14,12.324139595031738,1.822295416786801e-06,-0.9523887634277344,-8.377169037117956e-08,0.030004413798451424,-5.129939140147144e-08,0.003252949332818389,0.02999999999999465,-1.7917235867360715e-08,-0.004719139285998603,trajectory,REJOIN_SOFT,3.6531710624694824,12.324139595031118,1.133892328653019e-05
1038,80925.171,12.325215339660645,1.82054554898059e-06,-0.9522718191146851,-8.437309412253072e-08,0.030004190281033516,-4.593865199353786e-08,0.0032438880298286676,0.029999999999994666,-1.7887784180056833e-08,-0.004736736598784972,trajectory,REJOIN_SOFT,3.6524996757507324,12.325215339660025,1.133892328653019e-05
1039,80925.359,12.32996654510498,1.815006612559955e-06,-0.951758861541748,-8.696210015744818e-08,0.030003327876329422,-2.428769541040765e-08,0.0032077657524496317,0.02999999999999473,-1.7784214196973403e-08,-0.004759494695241499,trajectory,REJOIN_SOFT,3.65183424949646,12.329966545104364,1.133892328653019e-05
1040,80925.468,12.333014488220215,1.8131604520021938e-06,-0.9514327049255371,-8.859047299238407e-08,0.03000286966562271,-1.2137687299684785e-08,0.003187647322192788,0.029999999999994757,-1.77379022542619e-08,-0.00480185478358935,trajectory,REJOIN_SOFT,3.6511733531951904,12.333014488219598,1.133892328653019e-05
1041,80925.578,12.33606243133545,1.8124845837519388e-06,-0.951108455657959,-9.014144621180855e-08,0.030002474784851074,-1.3471113113894262e-09,0.003169731702655554,0.029999999999994774,-1.7707097386847625e-08,-0.004816633997405277,trajectory,REJOIN_SOFT,3.650515079498291,12.336062431334833,1.133892328653019e-05
1042,80925.671,12.336600303649902,1.8124761709259474e-06,-0.9510514736175537,-9.041514736118635e-08,0.030002407729625702,4.159912136980637e-10,0.0031667803414165974,0.029999999999994774,-1.7702913652638848e-08,-0.004819246990526425,trajectory,REJOIN_SOFT,3.6498634815216064,12.336600303649286,1.133892328653019e-05
1043,80925.812,12.342068672180176,1.8140389101972687e-06,-0.9504746794700623,-9.319777559413946e-08,0.03000183030962944,1.593776488562071e-08,0.0031398183200508356,0.02999999999999479,-1.767907552427505e-08,-0.004874491887887807,trajectory,REJOIN_SOFT,3.6492156982421875,12.342068672179558,1.133892328653019e-05
1044,80925.906,12.3446683883667,1.8156869145968813e-06,-0.9502016305923462,-9.445959317230906e-08,0.03000161424279213,2.1782325276831216e-08,0.0031287476886063814,0.02999999999999479,-1.7679886353571133e-08,-0.004915090550666422,trajectory,REJOIN_SOFT,3.648571014404297,12.344668388366077,1.133892328653019e-05
1045,80926.031,12.347626686096191,1.818123791963444e-06,-0.9498928189277649,-9.585691123260387e-08,0.030001390725374222,2.723003689197867e-08,0.0031173638999462128,0.029999999999994784,-1.7688409136737148e-08,-0.004929620430802674,trajectory,REJOIN_SOFT,3.647930145263672,12.347626686095568,1.133892328653019e-05
1046,80926.125,12.35004711151123,1.8204796106147114e-06,-0.9501784443855286,-9.727870030105128e-08,0.030001239851117134,3.081747124156209e-08,-0.016406292095780373,0.029999999999994777,-1.7691208525457745e-08,-0.003378998705827559,trajectory,REJOIN_SOFT,3.6472880840301514,12.350047111510605,1.133892328653019e-05
1047,80926.156,12.351122856140137,1.8216132957604714e-06,-0.9509000182151794,-9.791060023046051e-08,0.030001172795891762,3.212248245176852e-08,-0.022538427263498306,0.029999999999994784,-1.7693460962763432e-08,-0.0028523492009275807,trajectory,REJOIN_SOFT,3.646653175354004,12.351122856139511,1.133892328653019e-05
1048,80926.265,12.353632926940918,1.824413288886717e-06,-0.9517841339111328,-9.923004978547576e-08,0.03000105544924736,3.439627249690602e-08,-0.00202269502915442,0.02999999999999477,-1.7705187255114838e-08,-0.00440517149273666,trajectory,REJOIN_SOFT,3.646653175354004,12.35363292694029,1.133892328653019e-05
1049,80926.375,12.356680870056152,1.8280137510373606e-06,-0.9516774415969849,-1.0070105809937143e-07,0.030000928789377213,3.5982441914939045e-08,0.00259746378287673,0.029999999999994763,-1.7725767956635273e-08,-0.0047801188134065494,trajectory,REJOIN_SOFT,3.6490638256073,12.35668087005552,1.133892328653019e-05
1050,80926.484,12.359639167785645,1.8315989791517495e-06,-0.9513843655586243,-1.0212880144267306e-07,0.030000805854797363,3.622985644824439e-08,0.003141212509945035,0.029999999999994753,-1.7746916325878092e-08,-0.0048041324709156615,trajectory,REJOIN_SOFT,3.6506099700927734,12.359639167785009,1.133892328653019e-05
1051,80926.625,12.363045692443848,1.8356711279921e-06,-0.9510214924812317,-1.0377286951032791e-07,0.03000066429376602,3.492876388122568e-08,0.003194026881828904,0.029999999999994736,-1.777080636080451e-08,-0.004826501274536,trajectory,REJOIN_SOFT,3.65022349357605,12.363045692443208,1.133892328653019e-05
1052,80926.734,12.365914344787598,1.8389183651379426e-06,-0.9507152438163757,-1.0515734786263922e-07,0.03000056743621826,3.2515941938981996e-08,0.003182666376233101,0.029999999999994725,-1.7788999008080242e-08,-0.004869710446456441,trajectory,REJOIN_SOFT,3.6495959758758545,12.365914344786956,1.133892328653019e-05
1053,80926.843,12.368962287902832,1.842048845901445e-06,-0.9503913521766663,-1.0662835609148299e-07,0.030000504106283188,2.8632893389612946e-08,0.0031662092078477144,0.02999999999999472,-1.7804825974167944e-08,-0.004884588454971083,trajectory,REJOIN_SOFT,3.6489455699920654,12.368962287902187,1.133892328653019e-05
1054,80926.953,12.37174129486084,1.8445009573042626e-06,-0.9500975608825684,-1.0796956945820894e-07,0.03000044636428356,2.3907698931679988e-08,0.003151967655867338,0.02999999999999471,-1.7814787335433553e-08,-0.00492581089747238,trajectory,REJOIN_SOFT,3.6482961177825928,12.371741294860193,1.133892328653019e-05
1055,80927.062,12.37460994720459,1.8465148059476633e-06,-0.9497957825660706,-1.0924139122517572e-07,0.030000386759638786,1.7844746125206257e-08,0.003138632047921419,0.029999999999994705,-1.782264935159374e-08,-0.004939832964661597,trajectory,REJOIN_SOFT,3.6482961177825928,12.37460994720394,1.133892328653019e-05
1056,80927.171,12.37747859954834,1.8478832544133184e-06,-0.9502182006835938,-1.1040054224750801e-07,0.03000032715499401,1.0406683514929682e-08,-0.0184798426926136,0.0299999999999947,-1.7826609187772248e-08,-0.0032153881319388067,trajectory,REJOIN_SOFT,3.6476495265960693,12.37747859954769,1.133892328653019e-05
1057,80927.281,12.380167961120605,1.8484728343537427e-06,-0.9518457651138306,-1.1148724632884368e-07,0.030000271275639534,2.6041089284944974e-09,-0.007561834994703531,0.029999999999994708,-1.7822459051539033e-08,-0.004007450526259772,trajectory,REJOIN_SOFT,3.647005796432495,12.380167961119954,1.133892328653019e-05
1058,80927.375,12.382678031921387,1.848352667366271e-06,-0.9520031809806824,-1.1250150346958936e-07,0.030000219121575356,-5.641235034659076e-09,0.0013579748338088393,0.029999999999994708,-1.7810953675299275e-08,-0.00462314086787089,trajectory,REJOIN_SOFT,3.646364212036133,12.382678031920733,1.133892328653019e-05
1059,80927.468,12.383843421936035,1.8480519656804972e-06,-0.9519269466400146,-1.1297240857004786e-07,0.030000194907188416,-9.812538337428123e-09,0.0024164586793631315,0.02999999999999472,-1.780281580480249e-08,-0.004711631292548619,trajectory,REJOIN_SOFT,3.6492691040039062,12.383843421935381,1.133892328653019e-05
1060,80927.593,12.388325691223145,1.8452724361850414e-06,-0.9514772295951843,-1.148917762450135e-07,0.03000013530254364,-2.7743212172026688e-08,0.0032078358344733715,0.02999999999999475,-1.774967725511859e-08,-0.004793862283235445,trajectory,REJOIN_SOFT,3.65104341506958,12.388325691222493,1.133892328653019e-05
1061,80927.718,12.391283988952637,1.8418705849398975e-06,-0.9511585831642151,-1.1587821559743898e-07,0.03000013530254364,-4.1193874977807354e-08,0.0032191218342632055,0.029999999999994777,-1.7704999954679762e-08,-0.004830446516525391,trajectory,REJOIN_SOFT,3.6506786346435547,12.391283988951987,1.133892328653019e-05
1062,80927.828,12.394152641296387,1.8372409158473602e-06,-0.9508501887321472,-1.1651145124684409e-07,0.03000013530254364,-5.546031189851419e-08,0.003203050000593066,0.0,0.0,0.0,trajectory_no_feasible,REJOIN_SOFT,3.650050640106201,12.39415264129574,1.133892328653019e-05
1063,80927.953,12.397552490234375,1.829881171033776e-06,-0.9504865407943726,-1.1744816873520244e-07,0.029487179592251778,-7.390593737000017e-08,0.003165037836879492,0.029999999999994854,-1.7570711467520027e-08,-0.004887258007221188,trajectory,REJOIN_SOFT,3.6493937969207764,12.397552490233732,1.133892328653019e-05
1064,80928.078,12.400646209716797,1.8208924075224786e-06,-0.9501459002494812,-1.1832155197902889e-07,0.027892235666513443,-9.281566804020258e-08,0.003157669212669134,0.029999999999994916,-1.746587369411152e-08,-0.004919669907386171,trajectory,REJOIN_SOFT,3.6487371921539307,12.40064620971616,1.133892328653019e-05
1065,80928.203,12.403368949890137,1.8107859887095401e-06,-0.9498331546783447,-1.1888617445312726e-07,0.027187954634428024,-1.1157717949572543e-07,0.003149733180180192,0.029999999999994982,-1.7354207367640947e-08,-0.004949631311494824,trajectory,REJOIN_SOFT,3.641275405883789,12.403368949889504,1.133892328653019e-05
1066,80928.312,12.406288146972656,1.7975482933252351e-06,-0.9501532912254333,-1.1979014274909283e-07,0.026971403509378433,-1.3401194109974313e-07,-0.017817052081227303,0.02999999999999507,-1.7197521518806485e-08,-0.0032562816632277928,trajectory,REJOIN_SOFT,3.6402511596679688,12.406288146972033,1.133892328653019e-05
1067,80928.39,12.40831470489502,1.7868942450149916e-06,-0.9515180587768555,-1.2063377167685933e-07,0.027008743956685066,-1.5001302244854742e-07,-0.009368063881993294,0.02999999999999515,-1.70651445488131e-08,-0.003863637771689784,trajectory,REJOIN_SOFT,3.6437387466430664,12.408314704894403,1.133892328653019e-05
1068,80928.5,12.41107177734375,1.7705197024042718e-06,-0.9517231583595276,-1.216167615371137e-07,0.027187801897525787,-1.696839433407149e-07,0.0017221318557858467,0.029999999999995253,-1.6867937357709917e-08,-0.004740598451578509,trajectory,REJOIN_SOFT,3.6459946632385254,12.411071777343144,1.133892328653019e-05
1069,80928.609,12.413450241088867,1.7553187490193523e-06,-0.9515016078948975,-1.2248361990896614e-07,0.027399888262152672,-1.7844743638306682e-07,0.003000563709065318,0.02999999999999536,-1.6684489828780436e-08,-0.004785010828115313,trajectory,REJOIN_SOFT,3.6492035388946533,12.413450241088272,1.133892328653019e-05
1070,80928.703,12.415844917297363,1.739697836455889e-06,-0.9512293338775635,-1.2338141623387986e-07,0.02763156220316887,-1.7932980256318842e-07,0.003196733770892024,0.02999999999999546,-1.6495075687536343e-08,-0.0048143181339281495,trajectory,REJOIN_SOFT,3.6489148139953613,12.415844917296777,1.133892328653019e-05
1071,80928.812,12.418508529663086,1.72279783328122e-06,-0.9509208798408508,-1.2408250468260952e-07,0.027887746691703796,-1.711383958991064e-07,0.0032123669516295195,0.02999999999999557,-1.6298483902892682e-08,-0.0048526774714179165,trajectory,REJOIN_SOFT,3.648113250732422,12.41850852966251,1.133892328653019e-05
1072,80928.921,12.421194076538086,1.7071387219402823e-06,-0.9506132006645203,-1.2438893044036364e-07,0.028131436556577682,-1.5382518370188336e-07,0.0031976557802408934,0.029999999999995666,-1.612797378849831e-08,-0.0048668845365233545,trajectory,REJOIN_SOFT,3.6474342346191406,12.421194076537521,1.133892328653019e-05
1073,80929.031,12.42374038696289,1.6942169622780057e-06,-0.950326144695282,-1.243809686457009e-07,0.02834259159862995,-1.3294467748892203e-07,0.0031813974492251873,0.02999999999999573,-1.5997370247625972e-08,-0.00490699375813771,trajectory,REJOIN_SOFT,3.6474342346191406,12.423740386962333,1.133892328653019e-05
1074,80929.14,12.426300048828125,1.6830159665914834e-06,-0.950040340423584,-1.2400441655839327e-07,0.02853478491306305,-1.1755039963645686e-07,0.0031662604305893183,0.029999999999995784,-1.5897725045167843e-08,-0.0049200730102317404,trajectory,REJOIN_SOFT,3.646865129470825,12.426300048827574,1.133892328653019e-05
1075,80929.234,12.429218292236328,1.6716008985895314e-06,-0.9497181177139282,-1.2429651597990995e-07,0.028729379177093506,-1.0548570372748145e-07,0.003150727367028594,0.02999999999999585,-1.5778022127115807e-08,-0.004960098285815829,trajectory,REJOIN_SOFT,3.6463568210601807,12.429218292235785,1.133892328653019e-05
1076,80929.375,12.432249069213867,1.6614636706435704e-06,-0.9504570960998535,-1.2486414475161338e-07,0.028909092769026756,-8.705882237336482e-08,-0.02119770459830761,0.02999999999999591,-1.566558069156264e-08,-0.0029752748092926684,trajectory,REJOIN_SOFT,3.6458725929260254,12.43224906921333,1.133892328653019e-05
1077,80929.468,12.435026168823242,1.6538880345251528e-06,-0.9522998929023743,-1.2526673319431983e-07,0.029047368094325066,-7.113116851087398e-08,-0.00734669528901577,0.029999999999995954,-1.5585915058085457e-08,-0.003972914159230799,trajectory,REJOIN_SOFT,3.6453938484191895,12.43502616882271,1.133892328653019e-05
1078,80929.562,12.43606948852539,1.651429442972585e-06,-0.9524513483047485,-1.2535839108718298e-07,0.029094640165567398,-6.547253406097298e-08,-0.0017630939837545156,0.02999999999999596,-1.5562269335016725e-08,-0.004412029493532986,trajectory,REJOIN_SOFT,3.6453938484191895,12.436069488524858,1.133892328653019e-05
1079,80929.703,12.440719604492188,1.6429116840299685e-06,-0.9521619081497192,-1.253415690025346e-07,0.029279718175530434,-4.217569937736698e-08,0.0031075950246304274,0.029999999999995995,-1.5498037644409464e-08,-0.004728580332416409,trajectory,REJOIN_SOFT,3.6498444080352783,12.44071960449166,1.133892328653019e-05
1080,80929.812,12.443527221679688,1.6394731119362405e-06,-0.951854407787323,-1.2552826021020054e-07,0.02937324345111847,-2.9663146605685142e-08,0.003247614484280348,0.029999999999996006,-1.5473235736916518e-08,-0.004767867483612857,trajectory,REJOIN_SOFT,3.6510846614837646,12.443527221679162,1.133892328653019e-05
1081,80929.937,12.446619987487793,1.6370174762414536e-06,-0.95151287317276,-1.2551251965651874e-07,0.02946188859641552,-1.7352663306269278e-08,0.003243787679821253,0.029999999999996016,-1.546815958586826e-08,-0.004784638069984279,trajectory,REJOIN_SOFT,3.650740146636963,12.446619987487267,1.133892328653019e-05
1082,80930.031,12.44919204711914,1.63591141699726e-06,-0.9512313604354858,-1.2533827255360397e-07,0.02952585555613041,-8.242583504625145e-09,0.003225642256438732,0.029999999999996006,-1.547977243540103e-08,-0.004825764022190962,trajectory,REJOIN_SOFT,3.650195360183716,12.449192047118617,1.133892328653019e-05
1083,80930.109,12.450078964233398,1.635708031244576e-06,-0.9511348009109497,-1.2546089808334364e-07,0.02954612486064434,-5.33028865490337e-09,0.003219161182641983,0.02999999999999601,-1.5480392878046466e-08,-0.004830073512514029,trajectory,REJOIN_SOFT,3.650195360183716,12.450078964232874,1.133892328653019e-05
1084,80930.265,12.453804016113281,1.6357479353246163e-06,-0.9507307410240173,-1.2593475730123458e-07,0.029622264206409454,5.618164600207365e-09,0.0031934110447764397,0.029999999999996,-1.549480130800516e-08,-0.004864819293504492,trajectory,REJOIN_SOFT,3.6490323543548584,12.453804016112755,1.133892328653019e-05
1085,80930.359,12.458061218261719,1.6373077187381568e-06,-0.9502726197242737,-1.2695218303126167e-07,0.029693812131881714,1.5592254598573163e-08,0.0031678788363933563,0.02999999999999599,-1.5514965002800644e-08,-0.0049034268091622596,trajectory,REJOIN_SOFT,3.6484427452087402,12.458061218261191,1.133892328653019e-05
1086,80930.468,12.460908889770508,1.639061224523175e-06,-0.9499693512916565,-1.2791859159539838e-07,0.02973383106291294,2.073722882300899e-08,0.003152986988425255,0.0,0.0,0.0,trajectory_no_feasible,REJOIN_SOFT,3.647846221923828,12.460908889769978,1.133892328653019e-05
1087,80930.578,12.463583946228027,1.6411083834100282e-06,-0.9506121277809143,-1.2927472352621138e-07,0.029355410486459732,2.4617607508048422e-08,-0.02021527849137783,0.029999999999995974,-1.5532316522259926e-08,-0.0030492347553876583,trajectory,REJOIN_SOFT,3.647247552871704,12.463583946227496,1.133892328653019e-05
1088,80930.671,12.466422080993652,1.6437069234598312e-06,-0.9522387981414795,-1.3117341439453963e-07,0.028036214411258698,2.7633504373625328e-08,-0.004742946941405535,0.02999999999999598,-1.55278688768709e-08,-0.00417746064956365,trajectory,REJOIN_SOFT,3.646643877029419,12.46642208099312,1.133892328653019e-05
1089,80930.796,12.468995094299316,1.6463611700601177e-06,-0.9522647857666016,-1.3289013889906183e-07,0.027393000200390816,2.9248573341078554e-08,0.00211342447437346,0.029999999999995985,-1.5527614035474082e-08,-0.0047246709815698664,trajectory,REJOIN_SOFT,3.6404495239257812,12.46899509429878,1.133892328653019e-05
1090,80930.921,12.471697807312012,1.649289174565638e-06,-0.9519889950752258,-1.3486171649827405e-07,0.02716805227100849,2.967846413071129e-08,0.003124101785942912,0.029999999999995985,-1.5524069925068683e-08,-0.004746739299664226,trajectory,REJOIN_SOFT,3.6464717388153076,12.471697807311473,1.133892328653019e-05
1091,80931.015,12.474052429199219,1.651847696848563e-06,-0.9517109990119934,-1.368641795137979e-07,0.027190817520022392,2.8969838083980903e-08,0.003230238100513816,0.02999999999999599,-1.5512625481711903e-08,-0.004781241176970371,trajectory,REJOIN_SOFT,3.6497042179107666,12.474052429198679,1.133892328653019e-05
1092,80931.109,12.475118637084961,1.6529656932107173e-06,-0.9515846967697144,-1.3783626809329598e-07,0.027241162955760956,2.8325509049409447e-08,0.0032345398794859648,0.029999999999995995,-1.5505031102863068e-08,-0.004787900431402096,trajectory,REJOIN_SOFT,3.6497042179107666,12.475118637084421,1.133892328653019e-05
1093,80931.234,12.479227066040039,1.6569252920817235e-06,-0.951100766658783,-1.4198803327967877e-07,0.027552509680390358,2.397761811323562e-08,0.0032107920851558447,0.029999999999996012,-1.5459611812038435e-08,-0.00482795161074053,trajectory,REJOIN_SOFT,3.650670289993286,12.479227066039495,1.133892328653019e-05
1094,80931.328,12.48171615600586,1.658909809520992e-06,-0.9508126378059387,-1.4450217223432655e-07,0.02777670882642269,1.9951411189822466e-08,0.003192981705069542,0.029999999999996033,-1.5427319603182246e-08,-0.00486218469929733,trajectory,REJOIN_SOFT,3.648989200592041,12.481716156005312,1.133892328653019e-05
1095,80931.437,12.483977317810059,1.6603480617050081e-06,-0.9505547285079956,-1.4670696365398807e-07,0.027979837730526924,1.5422022769939758e-08,0.0031781212892383337,0.02999999999999605,-1.5396085528038766e-08,-0.00487389133092799,trajectory,REJOIN_SOFT,3.647876024246216,12.483977317809511,1.133892328653019e-05
1096,80931.531,12.486673355102539,1.6615276763332076e-06,-0.9502503871917725,-1.494275150201092e-07,0.028210747987031937,8.94434659670651e-09,0.0031622282695025206,0.02999999999999607,-1.5349785798389747e-08,-0.004911815865688809,trajectory,REJOIN_SOFT,3.647081136703491,12.48667335510199,1.133892328653019e-05
1097,80931.562,12.48743724822998,1.661741521274962e-06,-0.9501650929450989,-1.5019142671446788e-07,0.028272783383727074,6.905807925505769e-09,0.0031580652575939894,0.02999999999999608,-1.533545145455842e-08,-0.004915747537069805,trajectory,REJOIN_SOFT,3.647081136703491,12.487437248229432,1.133892328653019e-05
1098,80931.656,12.489559173583984,1.6620329006400425e-06,-0.9499284625053406,-1.5229099457744367e-07,0.028437215834856033,7.44240724603884e-10,0.0031471101101487875,0.029999999999996103,-1.5292717002822068e-08,-0.0049438132397875536,trajectory,REJOIN_SOFT,3.646456718444824,12.489559173583434,1.133892328653019e-05
1099,80931.75,12.492475509643555,1.6616259017609991e-06,-0.9502675533294678,-1.5512866307588598e-07,0.028645122423768044,-9.018376267988515e-09,-0.017818361520767212,0.029999999999996137,-1.522581715356357e-08,-0.0032496209681079137,trajectory,REJOIN_SOFT,3.6459200382232666,12.492475509643004,1.133892328653019e-05
1100,80931.859,12.493247985839844,1.6613448678981513e-06,-0.9508103728294373,-1.5588786201434408e-07,0.028695544227957726,-1.1798931609519059e-08,-0.020134147256612778,0.029999999999996148,-1.520580394829314e-08,-0.00303271765304995,trajectory,REJOIN_SOFT,3.6454219818115234,12.493247985839293,1.133892328653019e-05
1101,80931.953,12.49748706817627,1.6584443756073597e-06,-0.9514815807342529,-1.6003338329053786e-07,0.028936220332980156,-2.8228546611330785e-08,0.002030783798545599,0.02999999999999621,-1.5080346819413712e-08,-0.004772351742221836,trajectory,REJOIN_SOFT,3.6462583541870117,12.49748706817572,1.133892328653019e-05
1102,80932.078,12.500090599060059,1.6553900650251308e-06,-0.9512395262718201,-1.6251725539347105e-07,0.029064271599054337,-3.981682183962221e-08,0.003046763362362981,0.029999999999996255,-1.498988303314617e-08,-0.0048124196059486524,trajectory,REJOIN_SOFT,3.648902177810669,12.500090599059511,1.133892328653019e-05
1103,80932.203,12.503769874572754,1.6492600707351812e-06,-0.9508416056632996,-1.6608632217727698e-07,0.029219279065728188,-5.783174117368617e-08,0.003197842976078391,0.029999999999996325,-1.483842027204805e-08,-0.005463837873190615,trajectory,GOAL_DIRECT,3.6488373279571533,12.503769874572209,1.133892328653019e-05
1104,80932.312,12.506577491760254,1.6429920606242376e-06,-0.9505345225334167,-1.685792664852193e-07,0.029320402070879936,-7.294936210655578e-08,0.0031909882090985775,0.029999999999996394,-1.4710536049628045e-08,-0.005501086370646941,trajectory,GOAL_DIRECT,3.64836049079895,12.506577491759712,1.133892328653019e-05
1105,80932.421,12.509121894836426,1.636011006667104e-06,-0.9502576589584351,-1.71150226717428e-07,0.02940090373158455,-8.768860482177843e-08,0.0031767538748681545,0.029999999999996467,-1.4569520504454692e-08,-0.005513790802657592,trajectory,GOAL_DIRECT,3.647824287414551,12.50912189483589,1.133892328653019e-05
1106,80932.531,12.512225151062012,1.6258128425761242e-06,-0.9499250054359436,-1.7388685373481026e-07,0.029485633596777916,-1.0679287498760459e-07,0.0031598408240824938,0.02999999999999655,-1.4389021198636256e-08,-0.005562005028873677,trajectory,GOAL_DIRECT,3.647824287414551,12.51222515106148,1.133892328653019e-05
1107,80932.625,12.514531135559082,1.6168884258149774e-06,-0.9501594305038452,-1.7575856608074738e-07,0.0295421089977026,-1.2228976231654087e-07,-0.015579696744680405,0.029999999999996616,-1.424334055089037e-08,-0.004069882428646079,trajectory,GOAL_DIRECT,3.647273540496826,12.514531135558556,1.133892328653019e-05
1108,80932.75,12.517635345458984,1.6029275684559252e-06,-0.9517529606819153,-1.7804442269429845e-07,0.029606448486447334,-1.435395944326956e-07,-0.00435137702152133,0.029999999999996717,-1.4030449368074393e-08,-0.004888471497595301,trajectory,GOAL_DIRECT,3.6467134952545166,12.517635345458467,1.133892328653019e-05
1109,80932.859,12.52047348022461,1.5884894537521177e-06,-0.9517572522163391,-1.7987049541371662e-07,0.029657484963536263,-1.5488261340124154e-07,0.0022190678864717484,0.029999999999996814,-1.3823152700361989e-08,-0.004708400196616207,trajectory,STRAIGHT,3.6461596488952637,12.520473480224101,1.133892328653019e-05
1110,80932.968,12.523045539855957,1.575019268784672e-06,-0.951515793800354,-1.8192704813234353e-07,0.02969823218882084,-1.5282604692856694e-07,0.00308444001711905,0.029999999999996908,-1.3618267193658283e-08,-0.004789702887867247,trajectory,STRAIGHT,3.6492631435394287,12.523045539855456,1.133892328653019e-05
1111,80933.078,12.526165008544922,1.5595647937516333e-06,-0.9511821269989014,-1.8428318572591665e-07,0.029741071164608,-1.4033489037501568e-07,0.0032163101714104414,0.02999999999999701,-1.3384222525488244e-08,-0.004827350869755256,trajectory,STRAIGHT,3.650290012359619,12.52616500854443,1.133892328653019e-05
1112,80933.171,12.528764724731445,1.5479994317502133e-06,-0.9509021043777466,-1.8607438712827436e-07,0.029771920293569565,-1.2516176184362848e-07,0.0032136808149516582,0.0,0.0,0.0,trajectory_no_feasible,STRAIGHT,3.649873733520508,12.52876472473096,1.133892328653019e-05
1113,80933.296,12.53171443939209,1.5363984857685864e-06,-0.950584888458252,-1.8792448657404987e-07,0.02947154827415943,-1.0979753994888597e-07,0.003186424495652318,0.029999999999997168,-1.3035937245552932e-08,-0.004881771714891874,trajectory,STRAIGHT,3.649275064468384,12.531714439391612,1.133892328653019e-05
1114,80933.39,12.534395217895508,1.526731011836091e-06,-0.9502902626991272,-1.897496365787927e-07,0.0281501617282629,-9.866467820529579e-08,0.0031700527761131525,0.02999999999999723,-1.2883858047770374e-08,-0.004909123596235041,trajectory,STRAIGHT,3.648655891418457,12.534395217895035,1.133892328653019e-05
1115,80933.5,12.53498363494873,1.524680556030944e-06,-0.9502235054969788,-1.9016957865436878e-07,0.02793012745678425,-9.663421707273301e-08,0.003170569194480777,0.029999999999997248,-1.2850739420841514e-08,-0.004912502769811873,trajectory,STRAIGHT,3.642005205154419,12.534983634948258,1.133892328653019e-05
1116,80933.625,12.53982925415039,1.508651621406898e-06,-0.9496638178825378,-1.9429978390065497e-07,0.027104750275611877,-8.657736572104113e-08,0.0031487250234931707,0.029999999999997366,-1.2567920078735742e-08,-0.004954609514740988,trajectory,STRAIGHT,3.6410672664642334,12.539829254149929,1.133892328653019e-05
1117,80933.718,12.542261123657227,1.5008986338216346e-06,-0.9503070712089539,-1.967906567845637e-07,0.02711566537618637,-8.624841285609364e-08,-0.02020764723420143,0.02999999999999743,-1.2416761551837427e-08,-0.0030785153856588768,trajectory,STRAIGHT,3.6442158222198486,12.542261123656768,1.133892328653019e-05
1118,80933.843,12.545034408569336,1.491960233579448e-06,-0.9518029093742371,-1.9945905271097814e-07,0.02727496065199375,-8.96734846378422e-08,-0.003269897075369954,0.029999999999997497,-1.224817723441487e-08,-0.004358743490101234,trajectory,STRAIGHT,3.6458797454833984,12.545034408568883,1.133892328653019e-05
1119,80933.968,12.547907829284668,1.4821719105384545e-06,-0.9517395496368408,-2.018031400871239e-07,0.027518533170223236,-9.750482377057779e-08,0.00252569280564785,0.029999999999997567,-1.2079464497659733e-08,-0.004731621854762917,trajectory,STRAIGHT,3.647526264190674,12.54790782928422,1.133892328653019e-05
1120,80934.062,12.550479888916016,1.4727214647791698e-06,-0.9514666795730591,-2.0370226935685819e-07,0.027757277712225914,-1.0444834686040849e-07,0.003150099189952016,0.029999999999997626,-1.192578891158787e-08,-0.004798000270387445,trajectory,STRAIGHT,3.649183750152588,12.550479888915573,1.133892328653019e-05
1121,80934.093,12.55114459991455,1.4702098951602238e-06,-0.9513905644416809,-2.041963757339597e-07,0.027819298207759857,-1.0472368217051553e-07,0.003187805414199829,0.029999999999997643,-1.1885093310109505e-08,-0.00480482252489618,trajectory,STRAIGHT,3.649183750152588,12.55114459991411,1.133892328653019e-05
1122,80934.203,12.553662300109863,1.4609345271310303e-06,-0.9511013627052307,-2.061049113404317e-07,0.028047213330864906,-1.0011797257902799e-07,0.003223719773814082,0.029999999999997706,-1.1732627663333473e-08,-0.004837481218532181,trajectory,STRAIGHT,3.6486639976501465,12.553662300109426,1.133892328653019e-05
1123,80934.281,12.55577278137207,1.4536326489178464e-06,-0.9508599638938904,-2.0761728205891028e-07,0.02822747640311718,-9.471241924075002e-08,0.003215259173884988,0.029999999999997754,-1.1613104090823976e-08,-0.004848874311104871,trajectory,STRAIGHT,3.648022174835205,12.555772781371639,1.133892328653019e-05
1124,80934.406,12.556876182556152,1.4499887583951931e-06,-0.9507344961166382,-2.0830526854567377e-07,0.028316756710410118,-9.219138519256376e-08,0.0032082197722047567,0.029999999999997775,-1.1555777756241249e-08,-0.004877885526058777,trajectory,STRAIGHT,3.647456407546997,12.556876182555722,1.133892328653019e-05
1125,80934.515,12.561320304870605,1.4362799447553698e-06,-0.9502365589141846,-2.1085315820568385e-07,0.028639771044254303,-8.408963481087994e-08,0.0031791666988283396,0.02999999999999785,-1.134314560899499e-08,-0.004900458140311344,trajectory,STRAIGHT,3.647456407546997,12.561320304870183,1.133892328653019e-05
1126,80934.64,12.56416130065918,1.4281388303061249e-06,-0.9499226212501526,-2.124981034075221e-07,0.028816096484661102,-8.059316058961485e-08,0.00316274119541049,0.029999999999997903,-1.1214138194812836e-08,-0.004942217407780287,trajectory,STRAIGHT,3.646941661834717,12.56416130065876,1.133892328653019e-05
1127,80934.734,12.56650447845459,1.421694491909875e-06,-0.949990451335907,-2.1393977179812734e-07,0.028947165235877037,-7.864831985671117e-08,-0.012908626347780228,0.02999999999999794,-1.1108378964095269e-08,-0.0036531165000373085,trajectory,STRAIGHT,3.6464483737945557,12.566504478454174,1.133892328653019e-05
1128,80934.765,12.567632675170898,1.4186401813276461e-06,-0.9506868720054626,-2.1455272615390217e-07,0.029005547985434532,-7.801912005334088e-08,-0.02163996733725071,0.029999999999997962,-1.106044878530895e-08,-0.0029305958417597455,trajectory,STRAIGHT,3.6459569931030273,12.567632675170485,1.133892328653019e-05
1129,80934.859,12.569631576538086,1.4132814385448e-06,-0.9521737694740295,-2.156652671089631e-07,0.029098208993673325,-7.742091412410446e-08,-0.012960828840732574,0.029999999999997994,-1.0975316022979731e-08,-0.0035505820480528517,trajectory,STRAIGHT,3.6459569931030273,12.569631576537676,1.133892328653019e-05
1130,80934.968,12.572526931762695,1.4056162171982578e-06,-0.952534019947052,-2.1700970495214277e-07,0.02921641804277897,-7.764136711330138e-08,0.0011960503179579973,0.029999999999998035,-1.0861059770917946e-08,-0.004569240859972098,trajectory,STRAIGHT,3.645494222640991,12.572526931762289,1.133892328653019e-05
1131,80935.093,12.575948715209961,1.3964378240416409e-06,-0.9522400498390198,-2.1880401290244001e-07,0.02933817356824875,-7.95479095927476e-08,0.0031108795665204525,0.029999999999998084,-1.0718160307277967e-08,-0.004737125705258706,trajectory,STRAIGHT,3.6490068435668945,12.57594871520956,1.133892328653019e-05
1132,80935.234,12.580005645751953,1.3851747553417226e-06,-0.9517955183982849,-2.2134145084811785e-07,0.029458241537213326,-8.409529073105659e-08,0.0032536042854189873,0.02999999999999815,-1.0531384411332739e-08,-0.0047678595956535605,trajectory,STRAIGHT,3.6512844562530518,12.580005645751557,1.133892328653019e-05
1133,80935.343,12.582134246826172,1.3790028106086538e-06,-0.951561450958252,-2.2288944993138779e-07,0.0295120757073164,-8.745487178885014e-08,0.0032436875626444817,0.029999999999998188,-1.0423482467207545e-08,-0.004798290939157714,trajectory,STRAIGHT,3.6510720252990723,12.582134246825778,1.133892328653019e-05
1134,80935.437,12.584794998168945,1.3709078530155239e-06,-0.951270341873169,-2.2530520929757745e-07,0.02957196719944477,-9.260614319828164e-08,0.003224452491849661,0.02999999999999824,-1.0269309445216488e-08,-0.004811307587748279,trajectory,STRAIGHT,3.6505372524261475,12.584794998168556,1.133892328653019e-05
1135,80935.546,12.586125373840332,1.3666747236129595e-06,-0.9511255025863647,-2.2670446200669526e-07,0.029599109664559364,-9.5578400305385e-08,0.0032147476449608803,0.02999999999999827,-1.0184106907507484e-08,-0.0048408359501323555,trajectory,STRAIGHT,3.649955987930298,12.586125373839945,1.133892328653019e-05
1136,80935.656,12.590293884277344,1.3524506812245818e-06,-0.9506741166114807,-2.3124249269498692e-07,0.029673561453819275,-1.0660394877959334e-07,0.0031866806093603373,0.029999999999998368,-9.900264109059799e-09,-0.004861159886028515,trajectory,STRAIGHT,3.6493659019470215,12.590293884276964,1.133892328653019e-05
1137,80935.765,12.593132019042969,1.3417940181170707e-06,-0.9503689408302307,-2.344093544039211e-07,0.02971620485186577,-1.1559654922166374e-07,0.0031698679085820913,0.029999999999998434,-9.692284596217663e-09,-0.004901256503916489,trajectory,STRAIGHT,3.648771286010742,12.593132019042596,1.133892328653019e-05
1138,80935.859,12.595637321472168,1.3317206821739092e-06,-0.9501034617424011,-2.3705795250198684e-07,0.029748931527137756,-1.242278244717454e-07,0.0031565825920552015,0.0,0.0,0.0,trajectory_no_feasible,STRAIGHT,3.6481714248657227,12.595637321471798,1.133892328653019e-05
1139,80935.89,12.596444129943848,1.3283331554703182e-06,-0.9500181674957275,-2.3792767101554026e-07,0.029758626595139503,-1.2666787085890974e-07,0.0031526025850325823,0.029999999999998514,-9.441769770065383e-09,-0.004942473882472053,trajectory,STRAIGHT,3.6475679874420166,12.59644412994348,1.133892328653019e-05
1140,80936.0,12.599109649658203,1.3166395547159482e-06,-0.949735164642334,-2.4081702222279884e-07,0.029363714158535004,-1.3264005360724695e-07,0.003139924257993698,0.02999999999999858,-9.227380456061783e-09,-0.004959355400389561,trajectory,STRAIGHT,3.6475679874420166,12.599109649657843,1.133892328653019e-05
1141,80936.14,12.60261058807373,1.3004786296733073e-06,-0.9505018591880798,-2.4464416812312543e-07,0.029039382934570312,-1.3577582080870343e-07,-0.02165977843105793,0.02999999999999867,-8.934359446656753e-09,-0.0029370444579781387,trajectory,STRAIGHT,3.6469626426696777,12.602610588073379,1.133892328653019e-05
1142,80936.234,12.605040550231934,1.2891018741356675e-06,-0.9522057771682739,-2.474125291457691e-07,0.028974100947380066,-1.3465457016081928e-07,-0.009521085768938065,0.029999999999998733,-8.725311397664532e-09,-0.00380170296561351,trajectory,STRAIGHT,3.6443071365356445,12.605040550231587,1.133892328653019e-05
1143,80936.328,12.60755729675293,1.2775409459209186e-06,-0.9524369239807129,-2.503945595357048e-07,0.02897917665541172,-1.3061445258699678e-07,0.0011708856327459216,0.02999999999999879,-8.507869067534683e-09,-0.0046455033371262805,trajectory,STRAIGHT,3.6455917358398438,12.607557296752589,1.133892328653019e-05
1144,80936.437,12.61050796508789,1.2646180493902648e-06,-0.9521908760070801,-2.537000581461871e-07,0.029036870226264,-1.2208199962060462e-07,0.0030334515031427145,0.02999999999999886,-8.266239496596223e-09,-0.004721833892645261,trajectory,STRAIGHT,3.650815010070801,12.610507965087557,1.133892328653019e-05
1145,80936.546,12.6128568649292,1.2551038253150182e-06,-0.9519351124763489,-2.563867213856132e-07,0.029102478176355362,-1.1240352648655971e-07,0.003225380554795265,0.02999999999999891,-8.081694147135988e-09,-0.004760781430172577,trajectory,STRAIGHT,3.6516294479370117,12.612856864928869,1.133892328653019e-05
1146,80936.64,12.61557674407959,1.2452875353119452e-06,-0.9516339898109436,-2.594107401243812e-07,0.029186075553297997,-9.812701051714612e-08,0.0032433620654046535,0.029999999999998965,-7.8854607566113e-09,-0.0047772760842915915,trajectory,STRAIGHT,3.6508796215057373,12.615576744079265,1.133892328653019e-05
1147,80936.75,12.616454124450684,1.2424217175066588e-06,-0.9515368342399597,-2.6023079334789556e-07,0.02921353653073311,-9.29668928506544e-08,0.0032392735593020916,0.029999999999998975,-7.830556437532644e-09,-0.004806262077742662,trajectory,STRAIGHT,3.6501309871673584,12.61645412445036,1.133892328653019e-05
1148,80936.875,12.6212797164917,1.2287262052268488e-06,-0.9510048627853394,-2.644425472988084e-07,0.029359234496951103,-7.658867673399072e-08,0.003205937799066305,0.029999999999999045,-7.563201419294095e-09,-0.004830193789654816,trajectory,STRAIGHT,3.6501309871673584,12.621279716491381,1.133892328653019e-05
1149,80936.968,12.623923301696777,1.2220023108966416e-06,-0.950717031955719,-2.659543386672665e-07,0.029431452974677086,-7.201656160304992e-08,0.003188343485817313,0.029999999999999076,-7.4501938981763855e-09,-0.004870805490543718,trajectory,STRAIGHT,3.649453639984131,12.623923301696463,1.133892328653019e-05
1150,80937.062,12.625874519348145,1.2174526773378602e-06,-0.9505072236061096,-2.66965088710299e-07,0.0294803474098444,-6.536448182714594e-08,0.0031765042804181576,0.029999999999999086,-7.375061628493552e-09,-0.004880348771592254,trajectory,STRAIGHT,3.648822069168091,12.625874519347832,1.133892328653019e-05
1151,80937.171,12.62933349609375,1.2105851965316106e-06,-0.9501367211341858,-2.6837641188583434e-07,0.029558377340435982,-5.261654223431833e-08,0.00315752811729908,0.029999999999999118,-7.268262644561983e-09,-0.004919209303285387,trajectory,STRAIGHT,3.6482152938842773,12.629333496093441,1.133892328653019e-05
1152,80937.296,12.63208293914795,1.2060620520060183e-06,-0.9498436450958252,-2.696388579350745e-07,0.02961275912821293,-4.5027931605545746e-08,0.0031440407037734985,0.02999999999999914,-7.190871792974251e-09,-0.004949054487391038,trajectory,STRAIGHT,3.647620439529419,12.632082939147642,1.133892328653019e-05
1153,80937.39,12.634654998779297,1.2023812132611056e-06,-0.9499959945678711,-2.7093466639435264e-07,0.029658876359462738,-3.987632268831476e-08,-0.014758733101189137,0.029999999999999156,-7.1219283549493685e-09,-0.0035092151093917318,trajectory,STRAIGHT,3.6470296382904053,12.634654998778991,1.133892328653019e-05
1154,80937.421,12.635719299316406,1.2009746797048138e-06,-0.9506755471229553,-2.715406457351735e-07,0.029676416888833046,-3.8330764340344103e-08,-0.02208034321665764,0.02999999999999916,-7.092766582837496e-09,-0.002895688588103326,trajectory,STRAIGHT,3.646440029144287,12.6357192993161,1.133892328653019e-05
1155,80937.515,12.638113975524902,1.1979692544628051e-06,-0.952366054058075,-2.728648150172782e-07,0.029711570590734482,-3.6183845253390245e-08,-0.010406672954559326,0.029999999999999177,-7.030318003072307e-09,-0.00374505686231521,trajectory,STRAIGHT,3.646440029144287,12.638113975524599,1.133892328653019e-05
1156,80937.625,12.640974044799805,1.1945310234295903e-06,-0.9526217579841614,-2.7454755612555893e-07,0.029748473316431046,-3.584064600659076e-08,0.0014160600258037448,0.02999999999999919,-6.95455950436245e-09,-0.004574010682199235,trajectory,STRAIGHT,3.646495819091797,12.640974044799503,1.133892328653019e-05
1157,80937.734,12.643573760986328,1.191350634144328e-06,-0.9524103999137878,-2.7657717147079554e-07,0.029778199270367622,-3.759710054396237e-08,0.0029876253101974726,0.02999999999999921,-6.8699404366349654e-09,-0.004710303808469409,trajectory,STRAIGHT,3.650866985321045,12.643573760986026,1.133892328653019e-05
1158,80937.843,12.646621704101562,1.1873050880240044e-06,-0.9520880579948425,-2.787973590891449e-07,0.029808716848492622,-4.2175397396704284e-08,0.0032394116278737783,0.029999999999999236,-6.771407322598507e-09,-0.004744616390396968,trajectory,STRAIGHT,3.652029037475586,12.646621704101264,1.133892328653019e-05
1159,80937.953,12.649669647216797,1.182654614240164e-06,-0.9517564177513123,-2.8101056446744777e-07,0.029835088178515434,-4.9471420737745575e-08,0.0032465613912791014,0.029999999999999256,-6.665279472323309e-09,-0.004775925819530491,trajectory,STRAIGHT,3.6516060829162598,12.649669647216498,1.133892328653019e-05
1160,80938.093,12.652807235717773,1.176942191705166e-06,-0.9514166712760925,-2.833705183430115e-07,0.02985846996307373,-5.982019501971081e-08,0.003225533990189433,0.029999999999999284,-6.541647996209081e-09,-0.004791230951204303,trajectory,STRAIGHT,3.650991439819336,12.652807235717479,1.133892328653019e-05
1161,80938.203,12.65594482421875,1.1699916058205417e-06,-0.951079249382019,-2.8623737969594506e-07,0.02987855300307274,-7.304821281195473e-08,0.0032034055329859257,0.02999999999999932,-6.386821431484963e-09,-0.004835815280759817,trajectory,STRAIGHT,3.6503548622131348,12.655944824218459,1.133892328653019e-05
1162,80938.312,12.6588134765625,1.1622964848356787e-06,-0.9507725834846497,-2.885494257521788e-07,0.02989441156387329,-8.766210157773457e-08,0.003184891538694501,0.02999999999999935,-6.237202201270187e-09,-0.004864485119277028,trajectory,STRAIGHT,3.6497161388397217,12.658813476562212,1.133892328653019e-05
1163,80938.421,12.661861419677734,1.1524517731231754e-06,-0.9504485130310059,-2.9113580113855745e-07,0.029909009113907814,-1.0582665765923593e-07,0.003167287679389119,0.02999999999999939,-6.0527112679048375e-09,-0.004879280333214788,trajectory,STRAIGHT,3.649080514907837,12.66186141967745,1.133892328653019e-05
1164,80938.531,12.664819717407227,1.1410596698624431e-06,-0.9501357674598694,-2.9389958811683945e-07,0.029921239241957664,-1.2390508175030845e-07,0.0031520065385848284,0.029999999999999426,-5.842176084043333e-09,-0.004921393497454479,trajectory,STRAIGHT,3.6484460830688477,12.664819717406948,1.133892328653019e-05
1165,80938.625,12.667240142822266,1.1304886129437364e-06,-0.9498810768127441,-2.962230283044362e-07,0.029930008575320244,-1.3681216159966425e-07,0.0031406618654727936,0.029999999999999468,-5.651735934899739e-09,-0.0049469544744688175,trajectory,STRAIGHT,3.6478121280670166,12.667240142821992,1.133892328653019e-05
1166,80938.734,12.667957305908203,1.1271627045061905e-06,-0.949805736541748,-2.9687912091288063e-07,0.0299324169754982,-1.403080744921681e-07,0.003137479070574045,0.02999999999999948,-5.593738750852885e-09,-0.004950466864426723,trajectory,STRAIGHT,3.6471810340881348,12.667957305907931,1.133892328653019e-05
1167,80938.859,12.673067092895508,1.1012538152499474e-06,-0.952896773815155,-3.015547817265071e-07,0.029947610571980476,-1.6127263791076984e-07,-0.027481792494654655,0.02999999999999956,-5.151279641142644e-09,-0.0023608663688245097,trajectory,STRAIGHT,3.6465492248535156,12.673067092895247,1.133892328653019e-05
1168,80938.968,12.675756454467773,1.0863776651603985e-06,-0.9548842310905457,-3.0385783407452937e-07,0.029953939840197563,-1.6887901210793643e-07,-0.008822587318718433,0.029999999999999596,-4.906603565068432e-09,-0.003618489026094108,trajectory,STRAIGHT,3.6465492248535156,12.67575645446752,1.133892328653019e-05
1169,80939.078,12.678714752197266,1.0693401009120862e-06,-0.9550606608390808,-3.0653264085883865e-07,0.029960060492157936,-1.7490623349658563e-07,0.0018501876620575786,0.02999999999999964,-4.624038394958759e-09,-0.004463489537129431,trajectory,STRAIGHT,3.649139881134033,12.678714752197019,1.133892328653019e-05
1170,80939.171,12.681224822998047,1.0545104487391654e-06,-0.9548354744911194,-3.0890876424730466e-07,0.02996465377509594,-1.7764888582405547e-07,0.0031403577886521816,0.02999999999999968,-4.375850806045713e-09,-0.004482936772282007,trajectory,STRAIGHT,3.654583215713501,12.681224822997807,1.133892328653019e-05
1171,80939.281,12.683734893798828,1.0395967819931684e-06,-0.9545606374740601,-3.111206376549735e-07,0.029968732967972755,-1.7681165331850934e-07,0.003341321600601077,0.029999999999999718,-4.131119157991433e-09,-0.0045127557280908856,trajectory,STRAIGHT,3.6571407318115234,12.683734893798595,1.133892328653019e-05
1172,80939.375,12.684900283813477,1.0327303243684582e-06,-0.9544299244880676,-3.121433968260865e-07,0.02997046895325184,-1.7517201911232405e-07,0.003353964304551482,0.029999999999999732,-4.018236011158952e-09,-0.004542260994822597,trajectory,STRAIGHT,3.6568572521209717,12.684900283813246,1.133892328653019e-05
1173,80939.515,12.689830780029297,1.0049275260826107e-06,-0.9538787007331848,-3.1644625728364225e-07,0.029976768419146538,-1.594570164797915e-07,0.003316772636026144,0.029999999999999787,-3.5566631270555105e-09,-0.00456684684908471,trajectory,STRAIGHT,3.656214475631714,12.689830780029078,1.133892328653019e-05
1174,80939.625,12.69243049621582,9.916354883898748e-07,-0.9535912275314331,-3.190817778236776e-07,0.02997955121099949,-1.45453611821722e-07,0.003290149848908186,0.029999999999999815,-3.3194940596840538e-09,-0.004609037494996439,trajectory,STRAIGHT,3.6555349826812744,12.692430496215607,1.133892328653019e-05
1175,80939.718,12.695388793945312,9.781945209397236e-07,-0.953266978263855,-3.2185979678328466e-07,0.02998233586549759,-1.2613931232863251e-07,0.003262178972363472,0.029999999999999843,-3.077735965267343e-09,-0.004623012288251768,trajectory,STRAIGHT,3.654858112335205,12.695388793945105,1.133892328653019e-05
1176,80939.812,12.696285247802734,9.744894668983761e-07,-0.9531692266464233,-3.226705226398233e-07,0.029983092099428177,-1.2094798762518622e-07,0.0032542578410357237,0.02999999999999985,-3.0101203750154448e-09,-0.0046541295733070484,trajectory,STRAIGHT,3.654858112335205,12.696285247802528,1.133892328653019e-05
1177,80939.937,12.701305389404297,9.560889111526194e-07,-0.9526259303092957,-3.2684773330363736e-07,0.029986795037984848,-1.0056110255618478e-07,0.003214361611753702,0.029999999999999874,-2.672374840636264e-09,-0.0046781026918208705,trajectory,STRAIGHT,3.6535208225250244,12.701305389404098,1.133892328653019e-05
1178,80940.062,12.704263687133789,9.464284289606439e-07,-0.952308714389801,-3.29144486152728e-07,0.029988551512360573,-9.544842072273241e-08,0.0031940836925059557,0.02999999999999989,-2.4933109109800705e-09,-0.004720492458571352,trajectory,STRAIGHT,3.652860403060913,12.704263687133594,1.133892328653019e-05
1179,80940.171,12.707132339477539,9.373417810820683e-07,-0.952003002166748,-3.313885491620716e-07,0.02999008633196354,-9.409291124029551e-08,0.0031764826271682978,0.029999999999999912,-2.322572253477498e-09,-0.004734369984496988,trajectory,STRAIGHT,3.652204751968384,12.707132339477347,1.133892328653019e-05
1180,80940.281,12.710090637207031,9.280415156354138e-07,-0.9516893625259399,-3.33774465459674e-07,0.02999146468937397,-9.400388734093212e-08,0.003160273190587759,0.029999999999999923,-2.1449963668213493e-09,-0.004776110696157826,trajectory,STRAIGHT,3.65155291557312,12.710090637206843,1.133892328653019e-05
1181,80940.468,12.713048934936523,9.186865099763963e-07,-0.9513770937919617,-3.3624021856058705e-07,0.02999259904026985,-9.519648358491395e-08,0.003145703114569187,0.029999999999999933,-1.964033069739696e-09,-0.004790558526775253,trajectory,STRAIGHT,3.6509053707122803,12.713048934936339,1.133892328653019e-05
1182,80940.593,12.716724395751953,9.067965720532811e-07,-0.9509909749031067,-3.389042697547011e-07,0.029993973672389984,-9.846363724363982e-08,0.003129614982753992,0.029999999999999947,-1.7472886825323198e-09,-0.004836063780181636,trajectory,STRAIGHT,3.6502609252929688,12.716724395751774,1.133892328653019e-05
1183,80940.718,12.721206665039062,8.915635021367052e-07,-0.9505230188369751,-3.423617140041683e-07,0.02999528869986534,-1.0512540171703222e-07,0.0031126856338232756,0.029999999999999964,-1.4664591353133971e-09,-0.004875063395644034,trajectory,STRAIGHT,3.6496191024780273,12.721206665038888,1.133892328653019e-05
1184,80940.828,12.72398567199707,8.815347314339306e-07,-0.9502341151237488,-3.4488865932376846e-07,0.029995916411280632,-1.1073328920474523e-07,0.0031035130377858877,0.02999999999999997,-1.2727934098551588e-09,-0.004888774773622359,trajectory,STRAIGHT,3.6489787101745605,12.7239856719969,1.133892328653019e-05
1185,80940.921,12.726675033569336,8.712838166502479e-07,-0.9499551653862,-3.4744024634083937e-07,0.029996531084179878,-1.1723718529310645e-07,0.003095573280006647,0.02999999999999998,-1.0747152057449426e-09,-0.004935324085214383,trajectory,STRAIGHT,3.6483428478240967,12.726675033569169,1.133892328653019e-05
1186,80941.046,12.729543685913086,8.596642260272347e-07,-0.9503813982009888,-3.4994712796582793e-07,0.029997186735272408,-1.2419150152709335e-07,-0.01851850561797619,0.029999999999999985,-8.605040229561347e-10,-0.003184886132636316,trajectory,STRAIGHT,3.64770770072937,12.729543685912923,1.133892328653019e-05
1187,80941.156,12.732412338256836,8.477293249598006e-07,-0.9521158337593079,-3.52233600974048e-07,0.029997797682881355,-1.2286466244404437e-07,-0.0070351422764360905,0.029999999999999992,-6.483818663306338e-10,-0.004010365581424018,trajectory,STRAIGHT,3.647075891494751,12.732412338256678,1.133892328653019e-05
1188,80941.265,12.735280990600586,8.363616075257596e-07,-0.9522335529327393,-3.54245204334437e-07,0.02999834716320038,-1.1329832716455712e-07,0.0018292134627699852,0.029999999999999995,-4.516554919983354e-10,-0.00463746147153293,trajectory,STRAIGHT,3.6470909118652344,12.735280990600431,1.133892328653019e-05
1189,80941.375,12.738149642944336,8.258672323790961e-07,-0.9519813060760498,-3.5615107706853445e-07,0.029998648911714554,-1.0613013756710643e-07,0.0030440755654126406,0.03,-2.6933866092188685e-10,-0.004747262782578815,trajectory,STRAIGHT,3.6509671211242676,12.738149642944185,1.133892328653019e-05
1190,80941.468,12.741107940673828,8.155551540767192e-07,-0.9516696929931641,-3.58316271320294e-07,0.029998833313584328,-1.0221287283229685e-07,0.0031952769495546818,0.03,-8.177514332950938e-11,-0.004780847243237019,trajectory,STRAIGHT,3.651495933532715,12.74110794067368,1.133892328653019e-05
1191,80941.593,12.744155883789062,8.053760325310577e-07,-0.9513434171676636,-3.603038300023626e-07,0.02999902330338955,-9.714696602713957e-08,0.0031968008261173964,0.03,9.858716355619256e-11,-0.0047972829446370595,trajectory,STRAIGHT,3.6509804725646973,12.744155883788919,1.133892328653019e-05
1192,80941.718,12.747203826904297,7.957825687299191e-07,-0.9510181546211243,-3.621736943659023e-07,0.02999921329319477,-9.072689977074333e-08,0.003180362982675433,0.03,2.6794626394320475e-10,-0.004840243521344528,trajectory,STRAIGHT,3.650339365005493,12.747203826904157,1.133892328653019e-05
1193,80941.828,12.750251770019531,7.869131763982296e-07,-0.9506945610046387,-3.640435587173439e-07,0.029999403282999992,-8.295276643366378e-08,0.0031635300256311893,0.029999999999999992,4.2795689358826306e-10,-0.004869360258952519,trajectory,STRAIGHT,3.649686574935913,12.750251770019393,1.133892328653019e-05
1194,80941.937,12.752941131591797,7.797988246238674e-07,-0.9504102468490601,-3.656934390173933e-07,0.029999570921063423,-7.496877429957749e-08,0.0031499324832111597,0.029999999999999992,5.598766622691853e-10,-0.004882488163337847,trajectory,STRAIGHT,3.649035930633545,12.752941131591662,1.133892328653019e-05
1195,80942.046,12.756258010864258,7.720894927842892e-07,-0.9500616788864136,-3.6772829137448345e-07,0.029999777674674988,-6.367000082718732e-08,0.003134871833026409,0.029999999999999992,7.086097522232474e-10,-0.004925407584194038,trajectory,STRAIGHT,3.648388624191284,12.756258010864125,1.133892328653019e-05
1196,80942.14,12.758499145507812,7.676298423575645e-07,-0.9498268365859985,-3.6910319160765066e-07,0.029999881982803345,-5.5127927112152975e-08,0.0031256580259650946,0.02999999999999999,7.99222675830788e-10,-0.004951719730199592,trajectory,STRAIGHT,3.647745370864868,12.758499145507681,1.133892328653019e-05
1197,80942.171,12.759395599365234,7.660300980205648e-07,-0.9497332572937012,-3.6965315169908623e-07,0.02999991923570633,-5.150612025772716e-08,0.003122186055406928,0.02999999999999999,8.330303247729348e-10,-0.0049561209371698075,trajectory,STRAIGHT,3.647104501724243,12.759395599365103,1.133892328653019e-05
1198,80942.265,12.761547088623047,7.626586011610925e-07,-0.9503652453422546,-3.709730559142621e-07,0.030000008642673492,-4.2040248615649034e-08,-0.019685760140419006,0.02999999999999999,9.079545370147893e-10,-0.0031143082598830123,trajectory,STRAIGHT,3.647104501724243,12.761547088622917,1.133892328653019e-05
1199,80942.375,12.764595031738281,7.590756467834581e-07,-0.952052652835846,-3.7284292020877663e-07,0.03000013530254364,-2.8111228900229435e-08,-0.0047608776949346066,0.02999999999999998,9.981985880211626e-10,-0.004223928480842199,trajectory,STRAIGHT,3.6464650630950928,12.764595031738153,1.133892328653019e-05
1200,80942.468,12.767194747924805,7.571842388642835e-07,-0.9520926475524902,-3.7432758477625627e-07,0.030000243335962296,-1.5563793809292292e-08,0.0019361590966582298,0.02999999999999998,1.0562903999046912e-09,-0.004655836940449814,trajectory,STRAIGHT,3.6490495204925537,12.767194747924677,1.133892328653019e-05
1201,80942.593,12.770153045654297,7.5602179094858e-07,-0.9518254995346069,-3.7506958987548005e-07,0.030000366270542145,-8.878997093120233e-09,0.0030853417702019215,0.02999999999999998,1.0806928907802546e-09,-0.004761128955227475,trajectory,STRAIGHT,3.6490495204925537,12.770153045654169,1.133892328653019e-05
1202,80942.687,12.772932052612305,7.553986733910278e-07,-0.9515304565429688,-3.7546431046759667e-07,0.03000044822692871,-4.7074055764539935e-09,0.0032129089813679457,0.02999999999999998,1.088236098959191e-09,-0.004796061771302539,trajectory,STRAIGHT,3.6512680053710938,12.772932052612177,1.133892328653019e-05
1203,80942.718,12.773918151855469,7.552637839580711e-07,-0.951424241065979,-3.756043726199312e-07,0.030000468716025352,-3.498837886084516e-09,0.0032180144917219877,0.02999999999999998,1.089748232963239e-09,-0.00480178098598035,trajectory,STRAIGHT,3.6509687900543213,12.77391815185534,1.133892328653019e-05
1204,80942.921,12.778848648071289,7.550573855041876e-07,-0.9508945941925049,-3.7596913672009795e-07,0.03000055067241192,4.0801748091290335e-10,0.0031956119928508997,0.02999999999999998,1.0808849752944612e-09,-0.004844092134621362,trajectory,STRAIGHT,3.6503493785858154,12.778848648071161,1.133892328653019e-05
1205,80943.015,12.781179428100586,7.551181511189498e-07,-0.950645923614502,-3.756547357602018e-07,0.03000055067241192,1.0155795093780284e-09,0.003181316191330552,0.02999999999999998,1.0599185735439542e-09,-0.004878641097637746,trajectory,STRAIGHT,3.6496939659118652,12.781179428100458,1.133892328653019e-05
1206,80943.125,12.782344818115234,7.551585099463409e-07,-0.9505219459533691,-3.755363025039635e-07,0.03000055067241192,1.0210033929425322e-09,0.0031745443120598793,0.029999999999999978,1.0504543436926804e-09,-0.004884298230352734,trajectory,STRAIGHT,3.6490390300750732,12.782344818115106,1.133892328653019e-05
1207,80943.25,12.787006378173828,7.552057468274143e-07,-0.9500284790992737,-3.7485173726846206e-07,0.03000045381486416,-9.463536621012736e-10,0.003150078933686018,0.029999999999999978,1.007758307276595e-09,-0.004923378948029878,trajectory,STRAIGHT,3.6483869552612305,12.7870063781737,1.133892328653019e-05
1208,80943.343,12.789875030517578,7.549904808001884e-07,-0.9497269988059998,-3.7428711160776875e-07,0.030000394210219383,-3.738860776536512e-09,0.003136919578537345,0.02999999999999998,9.804532954062798e-10,-0.0049590704904814735,trajectory,STRAIGHT,3.6477394104003906,12.78987503051745,1.133892328653019e-05
1209,80943.468,12.790950775146484,7.548318308181479e-07,-0.9496431350708008,-3.7407360773052846e-07,0.030000371858477592,-5.116908674551723e-09,-0.001891824882477522,0.02999999999999998,9.712121609499995e-10,-0.004560964120360233,trajectory,STRAIGHT,3.647094964981079,12.790950775146356,1.133892328653019e-05
1210,80943.578,12.795612335205078,7.534501946793171e-07,-0.9528445601463318,-3.7312267418668305e-07,0.03000030294060707,-1.3078995664272952e-08,-0.027550680562853813,0.02999999999999999,9.398096376966723e-10,-0.002365106544733739,trajectory,STRAIGHT,3.6464548110961914,12.79561233520495,1.133892328653019e-05
1211,80943.687,12.79857063293457,7.518443680964992e-07,-0.9546309113502502,-3.723197609193783e-07,0.03000028431415558,-1.9546732232811337e-08,-0.004506970290094614,0.029999999999999985,9.238264267446866e-10,-0.003978697304732115,trajectory,STRAIGHT,3.6481008529663086,12.798570632934442,1.133892328653019e-05
1212,80943.781,12.801170349121094,7.498545073758578e-07,-0.9546530842781067,-3.716340019573972e-07,0.0300002358853817,-2.6376895334578876e-08,0.0021072912495583296,0.0,0.0,0.0,trajectory_no_feasible,STRAIGHT,3.653353214263916,12.801170349120966,1.133892328653019e-05
1213,80943.812,12.802066802978516,7.4902459346049e-07,-0.9545798301696777,-3.7143740898209353e-07,0.030000217258930206,-2.8974330490427747e-08,0.0027100101578980684,0.02999999999999999,9.195459413628849e-10,-0.004479189637690167,trajectory,STRAIGHT,3.6563634872436523,12.802066802978388,1.133892328653019e-05
1214,80943.906,12.804487228393555,7.463777933480742e-07,-0.954331636428833,-3.7092505845838556e-07,0.02979087270796299,-3.6506747846942744e-08,0.003261744510382414,0.02999999999999999,9.290710218432112e-10,-0.004538954979495902,trajectory,STRAIGHT,3.6563634872436523,12.804487228393427,1.133892328653019e-05
1215,80944.031,12.807955741882324,7.413968887703959e-07,-0.9539428949356079,-3.6962812615174123e-07,0.029588522389531136,-4.8945430819458124e-08,0.0033407877199351788,0.029999999999999985,9.421934234822852e-10,-0.0045647155109213786,trajectory,STRAIGHT,3.6561596393585205,12.8079557418822,1.133892328653019e-05
1216,80944.171,12.811148643493652,7.354163926720503e-07,-0.9535833597183228,-3.6758524826850753e-07,0.029526058584451675,-6.206313685197529e-08,0.0033143588807433844,0.029999999999999985,9.480736518714202e-10,-0.004608548561518303,trajectory,STRAIGHT,3.6540567874908447,12.811148643493528,1.133892328653019e-05
1217,80944.265,12.813809394836426,7.292934469660395e-07,-0.9532861709594727,-3.660720647029331e-07,0.02952248975634575,-7.417749969818033e-08,0.003287477185949683,0.02999999999999998,9.74432808365203e-10,-0.004637046219287062,trajectory,STRAIGHT,3.6543023586273193,12.813809394836305,1.133892328653019e-05
1218,80944.359,12.814962387084961,7.262922849804454e-07,-0.9531583189964294,-3.6535817876909447e-07,0.029529066756367683,-7.975891946898628e-08,0.0032762791961431503,0.029999999999999978,9.889405663836087e-10,-0.004642542978254701,trajectory,STRAIGHT,3.6540374755859375,12.81496238708484,1.133892328653019e-05
1219,80944.5,12.819840431213379,7.110503474905272e-07,-0.9526212811470032,-3.621337191407806e-07,0.029584040865302086,-1.0558291307916079e-07,0.003233339637517929,0.02999999999999998,1.079631233390283e-09,-0.0046846250931093375,trajectory,STRAIGHT,3.6533896923065186,12.819840431213263,1.133892328653019e-05
1220,80944.625,12.823210716247559,6.978940518820309e-07,-0.9522539973258972,-3.596030296095876e-07,0.029631981626152992,-1.2550766825825121e-07,0.0032080195378512144,0.029999999999999975,1.1698785455805597e-09,-0.004724547344334789,trajectory,STRAIGHT,3.652599811553955,12.823210716247447,1.133892328653019e-05
1221,80944.734,12.826226234436035,6.841717095085187e-07,-0.9519278407096863,-3.5757535376571994e-07,0.029674755409359932,-1.4281732774179545e-07,0.0031878771260380745,0.029999999999999975,1.2850860820218102e-09,-0.0047553728125110635,trajectory,STRAIGHT,3.651888370513916,12.826226234435929,1.133892328653019e-05
1222,80944.843,12.828975677490234,6.7033192863164e-07,-0.9516322016716003,-3.556633436277767e-07,0.029711537063121796,-1.5405316844407935e-07,0.0031714208889752626,0.029999999999999968,1.407011058610217e-09,-0.004768838265450336,trajectory,STRAIGHT,3.6512227058410645,12.828975677490131,1.133892328653019e-05
1223,80944.968,12.832104682922363,6.537242143167532e-07,-0.9513002038002014,-3.537506217665231e-07,0.02974950708448887,-1.6131581048739463e-07,0.003154852893203497,0.029999999999999957,1.5660825658791927e-09,-0.004811418471419898,trajectory,STRAIGHT,3.6505815982818604,12.832104682922264,1.133892328653019e-05
1224,80945.062,12.834614753723145,6.400772463166504e-07,-0.951035737991333,-3.5215368294887474e-07,0.029776914045214653,-1.6298470484343852e-07,0.003142833011224866,0.02999999999999995,1.696757794579438e-09,-0.004823680171305028,trajectory,STRAIGHT,3.6499547958374023,12.83461475372305,1.133892328653019e-05
1225,80945.171,12.837393760681152,6.249980515349307e-07,-0.9507437944412231,-3.502439265454122e-07,0.029804186895489693,-1.6053864726472966e-07,0.00313077075406909,0.029999999999999943,1.8372505390178026e-09,-0.004863505683122774,trajectory,STRAIGHT,3.649336576461792,12.837393760681062,1.133892328653019e-05
1226,80945.265,12.839903831481934,6.117423936302657e-07,-0.9504815340042114,-3.4853196481850624e-07,0.02982618473470211,-1.5445111500866915e-07,0.003120877081528306,0.029999999999999936,1.9599150755926043e-09,-0.004875827211170097,trajectory,STRAIGHT,3.648721694946289,12.839903831481847,1.133892328653019e-05
1227,80945.359,12.841158866882324,6.053450078979949e-07,-0.9503505229949951,-3.4771466150037164e-07,0.029836300760507584,-1.5002699171873246e-07,0.0031162421219050884,0.02999999999999993,2.019357103789137e-09,-0.004906344472785387,trajectory,STRAIGHT,3.648721694946289,12.841158866882239,1.133892328653019e-05
1228,80945.5,12.845730781555176,5.840628318765084e-07,-0.949874997138977,-3.450572829008082e-07,0.029868626967072487,-1.2612868260930554e-07,0.0031010909005999565,0.029999999999999916,2.21815523212895e-09,-0.00492890866788188,trajectory,STRAIGHT,3.6481082439422607,12.845730781555098,1.133892328653019e-05
1229,80945.609,12.8483304977417,5.738645540986909e-07,-0.9501432180404663,-3.4349544727625966e-07,0.029884500429034233,-1.0842116893172715e-07,-0.0164216086268425,0.029999999999999912,2.3036640682522902e-09,-0.003380317332868235,trajectory,STRAIGHT,3.6474928855895996,12.848330497741623,1.133892328653019e-05
1230,80945.718,12.85119915008545,5.642517635351396e-07,-0.9515989422798157,-3.4235335728971364e-07,0.02989935502409935,-9.259616007284421e-08,-0.00478731095790863,0.029999999999999905,2.392926570001946e-09,-0.004238274934415477,trajectory,STRAIGHT,3.646878242492676,12.851199150085375,1.133892328653019e-05
1231,80945.828,12.853798866271973,5.567072207668389e-07,-0.9516421556472778,-3.4114602418034923e-07,0.029911218211054802,-8.130106010639793e-08,0.0018920315196737647,0.029999999999999902,2.452623293387229e-09,-0.004694755733759043,trajectory,STRAIGHT,3.6465096473693848,12.8537988662719,1.133892328653019e-05
1232,80945.921,12.856667518615723,5.493684511748143e-07,-0.9513887763023376,-3.40147054721616e-07,0.029922781512141228,-7.218701369993141e-08,0.0030317511409521103,0.029999999999999895,2.5149590353035514e-09,-0.004798602270708321,trajectory,STRAIGHT,3.6498160362243652,12.856667518615652,1.133892328653019e-05
1233,80946.031,12.857563972473145,5.472353450386436e-07,-0.9512965083122253,-3.3978842118958995e-07,0.029926083981990814,-7.007591307228722e-08,0.0031117380131036043,0.02999999999999989,2.5308519078124425e-09,-0.004818843922302821,trajectory,STRAIGHT,3.6502227783203125,12.857563972473075,1.133892328653019e-05
1234,80946.125,12.861777305603027,5.37812979928276e-07,-0.9508500695228577,-3.377819305767033e-07,0.0299398023635149,-6.487245229891414e-08,0.003179750172421336,0.029999999999999884,2.587756788916896e-09,-0.004846606834516623,trajectory,STRAIGHT,3.6497063636779785,12.86177730560296,1.133892328653019e-05
1235,80946.234,12.86473560333252,5.313726774147653e-07,-0.9505355358123779,-3.36167874400938e-07,0.029947888106107712,-6.587116985201646e-08,0.0031674590427428484,0.029999999999999888,2.6193657757969907e-09,-0.0048850071877884794,trajectory,STRAIGHT,3.649078369140625,12.864735603332454,1.133892328653019e-05
1236,80946.281,12.865811347961426,5.289791147333744e-07,-0.9504218101501465,-3.355458321956171e-07,0.029950549826025963,-6.718599365740374e-08,0.0031620580703020096,0.029999999999999884,2.630587400021178e-09,-0.004890261393104784,trajectory,STRAIGHT,3.649078369140625,12.86581134796136,1.133892328653019e-05
1237,80946.468,12.870562553405762,5.174833859200589e-07,-0.9499208927154541,-3.327422145545557e-07,0.029960772022604942,-7.906443499905436e-08,0.0031394180841743946,0.02999999999999988,2.691842572610556e-09,-0.004932302797981489,trajectory,STRAIGHT,3.6477999687194824,12.870562553405698,1.133892328653019e-05
1238,80946.578,12.873520851135254,5.090636818749772e-07,-0.9503996968269348,-3.313064861081396e-07,0.029966166242957115,-9.175820991913497e-08,-0.019094791263341904,0.029999999999999874,2.757412215708548e-09,-0.0031516233082107496,trajectory,STRAIGHT,3.6477999687194824,12.873520851135194,1.133892328653019e-05
1239,80946.718,12.877106666564941,4.969128895027097e-07,-0.9521983861923218,-3.2977555057231934e-07,0.0299715306609869,-1.1128869914500683e-07,-0.0026143905706703663,0.02999999999999986,2.8710641058221602e-09,-0.004380120895355125,trajectory,STRAIGHT,3.647162437438965,12.877106666564883,1.133892328653019e-05
1240,80946.828,12.880064964294434,4.850425057156826e-07,-0.9521220922470093,-3.2884690467654033e-07,0.029975345358252525,-1.2854034991960361e-07,0.0025143614038825035,0.02999999999999985,3.001387759330975e-09,-0.004694221104662421,trajectory,STRAIGHT,3.6499130725860596,12.880064964294379,1.133892328653019e-05
1241,80946.937,12.88320255279541,4.705804315108253e-07,-0.9518114924430847,-3.2815995651741605e-07,0.02997886762022972,-1.4692585637021693e-07,0.0031727489549666643,0.02999999999999983,3.1755668500439368e-09,-0.004762422098945382,trajectory,STRAIGHT,3.651442289352417,12.883202552795357,1.133892328653019e-05
1242,80947.046,12.885891914367676,4.566472000533395e-07,-0.951522707939148,-3.2762887132050785e-07,0.02998148463666439,-1.6269636660126707e-07,0.003225779626518488,0.029999999999999808,3.3488682177007896e-09,-0.004798093965426823,trajectory,STRAIGHT,3.6510462760925293,12.885891914367626,1.133892328653019e-05
1243,80947.14,12.886967658996582,4.506769357703888e-07,-0.9514068365097046,-3.274764789029915e-07,0.02998245321214199,-1.688940329813704e-07,0.0032246324699372053,0.029999999999999805,3.4257609368389454e-09,-0.0048037957643724885,trajectory,STRAIGHT,3.650416851043701,12.886967658996534,1.133892328653019e-05
1244,80947.296,12.892167091369629,4.202701973099465e-07,-0.9508482813835144,-3.279502159492579e-07,0.029986398294568062,-1.72698477740596e-07,0.0031941658817231655,0.02999999999999975,3.856957434587558e-09,-0.004847056395958552,trajectory,STRAIGHT,3.650416851043701,12.892167091369586,1.133892328653019e-05
1245,80947.39,12.895035743713379,4.0432485093333526e-07,-0.9505425095558167,-3.279705392078675e-07,0.029988154768943787,-1.5876736370046274e-07,0.003176663303747773,0.029999999999999718,4.07666890817738e-09,-0.004885473366474147,trajectory,STRAIGHT,3.649108648300171,12.89503574371334,1.133892328653019e-05
1246,80947.484,12.896021842956543,3.991679591308639e-07,-0.950437605381012,-3.2783482262778245e-07,0.029988696798682213,-1.5391114516205562e-07,0.0031710555776953697,0.029999999999999714,4.14342723792177e-09,-0.0048902699571301885,trajectory,STRAIGHT,3.649108648300171,12.896021842956506,1.133892328653019e-05
1247,80947.625,12.901041984558105,3.7485438042494934e-07,-0.9499071836471558,-3.2766076555448575e-07,0.029991239309310913,-1.3544452315272792e-07,0.00314541719853878,0.029999999999999662,4.472101978403728e-09,-0.004932774543247214,trajectory,STRAIGHT,3.648458242416382,12.901041984558072,1.133892328653019e-05
1248,80947.75,12.90408992767334,3.6173781836623675e-07,-0.9504436254501343,-3.2744100949812375e-07,0.02999248169362545,-1.211934517186819e-07,-0.019668087363243103,0.029999999999999638,4.645463025616535e-09,-0.0031041652138836563,trajectory,STRAIGHT,3.6478123664855957,12.904089927673308,1.133892328653019e-05
1249,80947.859,12.907227516174316,3.4988286756743037e-07,-0.9522120952606201,-3.2723518104230543e-07,0.029993675649166107,-1.04286677071741e-07,-0.004807285498827696,0.029999999999999617,4.801466728652623e-09,-0.004204605872512597,trajectory,STRAIGHT,3.647167921066284,12.907227516174288,1.133892328653019e-05
1250,80947.968,12.90982723236084,3.415018454688834e-07,-0.952252984046936,-3.2716435336989785e-07,0.029994593933224678,-8.801302442407177e-08,0.001944223535247147,0.0299999999999996,4.913395415736064e-09,-0.00464146346035028,trajectory,STRAIGHT,3.646559953689575,12.909827232360811,1.133892328653019e-05
1251,80948.078,12.912875175476074,3.3360711881869065e-07,-0.9519754648208618,-3.2748017264210027e-07,0.029995404183864594,-6.647721306762833e-08,0.003111120080575347,0.02999999999999958,5.0291895568128456e-09,-0.004748691145280246,trajectory,STRAIGHT,3.6499242782592773,12.912875175476048,1.133892328653019e-05
1252,80948.187,12.915474891662598,3.285407217390457e-07,-0.9516981244087219,-3.2748696363474587e-07,0.0299959946423769,-5.081488296809766e-08,0.0032274199184030294,0.029999999999999562,5.096327338938109e-09,-0.004782253624892388,trajectory,STRAIGHT,3.651599407196045,12.915474891662573,1.133892328653019e-05
1253,80948.281,12.917984962463379,3.247428992381174e-07,-0.9514261484146118,-3.272871854953981e-07,0.029996568337082863,-4.037734058215392e-08,0.003229742171242833,0.029999999999999555,5.1393568652368515e-09,-0.004796038204825078,trajectory,STRAIGHT,3.6512198448181152,12.917984962463354,1.133892328653019e-05
1254,80948.375,12.918971061706543,3.234592611534026e-07,-0.9513197541236877,-3.2720777448824694e-07,0.02999679371714592,-3.753661559358079e-08,0.003224526531994343,0.02999999999999956,5.153262116831232e-09,-0.004800940668231402,trajectory,STRAIGHT,3.6512198448181152,12.918971061706518,1.133892328653019e-05
1255,80948.515,12.923184394836426,3.186104322594474e-07,-0.9508671164512634,-3.2686847300004286e-07,0.02999769151210785,-3.340429444165238e-08,0.003196967765688896,0.02999999999999955,5.203665348151954e-09,-0.004845490723534842,trajectory,STRAIGHT,3.6499276161193848,12.923184394836401,1.133892328653019e-05
1256,80948.625,12.926949501037598,3.140513911148446e-07,-0.950465738773346,-3.2672269655393386e-07,0.029998399317264557,-4.068880343766068e-08,0.00317396130412817,0.029999999999999534,5.256908958760752e-09,-0.004888268615868552,trajectory,STRAIGHT,3.6492700576782227,12.926949501037573,1.133892328653019e-05
1257,80948.765,12.9303560256958,3.086088895543071e-07,-0.9501050114631653,-3.26814982125273e-07,0.029998697340488434,-5.620685428198158e-08,0.0031557674519717693,0.029999999999999524,5.3310874741716606e-09,-0.004904849473205073,trajectory,STRAIGHT,3.6486167907714844,12.930356025695778,1.133892328653019e-05
1258,80948.843,12.932955741882324,3.029913102636783e-07,-0.9498310089111328,-3.270823161595252e-07,0.029998859390616417,-7.375544441856619e-08,0.0031432544346898794,0.029999999999999506,5.4150119691988435e-09,-0.004951015904694078,trajectory,STRAIGHT,3.647968292236328,12.932955741882303,1.133892328653019e-05
1259,80948.953,12.934121131896973,2.999354080657213e-07,-0.9497157335281372,-3.27073107471825e-07,0.029998932033777237,-8.302409781890674e-08,0.00079586380161345,0.029999999999999503,5.456631830454055e-09,-0.004768988423197743,trajectory,STRAIGHT,3.6473231315612793,12.934121131896951,1.133892328653019e-05
1260,80949.078,12.93896198272705,2.834074734892056e-07,-0.9529195427894592,-3.2681066154220354e-07,0.029999233782291412,-1.2014453432129812e-07,-0.027546511963009834,0.029999999999999465,5.679105205186436e-09,-0.002358502786491764,trajectory,STRAIGHT,3.6466803550720215,12.938961982727031,1.133892328653019e-05
1261,80949.187,12.9418306350708,2.709210775719839e-07,-0.9547605514526367,-3.266551380362618e-07,0.02999941259622574,-1.3967255085844954e-07,-0.005552986636757851,0.02999999999999943,5.8506922793223435e-09,-0.0038852411778370777,trajectory,STRAIGHT,3.6477537155151367,12.941830635070783,1.133892328653019e-05
1262,80949.296,12.944878578186035,2.556571416789666e-07,-0.9547924399375916,-3.26489894317647e-07,0.02999960258603096,-1.5944034714721056e-07,0.0023359963670372963,0.02999999999999939,6.062696292257346e-09,-0.0044339186948976735,trajectory,STRAIGHT,3.652838706970215,12.94487857818602,1.133892328653019e-05
1263,80949.406,12.9475679397583,2.405596433163737e-07,-0.9545294642448425,-3.2634409104203355e-07,0.029999826103448868,-1.7588115497346735e-07,0.0032354211434721947,0.029999999999999343,6.274109240305595e-09,-0.004519021461649917,trajectory,STRAIGHT,3.656581163406372,12.947567939758287,1.133892328653019e-05
1264,80949.515,12.950346946716309,2.2345494699038682e-07,-0.9542214274406433,-3.262192063643414e-07,0.030000057071447372,-1.9167272569120541e-07,0.00334711535833776,0.02999999999999929,6.515950267693157e-09,-0.004553506883598752,trajectory,STRAIGHT,3.6565542221069336,12.950346946716296,1.133892328653019e-05
1265,80949.625,12.953215599060059,2.045337197387198e-07,-0.9539005160331726,-3.2611981698642697e-07,0.030000295490026474,-2.0070395123639173e-07,0.0033339848741889,0.029999999999999232,6.785715695710965e-09,-0.004568502015240379,trajectory,STRAIGHT,3.655940532684326,12.953215599060048,1.133892328653019e-05
1266,80949.718,12.95572566986084,1.8765693710065534e-07,-0.9536213874816895,-3.258893748254847e-07,0.03000045381486416,-1.9973188614130777e-07,0.003308875486254692,0.029999999999999177,7.0227905217731e-09,-0.004608069543749807,trajectory,STRAIGHT,3.655261754989624,12.955725669860831,1.133892328653019e-05
1267,80949.828,12.95698070526123,1.793361406043914e-07,-0.9534828066825867,-3.2575528164564325e-07,0.030000532045960426,-1.961397515515273e-07,0.003296100301668048,0.02999999999999915,7.139259816284047e-09,-0.004613976568938014,trajectory,STRAIGHT,3.655261754989624,12.956980705261223,1.133892328653019e-05
1268,80949.953,12.961642265319824,1.5075316639467928e-07,-0.9529720544815063,-3.257507056649331e-07,0.030000779777765274,-1.681748926785076e-07,0.0032524976413697004,0.029999999999999045,7.553776680257061e-09,-0.004654369400835191,trajectory,STRAIGHT,3.654581069946289,12.961642265319819,1.133892328653019e-05
1269,80950.046,12.964062690734863,1.3767177620138682e-07,-0.952709436416626,-3.2570628226133813e-07,0.03000085987150669,-1.543570249395998e-07,0.0032324627973139286,0.029999999999998996,7.74256348648817e-09,-0.0046883268675338065,trajectory,STRAIGHT,3.6539058685302734,12.96406269073486,1.133892328653019e-05
1270,80950.14,12.965317726135254,1.3136695997673087e-07,-0.9525738954544067,-3.2563824054323597e-07,0.03000088594853878,-1.456724305626267e-07,0.003222761210054159,0.029999999999998975,7.832231143491072e-09,-0.004694327788663986,trajectory,STRAIGHT,3.6532366275787354,12.96531772613525,1.133892328653019e-05
1271,80950.281,12.968993186950684,1.1518412179611914e-07,-0.9521791338920593,-3.255113083408247e-07,0.03000091388821602,-1.1836149127475437e-07,0.0031968681141734123,0.029999999999998916,8.063954679930903e-09,-0.004729479314027428,trajectory,STRAIGHT,3.652573585510254,12.96899318695068,1.133892328653019e-05
1272,80950.39,12.972668647766113,1.0185667065343296e-07,-0.9517872929573059,-3.252294216838083e-07,0.030000848695635796,-9.998783667697353e-08,0.003174292854964733,0.029999999999998864,8.249630214331988e-09,-0.0047646010374884406,trajectory,STRAIGHT,3.6519157886505127,12.97266864776611,1.133892328653019e-05
1273,80950.5,12.975626945495605,9.238757314733448e-08,-0.9514738917350769,-3.2503791641013935e-07,0.03000078722834587,-9.237064091394132e-08,0.003158306935802102,0.029999999999998826,8.382008818983244e-09,-0.00477899222506688,trajectory,STRAIGHT,3.6512622833251953,12.975626945495604,1.133892328653019e-05
1274,80950.593,12.978585243225098,8.337843127037559e-08,-0.9511618614196777,-3.2511437080578377e-07,0.030000725761055946,-8.971584009032085e-08,0.0031438921578228474,0.029999999999998795,8.516004252855765e-09,-0.004824410809594408,trajectory,STRAIGHT,3.6506118774414062,12.978585243225096,1.133892328653019e-05
1275,80950.687,12.979302406311035,8.123851813479632e-08,-0.9510865211486816,-3.251693951704303e-07,0.030000710859894753,-8.854195954199895e-08,0.0031406376510858536,0.02999999999999878,8.548985726896674e-09,-0.004827917462605253,trajectory,STRAIGHT,3.649965524673462,12.979302406311033,1.133892328653019e-05
1276,80950.812,12.984232902526855,6.788913253785722e-08,-0.9505700469017029,-3.25547687658083e-07,0.030000608414411545,-7.030494231230477e-08,0.0031203688122332096,0.029999999999998726,8.756058956006457e-09,-0.004869130795400263,trajectory,STRAIGHT,3.6493234634399414,12.984232902526854,1.133892328653019e-05
1277,80950.937,12.987370491027832,6.138068187055978e-08,-0.9502425193786621,-3.2553020852606595e-07,0.03000054322183132,-5.434637984080837e-08,0.003109193406999111,0.029999999999998694,8.850973602798345e-09,-0.004907293770039666,trajectory,STRAIGHT,3.648683547973633,12.987370491027832,1.133892328653019e-05
1278,80951.031,12.99014949798584,5.684390202986833e-08,-0.9499542713165283,-3.2559321962829963e-07,0.030000485479831696,-4.37823821641814e-08,0.003100405680015683,0.02999999999999867,8.919317033186842e-09,-0.004935386313305968,trajectory,STRAIGHT,3.6480460166931152,12.99014949798584,1.133892328653019e-05
1279,80951.062,12.990777015686035,5.5944891386161544e-08,-0.9498891830444336,-3.256085389552596e-07,0.03000047244131565,-4.1865789057737857e-08,0.003098560031503439,0.029999999999998667,8.932934875457386e-09,-0.004938493075029725,trajectory,STRAIGHT,3.6480460166931152,12.990777015686035,1.133892328653019e-05
1280,80951.14,12.993197441101074,5.281326664885455e-08,-0.9507073163986206,-3.2567459111246835e-07,0.03000042214989662,-3.5910971973862615e-08,-0.021242285147309303,0.029999999999998656,8.980724090170796e-09,-0.0029658353285042455,trajectory,STRAIGHT,3.6474106311798096,12.993197441101074,1.133892328653019e-05
1281,80951.281,12.996245384216309,4.9367905319286365e-08,-0.9523212909698486,-3.25828239011607e-07,0.030000358819961548,-3.234414691632992e-08,-0.003900563344359398,0.029999999999998635,9.035716167024425e-09,-0.004272474344178837,trajectory,STRAIGHT,3.6467769145965576,12.996245384216309,1.133892328653019e-05
1282,80951.39,12.999293327331543,4.607978709714189e-08,-0.9522934556007385,-3.2598188689075607e-07,0.030000295490026474,-3.280403504390961e-08,0.0023848190903663635,0.02999999999999862,9.088503938948172e-09,-0.0046698922684638485,trajectory,STRAIGHT,3.6493654251098633,12.999293327331543,1.133892328653019e-05
1283,80951.5,13.001982688903809,4.29808579838209e-08,-0.9520363807678223,-3.2611745853222797e-07,0.030000239610671997,-3.6589913321449785e-08,0.00310873962007463,0.029999999999998608,9.138171119453657e-09,-0.004740659652486323,trajectory,STRAIGHT,3.6517493724823,13.001982688903809,1.133892328653019e-05
1284,80951.609,13.0049409866333,3.9002472362881235e-08,-0.9517219662666321,-3.2626658731987165e-07,0.030000178143382072,-4.442083678668496e-08,0.0032066693529486656,0.029999999999998587,9.2015116244214e-09,-0.004776726402538256,trajectory,STRAIGHT,3.651479721069336,13.0049409866333,1.133892328653019e-05
1285,80951.718,13.007630348205566,3.455805952512492e-08,-0.9514340758323669,-3.2646579506080805e-07,0.030000122264027596,-5.487164855821902e-08,0.003202651161700487,0.029999999999998563,9.273617709669445e-09,-0.004790799468951658,trajectory,STRAIGHT,3.651479721069336,13.007630348205566,1.133892328653019e-05
1286,80951.843,13.011126518249512,2.7118012724258733e-08,-0.9510604739189148,-3.266727050842264e-07,0.030000120401382446,-7.320079475903185e-08,0.00318270199932158,0.029999999999998528,9.391135333779167e-09,-0.004834333461444124,trajectory,STRAIGHT,3.6508657932281494,13.011126518249512,1.133892328653019e-05
1287,80951.953,13.013995170593262,1.9205396384336382e-08,-0.9507555961608887,-3.2681731475524465e-07,0.030000120401382446,-9.224454800005333e-08,0.0031664452981203794,0.02999999999999849,9.51440842026747e-09,-0.004864683298479465,trajectory,STRAIGHT,3.650212287902832,13.013995170593262,1.133892328653019e-05
1288,80952.078,13.017312049865723,7.539909141485168e-09,-0.950404942035675,-3.2689297333622525e-07,0.030000120401382446,-1.1861149573633156e-07,0.0031495215371251106,0.02999999999999843,9.692703030233568e-09,-0.004880862103860524,trajectory,STRAIGHT,3.6495602130889893,13.017312049865723,1.133892328653019e-05
1289,80952.187,13.020001411437988,-4.0817100810386364e-09,-0.9501223564147949,-3.2667639985652604e-07,0.030000120401382446,-1.3911204632677254e-07,0.0031372131779789925,0.029999999999998375,9.862136131917986e-09,-0.004922793972803432,trajectory,STRAIGHT,3.648263931274414,13.020001411437988,1.133892328653019e-05
1290,80952.281,13.022690773010254,-1.7405858088181958e-08,-0.9498403668403625,-3.2645982638518355e-07,0.030000120401382446,-1.564447131841007e-07,0.0031260151881724596,0.029999999999998313,1.0057878798000996e-08,-0.004935997612340529,trajectory,STRAIGHT,3.648263931274414,13.022690773010254,1.133892328653019e-05
1291,80952.375,13.023676872253418,-2.2661602372409106e-08,-0.9497374296188354,-3.263804161144518e-07,0.030000120401382446,-1.6201185815134522e-07,0.0027857350651174784,0.029999999999998285,1.0135408898608364e-08,-0.004913922063572486,trajectory,STRAIGHT,3.648263931274414,13.023676872253418,1.133892328653019e-05
1292,80952.515,13.027352333068848,-4.3729944110282304e-08,-0.9517225027084351,-3.260844323879856e-07,0.030000120401382446,-1.7941547980626638e-07,-0.02592289075255394,0.029999999999998177,1.0447577391532843e-08,-0.0025427712964707218,trajectory,STRAIGHT,3.6469802856445312,13.027352333068848,1.133892328653019e-05
1293,80952.625,13.031655311584473,-7.054959638708169e-08,-0.9548592567443848,-3.257379148743948e-07,0.030000120401382446,-1.9162941100603348e-07,-0.005569768138229847,0.02999999999999804,1.0847400282089983e-08,-0.003931530630348965,trajectory,STRAIGHT,3.646529197692871,13.03165531158447,1.133892328653019e-05
1294,80952.75,13.03479290008545,-9.091080244161276e-08,-0.9548852443695068,-3.254852458675548e-07,0.030000120401382446,-1.954916513113858e-07,0.0023935928475111723,0.029999999999997924,1.115236229153222e-08,-0.004567300127952143,trajectory,STRAIGHT,3.6504440307617188,13.034792900085447,1.133892328653019e-05
1295,80952.843,13.037213325500488,-1.0676575357138063e-07,-0.9546492099761963,-3.2529032978433567e-07,0.030000120401382446,-1.9555217534161784e-07,0.0032087548170238733,0.029999999999997837,1.1390559471863692e-08,-0.004505425060558335,trajectory,STRAIGHT,3.6558072566986084,13.037213325500485,1.133892328653019e-05
1296,80952.953,13.038468360900879,-1.1496101848251783e-07,-0.9545120596885681,-3.251892621882942e-07,0.030000120401382446,-1.9457380062704033e-07,0.003306307829916477,0.02999999999999779,1.151391132246879e-08,-0.004520086815971151,trajectory,STRAIGHT,3.6569254398345947,13.038468360900875,1.133892328653019e-05
1297,80953.062,13.042860984802246,-1.4301653550319315e-07,-0.9540218114852905,-3.248355256164808e-07,0.030000120401382446,-1.8571591908767004e-07,0.0033307604026049376,0.029999999999997622,1.1937294338758579e-08,-0.004562943594685522,trajectory,STRAIGHT,3.6564486026763916,13.04286098480224,1.133892328653019e-05
1298,80953.187,13.04590892791748,-1.6142780623340514e-07,-0.953683614730835,-3.245900757634259e-07,0.030000120401382446,-1.7460280332670663e-07,0.0033008491154760122,0.02999999999999751,1.2216007535226278e-08,-0.004598989460678891,trajectory,STRAIGHT,3.6557836532592773,13.045908927917473,1.133892328653019e-05
1299,80953.265,13.048687934875488,-1.7705637844755984e-07,-0.953377902507782,-3.2436628325970115e-07,0.030000120401382446,-1.609239177469135e-07,0.00327377300709486,0.029999999999997414,1.2453101197425855e-08,-0.004612108983161048,trajectory,STRAIGHT,3.6551027297973633,13.048687934875481,1.133892328653019e-05
1300,80953.359,13.049315452575684,-1.803988141091395e-07,-0.9533090591430664,-3.243157494697724e-07,0.030000120401382446,-1.573669834442626e-07,0.003267941065132618,0.029999999999997393,1.2503864904651082e-08,-0.004615084596039848,trajectory,STRAIGHT,3.654425621032715,13.049315452575675,1.133892328653019e-05
1301,80953.5,13.052721977233887,-1.9711517040832405e-07,-0.9529383778572083,-3.2404142318952644e-07,0.030000120401382446,-1.3504848084266996e-07,0.0032385734375566244,0.029999999999997286,1.2758022776965033e-08,-0.004659546094405666,trajectory,STRAIGHT,3.6537556648254395,13.052721977233876,1.133892328653019e-05
1302,80953.625,13.057293891906738,-2.1501409719348885e-07,-0.9524455070495605,-3.2384951978715834e-07,0.030000120401382446,-9.846610282693291e-08,0.00320428260602057,0.029999999999997168,1.3035814329356893e-08,-0.004700747807653664,trajectory,STRAIGHT,3.653089761734009,13.057293891906726,1.133892328653019e-05
1303,80953.718,13.059983253479004,-2.2307396818632697e-07,-0.9521578550338745,-3.2391517376390446e-07,0.030000120401382446,-8.169831033910668e-08,0.003186722518876195,0.029999999999997105,1.3167022881644743e-08,-0.004735369702673763,trajectory,STRAIGHT,3.6524300575256348,13.059983253478991,1.133892328653019e-05
1304,80953.828,13.060879707336426,-2.2546046807292441e-07,-0.9520624876022339,-3.239533725260153e-07,0.030000120401382446,-7.751854980142525e-08,0.0031812579836696386,0.02999999999999709,1.3206684956749048e-08,-0.004739700911439269,trajectory,STRAIGHT,3.651775360107422,13.060879707336413,1.133892328653019e-05
1305,80953.921,13.065272331237793,-2.3589188913319958e-07,-0.9515966773033142,-3.2417480610035095e-07,0.030000120401382446,-6.722486034504982e-08,0.0031570845749229193,0.029999999999997015,1.3382997565181692e-08,-0.004777877603795394,trajectory,STRAIGHT,3.651775360107422,13.065272331237779,1.133892328653019e-05
1306,80954.015,13.067423820495605,-2.4070197923720116e-07,-0.95136958360672,-3.2406990156123723e-07,0.030000120401382446,-6.628602733371736e-08,0.0031465324573218822,0.029999999999996977,1.3458591087122221e-08,-0.004788388119217023,trajectory,STRAIGHT,3.6511244773864746,13.067423820495591,1.133892328653019e-05
1307,80954.125,13.071009635925293,-2.484927676960069e-07,-0.9509928822517395,-3.238754970435472e-07,0.030000120401382446,-6.324419388192837e-08,0.0031307293102145195,0.029999999999996925,1.3580868472690798e-08,-0.004836387363850952,trajectory,STRAIGHT,3.650477647781372,13.071009635925277,1.133892328653019e-05
1308,80954.234,13.073250770568848,-2.5313380547231645e-07,-0.950758695602417,-3.2382428111759127e-07,0.030000120401382446,-6.039113742417612e-08,0.003121844260022044,0.029999999999996894,1.3656089378776733e-08,-0.004863928487492207,trajectory,STRAIGHT,3.6498312950134277,13.073250770568832,1.133892328653019e-05
1309,80954.328,13.074505805969238,-2.5563082317603403e-07,-0.9506276845932007,-3.237888676593816e-07,0.030000120401382446,-5.8473585085039304e-08,0.0031171680893749,0.029999999999996873,1.369650052445536e-08,-0.004870104944301251,trajectory,STRAIGHT,3.6491916179656982,13.07450580596922,1.133892328653019e-05
1310,80954.468,13.079167366027832,-2.6408181952319865e-07,-0.9501426815986633,-3.2365733195364526e-07,0.030000120401382446,-4.934081587748551e-08,0.0031015905551612377,0.02999999999999681,1.3834209747869029e-08,-0.004909146309128437,trajectory,STRAIGHT,3.6485543251037598,13.079167366027814,1.133892328653019e-05
1311,80954.562,13.082036018371582,-2.6848286438507785e-07,-0.9498451352119446,-3.2357638690097344e-07,0.030000120401382446,-4.214605553443107e-08,0.003093364415690303,0.029999999999996776,1.3906789620914108e-08,-0.004944664128614527,trajectory,STRAIGHT,3.647918224334717,13.082036018371562,1.133892328653019e-05
1312,80954.671,13.082932472229004,-2.6971005695486383e-07,-0.9497593641281128,-3.2355109157154665e-07,0.030000120401382446,-3.963143058172136e-08,0.0007488089613616467,0.02999999999999677,1.3927198733833255e-08,-0.0047744548026609655,trajectory,STRAIGHT,3.647284507751465,13.082932472228984,1.133892328653019e-05
1313,80954.781,13.08768367767334,-2.7481905817694496e-07,-0.9528875350952148,-3.233587618728056e-07,0.030000120401382446,-2.419345435100695e-08,-0.02751944586634636,0.02999999999999673,1.4012064103289764e-08,-0.002356585868089223,trajectory,STRAIGHT,3.6466517448425293,13.08768367767332,1.133892328653019e-05
1314,80954.89,13.090462684631348,-2.7660254886541225e-07,-0.9547121524810791,-3.231986624287234e-07,0.030000120401382446,-1.4038558759921216e-08,-0.006156199146062136,0.029999999999996717,1.4041555216390938e-08,-0.003840809722761952,trajectory,STRAIGHT,3.6486093997955322,13.090462684631328,1.133892328653019e-05
1315,80954.984,13.093062400817871,-2.773690255253314e-07,-0.954802393913269,-3.2305266008415874e-07,0.030000120401382446,-3.387481628536193e-09,0.0018106236821040511,0.029999999999996703,1.4055157703200562e-08,-0.00447364347740575,trajectory,STRAIGHT,3.6539390087127686,13.093062400817852,1.133892328653019e-05
1316,80955.093,13.09422779083252,-2.7740182417801407e-07,-0.9547123312950134,-3.230292121812439e-07,0.030000120401382446,1.739706934067442e-09,0.0026824146043509245,0.02999999999999671,1.4057638922529491e-08,-0.00446380010154587,trajectory,STRAIGHT,3.6539390087127686,13.0942277908325,1.133892328653019e-05
1317,80955.187,13.098172187805176,-2.7595305596150865e-07,-0.9542990922927856,-3.228615525657514e-07,0.030000120401382446,2.0593102334487412e-08,0.0033062254078686237,0.02999999999999671,1.4038812510986425e-08,-0.004534366915938675,trajectory,STRAIGHT,3.656646728515625,13.098172187805156,1.133892328653019e-05
1318,80955.281,13.099427223205566,-2.7495289600665274e-07,-0.9541597962379456,-3.2272745894050194e-07,0.030000120401382446,2.7070182540001042e-08,0.003318878123536706,0.02999999999999672,1.4021876925301146e-08,-0.004564446099508321,trajectory,STRAIGHT,3.6563923358917236,13.099427223205547,1.133892328653019e-05
1319,80955.421,13.104178428649902,-2.6892305982073594e-07,-0.9536338448524475,-3.2293911543699544e-07,0.030000120401382446,4.433853106888819e-08,0.0032870504073798656,0.02999999999999676,1.3943685646609136e-08,-0.004588197451490677,trajectory,STRAIGHT,3.6557557582855225,13.104178428649883,1.133892328653019e-05
1320,80955.531,13.107316017150879,-2.6428980959281034e-07,-0.9532903432846069,-3.2077988980695e-07,0.030000120401382446,4.271020515034252e-08,0.003258286276832223,0.029999999999996817,1.3812524070796747e-08,-0.004632285308445458,trajectory,STRAIGHT,3.6550796031951904,13.107316017150861,1.133892328653019e-05
1321,80955.64,13.10982608795166,-2.6094201643900305e-07,-0.95301753282547,-3.1894839490776005e-07,0.030000120401382446,3.6227238098263115e-08,0.0032372402492910624,0.02999999999999687,1.3710007522755711e-08,-0.004659326797313441,trajectory,STRAIGHT,3.654404878616333,13.109826087951642,1.133892328653019e-05
1322,80955.734,13.111170768737793,-2.5942753723029455e-07,-0.9528719782829285,-3.179597457651247e-07,0.030000120401382446,3.086006472585723e-08,0.0032266986090689898,0.029999999999996887,1.3659242219924306e-08,-0.00466576119322275,trajectory,STRAIGHT,3.6537368297576904,13.111170768737775,1.133892328653019e-05
1323,80955.859,13.115742683410645,-2.5666315650596516e-07,-0.9523809552192688,-3.1459833865408904e-07,0.030000120401382446,2.7269095870252613e-09,0.0031942338682711124,0.02999999999999695,1.3524384972631874e-08,-0.004706087394300556,trajectory,STRAIGHT,3.653073787689209,13.115742683410627,1.133892328653019e-05
1324,80955.968,13.118342399597168,-2.573823394413921e-07,-0.952103853225708,-3.1268695027886143e-07,0.030000120401382446,-2.0083364304923634e-08,0.00317815481685102,0.02999999999999697,1.3484155392553393e-08,-0.004718656169864988,trajectory,STRAIGHT,3.6524131298065186,13.11834239959715,1.133892328653019e-05
1325,80956.109,13.121838569641113,-2.6188521928816044e-07,-0.9517331719398499,-3.1041926729458714e-07,0.030000120401382446,-5.7751133653027864e-08,0.003158983774483204,0.029999999999996963,1.3495688400964162e-08,-0.004769388263461596,trajectory,STRAIGHT,3.651761293411255,13.121838569641096,1.133892328653019e-05
1326,80956.203,13.124707221984863,-2.6884509907176835e-07,-0.9514304995536804,-3.090074188652388e-07,0.030000120401382446,-8.643980464739798e-08,0.0031449273228645325,0.029999999999996932,1.3571072580795235e-08,-0.004799675594407909,trajectory,STRAIGHT,3.651111602783203,13.124707221984844,1.133892328653019e-05
1327,80956.296,13.125603675842285,-2.715592586355342e-07,-0.9513363242149353,-3.085361869636416e-07,0.030000120401382446,-9.441926351883012e-08,0.003140838583931327,0.029999999999996915,1.360243309906769e-08,-0.004804057262230509,trajectory,STRAIGHT,3.650465250015259,13.125603675842266,1.133892328653019e-05
1328,80956.421,13.130444526672363,-2.8987366818000737e-07,-0.9508292078971863,-3.0627234094376715e-07,0.030000120401382446,-1.29396980241836e-07,0.0031208789441734552,0.029999999999996804,1.3839655658654793e-08,-0.004845243616870673,trajectory,STRAIGHT,3.64982271194458,13.13044452667234,1.133892328653019e-05
1329,80956.531,13.133223533630371,-3.025890578101098e-07,-0.9505391120910645,-3.050291469086196e-07,0.030000120401382446,-1.4329238240406994e-07,0.0031108781695365906,0.029999999999996727,1.4013626803080172e-08,-0.004881218028731338,trajectory,STRAIGHT,3.6491806507110596,13.133223533630346,1.133892328653019e-05
1330,80956.656,13.136719703674316,-3.2007221761887195e-07,-0.9501761794090271,-3.0346512861597423e-07,0.030000120401382446,-1.5436633304943825e-07,0.003099753987044096,0.029999999999996613,1.4257320503046964e-08,-0.004898474728233806,trajectory,STRAIGHT,3.6485438346862793,13.136719703674288,1.133892328653019e-05
1331,80956.765,13.139409065246582,-3.3416193900848157e-07,-0.9498972296714783,-3.022620376289389e-07,0.030000120401382446,-1.5802646657903097e-07,0.0030921930447220802,0.029999999999996516,1.4455858018996989e-08,-0.004940494661388065,trajectory,STRAIGHT,3.647909641265869,13.139409065246552,1.133892328653019e-05
1332,80956.89,13.142815589904785,-3.52158934902036e-07,-0.9507624506950378,-3.007381223878158e-07,0.030000120401382446,-1.5655410834369832e-07,-0.022124921903014183,0.02999999999999639,1.4710737647349687e-08,-0.0028798644143911856,trajectory,STRAIGHT,3.647277355194092,13.142815589904751,1.133892328653019e-05
1333,80956.984,13.14550495147705,-3.660182983367122e-07,-0.9522883296012878,-2.9953503141518296e-07,0.030000120401382446,-1.5076567194682866e-07,-0.005427660420536995,0.029999999999996297,1.490709611259265e-08,-0.0041136056651619474,trajectory,STRAIGHT,3.6466455459594727,13.145504951477015,1.133892328653019e-05
1334,80957.109,13.148283958435059,-3.795888403601566e-07,-0.952344536781311,-2.9829183741680437e-07,0.030000120401382446,-1.4029492945155653e-07,0.0019819168373942375,0.0299999999999962,1.5098545346916342e-08,-0.004703561486795286,trajectory,STRAIGHT,3.649073362350464,13.14828395843502,1.133892328653019e-05
1335,80957.203,13.151062965393066,-3.9197220758069307e-07,-0.9520946741104126,-2.9704864342521046e-07,0.030000120401382446,-1.252501249382476e-07,0.003059607231989503,0.029999999999996113,1.52714196514976e-08,-0.0047327935696067835,trajectory,STRAIGHT,3.651747941970825,13.151062965393026,1.133892328653019e-05
1336,80957.312,13.152138710021973,-3.9635668258597434e-07,-0.9519826769828796,-2.9656740704318913e-07,0.030000120401382446,-1.1821055778682421e-07,0.0031508503016084433,0.02999999999999608,1.5331866938044187e-08,-0.004756665428362899,trajectory,STRAIGHT,3.651747941970825,13.15213871002193,1.133892328653019e-05
1337,80957.437,13.156710624694824,-4.119937102586846e-07,-0.9514941573143005,-2.9562409051147847e-07,0.030000120401382446,-8.757772462786306e-08,0.003203911241143942,0.029999999999995954,1.557402437516255e-08,-0.004785336286954693,trajectory,STRAIGHT,3.6515350341796875,13.156710624694778,1.133892328653019e-05
1338,80957.562,13.159937858581543,-4.2059713223352446e-07,-0.9511489868164062,-2.9519537745199325e-07,0.030000120401382446,-7.275818347807217e-08,0.0031862384639680386,0.029999999999995884,1.5713191672891025e-08,-0.004827552294508358,trajectory,STRAIGHT,3.6509268283843994,13.159937858581495,1.133892328653019e-05
1339,80957.656,13.162537574768066,-4.265718587248557e-07,-0.9508724212646484,-2.9485002526856806e-07,0.030000120401382446,-6.524918205741415e-08,0.003171222750097513,0.029999999999995832,1.581008168554391e-08,-0.004855337253079692,trajectory,STRAIGHT,3.6502761840820312,13.162537574768017,1.133892328653019e-05
1340,80957.765,13.1638822555542,-4.2945163158947253e-07,-0.9507299661636353,-2.946713948300496e-07,0.030000120401382446,-6.291593734886192e-08,0.003163929795846343,0.029999999999995808,1.585687537773451e-08,-0.004861876571790258,trajectory,STRAIGHT,3.6496222019195557,13.16388225555415,1.133892328653019e-05
1341,80957.875,13.16845417022705,-4.3892026724279276e-07,-0.9502477049827576,-2.9406405134512665e-07,0.030000120401382446,-6.28916225764442e-08,0.0031414800323545933,0.029999999999995725,1.6011262807841753e-08,-0.004902594669405079,trajectory,STRAIGHT,3.648972511291504,13.168454170226997,1.133892328653019e-05
1342,80957.968,13.17087459564209,-4.4419130063033663e-07,-0.9499934315681458,-2.937425165627698e-07,0.030000120401382446,-6.782695294305086e-08,0.0031310070771723986,0.029999999999995683,1.6097581899144914e-08,-0.004935648690063868,trajectory,STRAIGHT,3.648327112197876,13.170874595642037,1.133892328653019e-05
1343,80958.093,13.174101829528809,-4.5211626797936333e-07,-0.9506526589393616,-2.933138035236969e-07,0.030000120401382446,-8.001995865924982e-08,-0.020735803991556168,0.02999999999999561,1.6227806476507238e-08,-0.0029933424360047917,trajectory,STRAIGHT,3.6476826667785645,13.174101829528752,1.133892328653019e-05
1344,80958.187,13.176701545715332,-4.595779898863839e-07,-0.9521684050559998,-2.933861651942496e-07,0.030000120401382446,-9.068949680113292e-08,-0.0063913604244589806,0.029999999999995534,1.6363341871811333e-08,-0.004047327325710883,trajectory,STRAIGHT,3.6470422744750977,13.176701545715273,1.133892328653019e-05
1345,80958.218,13.177687644958496,-4.6261916963885596e-07,-0.9522916078567505,-2.934358747568863e-07,0.030000120401382446,-9.35057613560275e-08,-0.0016223579877987504,0.02999999999999551,1.641899074318628e-08,-0.004422687380606164,trajectory,STRAIGHT,3.6470422744750977,13.177687644958437,1.133892328653019e-05
1346,80958.296,13.179749488830566,-4.6921522312004527e-07,-0.952245831489563,-2.935398129237513e-07,0.030000120401382446,-9.716702464857008e-08,0.002095194533467293,0.02999999999999544,1.6539446820398843e-08,-0.004650407024091753,trajectory,STRAIGHT,3.64772367477417,13.179749488830506,1.133892328653019e-05
1347,80958.484,13.1827974319458,-4.79171887945995e-07,-0.9519624710083008,-2.936934606249976e-07,0.030000120401382446,-9.692507063618905e-08,0.003116327105090022,0.02999999999999534,1.6721400518913294e-08,-0.004746265653884682,trajectory,STRAIGHT,3.651336193084717,13.182797431945737,1.133892328653019e-05
1348,80958.609,13.187727928161621,-4.941919655720994e-07,-0.9514343738555908,-2.939420083171908e-07,0.030000120401382446,-8.21735284262104e-08,0.003218352096155286,0.02999999999999518,1.6999018093519592e-08,-0.004795286341603163,trajectory,STRAIGHT,3.65092396736145,13.187727928161554,1.133892328653019e-05
1349,80958.718,13.190686225891113,-5.015345436731877e-07,-0.9511165022850037,-2.938914745374521e-07,0.030000120401382446,-6.590288137431344e-08,0.0032015617471188307,0.029999999999995107,1.71326242816419e-08,-0.004833027735467302,trajectory,STRAIGHT,3.650273561477661,13.190686225891044,1.133892328653019e-05
1350,80958.812,13.19301700592041,-5.062913146502979e-07,-0.9508671760559082,-2.935205144715864e-07,0.030000120401382446,-5.699540750470078e-08,0.0031869192607700825,0.029999999999995062,1.721119506011602e-08,-0.004844322648014176,trajectory,STRAIGHT,3.650273561477661,13.193017005920339,1.133892328653019e-05
1351,80958.921,13.195527076721191,-5.108893219585298e-07,-0.9506001472473145,-2.93137531991417e-07,0.030000120401382446,-5.3303054414755024e-08,0.003172168042510748,0.029999999999995017,1.7287841471363758e-08,-0.0048814021137414875,trajectory,STRAIGHT,3.649616003036499,13.195527076721119,1.133892328653019e-05
1352,80959.015,13.197051048278809,-5.135644300935382e-07,-0.9504386186599731,-2.929350841388485e-07,0.030000120401382446,-5.149318482722265e-08,0.003163856454193592,0.029999999999994992,1.733345969617424e-08,-0.0048888136160431805,trajectory,STRAIGHT,3.64896297454834,13.197051048278736,1.133892328653019e-05
1353,80959.156,13.201443672180176,-5.205409365771629e-07,-0.9499751925468445,-2.9235155797266607e-07,0.030000120401382446,-4.248347096336147e-08,0.0031422292813658714,0.02999999999999492,1.7453192845817285e-08,-0.004929074567401851,trajectory,STRAIGHT,3.648313283920288,13.201443672180101,1.133892328653019e-05
1354,80959.234,13.204133033752441,-5.240028713160427e-07,-0.950118362903595,-2.9199429705247235e-07,0.030000120401382446,-3.400938197728465e-08,-0.014760758727788925,0.02999999999999489,1.7513309227728085e-08,-0.0035100280654152814,trajectory,STRAIGHT,3.647667407989502,13.204133033752365,1.133892328653019e-05
1355,80959.328,13.204760551452637,-5.246931209512695e-07,-0.9504837989807129,-2.919109361708618e-07,0.030000120401382446,-3.172038987031556e-08,-0.01933554746210575,0.029999999999994878,1.7525402807009157e-08,-0.0031257731628140393,trajectory,STRAIGHT,3.647667407989502,13.20476055145256,1.133892328653019e-05
1356,80959.437,13.209601402282715,-5.282417987473309e-07,-0.9511708617210388,-2.9126786650977336e-07,0.030000120401382446,-1.0850585319133188e-08,0.0022842222824692726,0.029999999999994843,1.7589279501975192e-08,-0.004798666484357234,trajectory,STRAIGHT,3.64723539352417,13.209601402282637,1.133892328653019e-05
1357,80959.562,13.212559700012207,-5.285650104269735e-07,-0.9508918523788452,-2.9104617723622315e-07,0.030000120401382446,3.772785639455378e-09,0.0030898989643901587,0.029999999999994833,1.7602702760760325e-08,-0.004846899172292546,trajectory,STRAIGHT,3.649470567703247,13.212559700012129,1.133892328653019e-05
1358,80959.656,13.214890480041504,-5.279492825138732e-07,-0.9506465196609497,-2.9095932058649644e-07,0.030000120401382446,1.1350250517239147e-08,0.0031734637450426817,0.029999999999994836,1.7601332420843724e-08,-0.004878103504577389,trajectory,STRAIGHT,3.6492369174957275,13.214890480041426,1.133892328653019e-05
1359,80959.781,13.21802806854248,-5.264880655886373e-07,-0.9503127336502075,-2.9070665163942725e-07,0.030000120401382446,1.528218973589901e-08,0.003176067490130663,0.029999999999994847,1.758477460826808e-08,-0.004895001104721537,trajectory,STRAIGHT,3.6492369174957275,13.218028068542402,1.133892328653019e-05
1360,80959.89,13.220986366271973,-5.250648200672003e-07,-0.9499989151954651,-2.9046842088557747e-07,0.030000120401382446,1.2399685722641607e-08,0.0031621395610272884,0.029999999999994854,1.756836622112064e-08,-0.004935009415736525,trajectory,STRAIGHT,3.6486330032348633,13.220986366271894,1.133892328653019e-05
1361,80960.0,13.223586082458496,-5.242946485850553e-07,-0.9502047896385193,-2.9026850261128286e-07,0.030000120401382446,4.392726626889498e-09,-0.01557863038033247,0.029999999999994857,1.7562320011883698e-08,-0.0034392352317684748,trajectory,STRAIGHT,3.6479873657226562,13.223586082458418,1.133892328653019e-05
1362,80960.109,13.226544380187988,-5.245422016741941e-07,-0.9517034292221069,-2.9003263091017033e-07,0.030000120401382446,-1.0307166675715962e-08,-0.004737512674182653,0.02999999999999485,1.7574201281688943e-08,-0.004231592669081078,trajectory,STRAIGHT,3.6473381519317627,13.22654438018791,1.133892328653019e-05
1363,80960.218,13.229592323303223,-5.266500693323906e-07,-0.9517108798027039,-2.897871811203007e-07,0.030000120401382446,-3.2200247801483783e-08,0.002290746197104454,0.029999999999994822,1.761783231762532e-08,-0.00471862822401623,trajectory,STRAIGHT,3.646726369857788,13.229592323303144,1.133892328653019e-05
1364,80960.328,13.232012748718262,-5.301330361362488e-07,-0.9514850974082947,-2.8959226513084404e-07,0.030000120401382446,-5.451786577737039e-08,0.0030724804382771254,0.029999999999994784,1.7683302889233962e-08,-0.004792128895625633,trajectory,STRAIGHT,3.6497888565063477,13.232012748718182,1.133892328653019e-05
1365,80960.437,13.233536720275879,-5.333207013791252e-07,-0.9513251185417175,-2.8950478317956196e-07,0.030000120401382446,-7.074689989394756e-08,0.0031814593821763992,0.029999999999994757,1.7742575498089002e-08,-0.004808846154466433,trajectory,STRAIGHT,3.6505517959594727,13.233536720275799,1.133892328653019e-05
1366,80960.531,13.237570762634277,-5.459932026496972e-07,-0.9508914947509766,-2.895961019589605e-07,0.030000120401382446,-1.1778475084156526e-07,0.0032118489034473896,0.029999999999994607,1.7981757520345006e-08,-0.004849898960780031,trajectory,STRAIGHT,3.6500608921051025,13.237570762634192,1.133892328653019e-05
1367,80960.64,13.2384672164917,-5.496925155057397e-07,-0.9507951140403748,-2.895967557396612e-07,0.030000120401382446,-1.2883810995845124e-07,0.0032073387410491705,0.029999999999994566,1.804950843937085e-08,-0.0048543571833182635,trajectory,STRAIGHT,3.649418354034424,13.238467216491614,1.133892328653019e-05
1368,80960.765,13.243308067321777,-5.749939759880363e-07,-0.950278103351593,-2.889746612696608e-07,0.030000120401382446,-1.8123625977750635e-07,0.003178265178576112,0.029999999999994306,1.8488730073545982e-08,-0.004901156635992776,trajectory,STRAIGHT,3.6487622261047363,13.243308067321683,1.133892328653019e-05
1369,80960.843,13.245638847351074,-5.899448751733871e-07,-0.9500306248664856,-2.8860370109901175e-07,0.030000120401382446,-2.0158317681762128e-07,0.0031652345787733793,0.02999999999999414,1.8746311075747127e-08,-0.004935192300663092,trajectory,STRAIGHT,3.6481096744537354,13.245638847350975,1.133892328653019e-05
1370,80960.968,13.248597145080566,-6.109966648182308e-07,-0.9497178792953491,-2.8813286703277514e-07,0.030000120401382446,-2.228384232694225e-07,0.003150166478008032,0.029999999999993917,1.9109824805900098e-08,-0.004949624131158689,trajectory,STRAIGHT,3.647460699081421,13.24859714508046,1.133892328653019e-05
1371,80961.062,13.251107215881348,-6.302900033006154e-07,-0.9498268961906433,-2.880997556532271e-07,0.030000120401382446,-2.3462715148525604e-07,-0.013864025473594666,0.029999999999993695,1.9454804731903552e-08,-0.0036076398056131597,trajectory,STRAIGHT,3.647460699081421,13.251107215881234,1.133892328653019e-05
1372,80961.156,13.252362251281738,-6.401708674275142e-07,-0.9506160616874695,-2.8816302229745114e-07,0.030000120401382446,-2.3524822267972922e-07,-0.022473298013210297,0.029999999999993573,1.963408224303973e-08,-0.0028794397276026003,trajectory,STRAIGHT,3.6468138694763184,13.252362251281621,1.133892328653019e-05
1373,80961.281,13.256575584411621,-6.722724492647103e-07,-0.9534447193145752,-2.8812925716595676e-07,0.030000120401382446,-2.1785291437481646e-07,-0.004878313280642033,0.02999999999999319,2.0212015282405848e-08,-0.004106162528820189,trajectory,STRAIGHT,3.646169424057007,13.256575584411491,1.133892328653019e-05
1374,80961.375,13.259264945983887,-6.913491006343975e-07,-0.9534784555435181,-2.879834538104558e-07,0.030000120401382446,-2.0638709941067646e-07,0.0020843022502958775,0.02999999999999296,2.0554282357452636e-08,-0.004661484959848078,trajectory,STRAIGHT,3.649076223373413,13.25926494598375,1.133892328653019e-05
1375,80961.468,13.260430335998535,-6.993123520260269e-07,-0.953381359577179,-2.879179133575933e-07,0.030000120401382446,-2.020431111304788e-07,0.0027905479073524475,0.02999999999999286,2.0697629614867e-08,-0.004597139244774586,trajectory,STRAIGHT,3.653597116470337,13.260430335998395,1.133892328653019e-05
1376,80961.609,13.26554012298584,-7.32294836325309e-07,-0.9528366923332214,-2.880603629714873e-07,0.030000120401382446,-1.8139584767595807e-07,0.003299695672467351,0.029999999999992432,2.1307912527410133e-08,-0.004665104428181655,trajectory,STRAIGHT,3.653991937637329,13.265540122985685,1.133892328653019e-05
1377,80961.703,13.268139839172363,-7.473241794286878e-07,-0.9525498747825623,-2.8811439254084134e-07,0.030000120401382446,-1.631123893730546e-07,0.003286914899945259,0.029999999999992227,2.1588891167208563e-08,-0.004706605458219284,trajectory,STRAIGHT,3.6534361839294434,13.268139839172202,1.133892328653019e-05
1378,80961.796,13.268946647644043,-7.516367190874007e-07,-0.9524613618850708,-2.881364193341627e-07,0.030000120401382446,-1.5623507465534203e-07,0.0032802200876176357,0.029999999999992175,2.1670324002602415e-08,-0.0047104955181076465,trajectory,STRAIGHT,3.6527717113494873,13.26894664764388,1.133892328653019e-05
1379,80961.937,13.27414608001709,-7.751676776024397e-07,-0.9518945217132568,-2.889978245798523e-07,0.030000120401382446,-1.1368616270601706e-07,0.0032359869219362736,0.02999999999999183,2.21444415069479e-08,-0.0047517812661518645,trajectory,STRAIGHT,3.6520981788635254,13.274146080016916,1.133892328653019e-05
1380,80962.046,13.276925086975098,-7.846008429623907e-07,-0.9515945315361023,-2.8928852183273757e-07,0.030000120401382446,-9.001569623023897e-08,0.0032148880418390036,0.02999999999999168,2.233913269573071e-08,-0.004789985282364843,trajectory,STRAIGHT,3.651431083679199,13.27692508697492,1.133892328653019e-05
1381,80962.156,13.2803316116333,-7.938168096188747e-07,-0.9512292742729187,-2.8923278694886854e-07,0.030000120401382446,-7.312036842677117e-08,0.003191731870174408,0.029999999999991544,2.2525295556084845e-08,-0.004806395651790855,trajectory,STRAIGHT,3.650768756866455,13.280331611633118,1.133892328653019e-05
1382,80962.281,13.283020973205566,-7.998737601155881e-07,-0.950942873954773,-2.8896693030435673e-07,0.030000120401382446,-6.147536169009982e-08,0.003175410907715559,0.029999999999991454,2.264484129380674e-08,-0.004848623899708,trajectory,STRAIGHT,3.650110960006714,13.28302097320538,1.133892328653019e-05
1383,80962.375,13.285531044006348,-8.045813615353836e-07,-0.9506767392158508,-2.8863348676822527e-07,0.030000120401382446,-5.060878649487677e-08,0.003161640139296651,0.029999999999991384,2.2737673546962804e-08,-0.004860828975180594,trajectory,STRAIGHT,3.649456739425659,13.28553104400616,1.133892328653019e-05
1384,80962.453,13.28642749786377,-8.060413847488235e-07,-0.950581967830658,-2.8851439979103915e-07,0.030000120401382446,-4.6728352742775314e-08,0.0031570266000926495,0.02999999999999136,2.2767027220845028e-08,-0.004889462679249529,trajectory,STRAIGHT,3.649456739425659,13.28642749786358,1.133892328653019e-05
1385,80962.515,13.289565086364746,-8.102350648186984e-07,-0.9502512812614441,-2.880339023930873e-07,0.030000120401382446,-3.31488756444287e-08,0.003141938243061304,0.0,0.0,0.0,trajectory_no_feasible,STRAIGHT,3.648162603378296,13.289565086364554,1.133892328653019e-05
1386,80962.609,13.291626930236816,-8.12213841072662e-07,-0.9500347375869751,-2.8774899660131295e-07,0.02982494607567787,-2.4176461721481246e-08,0.003128167474642396,0.02999999999999126,2.2895405590154884e-08,-0.004933199170965643,trajectory,STRAIGHT,3.648162603378296,13.291626930236623,1.133892328653019e-05
1387,80962.734,13.294946670532227,-8.141069542944024e-07,-0.9496794939041138,-2.874386049739864e-07,0.028465501964092255,-9.04788866051831e-09,0.0031155752949416637,0.029999999999991225,2.2947172657581054e-08,-0.0049594633554680126,trajectory,STRAIGHT,3.6475210189819336,13.294946670532033,1.133892328653019e-05
1388,80962.843,13.297647476196289,-8.143584295794426e-07,-0.950306236743927,-2.870221829287888e-07,0.027878141030669212,3.836189588213301e-09,-0.0202336348593235,0.02999999999999121,2.2961836908451625e-08,-0.0030757896966006615,trajectory,STRAIGHT,3.6388585567474365,13.297647476196094,1.133892328653019e-05
1389,80962.953,13.300225257873535,-8.134452968988626e-07,-0.9517690539360046,-2.8645696792755613e-07,0.027690162882208824,1.5701983713256595e-08,-0.0046270680613815784,0.02999999999999122,2.2950528386978166e-08,-0.004223651176333924,trajectory,STRAIGHT,3.6417324542999268,13.30022525787334,1.133892328653019e-05
1390,80963.078,13.30288028717041,-8.113479452731553e-07,-0.9517857432365417,-2.856457601273405e-07,0.02770213410258293,2.8011776009861933e-08,0.0021687778644263744,0.029999999999991252,2.2911577525257616e-08,-0.004766484385371705,trajectory,STRAIGHT,3.6471056938171387,13.302880287170217,1.133892328653019e-05
1391,80963.171,13.305453300476074,-8.081863143161172e-07,-0.9515284299850464,-2.8497930602330164e-07,0.02782122790813446,3.997853781356753e-08,0.0030853000935167074,0.02999999999999129,2.2857388181743166e-08,-0.004787700260162989,trajectory,STRAIGHT,3.6471056938171387,13.305453300475882,1.133892328653019e-05
1392,80963.281,13.30671215057373,-8.062569918365625e-07,-0.9513872861862183,-2.8466703113485733e-07,0.027899514883756638,4.5766906708877286e-08,0.003172920783981681,0.02999999999999132,2.2824475186999966e-08,-0.004801767105341593,trajectory,STRAIGHT,3.6506800651550293,13.306712150573539,1.133892328653019e-05
1393,80963.421,13.31151294708252,-7.965509780660796e-07,-0.9508406519889832,-2.830137679758515e-07,0.028242409229278564,6.774919825147663e-08,0.0031983356457203627,0.029999999999991454,2.2643041157262575e-08,-0.0048486299865551944,trajectory,STRAIGHT,3.6495134830474854,13.311512947082331,1.133892328653019e-05
1394,80963.515,13.313634872436523,-7.911082207101572e-07,-0.9506011009216309,-2.821640304833843e-07,0.02839498594403267,7.738791651945576e-08,0.0031854521948844194,0.029999999999991533,2.25385318030225e-08,-0.004883581949376906,trajectory,STRAIGHT,3.6484880447387695,13.313634872436339,1.133892328653019e-05
1395,80963.546,13.314656257629395,-7.882388786129013e-07,-0.9504866600036621,-2.819317370765459e-07,0.02846618741750717,8.201458712164822e-08,0.00317916227504611,0.029999999999991565,2.2489016377631143e-08,-0.004888800801688279,trajectory,STRAIGHT,3.6477036476135254,13.31465625762921,1.133892328653019e-05
1396,80963.64,13.316887855529785,-7.814506375325436e-07,-0.9502390623092651,-2.814432842412483e-07,0.028614068403840065,9.203969142390633e-08,0.00316617707721889,0.029999999999991655,2.237197179062854e-08,-0.004915687198562465,trajectory,STRAIGHT,3.6477036476135254,13.316887855529604,1.133892328653019e-05
1397,80963.75,13.319637298583984,-7.720222470197768e-07,-0.949935793876648,-2.811299049867016e-07,0.02878197841346264,1.0438012054692081e-07,0.0031515201553702354,0.029999999999991776,2.2217033011323716e-08,-0.004929678066445432,trajectory,STRAIGHT,3.6470630168914795,13.319637298583807,1.133892328653019e-05
1398,80963.875,13.322587966918945,-7.606932967973989e-07,-0.9506116509437561,-2.8077865629671866e-07,0.028945745900273323,1.1780716135945113e-07,-0.020716732367873192,0.029999999999991915,2.2028126111138354e-08,-0.003010615939197444,trajectory,STRAIGHT,3.6464991569519043,13.322587966918773,1.133892328653019e-05
1399,80963.968,13.325104713439941,-7.499577918679279e-07,-0.952359676361084,-2.806175161443805e-07,0.029065730050206184,1.288469491100841e-07,-0.00943454448133707,0.029999999999992037,2.1851445104185113e-08,-0.0037961098753827973,trajectory,STRAIGHT,3.6459720134735107,13.325104713439774,1.133892328653019e-05
1400,80964.078,13.32632827758789,-7.444348852914118e-07,-0.9525789022445679,-2.80589189204085e-07,0.029118772596120834,1.3415177591014071e-07,-0.002057494828477502,0.029999999999992106,2.176141941013935e-08,-0.004375312553437368,trajectory,STRAIGHT,3.645768642425537,13.326328277587725,1.133892328653019e-05
1401,80964.187,13.330276489257812,-7.251580882439157e-07,-0.9523763060569763,-2.809403425838428e-07,0.029272790998220444,1.514503651378618e-07,0.002969140652567148,0.029999999999992324,2.1457159386366918e-08,-0.004701182638917042,trajectory,STRAIGHT,3.649937391281128,13.330276489257654,1.133892328653019e-05
1402,80964.296,13.333259582519531,-7.090408757903788e-07,-0.9520549178123474,-2.8150965078501117e-07,0.029372090473771095,1.6456856144486665e-07,0.003235464682802558,0.029999999999992505,2.120746055547493e-08,-0.00473855797356732,trajectory,STRAIGHT,3.651384115219116,13.33325958251938,1.133892328653019e-05
1403,80964.406,13.336174964904785,-6.921177941876522e-07,-0.9517340660095215,-2.8197588676547293e-07,0.029455842450261116,1.7730523893533245e-07,0.0032450323924422264,0.02999999999999269,2.0938674008135045e-08,-0.004778376416289934,trajectory,STRAIGHT,3.651059865951538,13.336174964904641,1.133892328653019e-05
1404,80964.515,13.339190483093262,-6.733629902555549e-07,-0.9514040350914001,-2.8216243221753973e-07,0.029530681669712067,1.9042892063225736e-07,0.0032252694945782423,0.029999999999992907,2.0628152079525885e-08,-0.004807386928770415,trajectory,STRAIGHT,3.6505138874053955,13.339190483093125,1.133892328653019e-05
1405,80964.609,13.341585159301758,-6.575157840416068e-07,-0.9511433839797974,-2.820003215820174e-07,0.029582791030406952,2.0085079199816391e-07,0.003208169946447015,0.029999999999993095,2.0354182949081227e-08,-0.004819051520500057,trajectory,STRAIGHT,3.649935722351074,13.341585159301628,1.133892328653019e-05
1406,80964.734,13.344955444335938,-6.33782235581748e-07,-0.9507790207862854,-2.820335136017355e-07,0.02964656800031662,2.1551861095758795e-07,0.003185880836099386,0.029999999999993365,1.9949195863335726e-08,-0.00486142596880647,trajectory,STRAIGHT,3.6493499279022217,13.344955444335817,1.133892328653019e-05
1407,80964.828,13.34743881225586,-6.152243372525845e-07,-0.9505119919776917,-2.823032530148498e-07,0.02968727983534336,2.2632609386619151e-07,0.0031711547635495663,0.029999999999993573,1.9637658400450397e-08,-0.004889600096280223,trajectory,STRAIGHT,3.648756980895996,13.347438812255746,1.133892328653019e-05
1408,80964.953,13.348503112792969,-6.069930691410264e-07,-0.9503979682922363,-2.825405872970272e-07,0.029703272506594658,2.3095769563497015e-07,0.0031652767211198807,0.029999999999993657,1.9502452191489165e-08,-0.004894831037158614,trajectory,STRAIGHT,3.648160219192505,13.348503112792857,1.133892328653019e-05
1409,80965.046,13.353240013122559,-5.6864377029342e-07,-0.9498966932296753,-2.835315926072013e-07,0.029764682054519653,2.5141275727946777e-07,0.0031418176367878914,0.029999999999994066,1.8865267439089905e-08,-0.004934751736175106,trajectory,STRAIGHT,3.6475603580474854,13.353240013122461,1.133892328653019e-05
1410,80965.171,13.356377601623535,-5.415217287918495e-07,-0.9506363868713379,-2.846409728530172e-07,0.029798878356814384,2.652384978318878e-07,-0.021205727010965347,0.0,0.0,0.0,trajectory_no_feasible,STRAIGHT,3.6475603580474854,13.356377601623446,1.133892328653019e-05
1411,80965.265,13.35861587524414,-5.212687597122567e-07,-0.9520223140716553,-2.8554762425060123e-07,0.029649682343006134,2.7476491482048004e-07,-0.008350043557584286,0.029999999999994545,1.8093791978756615e-08,-0.003898651801570319,trajectory,STRAIGHT,3.6469552516937256,13.358615875244057,1.133892328653019e-05
1412,80965.39,13.360114097595215,-5.070869519840926e-07,-0.9522225260734558,-2.862426821442304e-07,0.029036344960331917,2.81403998769747e-07,-0.0007991259335540235,0.02999999999999468,1.7863906684000043e-08,-0.004431852519097234,trajectory,STRAIGHT,3.64636492729187,13.360114097595137,1.133892328653019e-05
1413,80965.5,13.364280700683594,-4.6430554334619956e-07,-0.9519283175468445,-2.88458281166798e-07,0.027882708236575127,3.0059675282245735e-07,0.0030753538012504578,0.029999999999995086,1.716936985379218e-08,-0.0047565213242121585,trajectory,STRAIGHT,3.6497790813446045,13.364280700683528,1.133892328653019e-05
1414,80965.593,13.366859436035156,-4.357900991180941e-07,-0.951633095741272,-2.8984934800839244e-07,0.02768460288643837,3.1261390631698305e-07,0.00322153652086854,0.029999999999995346,1.6700733179673985e-08,-0.004787104828360177,trajectory,STRAIGHT,3.643554449081421,13.366859436035098,1.133892328653019e-05
1415,80965.718,13.36984634399414,-4.012768783923093e-07,-0.9512854814529419,-2.911909062452163e-07,0.027703100815415382,3.2649663239681104e-07,0.003221611026674509,0.029999999999995666,1.6120495063326887e-08,-0.004804491503241159,trajectory,STRAIGHT,3.6479697227478027,13.36984634399409,1.133892328653019e-05
1416,80965.828,13.372421264648438,-3.7035763966741797e-07,-0.9509866237640381,-2.92320722377049e-07,0.02782992646098137,3.384164415365376e-07,0.0032040434889495373,0.029999999999995947,1.5596160350327355e-08,-0.004846258713961001,trajectory,STRAIGHT,3.649588108062744,13.372421264648395,1.133892328653019e-05
1417,80965.953,13.375442504882812,-3.330613367324986e-07,-0.9506417512893677,-2.93848381027953e-07,0.028033841401338577,3.5223899885750143e-07,0.00318343099206686,0.02999999999999627,1.4965950955789566e-08,-0.004861853337943907,trajectory,STRAIGHT,3.649390459060669,13.375442504882779,1.133892328653019e-05
1418,80966.062,13.378143310546875,-2.9865611850254936e-07,-0.9503368139266968,-2.953058145228187e-07,0.028231516480445862,3.645179447175906e-07,0.0031669512391090393,0.029999999999996547,1.4383511828340756e-08,-0.00490405081762221,trajectory,STRAIGHT,3.6480607986450195,13.378143310546847,1.133892328653019e-05
1419,80966.171,13.38060474395752,-2.6645827233551245e-07,-0.9500619769096375,-2.9669072603562115e-07,0.028408730402588844,3.7564393551292596e-07,0.00315347989089787,0.029999999999996807,1.3836976929549083e-08,-0.004916714960618283,trajectory,STRAIGHT,3.647127628326416,13.380604743957498,1.133892328653019e-05
1420,80966.281,13.383344650268555,-2.2980648850534635e-07,-0.9497600197792053,-2.982324222675587e-07,0.028593799099326134,3.8792140344412473e-07,0.003140023909509182,0.02999999999999709,1.321145282225685e-08,-0.004956196753726621,trajectory,STRAIGHT,3.646413803100586,13.383344650268539,1.133892328653019e-05
1421,80966.39,13.386178016662598,-1.9076598789524724e-07,-0.9501091241836548,-2.9980209081517e-07,0.028772372752428055,4.008575444913731e-07,-0.017824362963438034,0.02999999999999738,1.2540290063000592e-08,-0.0032615905836683706,trajectory,STRAIGHT,3.645817756652832,13.386178016662587,1.133892328653019e-05
1422,80966.484,13.389041900634766,-1.5045642953737115e-07,-0.9516354203224182,-3.013952901728072e-07,0.028927180916070938,4.133483457735565e-07,-0.0044554052874445915,0.029999999999997664,1.184372728755092e-08,-0.004252721948911558,trajectory,STRAIGHT,3.6452770233154297,13.389041900634759,1.133892328653019e-05
1423,80966.593,13.38973617553711,-1.4049950891603658e-07,-0.9517031908035278,-3.017648856546494e-07,0.02896207943558693,4.1637977687969396e-07,-0.0014441345119848847,0.02999999999999773,1.1670520909599914e-08,-0.004490235086892854,trajectory,STRAIGHT,3.6460819244384766,13.389736175537102,1.133892328653019e-05
1424,80966.687,13.393918991088867,-7.921883593553503e-08,-0.951449990272522,-3.039494417784397e-07,0.029152529314160347,4.347488413714018e-07,0.0030111821833997965,0.02999999999999813,1.0598212522848088e-08,-0.004789318049425866,trajectory,STRAIGHT,3.6492857933044434,13.393918991088865,1.133892328653019e-05
1425,80966.781,13.395059585571289,-6.216596659669449e-08,-0.95132976770401,-3.045577107323395e-07,0.02919837459921837,4.3973867036584124e-07,0.0031371370423585176,0.02999999999999823,1.029875514611593e-08,-0.004805405566568161,trajectory,STRAIGHT,3.649359703063965,13.395059585571287,1.133892328653019e-05
1426,80966.921,13.399797439575195,1.0752715162709592e-08,-0.9508117437362671,-3.0691965778618027e-07,0.02936480939388275,4.6047406954130565e-07,0.0032066351268440485,0.029999999999998646,9.006001845364638e-09,-0.004853265244446607,trajectory,STRAIGHT,3.6488847732543945,13.399797439575195,1.133892328653019e-05
1427,80967.015,13.402532577514648,5.413134473997161e-08,-0.9505142569541931,-3.082549766905821e-07,0.029444696381688118,4.7237989519999246e-07,0.0031913425773382187,0.029999999999998868,8.231077495032202e-09,-0.0048896648654760365,trajectory,STRAIGHT,3.6488847732543945,13.402532577514648,1.133892328653019e-05
1428,80967.109,13.403419494628906,6.836064869730762e-08,-0.9504185914993286,-3.085795303192298e-07,0.02946830540895462,4.7622052079532295e-07,0.0031859641894698143,0.029999999999998937,7.972878517672653e-09,-0.004894017867189789,trajectory,STRAIGHT,3.6483352184295654,13.403419494628904,1.133892328653019e-05
1429,80967.234,13.408031463623047,1.442105173055097e-07,-0.9499238133430481,-3.098971149376981e-07,0.02957603521645069,4.96193194976513e-07,0.003159897169098258,0.029999999999999277,6.57932486499769e-09,-0.004933936438354586,trajectory,STRAIGHT,3.6477723121643066,13.40803146362304,1.133892328653019e-05
1430,80967.375,13.4113130569458,2.0009375134577567e-07,-0.950791597366333,-3.1067020946020817e-07,0.029640669003129005,5.107332867737568e-07,-0.02206483855843544,0.029999999999999485,5.54163213783443e-09,-0.002894296240170691,trajectory,STRAIGHT,3.647199869155884,13.411313056945788,1.133892328653019e-05
1431,80967.468,13.413973808288574,2.465764055159525e-07,-0.9525634050369263,-3.116348565429152e-07,0.029684219509363174,5.220725824983674e-07,-0.008079839870333672,0.02999999999999963,4.685004078225409e-09,-0.0038863975802683765,trajectory,STRAIGHT,3.646620988845825,13.413973808288555,1.133892328653019e-05
1432,80967.562,13.41512680053711,2.670332435172895e-07,-0.952739417552948,-3.1204232170153226e-07,0.02970138005912304,5.269830580800772e-07,-0.0017812191508710384,0.02999999999999969,4.306608301334496e-09,-0.0043814866120243014,trajectory,STRAIGHT,3.6466829776763916,13.415126800537086,1.133892328653019e-05
1433,80967.703,13.419682502746582,3.491546181066951e-07,-0.9524680972099304,-3.1376959366145294e-07,0.02976086363196373,5.46504566045769e-07,0.0030928521882742643,0.029999999999999867,2.7849016628158243e-09,-0.004699441078675275,trajectory,STRAIGHT,3.651061773300171,13.419682502746543,1.133892328653019e-05
1434,80967.796,13.422730445861816,4.055649185374932e-07,-0.9521409273147583,-3.1456437490376374e-07,0.02979390323162079,5.595573497885198e-07,0.003256717696785927,0.02999999999999995,1.7230008512570674e-09,-0.004740823670650768,trajectory,STRAIGHT,3.652226448059082,13.422730445861765,1.133892328653019e-05
1435,80967.921,13.42533016204834,4.547318042114057e-07,-0.9518574476242065,-3.1550675816758816e-07,0.029818452894687653,5.706910428671108e-07,0.003255269955843687,0.0,0.0,0.0,trajectory_no_feasible,STRAIGHT,3.6518075466156006,13.425330162048274,1.133892328653019e-05
1436,80968.046,13.428637504577637,5.188711611481267e-07,-0.9514976143836975,-3.1649437701285753e-07,0.029408365488052368,5.850338311574887e-07,0.003218049881979823,0.029999999999999995,-4.113073939488516e-10,-0.0047967121717229595,trajectory,STRAIGHT,3.6511950492858887,13.428637504577551,1.133892328653019e-05
1437,80968.125,13.431224822998047,5.72062731407641e-07,-0.9512094259262085,-3.1724779801717165e-07,0.028120556846261024,5.969631047264556e-07,0.003204098902642727,0.029999999999999968,-1.4222355505754165e-09,-0.004825807359156353,trajectory,STRAIGHT,3.650559425354004,13.431224822997942,1.133892328653019e-05
1438,80968.171,13.43198013305664,5.882289428882359e-07,-0.951123058795929,-3.1744436258081e-07,0.027848364785313606,6.00505245529348e-07,0.0032029328867793083,0.029999999999999947,-1.7309068134835363e-09,-0.004830032434401256,trajectory,STRAIGHT,3.643394708633423,13.43198013305653,1.133892328653019e-05
1439,80968.265,13.434210777282715,6.372982284119644e-07,-0.9508639574050903,-3.1778586659424923e-07,0.02733258344233036,6.11035773090407e-07,0.003191204508766532,0.02999999999999988,-2.676845797756651e-09,-0.004858497598920079,trajectory,STRAIGHT,3.643394708633423,13.434210777282585,1.133892328653019e-05
1440,80968.359,13.436820983886719,6.965527177271724e-07,-0.9505584836006165,-3.1794447272595406e-07,0.02712181583046913,6.233871658878343e-07,0.0031738372053951025,0.029999999999999756,-3.829668661409129e-09,-0.004872381904874059,trajectory,STRAIGHT,3.6430580615997314,13.436820983886564,1.133892328653019e-05
1441,80968.453,13.43755054473877,7.134311772460933e-07,-0.9504726529121399,-3.1798954392796836e-07,0.027113236486911774,6.268445531532052e-07,0.0031691407784819603,0.02999999999999971,-4.1586354072646085e-09,-0.004901090677936766,trajectory,STRAIGHT,3.646210193634033,13.437550544738606,1.133892328653019e-05
1442,80968.562,13.441542625427246,8.069587806858181e-07,-0.9500086903572083,-3.185155404778676e-07,0.027285588905215263,6.455956054196577e-07,0.003145970869809389,0.029999999999999406,-5.978332666245529e-09,-0.004922435212989542,trajectory,STRAIGHT,3.647775888442993,13.441542625427036,1.133892328653019e-05
1443,80968.703,13.444748878479004,8.833657147988561e-07,-0.9496414065361023,-3.1882532113489987e-07,0.02755444310605526,6.604743134630553e-07,0.003130336059257388,0.02999999999999907,-7.474913944870237e-09,-0.004963692432181234,trajectory,STRAIGHT,3.646575689315796,13.444748878478753,1.133892328653019e-05
1444,80968.796,13.447154998779297,9.413176371708687e-07,-0.9500290155410767,-3.1893657330095163e-07,0.027781318873167038,6.71800478357909e-07,-0.017831839621067047,0.029999999999998757,-8.617574321904391e-09,-0.0032834669578174014,trajectory,STRAIGHT,3.645326852798462,13.44715499877901,1.133892328653019e-05
1445,80968.921,13.450004577636719,1.010501819109777e-06,-0.9517056345939636,-3.192405051407169e-07,0.02803547866642475,6.845947382316808e-07,-0.005121528171002865,0.029999999999998337,-9.980942331861454e-09,-0.0042164609211781875,trajectory,STRAIGHT,3.6444661617279053,13.45000457763639,1.133892328653019e-05
1446,80969.031,13.453217506408691,1.0893653552557225e-06,-0.9517013430595398,-3.1960012343007807e-07,0.028303202241659164,6.989828875703097e-07,0.002465053927153349,0.029999999999997782,-1.1540345494913705e-08,-0.0047329528321064865,trajectory,STRAIGHT,3.6444661617279053,13.453217506408308,1.133892328653019e-05
1447,80969.171,13.456113815307617,1.1613238939389703e-06,-0.9514031410217285,-3.201715890384213e-07,0.02852139063179493,7.119404017430497e-07,0.0031501036137342453,0.0299999999999972,-1.2961099221654217e-08,-0.004802855368868749,trajectory,STRAIGHT,3.648944616317749,13.45611381530718,1.133892328653019e-05
1448,80969.265,13.45877456665039,1.2280856935831252e-06,-0.9511059522628784,-3.205123387057498e-07,0.028699995949864388,7.237663339765277e-07,0.003212961368262768,0.0299999999999966,-1.4289355267224853e-08,-0.004835838775866301,trajectory,STRAIGHT,3.648803472518921,13.4587745666499,1.133892328653019e-05
1449,80969.375,13.45954704284668,1.2476742767830729e-06,-0.9510190486907959,-3.205494745394676e-07,0.028748219832777977,7.272006428138411e-07,0.0032131774351000786,0.029999999999996405,-1.468171203762642e-08,-0.004840201239817411,trajectory,STRAIGHT,3.648343324661255,13.459547042846175,1.133892328653019e-05
1450,80969.484,13.464056015014648,1.3626681720779743e-06,-0.9505191445350647,-3.2115299340923173e-07,0.028996478766202927,7.47050478366873e-07,0.0031893388368189335,0.029999999999995194,-1.6980993553594578e-08,-0.004880156524837633,trajectory,STRAIGHT,3.648343324661255,13.464056015014044,1.133892328653019e-05
1451,80969.593,13.466667175292969,1.4304197293313337e-06,-0.950232982635498,-3.218191447687497e-07,0.029117895290255547,7.585067578474991e-07,0.0031735142692923546,0.029999999999994396,-1.8331907905581064e-08,-0.004893198654413838,trajectory,STRAIGHT,3.647845983505249,13.4666671752923,1.133892328653019e-05
1452,80969.687,13.46929931640625,1.4992023125159903e-06,-0.9499481320381165,-3.224594437415252e-07,0.029225144535303116,7.699657089688117e-07,0.003159042214974761,0.02999999999999352,-1.9708884284053472e-08,-0.0049408029999015255,trajectory,STRAIGHT,3.6473388671875,13.469299316405516,1.133892328653019e-05
1453,80969.796,13.470527648925781,1.531654447717301e-06,-0.9498445987701416,-3.2279977965468595e-07,0.029271313920617104,7.753793624942773e-07,-0.001871395856142044,0.02999999999999309,-2.0358807579745198e-08,-0.004543544617610924,trajectory,STRAIGHT,3.6468234062194824,13.470527648925014,1.133892328653019e-05
1454,80969.89,13.474653244018555,1.6422841326857451e-06,-0.9526326656341553,-3.235415145923601e-07,0.029408451169729233,7.936656061247049e-07,-0.027152005583047867,0.029999999999991492,-2.2593639022828115e-08,-0.002398748121299214,trajectory,STRAIGHT,3.6462972164154053,13.47465324401767,1.133892328653019e-05
1455,80970.015,13.477580070495605,1.7214728131875745e-06,-0.954542875289917,-3.239829988020649e-07,0.0294861551374197,8.059954552663839e-07,-0.005517135839909315,0.02999999999999024,-2.4202940631295124e-08,-0.003911591073558331,trajectory,STRAIGHT,3.64650559425354,13.477580070494632,1.133892328653019e-05
1456,80970.109,13.48041820526123,1.7994310610447428e-06,-0.9545873999595642,-3.2412288345735094e-07,0.029552586376667023,8.181253861039295e-07,0.0021911796648055315,0.029999999999988904,-2.580117436143112e-08,-0.00444214446484138,trajectory,STRAIGHT,3.6511900424957275,13.480418205260165,1.133892328653019e-05
1457,80970.218,13.482990264892578,1.8710908307184582e-06,-0.9543401598930359,-3.239521318312283e-07,0.029605723917484283,8.291963240480982e-07,0.003197774523869157,0.029999999999987596,-2.7283654041735884e-08,-0.004535034056892886,trajectory,STRAIGHT,3.655503511428833,13.482990264891423,1.133892328653019e-05
1458,80970.359,13.486449241638184,1.968980768651818e-06,-0.9539536237716675,-3.2366003953775396e-07,0.029667481780052185,8.441010663773341e-07,0.0033422617707401514,0.029999999999985674,-2.9317250092575484e-08,-0.004574821957622882,trajectory,STRAIGHT,3.655735731124878,13.486449241636903,1.133892328653019e-05
1459,80970.453,13.48946475982666,2.055743379969499e-06,-0.9536135196685791,-3.232077776900559e-07,0.029713431373238564,8.570963814236165e-07,0.003322564996778965,0.029999999999983845,-3.1131878294129615e-08,-0.004607225903425331,trajectory,STRAIGHT,3.6552062034606934,13.48946475982526,1.133892328653019e-05
1460,80970.546,13.490175247192383,2.0763509382959455e-06,-0.9535338878631592,-3.230842474681687e-07,0.029723288491368294,8.601541026109771e-07,0.003315506735816598,0.0,0.0,0.0,trajectory_no_feasible,STRAIGHT,3.6552062034606934,13.490175247190955,1.133892328653019e-05
1461,80970.687,13.495262145996094,2.225308207925991e-06,-0.9529715776443481,-3.226575458931404e-07,0.029191341251134872,8.821319283924822e-07,0.0032474834006279707,0.029999999999979945,-3.4686304596695286e-08,-0.004651748906585884,trajectory,STRAIGHT,3.6539463996887207,13.495262145994449,1.133892328653019e-05
1462,80970.796,13.497995376586914,2.3106051685317652e-06,-0.9526606798171997,-3.225467112733423e-07,0.027841992676258087,8.9480613496562e-07,0.003235632786527276,0.02999999999997783,-3.647402588110443e-08,-0.004691039236636082,trajectory,STRAIGHT,3.6533122062683105,13.497995376585138,1.133892328653019e-05
1463,80970.906,13.500551223754883,2.394386001469684e-06,-0.9523603320121765,-3.228582543255798e-07,0.027206486091017723,9.068651820598461e-07,0.0032201011199504137,0.02999999999997565,-3.821957676810423e-08,-0.004704814093561093,trajectory,STRAIGHT,3.6438074111938477,13.500551223752971,1.133892328653019e-05
1464,80971.015,13.50314712524414,2.4820378712320235e-06,-0.9520521759986877,-3.230709479918517e-07,0.027000287547707558,9.191655294671364e-07,0.003199789673089981,0.02999999999997326,-4.005299841449153e-08,-0.00474543943318272,trajectory,STRAIGHT,3.6469030380249023,13.503147125242084,1.133892328653019e-05
1465,80971.125,13.505660057067871,2.5680724320409354e-06,-0.9517554640769958,-3.2349644784398917e-07,0.027041107416152954,9.310012387686584e-07,0.0031814647372812033,0.029999999999970803,-4.185109509695708e-08,-0.004758809034402614,trajectory,STRAIGHT,3.6498453617095947,13.505660057065665,1.133892328653019e-05
1466,80971.218,13.508094787597656,2.652379180290154e-06,-0.9514697194099426,-3.238963910023721e-07,0.027200300246477127,9.424137488167617e-07,0.0031657160725444555,0.029999999999968288,-4.361851774977633e-08,-0.00479839875685383,trajectory,STRAIGHT,3.6498453617095947,13.508094787595299,1.133892328653019e-05
1467,80971.312,13.509078979492188,2.6863883704209e-06,-0.9513559937477112,-3.2399781975681305e-07,0.027282321825623512,9.469720794186287e-07,0.0031599109061062336,0.02999999999996724,-4.4335008629617313e-08,-0.004803620626650345,trajectory,STRAIGHT,3.6498453617095947,13.509078979489768,1.133892328653019e-05
1468,80971.453,13.51336669921875,2.8356578241073294e-06,-0.950864851474762,-3.246771983508305e-07,0.02768588997423649,9.66704988059064e-07,0.0031374963000416756,0.029999999999962425,-4.7482762987893665e-08,-0.004843927051712486,trajectory,STRAIGHT,3.649059534072876,13.513366699216046,1.133892328653019e-05
1469,80971.546,13.515869140625,2.923177362390561e-06,-0.9505828022956848,-3.2516497095871944e-07,0.027923287823796272,9.78082880465081e-07,0.003126287367194891,0.029999999999959438,-4.9333722410957524e-08,-0.00487870098976805,trajectory,STRAIGHT,3.6479413509368896,13.51586914062212,1.133892328653019e-05
1470,80971.671,13.518643379211426,3.020630629180232e-06,-0.9502739906311035,-3.2547714521515155e-07,0.028170909732580185,9.906019613481476e-07,0.003115177620202303,0.02999999999995595,-5.1408611597732436e-08,-0.004893252793237708,trajectory,STRAIGHT,3.6471564769744873,13.518643379208346,1.133892328653019e-05
1471,80971.781,13.52118968963623,3.1102988486964023e-06,-0.949993908405304,-3.255679583147856e-07,0.028378259390592575,1.0019855380960507e-06,0.0031060646288096905,0.029999999999952596,-5.333027995788953e-08,-0.0049324751351725715,trajectory,STRAIGHT,3.646547317504883,13.52118968963296,1.133892328653019e-05
1472,80971.89,13.524011611938477,3.2101254419103498e-06,-0.9503463506698608,-3.2571351890962606e-07,0.028588823974132538,1.0147817874894827e-06,-0.01785479113459587,0.029999999999948707,-5.547555981269751e-08,-0.003237984560872283,trajectory,STRAIGHT,3.646028995513916,13.524011611934986,1.133892328653019e-05
1473,80972.0,13.52667236328125,3.3050473575713113e-06,-0.9518457651138306,-3.257701350787204e-07,0.028759177774190903,1.0263934200338554e-06,-0.005497491918504238,0.029999999999944845,-5.752450053730138e-08,-0.004148420131884919,trajectory,STRAIGHT,3.6455471515655518,13.526672363277543,1.133892328653019e-05
1474,80972.109,13.529621124267578,3.410392764635617e-06,-0.9518874287605286,-3.254680665229539e-07,0.02892511896789074,1.0392088825028623e-06,0.0021711373701691628,0.029999999999940363,-5.981787639787063e-08,-0.004759827292643891,trajectory,STRAIGHT,3.6460440158843994,13.529621124263624,1.133892328653019e-05
1475,80972.218,13.532571792602539,3.5170503451809054e-06,-0.9516030550003052,-3.2501580263890176e-07,0.029070977121591568,1.0521148396946955e-06,0.003094996325671673,0.029999999999935616,-6.215185805760474e-08,-0.0047802792542707175,trajectory,STRAIGHT,3.649503231048584,13.532571792598324,1.133892328653019e-05
1476,80972.343,13.535551071166992,3.625028966780519e-06,-0.9512806534767151,-3.2394364774821165e-07,0.02919786050915718,1.0650347803675686e-06,0.003189703682437539,0.02999999999993057,-6.454229936173132e-08,-0.004803975918991491,trajectory,STRAIGHT,3.649735450744629,13.535551071162505,1.133892328653019e-05
1477,80972.437,13.537919998168945,3.711712906806497e-06,-0.9510218501091003,-3.234211174563154e-07,0.02928650937974453,1.0752963817139971e-06,0.0031869872473180294,0.029999999999926395,-6.645693850001916e-08,-0.004843344914815796,trajectory,STRAIGHT,3.649301528930664,13.537919998164234,1.133892328653019e-05
1478,80972.531,13.540727615356445,3.8155285437824205e-06,-0.9507166743278503,-3.2298572329508776e-07,0.029379213228821754,1.0874617828449118e-06,0.0031724777072668076,0.02999999999992122,-6.87507918122294e-08,-0.004857442940674198,trajectory,STRAIGHT,3.6487772464752197,13.540727615351457,1.133892328653019e-05
1479,80972.656,13.543734550476074,3.9271126297535375e-06,-0.9503940343856812,-3.230618407218016e-07,0.029464710503816605,1.1003875215465087e-06,0.0031565700192004442,0.029999999999915483,-7.120917757476231e-08,-0.004897069100536832,trajectory,STRAIGHT,3.6482324600219727,13.543734550470779,1.133892328653019e-05
1480,80972.75,13.546306610107422,4.023326710012043e-06,-0.9501199126243591,-3.2300635794650357e-07,0.029528338462114334,1.1114124163214e-06,0.0031440656166523695,0.029999999999910355,-7.333956102298981e-08,-0.004909774836399088,trajectory,STRAIGHT,3.6476776599884033,13.546306610101855,1.133892328653019e-05
1481,80972.859,13.549144744873047,4.130609795538476e-06,-0.9498185515403748,-3.2247236897029934e-07,0.029589856043457985,1.1235778174523148e-06,0.0031315209344029427,0.0299999999999044,-7.573634347243957e-08,-0.004950045718399287,trajectory,STRAIGHT,3.6476776599884033,13.549144744867167,1.133892328653019e-05
1482,80972.968,13.551982879638672,4.23906840296695e-06,-0.9502416849136353,-3.2156515324000735e-07,0.029644591733813286,1.1360220923961606e-06,-0.018486253917217255,0.029999999999898132,-7.817800983193818e-08,-0.003199467061606647,trajectory,STRAIGHT,3.64711332321167,13.551982879632467,1.133892328653019e-05
1483,80973.046,13.552958488464355,4.276628260413418e-06,-0.9509428143501282,-3.212825969412953e-07,0.029661517590284348,1.1402537438698346e-06,-0.02234959416091442,0.029999999999895922,-7.902438821489129e-08,-0.0028553433702862272,trajectory,STRAIGHT,3.64711332321167,13.552958488458035,1.133892328653019e-05
1484,80973.203,13.557486534118652,4.452541361388285e-06,-0.9517369270324707,-3.207370343440142e-07,0.029728256165981293,1.159324597210798e-06,0.002049848437309265,0.029999999999885243,-8.297753812405279e-08,-0.004762245593081695,trajectory,STRAIGHT,3.646021604537964,13.557486534111781,1.133892328653019e-05
1485,80973.312,13.560624122619629,4.5749725359200966e-06,-0.9514473080635071,-3.202717056230084e-07,0.029766812920570374,1.1726137927325908e-06,0.0031041428446769714,0.02999999999987746,-8.574510452624525e-08,-0.0047954075082095446,trajectory,STRAIGHT,3.649353504180908,13.560624122612358,1.133892328653019e-05
1486,80973.421,13.563403129577637,4.6845743781886995e-06,-0.9511523842811584,-3.198518601459242e-07,0.029796404764056206,1.1843932270494406e-06,0.003202865831553936,0.029999999999870255,-8.823093556453484e-08,-0.00483076996507945,trajectory,STRAIGHT,3.650292158126831,13.563403129569998,1.133892328653019e-05
1487,80973.531,13.566361427307129,4.802453531738138e-06,-0.9508357048034668,-3.1937750398656647e-07,0.029823781922459602,1.1969312936344068e-06,0.0031999116763472557,0.029999999999862244,-9.091374295100148e-08,-0.004846367606547498,trajectory,STRAIGHT,3.649858236312866,13.566361427299086,1.133892328653019e-05
1488,80973.656,13.569409370422363,4.9252016651735175e-06,-0.9505100846290588,-3.185379885305807e-07,0.02984815463423729,1.2098493016310385e-06,0.003182752523571253,0.02999999999985358,-9.372711056222965e-08,-0.004888134042737306,trajectory,STRAIGHT,3.649254560470581,13.569409370413885,1.133892328653019e-05
1489,80973.765,13.572367668151855,5.045599209552165e-06,-0.9501957297325134,-3.176645129864853e-07,0.029868576675653458,1.2223841849845485e-06,0.0031661230605095625,0.029999999999844804,-9.649734692177158e-08,-0.004902521430519641,trajectory,STRAIGHT,3.648630380630493,13.57236766814294,1.133892328653019e-05
1490,80973.875,13.575236320495605,5.163535206520464e-06,-0.9498924612998962,-3.1687212764744095e-07,0.029885752126574516,1.2345379900580156e-06,0.0031514372676610947,0.029999999999835932,-9.921787119690637e-08,-0.004944614078051918,trajectory,STRAIGHT,3.6480040550231934,13.57523632048625,1.133892328653019e-05
1491,80973.984,13.578015327453613,5.278905518935062e-06,-0.9502593278884888,-3.1601548339052414e-07,0.029900573194026947,1.2465794725358137e-06,-0.01781335286796093,0.029999999999826974,-1.0189005068355235e-07,-0.003249087537772529,trajectory,STRAIGHT,3.6473772525787354,13.578015327443815,1.133892328653019e-05
1492,80974.078,13.580973625183105,5.402938313636696e-06,-0.9519181251525879,-3.1498492771728885e-07,0.02991381101310253,1.2589506468430045e-06,-0.005639159120619297,0.029999999999817034,-1.047753547386894e-07,-0.00413729030266682,trajectory,STRAIGHT,3.646751642227173,13.58097362517282,1.133892328653019e-05
1493,80974.187,13.582049369812012,5.448342562885955e-06,-0.9520264863967896,-3.146658045345906e-07,0.029918162152171135,1.263445483346004e-06,-0.0009668897837400436,0.029999999999813325,-1.0583221757898214e-07,-0.004505653787407076,trajectory,STRAIGHT,3.6473209857940674,13.582049369801544,1.133892328653019e-05
1494,80974.312,13.587069511413574,5.662383046001196e-06,-0.9516754746437073,-3.135242580437345e-07,0.02993590757250786,1.2846454637838178e-06,0.003131065284833312,0.029999999999795312,-1.1082063353476126e-07,-0.004773437163108909,trajectory,STRAIGHT,3.6507561206817627,13.587069511402229,1.133892328653019e-05
1495,80974.437,13.590117454528809,5.7940756050811615e-06,-0.9513494372367859,-3.1307447604885773e-07,0.0299447700381279,1.297544145018037e-06,0.003224228974431753,0.029999999999783797,-1.1389624014459228e-07,-0.004812606581641397,trajectory,STRAIGHT,3.6508572101593018,13.590117454516903,1.133892328653019e-05
1496,80974.546,13.593255043029785,5.931015039095655e-06,-0.9510114789009094,-3.129028298118287e-07,0.02995261177420616,1.3108202665534918e-06,0.003214865690097213,0.02999999999977147,-1.1709671751046472e-07,-0.004828755435688457,trajectory,STRAIGHT,3.650291681289673,13.593255043017283,1.133892328653019e-05
1497,80974.656,13.596213340759277,6.061411568225594e-06,-0.9506941437721252,-3.122806723928064e-07,0.029958980157971382,1.3233352547104005e-06,0.0031960776541382074,0.029999999999759323,-1.2016860445241413e-07,-0.004872278090773506,trajectory,STRAIGHT,3.6496474742889404,13.596213340746191,1.133892328653019e-05
1498,80974.765,13.597199440002441,6.1051523516653106e-06,-0.950588583946228,-3.120569065295962e-07,0.02996090240776539,1.327505856352218e-06,0.0031898505985736847,0.029999999999755167,-1.2120180679975748e-07,-0.0048770579176232055,trajectory,STRAIGHT,3.6490001678466797,13.597199439989156,1.133892328653019e-05
1499,80974.89,13.602129936218262,6.325919002847513e-06,-0.9500648379325867,-3.1075694659147866e-07,0.029969263821840286,1.3483556813298492e-06,0.0031615772750228643,0.02999999999973355,-1.2643924473414434e-07,-0.0049195545095220014,trajectory,STRAIGHT,3.648353338241577,13.602129936203948,1.133892328653019e-05
1500,80974.984,13.60490894317627,6.45186673864373e-06,-0.9497712254524231,-3.098956510776584e-07,0.029973149299621582,1.3601037380794878e-06,0.0031476966105401516,0.02999999999972074,-1.2944389667833588e-07,-0.004956124646184727,trajectory,STRAIGHT,3.6477081775665283,13.60490894316135,1.133892328653019e-05
1501,80975.109,13.60616397857666,6.5091048782051075e-06,-0.9497068524360657,-3.095550438721941e-07,0.02997477538883686,1.3655090924657998e-06,-0.004665125627070665,0.029999999999714807,-1.3081099528127923e-07,-0.004334317517993733,trajectory,STRAIGHT,3.6470677852630615,13.606163978561462,1.133892328653019e-05
1502,80975.218,13.610556602478027,6.711235073453281e-06,-0.9528045058250427,-3.08099023309182e-07,0.029979722574353218,1.3843648503097938e-06,-0.0274753887206316,0.029999999999693265,-1.3566185418273726e-07,-0.0023703345014895226,trajectory,STRAIGHT,3.6464273929595947,13.61055660246182,1.133892328653019e-05
1503,80975.328,13.61351490020752,6.8489002842397895e-06,-0.954861044883728,-3.0692747803234127e-07,0.02998243272304535,1.3965951666250476e-06,-0.006742435973137617,0.029999999999678048,-1.38984903121868e-07,-0.003926143768354776,trajectory,STRAIGHT,3.648848295211792,13.613514900190603,1.133892328653019e-05
1504,80975.437,13.616204261779785,6.975101769057801e-06,-0.9549673199653625,-3.057294725625389e-07,0.029984572902321815,1.407843001288711e-06,0.001855390379205346,0.029999999999663723,-1.420448361017689e-07,-0.004382313110765602,trajectory,STRAIGHT,3.648848295211792,13.616204261762206,1.133892328653019e-05
1505,80975.546,13.619072914123535,7.110837032087147e-06,-0.9547039866447449,-3.044043366364647e-07,0.02998659573495388,1.419938485014427e-06,0.0032026725821197033,0.0299999999996479,-1.4534750401174524e-07,-0.004503262353029634,trajectory,STRAIGHT,3.654259443283081,13.619072914105228,1.133892328653019e-05
1506,80975.671,13.622031211853027,7.252031082316535e-06,-0.9543761014938354,-3.0305544045359513e-07,0.029988382011651993,1.4324240282803657e-06,0.0033565012272447348,0.02999999999963101,-1.4879357652336212e-07,-0.004538860012679937,trajectory,STRAIGHT,3.6569697856903076,13.622031211833944,1.133892328653019e-05
1507,80975.765,13.624541282653809,7.372802883764962e-06,-0.9540940523147583,-3.0169580238636855e-07,0.029989739879965782,1.4430178225666168e-06,0.003348373807966709,0.02999999999961616,-1.5175663234102781e-07,-0.004566711141405306,trajectory,STRAIGHT,3.656707525253296,13.624541282634048,1.133892328653019e-05
1508,80975.859,13.625885963439941,7.437868589477148e-06,-0.9539437890052795,-3.009724406244815e-07,0.029990440234541893,1.4486927284451667e-06,0.003335339017212391,0.0,0.0,0.0,trajectory_no_feasible,STRAIGHT,3.656064510345459,13.625885963419812,1.133892328653019e-05
1509,80975.984,13.63027286529541,7.652196472918149e-06,-0.9534571766853333,-2.9834746609874005e-07,0.029517749324440956,1.467367042096157e-06,0.0032742347102612257,0.0299999999995805,-1.5864930326757077e-07,-0.004611608517040601,trajectory,STRAIGHT,3.655380964279175,13.630272865274035,1.133892328653019e-05
1510,80976.109,13.633119583129883,7.798109436407685e-06,-0.9531347155570984,-2.967215627141634e-07,0.02801830880343914,1.480290734434675e-06,0.0032533404882997274,0.02999999999956125,-1.6224959663722511e-07,-0.004647429299482732,trajectory,STRAIGHT,3.654700517654419,13.63311958310764,1.133892328653019e-05
1511,80976.203,13.635520935058594,7.92738501331769e-06,-0.9528520703315735,-2.950853528454709e-07,0.027296068146824837,1.4914671737642493e-06,0.003240115474909544,0.029999999999543815,-1.6544219886257448e-07,-0.004660503559687762,trajectory,STRAIGHT,3.6474146842956543,13.635520935035565,1.133892328653019e-05
1512,80976.296,13.636663436889648,7.990140147740021e-06,-0.952716052532196,-2.942685428506934e-07,0.027116121724247932,1.4968115920055425e-06,0.0032306143548339605,0.02999999999953522,-1.6699368202494677e-07,-0.004693117212324996,trajectory,STRAIGHT,3.6459875106811523,13.636663436866234,1.133892328653019e-05
1513,80976.421,13.640716552734375,8.21609137346968e-06,-0.952234148979187,-2.910341275411286e-07,0.026991713792085648,1.5157415873545688e-06,0.0031974874436855316,0.029999999999503476,-1.726018259893262e-07,-0.0047145622370835735,trajectory,STRAIGHT,3.649543285369873,13.640716552709545,1.133892328653019e-05
1514,80976.531,13.643715858459473,8.385114597331267e-06,-0.9518803954124451,-2.8874921912418293e-07,0.027175646275281906,1.5296647006834974e-06,0.003176284022629261,0.02999999999947897,-1.7681004368270049e-07,-0.004757689256347009,trajectory,STRAIGHT,3.6514456272125244,13.643715858433552,1.133892328653019e-05
1515,80976.64,13.646011352539062,8.51405093271751e-06,-0.9516142010688782,-2.8696736803540223e-07,0.02737809531390667,1.5401803921122337e-06,0.0031621879898011684,0.029999999999459792,-1.8003475263877932e-07,-0.004785406148882647,trajectory,STRAIGHT,3.6505837440490723,13.646011352512293,1.133892328653019e-05
1516,80976.734,13.648569107055664,8.657831131131388e-06,-0.9513205289840698,-2.8494742419709095e-07,0.02762502245604992,1.5518143072767998e-06,0.0031481857877224684,0.029999999999437914,-1.8364411577892996e-07,-0.004798969576956768,trajectory,STRAIGHT,3.649221420288086,13.648569107027932,1.133892328653019e-05
1517,80976.859,13.651315689086914,8.812076885078568e-06,-0.9510097503662109,-2.8303956401539374e-07,0.027889208868145943,1.5641948039046838e-06,0.003134818049147725,0.029999999999413912,-1.8752377700239244e-07,-0.0048380252591157255,trajectory,STRAIGHT,3.6483004093170166,13.651315689058126,1.133892328653019e-05
1518,80976.953,13.653833389282227,8.953364158514887e-06,-0.9507281184196472,-2.8098888651766605e-07,0.028118055313825607,1.5754516198285273e-06,0.0031238901428878307,0.029999999999391343,-1.911005569378919e-07,-0.00485123262394312,trajectory,STRAIGHT,3.647618532180786,13.653833389252451,1.133892328653019e-05
1519,80977.062,13.656292915344238,9.090905223274603e-06,-0.9504567384719849,-2.7871288934990035e-07,0.02832350693643093,1.5863354292378062e-06,0.003114295657724142,0.029999999999368813,-1.9460483996711478e-07,-0.004890049387449605,trajectory,STRAIGHT,3.647618532180786,13.656292915313486,1.133892328653019e-05
1520,80977.171,13.659107208251953,9.248569767805748e-06,-0.9501489400863647,-2.761566843749432e-07,0.028535839170217514,1.5987241113180062e-06,0.003104414325207472,0.0299999999993424,-1.9863496876320829e-07,-0.004904648800129278,trajectory,STRAIGHT,3.6470654010772705,13.659107208220059,1.133892328653019e-05
1521,80977.281,13.661853790283203,9.40262725634966e-06,-0.949851393699646,-2.736242759852159e-07,0.028719503432512283,1.610740810065181e-06,0.0030959395226091146,0.029999999999315956,-2.0258947571004016e-07,-0.004944282375362857,trajectory,STRAIGHT,3.646571159362793,13.661853790250168,1.133892328653019e-05
1522,80977.39,13.664709091186523,9.562716513755731e-06,-0.9503341317176819,-2.709129570437159e-07,0.02889065258204937,1.623420644136786e-06,-0.019133687019348145,0.02999999999928779,-2.0671830035318051e-07,-0.003141775351104481,trajectory,STRAIGHT,3.646099805831909,13.664709091152282,1.133892328653019e-05
1523,80977.515,13.667312622070312,9.709331607155036e-06,-0.9518046975135803,-2.686744586436242e-07,0.029022786766290665,1.6345186395483324e-06,-0.005597531795501709,0.029999999999261458,-2.1050561523949774e-07,-0.004143006909081685,trajectory,STRAIGHT,3.645632743835449,13.667312622034943,1.133892328653019e-05
1524,80977.609,13.67010498046875,9.866818800219335e-06,-0.9518631100654602,-2.6672680417768e-07,0.029147783294320107,1.6464460941278958e-06,0.002015486126765609,0.029999999999232623,-2.1457558706081666e-07,-0.004749127715269077,trajectory,STRAIGHT,3.6456260681152344,13.670104980432148,1.133892328653019e-05
1525,80977.64,13.670982360839844,9.916269846144132e-06,-0.951793372631073,-2.662389126747309e-07,0.02918378822505474,1.650196963964845e-06,0.0025768978521227837,0.029999999999223453,-2.1585342480657005e-07,-0.004797527525017011,trajectory,STRAIGHT,3.6456260681152344,13.67098236080285,1.133892328653019e-05
1526,80977.734,13.673526763916016,1.0060313798021525e-05,-0.9515389800071716,-2.646534044666704e-07,0.029280157759785652,1.6610888451396022e-06,0.003112694714218378,0.02999999999919635,-2.1958810496340056e-07,-0.004785966814700618,trajectory,STRAIGHT,3.649367094039917,13.673526763877867,1.133892328653019e-05
1527,80977.859,13.676509857177734,1.0230400221189484e-05,-0.9512161016464233,-2.6250576817309286e-07,0.02937908284366131,1.6738669046389987e-06,0.0031891039106994867,0.02999999999916358,-2.2402077895059946e-07,-0.004822457429318313,trajectory,STRAIGHT,3.6499247550964355,13.676509857138194,1.133892328653019e-05
1528,80977.968,13.679338455200195,1.039167182170786e-05,-0.9509100914001465,-2.604151053231374e-07,0.029459916055202484,1.6858940625752439e-06,0.003182454267516732,0.029999999999131742,-2.2824360213277006e-07,-0.0048514049635551915,trajectory,STRAIGHT,3.649513006210327,13.679338455159312,1.133892328653019e-05
1529,80978.078,13.681733131408691,1.0528643542784266e-05,-0.9506525993347168,-2.58740839719609e-07,0.029519954696297646,1.6960419770839508e-06,0.003169929375872016,0.029999999999104167,-2.3183972021063143e-07,-0.004863277575495099,trajectory,STRAIGHT,3.6489715576171875,13.681733131366647,1.133892328653019e-05
1530,80978.187,13.683329582214355,1.062041428667726e-05,-0.9504818916320801,-2.575612759663631e-07,0.02955624647438526,1.7028072534230887e-06,0.0031614822801202536,0.029999999999085394,-2.3425659530198894e-07,-0.004895883030772449,trajectory,STRAIGHT,3.648406982421875,13.683329582171522,1.133892328653019e-05
1531,80978.296,13.687764167785645,1.0877251042984426e-05,-0.9500096440315247,-2.5409132934717416e-07,0.02964336797595024,1.7215996876984718e-06,0.0031370623037219048,0.02999999999903158,-2.4105019166726647e-07,-0.004925038330508851,trajectory,STRAIGHT,3.6478354930877686,13.687764167740564,1.133892328653019e-05
1532,80978.406,13.690690994262695,1.1048306078009773e-05,-0.9496996402740479,-2.5176564932302134e-07,0.029691295698285103,1.7340004205834703e-06,0.0031246813014149666,0.029999999998994716,-2.455952032407645e-07,-0.004939548038198137,trajectory,STRAIGHT,3.6472561359405518,13.69069099421608,1.133892328653019e-05
1533,80978.421,13.69122314453125,1.1079539035563357e-05,-0.9496434926986694,-2.5130199844028707e-07,0.0296992938965559,1.73625483057549e-06,0.0031225858256220818,0.0,0.0,0.0,trajectory_no_feasible,STRAIGHT,3.646670341491699,13.691223144484352,1.133892328653019e-05
1534,80978.515,13.693617820739746,1.1220604392292444e-05,-0.9505336284637451,-2.493080440849366e-07,0.029463138431310654,1.746784050737915e-06,-0.021678395569324493,0.029999999998956722,-2.5019277617796517e-07,-0.0029479545390668598,trajectory,STRAIGHT,3.646670341491699,13.693617820691559,1.133892328653019e-05
1535,80978.609,13.696050643920898,1.1367785191396251e-05,-0.9519414901733398,-2.474932022263885e-07,0.02850283682346344,1.7573469222043059e-06,-0.005821161437779665,0.02999999999892377,-2.5411416182245724e-07,-0.004148605868393864,trajectory,STRAIGHT,3.646080493927002,13.696050643871347,1.1367785191396251e-05
1536,80978.703,13.696731567382812,1.140999847848434e-05,-0.9520350098609924,-2.470000571017129e-07,0.028308549895882607,1.7603567812329857e-06,-0.002273277146741748,0.02999999999891423,-2.552373131262824e-07,-0.004388670893658868,trajectory,STRAIGHT,3.6415629386901855,13.696731567332865,1.140999847848434e-05
1537,80978.843,13.701419830322266,1.1707521480275318e-05,-0.951745867729187,-2.431387787762584e-07,0.027710026130080223,1.78148138729739e-06,0.0030863210558891296,0.02999999999884565,-2.631748092851418e-07,-0.004765963668128245,trajectory,STRAIGHT,3.6415629386901855,13.70141983026949,1.1707521480275318e-05
1538,80978.921,13.703660011291504,1.1852235729747918e-05,-0.9514893889427185,-2.412151094712313e-07,0.027707956731319427,1.7916238448378863e-06,0.0032090414315462112,0.029999999998811415,-2.6704890007613294e-07,-0.004801302726312659,trajectory,STRAIGHT,3.6465539932250977,13.703660011237321,1.1852235729747918e-05
1539,80979.031,13.704655647277832,1.1916816220036708e-05,-0.9513735175132751,-2.4038469607639975e-07,0.027738241478800774,1.796123910935421e-06,0.0032178189139813185,0.02999999999879595,-2.6878031088674637e-07,-0.0048077984963796365,trajectory,STRAIGHT,3.6465539932250977,13.704655647223017,1.1916816220036708e-05
1540,80979.156,13.708832740783691,1.218764009536244e-05,-0.9508916735649109,-2.3747706911550995e-07,0.02797442302107811,1.813383732951479e-06,0.0032000779174268246,0.02999999999872991,-2.760529449667323e-07,-0.004846822931819544,trajectory,STRAIGHT,3.650256395339966,13.70883274072617,1.218764009536244e-05
1541,80979.25,13.711777687072754,1.2373508980090264e-05,-0.9505566954612732,-2.3614118300696277e-07,0.028184887021780014,1.723788500385126e-06,0.003180729690939188,0.029999999998683333,-2.810688772613473e-07,-0.004883183842730603,trajectory,STRAIGHT,3.6487514972686768,13.71177768701333,1.2373508980090264e-05
1542,80979.359,13.713984489440918,1.2505398444773164e-05,-0.9503089189529419,-2.3506175844168905e-07,0.028343843296170235,1.657222810536041e-06,0.0031674830242991447,0.02999999999864936,-2.84672430698648e-07,-0.004909223280539188,trajectory,STRAIGHT,3.6476967334747314,13.713984489380117,1.2505398444773164e-05
1543,80979.453,13.71525764465332,1.2579081158037297e-05,-0.9501667618751526,-2.3475213364530982e-07,0.0284335408359766,1.6176907138287788e-06,0.003160340478643775,0.029999999998630133,-2.8669137661535223e-07,-0.004915759730776224,trajectory,STRAIGHT,3.6469156742095947,13.71525764459174,1.2579081158037297e-05
1544,80979.562,13.719632148742676,1.2816292837669607e-05,-0.9496849775314331,-2.337104444845263e-07,0.028717398643493652,1.4837365824860171e-06,0.0031384967733174562,0.029999999998566406,-2.932842499551049e-07,-0.004955225131557701,trajectory,STRAIGHT,3.646280527114868,13.719632148678532,1.2816292837669607e-05
1545,80979.687,13.722399711608887,1.2954697012901306e-05,-0.9504532217979431,-2.332371426777496e-07,0.028878988698124886,1.399651750944031e-06,-0.021207589656114578,0.029999999998527878,-2.9719889592636976e-07,-0.0029691260038776377,trajectory,STRAIGHT,3.6457197666168213,13.722399711543208,1.2954697012901306e-05
1546,80979.796,13.72543716430664,1.3097086593916174e-05,-0.9518498778343201,-2.328691586726201e-07,0.029029304161667824,1.3130089655533084e-06,-0.0021680917125195265,0.02999999999848711,-3.012863672049577e-07,-0.004409873336203726,trajectory,STRAIGHT,3.6451964378356934,13.725437164239349,1.3097086593916174e-05
1547,80979.89,13.727617263793945,1.3193245649745222e-05,-0.9518118500709534,-2.3261965388877085e-07,0.029126448556780815,1.2512007288023597e-06,0.0021140167955309153,0.02999999999845883,-3.0408926615425116e-07,-0.004693010162847614,trajectory,STRAIGHT,3.6471195220947266,13.727617263725545,1.3193245649745222e-05
1548,80979.984,13.728494644165039,1.3230413060227875e-05,-0.9517395496368408,-2.3247517341600413e-07,0.029162870720028877,1.22658252621477e-06,0.002645830623805523,0.029999999998447702,-3.0518517846752415e-07,-0.00473917029081521,trajectory,STRAIGHT,3.6497886180877686,13.728494644096205,1.3230413060227875e-05
1549,80980.125,13.733495712280273,1.3428287275019102e-05,-0.9512123465538025,-2.3220034654955674e-07,0.029344819486141205,1.0882953347390867e-06,0.0032171811908483505,0.02999999999838681,-3.1111314822501496e-07,-0.004816083481421982,trajectory,STRAIGHT,3.6496713161468506,13.733495712209086,1.3428287275019102e-05
1550,80980.218,13.735869407653809,1.3513834346667863e-05,-0.9509516358375549,-2.3219440149916384e-07,0.029417145997285843,1.0240995607091463e-06,0.003214071039110422,0.029999999998359443,-3.137407728200522e-07,-0.004852021985864352,trajectory,STRAIGHT,3.6496713161468506,13.735869407581575,1.3513834346667863e-05
1551,80980.328,13.73879623413086,1.3611385838885326e-05,-0.9506343007087708,-2.3185644045980656e-07,0.029495012015104294,9.467991617384541e-07,0.0031966539099812508,0.029999999998327132,-3.1681560068325195e-07,-0.004866495371973227,trajectory,STRAIGHT,3.6491637229919434,13.73879623405741,1.3611385838885326e-05
1552,80980.437,13.740126609802246,1.3653209862241056e-05,-0.950490415096283,-2.3160782644784926e-07,0.029526937752962112,9.120849995269964e-07,0.0031883004121482372,0.029999999998312894,-3.1816085873174147e-07,-0.004898405880390906,trajectory,STRAIGHT,3.6486027240753174,13.740126609728266,1.3653209862241056e-05
1553,80980.578,13.74509334564209,1.3795699487673119e-05,-0.9499574899673462,-2.3101511307776228e-07,0.029629457741975784,7.848181553526956e-07,0.00315989856608212,0.02999999999826256,-3.228717539419342e-07,-0.004922779989152454,trajectory,STRAIGHT,3.6480302810668945,13.745093345566259,1.3795699487673119e-05
1554,80980.671,13.747488021850586,1.3856804798706435e-05,-0.950075089931488,-2.3107919269022577e-07,0.029671557247638702,7.234907002384716e-07,-0.013854695484042168,0.029999999998239973,-3.249639662810083e-07,-0.003585454170794345,trajectory,STRAIGHT,3.647451162338257,13.747488021773936,1.3856804798706435e-05
1555,80980.781,13.750060081481934,1.3916965144744609e-05,-0.9514918327331543,-2.3109367389521324e-07,0.029710447415709496,6.604174700441945e-07,-0.00748683325946331,0.029999999998216866,-3.270904081246985e-07,-0.004024046008677341,trajectory,STRAIGHT,3.646864652633667,13.750060081404458,1.3916965144744609e-05
1556,80980.875,13.75291919708252,1.3977090929984115e-05,-0.9516282677650452,-2.309549494150588e-07,0.029747910797595978,5.92128117204993e-07,0.0017759805778041482,0.029999999998192618,-3.2930676376409925e-07,-0.004690869698653584,trajectory,STRAIGHT,3.6463065147399902,13.752919197004193,1.3977090929984115e-05
1557,80980.984,13.755608558654785,1.4027526958670933e-05,-0.9513957500457764,-2.3091047022828023e-07,0.02977885864675045,5.286491955303063e-07,0.003019951982423663,0.029999999998171215,-3.3125068579887653e-07,-0.0048020132969865854,trajectory,STRAIGHT,3.649343490600586,13.755608558575721,1.4027526958670933e-05
1558,80981.015,13.756505012512207,1.4043072042113636e-05,-0.9513034224510193,-2.3086895984582535e-07,0.029788319021463394,5.077012588117213e-07,0.0031213921029120684,0.029999999998164363,-3.3187076229455966e-07,-0.004818964295136826,trajectory,STRAIGHT,3.649343490600586,13.75650501243291,1.4043072042113636e-05
1559,80981.093,13.75865650177002,1.4077830201131292e-05,-0.9510748386383057,-2.3059286744855866e-07,0.02980940230190754,4.578928383125458e-07,0.0032028669957071543,0.0,0.0,0.0,trajectory_no_feasible,STRAIGHT,3.6500461101531982,13.758656501690192,1.4077830201131292e-05
1560,80981.203,13.761600494384766,1.411981793353334e-05,-0.9507575035095215,-2.2993994357902922e-07,0.029322084039449692,3.906179699697532e-07,0.0031902282498776913,0.029999999998127885,-3.3515179126248944e-07,-0.004865859749871804,trajectory,STRAIGHT,3.6495769023895264,13.761600494304272,1.411981793353334e-05
1561,80981.328,13.764599800109863,1.4157160876493435e-05,-0.9504236578941345,-2.2912491211239305e-07,0.027934687212109566,3.2085989687402616e-07,0.003185063134878874,0.029999999998108155,-3.3691349364989014e-07,-0.004896074387389733,trajectory,STRAIGHT,3.648965835571289,13.764599800028746,1.4157160876493435e-05
1562,80981.453,13.767413139343262,1.4186484804667998e-05,-0.9500994086265564,-2.2814861133072074e-07,0.02733626216650009,2.542957133755408e-07,0.0031719317194074392,0.02999999999809096,-3.3844118253218403e-07,-0.004925896950768564,trajectory,STRAIGHT,3.6403746604919434,13.767413139261622,1.4186484804667998e-05
1563,80981.578,13.770447731018066,1.4210756489774212e-05,-0.9497483968734741,-2.274021881705854e-07,0.027184993028640747,1.8328189810290496e-07,0.0031540310010313988,0.029999999998074376,-3.399079639926593e-07,-0.004956254676812877,trajectory,STRAIGHT,3.642366647720337,13.770447730935945,1.4210756489774212e-05
1564,80981.687,13.772990226745605,1.4225030099623837e-05,-0.9502444863319397,-2.2681047793342066e-07,0.02727031335234642,1.2355310730072233e-07,-0.019081376492977142,0.02999999999806206,-3.4099316231022054e-07,-0.003168032057387457,trajectory,STRAIGHT,3.6453475952148438,13.772990226663149,1.4225030099623837e-05
1565,80981.718,13.773728370666504,1.4228136024030391e-05,-0.9508044719696045,-2.2672993655105303e-07,0.02731492929160595,1.0680045647859515e-07,-0.019548825919628143,0.02999999999805879,-3.412809169032162e-07,-0.0031026368213721367,trajectory,STRAIGHT,3.646545648574829,13.77372837058396,1.4228136024030391e-05
1566,80981.828,13.775778770446777,1.4234467926144134e-05,-0.951467752456665,-2.2615236259307515e-07,0.027464093640446663,6.194685653326815e-08,-0.0018652832368388772,0.029999999998050184,-3.420363999134538e-07,-0.004437779360125406,trajectory,STRAIGHT,3.646545648574829,13.775778770364022,1.4234467926144134e-05
1567,80981.937,13.778594970703125,1.423766661901027e-05,-0.9513534903526306,-2.250629808996683e-07,0.027707373723387718,8.839043941222258e-10,0.0026301308535039425,0.029999999998039734,-3.4295192568479456e-07,-0.004803125592554552,trajectory,STRAIGHT,3.646434783935547,13.778594970620142,1.423766661901027e-05
1568,80982.046,13.781267166137695,1.4235031812859233e-05,-0.9510679244995117,-2.2364431325393003e-07,0.027946777641773224,-5.5581260482995276e-08,0.0031527308747172356,0.02999999999803121,-3.436963891418751e-07,-0.004835102101417061,trajectory,STRAIGHT,3.6483960151672363,13.781267166054562,1.423766661901027e-05
1569,80982.156,13.783873558044434,1.4227362953533884e-05,-0.9507713317871094,-2.2214671782803555e-07,0.02817159704864025,-1.0916380688286154e-07,0.003206635359674692,0.029999999998024256,-3.443031244166645e-07,-0.004854244095833775,trajectory,STRAIGHT,3.648008108139038,13.783873557961211,1.423766661901027e-05
1570,80982.25,13.786334991455078,1.4215722330845892e-05,-0.9504930377006531,-2.2091258660353418e-07,0.028368592262268066,-1.5827076538244e-07,0.0031992699950933456,0.02999999999801896,-3.447642064832093e-07,-0.004893134686057505,trajectory,STRAIGHT,3.647414445877075,13.786334991371824,1.423766661901027e-05
1571,80982.343,13.78718376159668,1.421072465745965e-05,-0.9503970742225647,-2.205614527006443e-07,0.028432924300432205,-1.7497514193109964e-07,0.003194353310391307,0.029999999998017432,-3.4489703477562274e-07,-0.0048975395251857606,trajectory,STRAIGHT,3.6468679904937744,13.787183761513425,1.423766661901027e-05
1572,80982.484,13.791644096374512,1.4176757758832537e-05,-0.9499006867408752,-2.190780221177321e-07,0.028735527768731117,-2.599427659788489e-07,0.0031676599755883217,0.029999999998011697,-3.4539576034063883e-07,-0.004936658710207682,trajectory,STRAIGHT,3.6468679904937744,13.79164409629135,1.423766661901027e-05
1573,80982.593,13.794415473937988,1.4149317394185346e-05,-0.9503864049911499,-2.1815805344428024e-07,0.028899049386382103,-3.1184362114800024e-07,-0.019068924710154533,0.02999999999800992,-3.4554962641531416e-07,-0.003155244556497041,trajectory,STRAIGHT,3.646359443664551,13.794415473854956,1.423766661901027e-05
1574,80982.703,13.797019004821777,1.411915582139045e-05,-0.9520367980003357,-2.1724769750296586e-07,0.029030002653598785,-3.5769235751104134e-07,-0.007630121894180775,0.029999999998009497,-3.455867804555043e-07,-0.003987829131315651,trajectory,STRAIGHT,3.645864248275757,13.797019004738921,1.423766661901027e-05
1575,80982.812,13.799813270568848,1.4082515917834826e-05,-0.952176570892334,-2.1612330719862003e-07,0.029153572395443916,-4.055819147197326e-07,0.0017916252836585045,0.029999999998010212,-3.4552442347568866e-07,-0.004640774323215238,trajectory,STRAIGHT,3.645463228225708,13.79981327048623,1.423766661901027e-05
1576,80982.906,13.802094459533691,1.4049380297365133e-05,-0.9519778490066528,-2.1495970366093012e-07,0.02924339286983013,-4.4394118958734907e-07,0.002989861648529768,0.029999999998011652,-3.45399826877545e-07,-0.004746569326688996,trajectory,STRAIGHT,3.649167060852051,13.802094459451304,1.423766661901027e-05
1577,80983.015,13.803410530090332,1.4028911209607031e-05,-0.9518387913703918,-2.1428838376225843e-07,0.029290996491909027,-4.657367753679864e-07,0.0031626655254513025,0.029999999998012873,-3.452937619323859e-07,-0.00476993522540316,trajectory,STRAIGHT,3.650567054748535,13.803410530008094,1.423766661901027e-05
1578,80983.156,13.808161735534668,1.3947250408818945e-05,-0.9513160586357117,-2.1194652636351275e-07,0.029439352452754974,-5.409178811532911e-07,0.003237414173781872,0.029999999998019576,-3.44710641604142e-07,-0.004802051754003614,trajectory,STRAIGHT,3.650245428085327,13.80816173545306,1.423766661901027e-05
1579,80983.25,13.810999870300293,1.3893627510697115e-05,-0.9510061144828796,-2.10826281982622e-07,0.02951236441731453,-5.741909490097896e-07,0.0032188971526920795,0.029999999998025103,-3.442292736315242e-07,-0.004845129694008735,trajectory,STRAIGHT,3.6497068405151367,13.810999870219119,1.423766661901027e-05
1580,80983.343,13.81233024597168,1.3867521374777425e-05,-0.9508612751960754,-2.1024391768440554e-07,0.02954326756298542,-5.856492180100759e-07,0.0032095699571073055,0.029999999998027962,-3.439799907084756e-07,-0.004865236478745025,trajectory,STRAIGHT,3.6491336822509766,13.812330245890719,1.423766661901027e-05
1581,80983.468,13.81694221496582,1.3774242688668892e-05,-0.9503632187843323,-2.076735452852749e-07,0.029636092483997345,-6.049193643775652e-07,0.0031796160619705915,0.029999999998038526,-3.4305728057565845e-07,-0.004887742987721246,trajectory,STRAIGHT,3.6485509872436523,13.816942214885634,1.423766661901027e-05
1582,80983.578,13.819957733154297,1.3712655345443636e-05,-0.9500397443771362,-2.056906000276428e-07,0.02968638204038143,-6.003551789035555e-07,0.0031626184936612844,0.029999999998045538,-3.4244362564946194e-07,-0.004930789249408261,trajectory,STRAIGHT,3.647965431213379,13.819957733074624,1.423766661901027e-05
1583,80983.703,13.822710037231445,1.3657474482897669e-05,-0.9497460126876831,-2.034310807292991e-07,0.029726149514317513,-5.843718327014358e-07,0.0031486605294048786,0.02999999999805151,-3.4192027971552334e-07,-0.004958564365110506,trajectory,STRAIGHT,3.6473705768585205,13.822710037152227,1.423766661901027e-05
1584,80983.875,13.825668334960938,1.3600732017948758e-05,-0.9505041241645813,-2.0239699305616433e-07,0.02976386621594429,-5.62079037536023e-07,-0.021198859438300133,0.0,0.0,0.0,trajectory_no_feasible,STRAIGHT,3.646773099899292,13.825668334882177,1.423766661901027e-05
1585,80984.015,13.830936431884766,1.350516777165467e-05,-0.9538480043411255,-2.012985496694442e-07,0.029196448624134064,-5.124479685036931e-07,-0.002363598207011819,0.02999999999806738,-3.4052477552002465e-07,-0.004292091146953928,trajectory,STRAIGHT,3.6461732387542725,13.830936431806759,1.423766661901027e-05
1586,80984.125,13.833580017089844,1.345930650131777e-05,-0.9537723064422607,-2.0079130403237236e-07,0.027657734230160713,-4.7524130764031725e-07,0.0025312257930636406,0.029999999998071677,-3.4014590897242285e-07,-0.004540617637095575,trajectory,STRAIGHT,3.6483123302459717,13.83358001701219,1.423766661901027e-05
1587,80984.234,13.836187362670898,1.34151023303275e-05,-0.9534839391708374,-1.999483100451032e-07,0.02679392136633396,-4.469065686407703e-07,0.003243949031457305,0.029999999998075517,-3.3980727317916243e-07,-0.004612053859738235,trajectory,STRAIGHT,3.6514618396759033,13.83618736259358,1.423766661901027e-05
1588,80984.343,13.83874225616455,1.3373266483540647e-05,-0.9531676173210144,-1.9920925223247635e-07,0.02649965137243271,-4.2588200699356094e-07,0.003312563057988882,0.02999999999807889,-3.395094654645208e-07,-0.004649346759703738,trajectory,STRAIGHT,3.6434640884399414,13.838742256087546,1.423766661901027e-05
1589,80984.437,13.840879440307617,1.3339294127945323e-05,-0.9528996348381042,-1.985293247820195e-07,0.02650611288845539,-4.1380494053555594e-07,0.0032988113816827536,0.0299999999980814,-3.3928760719676985e-07,-0.004675536818206213,trajectory,STRAIGHT,3.6490771770477295,13.840879440230863,1.423766661901027e-05
1590,80984.531,13.841991424560547,1.3322009181138128e-05,-0.952761173248291,-1.981661902568696e-07,0.026565412059426308,-4.095764154499193e-07,0.0032873456366360188,0.02999999999808259,-3.391822300009317e-07,-0.004681542638093136,trajectory,STRAIGHT,3.652068853378296,13.841991424483917,1.423766661901027e-05
1591,80984.656,13.8460054397583,1.3261127605801448e-05,-0.9522711634635925,-1.968830441572926e-07,0.02693936601281166,-4.0302361981048307e-07,0.0032466284465044737,0.02999999999808647,-3.388384856922382e-07,-0.004720634479428296,trajectory,STRAIGHT,3.65248703956604,13.846005439682106,1.423766661901027e-05
1592,80984.765,13.848523139953613,1.3224031135905534e-05,-0.9519703388214111,-1.9640241945738387e-07,0.027224954217672348,-3.9426618059223983e-07,0.003224430838599801,0.029999999998088715,-3.3864019533824264e-07,-0.004755418364148917,trajectory,STRAIGHT,3.6507222652435303,13.848523139877678,1.423766661901027e-05
1593,80984.89,13.851316452026367,1.318437989539234e-05,-0.951642632484436,-1.961845162351043e-07,0.027541138231754303,-3.829612182926212e-07,0.0032025794498622417,0.029999999998090866,-3.3844898339232177e-07,-0.004770055569898667,trajectory,STRAIGHT,3.6495871543884277,13.851316451950703,1.423766661901027e-05
1594,80985.0,13.854140281677246,1.3145951015758328e-05,-0.9513169527053833,-1.9629053296671483e-07,0.027841385453939438,-3.7029843724667444e-07,0.0031830009538680315,0.02999999999809268,-3.382882579816883e-07,-0.004812374808647124,trajectory,STRAIGHT,3.64880633354187,13.854140281601838,1.423766661901027e-05
1595,80985.109,13.856741905212402,1.3112095075484831e-05,-0.9510215520858765,-1.966617707119159e-07,0.02809333987534046,-3.575680693757022e-07,0.003167133778333664,0.029999999998093992,-3.3817193087260686e-07,-0.004825875465579717,trajectory,STRAIGHT,3.6482107639312744,13.856741905137211,1.423766661901027e-05
1596,80985.203,13.859028816223145,1.3083610610920005e-05,-0.9507656693458557,-1.9696482056271077e-07,0.028293635696172714,-3.4555893080323585e-07,0.003154584439471364,0.029999999998094766,-3.3810352816349533e-07,-0.004864939997542258,trajectory,STRAIGHT,3.647707462310791,13.859028816148129,1.423766661901027e-05
1597,80985.312,13.861839294433594,1.3050173038209323e-05,-0.9504541158676147,-1.9707059633898597e-07,0.028513895347714424,-3.2992988963087555e-07,0.003140632528811693,0.02999999999809516,-3.3806847220246255e-07,-0.004879401518601533,trajectory,STRAIGHT,3.647245168685913,13.861839294358777,1.423766661901027e-05
1598,80985.421,13.864242553710938,1.3022851817368064e-05,-0.9501904249191284,-1.9687121068497467e-07,0.028680408373475075,-3.2199218935602403e-07,0.0031299239490181208,0.029999999998095023,-3.380806504465605e-07,-0.004916647972397715,trajectory,STRAIGHT,3.647245168685913,13.864242553636275,1.423766661901027e-05
1599,80985.515,13.865358352661133,1.3010318070882931e-05,-0.9500686526298523,-1.9685011909348038e-07,0.02875170297920704,-3.211224282040348e-07,0.0031252617482095957,0.029999999998094943,-3.380881643986427e-07,-0.004922363610796839,trajectory,STRAIGHT,3.646794557571411,13.865358352586542,1.423766661901027e-05
1600,80985.671,13.870475769042969,1.2953748409927357e-05,-0.9495171308517456,-1.9692335376636625e-07,0.029031828045845032,-3.169828346472059e-07,0.003106388496235013,0.029999999998094332,-3.381419812105057e-07,-0.00496535720712292,trajectory,STRAIGHT,3.6463396549224854,13.87047576896869,1.423766661901027e-05
1601,80985.75,13.873007774353027,1.292615615966497e-05,-0.9496204257011414,-1.9662087526837677e-07,0.02914843149483204,-3.1802380817680387e-07,-0.0139042092487216,0.029999999998093798,-3.3818953685439287e-07,-0.0036235643655151205,trajectory,STRAIGHT,3.645873785018921,13.873007774278898,1.423766661901027e-05
1602,80985.875,13.874587059020996,1.2908916687592864e-05,-0.950689971446991,-1.96308868117693e-07,0.029213817790150642,-3.2067816846392816e-07,-0.02387712150812149,0.02999999999809343,-3.382222031793588e-07,-0.0027722540974706488,trajectory,STRAIGHT,3.645392894744873,13.874587058946961,1.423766661901027e-05
1603,80986.031,13.880026817321777,1.2847644029534422e-05,-0.9541770815849304,-1.9531689711553913e-07,0.029398195445537567,-3.40992755809566e-07,-0.001427698414772749,0.029999999998092754,-3.3828205542234754e-07,-0.004342347905515594,trajectory,STRAIGHT,3.6448981761932373,13.880026817248087,1.423766661901027e-05
1604,80986.14,13.882951736450195,1.2813023204216734e-05,-0.9540444612503052,-1.9507772175872607e-07,0.029478559270501137,-3.5925870633946033e-07,0.0027597127482295036,0.029999999998092993,-3.382605492715628e-07,-0.004530837639808039,trajectory,STRAIGHT,3.6530954837799072,13.88295173637671,1.423766661901027e-05
1605,80986.25,13.885523796081543,1.2780911674781237e-05,-0.9537762403488159,-1.9497470541165417e-07,0.029540548101067543,-3.7958801613058313e-07,0.003256285097450018,0.029999999998093753,-3.381934121222414e-07,-0.0045839744728201435,trajectory,STRAIGHT,3.6548011302948,13.885523796008258,1.423766661901027e-05
1606,80986.343,13.888007164001465,1.2748068002110813e-05,-0.9534991979598999,-1.9486701173437064e-07,0.0295934546738863,-4.029740807709459e-07,0.003313732799142599,0.02999999999809504,-3.3807890324257087e-07,-0.004620025090783696,trajectory,STRAIGHT,3.654470205307007,13.888007163928393,1.423766661901027e-05
1607,80986.437,13.890490531921387,1.271310611627996e-05,-0.9532210230827332,-1.9488847143611424e-07,0.029640313237905502,-4.3004479266528506e-07,0.003301736433058977,0.0,0.0,0.0,trajectory_no_feasible,STRAIGHT,3.654470205307007,13.89049053184855,1.423766661901027e-05
1608,80986.531,13.893062591552734,1.267444258701289e-05,-0.952934741973877,-1.9513455479097676e-07,0.029418043792247772,-4.557170143471012e-07,0.0032714344561100006,0.029999999998099915,-3.3764621430473597e-07,-0.004669246028053596,trajectory,STRAIGHT,3.6538889408111572,13.893062591480174,1.423766661901027e-05
1609,80986.656,13.895914077758789,1.262891419173684e-05,-0.952612042427063,-1.9583648936742898e-07,0.02828175202012062,-4.61511632465772e-07,0.0032483225222676992,0.029999999998104092,-3.3727521463427523e-07,-0.004696103899531849,trajectory,STRAIGHT,3.6532716751098633,13.895914077686562,1.423766661901027e-05
1610,80986.765,13.898432731628418,1.2587386663653888e-05,-0.9523205757141113,-1.9604317618204285e-07,0.027760911732912064,-4.6138615061863675e-07,0.0032304334454238415,0.02999999999810805,-3.369226448167234e-07,-0.0047092461090319235,trajectory,STRAIGHT,3.6480090618133545,13.8984327315565,1.423766661901027e-05
1611,80986.875,13.901253700256348,1.2540322131826542e-05,-0.9519921541213989,-1.9587473293785108e-07,0.02757246419787407,-4.613252713170368e-07,0.003207918256521225,0.02999999999811254,-3.3652278499241465e-07,-0.0047508366857140875,trajectory,STRAIGHT,3.64707088470459,13.901253700184785,1.423766661901027e-05
1612,80986.984,13.903908729553223,1.2496026101871394e-05,-0.9516851305961609,-1.9550880550939594e-07,0.027608079835772514,-4.613122541741177e-07,0.003188474103808403,0.02999999999811671,-3.3615076418916837e-07,-0.004764632329758963,trajectory,STRAIGHT,3.6495699882507324,13.903908729481993,1.423766661901027e-05
1613,80987.093,13.906397819519043,1.2454498573788442e-05,-0.951399028301239,-1.9516362536393112e-07,0.02773882821202278,-4.6132117859087884e-07,0.0031721643172204494,0.029999999998120634,-3.3580036941849277e-07,-0.004805537820965175,trajectory,STRAIGHT,3.6507418155670166,13.906397819448124,1.423766661901027e-05
1614,80987.203,13.909489631652832,1.2403281289152801e-05,-0.9510480165481567,-1.9469519360194242e-07,0.0279587022960186,-4.6134644549056247e-07,0.00315444846637547,0.029999999998125405,-3.353740922120068e-07,-0.00482167114055169,trajectory,STRAIGHT,3.649552345275879,13.909489631582296,1.423766661901027e-05
1615,80987.328,13.912519454956055,1.2353448255453259e-05,-0.950708270072937,-1.9394476073399781e-07,0.028191030025482178,-4.613777093709359e-07,0.003139220178127289,0.029999999998129887,-3.3497253323462814e-07,-0.004865418650618567,trajectory,STRAIGHT,3.648407459259033,13.912519454885889,1.423766661901027e-05
1616,80987.437,13.91506576538086,1.2311920727370307e-05,-0.9504259824752808,-1.9317217287720873e-07,0.028380757197737694,-4.614049942119891e-07,0.0031278934329748154,0.02999999999813352,-3.3464724137797203e-07,-0.004893546636551521,trajectory,STRAIGHT,3.6475846767425537,13.915065765311,1.423766661901027e-05
1617,80987.546,13.917716026306152,1.2269008948351257e-05,-0.9501358866691589,-1.9224246970551552e-07,0.028565142303705215,-4.6143318854774407e-07,0.0031172416638582945,0.02999999999813717,-3.3431931812829945e-07,-0.0049071992853282915,trajectory,STRAIGHT,3.646935224533081,13.91771602623661,1.423766661901027e-05
1618,80987.671,13.920805931091309,1.2219175914651714e-05,-0.949799656867981,-1.911937789808067e-07,0.028759950771927834,-4.6146524823598156e-07,0.0031061640474945307,0.029999999998141406,-3.339392163378225e-07,-0.0049482604112702925,trajectory,STRAIGHT,3.6463747024536133,13.920805931022134,1.423766661901027e-05
1619,80987.765,13.923233985900879,1.218041688844096e-05,-0.9500769972801208,-1.904396226561832e-07,0.028899243101477623,-4.6148991827976715e-07,-0.01641671173274517,0.029999999998144653,-3.3364791841836825e-07,-0.003387328641451348,trajectory,STRAIGHT,3.6458587646484375,13.923233985831986,1.423766661901027e-05
1620,80987.875,13.924275398254395,1.2163805877207778e-05,-0.9507991075515747,-1.9008457848031297e-07,0.028954431414604187,-4.615001500951621e-07,-0.022884877398610115,0.029999999998146034,-3.335238554427196e-07,-0.0028337698746094594,trajectory,STRAIGHT,3.645357608795166,13.924275398185623,1.423766661901027e-05
1621,80987.968,13.928543090820312,1.2095977581338957e-05,-0.9517560601234436,-1.8862466835555041e-07,0.029148072004318237,-4.6153920152391947e-07,0.0016928714467212558,0.029999999998151627,-3.330196746466139e-07,-0.00470825192640279,trajectory,STRAIGHT,3.645357608795166,13.928543090752035,1.423766661901027e-05
1622,80988.093,13.931350708007812,1.2051675184920896e-05,-0.9515100121498108,-1.8736403735809185e-07,0.029257334768772125,-4.615646673755691e-07,0.003016318427398801,0.029999999998155138,-3.327035958505878e-07,-0.004826430083538634,trajectory,STRAIGHT,3.6476001739501953,13.931350707939856,1.423766661901027e-05
1623,80988.203,13.934333801269531,1.200457973027369e-05,-0.9511905908584595,-1.860896645250691e-07,0.029358765110373497,-4.6159172484294686e-07,0.0031847709324210882,0.02999999999815891,-3.3236308737684773e-07,-0.004824658435084352,trajectory,STRAIGHT,3.649700164794922,13.934333801201916,1.423766661901027e-05
1624,80988.312,13.936978340148926,1.1963024917349685e-05,-0.9509029984474182,-1.8492497114863223e-07,0.029437027871608734,-4.616155990788684e-07,0.0031892156694084406,0.029999999998162205,-3.3206601834833244e-07,-0.004853420813017258,trajectory,STRAIGHT,3.6494855880737305,13.93697834008161,1.423766661901027e-05
1625,80988.421,13.940082550048828,1.1914544302271679e-05,-0.9505691528320312,-1.8356624278798773e-07,0.029516564682126045,-4.6164436184881197e-07,0.0031738707330077887,0.02999999999816599,-3.317233593460876e-07,-0.004868885498874554,trajectory,STRAIGHT,3.648968458175659,13.940082549981863,1.423766661901027e-05
1626,80988.531,13.942743301391602,1.1872989489347674e-05,-0.9502842426300049,-1.8230538463460103e-07,0.029575835913419724,-4.616696287484956e-07,0.0031596834305673838,0.029999999998169227,-3.3143074661681405e-07,-0.0049092860718465935,trajectory,STRAIGHT,3.6484060287475586,13.942743301324935,1.423766661901027e-05
1627,80988.625,13.945226669311523,1.183420499728527e-05,-0.950019121170044,-1.8112871161112926e-07,0.02962462604045868,-4.6169398615347745e-07,0.0031473322305828333,0.029999999998172256,-3.3115613345636326e-07,-0.004921554048845876,trajectory,STRAIGHT,3.647834062576294,13.945226669245136,1.423766661901027e-05
1628,80988.734,13.946379661560059,1.1816197911684867e-05,-0.9498966932296753,-1.8071747788391438e-07,0.029645347967743874,-4.6170558221092506e-07,0.003141950350254774,0.029999999998173717,-3.310240855246987e-07,-0.004951399178415659,trajectory,STRAIGHT,3.64725661277771,13.9463796614938,1.423766661901027e-05
1629,80988.843,13.951257705688477,1.1740014087990858e-05,-0.9506735801696777,-1.7925367455854507e-07,0.029722267761826515,-4.6175819079508074e-07,-0.02248498797416687,0.029999999998180003,-3.3045362735933724e-07,-0.0028623997654618066,trajectory,STRAIGHT,3.646672487258911,13.951257705622766,1.423766661901027e-05
1630,80988.937,13.953767776489258,1.1701229595928453e-05,-0.951978862285614,-1.7868981626683757e-07,0.0297536738216877,-4.617855324795528e-07,-0.004752607084810734,0.029999999998183192,-3.3016413448189864e-07,-0.004186985989169098,trajectory,STRAIGHT,3.646082639694214,13.953767776423824,1.423766661901027e-05
1631,80989.015,13.954305648803711,1.1692918633343652e-05,-0.9520405530929565,-1.7863204914365231e-07,0.0297599658370018,-4.6179158630366146e-07,-0.0022634926717728376,0.0,0.0,0.0,trajectory_no_feasible,STRAIGHT,3.646082639694214,13.954305648738336,1.423766661901027e-05
1632,80989.171,13.959473609924316,1.1612986781983636e-05,-0.9517325758934021,-1.773570199125229e-07,0.028999678790569305,-4.490979392812733e-07,0.0030868046451359987,0.0299999999981905,-3.2949982520163485e-07,-0.004766423519628004,trajectory,STRAIGHT,3.650848865509033,13.959473609859511,1.423766661901027e-05
1633,80989.281,13.962340354919434,1.1568514310056344e-05,-0.9514099359512329,-1.763674901777969e-07,0.027274586260318756,-4.2335545913374517e-07,0.0032133290078490973,0.029999999998194134,-3.2916876750669887e-07,-0.004806202084321496,trajectory,STRAIGHT,3.6481828689575195,13.962340354854947,1.423766661901027e-05
1634,80989.39,13.964598655700684,1.1533724318724126e-05,-0.9511395692825317,-1.7608161530260295e-07,0.026535099372267723,-4.0588392380414007e-07,0.003219677833840251,0.02999999999819709,-3.2889881511147047e-07,-0.004834396847216589,trajectory,STRAIGHT,3.6481828689575195,13.964598655636443,1.423766661901027e-05
1635,80989.406,13.965469360351562,1.1520420230226591e-05,-0.951033353805542,-1.7608635527757534e-07,0.026382066309452057,-4.0066342421596346e-07,0.0032146465964615345,0.029999999998198242,-3.2879413325885965e-07,-0.004839305122075779,trajectory,STRAIGHT,3.6388814449310303,13.965469360287418,1.423766661901027e-05
1636,80989.5,13.967289924621582,1.1493166311993264e-05,-0.9508119821548462,-1.7611608771609027e-07,0.02623441442847252,-3.889549589075614e-07,0.0032011796720325947,0.029999999998200466,-3.2859046472245764e-07,-0.004865833710848291,trajectory,STRAIGHT,3.6388814449310303,13.967289924557628,1.423766661901027e-05
1637,80989.609,13.96958065032959,1.1459986126283184e-05,-0.9505341649055481,-1.7585793860429024e-07,0.026272257789969444,-3.7450459444698936e-07,0.0031838410068303347,0.029999999998202836,-3.283744246396988e-07,-0.004878337480097015,trajectory,STRAIGHT,3.6439123153686523,13.969580650265863,1.423766661901027e-05
1638,80989.718,13.972192764282227,1.1423472642491106e-05,-0.9502198100090027,-1.7504950974889032e-07,0.02648705616593361,-3.6357246813167876e-07,0.00316611654125154,0.029999999998204956,-3.281808620820537e-07,-0.004914558823804745,trajectory,STRAIGHT,3.647277355194092,13.972192764218743,1.423766661901027e-05
1639,80989.828,13.97482967376709,1.1387892300263047e-05,-0.9499070644378662,-1.744584172874303e-07,0.02678811177611351,-3.5520523056220554e-07,0.0031506323721259832,0.029999999998206767,-3.280150357510468e-07,-0.004928957368831525,trajectory,STRAIGHT,3.6478610038757324,13.974829673703839,1.423766661901027e-05
1640,80989.921,13.977173805236816,1.1357414223311935e-05,-0.9502310156822205,-1.7395942485123567e-07,0.027084188535809517,-3.4528176229287055e-07,-0.017117144539952278,0.02999999999820803,-3.2789981396537804e-07,-0.0033188763631411644,trajectory,STRAIGHT,3.6460251808166504,13.977173805173761,1.423766661901027e-05
1641,80989.953,13.978067398071289,1.1346077371854335e-05,-0.9508993625640869,-1.7377081072051262e-07,0.027196038514375687,-3.420111056584574e-07,-0.021651040762662888,0.029999999998208418,-3.2786394993217093e-07,-0.002922747321230993,trajectory,STRAIGHT,3.6448705196380615,13.978067398008303,1.423766661901027e-05
1642,80990.156,13.982518196105957,1.1291567716398276e-05,-0.9516403675079346,-1.728084441989862e-07,0.02770598605275154,-3.325434647649672e-07,0.0022826355416327715,0.029999999998209747,-3.277426159064601e-07,-0.004756815051051177,trajectory,STRAIGHT,3.6446473598480225,13.982518196043303,1.423766661901027e-05
1643,80990.265,13.98519229888916,1.1259709935984574e-05,-0.9513688087463379,-1.7202624499753402e-07,0.027982302010059357,-3.31673902564944e-07,0.003111158264800906,0.029999999998210194,-3.277015842001769e-07,-0.004804134056445129,trajectory,STRAIGHT,3.6479389667510986,13.985192298826695,1.423766661901027e-05
1644,80990.359,13.987975120544434,1.122676349041285e-05,-0.9510542750358582,-1.7139951016245296e-07,0.028239205479621887,-3.345515153796441e-07,0.003207670757547021,0.029999999998210656,-3.276590273275084e-07,-0.004827581741388805,trajectory,STRAIGHT,3.648249864578247,13.987975120482162,1.423766661901027e-05
1645,80990.453,13.988569259643555,1.1219726729905233e-05,-0.9509868621826172,-1.7131758373831923e-07,0.028289979323744774,-3.356548461397324e-07,0.0032093103509396315,0.029999999998210777,-3.276482635313992e-07,-0.004831083551522262,trajectory,STRAIGHT,3.6478846073150635,13.988569259581325,1.423766661901027e-05
1646,80990.593,13.993611335754395,1.1159067071275786e-05,-0.950420618057251,-1.702710273198215e-07,0.02866840362548828,-3.518097173582646e-07,0.0031850584782660007,0.029999999998211974,-3.2753871230532453e-07,-0.00488319347799386,trajectory,STRAIGHT,3.647444486618042,13.993611335692528,1.423766661901027e-05
1647,80990.687,13.996197700500488,1.1126846402476076e-05,-0.9501345157623291,-1.7011087810569866e-07,0.028829405084252357,-3.647249116056628e-07,0.0031696807127445936,0.029999999998213074,-3.2743764534071303e-07,-0.004924095005908119,trajectory,STRAIGHT,3.646989583969116,13.99619770043882,1.423766661901027e-05
1648,80990.781,13.996718406677246,1.1120255294372328e-05,-0.9500775337219238,-1.7010846546353377e-07,0.028859294950962067,-3.676882727177144e-07,0.0031667451839894056,0.029999999998213345,-3.274132210031238e-07,-0.004926709265627967,trajectory,STRAIGHT,3.646989583969116,13.996718406615619,1.423766661901027e-05
1649,80990.906,14.001670837402344,1.1054596143367235e-05,-0.9495384097099304,-1.7000572084494026e-07,0.029108785092830658,-4.021640052087605e-07,0.0031414839904755354,0.02999999999821684,-3.270927530189342e-07,-0.004966710896366245,trajectory,STRAIGHT,3.646042585372925,14.00167083734114,1.423766661901027e-05
1650,80991.046,14.004829406738281,1.1009677109541371e-05,-0.9503424167633057,-1.700309587617491e-07,0.029240908101201057,-4.3048976294812746e-07,-0.02165718376636505,0.029999999998220114,-3.2679223156837517e-07,-0.002966292403767095,trajectory,STRAIGHT,3.64554762840271,14.00482940667738,1.423766661901027e-05
1651,80991.156,14.00790023803711,1.09629072539974e-05,-0.9521260261535645,-1.7043499016497665e-07,0.02934684045612812,-4.6032189970901527e-07,-0.0044771162793040276,0.029999999998224457,-3.2639314575006904e-07,-0.004216209885984064,trajectory,STRAIGHT,3.645040512084961,14.007900237976537,1.423766661901027e-05
1652,80991.265,14.010807037353516,1.0915919119725004e-05,-0.9521270990371704,-1.7081831910167122e-07,0.02943389117717743,-4.889733418167452e-07,0.0022920884657651186,0.029999999998229485,-3.259307509984198e-07,-0.004757692621409298,trajectory,STRAIGHT,3.648224353790283,14.010807037293286,1.423766661901027e-05
1653,80991.39,14.01408863067627,1.085988333215937e-05,-0.9518054127693176,-1.7105985179384752e-07,0.02951831929385662,-5.200136001803912e-07,0.0031788437627255917,0.029999999998236108,-3.2532032223522397e-07,-0.004766344196344385,trajectory,STRAIGHT,3.6507678031921387,14.014088630616458,1.423766661901027e-05
1654,80991.484,14.01639461517334,1.0818560440384317e-05,-0.9515541791915894,-1.7109302060649354e-07,0.02957005798816681,-5.390830324358831e-07,0.0032409080304205418,0.029999999998241385,-3.2483369614457825e-07,-0.004797997660039287,trajectory,STRAIGHT,3.6505837440490723,14.016394615113844,1.423766661901027e-05
1655,80991.515,14.0176362991333,1.0795720299938694e-05,-0.9514181613922119,-1.7102541387658175e-07,0.02959558367729187,-5.483660743266228e-07,0.0032421795185655355,0.029999999998244396,-3.2455528837442784e-07,-0.004804900269059758,trajectory,STRAIGHT,3.6505837440490723,14.017636299073981,1.423766661901027e-05
1656,80991.718,14.022425651550293,1.0704708074626978e-05,-0.9508950114250183,-1.7072105875686352e-07,0.0296806450933218,-5.695664526683686e-07,0.0032129157334566116,0.029999999998257018,-3.233866220894283e-07,-0.004845722557166585,trajectory,STRAIGHT,3.6494407653808594,14.022425651491684,1.423766661901027e-05
1657,80991.828,14.025086402893066,1.0653542631189339e-05,-0.9506067037582397,-1.6976667930817765e-07,0.029719924554228783,-5.654750339090242e-07,0.0031948245596140623,0.029999999998264013,-3.227373631168884e-07,-0.004881664437418888,trajectory,STRAIGHT,3.6494407653808594,14.025086402834857,1.423766661901027e-05
1658,80991.937,14.026518821716309,1.0626552466419525e-05,-0.9504534602165222,-1.6926514134361253e-07,0.029738860204815865,-5.585405915553565e-07,0.0031857637222856283,0.029999999998267603,-3.2240302955841315e-07,-0.004888601747518491,trajectory,STRAIGHT,3.648836135864258,14.026518821658309,1.423766661901027e-05
1659,80992.046,14.030821800231934,1.0548375939833932e-05,-0.9499966502189636,-1.6855905276316472e-07,0.029788339510560036,-5.262138529360527e-07,0.0031613819301128387,0.02999999999827774,-3.214582885497932e-07,-0.004928882138385156,trajectory,STRAIGHT,3.6482276916503906,14.03082180017453,1.423766661901027e-05
1660,80992.156,14.033690452575684,1.0498988558538258e-05,-0.950231671333313,-1.6849302456102487e-07,0.029816554859280586,-5.022391746933863e-07,-0.016368091106414795,0.029999999998283757,-3.2089630596648504e-07,-0.0033748337539132407,trajectory,STRAIGHT,3.6476175785064697,14.033690452518648,1.423766661901027e-05
1661,80992.25,14.036469459533691,1.0453381946717855e-05,-0.9517932534217834,-1.682670140909852e-07,0.02983963117003441,-4.786087970387598e-07,-0.006600013934075832,0.029999999998288816,-3.204232073672034e-07,-0.004067880023777444,trajectory,STRAIGHT,3.6470046043395996,14.036469459476987,1.423766661901027e-05
1662,80992.343,14.037455558776855,1.0437729542900342e-05,-0.9519215226173401,-1.6813241286834572e-07,0.02984705939888954,-4.699915336914273e-07,-0.0017280690371990204,0.029999999998290422,-3.2027283674846734e-07,-0.004451222155749756,trajectory,STRAIGHT,3.6470046043395996,14.037455558720263,1.423766661901027e-05
1663,80992.468,14.041937828063965,1.037029596773209e-05,-0.9516620635986328,-1.6793908571843638e-07,0.02987702563405037,-4.285727754904656e-07,0.0030389828607439995,0.029999999998296646,-3.196890613461919e-07,-0.004771350537595417,trajectory,STRAIGHT,3.650048017501831,14.041937828007839,1.423766661901027e-05
1664,80992.562,14.04462718963623,1.0332790225220378e-05,-0.9513782262802124,-1.67952169625992e-07,0.029892146587371826,-4.05940113523684e-07,0.003210767637938261,0.02999999999829946,-3.194250405069547e-07,-0.004810679159879346,trajectory,STRAIGHT,3.6506969928741455,14.044627189580353,1.423766661901027e-05
1665,80992.656,14.04543399810791,1.0321903573640157e-05,-0.9512913227081299,-1.6789437929393807e-07,0.029896309599280357,-4.003850619938021e-07,0.0032196594402194023,0.029999999998300164,-3.1935886947119357e-07,-0.0048157356826659635,trajectory,STRAIGHT,3.650207042694092,14.045433998052104,1.423766661901027e-05
1666,80992.781,14.050095558166504,1.0261319403070956e-05,-0.9507896304130554,-1.6795530803223617e-07,0.029917428269982338,-3.7946480802020233e-07,0.0032048902940005064,0.029999999998303602,-3.1903560393465646e-07,-0.004855919610988817,trajectory,STRAIGHT,3.6495792865753174,14.05009555811108,1.423766661901027e-05
1667,80992.89,14.053053855895996,1.0223984645563178e-05,-0.9504732489585876,-1.6848848119517936e-07,0.0299285426735878,-3.7607122749250266e-07,0.0031862647738307714,0.029999999998305583,-3.1884923519823705e-07,-0.004892280133193408,trajectory,STRAIGHT,3.6489367485046387,14.053053855840803,1.423766661901027e-05
1668,80993.0,14.055922508239746,1.0187856787524652e-05,-0.9501680731773376,-1.687888845706824e-07,0.02993788570165634,-3.765385940823762e-07,0.0031695778016000986,0.029999999998307422,-3.186763932310166e-07,-0.004920097650438091,trajectory,STRAIGHT,3.6489367485046387,14.055922508184775,1.423766661901027e-05
1669,80993.125,14.05897045135498,1.0149424269911833e-05,-0.9498457908630371,-1.6885281951050373e-07,0.029946478083729744,-3.7704126043536235e-07,0.0031536368187516928,0.029999999998309317,-3.184978237245944e-07,-0.004934936487525245,trajectory,STRAIGHT,3.6482951641082764,14.058970451300247,1.423766661901027e-05
1670,80993.218,14.061570167541504,1.011660151561955e-05,-0.9500522613525391,-1.6895964273151245e-07,0.029952997341752052,-3.774818821966619e-07,-0.015586682595312595,0.029999999998310975,-3.1834169379713517e-07,-0.0034529418244140216,trajectory,STRAIGHT,3.647655963897705,14.061570167486973,1.423766661901027e-05
1671,80993.328,14.06425952911377,1.0082608241646085e-05,-0.9515615701675415,-1.687733244302878e-07,0.02995874546468258,-3.7792594298480253e-07,-0.007113989442586899,0.02999999999831262,-3.1818694990058985e-07,-0.004055291835881956,trajectory,STRAIGHT,3.6470179557800293,14.064259529059449,1.423766661901027e-05
1672,80993.421,14.06676959991455,1.0050843229691964e-05,-0.9517015218734741,-1.6839133682993465e-07,0.02996346354484558,-3.7834220734112023e-07,0.0014296453446149826,0.029999999998314104,-3.180467110877896e-07,-0.004656437700467363,trajectory,STRAIGHT,3.6463871002197266,14.066769599860427,1.423766661901027e-05
1673,80993.453,14.0679349899292,1.0036084859166294e-05,-0.9516233205795288,-1.682270025619312e-07,0.02996547892689705,-3.7853769185858255e-07,0.002443453297019005,0.029999999998314805,-3.1798059949721543e-07,-0.004741452401356951,trajectory,STRAIGHT,3.649324893951416,14.067934989875168,1.423766661901027e-05
1674,80993.531,14.069727897644043,1.0013362953031901e-05,-0.95145583152771,-1.6781389312827584e-07,0.029968375340104103,-3.7883981462982774e-07,0.0030186870135366917,0.02999999999831584,-3.1788281120110343e-07,-0.00479313382205774,trajectory,STRAIGHT,3.649324893951416,14.069727897590152,1.423766661901027e-05
1675,80993.656,14.07286548614502,9.973556188924704e-06,-0.9511252045631409,-1.6710335056344556e-07,0.02997286431491375,-3.7937155639156117e-07,0.003207800444215536,0.029999999998317685,-3.1770887906576434e-07,-0.004824794244740502,trajectory,STRAIGHT,3.650404453277588,14.072865486091375,1.423766661901027e-05
1676,80993.75,14.075465202331543,9.940529707819223e-06,-0.9508452415466309,-1.6643518472110858e-07,0.02997608855366707,-3.798147645284189e-07,0.003211505478248,0.02999999999831921,-3.1756472375413723e-07,-0.004860963239428957,trajectory,STRAIGHT,3.649956703186035,14.075465202278103,1.423766661901027e-05
1677,80993.843,14.076361656188965,9.929133739206009e-06,-0.950748860836029,-1.6615230347088447e-07,0.02997710555791855,-3.7996812807250535e-07,0.0032072770409286022,0.029999999998319725,-3.1751613060715776e-07,-0.004865443999973495,trajectory,STRAIGHT,3.649324655532837,14.076361656135596,1.423766661901027e-05
1678,80993.984,14.081561088562012,9.862939805316273e-06,-0.9501936435699463,-1.6531862386983016e-07,0.02998228557407856,-3.808630424373405e-07,0.003176401136443019,0.02999999999832302,-3.1720470333527784e-07,-0.0049072616811139105,trajectory,STRAIGHT,3.648672580718994,14.081561088509053,1.423766661901027e-05
1679,80994.093,14.084429740905762,9.82635174295865e-06,-0.9498894810676575,-1.6525026974649887e-07,0.0299846064299345,-3.813607349911763e-07,0.003160732565447688,0.029999999998325,-3.170172932337986e-07,-0.004945598325960152,trajectory,STRAIGHT,3.6480228900909424,14.08442974085303,1.423766661901027e-05
1680,80994.203,14.087388038635254,9.7885704235523e-06,-0.9507197737693787,-1.652363147763848e-07,0.02998674102127552,-3.8189008932931756e-07,-0.021638860926032066,0.029999999998327094,-3.168194433240307e-07,-0.0029201162115557117,trajectory,STRAIGHT,3.647373914718628,14.087388038582759,1.423766661901027e-05
1681,80994.296,14.089898109436035,9.75647253653733e-06,-0.9521239399909973,-1.6523460953830621e-07,0.029988227412104607,-3.823219003606937e-07,-0.005786828696727753,0.02999999999832889,-3.166489039871737e-07,-0.004094965813036305,trajectory,STRAIGHT,3.646730661392212,14.08989810938374,1.423766661901027e-05
1682,80994.328,14.090704917907715,9.746148862177506e-06,-0.9522228837013245,-1.6517449764332787e-07,0.029988663271069527,-3.8246179201451014e-07,-0.0019098289776593447,0.0,0.0,0.0,trajectory_no_feasible,STRAIGHT,3.648831605911255,14.090704917855483,1.423766661901027e-05
1683,80994.421,14.092766761779785,9.719773515826091e-06,-0.9521868228912354,-1.6508794394198474e-07,0.029815182089805603,-3.8041130778765364e-07,0.002038545673713088,0.029999999998330917,-3.164566676616904e-07,-0.004651843521850343,trajectory,STRAIGHT,3.648831605911255,14.092766761727718,1.423766661901027e-05
1684,80994.515,14.095657348632812,9.682895324658602e-06,-0.9519151449203491,-1.660048600914595e-07,0.028563708066940308,-3.6367435995998676e-07,0.00311275664716959,0.02999999999833328,-3.162331236191977e-07,-0.004752947885310757,trajectory,STRAIGHT,3.6514391899108887,14.095657348580975,1.423766661901027e-05
1685,80994.609,14.09642505645752,9.67313735600328e-06,-0.9518300890922546,-1.6628635277228993e-07,0.02831387333571911,-3.59206978828297e-07,0.00317959301173687,0.029999999998333905,-3.161736137670459e-07,-0.0047625475858808644,trajectory,STRAIGHT,3.6514391899108887,14.096425056405742,1.423766661901027e-05
1686,80994.734,14.100773811340332,9.618438525649253e-06,-0.9513263702392578,-1.6712909767580573e-07,0.02764003351330757,-3.4379974067633157e-07,0.003234336618334055,0.029999999998337034,-3.158766431514743e-07,-0.004807778750004055,trajectory,STRAIGHT,3.6429576873779297,14.10077381128889,1.423766661901027e-05
1687,80994.859,14.103594779968262,9.583647624822333e-06,-0.9509974122047424,-1.674956331328606e-07,0.02761533111333847,-3.3907878105310374e-07,0.003214015159755945,0.029999999998338772,-3.1571113555350263e-07,-0.004844721421112413,trajectory,STRAIGHT,3.6459927558898926,14.103594779917032,1.423766661901027e-05
1688,80994.968,14.106664657592773,9.546077308186796e-06,-0.9506418108940125,-1.673980223342618e-07,0.027753246948122978,-3.3860035841826175e-07,0.003191533964127302,0.029999999998340417,-3.1555456138328285e-07,-0.004860702990998621,trajectory,STRAIGHT,3.6483523845672607,14.106664657541769,1.423766661901027e-05
1689,80995.093,14.109170913696289,9.515482815913856e-06,-0.9503554105758667,-1.672683691925605e-07,0.027923138812184334,-3.4176579788436356e-07,0.0031750898342579603,0.02999999999834173,-3.154300448051628e-07,-0.004903769455276381,trajectory,STRAIGHT,3.649277687072754,14.10917091364547,1.423766661901027e-05
1690,80995.203,14.112110137939453,9.479230357101187e-06,-0.9500229954719543,-1.6673060461991515e-07,0.028143880888819695,-3.494734528430854e-07,0.0031580321956425905,0.029999999998343286,-3.1528207523544325e-07,-0.0049190255993827705,trajectory,STRAIGHT,3.647731304168701,14.112110137888852,1.423766661901027e-05
1691,80995.312,14.114826202392578,9.445190698897932e-06,-0.9497204422950745,-1.662030710472338e-07,0.028345968574285507,-3.603003051466658e-07,0.003144135233014822,0.029999999998344917,-3.151269994636457e-07,-0.004960216378315927,trajectory,STRAIGHT,3.6466667652130127,14.114826202342186,1.423766661901027e-05
1692,80995.421,14.11729907989502,9.413295629201457e-06,-0.949927806854248,-1.6569986771764552e-07,0.02852395363152027,-3.735266318471986e-07,-0.015595289878547192,0.029999999998346724,-3.149548842163869e-07,-0.0034506941414322867,trajectory,STRAIGHT,3.6458852291107178,14.117299079844827,1.423766661901027e-05
1693,80995.515,14.12004566192627,9.37660297495313e-06,-0.9521363973617554,-1.6515377938886183e-07,0.028703613206744194,-3.9143728258750343e-07,-0.02686901018023491,0.0299999999983492,-3.1471889359671307e-07,-0.002442547138206613,trajectory,STRAIGHT,3.645254611968994,14.120045661876311,1.423766661901027e-05
1694,80995.609,14.120903968811035,9.364766810904257e-06,-0.9529486298561096,-1.6484931099754928e-07,0.02875531278550625,-3.976760183377337e-07,-0.025324681773781776,0.029999999998350065,-3.1463622089849837e-07,-0.0025254817860051507,trajectory,STRAIGHT,3.6449499130249023,14.120903968761155,1.423766661901027e-05
1695,80995.75,14.125587463378906,9.297383257944603e-06,-0.953812837600708,-1.635863264988476e-07,0.029002340510487556,-4.3384514469835267e-07,0.0023067002184689045,0.02999999999835596,-3.1407399617430614e-07,-0.004560124479222984,trajectory,STRAIGHT,3.649099111557007,14.125587463329477,1.423766661901027e-05
1696,80995.859,14.128375053405762,9.255118129658513e-06,-0.9535336494445801,-1.6311745149864503e-07,0.029129043221473694,-4.446652894785075e-07,0.003214237280189991,0.029999999998360356,-3.136535131813702e-07,-0.004608735730500695,trajectory,STRAIGHT,3.653402328491211,14.128375053356626,1.423766661901027e-05
1697,80995.953,14.131007194519043,9.215051250066608e-06,-0.9532383680343628,-1.6286565390255377e-07,0.029234128072857857,-4.439023086888483e-07,0.0033104552421718836,0.029999999998364647,-3.132427142374271e-07,-0.004631197237970111,trajectory,STRAIGHT,3.6536922454833984,14.131007194470182,1.423766661901027e-05
1698,80996.046,14.131621360778809,9.20574620977277e-06,-0.9531686902046204,-1.6284817206627082e-07,0.029256846755743027,-4.422039978635439e-07,0.0033116985578089952,0.029999999998365647,-3.1314677466044495e-07,-0.004660008052373773,trajectory,STRAIGHT,3.6532273292541504,14.131621360730014,1.423766661901027e-05
1699,80996.187,14.136805534362793,9.129148565989453e-06,-0.9525853395462036,-1.6343855361956697e-07,0.029424216598272324,-4.25842785034547e-07,0.003272172762081027,0.02999999999837368,-3.1237697882697425e-07,-0.004686013521636372,trajectory,STRAIGHT,3.6526660919189453,14.136805534314519,1.423766661901027e-05
1700,80996.296,14.139554977416992,9.089796549233142e-06,-0.9522820711135864,-1.63365851098119e-07,0.029496818780899048,-4.1906648107215005e-07,0.003247769083827734,0.029999999998377384,-3.1202095359089275e-07,-0.0047279019706696086,trajectory,STRAIGHT,3.652087688446045,14.139554977368979,1.423766661901027e-05
1701,80996.406,14.142481803894043,9.048989340953995e-06,-0.9519618153572083,-1.636087867261045e-07,0.029564205557107925,-4.051657640502526e-07,0.0032242080196738243,0.029999999998381054,-3.1166773612218337e-07,-0.004742029873356205,trajectory,STRAIGHT,3.6515049934387207,14.142481803846298,1.423766661901027e-05
1702,80996.5,14.145231246948242,9.011888323584571e-06,-0.9516628980636597,-1.6387399743575156e-07,0.02961934357881546,-3.928664682462113e-07,0.003204219276085496,0.029999999998384083,-3.1137593363014766e-07,-0.004782758298085828,trajectory,STRAIGHT,3.6509153842926025,14.145231246900735,1.423766661901027e-05
1703,80996.593,14.1461181640625,9.000158570415806e-06,-0.9515669345855713,-1.6393564656697819e-07,0.029635604470968246,-3.8914012634450046e-07,0.003198180813342333,0.029999999998384968,-3.1129050389025333e-07,-0.004787073394970794,trajectory,STRAIGHT,3.6509153842926025,14.146118164015068,1.423766661901027e-05
1704,80996.734,14.150907516479492,8.93862761586206e-06,-0.9510509967803955,-1.6449738505338945e-07,0.0297122523188591,-3.7105135675119527e-07,0.0031688991002738476,0.02999999999838919,-3.108832415646126e-07,-0.004827868680642503,trajectory,STRAIGHT,3.6503231525421143,14.150907516432442,1.423766661901027e-05
1705,80996.843,14.153858184814453,8.902366971597075e-06,-0.950738251209259,-1.6478267102047472e-07,0.029750950634479523,-3.6168651718071487e-07,0.0031534661538898945,0.029999999998391192,-3.1069038211361686e-07,-0.0048649283969015005,trajectory,STRAIGHT,3.6497251987457275,14.153858184767621,1.423766661901027e-05
1706,80996.968,14.15699577331543,8.86484940565424e-06,-0.9504080414772034,-1.6442087389445785e-07,0.029786331579089165,-3.531546894919302e-07,0.0031387796625494957,0.02999999999839274,-3.10540859842755e-07,-0.004880263964197052,trajectory,STRAIGHT,3.649123191833496,14.15699577326882,1.423766661901027e-05
1707,80997.062,14.159416198730469,8.836474989948329e-06,-0.9501538872718811,-1.6384112774676312e-07,0.02981014922261238,-3.475582559531176e-07,0.003128526033833623,0.029999999998393638,-3.1045397657071926e-07,-0.004920386348457097,trajectory,STRAIGHT,3.648519992828369,14.159416198684022,1.423766661901027e-05
1708,80997.156,14.162015914916992,8.806463483779225e-06,-0.9498825073242188,-1.6303951082865575e-07,0.029832778498530388,-3.425030854486977e-07,0.0031184866093099117,0.029999999998394384,-3.1038199134035173e-07,-0.0049443132086334305,trajectory,STRAIGHT,3.647913694381714,14.162015914870718,1.423766661901027e-05
1709,80997.265,14.164884567260742,8.773808076512069e-06,-0.9503726363182068,-1.619411882768387e-07,0.029855133965611458,-3.3797311971284216e-07,-0.019113298505544662,0.02999999999839497,-3.103248300240514e-07,-0.0031412639497456632,trajectory,STRAIGHT,3.6473045349121094,14.164884567214653,1.423766661901027e-05
1710,80997.39,14.167932510375977,8.739518307265826e-06,-0.9520363211631775,-1.6083458460138211e-07,0.02987492084503174,-3.3463089721408323e-07,-0.004699930548667908,0.029999999998395477,-3.102762643073188e-07,-0.004201542921840115,trajectory,STRAIGHT,3.6466944217681885,14.167932510330079,1.423766661901027e-05
1711,80997.5,14.171070098876953,8.704501851752866e-06,-0.9520355463027954,-1.5970511965131732e-07,0.02989254519343376,-3.325839088574867e-07,0.002347687492147088,0.029999999998395897,-3.1023555154513395e-07,-0.004765391108124418,trajectory,STRAIGHT,3.647277355194092,14.171070098831251,1.423766661901027e-05
1712,80997.625,14.174028396606445,8.671617251820862e-06,-0.9517519474029541,-1.5851347219525367e-07,0.029906990006566048,-3.3196064919138735e-07,0.0031275616493076086,0.029999999998396212,-3.1020520279891685e-07,-0.004768935374420169,trajectory,STRAIGHT,3.650853157043457,14.174028396560924,1.423766661901027e-05
1713,80997.718,14.176807403564453,8.640727173769847e-06,-0.9514560699462891,-1.5708595600810696e-07,0.02991878241300583,-3.32542526848556e-07,0.0032087797299027443,0.029999999998396414,-3.101855585496896e-07,-0.004790226693701032,trajectory,STRAIGHT,3.6510214805603027,14.176807403519105,1.423766661901027e-05
1714,80997.828,14.178152084350586,8.625747796031646e-06,-0.9513112306594849,-1.56309642549632e-07,0.0299239382147789,-3.332303322167718e-07,0.003209606045857072,0.0299999999983965,-3.101772802425528e-07,-0.0048229820909192565,trajectory,STRAIGHT,3.650472640991211,14.17815208430532,1.423766661901027e-05
1715,80997.937,14.182723999023438,8.57447139424039e-06,-0.9508219361305237,-1.532231231243902e-07,0.029939154163002968,-3.3755077311070636e-07,0.00318569946102798,0.029999999998396795,-3.1014904887779787e-07,-0.004845534290580988,trajectory,STRAIGHT,3.649837017059326,14.182723998978458,1.423766661901027e-05
1716,80998.031,14.183351516723633,8.567373697587755e-06,-0.9507551789283752,-1.527666271168611e-07,0.02994098700582981,-3.3838281865428144e-07,0.003181978827342391,0.029999999998396844,-3.1014385879667564e-07,-0.004876422074397396,trajectory,STRAIGHT,3.649193048477173,14.183351516678693,1.423766661901027e-05
1717,80998.171,14.188640594482422,8.506717676937114e-06,-0.9501944780349731,-1.497055341757351e-07,0.029954420402646065,-3.476886547559843e-07,0.0031533290166407824,0.02999999999839787,-3.1004457307975197e-07,-0.004902165134211373,trajectory,STRAIGHT,3.6485512256622314,14.188640594437828,1.423766661901027e-05
1718,80998.281,14.19186782836914,8.468765372526832e-06,-0.949854850769043,-1.480293629551195e-07,0.029961057007312775,-3.553805640876817e-07,0.003138279542326927,0.02999999999839893,-3.099420506178776e-07,-0.004945496954051857,trajectory,STRAIGHT,3.647911310195923,14.191867828324767,1.423766661901027e-05
1719,80998.39,14.194377899169922,8.438616532657761e-06,-0.9503806829452515,-1.4669648393272437e-07,0.029965663328766823,-3.6261016589378414e-07,-0.01909402571618557,0.029999999998399998,-3.0983886591708203e-07,-0.003155535435224281,trajectory,STRAIGHT,3.64727520942688,14.194377899125726,1.423766661901027e-05
1720,80998.484,14.196798324584961,8.40893972053891e-06,-0.9518473744392395,-1.4557209288941526e-07,0.02996944822371006,-3.701605066908087e-07,-0.008143872953951359,0.029999999998401312,-3.097111058775071e-07,-0.003958213081503616,trajectory,STRAIGHT,3.646639823913574,14.196798324540943,1.423766661901027e-05
1721,80998.609,14.199846267700195,8.37064999359427e-06,-0.9519997835159302,-1.4439971218448357e-07,0.02997361682355404,-3.809219606409897e-07,0.001877920818515122,0.029999999998403422,-3.095070743756268e-07,-0.004664835747405528,trajectory,STRAIGHT,3.646639823913574,14.199846267656412,1.423766661901027e-05
1722,80998.718,14.202714920043945,8.333541700267233e-06,-0.9517441391944885,-1.4290694777798353e-07,0.02997705712914467,-3.9238014437614765e-07,0.0030677441973239183,0.029999999998405715,-3.092847588337819e-07,-0.004766110888228176,trajectory,STRAIGHT,3.648749828338623,14.202714920000393,1.423766661901027e-05
1723,80998.828,14.205583572387695,8.295274710690137e-06,-0.951440155506134,-1.4151046240585473e-07,0.029980069026350975,-4.050566531077493e-07,0.003212807234376669,0.029999999998408508,-3.090138694194965e-07,-0.004792915115610121,trajectory,STRAIGHT,3.651047945022583,14.205583572344386,1.423766661901027e-05
1724,80998.937,14.208362579345703,8.256987712229602e-06,-0.951140820980072,-1.402449301643764e-07,0.029982639476656914,-4.184888950931054e-07,0.0032146982848644257,0.029999999998411735,-3.0870058809038574e-07,-0.00483260882630732,trajectory,STRAIGHT,3.6507668495178223,14.208362579302642,1.423766661901027e-05
1725,80999.046,14.211231231689453,8.216098649427295e-06,-0.9508329629898071,-1.3871695144383956e-07,0.029984915629029274,-4.335418282153114e-07,0.0031981286592781544,0.02999999999841555,-3.0832926108687856e-07,-0.004859821236951948,trajectory,STRAIGHT,3.650151491165161,14.211231231646662,1.423766661901027e-05
1726,80999.156,14.213920593261719,8.17640648165252e-06,-0.9505458474159241,-1.3743915807523504e-07,0.029986785724759102,-4.483107716168888e-07,0.003181565087288618,0.029999999998419735,-3.079218837261776e-07,-0.004872851929886938,trajectory,STRAIGHT,3.6494998931884766,14.213920593219195,1.423766661901027e-05
1727,80999.25,14.216789245605469,8.132748007483315e-06,-0.9502410888671875,-1.3611303595864917e-07,0.029988495633006096,-4.604025889420882e-07,0.0031653514597564936,0.02999999999842476,-3.0743230101631267e-07,-0.004912920644525049,trajectory,STRAIGHT,3.648845672607422,14.216789245563245,1.423766661901027e-05
1728,80999.375,14.219568252563477,8.08956247055903e-06,-0.9499472975730896,-1.3484281720354737e-07,0.029989995062351227,-4.6753379479014257e-07,0.003151149023324251,0.029999999998430005,-3.0691960754659095e-07,-0.004926474014315364,trajectory,STRAIGHT,3.6481971740722656,14.219568252521551,1.423766661901027e-05
1729,80999.484,14.222526550292969,8.043102752708364e-06,-0.9502954483032227,-1.3394242164815635e-07,0.029991429299116135,-4.7020617444104573e-07,-0.017814401537179947,0.02999999999843596,-3.0633712618691225e-07,-0.0032581073603264597,trajectory,STRAIGHT,3.6475491523742676,14.222526550251365,1.423766661901027e-05
1730,80999.578,14.225574493408203,7.995225132617634e-06,-0.9520361423492432,-1.3337127631940538e-07,0.02999260276556015,-4.676368234868278e-07,-0.0057212188839912415,0.02999999999844225,-3.057210388911584e-07,-0.004138527270280531,trajectory,STRAIGHT,3.646907091140747,14.225574493366931,1.423766661901027e-05
1731,80999.687,14.22629165649414,7.984017429407686e-06,-0.9521278142929077,-1.3330276650747757e-07,0.02999287098646164,-4.662504409225221e-07,-0.0022079134359955788,0.02999999999844372,-3.055756099495553e-07,-0.004323277848105915,trajectory,STRAIGHT,3.647585868835449,14.226291656452947,1.423766661901027e-05
1732,80999.812,14.231670379638672,7.9016381278052e-06,-0.9517969489097595,-1.33038888450653e-07,0.0299947801977396,-4.461706453184888e-07,0.003133518621325493,0.02999999999845432,-3.045341557338973e-07,-0.004763109968019347,trajectory,STRAIGHT,3.651066541671753,14.231670379598041,1.423766661901027e-05
1733,80999.906,14.234001159667969,7.867359272495378e-06,-0.9515479803085327,-1.3277335823871932e-07,0.029995374381542206,-4.3220362044849026e-07,0.0032226659823209047,0.02999999999845833,-3.0413838604305536e-07,-0.004797219925236113,trajectory,STRAIGHT,3.651163339614868,14.234001159627567,1.423766661901027e-05
1734,81000.0,14.234718322753906,7.857042874093167e-06,-0.9514707326889038,-1.3269545495770168e-07,0.02999553456902504,-4.272674516414554e-07,0.003227449720725417,0.029999999998459474,-3.0402505524214047e-07,-0.004801465005289919,trajectory,STRAIGHT,3.6505894660949707,14.234718322713572,1.423766661901027e-05
1735,81000.125,14.239469528198242,7.791886673658155e-06,-0.9509590864181519,-1.3277786231977567e-07,0.02999662049114704,-3.935862764592457e-07,0.003207574365660548,0.029999999998466042,-3.0337660415206695e-07,-0.004839782863757361,trajectory,STRAIGHT,3.6499381065368652,14.239469528158327,1.423766661901027e-05
1736,81000.234,14.242338180541992,7.75484113546554e-06,-0.950652003288269,-1.3287017423885969e-07,0.02999727614223957,-3.7895921423114487e-07,0.0031890487298369408,0.02999999999846913,-3.0307072154860963e-07,-0.004876123582853342,trajectory,STRAIGHT,3.6499381065368652,14.242338180502307,1.423766661901027e-05
1737,81000.328,14.244848251342773,7.723407179582864e-06,-0.9503849744796753,-1.3295094721200706e-07,0.029997799545526505,-3.701087223362265e-07,0.0031740725971758366,0.02999999999847146,-3.028401530870916e-07,-0.004888276932670141,trajectory,STRAIGHT,3.6492812633514404,14.244848251303278,1.423766661901027e-05
1738,81000.453,14.248165130615234,7.682719115109649e-06,-0.9500337243080139,-1.3295429873481774e-07,0.0299984123557806,-3.64065499525168e-07,0.003156320657581091,0.029999999998474188,-3.0257014188881536e-07,-0.004929631038755732,trajectory,STRAIGHT,3.6486263275146484,14.24816513057598,1.423766661901027e-05
1739,81000.546,14.250406265258789,7.655448825971689e-06,-0.9497973322868347,-1.3296072139712265e-07,0.02999863773584366,-3.6362490618557786e-07,0.0031454055570065975,0.02999999999847595,-3.023950955697427e-07,-0.004956002354784255,trajectory,STRAIGHT,3.6479763984680176,14.250406265219697,1.423766661901027e-05
1740,81000.671,14.25210952758789,7.63468324294081e-06,-0.9497740864753723,-1.3298496480018424e-07,0.029998743906617165,-3.652983480151306e-07,-0.008558242581784725,0.02999999999847732,-3.022591675796029e-07,-0.004020872794254069,trajectory,STRAIGHT,3.647329807281494,14.252109527548923,1.423766661901027e-05
1741,81000.781,14.256233215332031,7.5836160249309614e-06,-0.9528121948242188,-1.3273729732740714e-07,0.02999900095164776,-3.763949791846244e-07,-0.027477936819195747,0.02999999999848089,-3.019047335534548e-07,-0.0023667936645039686,trajectory,STRAIGHT,3.646685838699341,14.256233215293369,1.423766661901027e-05
1742,81000.875,14.259101867675781,7.546881988673704e-06,-0.9548478126525879,-1.3245398932117402e-07,0.029999179765582085,-3.895867166647804e-07,-0.007394320331513882,0.029999999998483854,-3.016101708184899e-07,-0.0038717020921000605,trajectory,STRAIGHT,3.647364616394043,14.259101867637344,1.423766661901027e-05
1743,81000.968,14.260177612304688,7.5327470767661e-06,-0.9549990892410278,-1.323477488326523e-07,0.029999246820807457,-3.957889305183926e-07,-0.0017132742796093225,0.029999999998485113,-3.0148452003435974e-07,-0.004095812559108245,trajectory,STRAIGHT,3.6522934436798096,14.26017761226634,1.423766661901027e-05
1744,81001.093,14.264839172363281,7.469174306606874e-06,-0.9547024965286255,-1.323685263818366e-07,0.029999537393450737,-4.1595873767619196e-07,0.0032129462342709303,0.029999999998491723,-3.008265079023456e-07,-0.0045047398358387825,trajectory,STRAIGHT,3.65669322013855,14.264839172325338,1.423766661901027e-05
1745,81001.203,14.267618179321289,7.430448931700084e-06,-0.954394519329071,-1.3245795642613919e-07,0.029999710619449615,-4.1496028302390187e-07,0.0033541240263730288,0.029999999998496056,-3.0039409465007516e-07,-0.004537814382329344,trajectory,STRAIGHT,3.6569125652313232,14.267618179283597,1.423766661901027e-05
1746,81001.312,14.270397186279297,7.392279258056078e-06,-0.9540824294090271,-1.3235246937100205e-07,0.029999883845448494,-4.057911269228498e-07,0.0033452182542532682,0.02999999999850013,-2.999871047544406e-07,-0.00455270641656196,trajectory,STRAIGHT,3.656325101852417,14.270397186241848,1.423766661901027e-05
1747,81001.421,14.273176193237305,7.354841272899648e-06,-0.9537727236747742,-1.3215070319472195e-07,0.030000057071447372,-4.000316096153256e-07,0.003316971706226468,0.029999999998503897,-2.996100675773084e-07,-0.0045931618240158565,trajectory,STRAIGHT,3.6556458473205566,14.273176193200092,1.423766661901027e-05
1748,81002.078,14.27586555480957,7.3189285103580914e-06,-0.953475296497345,-1.3193658804004418e-07,0.030000224709510803,-3.985379066762107e-07,0.0032893649768084288,0.029999999998507425,-2.992561145234075e-07,-0.004605824644533873,trajectory,STRAIGHT,3.6556458473205566,14.275865554772583,1.423766661901027e-05
1749,81002.421,14.291692733764648,7.118920166249154e-06,-0.9310430288314819,-1.3098851324199863e-07,0.022494753822684288,-2.778129726266343e-07,0.07552274316549301,0.0,0.0,0.0,control_loop_hover,STRAIGHT,3.6228413581848145,14.291692733728874,1.423766661901027e-05
1750,81003.125,14.298318862915039,7.038187050056877e-06,-0.9060159921646118,-1.2882834322085155e-07,0.02051866427063942,-2.469752757860988e-07,0.06433454155921936,0.029999999998529363,-2.970490553676981e-07,-0.012874164291112447,trajectory,STRAIGHT,3.58793568611145,14.298318862879741,1.423766661901027e-05
1751,81003.781,14.308003425598145,6.92303774485481e-06,-0.8691089153289795,-1.2818899005336138e-07,0.009800756350159645,-1.0813465678438661e-07,0.05374196171760559,0.0,0.0,0.0,control_loop_hover,STRAIGHT,3.4980921745300293,14.308003425563514,1.423766661901027e-05
1752,81003.921,14.31436824798584,6.861623660370242e-06,-0.8366509079933167,-1.2779267068160287e-07,0.009424271062016487,-1.1011145062411742e-07,0.029628749936819077,0.0,0.0,0.0,control_loop_hover,STRAIGHT,3.4356815814971924,14.314368247951505,1.423766661901027e-05
1753,81004.046,14.315241813659668,6.850663339719176e-06,-0.8353233933448792,-1.2736449302199275e-07,0.008238411508500576,-1.1130438792861241e-07,-0.00495532900094986,0.029999999998536635,-2.963140680193304e-07,-0.015010773229652752,trajectory,STRAIGHT,3.4210760593414307,14.315241813625398,1.423766661901027e-05
1754,81004.156,14.315945625305176,6.840596142865252e-06,-0.836516261100769,-1.2704047130299059e-07,0.007648576516658068,-1.1243017894457807e-07,-0.019663389772176743,0.029999999998537842,-2.961910837299629e-07,-0.013774484980160106,trajectory,STRAIGHT,3.4135165214538574,14.315945625270972,1.423766661901027e-05
1755,81004.265,14.316755294799805,6.829055109847104e-06,-0.8389568328857422,-1.2644417004883333e-07,0.00846789125353098,-1.1388453202698656e-07,-0.027414672076702118,0.029999999998539164,-2.9605774103344015e-07,-0.013038266737330334,trajectory,STRAIGHT,3.411539077758789,14.316755294765676,1.423766661901027e-05
1756,81004.359,14.317578315734863,6.8187441684131045e-06,-0.841613233089447,-1.256328369675051e-07,0.00989263691008091,-1.1525334286943689e-07,-0.031243860721588135,0.029999999998539827,-2.9599043016012826e-07,-0.012491935511713691,trajectory,STRAIGHT,3.418100118637085,14.317578315700796,1.423766661901027e-05
1757,81004.468,14.318509101867676,6.808657417423092e-06,-0.8444679975509644,-1.2479612582214728e-07,0.011537737213075161,-1.166092360449511e-07,-0.033917494118213654,0.02999999999853992,-2.9598091529809357e-07,-0.012135306616907782,trajectory,STRAIGHT,3.416506290435791,14.318509101833664,1.423766661901027e-05
1758,81004.562,14.318937301635742,6.8044491854379885e-06,-0.8457123041152954,-1.2448356799520107e-07,0.01224839873611927,-1.1717429515556432e-07,-0.03516858071088791,0.0299999999985398,-2.959933682987206e-07,-0.011730985146640045,trajectory,STRAIGHT,3.4199378490448,14.318937301601752,1.423766661901027e-05
1759,81004.703,14.321271896362305,6.7845426201529335e-06,-0.8518674969673157,-1.2356690290765682e-07,0.015507864765822887,-1.1980206693351647e-07,-0.03902970999479294,0.029999999998538033,-2.9617195402204994e-07,-0.011114335161326629,trajectory,STRAIGHT,3.4199378490448,14.321271896328396,1.423766661901027e-05
1760,81004.812,14.322587013244629,6.774787379981717e-06,-0.8550650477409363,-1.2304059637193155e-07,0.016957687214016914,-1.2105122948469216e-07,-0.03860637918114662,0.029999999998536395,-2.9633790077527626e-07,-0.010663379879708992,trajectory,STRAIGHT,3.426093578338623,14.322587013210752,1.423766661901027e-05
1761,81004.906,14.32418155670166,6.763830697309459e-06,-0.8585191369056702,-1.2239689770928067e-07,0.018442172557115555,-1.224237564656505e-07,-0.037994273006916046,0.029999999998534015,-2.9657873423044414e-07,-0.010539643915410745,trajectory,STRAIGHT,3.433755874633789,14.324181556667813,1.423766661901027e-05
1762,81004.937,14.32485580444336,6.7594132815429475e-06,-0.8598933815956116,-1.2215725405440932e-07,0.01899765245616436,-1.2296895590679924e-07,-0.038332197815179825,0.029999999998532922,-2.9668948785155333e-07,-0.01015179525117602,trajectory,STRAIGHT,3.4425108432769775,14.324855804409523,1.423766661901027e-05
1763,81005.015,14.326202392578125,6.750892680429388e-06,-0.8624860048294067,-1.2153711269197128e-07,0.019996508955955505,-1.2400353455177537e-07,-0.0370614230632782,0.02999999999853055,-2.96928982422502e-07,-0.010123826069638391,trajectory,STRAIGHT,3.4425108432769775,14.326202392544307,1.423766661901027e-05
1764,81005.14,14.328119277954102,6.739295713487081e-06,-0.8659276366233826,-1.202335074712847e-07,0.02121766284108162,-1.2538542648599105e-07,-0.03691992536187172,0.029999999998526802,-2.9730782200728e-07,-0.00996306429605212,trajectory,STRAIGHT,3.4514944553375244,14.328119277920303,1.423766661901027e-05
1765,81005.25,14.33021068572998,6.7271907937538344e-06,-0.8694881200790405,-1.1848604473528328e-07,0.022333532571792603,-1.2679521432801266e-07,-0.036745551973581314,0.029999999998522337,-2.9775766640932056e-07,-0.00947365054391898,trajectory,STRAIGHT,3.460381269454956,14.330210685696198,1.423766661901027e-05
1766,81005.343,14.332263946533203,6.7157193370803725e-06,-0.8727938532829285,-1.1682078010195525e-07,0.023256734013557434,-1.2810264138352068e-07,-0.03616108372807503,0.02999999999851776,-2.982187582480067e-07,-0.009355121343365084,trajectory,STRAIGHT,3.4690425395965576,14.332263946499431,1.423766661901027e-05
1767,81005.468,14.334684371948242,6.702577138639754e-06,-0.8764377236366272,-1.1473284406719302e-07,0.02417377196252346,-1.29570125295686e-07,-0.035127852112054825,0.02999999999851211,-2.9878646937086125e-07,-0.008954060912624856,trajectory,STRAIGHT,3.4776272773742676,14.33468437191448,1.423766661901027e-05
1768,81005.578,14.337115287780762,6.689679594273912e-06,-0.879885196685791,-1.1286790181100612e-07,0.024947384372353554,-1.3098257056753937e-07,-0.034134428948163986,0.029999999998506326,-2.993670422047006e-07,-0.008861161113277932,trajectory,STRAIGHT,3.4860448837280273,14.337115287747006,1.423766661901027e-05
1769,81005.687,14.33969783782959,6.676244993286673e-06,-0.8833373785018921,-1.1111098470432913e-07,0.025639044120907784,-1.3242778607036598e-07,-0.033145688474178314,0.029999999998500063,-2.999934824295142e-07,-0.008456239523429072,trajectory,STRAIGHT,3.494161605834961,14.339697837795839,1.423766661901027e-05
1770,81005.796,14.342264175415039,6.6630655055632815e-06,-0.8865338563919067,-1.0975096721619476e-07,0.02622051164507866,-1.3382162933339714e-07,-0.03164663538336754,0.029999999998493825,-3.006166662639838e-07,-0.008416339876193203,trajectory,STRAIGHT,3.501992702484131,14.34226417538129,1.423766661901027e-05
1771,81005.89,14.344407081604004,6.652179763477761e-06,-0.8890602588653564,-1.08661041245908e-07,0.026638731360435486,-1.3495740347480023e-07,-0.030564045533537865,0.02999999999848853,-3.0114460525719953e-07,-0.008084655370392572,trajectory,STRAIGHT,3.509533405303955,14.344407081570255,1.423766661901027e-05
1772,81006.031,14.34722900390625,6.637931619479787e-06,-0.892217755317688,-1.0735489588739083e-07,0.02711343951523304,-1.364251005497863e-07,-0.02965121902525425,0.029999999998481495,-3.018449117432733e-07,-0.007888861345693964,trajectory,STRAIGHT,3.5166726112365723,14.3472290038725,1.423766661901027e-05
1773,81006.125,14.349848747253418,6.6247703216504306e-06,-0.8950397372245789,-1.0633759837620365e-07,0.02748885005712509,-1.377627114607094e-07,-0.0287508312612772,0.029999999998474924,-3.024973698420446e-07,-0.007681133866780309,trajectory,STRAIGHT,3.523483991622925,14.349848747219665,1.423766661901027e-05
1774,81006.234,14.352336883544922,6.612315246457001e-06,-0.8975889086723328,-1.0507379305024903e-07,0.027796432375907898,-1.3901349404932262e-07,-0.027664899826049805,0.02999999999846851,-3.0313272407747776e-07,-0.007640549809210804,trajectory,STRAIGHT,3.5299999713897705,14.352336883511168,1.423766661901027e-05
1775,81006.343,14.35460090637207,6.601009317819262e-06,-0.8998074531555176,-1.0384526728834141e-07,0.02804107964038849,-1.4013760107900453e-07,-0.02682076394557953,0.029999999998462583,-3.0371847778851314e-07,-0.007361282746564352,trajectory,STRAIGHT,3.5299999713897705,14.354600906338314,1.423766661901027e-05
1776,81006.437,14.357645988464355,6.585793471458601e-06,-0.9026545882225037,-1.0151059400046289e-07,0.028325697407126427,-1.4163462935812277e-07,-0.025818923488259315,0.02999999999845433,-3.045324361682357e-07,-0.007299073229800664,trajectory,STRAIGHT,3.536311626434326,14.357645988430594,1.423766661901027e-05
1777,81006.562,14.36037540435791,6.5721324062906206e-06,-0.9050783514976501,-9.914073532283898e-08,0.028543787077069283,-1.4296372796707146e-07,-0.024622119963169098,0.029999999998446783,-3.0527529417489046e-07,-0.007051173322725628,trajectory,STRAIGHT,3.5423285961151123,14.360375404324145,1.423766661901027e-05
1778,81006.671,14.36312198638916,6.558343557117041e-06,-0.9074022173881531,-9.679201969905509e-08,0.028733575716614723,-1.4429265604576358e-07,-0.023672154173254967,0.029999999998439136,-3.0602558301704856e-07,-0.007010977291393612,trajectory,STRAIGHT,3.548082113265991,14.363121986355392,1.423766661901027e-05
1779,81006.781,14.365459442138672,6.546610165969469e-06,-0.9093023538589478,-9.468757673595775e-08,0.028874361887574196,-1.454139777479213e-07,-0.0229666568338871,0.02999999999843254,-3.066719838865149e-07,-0.006763921205617674,trajectory,STRAIGHT,3.5535807609558105,14.365459442104902,1.423766661901027e-05
1780,81006.89,14.368583679199219,6.530824521178147e-06,-0.9117310047149658,-9.204525531606955e-08,0.029038043692708015,-1.469094570438756e-07,-0.022004384547472,0.029999999998423725,-3.0753270533920485e-07,-0.006719470445729977,trajectory,STRAIGHT,3.558802366256714,14.368583679165445,1.423766661901027e-05
1781,81006.984,14.371028900146484,6.518434929603245e-06,-0.9135700464248657,-8.991027742380304e-08,0.029148757457733154,-1.4807379500325624e-07,-0.021673405542969704,0.029999999998416755,-3.0821212443696175e-07,-0.006463900798362139,trajectory,STRAIGHT,3.5638020038604736,14.371028900112707,1.423766661901027e-05
1782,81007.093,14.372081756591797,6.513095286209136e-06,-0.9143497347831726,-8.898958186523576e-08,0.02919224090874195,-1.4857317864880315e-07,-0.021664656698703766,0.029999999998413733,-3.0850594826901027e-07,-0.006425616287988071,trajectory,STRAIGHT,3.5685782432556152,14.372081756558018,1.423766661901027e-05
1783,81007.203,14.376907348632812,6.488390681624878e-06,-0.9179773926734924,-8.474074570407505e-08,0.029364878311753273,-1.5086531846009166e-07,-0.022378096356987953,0.02999999999839984,-3.098538875993195e-07,-0.006072158391743462,trajectory,STRAIGHT,3.573183536529541,14.37690734859903,1.423766661901027e-05
1784,81007.328,14.379908561706543,6.472929726442089e-06,-0.9202850461006165,-8.235205919217052e-08,0.029452620074152946,-1.522844854662253e-07,-0.022861847653985023,0.029999999998391202,-3.1068953009259984e-07,-0.005758769377942948,trajectory,STRAIGHT,3.577728748321533,14.379908561672758,1.423766661901027e-05
1785,81007.437,14.382835388183594,6.4577848206681665e-06,-0.9225698113441467,-7.967691595240761e-08,0.02952619083225727,-1.5366366312719038e-07,-0.023286739364266396,0.0299999999983826,-3.115187224629422e-07,-0.005509200678406358,trajectory,STRAIGHT,3.5823402404785156,14.382835388149807,1.423766661901027e-05
1786,81007.531,14.385141372680664,6.445756298489869e-06,-0.9243982434272766,-7.736818308546041e-08,0.02957712486386299,-1.547516177424768e-07,-0.023590920493006706,0.029999999998375743,-3.1217838633165146e-07,-0.0053934445839506386,trajectory,STRAIGHT,3.587040424346924,14.385141372646878,1.423766661901027e-05
1787,81007.625,14.386028289794922,6.441107416321756e-06,-0.9251076579093933,-7.64357610391965e-08,0.029595227912068367,-1.551703974200791e-07,-0.02370116487145424,0.02999999999837309,-3.1243351679386167e-07,-0.005168525922083486,trajectory,STRAIGHT,3.591822862625122,14.386028289761136,1.423766661901027e-05
1788,81007.75,14.390728950500488,6.416258202079916e-06,-0.9289193749427795,-7.183943925583639e-08,0.02967899478971958,-1.5739324510377628e-07,-0.024228410795331,0.029999999998359075,-3.137760369417052e-07,-0.004935760396504034,trajectory,STRAIGHT,3.5966804027557373,14.390728950466704,1.423766661901027e-05
1789,81007.843,14.393123626708984,6.403463430615375e-06,-0.9308916330337524,-6.976082123282948e-08,0.02971477620303631,-1.5852788237680215e-07,-0.024463215842843056,0.02999999999835199,-3.144525400574451e-07,-0.004619820535877098,trajectory,STRAIGHT,3.5966804027557373,14.393123626675202,1.423766661901027e-05
1790,81007.953,14.394462585449219,6.3963152570067905e-06,-0.9319952726364136,-6.858412171073747e-08,0.029732899740338326,-1.591589153804307e-07,-0.024584941565990448,0.029999999998347994,-3.148336429199804e-07,-0.004554900497892251,trajectory,STRAIGHT,3.6016042232513428,14.394462585415436,1.423766661901027e-05
1791,81008.093,14.39822769165039,6.37614948573173e-06,-0.9351130723953247,-6.488968072855322e-08,0.029777761548757553,-1.609285078529865e-07,-0.024895397946238518,0.02999999999833655,-3.1592184873689433e-07,-0.004239097951297732,trajectory,STRAIGHT,3.6065874099731445,14.398227691616611,1.423766661901027e-05
1792,81008.234,14.402978897094727,6.350383500830503e-06,-0.9390990138053894,-6.065496452416634e-08,0.029823772609233856,-1.6316738538080244e-07,-0.025230471044778824,0.02999999999832218,-3.1728382008256605e-07,-0.003876078882717118,trajectory,STRAIGHT,3.611626386642456,14.402978897060953,1.423766661901027e-05
1793,81008.328,14.405847549438477,6.334654244710691e-06,-0.9415297508239746,-5.891206600347906e-08,0.029846811667084694,-1.6452241879960638e-07,-0.025405988097190857,0.029999999998313723,-3.180825808266212e-07,-0.0035654606409846715,trajectory,STRAIGHT,3.616712808609009,14.405847549404708,1.423766661901027e-05
1794,81008.437,14.406654357910156,6.330206815619022e-06,-0.9422163367271423,-5.844696666639449e-08,0.0298527292907238,-1.6490398024870956e-07,-0.02545214258134365,0.029999999998311346,-3.1830658805155234e-07,-0.0035274389870940622,trajectory,STRAIGHT,3.6218419075012207,14.40665435787639,1.423766661901027e-05
1795,81008.562,14.411853790283203,6.30129898127052e-06,-0.9466689229011536,-5.550367120871935e-08,0.02988574281334877,-1.673676877089747e-07,-0.025718554854393005,0.029999999998295997,-3.1974981408529834e-07,-0.003146601486349352,trajectory,STRAIGHT,3.6270101070404053,14.411853790249447,1.423766661901027e-05
1796,81008.703,14.41543960571289,6.281112291617319e-06,-0.9497647881507874,-5.321112121124264e-08,0.029904093593358994,-1.6907171129787457e-07,-0.025874655693769455,0.029999999998285277,-3.207542234305609e-07,-0.0027837877285650956,trajectory,STRAIGHT,3.632214069366455,14.415439605679145,1.423766661901027e-05
1797,81008.812,14.418577194213867,6.263280738494359e-06,-0.9524881839752197,-5.142118734561714e-08,0.02991771697998047,-1.7056606793630635e-07,-0.02599545568227768,0.029999999998275927,-3.216273884551849e-07,-0.0025020010277886228,trajectory,STRAIGHT,3.6427104473114014,14.418577194180132,1.423766661901027e-05
1798,81008.937,14.421445846557617,6.246841167012462e-06,-0.9542655348777771,-4.965950434053601e-08,0.029928233474493027,-1.7190365042552003e-07,-0.0044876947067677975,0.02999999999826731,-3.224301692672129e-07,-0.00401415820297196,trajectory,STRAIGHT,3.6479971408843994,14.421445846523893,1.423766661901027e-05
1799,81009.046,14.42440414428711,6.229753580555553e-06,-0.9541341662406921,-4.7664169904315966e-08,0.029937783256173134,-1.733053522912087e-07,0.004266824573278427,0.029999999998258333,-3.232642254093866e-07,-0.004721088177229907,trajectory,STRAIGHT,3.6533074378967285,14.424404144253396,1.423766661901027e-05
1800,81009.156,14.427183151245117,6.213574124558363e-06,-0.9536789655685425,-4.617835126736365e-08,0.029945654794573784,-1.7463531776229502e-07,0.005175928585231304,0.029999999998250003,-3.240366829287304e-07,-0.0047442942903083915,trajectory,STRAIGHT,3.6533074378967285,14.427183151211416,1.423766661901027e-05
1801,81009.265,14.429962158203125,6.197270522534382e-06,-0.9531981348991394,-4.439672293391501e-08,0.02995253913104534,-1.7596920542928274e-07,0.005118636414408684,0.029999999998241548,-3.2481857821527697e-07,-0.004763752450112737,trajectory,STRAIGHT,3.6555798053741455,14.429962158169438,1.423766661901027e-05
1802,81009.375,14.432741165161133,6.180843229230959e-06,-0.9527302980422974,-4.249300550183501e-08,0.029958561062812805,-1.7730580736952106e-07,0.004936653655022383,0.029999999998233027,-3.256047319822474e-07,-0.0048136908802533145,trajectory,STRAIGHT,3.6548829078674316,14.43274116512746,1.423766661901027e-05
1803,81009.484,14.435699462890625,6.163219040900003e-06,-0.9522513747215271,-4.072070292522112e-08,0.029964130371809006,-1.7873144031455013e-07,0.004741729237139225,0.029999999998224006,-3.264345816923157e-07,-0.004822043092861175,trajectory,STRAIGHT,3.65384578704834,14.435699462856968,1.423766661901027e-05
1804,81009.562,14.43794059753418,6.149773071228992e-06,-0.9519008994102478,-3.9533215875622956e-08,0.029967842623591423,-1.798133553165826e-07,0.004605466034263372,0.029999999998217206,-3.270590098637603e-07,-0.00487024216010752,trajectory,STRAIGHT,3.65281081199646,14.437940597500535,1.423766661901027e-05
1805,81009.671,14.439285278320312,6.14166674495209e-06,-0.9516953825950623,-3.885078241981093e-08,0.029969891533255577,-1.8046328875698237e-07,0.004528774879872799,0.029999999998213126,-3.274329513197321e-07,-0.004874382708515551,trajectory,STRAIGHT,3.6518149375915527,14.439285278286677,1.423766661901027e-05
1806,81009.796,14.444036483764648,6.112789378676098e-06,-0.950995147228241,-3.659904831565372e-08,0.029976097866892815,-1.8276449509357917e-07,0.004286106675863266,0.02999999999819872,-3.28750437652981e-07,-0.004914397053437328,trajectory,STRAIGHT,3.65085768699646,14.444036483731043,1.423766661901027e-05
1807,81009.921,14.446815490722656,6.095729986554943e-06,-0.9506022930145264,-3.4904294072075755e-08,0.02997913956642151,-1.841139152247706e-07,0.004162696655839682,0.029999999998190127,-3.295331685626589e-07,-0.004954917343581045,trajectory,STRAIGHT,3.649937152862549,14.44681549068907,1.423766661901027e-05
1808,81010.015,14.44986343383789,6.076873887650436e-06,-0.9501840472221375,-3.2858464167603466e-08,0.02998204343020916,-1.8559681791430194e-07,0.004041086416691542,0.02999999999818062,-3.3039781123268847e-07,-0.00496610081406864,trajectory,STRAIGHT,3.6490485668182373,14.449863433804328,1.423766661901027e-05
1809,81010.109,14.450580596923828,6.072415089874994e-06,-0.9500874280929565,-3.236756097139111e-08,0.029982661828398705,-1.8594619177747518e-07,0.004014406818896532,0.029999999998178373,-3.3060163271870296e-07,-0.004968797402704084,trajectory,STRAIGHT,3.6481895446777344,14.450580596890271,1.423766661901027e-05
1810,81010.25,14.45595932006836,6.038707851985237e-06,-0.9493814706802368,-2.887714632384224e-08,0.029986672103405,-1.8857184613807476e-07,0.0038353120908141136,0.02999999999816154,-3.321257618116255e-07,-0.005025386624737982,trajectory,STRAIGHT,3.6473536491394043,14.455959320034845,1.423766661901027e-05
1811,81010.375,14.459007263183594,6.019395186740439e-06,-0.9502123594284058,-2.7037910227717543e-08,0.029988540336489677,-1.9010157359389268e-07,-0.021460063755512238,0.029999999998152,-3.329860531207828e-07,-0.0029954567468765936,trajectory,STRAIGHT,3.646543264389038,14.459007263150106,1.423766661901027e-05
1812,81010.484,14.462055206298828,5.999929271638393e-06,-0.9517270922660828,-2.506012169130602e-08,0.029990140348672867,-1.91568958030075e-07,-0.002931528724730015,0.02999999999814239,-3.3385107799359906e-07,-0.004365514968063599,trajectory,STRAIGHT,3.6457526683807373,14.462055206265369,1.423766661901027e-05
1813,81010.593,14.46456527709961,5.983785740681924e-06,-0.9516763091087341,-2.3422928391245906e-08,0.02999132312834263,-1.9279423213447444e-07,0.0025999597273766994,0.02999999999813445,-3.345642728654646e-07,-0.004810573202099568,trajectory,STRAIGHT,3.647416114807129,14.464565277066173,1.423766661901027e-05
1814,81010.718,14.467613220214844,5.96404379393789e-06,-0.9513433575630188,-2.1771559684312763e-08,0.029992517083883286,-1.9429344888521882e-07,0.003582391422241926,0.02999999999812488,-3.354207765310357e-07,-0.004841526916165205,trajectory,STRAIGHT,3.650444507598877,14.467613220181438,1.423766661901027e-05
1815,81010.796,14.470212936401367,5.947083991486579e-06,-0.9510278701782227,-2.0198931442521384e-08,0.029993489384651184,-1.9557583641471865e-07,0.003642066614702344,0.02999999999811664,-3.361567278490515e-07,-0.0048766966515510065,trajectory,STRAIGHT,3.650245428085327,14.470212936367988,1.423766661901027e-05
1816,81010.89,14.471199035644531,5.9406220316304825e-06,-0.9509078860282898,-1.961756004931594e-08,0.029993858188390732,-1.9606289924922748e-07,0.0036312846932560205,0.02999999999811352,-3.3643555777996693e-07,-0.004881833305331944,trajectory,STRAIGHT,3.649550676345825,14.471199035611162,1.423766661901027e-05
1817,81011.0,14.475502014160156,5.912235337746097e-06,-0.9503904581069946,-1.705013853730719e-08,0.02999519184231758,-1.9819206897864206e-07,0.0035516887437552214,0.029999999998099828,-3.376538747578256e-07,-0.004920460474876761,trajectory,STRAIGHT,3.6488091945648193,14.475502014126834,1.423766661901027e-05
1818,81011.125,14.478460311889648,5.892541139473906e-06,-0.9500415921211243,-1.5315417754087733e-08,0.029995858669281006,-1.9965945341482438e-07,0.003497116267681122,0.029999999998090398,-3.384912217641892e-07,-0.0049562604869782916,trajectory,STRAIGHT,3.6488091945648193,14.47846031185636,1.423766661901027e-05
1819,81011.218,14.481149673461914,5.874510861758608e-06,-0.9497288465499878,-1.3668802466980487e-08,0.029996473342180252,-2.009959558790797e-07,0.0034520714543759823,0.029999999998081762,-3.392549931253705e-07,-0.004968294180470704,trajectory,STRAIGHT,3.6480743885040283,14.481149673428657,1.423766661901027e-05
1820,81011.312,14.482046127319336,5.8684740906755906e-06,-0.9496254920959473,-1.3116799580416999e-08,0.029996678233146667,-2.0144199197602575e-07,0.0034379877615720034,0.0,0.0,0.0,trajectory_no_feasible,STRAIGHT,3.6473517417907715,14.482046127286091,1.423766661901027e-05
1821,81011.437,14.486433029174805,5.838789093104424e-06,-0.9521143436431885,-1.060736237892634e-08,0.029520070180296898,-1.999927263796053e-07,-0.02663053758442402,0.029999999998064773,-3.4075447798302146e-07,-0.002476003587940086,trajectory,STRAIGHT,3.6466400623321533,14.486433029141613,1.423766661901027e-05
1822,81011.562,14.489447593688965,5.818278168590041e-06,-0.9542284607887268,-9.143760452236196e-09,0.02795143984258175,-1.9108055937522295e-07,-0.005881480872631073,0.029999999998055076,-3.4160703548437615e-07,-0.003920925969382517,trajectory,STRAIGHT,3.646683931350708,14.489447593655813,1.423766661901027e-05
1823,81011.656,14.492091178894043,5.800136932521127e-06,-0.9542773962020874,-8.557048083642787e-09,0.02719642035663128,-1.880698050626961e-07,0.002306386362761259,0.029999999998046808,-3.423325501210279e-07,-0.004573508577545874,trajectory,STRAIGHT,3.6434214115142822,14.492091178860925,1.423766661901027e-05
1824,81011.734,14.492578506469727,5.796750428999076e-06,-0.9542320370674133,-8.435428478598076e-09,0.02711847797036171,-1.8822579761490488e-07,0.0027071451768279076,0.029999999998045295,-3.4246500304534305e-07,-0.004512848192021274,trajectory,STRAIGHT,3.648542881011963,14.492578506436615,1.423766661901027e-05
1825,81011.89,14.496793746948242,5.766796220996184e-06,-0.9537163972854614,-7.033753298758485e-09,0.026942266151309013,-1.9843977838718274e-07,0.003495903220027685,0.029999999998032406,-3.4359212094583715e-07,-0.004601730824574851,trajectory,STRAIGHT,3.652831792831421,14.496793746915198,1.423766661901027e-05
1826,81012.015,14.500441551208496,5.7386782827961724e-06,-0.9532460570335388,-4.696393852439978e-09,0.027174822986125946,-2.2010480904555152e-07,0.003459323663264513,0.029999999998022175,-3.4448414433186547e-07,-0.0046469573754674386,trajectory,STRAIGHT,3.654552698135376,14.500441551175534,1.423766661901027e-05
1827,81012.125,14.503229141235352,5.715048246202059e-06,-0.9528955221176147,-2.914716303834806e-09,0.027434639632701874,-2.443633775328635e-07,0.003414085367694497,0.02999999999801574,-3.4504441226148123e-07,-0.004681519744113111,trajectory,STRAIGHT,3.653242349624634,14.503229141202478,1.423766661901027e-05
1828,81012.234,14.505627632141113,5.692690592695726e-06,-0.9526001214981079,-1.1931160619550008e-09,0.027671482414007187,-2.704202870518202e-07,0.00337793817743659,0.02999999999801149,-3.4541376816981145e-07,-0.00469339799986782,trajectory,STRAIGHT,3.6518871784210205,14.505627632108338,1.423766661901027e-05
1829,81012.328,14.50812816619873,5.66694552617264e-06,-0.952297568321228,3.388606900807178e-10,0.02791306935250759,-3.025739943041117e-07,0.003344061318784952,0.029999999998008817,-3.45645662897333e-07,-0.004734181349272791,trajectory,STRAIGHT,3.6509511470794678,14.508128166166086,1.423766661901027e-05
1830,81012.421,14.510226249694824,5.643117674480891e-06,-0.9520478248596191,1.423845090426127e-09,0.028104761615395546,-3.3340680261062516e-07,0.003318301634863019,0.0299999999980082,-3.456993172381795e-07,-0.004744607747639481,trajectory,STRAIGHT,3.6502439975738525,14.510226249662315,1.423766661901027e-05
1831,81012.546,14.513532638549805,5.600953500106698e-06,-0.9516617059707642,2.8470605051461e-09,0.028379477560520172,-3.888365256443649e-07,0.0032821688801050186,0.029999999998010597,-3.454911230866267e-07,-0.004785276819650289,trajectory,STRAIGHT,3.6502439975738525,14.513532638517562,1.423766661901027e-05
1832,81012.64,14.515839576721191,5.567736479861196e-06,-0.9513968229293823,3.4617786219376913e-09,0.028550507500767708,-4.309138148528291e-07,0.0032597037497907877,0.029999999998015132,-3.4509713730702597e-07,-0.004813679921364517,trajectory,STRAIGHT,3.649658441543579,14.515839576689178,1.423766661901027e-05
1833,81012.781,14.5191011428833,5.515523753274465e-06,-0.9510267376899719,3.2919649288743272e-09,0.02876465395092964,-4.827501811632828e-07,0.00323137897066772,0.029999999998025727,-3.4417467041794595e-07,-0.0048299182010051915,trajectory,STRAIGHT,3.649132013320923,14.519101142851671,1.423766661901027e-05
1834,81012.875,14.521530151367188,5.47371746506542e-06,-0.9507561326026917,3.206036457749859e-09,0.02890358678996563,-5.112279382046836e-07,0.0032126447185873985,0.02999999999803578,-3.432975853419515e-07,-0.004869833934595912,trajectory,STRAIGHT,3.6486284732818604,14.521530151335877,1.423766661901027e-05
1835,81013.0,14.524567604064941,5.418666205514455e-06,-0.9504199028015137,2.5429853835309055e-09,0.029056668281555176,-5.351779464035644e-07,0.003191480878740549,0.029999999998050638,-3.4199658684195845e-07,-0.004884952317467063,trajectory,STRAIGHT,3.6481335163116455,14.524567604034063,1.423766661901027e-05
1836,81013.093,14.527280807495117,5.3683302212448325e-06,-0.9501239657402039,1.57070477718677e-09,0.02917497418820858,-5.455834752865485e-07,0.0031746753957122564,0.02999999999806499,-3.407354392409463e-07,-0.004925053491642664,trajectory,STRAIGHT,3.6476306915283203,14.527280807464635,1.423766661901027e-05
1837,81013.187,14.528158187866211,5.351941581466235e-06,-0.9500285983085632,1.2783891607639625e-09,0.02920997329056263,-5.467744017551013e-07,0.0031696457881480455,0.029999999998069724,-3.4031817280295087e-07,-0.004929419494619558,trajectory,STRAIGHT,3.6476306915283203,14.528158187835858,1.423766661901027e-05
1838,81013.328,14.532808303833008,5.26551048096735e-06,-0.9495267271995544,2.006342737214407e-10,0.02937256544828415,-5.354492600417871e-07,0.003145506139844656,0.02999999999809455,-3.381227186934486e-07,-0.004969765760709833,trajectory,STRAIGHT,3.646597146987915,14.532808303803336,1.423766661901027e-05
1839,81013.437,14.53554630279541,5.21657602803316e-06,-0.9498323202133179,8.347149470469655e-11,0.029453586786985397,-5.160034106665989e-07,-0.017122454941272736,0.029999999998107724,-3.36951659190941e-07,-0.0033550885671247213,trajectory,STRAIGHT,3.6460630893707275,14.535546302766114,1.423766661901027e-05
1840,81013.546,14.538384437561035,5.167921244719764e-06,-0.9521043300628662,3.946858750709975e-10,0.029525691643357277,-4.984802330909588e-07,-0.02707180380821228,0.029999999998119847,-3.358706155983268e-07,-0.0024455401652921406,trajectory,STRAIGHT,3.6455202102661133,14.538384437532107,1.423766661901027e-05
1841,81013.64,14.541399955749512,5.117783985042479e-06,-0.9542304277420044,6.78606902887438e-10,0.029590046033263206,-4.855837687500753e-07,-0.0067217000760138035,0.02999999999813173,-3.3480776493889505e-07,-0.003854049825320153,trajectory,STRAIGHT,3.6459262371063232,14.541399955720955,1.423766661901027e-05
1842,81013.765,14.544238090515137,5.071555278846063e-06,-0.9543253183364868,6.820896060914309e-10,0.02964308112859726,-4.782389737556514e-07,0.0020249804947525263,0.029999999998142405,-3.33849716931762e-07,-0.004549039741257338,trajectory,STRAIGHT,3.650740623474121,14.54423809048692,1.423766661901027e-05
1843,81013.875,14.546987533569336,5.027452971262392e-06,-0.9540655016899109,1.1881993844038908e-09,0.029688244685530663,-4.686668262365856e-07,0.003196628764271736,0.029999999998152182,-3.329703890735686e-07,-0.004558229178503732,trajectory,STRAIGHT,3.6550581455230713,14.546987533541438,1.423766661901027e-05
1844,81013.968,14.549652099609375,4.985960003978107e-06,-0.9537690877914429,1.7648902464905144e-09,0.02972657047212124,-4.5324748043640284e-07,0.0033378908410668373,0.0,0.0,0.0,trajectory_no_feasible,STRAIGHT,3.6552791595458984,14.549652099581774,1.423766661901027e-05
1845,81014.0,14.550458908081055,4.973784143658122e-06,-0.9536789655685425,1.965837636364917e-09,0.02973712608218193,-4.4870978399558226e-07,0.0033417365048080683,0.029999999998163118,-3.319830794721774e-07,-0.004613591106713454,trajectory,STRAIGHT,3.6547365188598633,14.550458908053539,1.423766661901027e-05
1846,81014.078,14.55268669128418,4.940653525409289e-06,-0.9534286260604858,2.1275039857654434e-09,0.02959732711315155,-4.3417838924142416e-07,0.003329836530610919,0.029999999998169356,-3.314190583871801e-07,-0.004629113743029944,trajectory,STRAIGHT,3.6547365188598633,14.552686691256895,1.423766661901027e-05
1847,81014.203,14.555524826049805,4.899674422631506e-06,-0.95311039686203,1.755897864928682e-09,0.02947712317109108,-4.2015628309854947e-07,0.0033017159439623356,0.029999999998176655,-3.3075783502984734e-07,-0.0046427755560208474,trajectory,STRAIGHT,3.6541013717651367,14.555524826022799,1.423766661901027e-05
1848,81014.312,14.558451652526855,4.858753072767286e-06,-0.9527849555015564,1.3438502053498484e-09,0.029436899349093437,-4.065287839694065e-07,0.0032727632205933332,0.029999999998183268,-3.301572619478139e-07,-0.0046816997314158785,trajectory,STRAIGHT,3.6526403427124023,14.558451652500123,1.423766661901027e-05
1849,81014.421,14.561112403869629,4.8227216211671475e-06,-0.9524914026260376,1.1934427026602559e-09,0.029444565996527672,-3.9414328512066277e-07,0.0032486901618540287,0.029999999998188392,-3.296911635644927e-07,-0.004694451530492675,trajectory,STRAIGHT,3.6526403427124023,14.561112403843131,1.423766661901027e-05
1850,81014.531,14.563507080078125,4.791246738022892e-06,-0.9522290825843811,1.0906717019982482e-09,0.02947067841887474,-3.829989054793259e-07,0.0032291035167872906,0.029999999998192323,-3.293333698792462e-07,-0.0047331833305672795,trajectory,STRAIGHT,3.6527276039123535,14.56350708005183,1.423766661901027e-05
1851,81014.625,14.566433906555176,4.754003384732641e-06,-0.9519104957580566,1.0974934850328134e-09,0.029514770954847336,-3.6938129710506473e-07,0.003207396250218153,0.029999999998196206,-3.289795460687775e-07,-0.004747376090557972,trajectory,STRAIGHT,3.652291774749756,14.566433906529113,1.423766661901027e-05
1852,81014.718,14.567320823669434,4.74298349217861e-06,-0.9518145322799683,1.1265503365934788e-09,0.029529403895139694,-3.6525545965560013e-07,0.0032012606970965862,0.029999999998197184,-3.288906321071486e-07,-0.0047516834202126655,trajectory,STRAIGHT,3.6514415740966797,14.567320823643438,1.423766661901027e-05
1853,81014.859,14.572021484375,4.6866448428772856e-06,-0.9513078331947327,2.079253759039162e-09,0.029608437791466713,-3.4339413446105027e-07,0.00317192985676229,0.029999999998200563,-3.285820115307544e-07,-0.004800182054831109,trajectory,STRAIGHT,3.6506996154785156,14.572021484349339,1.423766661901027e-05
1854,81014.953,14.57494831085205,4.653321866499027e-06,-0.9509947299957275,2.9785456313350873e-09,0.029655031859874725,-3.2978712738440663e-07,0.003156190738081932,0.029999999998201254,-3.285191910237366e-07,-0.004841043620092512,trajectory,STRAIGHT,3.650022506713867,14.57494831082658,1.423766661901027e-05
1855,81015.046,14.576101303100586,4.640564384317258e-06,-0.9508715271949768,3.3429907862685616e-09,0.02967238426208496,-3.244277877456625e-07,0.0031504256185144186,0.029999999998201236,-3.285205763143899e-07,-0.004846742550564648,trajectory,STRAIGHT,3.649381637573242,14.576101303075186,1.423766661901027e-05
1856,81015.187,14.580635070800781,4.59253396911663e-06,-0.9503910541534424,4.627161506909227e-09,0.029734082520008087,-3.034081430541846e-07,0.00313002010807395,0.029999999998199564,-3.2867372435306345e-07,-0.004888293856235741,trajectory,STRAIGHT,3.648758888244629,14.580635070775635,1.423766661901027e-05
1857,81015.937,14.584041595458984,4.558837190415943e-06,-0.9500353336334229,5.690120328473066e-09,0.02977336384356022,-2.877521581012843e-07,0.0031168763525784016,0.02999999999819636,-3.289658769040971e-07,-0.004926128043162699,trajectory,STRAIGHT,3.6481447219848633,14.584041595434002,1.423766661901027e-05
1858,81016.281,14.600774765014648,4.417161562741967e-06,-0.9246901273727417,1.124580202508063e-08,0.019303057342767715,-1.407366880812333e-07,0.06481538712978363,0.0,0.0,0.0,control_loop_hover,STRAIGHT,3.60343074798584,14.600774764990213,1.423766661901027e-05
1859,81016.609,14.606026649475098,4.383884061098797e-06,-0.9011854529380798,1.0496474491439342e-08,0.01777591183781624,-8.900093462216319e-08,0.07041604816913605,0.02999999999813922,-3.3413575204045725e-07,-0.013881195320122969,trajectory,STRAIGHT,3.5776174068450928,14.606026649450707,1.423766661901027e-05
1860,81016.953,14.610918998718262,4.363393600215204e-06,-0.8848620653152466,7.277284847961755e-09,0.014504549093544483,-4.978082301931863e-08,0.05459059029817581,0.02999999999811103,-3.366567659818162e-07,-0.014463520573996514,trajectory,STRAIGHT,3.5311403274536133,14.610918998693794,1.423766661901027e-05
1861,81017.296,14.615556716918945,4.352720679889899e-06,-0.8699008822441101,4.551739602362143e-09,0.01643044501543045,-2.2077887962268505e-08,0.047468893229961395,0.02999999999807559,-3.3980075269588033e-07,-0.015358674921190533,trajectory,STRAIGHT,3.502110004425049,14.615556716894304,1.423766661901027e-05
1862,81017.625,14.620880126953125,4.348729817138519e-06,-0.85946124792099,2.584505282665726e-09,0.019748369231820107,-7.010332314649759e-09,0.032279860228300095,0.02999999999802549,-3.4419532950433424e-07,-0.015322544628699673,trajectory,STRAIGHT,3.470712423324585,14.620880126928183,1.423766661901027e-05
1863,81017.937,14.626319885253906,4.347606136434479e-06,-0.8531883955001831,1.8931224320307206e-09,0.022240139544010162,-3.1977189784981874e-09,0.029166076332330704,0.02999999999796889,-3.490937879824601e-07,-0.01584553429477653,trajectory,STRAIGHT,3.458536148071289,14.626319885228614,1.423766661901027e-05
1864,81018.062,14.63325309753418,4.3459804146550596e-06,-0.8487609624862671,1.2012428721078041e-09,0.024380311369895935,-9.666680789166548e-09,0.015177826397120953,0.029999999997893205,-3.555384602211397e-07,-0.015223314188068146,trajectory,STRAIGHT,3.4456698894500732,14.63325309750843,1.423766661901027e-05
1865,81018.171,14.63554573059082,4.344884928286774e-06,-0.8477141857147217,9.959776580314076e-10,0.02496112883090973,-1.4119543756407893e-08,0.005808067973703146,0.02999999999786777,-3.5767844810805636e-07,-0.01472050019624553,trajectory,STRAIGHT,3.442610502243042,14.635545730564921,1.423766661901027e-05
1866,81018.281,14.638123512268066,4.343140062701423e-06,-0.8476680517196655,5.770159066762027e-10,0.025570906698703766,-2.0322413973872244e-08,-0.004610226023942232,0.02999999999783917,-3.600688924085914e-07,-0.013889343376186707,trajectory,STRAIGHT,3.4418704509735107,14.638123512242004,1.423766661901027e-05
1867,81018.39,14.64013671875,4.3413383536972106e-06,-0.848281979560852,1.35110459647556e-10,0.02600431814789772,-2.5985483986801228e-08,-0.010959969833493233,0.029999999997816905,-3.619196956906508e-07,-0.013398661945409781,trajectory,STRAIGHT,3.438782215118408,14.640136718723813,1.423766661901027e-05
1868,81018.421,14.641231536865234,4.3401769289630465e-06,-0.848807156085968,-1.2146962408704878e-10,0.026224201545119286,-2.936545762111109e-08,-0.014000367373228073,0.029999999997804828,-3.629193027101278e-07,-0.013129171315975196,trajectory,STRAIGHT,3.4384169578552246,14.641231536838982,1.423766661901027e-05
1869,81018.5,14.642814636230469,4.33826016887906e-06,-0.8497535586357117,-5.70558583339298e-10,0.026521068066358566,-3.459081199252978e-08,-0.017442960292100906,0.029999999997787446,-3.6435337055269297e-07,-0.012756420727021567,trajectory,STRAIGHT,3.4384169578552246,14.642814636204124,1.423766661901027e-05
1870,81018.625,14.645707130432129,4.333964170655236e-06,-0.8519390821456909,-1.641022868146644e-09,0.02700543962419033,-4.518767582339933e-08,-0.02293425053358078,0.029999999997756013,-3.669322591432985e-07,-0.012207841332204216,trajectory,STRAIGHT,3.4401392936706543,14.64570713040562,1.423766661901027e-05
1871,81018.718,14.64831829071045,4.329122020862997e-06,-0.854330837726593,-2.921315339828062e-09,0.027383949607610703,-5.58841826148182e-08,-0.02648104727268219,0.029999999997728122,-3.692055514720728e-07,-0.011666973316517218,trajectory,STRAIGHT,3.443439245223999,14.648318290683804,1.423766661901027e-05
1872,81018.828,14.64938735961914,4.3268514673400205e-06,-0.8553909659385681,-3.387722541316522e-09,0.027524594217538834,-6.057290846683827e-08,-0.027618885040283203,0.02999999999771681,-3.70123309071234e-07,-0.011522939884510381,trajectory,STRAIGHT,3.4478907585144043,14.649387359592442,1.423766661901027e-05
1873,81018.953,14.65372371673584,4.315825208323076e-06,-0.8600035905838013,-5.6807004912109225e-09,0.028018776327371597,-8.132798257065588e-08,-0.03192569687962532,0.02999999999767203,-3.7373551045464343e-07,-0.010796176471672587,trajectory,STRAIGHT,3.4532761573791504,14.653723716708944,1.423766661901027e-05
1874,81019.062,14.656681060791016,4.306472874304745e-06,-0.8633907437324524,-7.62781717038031e-09,0.02829575166106224,-9.706301540290951e-08,-0.03232881426811218,0.02999999999764272,-3.760806883928043e-07,-0.010594569423161082,trajectory,STRAIGHT,3.459254503250122,14.656681060764006,1.423766661901027e-05
1875,81019.171,14.659320831298828,4.296749921195442e-06,-0.866406261920929,-9.472402242202491e-09,0.028509223833680153,-1.1220539875012037e-07,-0.032473787665367126,0.029999999997617526,-3.780850077010632e-07,-0.010080890599092434,trajectory,STRAIGHT,3.4657719135284424,14.659320831271732,1.423766661901027e-05
1876,81019.281,14.662067413330078,4.285180693841539e-06,-0.8695507049560547,-1.1325560366915827e-08,0.02870207652449608,-1.2903022650334606e-07,-0.03280174359679222,0.029999999997592352,-3.800775882352734e-07,-0.009897431972822139,trajectory,STRAIGHT,3.4725942611694336,14.662067413302909,1.423766661901027e-05
1877,81019.375,14.664312362670898,4.274553248251323e-06,-0.8721219301223755,-1.3267979281393477e-08,0.02884041517972946,-1.4358440125761263e-07,-0.032708246260881424,0.02999999999757285,-3.816136380770291e-07,-0.00950583980752506,trajectory,STRAIGHT,3.4794247150421143,14.664312362643683,1.423766661901027e-05
1878,81019.515,14.667610168457031,4.256903139321366e-06,-0.8758566975593567,-1.5747969696231817e-08,0.029016802087426186,-1.6629685717362008e-07,-0.03279515728354454,0.029999999997545775,-3.837363484534207e-07,-0.00931214855386295,trajectory,STRAIGHT,3.4794247150421143,14.667610168429773,1.423766661901027e-05
1879,81019.609,14.669875144958496,4.2432920963619836e-06,-0.8784353137016296,-1.733343736572993e-08,0.029121872037649155,-1.8281410518738994e-07,-0.032611917704343796,0.029999999997528455,-3.8508792956362887e-07,-0.008920953346095911,trajectory,STRAIGHT,3.486302614212036,14.669875144931225,1.423766661901027e-05
1880,81019.703,14.671278953552246,4.2342644519521855e-06,-0.8799944519996643,-1.8393787397068417e-08,0.02918090485036373,-1.933746034410433e-07,-0.03245480731129646,0.0,0.0,0.0,trajectory_no_feasible,STRAIGHT,3.4931766986846924,14.671278953524975,1.423766661901027e-05
1881,81019.828,14.675661087036133,4.202773652650649e-06,-0.8847759962081909,-2.1126012266447095e-08,0.028940116986632347,-2.2395867915747658e-07,-0.03190205618739128,0.02999999999748957,-3.8810529634895204e-07,-0.008479001344952006,trajectory,STRAIGHT,3.500007390975952,14.675661087008903,1.423766661901027e-05
1882,81019.937,14.677960395812988,4.1843341023195535e-06,-0.8873547911643982,-2.213851228107975e-08,0.027783585712313652,-2.3043003238853998e-07,-0.030862152576446533,0.02999999999747626,-3.89132693922538e-07,-0.00822327547956461,trajectory,STRAIGHT,3.5068061351776123,14.677960395785805,1.423766661901027e-05
1883,81020.031,14.680502891540527,4.162478489888599e-06,-0.8901578187942505,-2.3380195406048948e-08,0.027016732841730118,-2.404922270216048e-07,-0.029411891475319862,0.02999999999746311,-3.901451820402539e-07,-0.00819914498616213,trajectory,STRAIGHT,3.5113821029663086,14.680502891513413,1.423766661901027e-05
1884,81020.062,14.681394577026367,4.154463113081874e-06,-0.8911274671554565,-2.3827846271941927e-08,0.026874786242842674,-2.4542862320231507e-07,-0.02939116209745407,0.029999999997458875,-3.904708896338365e-07,-0.00791598167704244,trajectory,STRAIGHT,3.5121023654937744,14.681394576999281,1.423766661901027e-05
1885,81020.265,14.685721397399902,4.1121379581454676e-06,-0.8957111239433289,-2.5215997762271288e-08,0.026764672249555588,-2.7997569418403145e-07,-0.028370480984449387,0.02999999999744188,-3.9177466190499487e-07,-0.007768453326689198,trajectory,STRAIGHT,3.5236170291900635,14.685721397373,1.423766661901027e-05
1886,81020.359,14.688459396362305,4.082080522493925e-06,-0.8985819816589355,-2.593166262681434e-08,0.026959151029586792,-3.10495437361169e-07,-0.02711162343621254,0.0299999999974349,-3.9230858277343085e-07,-0.007481749258168545,trajectory,STRAIGHT,3.5321106910705566,14.688459396335562,1.423766661901027e-05
1887,81020.453,14.689026832580566,4.0754857764113694e-06,-0.8991492390632629,-2.6020410839827995e-08,0.02701096050441265,-3.17622721013322e-07,-0.026870589703321457,0.02999999999743387,-3.923869856912421e-07,-0.007472669086583462,trajectory,STRAIGHT,3.5321106910705566,14.68902683255386,1.423766661901027e-05
1888,81020.593,14.693681716918945,4.015564172732411e-06,-0.9035444259643555,-2.6685120227357198e-08,0.02749062515795231,-3.8640499155917496e-07,-0.025635436177253723,0.029999999997432747,-3.9247314837382667e-07,-0.007200739432509766,trajectory,STRAIGHT,3.5425572395324707,14.693681716892625,1.423766661901027e-05
1889,81020.703,14.696418762207031,3.9749597817717586e-06,-0.9060201644897461,-2.7609827445170707e-08,0.027773648500442505,-4.3489885115377547e-07,-0.024031862616539,0.02999999999743921,-3.91978567385552e-07,-0.007012226614711997,trajectory,STRAIGHT,3.5476081371307373,14.696418762181008,1.423766661901027e-05
1890,81020.781,14.698596000671387,3.939398993679788e-06,-0.9078626036643982,-2.822020903667309e-08,0.02798554301261902,-4.772497277372167e-07,-0.02301955036818981,0.029999999997448616,-3.912582432450804e-07,-0.007001089635847328,trajectory,STRAIGHT,3.5527729988098145,14.698596000645642,1.423766661901027e-05
1891,81020.875,14.699687004089355,3.920377366739558e-06,-0.9087551832199097,-2.83833924861041e-08,0.02808651514351368,-4.98074200550036e-07,-0.022704031318426132,0.029999999997454882,-3.9077764046600547e-07,-0.0067920722146844,trajectory,STRAIGHT,3.557915449142456,14.699687004063767,1.423766661901027e-05
1892,81021.015,14.703840255737305,3.841774287138833e-06,-0.9120016098022461,-2.8840745967148395e-08,0.028433067724108696,-5.694641345144191e-07,-0.02188541181385517,0.029999999997487134,-3.8829377318744343e-07,-0.0066952404459332555,trajectory,STRAIGHT,3.5628161430358887,14.703840255712388,1.423766661901027e-05
1893,81021.14,14.707013130187988,3.775923914872692e-06,-0.9144302606582642,-2.909886047751759e-08,0.028658300638198853,-6.159287408991077e-07,-0.02159230224788189,0.029999999997519847,-3.8575773033078395e-07,-0.0064154949037541625,trajectory,STRAIGHT,3.5628161430358887,14.707013130163658,1.423766661901027e-05
1894,81021.265,14.710031509399414,3.7092361253598938e-06,-0.9167048931121826,-2.91372723652804e-08,0.028844011947512627,-6.522727744595613e-07,-0.021847862750291824,0.029999999997556693,-3.828816599869888e-07,-0.006281318440865445,trajectory,STRAIGHT,3.5675127506256104,14.71003150937569,1.423766661901027e-05
1895,81021.359,14.712895393371582,3.6435230867937207e-06,-0.9188920259475708,-2.9113233978773923e-08,0.028996801003813744,-6.728841412950715e-07,-0.0223401952534914,0.029999999997595308,-3.798439097443613e-07,-0.005926033568888308,trajectory,STRAIGHT,3.5721611976623535,14.712895393348463,1.423766661901027e-05
1896,81021.484,14.71576976776123,3.5764660424320027e-06,-0.9211276173591614,-2.9363638467919537e-08,0.0291301179677248,-6.794302294110821e-07,-0.022814661264419556,0.029999999997636095,-3.766087773559913e-07,-0.005776296717434527,trajectory,STRAIGHT,3.5767481327056885,14.71576976773873,1.423766661901027e-05
1897,81021.562,14.718138694763184,3.521574171827524e-06,-0.9229901432991028,-2.9822148795371794e-08,0.029226241633296013,-6.743247240592609e-07,-0.023169711232185364,0.029999999997669665,-3.739252316472282e-07,-0.005460545361982464,trajectory,STRAIGHT,3.5813519954681396,14.718138694741185,1.423766661901027e-05
1898,81021.671,14.719367027282715,3.493376198093756e-06,-0.9239670038223267,-2.99629494371016e-08,0.029271911829710007,-6.679710509160941e-07,-0.02334199659526348,0.02999999999768681,-3.7254719990754455e-07,-0.0053979195067750205,trajectory,STRAIGHT,3.586041212081909,14.719367027260972,1.423766661901027e-05
1899,81021.796,14.724023818969727,3.390214260434732e-06,-0.9277263283729553,-3.0098359653569e-08,0.02942201867699623,-6.285004019446205e-07,-0.023926854133605957,0.029999999997747464,-3.67630403885048e-07,-0.005038474864927515,trajectory,STRAIGHT,3.5908143520355225,14.724023818948902,1.423766661901027e-05
1900,81021.906,14.726773262023926,3.332792175569921e-06,-0.9299657344818115,-3.049058630901313e-08,0.02949516847729683,-6.053176662135229e-07,-0.024224258959293365,0.029999999997779313,-3.650222547594361e-07,-0.004737623878926162,trajectory,STRAIGHT,3.595665454864502,14.726773262003599,1.423766661901027e-05
1901,81022.015,14.729256629943848,3.2830143936735112e-06,-0.9320109486579895,-3.06594743304376e-08,0.029553301632404327,-5.797132303086983e-07,-0.02446777932345867,0.029999999997805567,-3.6285803157608687e-07,-0.004615881540984038,trajectory,STRAIGHT,3.600581407546997,14.729256629923944,1.423766661901027e-05
1902,81022.125,14.730587005615234,3.2572120289842132e-06,-0.933114767074585,-3.048494453293169e-08,0.029581649228930473,-5.669690494869428e-07,-0.024589363485574722,0.029999999997818508,-3.6178644567340986e-07,-0.00436280757188797,trajectory,STRAIGHT,3.6055567264556885,14.730587005595545,1.423766661901027e-05
1903,81022.234,14.735198974609375,3.1724409836897394e-06,-0.9369810223579407,-3.013978648900441e-08,0.029666755348443985,-5.18766910317936e-07,-0.024966830387711525,0.029999999997857844,-3.5850993391289147e-07,-0.004139297455549241,trajectory,STRAIGHT,3.610588312149048,14.735198974590372,1.423766661901027e-05
1904,81022.343,14.737859725952148,3.126973979306058e-06,-0.9392367005348206,-3.0182984286299745e-08,0.02970774844288826,-4.926511678604584e-07,-0.025156915187835693,0.029999999997876406,-3.569533694859565e-07,-0.0037930492061497415,trajectory,STRAIGHT,3.6156678199768066,14.737859725933498,1.423766661901027e-05
1905,81022.437,14.740806579589844,3.0793235055170953e-06,-0.9417368173599243,-3.0008113506570886e-08,0.029747048392891884,-4.7125578817031055e-07,-0.025345247238874435,0.0,0.0,0.0,trajectory_no_feasible,STRAIGHT,3.6207900047302246,14.740806579571553,1.423766661901027e-05
1906,81022.531,14.741344451904297,3.0708686153957387e-06,-0.942193329334259,-2.9992340065933585e-08,0.029753603041172028,-4.6819093313388294e-07,-0.025377362966537476,0.029999999997896352,-3.5527298206896457e-07,-0.0034187342971002963,trajectory,STRAIGHT,3.6207900047302246,14.741344451886068,1.423766661901027e-05
1907,81022.671,14.746248245239258,2.99533144243469e-06,-0.9464812874794006,-2.9791641632232887e-08,0.028367791324853897,-4.300678142499237e-07,-0.025650041177868843,0.029999999997920454,-3.5323165710151613e-07,-0.00316247470626523,trajectory,STRAIGHT,3.631148338317871,14.74624824522158,1.423766661901027e-05
1908,81022.765,14.748862266540527,2.956265689135762e-06,-0.9488727450370789,-2.9678477867120065e-08,0.027924180030822754,-4.0984849647429655e-07,-0.0257771797478199,0.029999999997931945,-3.5225438996922897e-07,-0.002844427847530847,trajectory,STRAIGHT,3.631148338317871,14.748862266523128,1.423766661901027e-05
1909,81022.89,14.75136947631836,2.920245606219396e-06,-0.9511979818344116,-2.9687664334763478e-08,0.027787692844867706,-3.9148170571934315e-07,-0.0258907750248909,0.029999999997941156,-3.514690356624701e-07,-0.0027190783854985283,trajectory,STRAIGHT,3.6289069652557373,14.75136947630121,1.423766661901027e-05
1910,81023.0,14.753941535949707,2.8844642656622455e-06,-0.9530730843544006,-3.007609223502475e-08,0.027815645560622215,-3.79227060420817e-07,-0.006482025142759085,0.029999999997949243,-3.507780721353099e-07,-0.003970892682789111,trajectory,STRAIGHT,3.6388418674468994,14.7539415359328,1.423766661901027e-05
1911,81023.109,14.756878852844238,2.845026301656617e-06,-0.9529951810836792,-3.036467321358817e-08,0.02795581705868244,-3.7335027514018293e-07,0.0042670187540352345,0.029999999997956557,-3.5015185315734187e-07,-0.0048347113580687285,trajectory,STRAIGHT,3.6462342739105225,14.756878852827592,1.423766661901027e-05
1912,81023.25,14.76015853881836,2.801241180350189e-06,-0.9524097442626953,-3.025368357516571e-08,0.028171338140964508,-3.76891932774015e-07,0.0052613974548876286,0.029999999997964405,-3.494789948392835e-07,-0.004864610658131512,trajectory,STRAIGHT,3.651898145675659,14.760158538802001,1.423766661901027e-05
1913,81023.343,14.762450218200684,2.770393393802806e-06,-0.9519864320755005,-3.011662183377105e-08,0.028330672532320023,-3.8562910731343436e-07,0.0051652840338647366,0.029999999997970362,-3.48967594380383e-07,-0.004903796271334972,trajectory,STRAIGHT,3.6522581577301025,14.76245021818453,1.423766661901027e-05
1914,81023.375,14.763553619384766,2.755239847829216e-06,-0.951786458492279,-3.0074226522622374e-08,0.028406882658600807,-3.9167005638773844e-07,0.005087677389383316,0.029999999997973714,-3.486789138172788e-07,-0.00490758641893753,trajectory,STRAIGHT,3.6511027812957764,14.763553619368713,1.423766661901027e-05
1915,81023.468,14.765949249267578,2.7216617581871105e-06,-0.9513664245605469,-3.002602208524988e-08,0.0285661444067955,-4.087181082468305e-07,0.004913000389933586,0.029999999997982127,-3.4795455299733385e-07,-0.0049419851451104405,trajectory,STRAIGHT,3.6511027812957764,14.765949249251754,1.423766661901027e-05
1916,81023.593,14.768781661987305,2.6801433250511764e-06,-0.9508897066116333,-2.9892951217372447e-08,0.028741201385855675,-4.291790105526161e-07,0.004718778654932976,0.02999999999799497,-3.4684509230743203e-07,-0.00495028330375607,trajectory,STRAIGHT,3.649970769882202,14.768781661971772,1.423766661901027e-05
1917,81023.687,14.771206855773926,2.6435052404849557e-06,-0.9504997134208679,-2.991754174147435e-08,0.028876924887299538,-4.4253411601857806e-07,0.004568730015307665,0.02999999999800789,-3.4572630934182456e-07,-0.004997159348175224,trajectory,STRAIGHT,3.648968458175659,14.771206855758654,1.423766661901027e-05
1918,81023.718,14.772161483764648,2.6288294066034723e-06,-0.9503498077392578,-2.996788955017903e-08,0.028926875442266464,-4.4677446453533776e-07,0.0045134094543755054,0.02999999999801343,-3.4524472994249916e-07,-0.005000228987381157,trajectory,STRAIGHT,3.6480610370635986,14.772161483749482,1.423766661901027e-05
1919,81023.812,14.774331092834473,2.5950203053071164e-06,-0.9500157833099365,-3.022418079547574e-08,0.029033372178673744,-4.543008742530219e-07,0.004394908901304007,0.029999999998026924,-3.440703923009832e-07,-0.0050311594727084795,trajectory,STRAIGHT,3.6480610370635986,14.774331092819553,1.423766661901027e-05
1920,81023.953,14.777477264404297,2.545592451497214e-06,-0.9495495557785034,-3.0765504398731806e-08,0.029170116409659386,-4.5998854147910606e-07,0.004240561742335558,0.02999999999804754,-3.422679152762486e-07,-0.00504212307656266,trajectory,STRAIGHT,3.647217273712158,14.777477264389736,1.423766661901027e-05
1921,81024.046,14.780548095703125,2.497258037692518e-06,-0.9499004483222961,-3.1793335706962765e-08,0.029288094490766525,-4.5966351081005996e-07,-0.018114691600203514,0.029999999998068433,-3.404318961066173e-07,-0.0032713007267527816,trajectory,STRAIGHT,3.646413564682007,14.780548095688916,1.423766661901027e-05
1922,81024.156,14.781600952148438,2.4807338832033565e-06,-0.9506555199623108,-3.22469187782203e-08,0.029324540868401527,-4.582187216328748e-07,-0.023197079077363014,0.029999999998075667,-3.3979422680923143e-07,-0.002826956146579289,trajectory,STRAIGHT,3.6456363201141357,14.78160095213435,1.423766661901027e-05
1923,81024.296,14.786540031433105,2.4048431441769935e-06,-0.9537340998649597,-3.42398491480715e-08,0.02946842461824417,-4.4289708966971375e-07,-0.0015973863191902637,0.029999999998107704,-3.369532455661278e-07,-0.004352434873720897,trajectory,STRAIGHT,3.6449737548828125,14.786540031419559,1.423766661901027e-05
1924,81024.375,14.789023399353027,2.368168225075351e-06,-0.9536159634590149,-3.534423561544131e-08,0.029528971761465073,-4.2966524915755144e-07,0.0030929087661206722,0.029999999998121942,-3.3568339962888093e-07,-0.004598371465148212,trajectory,STRAIGHT,3.648533344268799,14.789023399339737,1.423766661901027e-05
1925,81024.406,14.789999008178711,2.3540890197182307e-06,-0.9535050988197327,-3.582178726111856e-08,0.02955094538629055,-4.235963046994584e-07,0.0035655053798109293,0.0299999999981271,-3.3522218943338256e-07,-0.004641722426207544,trajectory,STRAIGHT,3.6533687114715576,14.789999008165516,1.423766661901027e-05
1926,81024.515,14.792216300964355,2.3227748897625133e-06,-0.9532213807106018,-3.663676271211239e-08,0.029597243294119835,-4.120370817872754e-07,0.0038957030046731234,0.029999999998137777,-3.34265254438032e-07,-0.0046923805737292615,trajectory,STRAIGHT,3.6533687114715576,14.792216300951372,1.423766661901027e-05
1927,81024.609,14.794877052307129,2.2861368051962927e-06,-0.9528695344924927,-3.77073046238425e-08,0.029646635055541992,-4.0300844261764723e-07,0.0038978103548288345,0.029999999998149347,-3.3322485814588936e-07,-0.004710141472647176,trajectory,STRAIGHT,3.6539134979248047,14.794877052294389,1.423766661901027e-05
1928,81024.734,14.79611873626709,2.269264768983703e-06,-0.9527063965797424,-3.815034798901667e-08,0.02966758981347084,-4.0060510286821227e-07,0.0038674541283398867,0.029999999998154454,-3.327652457529952e-07,-0.00474378026455115,trajectory,STRAIGHT,3.6533074378967285,14.796118736254462,1.423766661901027e-05
1929,81024.828,14.800203323364258,2.214164851466194e-06,-0.9521806836128235,-3.9038270577311586e-08,0.02972813881933689,-3.980997576036316e-07,0.0037537862081080675,0.029999999998170764,-3.312915667706934e-07,-0.004760972479278551,trajectory,STRAIGHT,3.6525697708129883,14.800203323351989,1.423766661901027e-05
1930,81024.843,14.801010131835938,2.2034339508536505e-06,-0.9520795941352844,-3.9167126591644457e-08,0.02973863296210766,-3.966956114709319e-07,0.0037324351724237204,0.02999999999817379,-3.310178718574683e-07,-0.004764318870300757,trajectory,STRAIGHT,3.651826858520508,14.801010131823737,1.423766661901027e-05
1931,81025.015,14.803251266479492,2.1739119802077767e-06,-0.9518017768859863,-3.974026980788687e-08,0.02976571023464203,-3.89803943789957e-07,0.003676040330901742,0.02999999999818188,-3.3028316272673346e-07,-0.0048039485841491515,trajectory,STRAIGHT,3.651826858520508,14.803251266467482,1.423766661901027e-05
1932,81025.125,14.808540344238281,2.1063187887193635e-06,-0.9511617422103882,-3.998230266686498e-08,0.029819032177329063,-3.7481129311345285e-07,0.0035596401430666447,0.02999999999819772,-3.2884167408601663e-07,-0.00484327774556457,trajectory,STRAIGHT,3.650376558303833,14.808540344226696,1.423766661901027e-05
1933,81025.25,14.811408996582031,2.070806203846587e-06,-0.9508225917816162,-3.982132474863197e-08,0.029842689633369446,-3.65390491197104e-07,0.003505388041958213,0.029999999998204557,-3.282176067896939e-07,-0.004884001805742968,trajectory,STRAIGHT,3.649664878845215,14.811408996570663,1.423766661901027e-05
1934,81025.359,14.814277648925781,2.0362545001262333e-06,-0.9504885077476501,-3.986701769489763e-08,0.0298632625490427,-3.538151531756739e-07,0.003456567646935582,0.029999999998209955,-3.2772312411717767e-07,-0.004896800375839461,trajectory,STRAIGHT,3.648963689804077,14.814277648914619,1.423766661901027e-05
1935,81025.453,14.816339492797852,2.0121860870858654e-06,-0.950251042842865,-3.993878853923452e-08,0.02987636625766754,-3.4388412473163044e-07,0.003424503607675433,0.029999999998212592,-3.2748209280485927e-07,-0.004935673151842608,trajectory,STRAIGHT,3.648963689804077,14.81633949278683,1.423766661901027e-05
1936,81025.484,14.817594528198242,1.9978538148279767e-06,-0.9501075744628906,-3.9914564384756495e-08,0.029883719980716705,-3.3875872418320796e-07,0.003406153991818428,0.029999999998213622,-3.2738708330914715e-07,-0.004941378601572765,trajectory,STRAIGHT,3.648270845413208,14.817594528187302,1.423766661901027e-05
1937,81025.562,14.819746017456055,1.9737176444323268e-06,-0.9498634934425354,-3.996932562489104e-08,0.029895320534706116,-3.32116997014964e-07,0.0033766760025173426,0.029999999998214684,-3.272903577114907e-07,-0.004967952851082949,trajectory,STRAIGHT,3.648270845413208,14.819746017445249,1.423766661901027e-05
1938,81025.718,14.823331832885742,1.934247848112136e-06,-0.9508320093154907,-4.036276276083395e-08,0.029912494122982025,-3.269667843142088e-07,-0.02264796756207943,0.029999999998215194,-3.2724350925659485e-07,-0.0028375555722674416,trajectory,STRAIGHT,3.647584915161133,14.823331832875153,1.423766661901027e-05
1939,81025.828,14.826559066772461,1.8988890815307968e-06,-0.9528658390045166,-4.047545753748249e-08,0.02992508001625538,-3.287998424639227e-07,-0.005576607771217823,0.02999999999821528,-3.2723572430402004e-07,-0.00406975978533414,trajectory,STRAIGHT,3.6469061374664307,14.826559066762066,1.423766661901027e-05
1940,81025.937,14.829338073730469,1.8680452740227338e-06,-0.9529157876968384,-4.0479391059714106e-08,0.029934506863355637,-3.352630812969437e-07,0.002161020180210471,0.029999999998216086,-3.271620724799667e-07,-0.004686272586832314,trajectory,STRAIGHT,3.65065336227417,14.829338073720246,1.423766661901027e-05
1941,81026.046,14.832386016845703,1.8332655145059107e-06,-0.9526177048683167,-4.062256716051093e-08,0.02994353696703911,-3.475902872196457e-07,0.0032969831954687834,0.029999999998218896,-3.269040988831332e-07,-0.004700545996083238,trajectory,STRAIGHT,3.65065336227417,14.832386016835677,1.423766661901027e-05
1942,81026.14,14.834627151489258,1.8067439668811858e-06,-0.952365517616272,-4.11840151582631e-08,0.029949381947517395,-3.6013125281897373e-07,0.003392922692000866,0.029999999998223045,-3.265227511801029e-07,-0.004733920632102381,trajectory,STRAIGHT,3.6528759002685547,14.834627151479388,1.423766661901027e-05
1943,81026.25,14.83597183227539,1.790340434126847e-06,-0.9522126317024231,-4.166175201146536e-08,0.02995259501039982,-3.6906777722833795e-07,0.003394719213247299,0.02999999999822661,-3.2619520621025404e-07,-0.00474170864949454,trajectory,STRAIGHT,3.652540683746338,14.83597183226562,1.423766661901027e-05
1944,81026.375,14.840723037719727,1.7286484990108875e-06,-0.9516763091087341,-4.364236773067113e-08,0.029962405562400818,-4.090641709808551e-07,0.0033457637764513493,0.029999999998247335,-3.2428367238465224e-07,-0.004782396869063638,trajectory,STRAIGHT,3.6518871784210205,14.840723037710346,1.423766661901027e-05
1945,81026.484,14.843681335449219,1.686846758275351e-06,-0.9513468146324158,-4.486625894752316e-08,0.02996746078133583,-4.345548632045393e-07,0.0033124180044978857,0.029999999998267784,-3.223863246253177e-07,-0.004819756189275833,trajectory,STRAIGHT,3.6512022018432617,14.843681335440117,1.423766661901027e-05
1946,81026.609,14.84493637084961,1.6683969761288608e-06,-0.9512079954147339,-4.5487813896050936e-08,0.02996939793229103,-4.438262237727031e-07,0.00329920114018023,0.029999999998278168,-3.2141840345744385e-07,-0.004825639801014515,trajectory,STRAIGHT,3.6505210399627686,14.844936370840633,1.423766661901027e-05
1947,81026.703,14.849149703979492,1.6039737147366395e-06,-0.9507457613945007,-4.773951506055671e-08,0.029975082725286484,-4.6822898980281025e-07,0.003258843207731843,0.029999999998319316,-3.1755433766942056e-07,-0.004866088558951248,trajectory,STRAIGHT,3.6498448848724365,14.849149703970964,1.423766661901027e-05
1948,81026.796,14.850584030151367,1.5813507161510643e-06,-0.9505895376205444,-4.849615673788158e-08,0.029976755380630493,-4.741727650525718e-07,0.0032465001568198204,0.029999999998335188,-3.160514804470986e-07,-0.004893211010174611,trajectory,STRAIGHT,3.649174451828003,14.850584030142999,1.423766661901027e-05
1949,81026.921,14.855066299438477,1.509263711341191e-06,-0.9501052498817444,-5.1180619644615136e-08,0.02998134307563305,-4.850086270380416e-07,0.003211858682334423,0.029999999998389343,-3.108688818761187e-07,-0.004914654079155781,trajectory,STRAIGHT,3.6485095024108887,14.855066299430618,1.423766661901027e-05
1950,81027.031,14.858114242553711,1.4597114841308212e-06,-0.94977867603302,-5.318828307841383e-08,0.02998393028974533,-4.85680232031882e-07,0.003191327676177025,0.029999999998428745,-3.070424087009238e-07,-0.004957467937921776,trajectory,STRAIGHT,3.647850513458252,14.858114242546202,1.423766661901027e-05
1951,81027.14,14.860982894897461,1.4132580190562294e-06,-0.9503297805786133,-5.51993938812769e-08,0.029986102133989334,-4.812430347556074e-07,-0.019626080989837646,0.029999999998466552,-3.0332620392419584e-07,-0.003104520017360939,trajectory,STRAIGHT,3.64719557762146,14.860982894890277,1.423766661901027e-05
1952,81027.234,14.863044738769531,1.380244611937087e-06,-0.9514948725700378,-5.695244040915359e-08,0.029987402260303497,-4.7529030666737526e-07,-0.007740976754575968,0.029999999998493655,-3.0063350539061456e-07,-0.0039872136369772755,trajectory,STRAIGHT,3.646545648574829,14.863044738762577,1.423766661901027e-05
1953,81027.359,14.866451263427734,1.326867959505762e-06,-0.9516034126281738,-6.054988668044194e-08,0.029989294707775116,-4.5995196273906913e-07,0.002242154208943248,0.029999999998537287,-2.962472650262667e-07,-0.004780437111152013,trajectory,STRAIGHT,3.6478922367095947,14.866451263421142,1.423766661901027e-05
1954,81027.468,14.869230270385742,1.2848752248828532e-06,-0.9513412117958069,-6.414417595592087e-08,0.02999074012041092,-4.4233695462025935e-07,0.003124386537820101,0.029999999998570746,-2.9284004303759933e-07,-0.004808195015341401,trajectory,STRAIGHT,3.650317668914795,14.86923027037943,1.423766661901027e-05
1955,81027.562,14.87200927734375,1.2445567563190707e-06,-0.9510436058044434,-6.70152093978074e-08,0.02999194525182247,-4.25934246095494e-07,0.003233636263757944,0.029999999998601194,-2.897036766876545e-07,-0.004831815292984606,trajectory,STRAIGHT,3.650066614151001,14.8720092773377,1.423766661901027e-05
1956,81027.687,14.8748779296875,1.204438035529165e-06,-0.9507327079772949,-6.900982611845455e-08,0.029993019998073578,-4.0897660369410005e-07,0.0032300155144184828,0.029999999998629925,-2.8671281897062306e-07,-0.004871654077247618,trajectory,STRAIGHT,3.650066614151001,14.874877929681704,1.423766661901027e-05
1957,81027.765,14.877477645874023,1.1695450439219712e-06,-0.9504525065422058,-7.049178881626354e-08,0.029993992298841476,-3.9364138615383126e-07,0.0032131734769791365,0.0,0.0,0.0,trajectory_no_feasible,STRAIGHT,3.6494505405426025,14.877477645868442,1.423766661901027e-05
1958,81027.89,14.878732681274414,1.153147422883194e-06,-0.9503177404403687,-7.120942008106959e-08,0.029990285634994507,-3.872526974646462e-07,0.0032046670094132423,0.029999999998663884,-2.831377965847773e-07,-0.004916332313646787,trajectory,STRAIGHT,3.6487910747528076,14.878732681268932,1.423766661901027e-05
1959,81028.015,14.88345718383789,1.0935079899354605e-06,-0.949802815914154,-7.222343341301077e-08,0.028168825432658195,-3.4926605962937174e-07,0.0031702490523457527,0.02999999999869967,-2.7931988516276235e-07,-0.004945243269171458,trajectory,STRAIGHT,3.64813232421875,14.88345718383276,1.423766661901027e-05
1960,81028.125,14.8860445022583,1.0616832923915354e-06,-0.950046181678772,-7.209236527181017e-08,0.027566159144043922,-3.3580593594706443e-07,-0.016355125233530998,0.02999999999871807,-2.7733667752452694e-07,-0.0033936576139962835,trajectory,STRAIGHT,3.642651081085205,14.886044502253355,1.423766661901027e-05
1961,81028.218,14.888511657714844,1.0319029115635203e-06,-0.9515261650085449,-7.206467994386451e-08,0.027370089665055275,-3.2660656756888784e-07,-0.006475962232798338,0.029999999998734914,-2.7550913005683716e-07,-0.004109991487566249,trajectory,STRAIGHT,3.639939308166504,14.888511657710069,1.423766661901027e-05
1962,81028.25,14.889413833618164,1.0211681455984944e-06,-0.951651394367218,-7.208670141626635e-08,0.02735653519630432,-3.240408830151864e-07,-0.0016625076532363892,0.029999999998740846,-2.748615998044881e-07,-0.00448880638599755,trajectory,STRAIGHT,3.643394708633423,14.88941383361345,1.423766661901027e-05
1963,81028.453,14.894015312194824,9.67436335486127e-07,-0.9513328075408936,-7.285188876054998e-08,0.02754870429635048,-3.174442610998085e-07,0.0031116039026528597,0.029999999998770042,-2.716567375819461e-07,-0.004810984896287443,trajectory,STRAIGHT,3.649136543273926,14.894015312190408,1.423766661901027e-05
1964,81028.562,14.896504402160645,9.388440389557218e-07,-0.9510459899902344,-7.339881862727521e-08,0.027740629389882088,-3.1845314651945955e-07,0.0032213327940553427,0.02999999999878555,-2.69938317303604e-07,-0.004842595252663927,trajectory,STRAIGHT,3.6496546268463135,14.896504402156387,1.423766661901027e-05
1965,81028.671,14.899347305297852,9.061416790245858e-07,-0.9507176876068115,-7.411788003845845e-08,0.027978094294667244,-3.234364100990206e-07,0.003219063626602292,0.02999999999880422,-2.678561713512181e-07,-0.004858828838438825,trajectory,STRAIGHT,3.6484527587890625,14.899347305293773,1.423766661901027e-05
1966,81028.781,14.902127265930176,8.737200687392033e-07,-0.9503998756408691,-7.466837223981888e-08,0.028206808492541313,-3.321731867345079e-07,0.003200744977220893,0.029999999998824516,-2.655730666562074e-07,-0.004900266536931975,trajectory,STRAIGHT,3.6475393772125244,14.902127265926277,1.423766661901027e-05
1967,81028.89,14.9048433303833,8.412769147980725e-07,-0.9500934481620789,-7.559518734428945e-08,0.028415871784090996,-3.4431329254402954e-07,0.0031827748753130436,0.029999999998847525,-2.6296113510230454e-07,-0.00491415030271886,trajectory,STRAIGHT,3.6468348503112793,14.904843330379581,1.423766661901027e-05
1968,81028.984,14.90715503692627,8.128756689984584e-07,-0.9498359560966492,-7.664848699165563e-08,0.028578845784068108,-3.5736547943088226e-07,0.003168884664773941,0.02999999999887024,-2.6035636711384217e-07,-0.004953326758677347,trajectory,STRAIGHT,3.646247386932373,14.907155036922711,1.423766661901027e-05
1969,81029.109,14.909987449645996,7.767530405544676e-07,-0.9502463936805725,-7.746923782946183e-08,0.02876359038054943,-3.704234643464588e-07,-0.018452979624271393,0.02999999999890297,-2.5655750242406684e-07,-0.003203055736357553,trajectory,STRAIGHT,3.6457202434539795,14.909987449642644,1.423766661901027e-05
1970,81029.218,14.912850379943848,7.399632977467263e-07,-0.9519948959350586,-7.861607703352708e-08,0.028922108933329582,-3.706621214405459e-07,-0.006361078470945358,0.02999999999893855,-2.523632126006384e-07,-0.004076266212852122,trajectory,STRAIGHT,3.6452138423919678,14.912850379940707,1.423766661901027e-05
1971,81029.312,14.915367126464844,7.080574278006679e-07,-0.9520980715751648,-7.97010484074622e-08,0.029046133160591125,-3.621689188548771e-07,0.0016954425955191255,0.029999999998970003,-2.485956353830917e-07,-0.00471562911616397,trajectory,STRAIGHT,3.6452138423919678,14.915367126461883,1.423766661901027e-05
1972,81029.421,14.916322708129883,6.961666940696887e-07,-0.9520275592803955,-8.005120572576701e-08,0.029089879244565964,-3.584468117878714e-07,0.0024864105507731438,0.02999999999898163,-2.4718829106346037e-07,-0.004701116935963658,trajectory,STRAIGHT,3.647775650024414,14.916322708126987,1.423766661901027e-05
1973,81029.546,14.921060562133789,6.39700090232509e-07,-0.9515334963798523,-8.202548474814585e-08,0.029278704896569252,-3.380861528512469e-07,0.0032361680641770363,0.029999999999034795,-2.406496910814856e-07,-0.004785800682063131,trajectory,STRAIGHT,3.6502573490142822,14.921060562131197,1.423766661901027e-05
1974,81029.656,14.924043655395508,6.059463544261234e-07,-0.9512031674385071,-8.315538832287077e-08,0.02937757596373558,-3.2351050549550564e-07,0.0032360777258872986,0.029999999999065177,-2.368321612361024e-07,-0.004827102854859075,trajectory,STRAIGHT,3.6501009464263916,14.92404365539309,1.423766661901027e-05
1975,81029.765,14.926694869995117,5.774510896117135e-07,-0.9509126543998718,-8.443954445322842e-08,0.029453707858920097,-3.095265128649771e-07,0.003218372818082571,0.02999999999908905,-2.3378769170953202e-07,-0.004854718294949052,trajectory,STRAIGHT,3.6495912075042725,14.926694869992843,1.423766661901027e-05
1976,81029.89,14.92979907989502,5.458639975586266e-07,-0.9505758285522461,-8.513701805710643e-08,0.02953098900616169,-2.918812924690428e-07,0.0031970313284546137,0.029999999999112816,-2.3071804460639704e-07,-0.004869852268160103,trajectory,STRAIGHT,3.649031639099121,14.929799079892897,1.423766661901027e-05
1977,81030.015,14.932991981506348,5.153872848495666e-07,-0.950231671333313,-8.564391502234611e-08,0.029599180445075035,-2.7223731535741535e-07,0.0031770667992532253,0.029999999999132276,-2.2817349352350236e-07,-0.00491301214626124,trajectory,STRAIGHT,3.648460865020752,14.932991981504365,1.423766661901027e-05
1978,81030.125,14.935830116271973,4.901386319033918e-07,-0.9499274492263794,-8.598094248486917e-08,0.02965148724615574,-2.537767045396322e-07,0.0031612850725650787,0.029999999999144475,-2.265648073453682e-07,-0.004942074154078919,trajectory,STRAIGHT,3.647880792617798,14.9358301162701,1.423766661901027e-05
1979,81030.234,14.938756942749023,4.658672594359814e-07,-0.9503384828567505,-8.591593046128028e-08,0.02969931997358799,-2.3707700336217385e-07,-0.0184598620980978,0.029999999999151532,-2.2562827160329148e-07,-0.0031918306989073345,trajectory,STRAIGHT,3.6472971439361572,14.938756942747252,1.423766661901027e-05
1980,81030.343,14.941518783569336,4.443971022283222e-07,-0.9520456194877625,-8.609364405118178e-08,0.029737090691924095,-2.2533843946348497e-07,-0.0076362136751413345,0.02999999999915335,-2.2538633838378818e-07,-0.003967675182556937,trajectory,STRAIGHT,3.64670729637146,14.941518783567647,1.423766661901027e-05
1981,81030.453,14.944656372070312,4.212561179883778e-07,-0.9521686434745789,-8.615244037534379e-08,0.029774080961942673,-2.1611695899537153e-07,0.002041649306192994,0.0,0.0,0.0,trajectory_no_feasible,STRAIGHT,3.646498203277588,14.944656372068708,1.423766661901027e-05
1982,81030.578,14.94760513305664,4.002036178007984e-07,-0.9518959522247314,-8.660671545238934e-08,0.02943911962211132,-2.0798974276203808e-07,0.0031069694086909294,0.029999999999144593,-2.2654845419368295e-07,-0.004754242878281286,trajectory,STRAIGHT,3.650393486022949,14.947605133055113,1.423766661901027e-05
1983,81030.687,14.95036506652832,3.807540451816749e-07,-0.9515907168388367,-8.692254443508765e-08,0.028054991737008095,-1.9720164345926605e-07,0.0032261363230645657,0.029999999999137203,-2.2752502570099672e-07,-0.004791013059744364,trajectory,STRAIGHT,3.651191473007202,14.95036506652686,1.423766661901027e-05
1984,81030.812,14.953262329101562,3.606640746056655e-07,-0.9512507915496826,-8.716181736682817e-08,0.027251461520791054,-1.854681528357105e-07,0.003230244619771838,0.029999999999126836,-2.288883853679373e-07,-0.0048083379879386495,trajectory,STRAIGHT,3.645509719848633,14.953262329100172,1.423766661901027e-05
1985,81030.906,14.955780982971191,3.438965165969421e-07,-0.9509512782096863,-8.732377889922962e-08,0.02702363207936287,-1.7512257954876986e-07,0.003211767878383398,0.029999999999113007,-2.3069382887839437e-07,-0.0048501673273904505,trajectory,STRAIGHT,3.6428472995758057,14.955780982969854,1.423766661901027e-05
1986,81031.015,14.957077980041504,3.3561835266482376e-07,-0.950797438621521,-8.733342232894576e-08,0.027012314647436142,-1.69794063253903e-07,0.00320169935002923,0.02999999999910326,-2.3195774062777244e-07,-0.0048570538245303815,trajectory,STRAIGHT,3.6464731693267822,14.957077980040191,1.423766661901027e-05
1987,81031.156,14.961793899536133,3.077514918459201e-07,-0.9502429962158203,-8.77750726324953e-08,0.02728048339486122,-1.505159303860637e-07,0.0031690504401922226,0.02999999999904784,-2.390178099024025e-07,-0.004902072731240352,trajectory,STRAIGHT,3.648353099822998,14.961793899534893,1.423766661901027e-05
1988,81031.265,14.964421272277832,2.938115528650087e-07,-0.9499397277832031,-8.794939575626173e-08,0.027520911768078804,-1.398950075781613e-07,0.0031538521870970726,0.029999999998998737,-2.451035581036585e-07,-0.004940368270544912,trajectory,STRAIGHT,3.6475236415863037,14.964421272276619,1.423766661901027e-05
1989,81031.375,14.966910362243652,2.8167403343104525e-07,-0.9501367211341858,-8.820398445198965e-08,0.0277642123401165,-1.2973261220849963e-07,-0.01558690145611763,0.029999999998935482,-2.527275132892207e-07,-0.003431258311538602,trajectory,STRAIGHT,3.6461658477783203,14.966910362242453,1.423766661901027e-05
1990,81031.406,14.967911720275879,2.7707679350896797e-07,-0.9508371949195862,-8.835461369363666e-08,0.02786056138575077,-1.2567957696774101e-07,-0.02213369309902191,0.02999999999890436,-2.563942177306639e-07,-0.002877158291979356,trajectory,STRAIGHT,3.6452443599700928,14.967911720274683,1.423766661901027e-05
1991,81031.5,14.970261573791504,2.668981267106574e-07,-0.9517040848731995,-8.887740478023877e-08,0.02806953340768814,-1.166245695571888e-07,-0.0019326277542859316,0.029738426208519696,-2.6425505256699656e-07,-0.00444989902187757,trajectory,STRAIGHT,3.6452443599700928,14.970261573790307,1.423766661901027e-05
1992,81031.625,14.973138809204102,2.555734113229846e-07,-0.9515923857688904,-8.942602856202954e-08,0.028307707980275154,-1.0540754402654784e-07,0.0026257827412337065,0.026861190795921183,-2.5317132170765946e-07,-0.004751327056745615,trajectory,STRAIGHT,3.645211696624756,14.973138809202887,1.423766661901027e-05
1993,81031.734,14.975431442260742,2.47397252906012e-07,-0.9513537287712097,-8.955577307033602e-08,0.028452454134821892,-9.646483078995516e-08,0.0031273907516151667,0.02456855773927987,-2.451969967244486e-07,-0.004808293741034027,trajectory,STRAIGHT,3.648486375808716,14.975431442259497,1.423766661901027e-05
1994,81031.843,14.978178024291992,2.3864569698162086e-07,-0.9510480761528015,-8.93563154069218e-08,0.028455903753638268,-8.584994759530673e-08,0.003209478221833706,0.02182197570802905,-2.3669576563745297e-07,-0.00483014336957192,trajectory,STRAIGHT,3.6487796306610107,14.978178024290687,1.423766661901027e-05
1995,81031.953,14.981234550476074,2.3001933868727065e-07,-0.9507015943527222,-8.910789931031015e-08,0.028203269466757774,-7.389027700810402e-08,0.003199952654540539,0.0,0.0,-0.004870608417243124,trajectory,STRAIGHT,3.6490516662597656,14.981234550474664,1.423766661901027e-05
1996,81032.078,14.983918190002441,2.2343695604831737e-07,-0.9503956437110901,-8.95548685766408e-08,0.02754155732691288,-6.322563450567031e-08,0.0031650331802666187,0.0,0.0,-0.004898327914459154,trajectory,STRAIGHT,3.6483638286590576,14.983918190000889,1.423766661901027e-05
1997,81032.187,14.986796379089355,2.172611175410566e-07,-0.9500567317008972,-8.986565877047717e-08,0.02559169940650463,-5.112562462272763e-08,0.003114867489784956,0.0,0.0,-0.004911260259730265,trajectory,STRAIGHT,3.6461923122406006,14.986796379087568,1.423766661901027e-05
1998,81032.296,14.989147186279297,2.1287108609158167e-07,-0.9497588276863098,-9.022211361782825e-08,0.02333509735763073,-4.0328131944988854e-08,0.003089971374720335,0.0,0.0,-0.004952482495521299,trajectory,STRAIGHT,3.639639377593994,14.98914718627721,1.423766661901027e-05
1999,81032.406,14.9913969039917,2.0935208056016563e-07,-0.9502335786819458,-9.066298157386848e-08,0.020741866901516914,-2.8593351686367896e-08,-0.019143832847476006,0.0,0.0,-0.003150040607963793,trajectory,STRAIGHT,3.634143352508545,14.991396903989152,1.423766661901027e-05
2000,81032.5,14.991827011108398,2.0877683937214897e-07,-0.9506718516349792,-9.07475705275983e-08,0.02021816000342369,-2.6205755787600538e-08,-0.021334907039999962,0.0,0.0,-0.00294507490466809,trajectory,STRAIGHT,3.6317250728607178,14.991827011105732,1.423766661901027e-05
2001,81032.625,14.994794845581055,2.0597504146735446e-07,-0.9514046907424927,-9.151323674891088e-08,0.016487838700413704,-8.2776665522033e-09,0.002246747026219964,0.0,0.0,-0.004794965274590012,trajectory,STRAIGHT,3.632617712020874,14.99479484557698,1.423766661901027e-05
2002,81032.75,14.996453285217285,2.0573395431711106e-07,-0.9510997533798218,-9.247981201236864e-08,0.01424933411180973,3.811518212160081e-09,0.003100285306572914,0.0,0.0,-0.004827066580103711,trajectory,STRAIGHT,3.635869026184082,14.996453285211318,1.423766661901027e-05
2003,81032.843,14.997734069824219,2.066150415203083e-07,-0.9507970809936523,-9.342171755614201e-08,0.012473165057599545,1.4540306736421371e-08,0.0031770425848662853,0.0,0.0,-0.004861731907782417,trajectory,STRAIGHT,3.6368532180786133,14.997734069814799,1.423766661901027e-05
2004,81032.875,14.997992515563965,2.0694500335594057e-07,-0.9507303237915039,-9.359347601287836e-08,0.012111367657780647,1.688424866586047e-08,0.0031791040673851967,0.0,0.0,-0.004865234686491352,trajectory,STRAIGHT,3.637587785720825,14.997992515553298,1.423766661901027e-05
2005,81032.953,14.99878978729248,2.0837553904584638e-07,-0.9505109786987305,-9.408233009369578e-08,0.01098807156085968,2.4578064028446533e-08,0.0031763806473463774,0.0,0.0,-0.004892207327810311,trajectory,STRAIGHT,3.637587785720825,14.998789787274541,1.423766661901027e-05
2006,81033.078,14.99988842010498,2.116793211826007e-07,-0.9501684904098511,-9.459776216772996e-08,0.009421284310519695,3.659735980932055e-08,0.0031635465566068888,0.0,0.0,0.0,trajectory_no_feasible,STRAIGHT,3.6382789611816406,14.999888419904192,1.423766661901027e-05
2007,81033.187,15.000707626342773,2.155633467282314e-07,-0.9498746991157532,-9.521542547224551e-08,0.008243813179433346,4.692585875432087e-08,0.003151779994368553,0.0,0.0,-0.0049467258025478215,trajectory,STRAIGHT,3.638885974884033,14.999292373624392,1.423766661901027e-05
2008,81033.281,15.001380920410156,2.200704898314143e-07,-0.9500263929367065,-9.626796563511494e-08,0.00725186662748456,5.6773401979626215e-08,-0.014750056900084019,0.0,0.0,-0.003519895813693061,trajectory,STRAIGHT,3.638885974884033,14.998619079572308,1.423766661901027e-05
2009,81033.39,15.002049446105957,2.2623453332926147e-07,-0.9515562057495117,-9.77205676989367e-08,0.006291077472269535,6.762341087096502e-08,-0.0052537936717271805,0.0,0.0,-0.00420310623132135,trajectory,STRAIGHT,3.63938570022583,14.997950553881557,1.423766661901027e-05
2010,81033.484,15.002233505249023,2.2831227397546172e-07,-0.9516487121582031,-9.816357831366462e-08,0.006026740651577711,7.089579412422609e-08,-0.0013266026508063078,0.0,0.0,-0.00451265619256045,trajectory,STRAIGHT,3.63938570022583,14.997766494739308,1.423766661901027e-05
2011,81033.625,15.003103256225586,2.4124079800458276e-07,-0.9513351321220398,-1.0071745566583988e-07,0.004766321275383234,8.872834911244354e-08,0.003089318750426173,0.0,0.0,-0.004807766635435476,trajectory,STRAIGHT,3.6431920528411865,14.996896743765037,1.423766661901027e-05
2012,81033.718,15.003480911254883,2.4908283080549154e-07,-0.9510691165924072,-1.0204438040600188e-07,0.004218050744384527,9.798208822076049e-08,0.003205736167728901,0.0,0.0,-0.002703003063797951,trajectory,GOAL_DIRECT,3.645253896713257,14.996519088736205,1.423766661901027e-05
2013,81033.734,15.003604888916016,2.520719135645777e-07,-0.9509727358818054,-1.0250603164356785e-07,0.004037788603454828,1.0128470506742815e-07,0.0032125208526849747,0.0,0.0,-0.002708364874124527,trajectory,GOAL_DIRECT,3.645253896713257,14.996395111075172,1.423766661901027e-05
2014,81033.843,15.00390338897705,2.6030701860690897e-07,-0.9507216811180115,-1.0353995703053377e-07,0.003604138270020485,1.0986540388557842e-07,0.0032084453850984573,0.0,0.0,-0.002720591574907303,trajectory,GOAL_DIRECT,3.645510673522949,14.99609661101427,1.423766661901027e-05
2015,81033.968,15.004263877868652,2.7281370762466395e-07,-0.9503762125968933,-1.0514107788014768e-07,0.0030791976023465395,1.2173205732324277e-07,0.0031900019384920597,0.0,0.0,-0.0027363895252346996,trajectory,GOAL_DIRECT,3.6454763412475586,14.99573612212262,1.423766661901027e-05
2016,81034.093,15.004578590393066,2.8700239340651024e-07,-0.9500232338905334,-1.0677926495578749e-07,0.002619012724608183,1.3391191089340282e-07,0.0031708499882370234,0.0,0.0,-0.0027525063045322896,trajectory,GOAL_DIRECT,3.645338296890259,14.995421409597938,1.423766661901027e-05
2017,81034.203,15.0048189163208,3.007971542956511e-07,-0.9497102499008179,-1.0825205560337611e-07,0.002266824245452881,1.447617705707671e-07,0.003155446145683527,0.0,0.0,-0.0027669231966137887,trajectory,GOAL_DIRECT,3.6451356410980225,14.995181083669811,1.423766661901027e-05
2018,81034.296,15.0050048828125,3.138114550438331e-07,-0.9499164819717407,-1.0949367649181895e-07,0.001990873832255602,1.5449572288162017e-07,-0.015584856271743774,0.0,0.0,-0.0012573873996734623,trajectory,GOAL_DIRECT,3.6448745727539062,14.994995117177663,1.423766661901027e-05
2019,81034.406,15.005073547363281,3.1944588840815413e-07,-0.950616717338562,-1.099920082490041e-07,0.0018868325278162956,1.585111846225118e-07,-0.02246815338730812,0.0,0.0,-0.0006717118620872501,trajectory,GOAL_DIRECT,3.6445624828338623,14.994926452626663,1.423766661901027e-05
2020,81034.531,15.005332946777344,3.449735856975167e-07,-0.9536404013633728,-1.1172246411949543e-07,0.0015128845116123557,1.7502806315405905e-07,-0.003939262591302395,0.0,0.0,-0.002002838924527168,trajectory,GOAL_DIRECT,3.644519329071045,14.994667053211499,1.423766661901027e-05
2021,81034.64,15.00548267364502,3.6450848028835026e-07,-0.9535912275314331,-1.1255752586722488e-07,0.001293672015890479,1.8674504076443554e-07,0.002593719633296132,0.0,0.0,-0.002527936194092035,trajectory,GOAL_DIRECT,3.6489040851593018,14.994517326342864,1.423766661901027e-05
2022,81034.781,15.005623817443848,3.8650603073620005e-07,-0.9532416462898254,-1.1297621270203465e-07,0.0010956180049106479,1.991693494574065e-07,0.003276239614933729,0.0,0.0,-0.0026000168547034262,trajectory,GOAL_DIRECT,3.65289568901062,14.99437618254287,1.423766661901027e-05
2023,81034.875,15.005709648132324,4.0487299202141003e-07,-0.952944278717041,-1.1324504374065005e-07,0.000960816687438637,2.089747681566223e-07,0.0033099662978202105,0.0,0.0,-0.0026175833679735663,trajectory,GOAL_DIRECT,3.6530919075012207,14.994290351853321,1.423766661901027e-05
2024,81034.906,15.005738258361816,4.1119142224488314e-07,-0.9528449773788452,-1.1332604396019107e-07,0.0009196679457090795,2.1224172996880952e-07,0.003305712016299367,0.0,0.0,-0.0026222080923616886,trajectory,GOAL_DIRECT,3.6526496410369873,14.99426174162345,1.423766661901027e-05
2025,81035.0,15.005815505981445,4.2874046357610496e-07,-0.9525780081748962,-1.1333528718628322e-07,0.0008171485969796777,2.2105849950548873e-07,0.003285893239080906,0.0,0.0,-0.002633971050381661,trajectory,GOAL_DIRECT,3.6526496410369873,14.99418449400275,1.423766661901027e-05
2026,81035.109,15.005880355834961,4.497698000704986e-07,-0.9522736668586731,-1.1322800237715808e-07,0.0007134400657378137,2.3117421221741097e-07,0.0032607426401227713,0.0,0.0,-0.002647176068276167,trajectory,GOAL_DIRECT,3.652113437652588,14.994119644147839,1.423766661901027e-05
2027,81035.218,15.00594711303711,4.7464283170484123e-07,-0.9519326686859131,-1.1323907784457625e-07,0.0006120685720816255,2.4258608277705207e-07,0.0032345319632440805,0.0,0.0,-0.0026621291227638725,trajectory,GOAL_DIRECT,3.651556968688965,14.99405288694395,1.423766661901027e-05
2028,81035.343,15.006010055541992,4.991916853214207e-07,-0.9516134858131409,-1.1334240166786443e-07,0.000529718876350671,2.533372480684193e-07,0.003212281735613942,0.0,0.0,-0.002676308248192072,trajectory,GOAL_DIRECT,3.650991439819336,14.993989944437276,1.423766661901027e-05
2029,81035.453,15.00606918334961,5.28777945874026e-07,-0.9512484669685364,-1.135496626801847e-07,0.00044852003338746727,2.65707228663814e-07,0.0031894471030682325,0.0,0.0,-0.0026927324198186397,trajectory,GOAL_DIRECT,3.6504149436950684,14.993930816627357,1.423766661901027e-05
2030,81035.593,15.006103515625,5.581073878602183e-07,-0.9509050846099854,-1.1419428526230125e-07,0.0003831047215498984,2.7741640451495186e-07,0.0031703358981758356,0.0,0.0,-0.0027083726413547997,trajectory,GOAL_DIRECT,3.6498355865478516,14.993896484349483,1.423766661901027e-05
2031,81035.687,15.006132125854492,5.835141791976639e-07,-0.9506205916404724,-1.1472124828997384e-07,0.0003359399561304599,2.871668982606934e-07,0.003156095976009965,0.0,0.0,-0.002721458096057177,trajectory,GOAL_DIRECT,3.649250030517578,14.993867874117745,1.423766661901027e-05
2032,81035.718,15.006143569946289,5.939226070950099e-07,-0.950506865978241,-1.1494002434724225e-07,0.00031874465639702976,2.910653051912959e-07,0.0031507741659879684,0.0,0.0,-0.0027267186343669894,trajectory,GOAL_DIRECT,3.648653984069824,14.993856430025003,1.423766661901027e-05
2033,81035.796,15.006158828735352,6.080186949475319e-07,-0.9503559470176697,-1.153452361154042e-07,0.00029717953293584287,2.962615894830378e-07,0.0031439748127013445,0.0,0.0,-0.002733720634132624,trajectory,GOAL_DIRECT,3.648653984069824,14.993841171234635,1.423766661901027e-05
2034,81035.906,15.00619125366211,6.388010547198064e-07,-0.9500357508659363,-1.1603046752458148e-07,0.0002560731372795999,3.0729788136341085e-07,0.003130689263343811,0.0,0.0,-0.0027486675977706912,trajectory,GOAL_DIRECT,3.648056745529175,14.993808746304936,1.423766661901027e-05
2035,81036.046,15.006227493286133,6.745364089510986e-07,-0.9496799111366272,-1.1662265178559977e-07,0.00021681896760128438,3.196230125013244e-07,0.0031174670439213514,0.0,0.0,-0.0027654018066823483,trajectory,GOAL_DIRECT,3.6474545001983643,14.993772506677336,1.423766661901027e-05
2036,81036.14,15.006256103515625,7.037486398075998e-07,-0.9501229524612427,-1.1690775780845671e-07,0.00018949524383060634,3.29584423752749e-07,-0.018498340621590614,0.0,0.0,-0.001013985127210617,trajectory,GOAL_DIRECT,3.646853446960449,14.993743896444792,1.423766661901027e-05
2037,81036.265,15.00628662109375,7.35881258151494e-07,-0.9513841867446899,-1.1704418101144305e-07,0.00016507091640960425,3.3977804037021997e-07,-0.0029385420493781567,0.0,0.0,-0.0021957072988152506,trajectory,GOAL_DIRECT,3.646247386932373,14.99371337886318,1.423766661901027e-05
2038,81036.375,15.006295204162598,7.710965519436286e-07,-0.9513169527053833,-1.1702732426911473e-07,0.00014235674461815506,3.507234964672534e-07,0.0024777876678854227,0.0,0.0,-0.002632375378161669,trajectory,GOAL_DIRECT,3.6470839977264404,14.993704795790176,1.423766661901027e-05
2039,81036.468,15.006295204162598,7.987812296050834e-07,-0.9510944485664368,-1.1705090548042656e-07,0.0001270549837499857,3.5912748330702016e-07,0.003070133738219738,0.0,0.0,-0.002690888270735741,trajectory,GOAL_DIRECT,3.6496596336364746,14.993704795786725,1.423766661901027e-05
2040,81036.5,15.006295204162598,8.09603875495668e-07,-0.9510012269020081,-1.170613975233193e-07,0.00012161448103142902,3.623604243330192e-07,0.0031344082672148943,0.0,0.0,-0.002700691316276789,trajectory,GOAL_DIRECT,3.6494853496551514,14.993704795785343,1.423766661901027e-05
2041,81036.593,15.006295204162598,8.393091093239491e-07,-0.95074462890625,-1.1688031257603875e-07,0.00010805830243043602,3.7108733863533416e-07,0.003184955334290862,0.0,0.0,-0.002717564981430769,trajectory,GOAL_DIRECT,3.6494853496551514,14.993704795781452,1.423766661901027e-05
2042,81036.703,15.006295204162598,8.754305440561438e-07,-0.950439453125,-1.1661765776867084e-07,9.393170330440626e-05,3.814248543676513e-07,0.0031802470330148935,0.0,0.0,-0.0027324471063911917,trajectory,GOAL_DIRECT,3.6489009857177734,14.993704795776532,1.423766661901027e-05
2043,81036.796,15.006295204162598,9.125439532908786e-07,-0.9501346945762634,-1.1615064937625654e-07,8.165109466062859e-05,3.9175577626338054e-07,0.0031658154912292957,0.0,0.0,-0.0027465305104851724,trajectory,GOAL_DIRECT,3.648268938064575,14.993704795771261,1.423766661901027e-05
2044,81036.921,15.006295204162598,9.482384371040098e-07,-0.9498503804206848,-1.1554344197918679e-07,7.160250243032351e-05,4.0143498836187064e-07,0.003152173012495041,0.0,0.0,-0.002759654819965363,trajectory,GOAL_DIRECT,3.6476337909698486,14.993704795765986,1.423766661901027e-05
2045,81037.0,15.006295204162598,9.749702485351008e-07,-0.9498755931854248,-1.1524675313406527e-07,6.489000952569768e-05,4.0868272321858967e-07,-0.010855716653168201,0.0,0.0,-0.0016377630084753038,trajectory,GOAL_DIRECT,3.6476337909698486,14.993704795761904,1.423766661901027e-05
2046,81037.109,15.006295204162598,1.0109421282322728e-06,-0.9516513347625732,-1.1490528688556636e-07,5.700972906197421e-05,4.18192371398618e-07,-0.02572498470544815,0.0,0.0,-0.00035943448543548613,trajectory,GOAL_DIRECT,3.6469993591308594,14.99370479575623,1.423766661901027e-05
2047,81037.203,15.006295204162598,1.0515781241338118e-06,-0.9535536170005798,-1.1431851255887473e-07,4.968559369444847e-05,4.2828989421650476e-07,-0.006557145621627569,0.0,0.0,-0.001797747500240803,trajectory,GOAL_DIRECT,3.646421194076538,14.993704795749572,1.423766661901027e-05
2048,81037.218,15.006295204162598,1.058014504451421e-06,-0.9536311030387878,-1.1418521561981808e-07,4.862892092205584e-05,4.2987090864698985e-07,-0.003915519919246435,0.0,0.0,-0.002005203254520893,trajectory,GOAL_DIRECT,3.649949312210083,14.993704795748494,1.423766661901027e-05
2049,81037.312,15.006295204162598,1.0944995665340684e-06,-0.9536383152008057,-1.1336975158780778e-07,4.3059702875325456e-05,4.388179490888433e-07,0.002086617983877659,0.0,0.0,-0.0024850136786699296,trajectory,GOAL_DIRECT,3.649949312210083,14.993704795742255,1.423766661901027e-05
2050,81037.406,15.006295204162598,1.1277127214270877e-06,-0.9534347653388977,-1.1251073034473148e-07,3.860361175611615e-05,4.468497536436189e-07,0.003086165525019169,0.0,0.0,-0.0025751549750566483,trajectory,GOAL_DIRECT,3.6540679931640625,14.993704795736393,1.423766661901027e-05
2051,81037.437,15.006295204162598,1.1411667628635769e-06,-0.9533401131629944,-1.1215020941163926e-07,3.695120904012583e-05,4.500644479321636e-07,0.003204090753570199,0.0,0.0,-0.0025893216021358966,trajectory,GOAL_DIRECT,3.654230833053589,14.993704795733969,1.423766661901027e-05
2052,81037.515,15.006295204162598,1.1752238151530037e-06,-0.9530951976776123,-1.1139685960087795e-07,3.3122436434496194e-05,4.581005725867726e-07,0.003296677488833666,0.0,0.0,-0.0026089743152260783,trajectory,GOAL_DIRECT,3.654230833053589,14.993704795727703,1.423766661901027e-05
2053,81037.64,15.006295204162598,1.2281442423045519e-06,-0.9527192115783691,-1.0996018892810471e-07,2.80477361229714e-05,4.7030940208969696e-07,0.003289387561380863,0.0,0.0,-0.0026271904259920122,trajectory,GOAL_DIRECT,3.653653144836426,14.993704795717601,1.423766661901027e-05
2054,81037.718,15.006295204162598,1.2608511497091968e-06,-0.952492892742157,-1.0899386720449056e-07,2.5361712687299587e-05,4.776946411766403e-07,0.003271695924922824,0.0,0.0,-0.002637091036885977,trajectory,GOAL_DIRECT,3.652989149093628,14.993704795711135,1.423766661901027e-05
2055,81037.75,15.006295204162598,1.2752303746310645e-06,-0.9523949027061462,-1.0860515857286793e-07,2.4275819669128396e-05,4.809045321962913e-07,0.0032637801486998796,0.0,0.0,-0.0026413572765886786,trajectory,GOAL_DIRECT,3.652989149093628,14.99370479570824,1.423766661901027e-05
2056,81037.859,15.006295204162598,1.3130672869010596e-06,-0.9521411061286926,-1.0769644757950341e-07,2.1664525775122456e-05,4.892473839390732e-07,0.003243891289457679,0.0,0.0,-0.0026524559967219833,trajectory,GOAL_DIRECT,3.652989149093628,14.993704795700461,1.423766661901027e-05
2057,81037.953,15.006295204162598,1.3560372735810233e-06,-0.9518597722053528,-1.0653070483613105e-07,1.9081619029748254e-05,4.985476493857277e-07,0.0032234161626547575,0.0,0.0,-0.0026648846827447416,trajectory,GOAL_DIRECT,3.6523211002349854,14.993704795691352,1.423766661901027e-05
2058,81038.046,15.006295204162598,1.3937295761934365e-06,-0.951618492603302,-1.0543450243179538e-07,1.710260949039366e-05,5.065608661425358e-07,0.0032071853056550026,0.0,0.0,-0.0026756501942873006,trajectory,GOAL_DIRECT,3.65165638923645,14.99370479568312,1.423766661901027e-05
2059,81038.156,15.006295204162598,1.4459554904533434e-06,-0.9512923955917358,-1.040110172426785e-07,1.4736718185304198e-05,5.174524631001987e-07,0.003187138820067048,0.0,0.0,-0.002690351326018572,trajectory,GOAL_DIRECT,3.6509950160980225,14.99370479567134,1.423766661901027e-05
2060,81038.25,15.006295204162598,1.4897989331075223e-06,-0.9510253667831421,-1.0280335176568873e-07,1.3037621101830155e-05,5.264164428808726e-07,0.003172284457832575,0.0,0.0,-0.0027025144174695017,trajectory,GOAL_DIRECT,3.6503407955169678,14.993704795661117,1.423766661901027e-05
2061,81038.359,15.006295204162598,1.5135963167267619e-06,-0.9508827924728394,-1.0216397055412277e-07,1.220893409481505e-05,5.312164716997358e-07,0.003164899768307805,0.0,0.0,0.0,trajectory_no_feasible,GOAL_DIRECT,3.649690866470337,14.993704795655441,1.423766661901027e-05
2062,81038.468,15.006295204162598,1.5928387711028336e-06,-0.9504192471504211,-1.0013153600036566e-07,9.849833986663725e-06,5.468867243507702e-07,0.003143103327602148,0.0,0.0,-0.002730485908687115,trajectory,GOAL_DIRECT,3.649042844772339,14.993704795635889,1.423766661901027e-05
2063,81038.562,15.006295204162598,1.6391541066695936e-06,-0.9501555562019348,-9.895202178399736e-08,8.711909686098807e-06,5.558343332268123e-07,0.0031321197748184204,0.0,0.0,-0.002742791771888733,trajectory,GOAL_DIRECT,3.6483991146087646,14.993704795624,1.423766661901027e-05
2064,81038.671,15.006295204162598,1.686220684860018e-06,-0.949893057346344,-9.78852563742332e-08,7.707305485382676e-06,5.647769967254135e-07,0.0031220929231494665,0.0,0.0,-0.002755114566534758,trajectory,GOAL_DIRECT,3.647758960723877,14.993704795611569,1.423766661901027e-05
2065,81038.687,15.006295204162598,1.7049165990101756e-06,-0.9497901201248169,-9.746333637326266e-08,7.344966434175149e-06,5.682888399860531e-07,0.003118393709883094,0.0,0.0,-0.002759965490549803,trajectory,GOAL_DIRECT,3.647758960723877,14.993704795606533,1.423766661901027e-05
2066,81038.781,15.006295204162598,1.74266472185991e-06,-0.9503734707832336,-9.662890395316679e-08,6.645793291681912e-06,5.755511551797099e-07,-0.019110355526208878,0.0,0.0,-0.0009524980187416076,trajectory,GOAL_DIRECT,3.647758960723877,14.993704795596196,1.423766661901027e-05
2067,81038.89,15.006295204162598,1.7966488030651817e-06,-0.9518579244613647,-9.562685466287847e-08,5.812545168737415e-06,5.852871822753514e-07,-0.005047657061368227,0.0,0.0,-0.0020032912120223046,trajectory,GOAL_DIRECT,3.6471192836761475,14.99370479558102,1.423766661901027e-05
2068,81038.984,15.006295204162598,1.8533223737904336e-06,-0.9518923163414001,-9.48522713395422e-08,5.060632702225121e-06,5.954107678007858e-07,0.0021074824035167694,0.0,0.0,-0.002573982775211334,trajectory,GOAL_DIRECT,3.6465423107147217,14.993704795564591,1.423766661901027e-05
2069,81039.109,15.006295204162598,1.9055257780564716e-06,-0.9516559839248657,-9.402709009826742e-08,4.460486252355622e-06,6.046395810699323e-07,0.003053022548556328,0.0,0.0,-0.0026614426076412203,trajectory,GOAL_DIRECT,3.6498825550079346,14.993704795549005,1.423766661901027e-05
2070,81039.203,15.006295204162598,1.9640615391836036e-06,-0.9513534903526306,-9.308107398652196e-08,3.880520580423763e-06,6.14826774381072e-07,0.0031979549676179886,0.0,0.0,-0.002688161879777908,trajectory,GOAL_DIRECT,3.6508948802948,14.993704795531015,1.423766661901027e-05
2071,81039.312,15.006295204162598,2.0198269794491353e-06,-0.9510655999183655,-9.208411186222553e-08,3.4083384434779873e-06,6.243726602406241e-07,0.0032013996969908476,0.0,0.0,-0.002702831979840994,trajectory,GOAL_DIRECT,3.6504366397857666,14.99370479551337,1.423766661901027e-05
2072,81039.343,15.006295204162598,2.038606453425018e-06,-0.9509696364402771,-9.175179112409203e-08,3.2639015898894286e-06,6.275533905863995e-07,0.0031972744036465883,0.0,0.0,-0.002707300130277872,trajectory,GOAL_DIRECT,3.649801015853882,14.993704795507316,1.423766661901027e-05
2073,81039.421,15.006295204162598,2.0821605630771955e-06,-0.9507492780685425,-9.098745342623934e-08,2.952115210064221e-06,6.34866864857031e-07,0.0031857986468821764,0.0,0.0,-0.00271739998832345,trajectory,GOAL_DIRECT,3.649801015853882,14.993704795493061,1.423766661901027e-05
2074,81039.531,15.006295204162598,2.1435973849293077e-06,-0.9504441022872925,-8.992402706366409e-08,2.5656752313807374e-06,6.450364367083239e-07,0.0031694530043751,0.0,0.0,-0.002731351125985384,trajectory,GOAL_DIRECT,3.6491494178771973,14.993704795472441,1.423766661901027e-05
2075,81039.656,15.006295204162598,2.2060103219700977e-06,-0.9501407742500305,-8.894509841042492e-08,2.2333576907840325e-06,6.551994715664478e-07,0.0031544759403914213,0.0,0.0,-0.002745319362729788,trajectory,GOAL_DIRECT,3.6484975814819336,14.99370479545088,1.423766661901027e-05
2076,81039.765,15.006295204162598,2.2693984647048637e-06,-0.9498386979103088,-8.810699927884575e-08,1.9448664261290105e-06,6.653559694314026e-07,0.0031408825889229774,0.0,0.0,-0.0027593357115983964,trajectory,GOAL_DIRECT,3.6478493213653564,14.993704795428348,1.423766661901027e-05
2077,81039.859,15.006295204162598,2.3276936644833768e-06,-0.9502890110015869,-8.737332146949994e-08,1.7131046661233995e-06,6.747877137058822e-07,-0.018476707860827446,0.0,0.0,-0.0010074128210544589,trajectory,GOAL_DIRECT,3.6472058296203613,14.993704795407062,1.423766661901027e-05
2078,81039.89,15.006295204162598,2.3500208499172004e-06,-0.9509918689727783,-8.716275927664433e-08,1.6331181313944398e-06,6.783262733733864e-07,-0.02319895103573799,0.0,0.0,-0.0005944904685020447,trajectory,GOAL_DIRECT,3.646564483642578,14.993704795398767,1.423766661901027e-05
2079,81039.984,15.006295204162598,2.40736267187458e-06,-0.9519011378288269,-8.662678278565763e-08,1.4484975281447987e-06,6.869735216241679e-07,-0.0021160272881388664,0.0,0.0,-0.0022356609255075456,trajectory,GOAL_DIRECT,3.646564483642578,14.9937047953771,1.423766661901027e-05
2080,81040.093,15.006295204162598,2.467527792759938e-06,-0.9518343806266785,-8.607166427701235e-08,1.2700701290668803e-06,6.96111442266556e-07,0.0023726499639451504,0.0,0.0,-0.0025980929657816888,trajectory,GOAL_DIRECT,3.648982286453247,14.993704795353805,1.423766661901027e-05
2081,81040.234,15.006295204162598,2.5539488888171036e-06,-0.9514734745025635,-8.528684155767894e-08,1.0459382338012801e-06,7.090811209309322e-07,0.0031761322170495987,0.0,0.0,-0.0026804168522357942,trajectory,GOAL_DIRECT,3.650848627090454,14.993704795319337,1.423766661901027e-05
2082,81040.328,15.006295204162598,2.6203508696198696e-06,-0.9511752724647522,-8.469343901362615e-08,8.991695494842133e-07,7.188864969975839e-07,0.003215840319171548,0.0,0.0,-0.002698503602296114,trajectory,GOAL_DIRECT,3.6504979133605957,14.993704795292048,1.423766661901027e-05
2083,81040.437,15.006295204162598,2.6376349069323624e-06,-0.9510980248451233,-8.454030287320213e-08,8.644800004731223e-07,7.214160859803087e-07,0.003214614698663354,0.0,0.0,-0.002702267933636904,trajectory,GOAL_DIRECT,3.6498730182647705,14.99370479528483,1.423766661901027e-05
2084,81040.562,15.006295204162598,2.7669786959449993e-06,-0.9505313634872437,-8.341092383728102e-08,6.490345185738988e-07,7.400593062811822e-07,0.003185190260410309,0.0,0.0,-0.002728247046470642,trajectory,GOAL_DIRECT,3.649217367172241,14.993704795229307,1.423766661901027e-05
2085,81040.656,15.006295204162598,2.8362610464682803e-06,-0.9502357244491577,-8.281752129277596e-08,5.643436793434375e-07,7.498460377064475e-07,0.0031690869946032763,0.0,0.0,-0.0027417407371103765,trajectory,GOAL_DIRECT,3.6485626697540283,14.993704795198473,1.423766661901027e-05
2086,81040.75,15.006295204162598,2.8565457341755973e-06,-0.9501504302024841,-8.264993269346723e-08,5.431314207271498e-07,7.526862191298278e-07,0.003164720954373479,0.0,0.0,-0.002745656166225672,trajectory,GOAL_DIRECT,3.647911310195923,14.993704795189302,1.423766661901027e-05
2087,81040.89,15.006295204162598,2.9821728730894392e-06,-0.9496303796768188,-8.150070802737302e-08,4.1972850794991245e-07,7.700317610215279e-07,0.003140538465231657,0.0,0.0,-0.0027697240933775907,trajectory,GOAL_DIRECT,3.647911310195923,14.993704795131043,1.423766661901027e-05
2088,81041.0,15.006295204162598,3.0519095162162557e-06,-0.9500076174736023,-8.085589053145047e-08,3.590482435811282e-07,7.797092962391616e-07,-0.017822830006480217,0.0,0.0,-0.001073792725801468,trajectory,GOAL_DIRECT,3.6472651958465576,14.99370479509762,1.423766661901027e-05
2089,81041.109,15.006295204162598,3.1248755476553924e-06,-0.9515040516853333,-8.01895791189509e-08,3.0482232205031323e-07,7.8933919667179e-07,-0.005468688439577818,0.0,0.0,0.0,trajectory_no_feasible,GOAL_DIRECT,3.646620988845825,14.993704795061824,1.423766661901027e-05
2090,81041.218,15.006295204162598,3.1939421205606777e-06,-0.9515730142593384,-7.956625553947328e-08,2.5964928340727056e-07,7.983881573636609e-07,0.0018110149540007114,0.0,0.0,-0.002566230483353138,trajectory,GOAL_DIRECT,3.646038770675659,14.993704795027162,1.423766661901027e-05
2091,81041.328,15.006295204162598,3.275923745604814e-06,-0.9513025283813477,-7.883546237727471e-08,2.1345560696772736e-07,8.090682399597426e-07,0.003073782427236438,0.0,0.0,-0.002680776175111532,trajectory,GOAL_DIRECT,3.6493163108825684,14.993704794985034,1.423766661901027e-05
2092,81041.421,15.006295204162598,3.3442563562857686e-06,-0.9510372877120972,-7.823363271424519e-08,1.811817043062547e-07,8.178677717296523e-07,0.0032020132057368755,0.0,0.0,-0.0027042966708540916,trajectory,GOAL_DIRECT,3.6502089500427246,14.993704794949103,1.423766661901027e-05
2093,81041.546,15.006295204162598,3.3713038192217937e-06,-0.9509314894676208,-7.799719963233024e-08,1.6993730866943224e-07,8.213238515963894e-07,0.0032102661207318306,0.0,0.0,-0.0027102468162775043,trajectory,GOAL_DIRECT,3.6497349739074707,14.993704794934676,1.423766661901027e-05
2094,81041.625,15.006295204162598,3.4931722439068835e-06,-0.9504600763320923,-7.694399772190993e-08,1.296901359637559e-07,8.367105124307272e-07,0.0031948317773640156,0.0,0.0,-0.0027325827255845073,trajectory,GOAL_DIRECT,3.6490960121154785,14.993704794868233,1.423766661901027e-05
2095,81041.718,15.006295204162598,3.551155714376364e-06,-0.9502400755882263,-7.644963764146808e-08,1.1634297436557972e-07,8.439275802629709e-07,0.003182474058121443,0.0,0.0,-0.0027425941452383995,trajectory,GOAL_DIRECT,3.6484410762786865,14.99370479483579,1.423766661901027e-05
2096,81041.812,15.006295204162598,3.624974624472088e-06,-0.9499636888504028,-7.582631406174361e-08,1.0456292898197717e-07,8.530226978109567e-07,0.0031676567159593105,0.0,0.0,-0.0027552280947566034,trajectory,GOAL_DIRECT,3.6484410762786865,14.993704794793716,1.423766661901027e-05
2097,81041.843,15.006295204162598,3.6531819205265492e-06,-0.9498754739761353,-7.558988097976842e-08,1.0153742380225594e-07,8.565100415580673e-07,-0.00048349553253501654,0.0,0.0,-0.002467546658590436,trajectory,GOAL_DIRECT,3.6477887630462646,14.99370479477741,1.423766661901027e-05
2098,81041.937,15.006295204162598,3.704769142132136e-06,-0.9505957365036011,-7.516000264817868e-08,9.804724498962969e-08,8.629878607280261e-07,-0.020190274342894554,0.0,0.0,-0.000854991227388382,trajectory,GOAL_DIRECT,3.6477887630462646,14.993704794747261,1.423766661901027e-05
2099,81042.046,15.006295204162598,3.7828608583367895e-06,-0.9521699547767639,-7.424748099826753e-08,9.25659122685829e-08,8.722377060621511e-07,-0.006360090337693691,0.0,0.0,-0.0018826950341463088,trajectory,GOAL_DIRECT,3.647139310836792,14.99370479470082,1.423766661901027e-05
2100,81042.171,15.006295204162598,3.875016773235984e-06,-0.9522377848625183,-7.317348142084746e-08,7.845351035484782e-08,8.831027002997871e-07,0.0021937312558293343,0.0,0.0,-0.0025636092573404316,trajectory,GOAL_DIRECT,3.6473441123962402,14.993704794644769,1.423766661901027e-05
2101,81042.281,15.006295204162598,3.957597527914913e-06,-0.9519771933555603,-7.244616986939105e-08,6.496817661627574e-08,8.927902399591403e-07,0.0031237308867275715,0.0,0.0,-0.002651038803160191,trajectory,GOAL_DIRECT,3.651158332824707,14.993704794593393,1.423766661901027e-05
2102,81042.39,15.006295204162598,4.0437876123178285e-06,-0.9516695737838745,-7.16833311929968e-08,5.073330200389137e-08,9.027929195326578e-07,0.0032401124481111765,0.0,0.0,-0.0026757303066551686,trajectory,GOAL_DIRECT,3.651538610458374,14.993704794538619,1.423766661901027e-05
2103,81042.5,15.006295204162598,4.136416009714594e-06,-0.9513392448425293,-7.087281509932132e-08,3.651271995863681e-08,9.134149649980827e-07,0.003234557807445526,0.0,0.0,-0.0026918023824691775,trajectory,GOAL_DIRECT,3.650993824005127,14.993704794478436,1.423766661901027e-05
2104,81042.609,15.006295204162598,4.2218157432216685e-06,-0.9510393142700195,-7.013381513155242e-08,2.4360218731089844e-08,9.230935802406748e-07,0.0032157590612769127,0.0,0.0,-0.002705295011401177,trajectory,GOAL_DIRECT,3.650341033935547,14.993704794421744,1.423766661901027e-05
2105,81042.718,15.006295204162598,4.3137138163729105e-06,-0.9507219791412354,-6.934713774650189e-08,1.2276355043638887e-08,9.333898560726084e-07,0.0031956927850842476,0.0,0.0,-0.0027195564657449722,trajectory,GOAL_DIRECT,3.6496808528900146,14.993704794359441,1.423766661901027e-05
2106,81042.812,15.006295204162598,4.3924865167355165e-06,-0.9504542350769043,-6.867965390463581e-08,2.712963631523735e-09,9.421206641491153e-07,0.0031800626311451197,0.0,0.0,-0.0027316932566463946,trajectory,GOAL_DIRECT,3.6490230560302734,14.993704794304971,1.423766661901027e-05
2107,81042.921,15.006295204162598,4.471993634069804e-06,-0.9501875638961792,-6.801217006276508e-08,-6.217368397898326e-09,9.508465268481814e-07,0.0031658688094466925,0.0,0.0,-0.0027438913099467757,trajectory,GOAL_DIRECT,3.6483688354492188,14.993704794248993,1.423766661901027e-05
2108,81043.015,15.006295204162598,4.503428044699831e-06,-0.950083315372467,-6.774994426774317e-08,-9.552510782384616e-09,9.542732186673675e-07,0.0031606603879481554,0.0,0.0,-0.0027486870624125006,trajectory,GOAL_DIRECT,3.6483688354492188,14.993704794226584,1.423766661901027e-05
2109,81043.125,15.006295204162598,4.627396265277639e-06,-0.9496768116950989,-6.672487979628707e-08,-2.1652416748452197e-08,9.676612080511404e-07,0.003141892608255148,0.0,0.0,-0.002767510823905468,trajectory,GOAL_DIRECT,3.647719144821167,14.99370479413668,1.423766661901027e-05
2110,81043.25,15.006295204162598,4.735459242510842e-06,-0.9504714012145996,-6.584284757665331e-08,-3.107663104628955e-08,9.794335937840515e-07,-0.02165721356868744,0.0,0.0,-0.0007438528537750248,trajectory,GOAL_DIRECT,3.64707350730896,14.993704794056319,1.423766661901027e-05
2111,81043.359,15.006295204162598,4.821060429094359e-06,-0.9520854353904724,-6.51515250261239e-08,-3.742172438592206e-08,9.882968470265041e-07,-0.007225435227155685,0.0,0.0,-0.0018176934123039245,trajectory,GOAL_DIRECT,3.6464314460754395,14.993704793991345,1.423766661901027e-05
2112,81043.687,15.006295204162598,4.919404545944417e-06,-0.9522029161453247,-6.436484764103269e-08,-4.387367269487186e-08,9.98452492240176e-07,0.0019314131932333112,0.0,0.0,-0.00254436724819243,trajectory,GOAL_DIRECT,3.647109270095825,14.993704793915262,1.423766661901027e-05
2113,81044.031,15.006295204162598,5.211215011513559e-06,-0.9477696418762207,-6.207633161163989e-08,-5.752396958769168e-08,1.0274636679241667e-06,0.07547831535339355,0.0,0.0,-0.00864978313446045,trajectory,GOAL_DIRECT,3.650865316390991,14.993704793680463,1.423766661901027e-05
2114,81044.421,15.006295204162598,5.520915237866575e-06,-0.9239804148674011,-5.971629945627153e-08,-6.411414688045625e-08,1.058216298588377e-06,0.06631655246019363,0.0,0.0,-0.009106303453445435,trajectory,GOAL_DIRECT,3.6231014728546143,14.993704793416471,1.423766661901027e-05
2115,81044.703,15.006295204162598,5.925022833253024e-06,-0.90159672498703,-5.673603099782329e-08,-6.114625961117781e-08,1.096888809115626e-06,0.06122959032654762,0.0,0.0,-0.009818530976772308,trajectory,GOAL_DIRECT,3.5804805755615234,14.993704793049098,1.423766661901027e-05
2116,81045.031,15.006295204162598,6.1576661209983286e-06,-0.8910882472991943,-5.5067072702973384e-08,-5.388530865957364e-08,1.1187178188265534e-06,0.03780243918299675,0.0,0.0,-0.008469782769680023,trajectory,GOAL_DIRECT,3.556006908416748,14.993704792825836,1.423766661901027e-05
2117,81045.375,15.006295204162598,6.497925824078266e-06,-0.8814517855644226,-5.268284656742344e-08,-3.6859088226037784e-08,1.149387003351876e-06,0.048387959599494934,0.0,0.0,-0.009798447489738465,trajectory,GOAL_DIRECT,3.5256123542785645,14.993704792483815,1.423766661901027e-05
2118,81045.703,15.006295204162598,6.865092927910155e-06,-0.8680757880210876,-5.0179409125032515e-08,-1.0159117103114568e-08,1.1816923688456882e-06,0.043110668659210205,0.0,0.0,-0.010045064091682435,trajectory,GOAL_DIRECT,3.5046067237854004,14.993704792094118,1.423766661901027e-05
2119,81045.796,15.006295204162598,7.180660304584308e-06,-0.8597652912139893,-4.808129012564526e-08,1.918588132809873e-08,1.208808953379048e-06,0.029542220756411552,0.0,0.0,-0.009375113099813462,trajectory,GOAL_DIRECT,3.47933030128479,14.993704791742074,1.423766661901027e-05
2120,81045.906,15.006295204162598,7.293529051821679e-06,-0.8575634360313416,-4.7342180023577505e-08,3.112978319563808e-08,1.2184340221210732e-06,0.01665274240076542,0.0,0.0,-0.008454047590494156,trajectory,GOAL_DIRECT,3.4728782176971436,14.993704791612316,1.423766661901027e-05
2121,81046.015,15.006295204162598,7.414662377414061e-06,-0.8565064072608948,-4.655538539878949e-08,4.4678142074872085e-08,1.2286508308534394e-06,0.0051156459376215935,0.0,0.0,-0.007583931311964989,trajectory,GOAL_DIRECT,3.4672465324401855,14.993704791470808,1.423766661901027e-05
2122,81046.125,15.006295204162598,7.5071020546602085e-06,-0.8563891053199768,-4.595932886485488e-08,5.550925408215335e-08,1.2363680070848204e-06,-0.0018927444471046329,0.0,0.0,-0.007029125178232789,trajectory,GOAL_DIRECT,3.4622256755828857,14.993704791361251,1.423766661901027e-05
2123,81046.218,15.006295204162598,7.626269052707357e-06,-0.8569296598434448,-4.51963765014132e-08,7.008975444477983e-08,1.246222041118017e-06,-0.009129658341407776,0.0,0.0,-0.006423144340515137,trajectory,GOAL_DIRECT,3.4600107669830322,14.993704791218017,1.423766661901027e-05
2124,81046.328,15.006295204162598,7.742614798189607e-06,-0.8580499291419983,-4.4457266399323324e-08,8.498614079144318e-08,1.2557474065033603e-06,-0.014723439700901508,0.0,0.0,-0.005919628366827965,trajectory,GOAL_DIRECT,3.4599380493164062,14.993704791075995,1.423766661901027e-05
2125,81046.421,15.006295204162598,7.859846846258733e-06,-0.859635591506958,-4.371815629722778e-08,1.0064290734135284e-07,1.2652541272473172e-06,-0.019127434119582176,0.0,0.0,-0.005488025695085526,trajectory,GOAL_DIRECT,3.4599380493164062,14.993704790930718,1.423766661901027e-05
2126,81046.453,15.006295204162598,7.897850082372315e-06,-0.8602297306060791,-4.347973368364735e-08,1.0585672072238594e-07,1.2683175327765639e-06,-0.020372522994875908,0.0,0.0,-0.005358711630105972,trajectory,GOAL_DIRECT,3.461533546447754,14.993704790883154,1.423766661901027e-05
2127,81046.546,15.006295204162598,7.977952918736264e-06,-0.8615673184394836,-4.297904619512656e-08,1.1705468239142647e-07,1.274740498047322e-06,-0.022155510261654854,0.0,0.0,-0.00514919325709343,trajectory,GOAL_DIRECT,3.461533546447754,14.993704790782148,1.423766661901027e-05
2128,81046.656,15.006295204162598,8.108510883175768e-06,-0.8639891147613525,-4.216840930894451e-08,1.359463084327217e-07,1.2851359088017489e-06,-0.025282034650444984,0.0,0.0,-0.004777981489896775,trajectory,GOAL_DIRECT,3.46443247795105,14.993704790615338,1.423766661901027e-05
2129,81046.75,15.006295204162598,8.212949069275055e-06,-0.8661249279975891,-4.152466825226568e-08,1.5160031807681662e-07,1.293378204536566e-06,-0.027002010494470596,0.0,0.0,-0.004533592760562897,trajectory,GOAL_DIRECT,3.468325614929199,14.993704790479951,1.423766661901027e-05
2130,81046.859,15.006295204162598,8.329769116244279e-06,-0.868625283241272,-4.079531741100525e-08,1.6730565732814284e-07,1.3025245380049455e-06,-0.02832029014825821,0.0,0.0,-0.004303112626075745,trajectory,GOAL_DIRECT,3.4729111194610596,14.99370479032646,1.423766661901027e-05
2131,81046.953,15.006295204162598,8.447407708445098e-06,-0.8712261915206909,-4.008004950819452e-08,1.737203234597473e-07,1.31166063965793e-06,-0.029191743582487106,0.0,0.0,-0.004103350937366485,trajectory,GOAL_DIRECT,3.4781219959259033,14.993704790169701,1.423766661901027e-05
2132,81047.078,15.006295204162598,8.585687282902654e-06,-0.8743087649345398,-3.9245570288339844e-08,1.6871233299298183e-07,1.3223072983237216e-06,-0.029745323583483696,0.0,0.0,-0.0039049358665943154,trajectory,GOAL_DIRECT,3.48374080657959,14.993704789982628,1.423766661901027e-05
2133,81047.187,15.006295204162598,8.721082849660888e-06,-0.8773484230041504,-3.845372011740583e-08,1.5209884907108062e-07,1.3326389307621866e-06,-0.029935497790575027,0.0,0.0,-0.0037377390265464785,trajectory,GOAL_DIRECT,3.489626407623291,14.993704789796514,1.423766661901027e-05
2134,81047.296,15.006295204162598,8.857529792294372e-06,-0.8803922533988953,-3.772292694195314e-08,1.3710706525671412e-07,1.3429603313852567e-06,-0.029850289225578308,0.0,0.0,-0.0035923641920089723,trajectory,GOAL_DIRECT,3.4956164360046387,14.993704789606008,1.423766661901027e-05
2135,81047.421,15.006295204162598,8.982853614725173e-06,-0.883150577545166,-3.7056615517240774e-08,1.2820910910704697e-07,1.3523616644306458e-06,-0.029476532712578773,0.0,0.0,-0.003484348505735398,trajectory,GOAL_DIRECT,3.5016961097717285,14.993704789428428,1.423766661901027e-05
2136,81047.515,15.006295204162598,9.100883289647754e-06,-0.885704755783081,-3.641685351087951e-08,1.2395116755214985e-07,1.3611502254207153e-06,-0.029084332287311554,0.0,0.0,-0.003388015627861023,trajectory,GOAL_DIRECT,3.5077836513519287,14.9937047892589,1.423766661901027e-05
2137,81047.546,15.006295204162598,9.133577805187088e-06,-0.886404275894165,-3.620732865359902e-08,1.2268874627352488e-07,1.3635764162245323e-06,-0.029236365109682083,0.0,0.0,-0.0033408769965171813,trajectory,GOAL_DIRECT,3.5138320922851562,14.993704789211549,1.423766661901027e-05
2138,81047.656,15.006295204162598,9.264937943953555e-06,-0.8891541361808777,-3.5453769622923366e-08,1.1128530985615726e-07,1.3732623074247385e-06,-0.02839314565062523,0.0,0.0,-0.0032708415389060973,trajectory,GOAL_DIRECT,3.5138320922851562,14.99370478901959,1.423766661901027e-05
2139,81047.75,15.006295204162598,9.380642040923703e-06,-0.8915200233459473,-3.4917693554498426e-08,9.959951796645328e-08,1.3817337958244025e-06,-0.027800878509879112,0.0,0.0,-0.003199928551912308,trajectory,GOAL_DIRECT,3.519808292388916,14.993704788848241,1.423766661901027e-05
2140,81047.781,15.006295204162598,9.413831321580801e-06,-0.8921878933906555,-3.4764528963519025e-08,9.637347631041848e-08,1.3841558939020615e-06,-0.027883239090442657,0.0,0.0,-0.003159946203231812,trajectory,GOAL_DIRECT,3.525649309158325,14.993704788798697,1.423766661901027e-05
2141,81047.968,15.006295204162598,9.64358332566917e-06,-0.8966832756996155,-3.3711522400525416e-08,7.560624482039202e-08,1.4007874824528699e-06,-0.02753632329404354,0.0,0.0,-0.002962930351495743,trajectory,GOAL_DIRECT,3.531374931335449,14.993704788450934,1.423766661901027e-05
2142,81048.093,15.006295204162598,9.786987902771216e-06,-0.8994358777999878,-3.306057288884772e-08,6.400352248192576e-08,1.4110466963757062e-06,-0.026079801842570305,0.0,0.0,-0.002941821962594986,trajectory,GOAL_DIRECT,3.531374931335449,14.993704788229621,1.423766661901027e-05
2143,81048.234,15.006295204162598,9.957045222108718e-06,-0.9025072455406189,-3.2294749933924044e-08,5.153947313374374e-08,1.4231135310183163e-06,-0.025050509721040726,0.0,0.0,-0.0028705969452857976,trajectory,GOAL_DIRECT,3.5369343757629395,14.99370478796294,1.423766661901027e-05
2144,81048.359,15.006295204162598,1.010703908832511e-05,-0.9050883650779724,-3.162465484835809e-08,4.169401535136785e-08,1.4336616231958033e-06,-0.023961085826158524,0.0,0.0,-0.002828694880008698,trajectory,GOAL_DIRECT,3.5479037761688232,14.99370478772391,1.423766661901027e-05
2145,81048.453,15.006295204162598,1.0240805750072468e-05,-0.9072772860527039,-3.1031142058279355e-08,3.379887303367468e-08,1.4429980410568533e-06,-0.022999893873929977,0.0,0.0,-0.002796144187450409,trajectory,GOAL_DIRECT,3.553067684173584,14.993704787507726,1.423766661901027e-05
2146,81048.578,15.006295204162598,1.028413862513844e-05,-0.9079664945602417,-3.083968631954307e-08,3.141506965675944e-08,1.4460115380643401e-06,-0.022979633882641792,0.0,0.0,-0.002763304561376572,trajectory,GOAL_DIRECT,3.5580391883850098,14.993704787437084,1.423766661901027e-05
2147,81048.703,15.006295204162598,1.0550438673817553e-05,-0.9120503067970276,-2.967181874773682e-08,1.8627122955194864e-08,1.464373667658947e-06,-0.022245541214942932,0.0,0.0,-0.0026178413629531863,trajectory,GOAL_DIRECT,3.562795639038086,14.993704786996412,1.423766661901027e-05
2148,81048.812,15.006295204162598,1.0687068424886093e-05,-0.9140927791595459,-2.9078361024701453e-08,1.3281303168355407e-08,1.4736917819391238e-06,-0.021466709673404694,0.0,0.0,-0.002578024268150329,trajectory,GOAL_DIRECT,3.567373514175415,14.993704786765946,1.423766661901027e-05
2149,81048.921,15.006295204162598,1.0842361007235013e-05,-0.9163486957550049,-2.8408328111590192e-08,8.17240319861412e-09,1.484216113567527e-06,-0.021649444475769997,0.0,0.0,-0.002450609654188156,trajectory,GOAL_DIRECT,3.5719032287597656,14.993704786500397,1.423766661901027e-05
2150,81049.031,15.006295204162598,1.0976343219226692e-05,-0.9183173775672913,-2.78340141860605e-08,4.579459034204092e-09,1.4932338672224432e-06,-0.022105826064944267,0.0,0.0,-0.002315665036439896,trajectory,GOAL_DIRECT,3.576343536376953,14.993704786268212,1.423766661901027e-05
2151,81049.14,15.006295204162598,1.1129179256386124e-05,-0.9205986261367798,-2.7183125070453722e-08,1.3864143166841814e-09,1.5034469242891646e-06,-0.02261640876531601,0.0,0.0,-0.00216075599193573,trajectory,GOAL_DIRECT,3.576343536376953,14.99370478599987,1.423766661901027e-05
2152,81049.234,15.006295204162598,1.1237696526222862e-05,-0.9222391843795776,-2.6723673930021308e-08,-3.0517072202584927e-10,1.5106514865692589e-06,-0.022948401048779488,0.0,0.0,-0.002052168697118759,trajectory,GOAL_DIRECT,3.580739736557007,14.99370478580709,1.423766661901027e-05
2153,81049.359,15.006295204162598,1.1301231097604614e-05,-0.9232068657875061,-2.64556607647675e-08,-1.0770285774341914e-09,1.5148523289099103e-06,-0.023130647838115692,0.0,0.0,-0.0019892048835754394,trajectory,GOAL_DIRECT,3.585232734680176,14.993704785693353,1.423766661901027e-05
2154,81049.453,15.006295204162598,1.1520404768816661e-05,-0.9265795350074768,-2.5536758483888536e-08,-2.521350017659074e-09,1.5292453099391423e-06,-0.02369561418890953,0.0,0.0,-0.0017753741145133974,trajectory,GOAL_DIRECT,3.589832067489624,14.993704785296075,1.423766661901027e-05
2155,81049.562,15.006295204162598,1.1584725143620744e-05,-0.9275779128074646,-2.5268745318629612e-08,-2.592037695592353e-09,1.53344035425107e-06,-0.023844225332140923,0.0,0.0,-0.0017135663330554963,trajectory,GOAL_DIRECT,3.5945262908935547,14.99370478517804,1.423766661901027e-05
2156,81049.671,15.006295204162598,1.1834455108328257e-05,-0.9314835667610168,-2.4234980252620074e-08,-1.381759595631138e-09,1.5496088963118382e-06,-0.024356845766305923,0.0,0.0,-0.0014772740006446837,trajectory,GOAL_DIRECT,3.5993072986602783,14.993704784713522,1.423766661901027e-05
2157,81049.796,15.006295204162598,1.1974330845987424e-05,-0.9336870312690735,-2.3660666327051778e-08,3.082479271832028e-10,1.5585832215947448e-06,-0.02460460737347603,0.0,0.0,-0.0013472798466682436,trajectory,GOAL_DIRECT,3.6041646003723145,14.993704784449013,1.423766661901027e-05
2158,81049.89,15.006295204162598,1.2124414752179291e-05,-0.9360607862472534,-2.3048064806439733e-08,2.912048824299518e-09,1.5681491731811548e-06,-0.024842888116836548,0.0,0.0,0.0,trajectory_no_feasible,GOAL_DIRECT,3.60909104347229,14.993704784161745,1.423766661901027e-05
2159,81049.984,15.006295204162598,1.2162078746769112e-05,-0.936657726764679,-2.2894914426285778e-08,3.6922089829971583e-09,1.5705394389442517e-06,-0.024898655712604523,0.0,0.0,0.0,trajectory_no_feasible,GOAL_DIRECT,3.6140801906585693,14.993704784089092,1.423766661901027e-05
2160,81050.125,15.006295204162598,1.2432104085746687e-05,-0.9409468770027161,-2.1803717967677978e-08,1.0746803447148068e-08,1.5875591543590417e-06,-0.025256043300032616,0.0,0.0,-0.0009321726858615878,trajectory,GOAL_DIRECT,3.6191229820251465,14.993704783561624,1.423766661901027e-05
2161,81050.25,15.006295204162598,1.2604145922523458e-05,-0.9436852335929871,-2.111454125696845e-08,1.6554105641830574e-08,1.5982975583028747e-06,-0.025449516251683235,0.0,0.0,-0.0007797770202159883,trajectory,GOAL_DIRECT,3.6242153644561768,14.993704783219517,1.423766661901027e-05
2162,81050.343,15.006295204162598,1.2743574188789353e-05,-0.9459056258201599,-2.0559371128891328e-08,2.19932587697258e-08,1.6069417370090378e-06,-0.02558925561606884,0.0,0.0,-0.0006575782597064974,trajectory,GOAL_DIRECT,3.6293509006500244,14.993704782938812,1.423766661901027e-05
2163,81050.437,15.006295204162598,1.2772515219694469e-05,-0.9463664889335632,-2.0444508343771304e-08,2.3203384102998825e-08,1.6087295762190479e-06,-0.025616584345698357,0.0,0.0,-0.0006323488056659702,trajectory,GOAL_DIRECT,3.6345255374908447,14.99370478288016,1.423766661901027e-05
2164,81050.546,15.006295204162598,1.3024690815655049e-05,-0.9503800868988037,-1.9449030872722193e-08,3.4908779866782425e-08,1.6242138372035697e-06,-0.02583169750869274,0.0,0.0,-0.00041445985436439547,trajectory,GOAL_DIRECT,3.6345255374908447,14.993704782363464,1.423766661901027e-05
2165,81050.656,15.006295204162598,1.317126771027688e-05,-0.9520505666732788,-1.8874716947109682e-08,4.246859575118833e-08,1.6329272511939052e-06,-0.004988259635865688,0.0,0.0,-0.001998410895466805,trajectory,GOAL_DIRECT,3.639735221862793,14.993704782058492,1.423766661901027e-05
2166,81050.781,15.006295204162598,1.3328482054930646e-05,-0.9519450664520264,-1.8262115426450485e-08,5.144369907839064e-08,1.6423467741333297e-06,0.004240984097123146,0.0,0.0,-0.0027420254051685336,trajectory,GOAL_DIRECT,3.644976854324341,14.993704781727596,1.423766661901027e-05
2167,81050.875,15.006295204162598,1.348165278614033e-05,-0.9514837265014648,-1.7668657703306128e-08,6.100077598603093e-08,1.651545858294412e-06,0.005287706386297941,0.0,0.0,-0.002848830185830593,trajectory,GOAL_DIRECT,3.650153160095215,14.993704781401433,1.423766661901027e-05
2168,81050.968,15.006295204162598,1.3531242984754499e-05,-0.9513246417045593,-1.747721972809706e-08,6.425245402397195e-08,1.6545153584957006e-06,0.005311809945851564,0.0,0.0,-0.002858712710440159,trajectory,GOAL_DIRECT,3.651148557662964,14.993704781295037,1.423766661901027e-05
2169,81051.093,15.006295204162598,1.3790557204629295e-05,-0.9505130648612976,-1.6481742257000406e-08,8.246730232031041e-08,1.6699494835847872e-06,0.005048815160989761,0.0,0.0,-0.0028782519698143006,trajectory,GOAL_DIRECT,3.6502528190612793,14.993704780732314,1.423766661901027e-05
2170,81051.218,15.006295204162598,1.396141124132555e-05,-0.9500089883804321,-1.5830853141274737e-08,9.555821378626206e-08,1.6800320281618042e-06,0.004836902022361755,0.0,0.0,-0.002886502742767334,trajectory,GOAL_DIRECT,3.6491754055023193,14.993704780355715,1.423766661901027e-05
2171,81051.328,15.006295204162598,1.4123155779088847e-05,-0.9495535492897034,-1.5218251620585526e-08,1.087316618963996e-07,1.6895145336093265e-06,0.004654828459024429,0.0,0.0,-0.0028947088122367863,trajectory,GOAL_DIRECT,3.6481192111968994,14.993704779994923,1.423766661901027e-05
2172,81051.421,15.006295204162598,1.4290909348346759e-05,-0.9498901963233948,-1.4586491203335313e-08,1.2351620171102695e-07,1.699509880381811e-06,-0.017735909670591354,0.0,0.0,-0.001086617410182953,trajectory,GOAL_DIRECT,3.647106409072876,14.993704779616337,1.4290909348346759e-05
2173,81051.515,15.006295204162598,1.4326620657811873e-05,-0.9503012299537659,-1.4452478403433443e-08,1.2674678373514325e-07,1.7016159290506039e-06,-0.021154185757040977,0.0,0.0,-0.0007926036417484287,trajectory,GOAL_DIRECT,3.6461362838745117,14.993704779535168,1.4326620657811873e-05
2174,81051.625,15.006295204162598,1.458812130294973e-05,-0.953420102596283,-1.3476099432711089e-08,1.5082065374372178e-07,1.7165361896331888e-06,-0.004941641353070736,0.0,0.0,-0.0019336635619401933,trajectory,GOAL_DIRECT,3.646782159805298,14.993704778934616,1.458812130294973e-05
2175,81051.734,15.006295204162598,1.4758540601178538e-05,-0.953377366065979,-1.269874518516759e-08,1.635500410657187e-07,1.7262058236156008e-06,0.0031727589666843414,0.0,0.0,-0.002584952414035797,trajectory,GOAL_DIRECT,3.65155029296875,14.99370477853739,1.4758540601178538e-05
2176,81051.843,15.006295204162598,1.4914298844814766e-05,-0.9530367851257324,-1.1826193319115105e-08,1.6045842698986235e-07,1.7350556618112023e-06,0.004092068877071142,0.0,0.0,-0.0026755262538790707,trajectory,GOAL_DIRECT,3.653989553451538,14.993704778170303,1.4914298844814766e-05
2177,81051.953,15.006295204162598,1.5076087038323749e-05,-0.9526517987251282,-1.0706734095938652e-08,1.492804102554146e-07,1.7442034732084721e-06,0.004135882016271353,0.0,0.0,-0.0026982806250452998,trajectory,GOAL_DIRECT,3.653989553451538,14.993704777784924,1.5076087038323749e-05
2178,81052.062,15.006295204162598,1.5233466911013238e-05,-0.9522830843925476,-9.639294619932306e-09,1.364733464015444e-07,1.7530518334751832e-06,0.004052178002893925,0.0,0.0,-0.002710020020604134,trajectory,GOAL_DIRECT,3.6535205841064453,14.993704777406057,1.5233466911013238e-05
2179,81052.156,15.006295204162598,1.538635478937067e-05,-0.9519345164299011,-8.607436459800155e-09,1.2310442798479926e-07,1.7615994920561207e-06,0.003961113281548023,0.0,0.0,-0.0027201632410287857,trajectory,GOAL_DIRECT,3.652698278427124,14.993704777034235,1.538635478937067e-05
2180,81052.265,15.006295204162598,1.5529369193245657e-05,-0.9516169428825378,-7.64674093140764e-09,1.0978398279348767e-07,1.769553023223125e-06,0.003881243057549,0.0,0.0,-0.0027296523004770278,trajectory,GOAL_DIRECT,3.651855707168579,14.993704776683064,1.5529369193245657e-05
2181,81052.359,15.006295204162598,1.571037864778191e-05,-0.9512258172035217,-6.436963313372064e-09,9.181193405538579e-08,1.779562012416136e-06,0.0037896684370934963,0.0,0.0,-0.0027418826147913933,trajectory,GOAL_DIRECT,3.651031970977783,14.993704776233939,1.571037864778191e-05
2182,81052.453,15.006295204162598,1.5758463632664643e-05,-0.9511237740516663,-6.116727473775621e-09,8.683105789941692e-08,1.7822100062403479e-06,0.003767091780900955,0.0,0.0,-0.002745178639888764,trajectory,GOAL_DIRECT,3.650230646133423,14.993704776113754,1.5758463632664643e-05
2183,81052.64,15.006295204162598,1.6053869330789894e-05,-0.9505127668380737,-4.159730676256656e-09,5.4358885392957745e-08,1.7983819589062477e-06,0.00364269083365798,0.0,0.0,-0.002765776924788952,trajectory,GOAL_DIRECT,3.6494479179382324,14.993704775367352,1.6053869330789894e-05
2184,81052.75,15.006295204162598,1.6313857486238703e-05,-0.9499949812889099,-2.386066605087328e-09,2.6138380349038925e-08,1.8124798089047545e-06,0.003551153466105461,0.0,0.0,-0.002784343212842941,trajectory,GOAL_DIRECT,3.6486849784851074,14.99370477469897,1.6313857486238703e-05
2185,81052.89,15.006295204162598,1.6515659808646888e-05,-0.9509755969047546,-9.826665965985355e-10,1.5690318377892254e-08,1.8235959942103364e-06,-0.022490372881293297,0.0,0.0,-0.0006519903242588043,trajectory,GOAL_DIRECT,3.6479358673095703,14.993704774172771,1.6515659808646888e-05
2186,81053.0,15.006295204162598,1.6696672901161946e-05,-0.9526774287223816,2.6901575162966803e-10,1.65335976021197e-08,1.8330944158151397e-06,-0.00473925331607461,0.0,0.0,-0.001986988298594952,trajectory,GOAL_DIRECT,3.6472010612487793,14.993704773695278,1.6696672901161946e-05
2187,81053.703,15.006295204162598,1.6856523870956153e-05,-0.952700674533844,1.3689789685268175e-09,2.5042648843509596e-08,1.8415221347822808e-06,0.0022157414350658655,0.0,0.0,-0.00254222558811307,trajectory,GOAL_DIRECT,3.647440195083618,14.993704773269279,1.6856523870956153e-05
2188,81054.375,15.006295204162598,1.7913424017024226e-05,-0.9270371198654175,7.927774610748867e-09,5.072496378488722e-08,1.1808493809439824e-06,0.07855898886919022,0.0,0.0,0.0,control_loop_hover,GOAL_DIRECT,3.6163241863250732,14.993704770350531,1.7913424017024226e-05
2189,81054.703,15.006295204162598,1.8298365830560215e-05,-0.8846152424812317,7.072113608858939e-09,6.649516137713363e-08,1.551949964095911e-07,0.05659358948469162,0.0,0.0,0.0,control_loop_hover,GOAL_DIRECT,3.5401315689086914,14.99370476924339,1.8298365830560215e-05
2190,81055.359,15.006295204162598,1.8288650608155876e-05,-0.8698190450668335,7.146523559378995e-09,7.425170167607575e-08,-2.0853917703789193e-07,0.043061427772045135,0.0,0.0,-0.009953961968421937,trajectory,GOAL_DIRECT,3.506903886795044,14.993704769271622,1.8298365830560215e-05
2191,81056.046,15.006295204162598,1.806734326237347e-05,-0.841640830039978,7.518791083847952e-09,5.1692257585500556e-08,-4.6479544835165143e-07,0.03864413872361183,0.0,0.0,0.0,control_loop_hover,GOAL_DIRECT,3.44385027885437,14.993704769910664,1.8298365830560215e-05
2192,81056.281,15.006295204162598,1.7853904864750803e-05,-0.8126281499862671,6.574639650407333e-09,4.110307116889089e-08,-1.766559734051043e-07,0.005876611918210983,0.0,0.0,0.0,control_loop_hover,GOAL_DIRECT,3.3865373134613037,14.993704770519615,1.8298365830560215e-05
2193,81056.421,15.006295204162598,1.7827158444561064e-05,-0.815214216709137,6.6102857615175845e-09,8.291183206665664e-08,-1.224227190732563e-07,-0.040703922510147095,0.0,0.0,-0.005982975363731385,trajectory,GOAL_DIRECT,3.3759605884552,14.993704770595414,1.8298365830560215e-05
2194,81056.531,15.006295204162598,1.7816852050600573e-05,-0.8195083737373352,6.694221943266879e-09,1.0012076501197953e-07,-9.986711546616789e-08,-0.049607474356889725,0.0,0.0,-0.0050559833645820625,trajectory,GOAL_DIRECT,3.372164249420166,14.993704770624591,1.8298365830560215e-05
2195,81056.625,15.006295204162598,1.7808968550525606e-05,-0.8239754438400269,6.772742838131779e-09,1.0396273353308061e-07,-8.199290135735282e-08,-0.051973070949316025,0.0,0.0,-0.004643382132053376,trajectory,GOAL_DIRECT,3.3730080127716064,14.993704770646898,1.8298365830560215e-05
2196,81056.734,15.006295204162598,1.7801903595682234e-05,-0.829008936882019,6.819464136218396e-09,9.843364523476339e-08,-6.576190259011128e-08,-0.05241266265511513,0.0,0.0,-0.004356540143489838,trajectory,GOAL_DIRECT,3.3802852630615234,14.99370477066688,1.8298365830560215e-05
2197,81056.843,15.006295204162598,1.779909143806435e-05,-0.8313896656036377,6.829549825679415e-09,9.71454028331209e-08,-5.939412517363962e-08,-0.05289359390735626,0.0,0.0,-0.0041990292072296145,trajectory,GOAL_DIRECT,3.390289545059204,14.993704770674833,1.8298365830560215e-05
2198,81056.968,15.006295204162598,1.7791449863580056e-05,-0.8392505645751953,6.962580752514031e-09,8.895550251963869e-08,-4.392815355913626e-08,-0.05313728377223015,0.0,0.0,-0.0037864890694618222,trajectory,GOAL_DIRECT,3.40093994140625,14.993704770696434,1.8298365830560215e-05
2199,81057.078,15.006295204162598,1.7787515389500186e-05,-0.8442999124526978,7.049224320737995e-09,8.515563365563139e-08,-3.867002007496012e-08,-0.05070408433675766,0.0,0.0,-0.0037286776304245005,trajectory,GOAL_DIRECT,3.411668539047241,14.993704770707552,1.8298365830560215e-05
2200,81057.171,15.006295204162598,1.778435762389563e-05,-0.8484944105148315,7.125037449060063e-09,8.33301143643439e-08,-3.7026936183792714e-08,-0.048620738089084625,0.0,0.0,-0.003685620427131653,trajectory,GOAL_DIRECT,3.4223334789276123,14.993704770716475,1.8298365830560215e-05
2201,81057.203,15.006295204162598,1.7783026123652235e-05,-0.8502423167228699,7.157528791519835e-09,8.297536879808831e-08,-3.716834129363633e-08,-0.048595841974020004,0.0,0.0,-0.0036002168059349063,trajectory,GOAL_DIRECT,3.4331514835357666,14.993704770720235,1.8298365830560215e-05
2202,81057.296,15.006295204162598,1.7779944755602628e-05,-0.8540598154067993,7.230634315894079e-09,8.311879895472885e-08,-3.9338136303967985e-08,-0.046105433255434036,0.0,0.0,-0.0036085745692253112,trajectory,GOAL_DIRECT,3.4331514835357666,14.99370477072894,1.8298365830560215e-05
2203,81057.39,15.006295204162598,1.777631950972136e-05,-0.8580151796340942,7.30915507021794e-09,8.472283496985256e-08,-4.4532061593827166e-08,-0.04473179578781128,0.0,0.0,-0.0035206973552703857,trajectory,GOAL_DIRECT,3.443403482437134,14.993704770739177,1.8298365830560215e-05
2204,81057.421,15.006295204162598,1.7775366359273903e-05,-0.8589555621147156,7.328108356663298e-09,8.533632467333518e-08,-4.623317195751042e-08,-0.04481890797615051,0.0,0.0,-0.003466709256172181,trajectory,GOAL_DIRECT,3.443403482437134,14.993704770741868,1.8298365830560215e-05
2205,81057.531,15.006295204162598,1.77713118318934e-05,-0.8624842762947083,7.401213893442859e-09,8.851526445141644e-08,-5.4392089054999815e-08,-0.04284568130970001,0.0,0.0,-0.0034481316804885866,trajectory,GOAL_DIRECT,3.453176975250244,14.993704770753316,1.8298365830560215e-05
2206,81057.625,15.006295204162598,1.776549470378086e-05,-0.8665731549263,7.487851282224634e-09,9.39749824624414e-08,-6.740324209886239e-08,-0.04196738079190254,0.0,0.0,-0.0033139517903327943,trajectory,GOAL_DIRECT,3.462491989135742,14.993704770769735,1.8298365830560215e-05
2207,81057.718,15.006295204162598,1.776340104697738e-05,-0.8678335547447205,7.514922969748682e-09,9.605863482420318e-08,-7.221454723094212e-08,-0.04198581352829933,0.0,0.0,-0.0032494571805000306,trajectory,GOAL_DIRECT,3.4714527130126953,14.993704770775643,1.8298365830560215e-05
2208,81057.843,15.006295204162598,1.774797601683531e-05,-0.8748946189880371,7.671938771769945e-09,1.1166185487354596e-07,-1.0705664266197346e-07,-0.040707387030124664,0.0,0.0,-0.0029986780881881715,trajectory,GOAL_DIRECT,3.4801454544067383,14.993704770819148,1.8298365830560215e-05
2209,81057.937,15.006295204162598,1.773739313648548e-05,-0.8784396648406982,7.398589412927298e-09,1.2164416318682925e-07,-1.273820231517675e-07,-0.03757287561893463,0.0,0.0,-0.003072186708450318,trajectory,GOAL_DIRECT,3.4885544776916504,14.993704770848977,1.8298365830560215e-05
2210,81058.062,15.006295204162598,1.7733087588567287e-05,-0.879671037197113,7.247560432975154e-09,1.2547151584385574e-07,-1.33429637116933e-07,-0.0368366464972496,0.0,0.0,-0.00306951642036438,trajectory,GOAL_DIRECT,3.496788263320923,14.993704770861106,1.8298365830560215e-05
2211,81058.156,15.006295204162598,1.7712945918901823e-05,-0.8846924901008606,6.6022547824125995e-09,1.4294387540303433e-07,-1.4971054440593434e-07,-0.03531040623784065,0.0,0.0,-0.0029405429959297185,trajectory,GOAL_DIRECT,3.5047783851623535,14.99370477091781,1.8298365830560215e-05
2212,81058.281,15.006295204162598,1.76974936039187e-05,-0.8882160782814026,6.126045878030003e-09,1.5667222896809108e-07,-1.5181096557626006e-07,-0.033236827701330185,0.0,0.0,-0.002930249869823456,trajectory,GOAL_DIRECT,3.5121402740478516,14.993704770961271,1.8298365830560215e-05
2213,81058.39,15.006295204162598,1.7682681573205628e-05,-0.8914293646812439,5.407623693551018e-09,1.626782619723599e-07,-1.4608174581098865e-07,-0.03149353712797165,0.0,0.0,-0.0029090487957000736,trajectory,GOAL_DIRECT,3.5121402740478516,14.993704771002893,1.8298365830560215e-05
2214,81058.5,15.006295204162598,1.7668819054961205e-05,-0.8944907784461975,4.574143814004212e-09,1.5513390394517046e-07,-1.326970249238002e-07,-0.030097102746367455,0.0,0.0,-0.0028676928579807284,trajectory,GOAL_DIRECT,3.5193567276000977,14.993704771041816,1.8298365830560215e-05
2215,81058.609,15.006295204162598,1.7656975614954717e-05,-0.8973099589347839,3.8084003793542654e-09,1.4520236391035723e-07,-1.1398671517781622e-07,-0.028627552092075348,0.0,0.0,-0.002844297885894776,trajectory,GOAL_DIRECT,3.5262115001678467,14.993704771075047,1.8298365830560215e-05
2216,81058.718,15.006295204162598,1.764777880453039e-05,-0.8997582793235779,3.1378509984287532e-09,1.3430323519969534e-07,-9.749047791274279e-08,-0.027475718408823013,0.0,0.0,-0.002814028561115265,trajectory,GOAL_DIRECT,3.5326855182647705,14.993704771100836,1.8298365830560215e-05
2217,81058.843,15.006295204162598,1.763805812515784e-05,-0.9027386903762817,2.2823224743789793e-09,1.1778652719840466e-07,-7.787738809383882e-08,-0.026331884786486626,0.0,0.0,-0.0027565146982669836,trajectory,GOAL_DIRECT,3.538846969604492,14.993704771128078,1.8298365830560215e-05
2218,81058.953,15.006295204162598,1.763115869835019e-05,-0.90530925989151,1.5192851824650394e-09,1.0059091692937727e-07,-6.174693822913468e-08,-0.02528153918683529,0.0,0.0,-0.0027120138704776766,trajectory,GOAL_DIRECT,3.544689893722534,14.993704771147405,1.8298365830560215e-05
2219,81059.062,15.006295204162598,1.762607462296728e-05,-0.9076163172721863,8.024941162376346e-10,8.232255765960872e-08,-4.776612527734869e-08,-0.024155931547284126,0.0,0.0,0.0,trajectory_no_feasible,GOAL_DIRECT,3.5502586364746094,14.993704771161642,1.8298365830560215e-05
2220,81059.187,15.006295204162598,1.7622132872929797e-05,-0.9098911285400391,7.901649762545828e-11,6.13841990571018e-08,-3.452106511758757e-08,-0.023121153935790062,0.0,0.0,-0.002655751258134842,trajectory,GOAL_DIRECT,3.5556282997131348,14.993704771172677,1.8298365830560215e-05
2221,81059.281,15.006295204162598,1.7619473510421813e-05,-0.9120109677314758,-5.649827400828994e-10,4.374313178345801e-08,-2.283977096340095e-08,-0.022244296967983246,0.0,0.0,-0.002619907855987549,trajectory,GOAL_DIRECT,3.5607728958129883,14.993704771180122,1.8298365830560215e-05
2222,81059.375,15.006295204162598,1.7618900528759696e-05,-0.9126096963882446,-7.51950194840414e-10,3.964725792116042e-08,-1.9659104566471797e-08,-0.02212807722389698,0.0,0.0,-0.00259926900267601,trajectory,GOAL_DIRECT,3.5607728958129883,14.993704771181724,1.8298365830560215e-05
2223,81059.5,15.006295204162598,1.7617156117921695e-05,-0.9161097407341003,-1.852980748940097e-09,2.4906416484782312e-08,-2.85915935371861e-09,-0.022226564586162567,0.0,0.0,-0.0024163877964019772,trajectory,GOAL_DIRECT,3.5703511238098145,14.993704771186607,1.8298365830560215e-05
2224,81059.609,15.006295204162598,1.7617356206756085e-05,-0.9184694290161133,-2.580080160629069e-09,2.3971589158122697e-08,6.421089437935734e-09,-0.02271891012787819,0.0,0.0,-0.002259015738964081,trajectory,GOAL_DIRECT,3.574855089187622,14.993704771186048,1.8298365830560215e-05
2225,81059.734,15.006295204162598,1.7618371202843264e-05,-0.9207406044006348,-3.265631130440407e-09,2.950496380549339e-08,1.384564374262709e-08,-0.02315622940659523,0.0,0.0,-0.0021104714274406437,trajectory,GOAL_DIRECT,3.579350471496582,14.993704771183205,1.8298365830560215e-05
2226,81059.812,15.006295204162598,1.7619762729736976e-05,-0.9227001667022705,-3.8473096243102905e-09,3.9082113545418906e-08,1.9136443540901382e-08,-0.02349391020834446,0.0,0.0,-0.001985478848218918,trajectory,GOAL_DIRECT,3.583936929702759,14.993704771179312,1.8298365830560215e-05
2227,81059.921,15.006295204162598,1.7620239304960705e-05,-0.9232651591300964,-4.013502019429061e-09,4.264162356548695e-08,2.0477997964007955e-08,-0.023584887385368347,0.0,0.0,-0.0019499510526657107,trajectory,GOAL_DIRECT,3.5886192321777344,14.993704771177978,1.8298365830560215e-05
2228,81060.046,15.006295204162598,1.762467400112655e-05,-0.9275673031806946,-5.257597066546e-09,8.099379300574583e-08,2.813019861491739e-08,-0.02419600635766983,0.0,0.0,-0.0016859543323516847,trajectory,GOAL_DIRECT,3.5933878421783447,14.993704771165563,1.8298365830560215e-05
2229,81060.14,15.006295204162598,1.762668034643866e-05,-0.9292439818382263,-5.6837463854191765e-09,9.763938635387603e-08,2.993625614067241e-08,-0.024399954825639725,0.0,0.0,-0.0015858045220375062,trajectory,GOAL_DIRECT,3.598234176635742,14.993704771159946,1.8298365830560215e-05
2230,81060.25,15.006295204162598,1.7627497072680853e-05,-0.9299038052558899,-5.849581724830319e-09,1.0300213659775181e-07,3.047292196356466e-08,-0.02447553165256977,0.0,0.0,-0.0015467672049999238,trajectory,GOAL_DIRECT,3.598234176635742,14.99370477115766,1.8298365830560215e-05
2231,81060.375,15.006295204162598,1.7632663002586924e-05,-0.9339777827262878,-6.863019929385376e-09,1.2164484530785558e-07,3.1674193934350114e-08,-0.024891825392842293,0.0,0.0,-0.0013097648322582247,trajectory,GOAL_DIRECT,3.6031510829925537,14.993704771143191,1.8298365830560215e-05
2232,81060.484,15.006295204162598,1.763566797308158e-05,-0.9363775253295898,-7.452656274092133e-09,1.21316944046157e-07,3.072943499660141e-08,-0.025101331993937492,0.0,0.0,-0.0011730171740055085,trajectory,GOAL_DIRECT,3.6081295013427734,14.993704771134775,1.8298365830560215e-05
2233,81060.578,15.006295204162598,1.7638179997447878e-05,-0.9384931921958923,-7.968588473483142e-09,1.1428714685735031e-07,2.8910957183825303e-08,-0.025267478078603745,0.0,0.0,-0.001053942143917084,trajectory,GOAL_DIRECT,3.6131653785705566,14.993704771127737,1.8298365830560215e-05
2234,81060.671,15.006295204162598,1.763928412401583e-05,-0.9394800066947937,-8.208128426117471e-09,1.0888411594578429e-07,2.775200691473856e-08,-0.025339478626847267,0.0,0.0,-0.0009988413751125338,trajectory,GOAL_DIRECT,3.6182491779327393,14.993704771124643,1.8298365830560215e-05
2235,81060.781,15.006295204162598,1.7643071259954013e-05,-0.9433771371841431,-9.237099112508702e-09,8.671875662003004e-08,2.1278498962828962e-08,-0.02559400349855423,0.0,0.0,-0.0007836228609085084,trajectory,GOAL_DIRECT,3.6233785152435303,14.99370477111403,1.8298365830560215e-05
2236,81060.906,15.006295204162598,1.7644806575844996e-05,-0.9457637667655945,-9.881108389134744e-09,8.016620256512397e-08,1.584303888080285e-08,-0.025728750973939896,0.0,0.0,-0.0006535115838050844,trajectory,GOAL_DIRECT,3.6285481452941895,14.993704771109167,1.8298365830560215e-05
2237,81060.984,15.006295204162598,1.7645897969487123e-05,-0.9479297995567322,-1.0488620641553261e-08,7.886671937740175e-08,9.95841809015019e-09,-0.025839418172836304,0.0,0.0,-0.0005363565683364868,trajectory,GOAL_DIRECT,3.6337521076202393,14.993704771106108,1.8298365830560215e-05
2238,81061.078,15.006295204162598,1.764613807608839e-05,-0.9486279487609863,-1.071785328451279e-08,7.841753557613629e-08,7.870364804318797e-09,-0.02587280422449112,0.0,0.0,-0.0004987782239913941,trajectory,GOAL_DIRECT,3.6389894485473633,14.993704771105435,1.8298365830560215e-05
2239,81061.187,15.006295204162598,1.7646387277636677e-05,-0.9523656964302063,-1.1898164293269155e-08,6.5443067853721e-08,-4.880943649254732e-09,-0.026035156100988388,0.0,0.0,-0.0002989026904106143,trajectory,GOAL_DIRECT,3.6389894485473633,14.993704771104735,1.8298365830560215e-05
2240,81061.296,15.006295204162598,1.7645663319854066e-05,-0.9539974331855774,-1.245907558817199e-08,5.777712885901565e-08,-1.3047885438766116e-08,-0.007387743331491947,0.0,0.0,-0.0017091088742017745,trajectory,GOAL_DIRECT,3.644254207611084,14.993704771106765,1.8298365830560215e-05
2241,81061.375,15.006295204162598,1.7644246327108704e-05,-0.954052746295929,-1.3019986877392936e-08,5.416754689235859e-08,-2.2154576839739093e-08,0.003161408705636859,0.0,0.0,-0.002550275381654501,trajectory,GOAL_DIRECT,3.6495449542999268,14.993704771110737,1.8298365830560215e-05
2242,81061.5,15.006295204162598,1.7641345039010048e-05,-0.9535951018333435,-1.3726319603884916e-08,5.5477364924172434e-08,-3.4974501517126555e-08,0.005094781052321196,0.0,0.0,-0.0027278273925185202,trajectory,GOAL_DIRECT,3.654546022415161,14.993704771118868,1.8298365830560215e-05
2243,81061.625,15.006295204162598,1.7637064956943505e-05,-0.9530700445175171,-1.4432652321366783e-08,6.33936565463955e-08,-4.918324592040335e-08,0.005114241037517786,0.0,0.0,-0.0027556370571255686,trajectory,GOAL_DIRECT,3.6551032066345215,14.99370477113086,1.8298365830560215e-05
2244,81061.734,15.006295204162598,1.7632031813263893e-05,-0.9526171088218689,-1.505588706460372e-08,7.586705663698012e-08,-6.285650044901558e-08,0.004944988992065191,0.0,0.0,0.0,trajectory_no_feasible,GOAL_DIRECT,3.6541876792907715,14.99370477114496,1.8298365830560215e-05
2245,81061.828,15.006295204162598,1.762595093168784e-05,-0.9521943926811218,-1.5604335498289415e-08,8.934847528507817e-08,-7.70842447650466e-08,0.004773335065692663,0.0,0.0,-0.0027721471711993216,trajectory,GOAL_DIRECT,3.6531383991241455,14.993704771161989,1.8298365830560215e-05
2246,81061.921,15.006295204162598,1.7623808162170462e-05,-0.95206618309021,-1.577017086326454e-08,9.225473718288413e-08,-8.170162857368268e-08,0.004722279496490955,0.0,0.0,-0.0027744732052087787,trajectory,GOAL_DIRECT,3.652113676071167,14.993704771167987,1.8298365830560215e-05
2247,81062.015,15.006295204162598,1.7611786461202428e-05,-0.9514719247817993,-1.656249539704998e-08,9.7165731460791e-08,-1.0508219361327065e-07,0.004496988840401173,0.0,0.0,-0.002786162868142128,trajectory,GOAL_DIRECT,3.652113676071167,14.993704771201632,1.8298365830560215e-05
2248,81062.031,15.006295204162598,1.7608546841074713e-05,-0.9513377547264099,-1.674675691943566e-08,9.618066343364262e-08,-1.108323530729649e-07,0.004448925610631704,0.0,0.0,-0.002789026312530041,trajectory,GOAL_DIRECT,3.6511313915252686,14.993704771210695,1.8298365830560215e-05
2249,81062.125,15.006295204162598,1.759930091793649e-05,-0.9509953856468201,-1.7225836882761153e-08,8.986291533119584e-08,-1.2633516632831743e-07,0.004331118892878294,0.0,0.0,-0.0027967202290892605,trajectory,GOAL_DIRECT,3.6511313915252686,14.99370477123655,1.8298365830560215e-05
2250,81062.234,15.006295204162598,1.758665166562423e-05,-0.9505986571311951,-1.7773564064453156e-08,7.731328821591887e-08,-1.4554692029378202e-07,0.004203361924737692,0.0,0.0,-0.0028063360974192623,trajectory,GOAL_DIRECT,3.65018630027771,14.993704771271899,1.8298365830560215e-05
2251,81062.343,15.006295204162598,1.75719633261906e-05,-0.9502009749412537,-1.8137759757720006e-08,6.95491806368409e-08,-1.5888983284639835e-07,0.004084468353539705,0.0,0.0,-0.0028167087212204937,trajectory,GOAL_DIRECT,3.6492769718170166,14.993704771312917,1.8298365830560215e-05
2252,81062.453,15.006295204162598,1.7555479644215666e-05,-0.9497902989387512,-1.859047138336331e-08,6.805413477195543e-08,-1.625334675736667e-07,0.003971210215240717,0.0,0.0,-0.0028281818702816965,trajectory,GOAL_DIRECT,3.648397922515869,14.993704771358907,1.8298365830560215e-05
2253,81062.578,15.006295204162598,1.7540582121000625e-05,-0.9503511190414429,-1.9088883336537465e-08,6.55739356147933e-08,-1.562235354413133e-07,-0.019465094432234764,0.0,0.0,-0.0009252364933490752,trajectory,GOAL_DIRECT,3.647547483444214,14.993704771400433,1.8298365830560215e-05
2254,81062.671,15.006295204162598,1.752667776599992e-05,-0.9518795013427734,-1.9444056965029292e-08,6.030214905194953e-08,-1.4148184845907963e-07,-0.005127007141709328,0.0,0.0,-0.001995864361524582,trajectory,GOAL_DIRECT,3.6467223167419434,14.993704771439159,1.8298365830560215e-05
2255,81062.765,15.006295204162598,1.7522514099255204e-05,-0.951964259147644,-1.9299568125369223e-08,5.8552984683046816e-08,-1.3617901117868314e-07,-0.0009589787805452943,0.0,0.0,-0.0023250687401741746,trajectory,GOAL_DIRECT,3.6473655700683594,14.99370477145075,1.8298365830560215e-05
2256,81062.89,15.006295204162598,1.7500939065939747e-05,-0.9515315890312195,-1.870846767064832e-08,5.7846857970389465e-08,-1.194709824403617e-07,0.00366573641076684,0.0,0.0,-0.002716679461300373,trajectory,GOAL_DIRECT,3.6507582664489746,14.993704771510767,1.8298365830560215e-05
2257,81063.015,15.006295204162598,1.7488606317783706e-05,-0.9511422514915466,-1.8763973500225518e-08,6.175949351927557e-08,-1.1496399565658066e-07,0.0037094331346452236,0.0,0.0,-0.0027396420761942866,trajectory,GOAL_DIRECT,3.650731086730957,14.99370477154504,1.8298365830560215e-05
2258,81063.109,15.006295204162598,1.747893293213565e-05,-0.950821578502655,-1.895782200337547e-08,6.506993344146395e-08,-1.0658131088803202e-07,0.0036589924711734056,0.0,0.0,-0.0027516404725611214,trajectory,GOAL_DIRECT,3.6500396728515625,14.993704771571906,1.8298365830560215e-05
2259,81063.14,15.006295204162598,1.747734859236516e-05,-0.9507667422294617,-1.8991244158990767e-08,6.562590471048679e-08,-1.046375146529499e-07,0.00364920636638999,0.0,0.0,-0.002753599397838116,trajectory,GOAL_DIRECT,3.6500396728515625,14.993704771576304,1.8298365830560215e-05
2260,81063.218,15.006295204162598,1.746992529660929e-05,-0.9504948854446411,-1.9158354936625136e-08,6.834054033788561e-08,-9.271931133980615e-08,0.003600708907470107,0.0,0.0,-0.002763312440365553,trajectory,GOAL_DIRECT,3.649282693862915,14.99370477159691,1.8298365830560215e-05
2261,81063.343,15.006295204162598,1.7461377865402028e-05,-0.9501307606697083,-1.9317575080697194e-08,6.9487526843659e-08,-7.622583098054747e-08,0.0035392038989812136,0.0,0.0,-0.0027765982784330847,trajectory,GOAL_DIRECT,3.648531436920166,14.993704771620624,1.8298365830560215e-05
2262,81063.437,15.006295204162598,1.7454467524657957e-05,-0.9497934579849243,-1.9456386711344668e-08,6.425957366218427e-08,-6.915587391631561e-08,0.00348699651658535,0.0,0.0,-0.0027892868220806125,trajectory,GOAL_DIRECT,3.647794008255005,14.993704771639788,1.8298365830560215e-05
2263,81063.546,15.006295204162598,1.744895962474402e-05,-0.9500505328178406,-1.969322835867165e-08,5.5487021199951414e-08,-6.671212560149797e-08,-0.016068151220679283,0.0,0.0,-0.0012120212614536287,trajectory,GOAL_DIRECT,3.647068500518799,14.993704771655057,1.8298365830560215e-05
2264,81063.578,15.006295204162598,1.744618930388242e-05,-0.9508686065673828,-1.9819687194512697e-08,4.98520016378734e-08,-6.514555650483089e-08,-0.01820937730371952,0.0,0.0,-0.0009998194873332977,trajectory,GOAL_DIRECT,3.647068500518799,14.993704771662735,1.8298365830560215e-05
2265,81063.656,15.006295204162598,1.744254223012831e-05,-0.9514174461364746,-1.9993658243277147e-08,4.11853875448287e-08,-6.272733799050911e-08,-0.0034471701364964247,0.0,0.0,-0.0021533540822565554,trajectory,GOAL_DIRECT,3.647068500518799,14.99370477167284,1.8298365830560215e-05
2266,81063.765,15.006295204162598,1.743727807479445e-05,-0.9513931274414062,-2.0328407379571087e-08,3.169161288951727e-08,-5.815522641228199e-08,0.0023461042437702417,0.0,0.0,-0.0026180319674313068,trajectory,GOAL_DIRECT,3.646359443664551,14.993704771687424,1.8298365830560215e-05
2267,81063.875,15.006295204162598,1.743167194945272e-05,-0.9510867595672607,-2.0715365386663034e-08,2.3120898973161275e-08,-5.151491322408219e-08,0.0033248080871999264,0.0,0.0,-0.002711646668612957,trajectory,GOAL_DIRECT,3.649120807647705,14.99370477170295,1.8298365830560215e-05
2268,81063.984,15.006295204162598,1.7427209968445823e-05,-0.9507722854614258,-2.1068180037283583e-08,1.314703457211408e-08,-4.427890587521688e-08,0.0034044913481920958,0.0,0.0,-0.002733745034784079,trajectory,GOAL_DIRECT,3.649899482727051,14.993704771715304,1.8298365830560215e-05
2269,81064.093,15.006295204162598,1.742336644383613e-05,-0.9504464268684387,-2.143237580276014e-08,6.962623810835566e-10,-3.563156880659335e-08,0.003382160561159253,0.0,0.0,-0.0027482515014708043,trajectory,GOAL_DIRECT,3.6493687629699707,14.993704771725943,1.8298365830560215e-05
2270,81064.171,15.006295204162598,1.7422436940250918e-05,-0.9503552317619324,-2.153480586126853e-08,-3.1998328431370737e-09,-3.2984022624305e-08,0.0033727132249623537,0.0,0.0,-0.0027520554699003697,trajectory,GOAL_DIRECT,3.648686408996582,14.993704771728515,1.8298365830560215e-05
2271,81064.312,15.006295204162598,1.7418491552234627e-05,-0.9498135447502136,-2.1980305507492558e-08,-1.9274724039064495e-08,-1.5112373574766025e-08,0.0033162517938762903,0.0,0.0,-0.002774622905999422,trajectory,GOAL_DIRECT,3.6479930877685547,14.993704771739434,1.8298365830560215e-05
2272,81064.421,15.006295204162598,1.7417614799342118e-05,-0.9506944417953491,-2.2313251660443682e-08,-2.8407825425347255e-08,-1.784429493056905e-09,-0.021923856809735298,0.0,0.0,-0.0007113693654537201,trajectory,GOAL_DIRECT,3.6473052501678467,14.993704771741859,1.8298365830560215e-05
2273,81064.531,15.006295204162598,1.7418100469512865e-05,-0.9520975947380066,-2.2918966263212918e-08,-3.281001426103103e-08,1.1847609115989144e-08,-0.0028471730183809996,0.0,0.0,-0.002167346421629191,trajectory,GOAL_DIRECT,3.646625280380249,14.993704771740516,1.8298365830560215e-05
2274,81064.656,15.006295204162598,1.742016502248589e-05,-0.9520078897476196,-2.355213978249233e-08,-3.4394457060216155e-08,2.7264205115784534e-08,0.002687572268769145,0.0,0.0,-0.0026146112941205506,trajectory,GOAL_DIRECT,3.648387908935547,14.993704771734803,1.8298365830560215e-05
2275,81064.765,15.006295204162598,1.7423009921913035e-05,-0.9517320394515991,-2.3823123021787372e-08,-3.6930494218267995e-08,3.472881004995543e-08,0.0032662763260304928,0.0,0.0,-0.0026747001335024837,trajectory,GOAL_DIRECT,3.651210069656372,14.99370477172693,1.8298365830560215e-05
2276,81064.843,15.006295204162598,1.7425883925170638e-05,-0.9514639377593994,-2.4067007952778852e-08,-4.085832117084465e-08,3.512254664883585e-08,0.0033287969417870045,0.0,0.0,-0.0026931068673729896,trajectory,GOAL_DIRECT,3.651014804840088,14.993704771718974,1.8298365830560215e-05
2277,81064.968,15.006295204162598,1.7428452338208444e-05,-0.9512044787406921,-2.430186012253966e-08,-4.611334958326552e-08,2.983450286819789e-08,0.0033189288806170225,0.0,0.0,-0.002705290373414755,trajectory,GOAL_DIRECT,3.6503844261169434,14.993704771711865,1.8298365830560215e-05
2278,81065.062,15.006295204162598,1.7430833395337686e-05,-0.9508573412895203,-2.4618007295818132e-08,-5.546876380435606e-08,1.3935127718411877e-08,0.003289630636572838,0.0,0.0,-0.0027203033864498143,trajectory,GOAL_DIRECT,3.6503844261169434,14.993704771705273,1.8298365830560215e-05
2279,81065.093,15.006295204162598,1.7431211745133623e-05,-0.9507293701171875,-2.4735433395085834e-08,-5.961037174984085e-08,5.4632676160792926e-09,0.0032784740906208754,0.0,0.0,-0.002725809421390295,trajectory,GOAL_DIRECT,3.6497058868408203,14.993704771704225,1.8298365830560215e-05
2280,81065.156,15.006295204162598,1.7431162632419728e-05,-0.9505624771118164,-2.4888990606998725e-08,-6.557124265782477e-08,-7.712824157124487e-09,0.003264400642365217,0.0,0.0,-0.0027330281957983972,trajectory,GOAL_DIRECT,3.6497058868408203,14.99370477170436,1.8298365830560215e-05
2281,81065.281,15.006295204162598,1.7428621504222974e-05,-0.9502212405204773,-2.5181659701015936e-08,-7.977599381092659e-08,-4.2270645650432925e-08,0.003237695200368762,0.0,0.0,-0.0027479535900056364,trajectory,GOAL_DIRECT,3.64902925491333,14.993704771711396,1.8298365830560215e-05
2282,81065.39,15.006295204162598,1.7423362805857323e-05,-0.9499307870864868,-2.5241345258737253e-08,-9.251440502566766e-08,-7.425185089005026e-08,0.0032170573249459267,0.0,0.0,-0.0027608252316713338,trajectory,GOAL_DIRECT,3.6483590602874756,14.993704771725954,1.8298365830560215e-05
2283,81065.468,15.006295204162598,1.7416530681657605e-05,-0.9501058459281921,-2.5293072743686083e-08,-1.032084853136439e-07,-1.0086510826567974e-07,-0.014690634794533253,0.0,0.0,-0.001319456920027733,trajectory,GOAL_DIRECT,3.647693395614624,14.99370477174486,1.8298365830560215e-05
2284,81065.5,15.006295204162598,1.74140150193125e-05,-0.9505295157432556,-2.530898889319821e-08,-1.0638230207860033e-07,-1.0871760736108627e-07,-0.019811099395155907,0.0,0.0,-0.0008886362612247471,trajectory,GOAL_DIRECT,3.647693395614624,14.993704771751819,1.8298365830560215e-05
2285,81065.593,15.006295204162598,1.7404614482074976e-05,-0.951291561126709,-2.5360716380078192e-08,-1.158944371582038e-07,-1.3210302540755947e-07,-0.002128849970176816,0.0,0.0,-0.002265113946050406,trajectory,GOAL_DIRECT,3.647033452987671,14.993704771777816,1.8298365830560215e-05
2286,81065.703,15.006295204162598,1.739108847687021e-05,-0.9512098431587219,-2.5422391462518724e-08,-1.2673611138325214e-07,-1.584436972734693e-07,0.0024881158024072647,0.0,0.0,-0.002638557106256485,trajectory,GOAL_DIRECT,3.6471242904663086,14.993704771815196,1.8298365830560215e-05
2287,81065.812,15.006295204162598,1.7374110029777512e-05,-0.9509190917015076,-2.5488045584842962e-08,-1.3747640537076222e-07,-1.841370931288111e-07,0.0031622799579054117,0.0,0.0,-0.002707027811557055,trajectory,GOAL_DIRECT,3.649567127227783,14.993704771862078,1.8298365830560215e-05
2288,81065.921,15.006295204162598,1.7354714145767502e-05,-0.9506015181541443,-2.5541957990204677e-08,-1.4734673925431707e-07,-2.0729376615236106e-07,0.0032287007197737694,0.0,0.0,-0.0027282201498746873,trajectory,GOAL_DIRECT,3.6493875980377197,14.993704771915578,1.8298365830560215e-05
2289,81066.031,15.006295204162598,1.733598401187919e-05,-0.9503210783004761,-2.5395348104233507e-08,-1.5614816106790386e-07,-2.2155735734941118e-07,0.003219870151951909,0.0,0.0,-0.002741535697132349,trajectory,GOAL_DIRECT,3.6487791538238525,14.993704771967186,1.8298365830560215e-05
2290,81066.125,15.006295204162598,1.731508382363245e-05,-0.9500223994255066,-2.5238627177074857e-08,-1.666302154035293e-07,-2.2589237858028355e-07,0.0032020844519138336,0.0,0.0,-0.002755046784877777,trajectory,GOAL_DIRECT,3.6481239795684814,14.993704772024707,1.8298365830560215e-05
2291,81066.218,15.006295204162598,1.7307644156971946e-05,-0.9499168395996094,-2.5183016521883753e-08,-1.7061657331396418e-07,-2.2471979832516809e-07,0.0031956597231328487,0.0,0.0,-0.0027598107978701594,trajectory,GOAL_DIRECT,3.6474668979644775,14.993704772045165,1.8298365830560215e-05
2292,81066.359,15.006295204162598,1.727233211568091e-05,-0.9507632255554199,-2.4919053361624792e-08,-1.9282207119886152e-07,-1.977276014031304e-07,-0.02281392365694046,0.0,0.0,-0.0006367248296737672,trajectory,GOAL_DIRECT,3.6474668979644775,14.99370477214215,1.8298365830560215e-05
2293,81066.468,15.006295204162598,1.7255386410397477e-05,-0.9525046348571777,-2.475799465727961e-08,-2.0177505177798594e-07,-1.794599171489608e-07,-0.007430771365761757,0.0,0.0,-0.0017803065478801728,trajectory,GOAL_DIRECT,3.646812677383423,14.993704772188622,1.8298365830560215e-05
2294,81066.562,15.006295204162598,1.7240432498510927e-05,-0.952648937702179,-2.461138482508072e-08,-2.1215147683051327e-07,-1.6468356989207678e-07,0.0015568542294204235,0.0,0.0,-0.0024921014532446866,trajectory,GOAL_DIRECT,3.646474599838257,14.993704772229593,1.8298365830560215e-05
2295,81066.593,15.006295204162598,1.723460081848316e-05,-0.9525740742683411,-2.4550718689762195e-08,-2.170025510395135e-07,-1.593844842773251e-07,0.0024929610081017017,0.0,0.0,-0.002570733167231083,trajectory,GOAL_DIRECT,3.650590419769287,14.993704772245561,1.8298365830560215e-05
2296,81066.687,15.006295204162598,1.722391607472673e-05,-0.952375054359436,-2.4446183668660962e-08,-2.2705711444359622e-07,-1.5062957459122117e-07,0.0031257765367627144,0.0,0.0,-0.002631309404969216,trajectory,GOAL_DIRECT,3.650590419769287,14.993704772274805,1.8298365830560215e-05
2297,81066.796,15.006295204162598,1.721034641377628e-05,-0.9520748853683472,-2.4404531689102978e-08,-2.3666908077757398e-07,-1.41773284667579e-07,0.0032743816263973713,0.0,0.0,-0.0026582062616944315,trajectory,GOAL_DIRECT,3.6523473262786865,14.993704772311917,1.8298365830560215e-05
2298,81066.89,15.006295204162598,1.7197031411342323e-05,-0.9517601728439331,-2.4393049337829997e-08,-2.4641968821015325e-07,-1.3618669925108406e-07,0.003272503614425659,0.0,0.0,-0.0026737916469573974,trajectory,GOAL_DIRECT,3.6519665718078613,14.993704772348304,1.8298365830560215e-05
2299,81066.921,15.006295204162598,1.719336796668358e-05,-0.9516717791557312,-2.4389819926665354e-08,-2.4919418706303986e-07,-1.352665179865653e-07,0.0032667715568095446,0.0,0.0,-0.0026777527667582036,trajectory,GOAL_DIRECT,3.6513242721557617,14.99370477235831,1.8298365830560215e-05
2300,81067.125,15.006295204162598,1.7172864318126813e-05,-0.9511650204658508,-2.471632316752821e-08,-2.655006881013833e-07,-1.2658897219353094e-07,0.0032296788413077593,0.0,0.0,-0.002700123284012079,trajectory,GOAL_DIRECT,3.650655746459961,14.993704772414276,1.8298365830560215e-05
2301,81067.218,15.006295204162598,1.716112092253752e-05,-0.9508559107780457,-2.5155665930106947e-08,-2.757693380317505e-07,-1.1745184025357958e-07,0.003208585549145937,0.0,0.0,-0.0027138913050293923,trajectory,GOAL_DIRECT,3.6499898433685303,14.9937047724463,1.8298365830560215e-05
2302,81067.328,15.006295204162598,1.7157310139737092e-05,-0.9507503509521484,-2.5306690004576225e-08,-2.793403552914242e-07,-1.1347940898076558e-07,0.003201821818947792,0.0,0.0,-0.0027186281979084017,trajectory,GOAL_DIRECT,3.6493287086486816,14.993704772456688,1.8298365830560215e-05
2303,81067.437,15.006295204162598,1.7140866475529037e-05,-0.950234055519104,-2.6048080914366774e-08,-2.9717602956225164e-07,-8.780772020600125e-08,0.0031719107646495104,0.0,0.0,-0.002742050085216761,trajectory,GOAL_DIRECT,3.648672103881836,14.993704772501482,1.8298365830560215e-05
2304,81067.546,15.006295204162598,1.713356869004201e-05,-0.9499399065971375,-2.63281182252006e-08,-3.078366432873736e-07,-6.895217552482791e-08,0.003157088765874505,0.0,0.0,-0.002755571771413088,trajectory,GOAL_DIRECT,3.648019552230835,14.99370477252135,1.8298365830560215e-05
2305,81067.64,15.006295204162598,1.7127948012785055e-05,-0.9503700137138367,-2.6291162984656547e-08,-3.182661600931169e-07,-5.262869606781351e-08,-0.01846279576420784,0.0,0.0,-0.0010044756531715393,trajectory,GOAL_DIRECT,3.647371292114258,14.993704772536644,1.8298365830560215e-05
2306,81067.734,15.006295204162598,1.7126580132753588e-05,-0.9509260058403015,-2.626914684723073e-08,-3.1929940291774983e-07,-4.881091797415138e-08,-0.020498113706707954,0.0,0.0,-0.0008138506114482879,trajectory,GOAL_DIRECT,3.647371292114258,14.993704772540365,1.8298365830560215e-05
2307,81068.031,15.006295204162598,1.7120642951340415e-05,-0.9516186118125916,-2.6258968331778236e-08,-3.2515512771169597e-07,-3.529982350869432e-08,0.0019473573192954063,0.0,0.0,-0.002574857994914055,trajectory,GOAL_DIRECT,3.6467268466949463,14.993704772556516,1.8298365830560215e-05
2308,81068.359,15.006295204162598,1.71119663718855e-05,-0.9508457183837891,-2.6221064414414477e-08,-3.181054637479974e-07,-3.774179191395888e-08,0.0032081406097859144,0.0,0.0,-0.0027143653295934205,trajectory,GOAL_DIRECT,3.649899959564209,14.993704772580106,1.8298365830560215e-05
2309,81068.687,15.006295204162598,1.7097323507186957e-05,-0.9468523859977722,-2.6188770189875773e-08,-3.0445943366430583e-07,-7.61485523526062e-08,0.0733017846941948,0.0,0.0,-0.008521523475646973,trajectory,GOAL_DIRECT,3.6479599475860596,14.993704772619893,1.8298365830560215e-05
2310,81069.031,15.006295204162598,1.7067439330276102e-05,-0.924290120601654,-2.630804188816517e-08,-2.830058178915351e-07,-1.3476035576331924e-07,0.0713755190372467,0.0,0.0,-0.009495535492897035,trajectory,GOAL_DIRECT,3.615882396697998,14.993704772700985,1.8298365830560215e-05
2311,81069.359,15.006295204162598,1.7024076441884972e-05,-0.9095910787582397,-2.6493067237730007e-08,-2.542875847666437e-07,-1.726237144339393e-07,0.0400005467236042,0.0,0.0,-0.00772048979997635,trajectory,GOAL_DIRECT,3.5751492977142334,14.993704772818399,1.8298365830560215e-05
2312,81070.031,15.006295204162598,1.6971325749182142e-05,-0.8992686867713928,-2.6684061166776822e-08,-2.1789414006434527e-07,-1.8999043049916509e-07,0.05658484995365143,0.0,0.0,-0.009563353657722474,trajectory,GOAL_DIRECT,3.558762311935425,14.99370477296083,1.8298365830560215e-05
2313,81070.359,15.006295204162598,1.6865418729139492e-05,-0.8647725582122803,-2.7070028126511348e-08,-1.209991182804515e-07,-1.5910016770703805e-07,0.05040150508284569,0.0,0.0,0.0,control_loop_hover,GOAL_DIRECT,3.5082387924194336,14.993704773245454,1.8298365830560215e-05
2314,81070.703,15.006295204162598,1.6827674699015915e-05,-0.8523504137992859,-2.725107451224174e-08,-6.4964446266913e-08,-1.1416093315119724e-07,0.04184209927916527,0.0,0.0,-0.010729847252368929,trajectory,GOAL_DIRECT,3.46205472946167,14.993704773346462,1.8298365830560215e-05
2315,81071.031,15.006295204162598,1.6803754988359287e-05,-0.8459896445274353,-2.726829100263573e-08,6.002422114903538e-09,-5.400745806127816e-08,0.027590462937951088,0.0,0.0,-0.009907754808664323,trajectory,GOAL_DIRECT,3.4427571296691895,14.993704773410355,1.8298365830560215e-05
2316,81071.359,15.006295204162598,1.6792611859273165e-05,-0.8427407741546631,-2.796776504998967e-08,1.0241354431173022e-07,-2.9663443257277322e-08,0.016185596585273743,0.0,0.0,-0.009157809019088746,trajectory,GOAL_DIRECT,3.434260368347168,14.99370477344009,1.8298365830560215e-05
2317,81072.062,15.006295204162598,1.6787285858299583e-05,-0.842102587223053,-2.8566455879312068e-08,1.578341226604607e-07,-6.37143271475793e-09,0.0034747677855193615,0.0,0.0,-0.0081728520616889,trajectory,GOAL_DIRECT,3.4310238361358643,14.993704773454295,1.8298365830560215e-05
2318,81072.359,15.006295204162598,1.6777277778601274e-05,-0.8209024667739868,-2.7335229197643968e-08,9.808350398543553e-08,-3.1167836311851715e-08,0.025611739605665207,0.0,0.0,0.0,control_loop_hover,GOAL_DIRECT,3.404644250869751,14.993704773480975,1.8298365830560215e-05
2319,81072.453,15.006295204162598,1.6769274225225672e-05,-0.8218137621879578,-2.687517764251726e-08,8.077212498847075e-08,-2.406792809495073e-08,-0.03015686757862568,0.0,0.0,-0.006496762484312058,trajectory,GOAL_DIRECT,3.387115478515625,14.9937047735023,1.8298365830560215e-05
2320,81072.578,15.006295204162598,1.6768255591159686e-05,-0.8233820796012878,-2.6799344978776165e-08,8.175958754463863e-08,-2.1001707040113615e-08,-0.038565557450056076,0.0,0.0,-0.005745651423931122,trajectory,GOAL_DIRECT,3.387155294418335,14.993704773505014,1.8298365830560215e-05
2321,81072.671,15.006295204162598,1.6766121916589327e-05,-0.8298401832580566,-2.6556680474167536e-08,9.208955020767462e-08,-7.73606512183278e-09,-0.04910822585225105,0.0,0.0,-0.004579332768917083,trajectory,GOAL_DIRECT,3.389782428741455,14.993704773510697,1.8298365830560215e-05
2322,81072.703,15.006295204162598,1.6765941836638376e-05,-0.8313339948654175,-2.64685518433901e-08,9.520953625496986e-08,-4.301804246154006e-09,-0.050078168511390686,0.0,0.0,-0.004427046775817872,trajectory,GOAL_DIRECT,3.3971962928771973,14.993704773511176,1.8298365830560215e-05
2323,81072.781,15.006295204162598,1.6765952750574797e-05,-0.8348374366760254,-2.6234498988697668e-08,9.693513192132741e-08,4.841577805336783e-09,-0.047902662307024,0.0,0.0,-0.0044259151816368105,trajectory,GOAL_DIRECT,3.3971962928771973,14.993704773511148,1.8298365830560215e-05
2324,81072.89,15.006295204162598,1.676716965448577e-05,-0.8397301435470581,-2.6332646258908178e-08,9.151973046073181e-08,1.8642872134932986e-08,-0.04810687527060509,0.0,0.0,-0.004164942800998688,trajectory,GOAL_DIRECT,3.4066789150238037,14.993704773507906,1.8298365830560215e-05
2325,81072.921,15.006295204162598,1.676752435741946e-05,-0.8405999541282654,-2.6384494562232735e-08,9.075621676402079e-08,2.072716220880011e-08,-0.04851044341921806,0.0,0.0,-0.004089166820049287,trajectory,GOAL_DIRECT,3.4066789150238037,14.99370477350696,1.8298365830560215e-05
2326,81073.0,15.006295204162598,1.6769368812674657e-05,-0.8441483378410339,-2.661031390427157e-08,8.495852199530418e-08,2.8005844754375175e-08,-0.046729788184165955,0.0,0.0,-0.004054200053215027,trajectory,GOAL_DIRECT,3.416672945022583,14.993704773502047,1.8298365830560215e-05
2327,81073.109,15.006295204162598,1.6772379240137525e-05,-0.8486173748970032,-2.689701436530451e-08,7.273946778241225e-08,3.4125971382081843e-08,-0.04641551896929741,0.0,0.0,0.0,trajectory_no_feasible,GOAL_DIRECT,3.4264581203460693,14.993704773494027,1.8298365830560215e-05
2328,81073.203,15.006295204162598,1.6772999515524134e-05,-0.8494555950164795,-2.6937120953006695e-08,7.045505867608881e-08,3.487300759275058e-08,-0.04674750939011574,0.0,0.0,-0.0037874194979667665,trajectory,GOAL_DIRECT,3.436136484146118,14.993704773492375,1.8298365830560215e-05
2329,81073.359,15.006295204162598,1.6779824363766238e-05,-0.8581792712211609,-2.7532017580306557e-08,4.20536281353634e-08,3.50256073033961e-08,-0.047381144016981125,0.0,0.0,-0.0033005449175834657,trajectory,GOAL_DIRECT,3.4456286430358887,14.993704773474187,1.8298365830560215e-05
2330,81073.453,15.006295204162598,1.6782782040536404e-05,-0.8623424768447876,-2.7943901470699167e-08,2.882202032594705e-08,3.0200236977862005e-08,-0.04389452189207077,0.0,0.0,-0.0033713144063949583,trajectory,GOAL_DIRECT,3.455000877380371,14.993704773466304,1.8298365830560215e-05
2331,81073.546,15.006295204162598,1.6783485989435576e-05,-0.8633907437324524,-2.801616366986511e-08,2.5380870738445083e-08,2.837407109268497e-08,-0.043544966727495193,0.0,0.0,-0.0033468654751777653,trajectory,GOAL_DIRECT,3.4644975662231445,14.993704773464426,1.8298365830560215e-05
2332,81073.671,15.006295204162598,1.6786680134828202e-05,-0.8699137568473816,-2.848586794058275e-08,8.858680011769593e-09,1.0998963517749871e-08,-0.041607148945331573,0.0,0.0,-0.0031757402420043946,trajectory,GOAL_DIRECT,3.4644975662231445,14.99370477345591,1.8298365830560215e-05
2333,81073.765,15.006295204162598,1.6787025742814876e-05,-0.8738362193107605,-2.8774916702005694e-08,3.729078379421935e-09,-4.404364428722829e-09,-0.039137765765190125,0.0,0.0,-0.0031771677732467655,trajectory,GOAL_DIRECT,3.4737796783447266,14.993704773454988,1.8298365830560215e-05
2334,81073.89,15.006295204162598,1.6785779735073447e-05,-0.8773754835128784,-2.9054932674698164e-08,2.41537279066506e-09,-2.2769151897250595e-08,-0.03695432469248772,0.0,0.0,-0.003174879848957062,trajectory,GOAL_DIRECT,3.482353448867798,14.99370477345831,1.8298365830560215e-05
2335,81073.968,15.006295204162598,1.6783316823421046e-05,-0.8802258372306824,-2.928978476949339e-08,4.087552962772634e-09,-4.0793342037659386e-08,-0.03569593280553818,0.0,0.0,-0.0031330335140228273,trajectory,GOAL_DIRECT,3.4908366203308105,14.993704773464877,1.8298365830560215e-05
2336,81074.078,15.006295204162598,1.678106673352886e-05,-0.8819224834442139,-2.9434309130381905e-08,6.374459626812268e-09,-5.3064539429215074e-08,-0.034748807549476624,0.0,0.0,-0.0031239712238311772,trajectory,GOAL_DIRECT,3.4988441467285156,14.993704773470876,1.8298365830560215e-05
2337,81074.187,15.006295204162598,1.677076579653658e-05,-0.8867415189743042,-2.9858860075987985e-08,1.865508991727438e-08,-9.438625880875406e-08,-0.03395608440041542,0.0,0.0,-0.002946437299251557,trajectory,GOAL_DIRECT,3.5063741207122803,14.993704773498326,1.8298365830560215e-05
2338,81074.296,15.006295204162598,1.6759417121647857e-05,-0.8901155591011047,-2.9921807010320325e-08,3.257327918504416e-08,-1.2816097694212658e-07,-0.03191282972693443,0.0,0.0,-0.0029411956667900084,trajectory,GOAL_DIRECT,3.51352596282959,14.993704773528549,1.8298365830560215e-05
2339,81074.39,15.006295204162598,1.6747166228014976e-05,-0.8928290605545044,-2.9707095249628898e-08,4.59283384657283e-08,-1.5253344542998093e-07,-0.030337858945131302,0.0,0.0,-0.002931518256664276,trajectory,GOAL_DIRECT,3.5204806327819824,14.993704773561152,1.8298365830560215e-05
2340,81074.468,15.006295204162598,1.6744850654504262e-05,-0.8932834267616272,-2.967007598110225e-08,4.8302656097121144e-08,-1.561432441121724e-07,-0.03026491217315197,0.0,0.0,-0.0029146356880664828,trajectory,GOAL_DIRECT,3.5204806327819824,14.993704773567313,1.8298365830560215e-05
2341,81074.593,15.006295204162598,1.6719775885576382e-05,-0.8975855112075806,-2.9307287158227595e-08,7.263068368956738e-08,-1.8219841990685381e-07,-0.029044581577181816,0.0,0.0,-0.0027971579134464263,trajectory,GOAL_DIRECT,3.533565044403076,14.99370477363396,1.8298365830560215e-05
2342,81074.687,15.006295204162598,1.670298479439225e-05,-0.9001679420471191,-2.908517156016648e-08,8.846959076436178e-08,-1.8981698701736605e-07,-0.027673618867993355,0.0,0.0,-0.002777713388204575,trajectory,GOAL_DIRECT,3.533565044403076,14.993704773678534,1.8298365830560215e-05
2343,81074.718,15.006295204162598,1.669612538535148e-05,-0.901156485080719,-2.8996325322596586e-08,9.500900688408365e-08,-1.910927522885686e-07,-0.027157902717590332,0.0,0.0,-0.0027695435285568244,trajectory,GOAL_DIRECT,3.5395612716674805,14.993704773696729,1.8298365830560215e-05
2344,81074.796,15.006295204162598,1.6686939488863572e-05,-0.9024290442466736,-2.8877863673974115e-08,1.0389867100002448e-07,-1.912190441544226e-07,-0.02593117766082287,0.0,0.0,-0.002804053574800492,trajectory,GOAL_DIRECT,3.5395612716674805,14.993704773721085,1.8298365830560215e-05
2345,81074.921,15.006295204162598,1.666654679866042e-05,-0.9051599502563477,-2.8611324970719045e-08,1.2468949250887817e-07,-1.849207365012262e-07,-0.024959910660982132,0.0,0.0,-0.002745209634304047,trajectory,GOAL_DIRECT,3.545483350753784,14.993704773775107,1.8298365830560215e-05
2346,81075.031,15.006295204162598,1.6649886674713343e-05,-0.9074546098709106,-2.8381805538623334e-08,1.4342961662805465e-07,-1.7219721826222667e-07,-0.024095218628644943,0.0,0.0,-0.002699652016162872,trajectory,GOAL_DIRECT,3.5510730743408203,14.993704773819193,1.8298365830560215e-05
2347,81075.125,15.006295204162598,1.6635189240332693e-05,-0.9095836281776428,-2.822544354230121e-08,1.619772547201137e-07,-1.5345294457347336e-07,-0.023096082732081413,0.0,0.0,-0.0026731319725513455,trajectory,GOAL_DIRECT,3.556270122528076,14.993704773858049,1.8298365830560215e-05
2348,81075.25,15.006295204162598,1.6621905160718597e-05,-0.9116833806037903,-2.8430328351540784e-08,1.7218438586041884e-07,-1.3226248540831875e-07,-0.02209874428808689,0.0,0.0,-0.002647931426763535,trajectory,GOAL_DIRECT,3.561328172683716,14.993704773893137,1.8298365830560215e-05
2349,81075.359,15.006295204162598,1.660921043367125e-05,-0.9139835834503174,-2.8175889982734482e-08,1.6885996956261806e-07,-1.1089687745879928e-07,-0.021801229566335678,0.0,0.0,-0.0025567224621772765,trajectory,GOAL_DIRECT,3.566164970397949,14.993704773926645,1.8298365830560215e-05
2350,81075.437,15.006295204162598,1.6601599782006815e-05,-0.9155613780021667,-2.7995849093791898e-08,1.588014555409245e-07,-1.012208130646286e-07,-0.022057928144931793,0.0,0.0,-0.002457296848297119,trajectory,GOAL_DIRECT,3.5707623958587646,14.99370477394672,1.8298365830560215e-05
2351,81075.531,15.006295204162598,1.6593678083154373e-05,-0.917363703250885,-2.779124837554581e-08,1.437642396240335e-07,-9.519090582443823e-08,-0.02244523912668228,0.0,0.0,-0.002336195707321167,trajectory,GOAL_DIRECT,3.575226306915283,14.993704773967606,1.8298365830560215e-05
2352,81075.64,15.006295204162598,1.658561814110726e-05,-0.9193344116210938,-2.8133049560674914e-08,1.2718975028747082e-07,-8.905790593871643e-08,-0.02285349927842617,0.0,0.0,-0.0022049994766712186,trajectory,GOAL_DIRECT,3.575226306915283,14.993704773988846,1.8298365830560215e-05
2353,81075.718,15.006295204162598,1.6579479051870294e-05,-0.9209913611412048,-2.8462556596718008e-08,1.1095212926193199e-07,-8.108475668677784e-08,-0.023167191073298454,0.0,0.0,0.0,trajectory_no_feasible,GOAL_DIRECT,3.579714775085449,14.993704774005018,1.8298365830560215e-05
2354,81075.812,15.006295204162598,1.657641405472532e-05,-0.9218980669975281,-2.8633994584001005e-08,1.0194817434694414e-07,-7.59201341793414e-08,-0.023327410221099854,0.0,0.0,-0.002038903832435608,trajectory,GOAL_DIRECT,3.5842998027801514,14.993704774013088,1.8298365830560215e-05
2355,81075.875,15.006295204162598,1.6569112631259486e-05,-0.9244399666786194,-2.9170525422131053e-08,8.486704672350243e-08,-5.851624962360802e-08,-0.023737234994769096,0.0,0.0,-0.0018790228664875034,trajectory,GOAL_DIRECT,3.5889806747436523,14.99370477403231,1.8298365830560215e-05
2356,81075.968,15.006295204162598,1.6565927580813877e-05,-0.9258704781532288,-2.930658730049056e-08,7.776645816193195e-08,-4.809315612419596e-08,-0.023944806307554245,0.0,0.0,-0.0017908915877342228,trajectory,GOAL_DIRECT,3.5889806747436523,14.993704774040692,1.8298365830560215e-05
2357,81076.062,15.006295204162598,1.656175300013274e-05,-0.9282566905021667,-2.9449736853269536e-08,6.949401409883649e-08,-3.775270940309383e-08,-0.02425866760313511,0.0,0.0,-0.001646472066640854,trajectory,GOAL_DIRECT,3.5937485694885254,14.993704774051675,1.8298365830560215e-05
2358,81076.093,15.006295204162598,1.6560643416596577e-05,-0.9289857745170593,-2.9493115497961546e-08,6.779414718494081e-08,-3.63882897147505e-08,-0.024347208440303802,0.0,0.0,-0.0016029345989227296,trajectory,GOAL_DIRECT,3.598595380783081,14.993704774054596,1.8298365830560215e-05
2359,81076.203,15.006295204162598,1.6557631170144305e-05,-0.9310409426689148,-2.9198940149710783e-08,6.489958082056546e-08,-3.549582672235374e-08,-0.024579813703894615,0.0,0.0,-0.0014815677702426913,trajectory,GOAL_DIRECT,3.598595380783081,14.993704774062518,1.8298365830560215e-05
2360,81076.312,15.006295204162598,1.6554107787669636e-05,-0.9336358904838562,-2.7892539830671145e-08,6.297101151631068e-08,-3.1260992017223543e-08,-0.02484210766851902,0.0,0.0,-0.0013308368623256685,trajectory,GOAL_DIRECT,3.6035118103027344,14.993704774071785,1.8298365830560215e-05
2361,81076.437,15.006295204162598,1.6551010048715398e-05,-0.9362568259239197,-2.6811546760314015e-08,6.211874392647587e-08,-2.827251499581962e-08,-0.02507559396326542,0.0,0.0,-0.0011811111867427826,trajectory,GOAL_DIRECT,3.608490467071533,14.99370477407993,1.8298365830560215e-05
2362,81076.562,15.006295204162598,1.654832885833457e-05,-0.9386734962463379,-2.5823210236489974e-08,6.220525960998202e-08,-2.8064958357276737e-08,-0.025266826152801514,0.0,0.0,-0.0010449790954589846,trajectory,GOAL_DIRECT,3.613525629043579,14.993704774086979,1.8298365830560215e-05
2363,81076.703,15.006295204162598,1.6544718164368533e-05,-0.9417950510978699,-2.455690406205333e-08,6.352466641601495e-08,-3.132341319656007e-08,-0.0254838690161705,0.0,0.0,-0.0008715379238128664,trajectory,GOAL_DIRECT,3.618609666824341,14.99370477409647,1.8298365830560215e-05
2364,81076.781,15.006295204162598,1.6542124285479076e-05,-0.9437877535820007,-2.3753880632448638e-08,6.506473937406554e-08,-3.544094795415731e-08,-0.025607140734791756,0.0,0.0,-0.0007620410621166228,trajectory,GOAL_DIRECT,3.6237380504608154,14.993704774103286,1.8298365830560215e-05
2365,81076.875,15.006295204162598,1.6540459910174832e-05,-0.9449415802955627,-2.3290597883924343e-08,6.620156511871755e-08,-3.854058761021406e-08,-0.025673380121588707,0.0,0.0,-0.0006990505754947665,trajectory,GOAL_DIRECT,3.6289074420928955,14.993704774107659,1.8298365830560215e-05
2366,81077.0,15.006295204162598,1.653368781262543e-05,-0.9488080143928528,-2.1746322051940658e-08,7.130316959091942e-08,-5.2699405728162674e-08,-0.025872353464365005,0.0,0.0,-0.0004898110032081605,trajectory,GOAL_DIRECT,3.6341135501861572,14.99370477412545,1.8298365830560215e-05
2367,81077.109,15.006295204162598,1.6528063497389667e-05,-0.9512972831726074,-2.0757985516589253e-08,7.56276321567384e-08,-6.485057468808009e-08,-0.0259834136813879,0.0,0.0,-0.00035646274685859677,trajectory,GOAL_DIRECT,3.6393487453460693,14.993704774140218,1.8298365830560215e-05
2368,81077.218,15.006295204162598,1.6520456483704038e-05,-0.9527375102043152,-1.9676992428473303e-08,8.116268190860865e-08,-8.050143662785558e-08,-0.00048589284415356815,0.0,0.0,-0.0023242530622519554,trajectory,GOAL_DIRECT,3.644613742828369,14.993704774160186,1.8298365830560215e-05
2369,81077.328,15.006295204162598,1.651221828069538e-05,-0.9524677395820618,-1.8719541405323593e-08,8.698373221704969e-08,-9.703384762360656e-08,0.004659926984459162,0.0,0.0,-0.002749407179653645,trajectory,GOAL_DIRECT,3.6499037742614746,14.993704774181799,1.8298365830560215e-05
2370,81077.437,15.006295204162598,1.650234298722353e-05,-0.9519975781440735,-1.7762090380063044e-08,9.36091453240806e-08,-1.1590967829988585e-07,0.005212350748479366,0.0,0.0,-0.0028171091526746754,trajectory,GOAL_DIRECT,3.652474880218506,14.993704774207695,1.8298365830560215e-05
2371,81077.546,15.006295204162598,1.6489537301822565e-05,-0.951470673084259,-1.7552636675969904e-08,1.0014617402021031e-07,-1.3278983601594518e-07,0.005086998920887709,0.0,0.0,-0.0028334262594580653,trajectory,GOAL_DIRECT,3.6518192291259766,14.99370477424125,1.8298365830560215e-05
2372,81077.656,15.006295204162598,1.647701174078975e-05,-0.951006293296814,-1.750863629205964e-08,9.516359256167561e-08,-1.3429172440737602e-07,0.0048985653556883335,0.0,0.0,-0.0028415705636143686,trajectory,GOAL_DIRECT,3.6507749557495117,14.993704774274047,1.8298365830560215e-05
2373,81077.75,15.006295204162598,1.647301542107016e-05,-0.9508602619171143,-1.7528531473873893e-08,9.278043222593624e-08,-1.3188856939905236e-07,0.004838547203689814,0.0,0.0,-0.0028440706804394723,trajectory,GOAL_DIRECT,3.649726629257202,14.993704774284506,1.8298365830560215e-05
2374,81077.875,15.006295204162598,1.6453201169497333e-05,-0.9501147270202637,-1.7758436494510758e-08,8.477590540678648e-08,-1.1950658063142328e-07,0.004547187127172947,0.0,0.0,-0.0028580386191606522,trajectory,GOAL_DIRECT,3.649726629257202,14.993704774336322,1.8298365830560215e-05
2375,81077.984,15.006295204162598,1.6441532352473587e-05,-0.9496725797653198,-1.7586907911285238e-08,8.261267225861957e-08,-1.1575167491173488e-07,0.004389259498566389,0.0,0.0,-0.00286751177161932,trajectory,GOAL_DIRECT,3.6487178802490234,14.99370477436681,1.8298365830560215e-05
2376,81078.093,15.006295204162598,1.6430736650363542e-05,-0.9501144289970398,-1.7436873250641547e-08,7.532242563002001e-08,-1.0850460796518746e-07,-0.018548352643847466,0.0,0.0,-0.001010410338640213,trajectory,GOAL_DIRECT,3.647751569747925,14.993704774394997,1.8298365830560215e-05
2377,81078.109,15.006295204162598,1.64278426382225e-05,-0.9506728649139404,-1.739137364949381e-08,7.386846334611619e-08,-1.0583367782146524e-07,-0.022109178826212883,0.0,0.0,-0.0006976224482059482,trajectory,GOAL_DIRECT,3.6468207836151123,14.993704774402548,1.8298365830560215e-05
2378,81078.203,15.006295204162598,1.642198367335368e-05,-0.9514155983924866,-1.7295318940013543e-08,7.190169526438694e-08,-9.953032531484496e-08,-0.005098903551697731,0.0,0.0,-0.002021307796239853,trajectory,GOAL_DIRECT,3.6468207836151123,14.993704774417836,1.8298365830560215e-05
2379,81078.328,15.006295204162598,1.64117864187574e-05,-0.9513549208641052,-1.7108265047866932e-08,7.184307548868674e-08,-8.334817636068692e-08,0.0032213174272328615,0.0,0.0,-0.002689959350973368,trajectory,GOAL_DIRECT,3.646059989929199,14.993704774444428,1.8298365830560215e-05
2380,81078.421,15.006295204162598,1.6404623238486238e-05,-0.9509990811347961,-1.6974667071211907e-08,7.59227987146005e-08,-6.538517283161127e-08,0.003936528693884611,0.0,0.0,-0.002764968238770962,trajectory,GOAL_DIRECT,3.6493098735809326,14.9937047744631,1.8298365830560215e-05
2381,81078.531,15.006295204162598,1.6399977539549582e-05,-0.9506782293319702,-1.734066583167523e-08,8.028369791190926e-08,-4.989618318518296e-08,0.003955954685807228,0.0,0.0,-0.0027825649082660678,trajectory,GOAL_DIRECT,3.6499216556549072,14.993704774475203,1.8298365830560215e-05
2382,81078.562,15.006295204162598,1.6398425941588357e-05,-0.950547993183136,-1.74916899042996e-08,8.161668318962256e-08,-4.431947786542878e-08,0.003934163600206375,0.0,0.0,-0.002787333428859711,trajectory,GOAL_DIRECT,3.6492531299591064,14.993704774479246,1.8298365830560215e-05
2383,81078.734,15.006295204162598,1.6393314581364393e-05,-0.9499559998512268,-1.8191892436604275e-08,8.441824661531427e-08,-2.4042819291025808e-08,0.0038026017136871815,0.0,0.0,-0.0028064081445336344,trajectory,GOAL_DIRECT,3.648448944091797,14.993704774492558,1.8298365830560215e-05
2384,81078.859,15.006295204162598,1.639124639041256e-05,-0.9509214162826538,-1.8686153061285674e-08,8.301478970906828e-08,-1.5042267875742255e-08,-0.02226518653333187,0.0,0.0,-0.0006727142632007603,trajectory,GOAL_DIRECT,3.6476478576660156,14.993704774497944,1.8298365830560215e-05
2385,81078.968,15.006295204162598,1.6390047676395625e-05,-0.9521521925926208,-1.911176638603081e-08,7.969248372319271e-08,-1.1223018070438684e-08,-0.0024570636451244354,0.0,0.0,-0.0021958252787590026,trajectory,GOAL_DIRECT,3.646864414215088,14.993704774501065,1.8298365830560215e-05
2386,81079.093,15.006295204162598,1.6388961739721708e-05,-0.9520328044891357,-1.9578568106668216e-08,7.363521348224822e-08,-1.084986678279165e-08,0.0029911028686910868,0.0,0.0,-0.0026376480050385,trajectory,GOAL_DIRECT,3.6488401889801025,14.993704774503891,1.8298365830560215e-05
2387,81079.171,15.006295204162598,1.638787034607958e-05,-0.9517285823822021,-1.9990451986182256e-08,6.621654335958738e-08,-1.390150039526361e-08,0.0035759913735091686,0.0,0.0,-0.002699650190770626,trajectory,GOAL_DIRECT,3.651336908340454,14.993704774506734,1.8298365830560215e-05
2388,81079.203,15.006295204162598,1.638756657484919e-05,-0.9516531825065613,-2.0086558225863712e-08,6.42079527324313e-08,-1.5070764192159913e-08,0.003603415098041296,0.0,0.0,-0.0027056140825152397,trajectory,GOAL_DIRECT,3.651007890701294,14.993704774507524,1.8298365830560215e-05
2389,81079.296,15.006295204162598,1.638604953768663e-05,-0.9513494968414307,-2.04709831888584e-08,5.512555034670186e-08,-2.147751487768801e-08,0.003610229818150401,0.0,0.0,-0.0027213435433804988,trajectory,GOAL_DIRECT,3.651007890701294,14.993704774511473,1.8298365830560215e-05
2390,81079.406,15.006295204162598,1.6383690308430232e-05,-0.951026439666748,-2.0882867085360645e-08,4.353458393779874e-08,-3.1412486833914954e-08,0.0035650506615638733,0.0,0.0,-0.0027338820695877075,trajectory,GOAL_DIRECT,3.6503045558929443,14.993704774517614,1.8298365830560215e-05
2391,81079.5,15.006295204162598,1.6380819943151437e-05,-0.9507501125335693,-2.123983313533818e-08,3.1933264921235605e-08,-4.2591949522829964e-08,0.003521704114973545,0.0,0.0,-0.002744230702519417,trajectory,GOAL_DIRECT,3.649566888809204,14.993704774525083,1.8298365830560215e-05
2392,81079.531,15.006295204162598,1.6379181033698842e-05,-0.9506236910820007,-2.1404586698852582e-08,2.609157334632073e-08,-4.855629853750543e-08,0.0035023419186472893,0.0,0.0,-0.0027490027993917468,trajectory,GOAL_DIRECT,3.649566888809204,14.993704774529347,1.8298365830560215e-05
2393,81079.609,15.006295204162598,1.6375397535739467e-05,-0.950383186340332,-2.1715667639998008e-08,1.4449065943722417e-08,-6.140835751011764e-08,0.0034671120811253786,0.0,0.0,-0.002758209649473429,trajectory,GOAL_DIRECT,3.649566888809204,14.99370477453919,1.8298365830560215e-05
2394,81079.734,15.006295204162598,1.636802335269749e-05,-0.950032114982605,-2.218246924209354e-08,4.700207334451534e-09,-8.382653504668269e-08,0.003419494954869151,0.0,0.0,-0.0027719538472592833,trajectory,GOAL_DIRECT,3.648837089538574,14.993704774558367,1.8298365830560215e-05
2395,81079.843,15.006295204162598,1.635881380934734e-05,-0.9497058391571045,-2.2610071945237452e-08,5.7046896095869215e-09,-1.0865128530213042e-07,0.0033793095499277115,0.0,0.0,-0.0027850528061389925,trajectory,GOAL_DIRECT,3.6481194496154785,14.993704774582307,1.8298365830560215e-05
2396,81079.921,15.006295204162598,1.634952968743164e-05,-0.949923574924469,-2.2603090821057944e-08,1.2669240767593237e-08,-1.2886242473086895e-07,-0.015378390438854694,0.0,0.0,-0.0012735500186681749,trajectory,GOAL_DIRECT,3.647412061691284,14.993704774606424,1.8298365830560215e-05
2397,81079.968,15.006295204162598,1.6346370102837682e-05,-0.9503594040870667,-2.2600220220993978e-08,1.5596125280126216e-08,-1.3425659517452004e-07,-0.020513257011771202,0.0,0.0,-0.0008409692347049714,trajectory,GOAL_DIRECT,3.646714210510254,14.99370477461463,1.8298365830560215e-05
2398,81080.046,15.006295204162598,1.6335752661689185e-05,-0.951766848564148,-2.2591249611765083e-08,2.670721244157903e-08,-1.4813117843459622e-07,-0.008888431824743748,0.0,0.0,-0.0017005830258131028,trajectory,GOAL_DIRECT,3.646714210510254,14.993704774642191,1.8298365830560215e-05
2399,81080.171,15.006295204162598,1.6319436326739378e-05,-0.951933741569519,-2.2578690799497713e-08,4.83218514091277e-08,-1.6152463899743452e-07,0.002037434373050928,0.0,0.0,-0.002566307671368122,trajectory,GOAL_DIRECT,3.6463370323181152,14.99370477468451,1.8298365830560215e-05
2400,81080.25,15.006295204162598,1.6306097677443177e-05,-0.9517105221748352,-2.2569002605297668e-08,6.991835022063242e-08,-1.6706046324088675e-07,0.0031658601947128773,0.0,0.0,-0.00266774270683527,trajectory,GOAL_DIRECT,3.650118589401245,14.993704774719074,1.8298365830560215e-05
2401,81080.359,15.006295204162598,1.6296524336212315e-05,-0.9515244960784912,-2.25833200981652e-08,8.74240768666823e-08,-1.6839901206822105e-07,0.0033287976402789354,0.0,0.0,-0.0026900790072977546,trajectory,GOAL_DIRECT,3.6509363651275635,14.993704774743865,1.8298365830560215e-05
2402,81080.484,15.006295204162598,1.6272542779915966e-05,-0.9510413408279419,-2.2678817144310964e-08,1.2450325925783545e-07,-1.62352023380663e-07,0.0033513540402054787,0.0,0.0,-0.0027160412818193437,trajectory,GOAL_DIRECT,3.650418519973755,14.9937047748059,1.8298365830560215e-05
2403,81080.578,15.006295204162598,1.6257912648143247e-05,-0.9507310390472412,-2.274049226965018e-08,1.410274137469969e-07,-1.5126556718314532e-07,0.003322322852909565,0.0,0.0,-0.0027292338758707047,trajectory,GOAL_DIRECT,3.6497457027435303,14.9937047748437,1.8298365830560215e-05
2404,81080.687,15.006295204162598,1.6255660739261657e-05,-0.9506812691688538,-2.275043986681461e-08,1.4314693430605985e-07,-1.4894962419020885e-07,0.0033175076823681593,0.0,0.0,-0.002731337156146765,trajectory,GOAL_DIRECT,3.649060010910034,14.993704774849515,1.8298365830560215e-05
2405,81080.781,15.006295204162598,1.623548087081872e-05,-0.9501870274543762,-2.2798252223499557e-08,1.562441127589409e-07,-1.1872707972315766e-07,0.0032723909243941307,0.0,0.0,-0.0027524399012327193,trajectory,GOAL_DIRECT,3.6483802795410156,14.993704774901593,1.8298365830560215e-05
2406,81080.89,15.006295204162598,1.6226182196987793e-05,-0.9499130249023438,-2.2764721684815556e-08,1.5957243704178836e-07,-1.0397567962172616e-07,0.0032499900553375483,0.0,0.0,-0.0027643479593098164,trajectory,GOAL_DIRECT,3.6483802795410156,14.993704774925567,1.8298365830560215e-05
2407,81080.984,15.006295204162598,1.6217672964558005e-05,-0.9502905011177063,-2.2754315770595203e-08,1.6128855406805087e-07,-9.170016568305073e-08,-0.017722994089126587,0.0,0.0,-0.0010676354169845584,trajectory,GOAL_DIRECT,3.6477065086364746,14.993704774947494,1.8298365830560215e-05
2408,81081.078,15.006295204162598,1.6214456991292536e-05,-0.9510152339935303,-2.2750009875772714e-08,1.6146054804266896e-07,-8.702139098204498e-08,-0.01841629296541214,0.0,0.0,-0.0009759348630905152,trajectory,GOAL_DIRECT,3.647038221359253,14.993704774955777,1.8298365830560215e-05
2409,81081.187,15.006295204162598,1.6202735423576087e-05,-0.9515541791915894,-2.273206865186314e-08,1.5887658832980378e-07,-6.965586862861528e-08,0.002303793327882886,0.0,0.0,-0.002606594506651163,trajectory,GOAL_DIRECT,3.6470234394073486,14.993704774985957,1.8298365830560215e-05
2410,81081.312,15.006295204162598,1.6196168871829286e-05,-0.951259195804596,-2.2719868623766526e-08,1.5405795750211837e-07,-5.936747271562126e-08,0.003181897569447756,0.0,0.0,-0.002691592015326023,trajectory,GOAL_DIRECT,3.650071144104004,14.993704775002856,1.8298365830560215e-05
2411,81081.39,15.006295204162598,1.619150316400919e-05,-0.9509873390197754,-2.2709821544334397e-08,1.4823214655734773e-07,-5.191251162273147e-08,0.0032615712843835354,0.0,0.0,-0.0027115587517619133,trajectory,GOAL_DIRECT,3.6501052379608154,14.993704775014857,1.8298365830560215e-05
2412,81081.421,15.006295204162598,1.6190582755370997e-05,-0.9509286880493164,-2.2707668599039075e-08,1.467656858267219e-07,-5.0435293275086224e-08,0.0032634136732667685,0.0,0.0,-0.0027146386913955213,trajectory,GOAL_DIRECT,3.649515390396118,14.993704775017225,1.8298365830560215e-05
2413,81081.515,15.006295204162598,1.618648639123421e-05,-0.9506452083587646,-2.2697262698257465e-08,1.3859316538855637e-07,-4.389436725205087e-08,0.0032527493312954903,0.0,0.0,-0.002727959528565407,trajectory,GOAL_DIRECT,3.649515390396118,14.993704775027759,1.8298365830560215e-05
2414,81081.656,15.006295204162598,1.618189889995847e-05,-0.950275719165802,-2.2683627383702064e-08,1.2516389347183576e-07,-3.682625759893199e-08,0.0032272874377667904,0.0,0.0,-0.002744397036731243,trajectory,GOAL_DIRECT,3.648855209350586,14.993704775039554,1.8298365830560215e-05
2415,81081.765,15.006295204162598,1.6178304576897062e-05,-0.9499381184577942,-2.267106854507168e-08,1.1006484612607892e-07,-3.1824328061702545e-08,0.003204704960808158,0.0,0.0,-0.0027594704739749435,trajectory,GOAL_DIRECT,3.6481900215148926,14.99370477504879,1.8298365830560215e-05
2416,81081.875,15.006295204162598,1.6175679775187746e-05,-0.9506565928459167,-2.266066265291116e-08,9.516494969830092e-08,-2.8690747555515372e-08,-0.020666489377617836,0.0,0.0,-0.0008138512074947358,trajectory,GOAL_DIRECT,3.647529125213623,14.993704775055535,1.8298365830560215e-05
2417,81081.968,15.006295204162598,1.6173360563698225e-05,-0.9520208835601807,-2.265061558694401e-08,7.975963001172204e-08,-2.6722240420440357e-08,-0.00559253990650177,0.0,0.0,-0.0019515526294708254,trajectory,GOAL_DIRECT,3.646873712539673,14.993704775061495,1.8298365830560215e-05
2418,81082.0,15.006295204162598,1.617272209841758e-05,-0.9521098732948303,-2.264774499708736e-08,7.503727061930476e-08,-2.632632956078851e-08,-0.0021140880417078733,0.0,0.0,-0.0022253792919218543,trajectory,GOAL_DIRECT,3.6489639282226562,14.993704775063135,1.8298365830560215e-05
2419,81082.093,15.006295204162598,1.617040288692806e-05,-0.9520332217216492,-2.2648722005666535e-08,5.5976549617753335e-08,-2.5497264743989945e-08,0.002470046514645219,0.0,0.0,-0.002595942635089159,trajectory,GOAL_DIRECT,3.6489639282226562,14.993704775069093,1.8298365830560215e-05
2420,81082.203,15.006295204162598,1.6168034562724642e-05,-0.951760470867157,-2.2710397124866745e-08,3.958379934942968e-08,-2.575137791893667e-08,0.003175409510731697,0.0,0.0,-0.0026660092175006867,trajectory,GOAL_DIRECT,3.651247501373291,14.993704775075177,1.8298365830560215e-05
2421,81082.328,15.006295204162598,1.6165007764357142e-05,-0.951391339302063,-2.2785998870158488e-08,2.9539087620378268e-08,-2.761051653976665e-08,0.003257552394643426,0.0,0.0,-0.002691037226468325,trajectory,GOAL_DIRECT,3.6509532928466797,14.993704775082948,1.8298365830560215e-05
2422,81082.453,15.006295204162598,1.616222652955912e-05,-0.9510790705680847,-2.2849663486044712e-08,2.967852985591435e-08,-3.0498437553205804e-08,0.003242967650294304,0.0,0.0,-0.0027054838836193086,trajectory,GOAL_DIRECT,3.650326728820801,14.99370477509009,1.8298365830560215e-05
2423,81082.578,15.006295204162598,1.6158586731762625e-05,-0.950720489025116,-2.2923275684796526e-08,3.9640426052756084e-08,-3.534459835918824e-08,0.003218559082597494,0.0,0.0,-0.0027214602753520014,trajectory,GOAL_DIRECT,3.6496634483337402,14.993704775099433,1.8298365830560215e-05
2424,81082.703,15.006295204162598,1.6154068362084217e-05,-0.9503452777862549,-2.2904584840062593e-08,5.7978095213684355e-08,-4.220229854468016e-08,0.00319451536051929,0.0,0.0,-0.002738297339528799,trajectory,GOAL_DIRECT,3.649000406265259,14.993704775111029,1.8298365830560215e-05
2425,81082.812,15.006295204162598,1.614998654986266e-05,-0.9500585794448853,-2.282336978025938e-08,7.392117140625487e-08,-4.869931302664554e-08,0.003177924081683159,0.0,0.0,-0.00275130495429039,trajectory,GOAL_DIRECT,3.6483423709869385,14.993704775121502,1.8298365830560215e-05
2426,81082.937,15.006295204162598,1.6144069377332926e-05,-0.9497068524360657,-2.2723204533492895e-08,9.823467195246849e-08,-5.817557990894784e-08,0.003159694606438279,0.0,0.0,-0.002767432946711779,trajectory,GOAL_DIRECT,3.647688388824463,14.99370477513668,1.8298365830560215e-05
2427,81083.046,15.006295204162598,1.613782296772115e-05,-0.9506123661994934,-2.2584552792389518e-08,1.227698049888204e-07,-6.824616605172196e-08,-0.022063374519348145,0.0,0.0,-0.0007043117284774784,trajectory,GOAL_DIRECT,3.647038459777832,14.993704775152695,1.8298365830560215e-05
2428,81083.14,15.006295204162598,1.613077438378241e-05,-0.9520189166069031,-2.234762950198152e-08,1.336826755959919e-07,-7.87758622777801e-08,-0.0033722659572958946,0.0,0.0,-0.002129272893071175,trajectory,GOAL_DIRECT,3.646393060684204,14.99370477517076,1.8298365830560215e-05
2429,81083.171,15.006295204162598,1.612982123333495e-05,-0.9520502090454102,-2.23180140920469e-08,1.340639954605649e-07,-8.018631802997334e-08,-0.0019102792721241713,0.0,0.0,-0.002244667205959559,trajectory,GOAL_DIRECT,3.648491382598877,14.993704775173203,1.8298365830560215e-05
2430,81083.281,15.006295204162598,1.6120999134727754e-05,-0.951935350894928,-2.2075676483015073e-08,1.2849534414272057e-07,-9.303060721777001e-08,0.002659040503203869,0.0,0.0,-0.0026159556955099106,trajectory,GOAL_DIRECT,3.648491382598877,14.993704775195802,1.8298365830560215e-05
2431,81083.406,15.006295204162598,1.6111436707433313e-05,-0.9516463875770569,-2.1838753170360135e-08,1.1384085496501939e-07,-1.0641309700076818e-07,0.003187116701155901,0.0,0.0,-0.002672649957239628,trajectory,GOAL_DIRECT,3.6510984897613525,14.993704775220282,1.8298365830560215e-05
2432,81083.5,15.006295204162598,1.610125218576286e-05,-0.9513561725616455,-2.1668301060596524e-08,9.654435473294143e-08,-1.2006324823232717e-07,0.003238676581531763,0.0,0.0,-0.002691285498440266,trajectory,GOAL_DIRECT,3.6508688926696777,14.99370477524634,1.8298365830560215e-05
2433,81083.515,15.006295204162598,1.6099065760499798e-05,-0.9512978792190552,-2.163796797706737e-08,9.38264861360949e-08,-1.2292093742871657e-07,0.0032384847290813923,0.0,0.0,-0.002694184817373753,trajectory,GOAL_DIRECT,3.6502513885498047,14.993704775251931,1.8298365830560215e-05
2434,81083.609,15.006295204162598,1.6088977645267732e-05,-0.9510453939437866,-2.153470475368483e-08,8.59936406527595e-08,-1.357955170533387e-07,0.0032274886034429073,0.0,0.0,-0.002705929391086102,trajectory,GOAL_DIRECT,3.6502513885498047,14.993704775277722,1.8298365830560215e-05
2435,81083.703,15.006295204162598,1.607650483492762e-05,-0.9507653713226318,-2.165345776478314e-08,7.809591551222184e-08,-1.5106492412542138e-07,0.003209949005395174,0.0,0.0,0.0,trajectory_no_feasible,GOAL_DIRECT,3.6495933532714844,14.993704775309586,1.8298365830560215e-05
2436,81083.812,15.006295204162598,1.6070958736236207e-05,-0.9506500959396362,-2.171255179934492e-08,7.574907812113452e-08,-1.5683876597449853e-07,0.003202649997547269,0.0,0.0,-0.0027237072028219703,trajectory,GOAL_DIRECT,3.6489336490631104,14.993704775323748,1.8298365830560215e-05
2437,81083.937,15.006295204162598,1.604532008059323e-05,-0.9501527547836304,-2.1938120652910263e-08,6.388001594359594e-08,-1.6820547443785472e-07,0.0031737019307911396,0.0,0.0,-0.0027462584152817726,trajectory,GOAL_DIRECT,3.6489336490631104,14.993704775389148,1.8298365830560215e-05
2438,81084.062,15.006295204162598,1.6025389413698576e-05,-0.9497730731964111,-2.2111635118346778e-08,5.081803777784444e-08,-1.6183778939193871e-07,0.0031546195968985558,0.0,0.0,-0.002763715907931328,trajectory,GOAL_DIRECT,3.648277997970581,14.993704775439916,1.8298365830560215e-05
2439,81084.171,15.006295204162598,1.6012272681109607e-05,-0.9501678347587585,-2.2233095224850463e-08,3.935064540883104e-08,-1.492292796001493e-07,-0.017809255048632622,0.0,0.0,-0.001066867858171463,trajectory,GOAL_DIRECT,3.647627115249634,14.993704775473292,1.8298365830560215e-05
2440,81084.281,15.006295204162598,1.5998497474356554e-05,-0.9514802694320679,-2.2164893776465927e-08,2.5605544351492426e-08,-1.2847101515944814e-07,-0.002907894551753998,0.0,0.0,-0.0021933549642562866,trajectory,GOAL_DIRECT,3.646980047225952,14.993704775508315,1.8298365830560215e-05
2441,81084.39,15.006295204162598,1.5988505765562877e-05,-0.9514525532722473,-2.202333948856401e-08,1.668927041009738e-08,-1.0928908977803076e-07,0.002168217906728387,0.0,0.0,-0.0026008297689259054,trajectory,GOAL_DIRECT,3.6463499069213867,14.9937047755337,1.8298365830560215e-05
2442,81084.531,15.006295204162598,1.5976878785295412e-05,-0.9511014223098755,-2.1816063574152828e-08,8.863000999781434e-09,-7.940064961076132e-08,0.0031542154029011726,0.0,0.0,-0.0026972661167383198,trajectory,GOAL_DIRECT,3.6492621898651123,14.99370477556322,1.8298365830560215e-05
2443,81084.625,15.006295204162598,1.597160371602513e-05,-0.9508623480796814,-2.191743496393284e-08,6.897621585011393e-09,-6.19832647430485e-08,0.0032061240635812283,0.0,0.0,-0.0027133725211024285,trajectory,GOAL_DIRECT,3.650007724761963,14.993704775576605,1.8298365830560215e-05
2444,81084.64,15.006295204162598,1.5969826563377865e-05,-0.950766384601593,-2.1984279281857452e-08,6.587189904649904e-09,-5.656351831362372e-08,0.0032081694807857275,0.0,0.0,-0.0027183343283832075,trajectory,GOAL_DIRECT,3.649515390396118,14.993704775581113,1.8298365830560215e-05
2445,81084.765,15.006295204162598,1.5965415514074266e-05,-0.9504880905151367,-2.2178127786826407e-08,7.253568856668835e-09,-4.6161424904767046e-08,0.0031984637025743723,0.0,0.0,-0.002731472570449114,trajectory,GOAL_DIRECT,3.649515390396118,14.993704775592303,1.8298365830560215e-05
2446,81084.843,15.006295204162598,1.596183210494928e-05,-0.9502294659614563,-2.216606988954308e-08,1.0149980411711113e-08,-4.2898228969079355e-08,0.003184339264407754,0.0,0.0,-0.0027432738430798057,trajectory,GOAL_DIRECT,3.6488759517669678,14.993704775601389,1.8298365830560215e-05
2447,81084.953,15.006295204162598,1.5960209566401318e-05,-0.9501054883003235,-2.1823266774404943e-08,1.3214349614543153e-08,-4.036850498323474e-08,0.0031775215175002813,0.0,0.0,-0.0027489273063838484,trajectory,GOAL_DIRECT,3.6482229232788086,14.993704775605503,1.8298365830560215e-05
2448,81085.078,15.006295204162598,1.595471621840261e-05,-0.9496116638183594,-2.1062534939653285e-08,3.661330083559733e-08,-2.8570251942028335e-08,0.003152676625177264,0.0,0.0,-0.0027716309390962124,trajectory,GOAL_DIRECT,3.647571325302124,14.993704775619427,1.8298365830560215e-05
2449,81085.187,15.006295204162598,1.595248068042565e-05,-0.9501566886901855,-2.0606856860986003e-08,6.003503472129523e-08,-1.5859427549003158e-08,-0.019661184400320053,0.0,0.0,-0.0009192708134651186,trajectory,GOAL_DIRECT,3.6469223499298096,14.993704775625092,1.8298365830560215e-05
2450,81085.281,15.006295204162598,1.5951498426147737e-05,-0.9518103003501892,-2.080667377612038e-08,8.381625349329624e-08,-6.2500693509548455e-09,-0.00579485110938549,0.0,0.0,-0.0019458968937397006,trajectory,GOAL_DIRECT,3.6462783813476562,14.993704775627581,1.8298365830560215e-05
2451,81085.312,15.006295204162598,1.5951409295666963e-05,-0.9518781304359436,-2.0840095910110816e-08,8.724587985398102e-08,-5.606083597342604e-09,-0.0033796997740864754,0.0,0.0,-0.002135717496275902,trajectory,GOAL_DIRECT,3.6470823287963867,14.993704775627808,1.8298365830560215e-05
2452,81085.406,15.006295204162598,1.595094545336906e-05,-0.9518613815307617,-2.1033944303950018e-08,1.0580831855122597e-07,-6.443806377376404e-09,0.002181763993576169,0.0,0.0,-0.002581472042948008,trajectory,GOAL_DIRECT,3.6470823287963867,14.993704775628983,1.8298365830560215e-05
2453,81085.5,15.006295204162598,1.595006324350834e-05,-0.95162034034729,-2.1227792726268336e-08,1.2185488174054626e-07,-1.5176457424104228e-08,0.0030928305350244045,0.0,0.0,-0.0026664094254374507,trajectory,GOAL_DIRECT,3.650617837905884,14.993704775631219,1.8298365830560215e-05
2454,81085.531,15.006295204162598,1.594976674823556e-05,-0.9515641927719116,-2.1244422971639385e-08,1.2484771616527723e-07,-1.7968057264283743e-08,0.0031460036989301443,0.0,0.0,-0.0026734706573188307,trajectory,GOAL_DIRECT,3.6507201194763184,14.993704775631969,1.8298365830560215e-05
2455,81085.625,15.006295204162598,1.594730383658316e-05,-0.9512660503387451,-2.1160500792174646e-08,1.3703230195005744e-07,-3.599809872412152e-08,0.003232086542993784,0.0,0.0,-0.002695264406502247,trajectory,GOAL_DIRECT,3.6507201194763184,14.993704775638209,1.8298365830560215e-05
2456,81085.734,15.006295204162598,1.5943078324198723e-05,-0.9509748220443726,-2.1079285817455213e-08,1.4327768838029442e-07,-5.882573717030937e-08,0.003226488595828414,0.0,0.0,-0.002709377985447645,trajectory,GOAL_DIRECT,3.6501448154449463,14.993704775648911,1.8298365830560215e-05
2457,81085.765,15.006295204162598,1.594177956576459e-05,-0.9509072303771973,-2.1060335662018213e-08,1.4394983338661405e-07,-6.491333692792978e-08,0.003222755156457424,0.0,0.0,-0.0027124588936567307,trajectory,GOAL_DIRECT,3.6494898796081543,14.993704775652201,1.8298365830560215e-05
2458,81085.843,15.006295204162598,1.5936038835207e-05,-0.9506658911705017,-2.111240080931424e-08,1.436180241398688e-07,-8.820961028277452e-08,0.003207900794222951,0.0,0.0,-0.002723337505012751,trajectory,GOAL_DIRECT,3.6494898796081543,14.993704775666735,1.8298365830560215e-05
2459,81085.984,15.006295204162598,1.5923904356895946e-05,-0.9502922892570496,-2.1135960681109813e-08,1.333666261871258e-07,-1.1804467447973366e-07,0.0031825327314436436,0.0,0.0,-0.002739988155663014,trajectory,GOAL_DIRECT,3.6488306522369385,14.993704775697442,1.8298365830560215e-05
2460,81086.078,15.006295204162598,1.5912424714770168e-05,-0.9500064253807068,-2.1190949593326553e-08,1.195604397707939e-07,-1.3634796403039218e-07,0.003166908398270607,0.0,0.0,-0.002753031402826309,trajectory,GOAL_DIRECT,3.6481754779815674,14.993704775726469,1.8298365830560215e-05
2461,81086.109,15.006295204162598,1.590952160768211e-05,-0.9499400854110718,-2.1204876223863996e-08,1.160595246574303e-07,-1.4001136605656939e-07,0.003163533750921488,0.0,0.0,-0.0027560784295201303,trajectory,GOAL_DIRECT,3.647524356842041,14.993704775733807,1.8298365830560215e-05
2462,81086.187,15.006295204162598,1.5899480786174536e-05,-0.9502025842666626,-2.1250635150612684e-08,1.0382633064409674e-07,-1.5070965275754133e-07,-0.015575048513710499,0.0,0.0,-0.0012438669055700306,trajectory,GOAL_DIRECT,3.647524356842041,14.993704775759175,1.8298365830560215e-05
2463,81086.296,15.006295204162598,1.5883993910392746e-05,-0.9514932632446289,-2.131628925711912e-08,8.592057554324128e-08,-1.6120745272019121e-07,-0.003101866925135255,0.0,0.0,-0.0021771874837577345,trajectory,GOAL_DIRECT,3.6468780040740967,14.99370477579827,1.8298365830560215e-05
2464,81086.406,15.006295204162598,1.586722100910265e-05,-0.9514316916465759,-2.138393287487344e-08,6.602150648404859e-08,-1.667655737946916e-07,0.002479474525898695,0.0,0.0,-0.0026267733797430996,trajectory,GOAL_DIRECT,3.6486549377441406,14.993704775840568,1.8298365830560215e-05
2465,81086.531,15.006295204162598,1.585066092957277e-05,-0.9511427879333496,-2.1449586967537162e-08,4.5337092302588644e-08,-1.6700967364613462e-07,0.0031391363590955734,0.0,0.0,-0.0026939915120601657,trajectory,GOAL_DIRECT,3.6486549377441406,14.993704775882287,1.8298365830560215e-05
2466,81086.64,15.006295204162598,1.583384073455818e-05,-0.950817883014679,-2.1606448137620946e-08,2.7539305946788772e-08,-1.619201270841586e-07,0.0032060453668236732,0.0,0.0,-0.0027155894786119465,trajectory,GOAL_DIRECT,3.6500720977783203,14.993704775924616,1.8298365830560215e-05
2467,81086.75,15.006295204162598,1.5818724932614714e-05,-0.9505107998847961,-2.1855583962330635e-08,1.76739618495958e-08,-1.521768950851765e-07,0.003196912119165063,0.0,0.0,-0.002730212975293398,trajectory,GOAL_DIRECT,3.6496658325195312,14.993704775962616,1.8298365830560215e-05
2468,81086.89,15.006295204162598,1.580152274982538e-05,-0.9501283764839172,-2.2029098434294607e-08,6.84843559639603e-09,-1.332438017698223e-07,0.0031762518920004368,0.0,0.0,-0.0027476813271641734,trajectory,GOAL_DIRECT,3.648383378982544,14.993704776005819,1.8298365830560215e-05
2469,81087.0,15.006295204162598,1.5789346434758045e-05,-0.9498147368431091,-2.2129977731774507e-08,-5.230236244102571e-09,-1.1197589344646985e-07,0.0031601653899997473,0.0,0.0,-0.0027620763890445236,trajectory,GOAL_DIRECT,3.648383378982544,14.99370477603637,1.8298365830560215e-05
2470,81087.109,15.006295204162598,1.5780136891407892e-05,-0.9503199458122253,-2.237513106524055e-08,-9.333867900807036e-09,-9.392266520080739e-08,-0.019074885174632072,0.0,0.0,-0.0009580118954181671,trajectory,GOAL_DIRECT,3.647082805633545,14.993704776059463,1.8298365830560215e-05
2471,81087.218,15.006295204162598,1.577165130584035e-05,-0.9518830180168152,-2.2668888972795883e-08,-1.1959589762966516e-08,-8.434655995870344e-08,-0.005096792243421078,0.0,0.0,-0.0019981057196855547,trajectory,GOAL_DIRECT,3.647082805633545,14.993704776080728,1.8298365830560215e-05
2472,81087.328,15.006295204162598,1.576362774358131e-05,-0.9519112706184387,-2.273454310177193e-08,-1.8798957057697407e-08,-7.763979681385536e-08,0.0021985345520079136,0.0,0.0,-0.002580319233238697,trajectory,GOAL_DIRECT,3.6464412212371826,14.993704776100826,1.8298365830560215e-05
2473,81087.437,15.006295204162598,1.575585156388115e-05,-0.9516135454177856,-2.2729029326898735e-08,-2.500369156166471e-08,-7.048691230693294e-08,0.0031448910012841225,0.0,0.0,-0.0026709140092134476,trajectory,GOAL_DIRECT,3.649475574493408,14.993704776120293,1.8298365830560215e-05
2474,81087.578,15.006295204162598,1.575056194269564e-05,-0.9513640999794006,-2.2724396589811017e-08,-2.4027208667121158e-08,-6.517408479567166e-08,0.0032262762542814016,0.0,0.0,-0.0026898971013724804,trajectory,GOAL_DIRECT,3.650958299636841,14.993704776133528,1.8298365830560215e-05
2475,81087.687,15.006295204162598,1.5742714822408743e-05,-0.950947642326355,-2.270896714844494e-08,-2.390546960384654e-08,-5.639599365281356e-08,0.0032194775994867086,0.0,0.0,-0.002710176091641188,trajectory,GOAL_DIRECT,3.6505537033081055,14.993704776153157,1.8298365830560215e-05
2476,81087.796,15.006295204162598,1.5738069123472087e-05,-0.950668215751648,-2.2698561246137206e-08,-2.5029686767652493e-08,-5.048247686545437e-08,0.00320251053199172,0.0,0.0,-0.00272279005497694,trajectory,GOAL_DIRECT,3.649919271469116,14.993704776164773,1.8298365830560215e-05
2477,81087.906,15.006295204162598,1.573314511915669e-05,-0.9503329992294312,-2.2686002398533997e-08,-2.7680640002358814e-08,-4.3352660128448406e-08,0.0031825988553464413,0.0,0.0,-0.002737957946956158,trajectory,GOAL_DIRECT,3.649258852005005,14.993704776177081,1.8298365830560215e-05
2478,81088.015,15.006295204162598,1.5729405276942998e-05,-0.9500375986099243,-2.267487884780847e-08,-3.121068203881805e-08,-3.704424145212215e-08,0.0031667270231992006,0.0,0.0,-0.0027514582313597205,trajectory,GOAL_DIRECT,3.6486027240753174,14.993704776186426,1.8298365830560215e-05
2479,81088.046,15.006295204162598,1.572832297824789e-05,-0.9499428272247314,-2.2671290605640695e-08,-3.258627501168121e-08,-3.5010579324534774e-08,0.003161958884447813,0.0,0.0,-0.002755815349519253,trajectory,GOAL_DIRECT,3.647948980331421,14.993704776189132,1.8298365830560215e-05
2480,81088.125,15.006295204162598,1.5726438505225815e-05,-0.9499958753585815,-2.266447294552428e-08,-3.559382832918345e-08,-3.105168033812333e-08,-0.010845329612493515,0.0,0.0,-0.0016325798630714417,trajectory,GOAL_DIRECT,3.647948980331421,14.99370477619384,1.8298365830560215e-05
2481,81088.234,15.006295204162598,1.572370092617348e-05,-0.9520832896232605,-2.2652631746382053e-08,-4.1771464509565703e-08,-2.424217271368434e-08,-0.026356389746069908,0.0,0.0,-0.0002873243391513826,trajectory,GOAL_DIRECT,3.6473007202148438,14.993704776200678,1.8298365830560215e-05
2482,81088.343,15.006295204162598,1.5721627278253436e-05,-0.9538217782974243,-2.264079054724916e-08,-4.894445737591013e-08,-1.7698226884022006e-08,-0.004387076944112778,0.0,0.0,-0.001957944929599762,trajectory,GOAL_DIRECT,3.6467134952545166,14.993704776205856,1.8298365830560215e-05
2483,81088.437,15.006295204162598,1.5720343071734533e-05,-0.9538410902023315,-2.2630384644988562e-08,-5.6379363400083093e-08,-1.1864779381198787e-08,0.0020956089720129967,0.0,0.0,-0.0024755942076444626,trajectory,GOAL_DIRECT,3.6502323150634766,14.993704776209064,1.8298365830560215e-05
2484,81088.453,15.006295204162598,1.572014116391074e-05,-0.9537996053695679,-2.2628231699694163e-08,-5.804673364195878e-08,-1.0652033033409225e-08,0.002493827370926738,0.0,0.0,-0.002509525921195746,trajectory,GOAL_DIRECT,3.6544690132141113,14.993704776209567,1.8298365830560215e-05
2485,81088.546,15.006295204162598,1.5719488146714866e-05,-0.9535516500473022,-2.26181846216577e-08,-6.638826022253852e-08,-4.987697366232169e-09,0.0032061664387583733,0.0,0.0,-0.002578910812735558,trajectory,GOAL_DIRECT,3.6544690132141113,14.993704776211198,1.8298365830560215e-05
2486,81088.671,15.006295204162598,1.571931534272153e-05,-0.9532567262649536,-2.2607419895197497e-08,-7.633732934664295e-08,1.0802055916414588e-09,0.0033095735125243664,0.0,0.0,-0.0026019295677542687,trajectory,GOAL_DIRECT,3.654679298400879,14.99370477621163,1.8298365830560215e-05
2487,81088.796,15.006295204162598,1.571987922943663e-05,-0.9528796076774597,-2.2593784575025615e-08,-9.04339501062168e-08,8.758942016129367e-09,0.003295371076092124,0.0,0.0,-0.0026196493022143845,trajectory,GOAL_DIRECT,3.6541004180908203,14.993704776210222,1.8298365830560215e-05
2488,81088.906,15.006295204162598,1.572112705616746e-05,-0.9525447487831116,-2.2581584551724393e-08,-1.0446120768392575e-07,1.5621658633335755e-08,0.003267635591328144,0.0,0.0,-0.002634173408150673,trajectory,GOAL_DIRECT,3.653430700302124,14.993704776207105,1.8298365830560215e-05
2489,81089.015,15.006295204162598,1.5722940588602796e-05,-0.9522323608398438,-2.2570102176861676e-08,-1.1888349860100789e-07,2.2073914252018767e-08,0.0032428873237222433,0.0,0.0,0.0,trajectory_no_feasible,GOAL_DIRECT,3.6527552604675293,14.993704776202577,1.8298365830560215e-05
2490,81089.14,15.006295204162598,1.572554901940748e-05,-0.9519028663635254,-2.2562598846769278e-08,-1.3545744081966404e-07,2.8922237049755495e-08,0.003219127655029297,0.0,0.0,-0.0026623868942260744,trajectory,GOAL_DIRECT,3.652087688446045,14.993704776196061,1.8298365830560215e-05
2491,81089.234,15.006295204162598,1.57285339810187e-05,-0.951604425907135,-2.2706437586457504e-08,-1.4480572474440123e-07,3.515982882618118e-08,0.003199613420292735,0.0,0.0,-0.0026757477782666686,trajectory,GOAL_DIRECT,3.6514227390289307,14.993704776188604,1.8298365830560215e-05
2492,81089.265,15.006295204162598,1.572906694491394e-05,-0.9515564441680908,-2.2739859738585028e-08,-1.4623134347857558e-07,3.616531429884162e-08,0.0031966420356184244,0.0,0.0,-0.002677909154444933,trajectory,GOAL_DIRECT,3.650763988494873,14.993704776187272,1.8298365830560215e-05
2493,81089.453,15.006295204162598,1.5736364730400965e-05,-0.9510028958320618,-2.3136950117415027e-08,-1.6516021617007937e-07,4.7817234616331916e-08,0.0031656420323997736,0.0,0.0,-0.0027031065709888936,trajectory,GOAL_DIRECT,3.6501104831695557,14.993704776169034,1.8298365830560215e-05
2494,81089.578,15.006295204162598,1.5741590686957352e-05,-0.950680673122406,-2.3434671077563113e-08,-1.6821294934743491e-07,5.463763841362379e-08,0.003150083590298891,0.0,0.0,-0.0027179730311036113,trajectory,GOAL_DIRECT,3.6494600772857666,14.993704776155969,1.8298365830560215e-05
2495,81089.671,15.006295204162598,1.574660200276412e-05,-0.9504074454307556,-2.3696621528435955e-08,-1.731890648670742e-07,6.044919587111508e-08,0.003138104220852256,0.0,0.0,-0.0027306760661304,trajectory,GOAL_DIRECT,3.6488139629364014,14.993704776143435,1.8298365830560215e-05
2496,81089.781,15.006295204162598,1.5749390513519756e-05,-0.9502661824226379,-2.3832113140964e-08,-1.767919854955835e-07,6.345304370825033e-08,0.003132323734462261,0.0,0.0,-0.002737276777625084,trajectory,GOAL_DIRECT,3.6488139629364014,14.99370477613646,1.8298365830560215e-05
2497,81089.875,15.006295204162598,1.5758776498842053e-05,-0.9498352408409119,-2.42499690967174e-08,-1.9221606351038645e-07,7.265587953497743e-08,0.0031162905506789684,0.0,0.0,-0.002757541202008724,trajectory,GOAL_DIRECT,3.6481707096099854,14.99370477611297,1.8298365830560215e-05
2498,81090.0,15.006295204162598,1.5766538126626983e-05,-0.95058673620224,-2.4658062246490973e-08,-1.997649263785206e-07,7.961450165794304e-08,-0.02122819423675537,0.0,0.0,-0.0007724076509475711,trajectory,GOAL_DIRECT,3.647528886795044,14.993704776093537,1.8298365830560215e-05
2499,81090.109,15.006295204162598,1.5774225175846368e-05,-0.952090322971344,-2.5156474227743303e-08,-2.0263546218757256e-07,8.56902957480088e-08,-0.004767575301229954,0.0,0.0,-0.002014077827334404,trajectory,GOAL_DIRECT,3.6468923091888428,14.99370477607428,1.8298365830560215e-05
2500,81090.203,15.006295204162598,1.5782476111780852e-05,-0.9521186947822571,-2.5654886208989892e-08,-2.0476309714467789e-07,9.182515015027093e-08,0.002085302025079727,0.0,0.0,-0.0025608894228935242,trajectory,GOAL_DIRECT,3.6469032764434814,14.9937047760536,1.8298365830560215e-05
2501,81090.328,15.006295204162598,1.5791305486345664e-05,-0.9518643617630005,-2.6153298190230754e-08,-2.0613018136828032e-07,9.799357059137037e-08,0.003079870715737343,0.0,0.0,-0.0026531715691089633,trajectory,GOAL_DIRECT,3.6507742404937744,14.993704776031457,1.8298365830560215e-05
2502,81090.421,15.006295204162598,1.5801017070771195e-05,-0.9515603184700012,-2.6667787977312073e-08,-2.0672901257512422e-07,1.0436057351626005e-07,0.0032088321167975664,0.0,0.0,-0.0026786906458437444,trajectory,GOAL_DIRECT,3.6513006687164307,14.993704776007089,1.8298365830560215e-05
2503,81090.515,15.006295204162598,1.581035030540079e-05,-0.9512802958488464,-2.7134044346849236e-08,-2.0655761545640416e-07,1.1012580358737978e-07,0.00320984935387969,0.0,0.0,-0.0026927731558680536,trajectory,GOAL_DIRECT,3.6507811546325684,14.993704775983655,1.8298365830560215e-05
2504,81090.609,15.006295204162598,1.5819832697161473e-05,-0.9510114192962646,-2.7584222910535525e-08,-2.0574778147874895e-07,1.1568722158017408e-07,0.003196022007614374,0.0,0.0,-0.002705110795795918,trajectory,GOAL_DIRECT,3.650137424468994,14.993704775959833,1.8298365830560215e-05
2505,81090.703,15.006295204162598,1.58233342517633e-05,-0.9509154558181763,-2.774500096899378e-08,-2.0530512756522512e-07,1.1767222929393029e-07,0.0031905854120850563,0.0,0.0,-0.0027094740420579915,trajectory,GOAL_DIRECT,3.6494803428649902,14.993704775951032,1.8298365830560215e-05
2506,81090.812,15.006295204162598,1.5840963897062466e-05,-0.9504579305648804,-2.8516735649585075e-08,-2.0205646933391108e-07,1.2719134190319892e-07,0.0031656879000365734,0.0,0.0,-0.0027303585037589074,trajectory,GOAL_DIRECT,3.6494803428649902,14.993704775906695,1.8298365830560215e-05
2507,81090.921,15.006295204162598,1.58526781888213e-05,-0.9501736164093018,-2.8999069824947648e-08,-1.9908131321244582e-07,1.3313328395270219e-07,0.003151882905513048,0.0,0.0,-0.002743469811975956,trajectory,GOAL_DIRECT,3.6488277912139893,14.993704775877207,1.8298365830560215e-05
2508,81091.015,15.006295204162598,1.586243524798192e-05,-0.9499471783638,-2.9384937165233832e-08,-1.961779787507112e-07,1.3788269370706985e-07,0.0031417575664818287,0.0,0.0,-0.002753981687128544,trajectory,GOAL_DIRECT,3.6481783390045166,14.99370477585263,1.8298365830560215e-05
2509,81091.046,15.006295204162598,1.5866604371694848e-05,-0.9498530030250549,-2.9545715223685394e-08,-1.9482939705994795e-07,1.3986279157052195e-07,0.0028013025876134634,0.0,0.0,-0.002731454055756331,trajectory,GOAL_DIRECT,3.647533655166626,14.993704775842122,1.8298365830560215e-05
2510,81091.125,15.006295204162598,1.5876856195973232e-05,-0.9506239295005798,-2.9931598551178266e-08,-1.9114970939426712e-07,1.4476496801307803e-07,-0.02072553150355816,0.0,0.0,-0.0008107610046863556,trajectory,GOAL_DIRECT,3.647533655166626,14.993704775816276,1.8298365830560215e-05
2511,81091.25,15.006295204162598,1.589196290296968e-05,-0.9521418809890747,-3.0478304346036776e-08,-1.8541139468197798e-07,1.513627694293973e-07,-0.003333671949803829,0.0,0.0,-0.0021262121945619583,trajectory,GOAL_DIRECT,3.6468911170959473,14.993704775778157,1.8298365830560215e-05
2512,81091.359,15.006295204162598,1.590774263604544e-05,-0.9520890116691589,-3.1025010140888385e-08,-1.7867390056380827e-07,1.580309856308304e-07,0.002470438601449132,0.0,0.0,-0.002593184504657984,trajectory,GOAL_DIRECT,3.648245334625244,14.993704775738303,1.8298365830560215e-05
2513,81091.453,15.006295204162598,1.5922230886644684e-05,-0.9518276453018188,-3.150739760692819e-08,-1.7192498091844755e-07,1.6393839530337573e-07,0.003135942155495286,0.0,0.0,-0.0026594931073486805,trajectory,GOAL_DIRECT,3.6512808799743652,14.993704775701675,1.8298365830560215e-05
2514,81091.468,15.006295204162598,1.592420449014753e-05,-0.9517898559570312,-3.157171593573309e-08,-1.709697556862011e-07,1.6472604613682051e-07,0.0031609581783413887,0.0,0.0,-0.002663383856415749,trajectory,GOAL_DIRECT,3.6511754989624023,14.993704775696683,1.8298365830560215e-05
2515,81091.562,15.006295204162598,1.5938781871227548e-05,-0.9515111446380615,-3.203802381956576e-08,-1.636570772234336e-07,1.7043426225882286e-07,0.003222998697310686,0.0,0.0,-0.002682282663881779,trajectory,GOAL_DIRECT,3.6511754989624023,14.993704775659792,1.8298365830560215e-05
2516,81091.671,15.006295204162598,1.595544563315343e-05,-0.9512021541595459,-3.255257044999599e-08,-1.547991956840633e-07,1.7672722663064633e-07,0.003215453587472439,0.0,0.0,0.0,trajectory_no_feasible,GOAL_DIRECT,3.6505770683288574,14.993704775617578,1.8298365830560215e-05
2517,81091.796,15.006295204162598,1.5973264453350566e-05,-0.9508846998214722,-3.3083196662620754e-08,-1.4479842036507762e-07,1.832100480214649e-07,0.00319694634526968,0.0,0.0,-0.002711520716547966,trajectory,GOAL_DIRECT,3.64992356300354,14.993704775572391,1.8298365830560215e-05
2518,81091.875,15.006295204162598,1.5987754522939213e-05,-0.9506359100341797,-3.350126579983569e-08,-1.3629971817863407e-07,1.8831281067832606e-07,0.003182436339557171,0.0,0.0,-0.00272279940545559,trajectory,GOAL_DIRECT,3.649266242980957,14.993704775535608,1.8298365830560215e-05
2519,81091.984,15.006295204162598,1.60038052854361e-05,-0.9503690004348755,-3.395149410144725e-08,-1.2653683256758086e-07,1.9380324545181793e-07,0.0031680536922067404,0.0,0.0,-0.002734994273632765,trajectory,GOAL_DIRECT,3.649266242980957,14.993704775494823,1.8298365830560215e-05
2520,81092.093,15.006295204162598,1.6023912394302897e-05,-0.9500467777252197,-3.4498199896255e-08,-1.1383087183958196e-07,2.0046343252033694e-07,0.0031522714998573065,0.0,0.0,-0.0027498428337275984,trajectory,GOAL_DIRECT,3.648613452911377,14.993704775443675,1.8298365830560215e-05
2521,81092.203,15.006295204162598,1.604036515345797e-05,-0.9497920870780945,-3.493234861565623e-08,-1.0307591935543314e-07,2.0574714199028676e-07,0.0031408972572535276,0.0,0.0,-0.0027616674266755584,trajectory,GOAL_DIRECT,3.647963762283325,14.993704775401774,1.8298365830560215e-05
2522,81092.281,15.006295204162598,1.6058513210737146e-05,-0.950116753578186,-3.539865649945272e-08,-9.057627181618955e-08,2.115516366529846e-07,-0.017125895246863365,0.0,0.0,-0.0011240907013416294,trajectory,GOAL_DIRECT,3.6473193168640137,14.993704775355507,1.8298365830560215e-05
2523,81092.39,15.006295204162598,1.6067455362644978e-05,-0.9508751630783081,-3.562377065024922e-08,-8.449684685274406e-08,2.1426207297281508e-07,-0.013392389751970768,0.0,0.0,-0.0013848506659269334,trajectory,GOAL_DIRECT,3.6466760635375977,14.99370477533269,1.8298365830560215e-05
2524,81092.515,15.006295204162598,1.610233448445797e-05,-0.9511438012123108,-3.647598850682538e-08,-6.008118447198285e-08,2.244993879685353e-07,0.0025984961539506912,0.0,0.0,-0.002650689631700516,trajectory,GOAL_DIRECT,3.647230863571167,14.99370477524357,1.8298365830560215e-05
2525,81092.609,15.006295204162598,1.6120731743285432e-05,-0.9509072303771973,-3.691013722620678e-08,-4.665333364073376e-08,2.297583847621354e-07,0.003101529087871313,0.0,0.0,-0.0027027608081698416,trajectory,GOAL_DIRECT,3.6495137214660645,14.993704775196486,1.8298365830560215e-05
2526,81092.64,15.006295204162598,1.612695814401377e-05,-0.9508228302001953,-3.705485346599961e-08,-4.204455805734142e-08,2.3151116579356312e-07,0.0031475210562348366,0.0,0.0,-0.0027106601744890215,trajectory,GOAL_DIRECT,3.649268865585327,14.993704775180538,1.8298365830560215e-05
2527,81092.718,15.006295204162598,1.614379470993299e-05,-0.950594425201416,-3.744076343877813e-08,-2.943331267601934e-08,2.3618326849828009e-07,0.0031865304335951805,0.0,0.0,-0.0027252011746168136,trajectory,GOAL_DIRECT,3.649268865585327,14.993704775137385,1.8298365830560215e-05
2528,81092.812,15.006295204162598,1.6163863620022312e-05,-0.9503273963928223,-3.789099174034873e-08,-1.4131505743364414e-08,2.41629692254719e-07,0.0031833963003009558,0.0,0.0,-0.0027383018843829634,trajectory,GOAL_DIRECT,3.6486611366271973,14.993704775085886,1.8298365830560215e-05
2529,81092.843,15.006295204162598,1.6172605683095753e-05,-0.9502129554748535,-3.8083946726734696e-08,-7.379730604384349e-09,2.439623472128005e-07,0.003178361803293228,0.0,0.0,-0.0027436211705207827,trajectory,GOAL_DIRECT,3.6486611366271973,14.993704775063435,1.8298365830560215e-05
2530,81092.906,15.006295204162598,1.618364876776468e-05,-0.9500699043273926,-3.832514045971594e-08,1.2235092938794878e-09,2.4687690824976016e-07,0.0031714620999991894,0.0,0.0,-0.0027502217516303063,trajectory,GOAL_DIRECT,3.6486611366271973,14.993704775035054,1.8298365830560215e-05
2531,81092.937,15.006295204162598,1.6190339010790922e-05,-0.9499843120574951,-3.846985669950405e-08,6.4726597415187825e-09,2.4862495706656773e-07,0.00316724949516356,0.0,0.0,-0.0027541643567383293,trajectory,GOAL_DIRECT,3.648015260696411,14.993704775017852,1.8298365830560215e-05
2532,81093.031,15.006295204162598,1.6206129657803103e-05,-0.9501085877418518,-3.8807527925674415e-08,1.930165716146348e-08,2.528076095131837e-07,-0.012901651673018932,0.0,0.0,-0.0014624384790658954,trajectory,GOAL_DIRECT,3.648015260696411,14.993704774977221,1.8298365830560215e-05
2533,81093.125,15.006295204162598,1.622836680326145e-05,-0.9513076543807983,-3.927383580942915e-08,3.698491468639986e-08,2.583812772627425e-07,-0.005099783651530743,0.0,0.0,-0.002026634588837624,trajectory,GOAL_DIRECT,3.6473660469055176,14.993704774919935,1.8298365830560215e-05
2534,81093.218,15.006295204162598,1.6239275282714516e-05,-0.9514057636260986,-3.9498949960205505e-08,4.5741447962655e-08,2.610630076560483e-07,-0.0002640538732521236,0.0,0.0,-0.0024085875088348985,trajectory,GOAL_DIRECT,3.6468119621276855,14.993704774891805,1.8298365830560215e-05
2535,81093.375,15.006295204162598,1.628567770239897e-05,-0.9510066509246826,-4.043156572769506e-08,8.405968543456765e-08,2.7226937504565285e-07,0.0031360106077045202,0.0,0.0,-0.002700548302382231,trajectory,GOAL_DIRECT,3.6495063304901123,14.993704774771933,1.8298365830560215e-05
2536,81093.484,15.006295204162598,1.63087770488346e-05,-0.9507396221160889,-4.088179402923456e-08,1.0356509250186718e-07,2.776820338112884e-07,0.0031987852416932583,0.0,0.0,-0.0027189217135310177,trajectory,GOAL_DIRECT,3.6496992111206055,14.993704774712134,1.8298365830560215e-05
2537,81093.609,15.006295204162598,1.634170621400699e-05,-0.9503653645515442,-4.1508897734942485e-08,1.3179051450151746e-07,2.8521338890641346e-07,0.003190989838913083,0.0,0.0,-0.0027370109595358373,trajectory,GOAL_DIRECT,3.6491425037384033,14.993704774626739,1.8298365830560215e-05
2538,81093.718,15.006295204162598,1.637025889067445e-05,-0.9500503540039062,-4.203952394745748e-08,1.5663306385249598e-07,2.915785159984807e-07,0.0031744411680847406,0.0,0.0,-0.002751437593251467,trajectory,GOAL_DIRECT,3.648496150970459,14.993704774552555,1.8298365830560215e-05
2539,81093.828,15.006295204162598,1.6397654690081254e-05,-0.9497559070587158,-4.274923175365617e-08,1.7532286733512592e-07,2.975515087655367e-07,0.0031595074106007814,0.0,0.0,-0.0027649652399122718,trajectory,GOAL_DIRECT,3.647844076156616,14.993704774481253,1.8298365830560215e-05
2540,81093.953,15.006295204162598,1.6430169125669636e-05,-0.9504843950271606,-4.358158988425415e-08,1.8160885417728423e-07,3.046393430850003e-07,-0.02119028940796852,0.0,0.0,-0.0007805570960044863,trajectory,GOAL_DIRECT,3.647193670272827,14.993704774396477,1.8298365830560215e-05
2541,81094.062,15.006295204162598,1.6457845049444586e-05,-0.9519696831703186,-4.4275221659847195e-08,1.7413672992461215e-07,3.1030262448439316e-07,-0.005245101172477007,0.0,0.0,-0.0019819077476859095,trajectory,GOAL_DIRECT,3.64654803276062,14.993704774324184,1.8298365830560215e-05
2542,81094.187,15.006295204162598,1.6491727365064435e-05,-0.9519829750061035,-4.52531771638053e-08,1.5779460227349773e-07,3.171662683598697e-07,0.0023738325107842684,0.0,0.0,-0.002590757850557566,trajectory,GOAL_DIRECT,3.647481918334961,14.993704774235514,1.8298365830560215e-05
2543,81094.296,15.006295204162598,1.6523439626325853e-05,-0.9516962766647339,-4.617116286861353e-08,1.4781448953726795e-07,3.234910082028364e-07,0.003157354425638914,0.0,0.0,-0.0026677745208144193,trajectory,GOAL_DIRECT,3.650937795639038,14.993704774152356,1.8298365830560215e-05
2544,81094.39,15.006295204162598,1.6555779438931495e-05,-0.9513780474662781,-4.709384524306235e-08,1.4148297111660213e-07,3.298134743090486e-07,0.0032369571272283792,0.0,0.0,-0.0026900541968643667,trajectory,GOAL_DIRECT,3.6509909629821777,14.993704774067389,1.8298365830560215e-05
2545,81094.437,15.006295204162598,1.6564707038924098e-05,-0.9512906074523926,-4.734420497291134e-08,1.3936315212959016e-07,3.3153671097352344e-07,0.003236955963075161,0.0,0.0,-0.002694426104426384,trajectory,GOAL_DIRECT,3.6504099369049072,14.993704774043904,1.8298365830560215e-05
2546,81094.531,15.006295204162598,1.6591771782259457e-05,-0.9510286450386047,-4.809528416246952e-08,1.314880364589044e-07,3.3670337984403886e-07,0.003225095337256789,0.0,0.0,-0.0027065753750503065,trajectory,GOAL_DIRECT,3.6504099369049072,14.99370477397263,1.8298365830560215e-05
2547,81094.656,15.006295204162598,1.662953945924528e-05,-0.9506719708442688,-4.912454082966915e-08,1.1700392832381112e-07,3.437761222357949e-07,0.003202748717740178,0.0,0.0,-0.0027226213552057747,trajectory,GOAL_DIRECT,3.6497538089752197,14.993704773872976,1.8298365830560215e-05
2548,81094.765,15.006295204162598,1.666703974478878e-05,-0.9503272175788879,-5.012597974913684e-08,9.881367901698468e-08,3.506492589622212e-07,0.0031821804586797953,0.0,0.0,-0.002738213557749987,trajectory,GOAL_DIRECT,3.6490936279296875,14.993704773773803,1.8298365830560215e-05
2549,81094.89,15.006295204162598,1.6699925254215486e-05,-0.9500318765640259,-5.0988329929813526e-08,7.991138062379832e-08,3.5656114505400183e-07,0.003166328649967909,0.0,0.0,-0.002751712463796139,trajectory,GOAL_DIRECT,3.648437738418579,14.99370477368665,1.8298365830560215e-05
2550,81095.015,15.006295204162598,1.673771475907415e-05,-0.9497001767158508,-5.1968996171004185e-08,5.975690697823666e-08,3.6322845176073315e-07,0.0031502647325396538,0.0,0.0,-0.002767012342810631,trajectory,GOAL_DIRECT,3.6477854251861572,14.99370477358629,1.8298365830560215e-05
2551,81095.125,15.006295204162598,1.677510044828523e-05,-0.9501687288284302,-5.2914799638966576e-08,4.9907583843378234e-08,3.698413593156147e-07,-0.019085409119725227,0.0,0.0,-0.0009647308290004729,trajectory,GOAL_DIRECT,3.647136688232422,14.993704773486778,1.8298365830560215e-05
2552,81095.218,15.006295204162598,1.6807514839456417e-05,-0.9515536427497864,-5.371916599651531e-08,4.816148191366665e-08,3.752653014998941e-07,-0.005461409687995911,0.0,0.0,-0.0019854050874710083,trajectory,GOAL_DIRECT,3.6464927196502686,14.993704773400317,1.8298365830560215e-05
2553,81095.25,15.006295204162598,1.682106449152343e-05,-0.9516577124595642,-5.4052978969673856e-08,4.712706669351974e-08,3.775150503315672e-07,-0.0008881367975845933,0.0,0.0,-0.0023460634332150222,trajectory,GOAL_DIRECT,3.6468122005462646,14.993704773364128,1.8298365830560215e-05
2554,81095.343,15.006295204162598,1.6846117432578467e-05,-0.9515917897224426,-5.466496942047314e-08,4.405409725904974e-08,3.816713842752506e-07,0.0022033201530575752,0.0,0.0,-0.0025966761261224745,trajectory,GOAL_DIRECT,3.6468122005462646,14.993704773297136,1.8298365830560215e-05
2555,81095.484,15.006295204162598,1.6893543943297118e-05,-0.9512381553649902,-5.580549707881071e-08,3.428079509149029e-08,3.894399753789912e-07,0.003165020840242505,0.0,0.0,-0.002691293898969889,trajectory,GOAL_DIRECT,3.6501054763793945,14.993704773170043,1.8298365830560215e-05
2556,81095.578,15.006295204162598,1.692766454652883e-05,-0.9509596228599548,-5.661221176399973e-08,2.4198469006364576e-08,3.9493232861786964e-07,0.0032159595284610987,0.0,0.0,-0.002709295619279146,trajectory,GOAL_DIRECT,3.650181770324707,14.993704773078386,1.8298365830560215e-05
2557,81095.625,15.006295204162598,1.694311504252255e-05,-0.9508340954780579,-5.697384248495284e-08,1.8827226000439623e-08,3.9739282442496915e-07,0.003215090837329626,0.0,0.0,-0.0027155024930834775,trajectory,GOAL_DIRECT,3.649606466293335,14.993704773036821,1.8298365830560215e-05
2558,81095.796,15.006295204162598,1.700709981378168e-05,-0.950324535369873,-5.8553858621998194e-08,-1.5147236798185304e-09,4.0741304019320523e-07,0.0031888026278465986,0.0,0.0,-0.0027388774417340758,trajectory,GOAL_DIRECT,3.648956298828125,14.993704772864286,1.8298365830560215e-05
2559,81095.921,15.006295204162598,1.7048983863787726e-05,-0.9500002861022949,-5.957950576235736e-08,-7.856475470191526e-09,4.138316285207111e-07,0.0031708870083093643,0.0,0.0,-0.0027536566555500033,trajectory,GOAL_DIRECT,3.6482996940612793,14.993704772750993,1.8298365830560215e-05
2560,81096.015,15.006295204162598,1.7085225408663973e-05,-0.9497252106666565,-6.045442546956373e-08,-8.941712259513679e-09,4.1930044858418114e-07,0.003157090861350298,0.0,0.0,-0.0027663067355751993,trajectory,GOAL_DIRECT,3.6476478576660156,14.993704772652737,1.8298365830560215e-05
2561,81096.046,15.006295204162598,1.7097834643209353e-05,-0.9496376514434814,-6.07561219203177e-08,-8.387064376336184e-09,4.2119998511225276e-07,0.0008104338776320219,0.0,0.0,-0.0025829521380364897,trajectory,GOAL_DIRECT,3.646998167037964,14.993704772618504,1.8298365830560215e-05
2562,81096.125,15.006295204162598,1.712960693112109e-05,-0.9506120085716248,-6.151036304718735e-08,-4.846767431843091e-09,4.260549815171544e-07,-0.022066541016101837,0.0,0.0,-0.0007040762901306154,trajectory,GOAL_DIRECT,3.646998167037964,14.99370477253213,1.8298365830560215e-05
2563,81096.234,15.006295204162598,1.71669071278302e-05,-0.9519826769828796,-6.23852827543287e-08,2.685530686719062e-09,4.314009629524662e-07,-0.004734256770461798,0.0,0.0,-0.0020221256092190745,trajectory,GOAL_DIRECT,3.6463537216186523,14.993704772430524,1.8298365830560215e-05
2564,81096.328,15.006295204162598,1.720074396871496e-05,-0.9520370364189148,-6.316969352622353e-08,1.2890057021763823e-08,4.362476886399236e-07,0.0016883749049156904,0.0,0.0,-0.0025332181714475153,trajectory,GOAL_DIRECT,3.6487700939178467,14.99370477233816,1.8298365830560215e-05
2565,81096.359,15.006295204162598,1.7216490959981456e-05,-0.9519591927528381,-6.353172926709011e-08,1.8703531168284826e-08,4.3849678377227974e-07,0.0025280530098825693,0.0,0.0,-0.002604284603148699,trajectory,GOAL_DIRECT,3.6487700939178467,14.993704772295116,1.8298365830560215e-05
2566,81096.437,15.006295204162598,1.724556932458654e-05,-0.9517697095870972,-6.419546145866574e-08,3.114652713520627e-08,4.426238717769593e-07,0.003085467964410782,0.0,0.0,-0.0026583519577980043,trajectory,GOAL_DIRECT,3.6487700939178467,14.993704772215523,1.8298365830560215e-05
2567,81096.562,15.006295204162598,1.728700408420991e-05,-0.951473593711853,-6.513072045585719e-08,5.257973612060596e-08,4.4843829982710304e-07,0.0032304618507623672,0.0,0.0,-0.002684757262468338,trajectory,GOAL_DIRECT,3.651118040084839,14.993704772101879,1.8298365830560215e-05
2568,81096.671,15.006295204162598,1.732761666062288e-05,-0.9511821269989014,-6.603580980794588e-08,7.765559928429866e-08,4.540601423741464e-07,0.0032328241504728794,0.0,0.0,-0.002699519582092762,trajectory,GOAL_DIRECT,3.6508378982543945,14.993704771990222,1.8298365830560215e-05
2569,81096.781,15.006295204162598,1.7372876754961908e-05,-0.9508629441261292,-6.70008334247411e-08,1.0930212823723195e-07,4.60237686183973e-07,0.003214383265003562,0.0,0.0,-0.0027140034548938275,trajectory,GOAL_DIRECT,3.6502158641815186,14.993704771865481,1.8298365830560215e-05
2570,81096.875,15.006295204162598,1.741594860504847e-05,-0.9505649209022522,-6.78631835923176e-08,1.3449154323552648e-07,4.6603446435256046e-07,0.003195745637640357,0.0,0.0,-0.0027274136058986188,trajectory,GOAL_DIRECT,3.649557590484619,14.993704771746469,1.8298365830560215e-05
2571,81097.015,15.006295204162598,1.7469481463194825e-05,-0.9502018094062805,-6.892025799135066e-08,1.561337938937868e-07,4.7313181994468323e-07,0.0031749156769365072,0.0,0.0,0.0,trajectory_no_feasible,GOAL_DIRECT,3.6488986015319824,14.993704771598141,1.8298365830560215e-05
2572,81097.125,15.006295204162598,1.751087802404072e-05,-0.9499262571334839,-6.97269726643475e-08,1.6580668216192862e-07,4.785419491781795e-07,0.003160734660923481,0.0,0.0,-0.0027565459161996843,trajectory,GOAL_DIRECT,3.648242712020874,14.993704771483129,1.8298365830560215e-05
2573,81097.234,15.006295204162598,1.7558562831254676e-05,-0.9505398869514465,-7.064495832677656e-08,1.6968044747045496e-07,4.848397452406061e-07,-0.020197415724396706,0.0,0.0,-0.0008572123944759369,trajectory,GOAL_DIRECT,3.647592782974243,14.993704771350307,1.8298365830560215e-05
2574,81097.343,15.006295204162598,1.7603919332032092e-05,-0.9519996047019958,-7.150730849456464e-08,1.663458562006781e-07,4.905116384179564e-07,-0.0045943837612867355,0.0,0.0,-0.0020324690639972687,trajectory,GOAL_DIRECT,3.6469457149505615,14.993704771223635,1.8298365830560215e-05
2575,81097.437,15.006295204162598,1.765278102539014e-05,-0.9520066380500793,-7.242529415710372e-08,1.5533879604845424e-07,4.966045139553898e-07,0.0022636819630861282,0.0,0.0,-0.002580762654542923,trajectory,GOAL_DIRECT,3.647620916366577,14.99370477108681,1.8298365830560215e-05
2576,81097.562,15.006295204162598,1.770224844221957e-05,-0.9517250061035156,-7.334093502972397e-08,1.3660778108715022e-07,5.027282554692647e-07,0.00313763739541173,0.0,0.0,-0.002664760686457157,trajectory,GOAL_DIRECT,3.650968313217163,14.993704770947902,1.8298365830560215e-05
2577,81097.687,15.006295204162598,1.7755377484718338e-05,-0.9513885974884033,-7.449774126970222e-08,1.1875630434587947e-07,5.092208539281273e-07,0.003230304690077901,0.0,0.0,-0.0026889945007860664,trajectory,GOAL_DIRECT,3.6510121822357178,14.993704770798278,1.8298365830560215e-05
2578,81097.796,15.006295204162598,1.7807640688261017e-05,-0.9510593414306641,-7.566674747411292e-08,1.0242592907161452e-07,5.155209805707273e-07,0.003220087382942438,0.0,0.0,-0.002704639919102192,trajectory,GOAL_DIRECT,3.650430202484131,14.993704770650655,1.8298365830560215e-05
2579,81097.921,15.006295204162598,1.786054599506315e-05,-0.9507318735122681,-7.677223831564464e-08,8.799264605841017e-08,5.218137744122942e-07,0.003200195962563157,0.0,0.0,-0.00271942200139165,trajectory,GOAL_DIRECT,3.649775505065918,14.993704770500777,1.8298365830560215e-05
2580,81098.0,15.006295204162598,1.790459646144882e-05,-0.9504636526107788,-7.764981543555878e-08,8.209939039716119e-08,5.269905045679479e-07,0.0031842682510614395,0.0,0.0,-0.002731558829545975,trajectory,GOAL_DIRECT,3.649118185043335,14.993704770375645,1.8298365830560215e-05
2581,81098.031,15.006295204162598,1.791409340512473e-05,-0.9504064321517944,-7.782612951011477e-08,8.032272802438456e-08,5.280991786094091e-07,0.003181035164743662,0.0,0.0,-0.0027341612055897715,trajectory,GOAL_DIRECT,3.6484622955322266,14.993704770348627,1.8298365830560215e-05
2582,81098.125,15.006295204162598,1.7952275811694562e-05,-0.9501775503158569,-7.855020099170229e-08,7.465315832178021e-08,5.325315441950806e-07,0.003168718423694372,0.0,0.0,-0.0027446199581027033,trajectory,GOAL_DIRECT,3.6484622955322266,14.993704770239857,1.8298365830560215e-05
2583,81098.218,15.006295204162598,1.8005299352807924e-05,-0.9498648047447205,-7.954579927885223e-08,7.130920209874603e-08,5.386198154155863e-07,0.003153308294713497,0.0,0.0,-0.002759024426341057,trajectory,GOAL_DIRECT,3.6478116512298584,14.993704770088424,1.8298365830560215e-05
2584,81098.312,15.006295204162598,1.8019864000962116e-05,-0.9497815370559692,-7.981732608443199e-08,7.129249013360095e-08,5.402865213000041e-07,0.0019543252419680357,0.0,0.0,-0.002667269166558981,trajectory,GOAL_DIRECT,3.6478116512298584,14.993704770046751,1.8298365830560215e-05
2585,81098.437,15.006295204162598,1.8080227164318785e-05,-0.9515402913093567,-8.093360295178554e-08,7.532345591698686e-08,5.472732027556049e-07,-0.025336092337965965,0.0,0.0,-0.00039609804749488834,trajectory,GOAL_DIRECT,3.6471641063690186,14.993704769873673,1.8298365830560215e-05
2586,81098.562,15.006295204162598,1.8164675566367805e-05,-0.9544671177864075,-8.247225484995102e-08,9.111460741451083e-08,5.565124752138217e-07,-0.002742716111242771,0.0,0.0,-0.0020572268217802048,trajectory,GOAL_DIRECT,3.6465530395507812,14.993704769630568,1.8298365830560215e-05
2587,81098.656,15.006295204162598,1.8206586901214905e-05,-0.9544455409049988,-8.325700665031605e-08,1.0066545996778586e-07,5.610742732642393e-07,0.0021068183705210686,0.0,0.0,-0.0024462684243917463,trajectory,GOAL_DIRECT,3.649928092956543,14.993704769509494,1.8298365830560215e-05
2588,81098.687,15.006295204162598,1.8228516637464054e-05,-0.954347550868988,-8.36492120198805e-08,1.0359492819134175e-07,5.634561262013449e-07,0.0028241409454494715,0.0,0.0,-0.002508553732186556,trajectory,GOAL_DIRECT,3.6550824642181396,14.993704769446033,1.8298365830560215e-05
2589,81098.765,15.006295204162598,1.826243351388257e-05,-0.9541635513305664,-8.42526048961507e-08,1.0578424536333841e-07,5.67122526717867e-07,0.0032226399052888155,0.0,0.0,-0.002549633625894785,trajectory,GOAL_DIRECT,3.6550824642181396,14.993704769347731,1.8298365830560215e-05
2590,81098.875,15.006295204162598,1.8318880393053405e-05,-0.9538364410400391,-8.524820314204207e-08,1.0323937971179475e-07,5.731703822675627e-07,0.0033354894258081913,0.0,0.0,-0.0025750171020627022,trajectory,GOAL_DIRECT,3.6559805870056152,14.993704769183726,1.8318880393053405e-05
2591,81098.984,15.006295204162598,1.837418858485762e-05,-0.9535165429115295,-8.621363174417271e-08,9.344540075062469e-08,5.790290060758707e-07,0.0033211091067641973,0.0,0.0,-0.002589861582964659,trajectory,GOAL_DIRECT,3.65547776222229,14.99370476902254,1.837418858485762e-05
2592,81099.093,15.006295204162598,1.8428301700623706e-05,-0.9532089233398438,-8.714653882079662e-08,7.818269409654022e-08,5.8469845498621e-07,0.0032941580284386873,0.0,0.0,-0.0026030864752829078,trajectory,GOAL_DIRECT,3.6548125743865967,14.993704768864363,1.8428301700623706e-05
2593,81099.187,15.006295204162598,1.847940256993752e-05,-0.9529232978820801,-8.802145851557131e-08,6.385886308635236e-08,5.899965458411316e-07,0.0032693042885512114,0.0,0.0,-0.0026153794489800933,trajectory,GOAL_DIRECT,3.654132127761841,14.993704768714567,1.847940256993752e-05
2594,81099.281,15.006295204162598,1.853096364357043e-05,-0.9526399374008179,-8.8896378210341e-08,5.021414395400825e-08,5.952891797278426e-07,0.003246259642764926,0.0,0.0,-0.0026277039013803006,trajectory,GOAL_DIRECT,3.653456687927246,14.993704768563,1.853096364357043e-05
2595,81099.406,15.006295204162598,1.859380427049473e-05,-0.952300488948822,-8.995231577298738e-08,3.465078535214161e-08,6.016697398081305e-07,0.003221442922949791,0.0,0.0,-0.002642690986394882,trajectory,GOAL_DIRECT,3.652787685394287,14.993704768377706,1.859380427049473e-05
2596,81099.5,15.006295204162598,1.864091791503597e-05,-0.9520497918128967,-9.073672653380565e-08,2.3729768372504623e-08,6.064044555387227e-07,0.00320474267937243,0.0,0.0,-0.002653889823704958,trajectory,GOAL_DIRECT,3.6521239280700684,14.993704768238372,1.864091791503597e-05
2597,81099.593,15.006295204162598,1.8662787624634802e-05,-0.9519346356391907,-9.109876226956658e-08,1.887340772555035e-08,6.085882660045172e-07,0.003197513986378908,0.0,0.0,-0.002659069336950779,trajectory,GOAL_DIRECT,3.6521239280700684,14.993704768173576,1.8662787624634802e-05
2598,81099.734,15.006295204162598,1.874179724836722e-05,-0.9515236616134644,-9.23960569893695e-08,2.4262918341122486e-09,6.16405998243863e-07,0.0031738344114273787,0.0,0.0,-0.0026777236722409724,trajectory,GOAL_DIRECT,3.651466131210327,14.993704767938848,1.874179724836722e-05
2599,81099.828,15.006295204162598,1.881246134871617e-05,-0.9511629343032837,-9.354250348593034e-08,-1.0865664812342857e-08,6.233048566173238e-07,0.0031556286849081516,0.0,0.0,-0.0026943035796284675,trajectory,GOAL_DIRECT,3.6508116722106934,14.993704767728074,1.881246134871617e-05
2600,81099.843,15.006295204162598,1.882931246655062e-05,-0.9510776400566101,-9.381403028774612e-08,-1.3842980983724829e-08,6.249374564504251e-07,0.003151608631014824,0.0,0.0,-0.002698246687650681,trajectory,GOAL_DIRECT,3.650161027908325,14.993704767677695,1.882931246655062e-05
2601,81099.953,15.006295204162598,1.888391125248745e-05,-0.9508041739463806,-9.468894998248254e-08,-2.2991637038671797e-08,6.301943926700915e-07,0.0031394874677062035,0.0,0.0,-0.0027109503000974657,trajectory,GOAL_DIRECT,3.650161027908325,14.993704767514151,1.888391125248745e-05
2602,81100.062,15.006295204162598,1.893897024274338e-05,-0.9505311846733093,-9.556386967721395e-08,-3.146121585473338e-08,6.354459856083849e-07,0.0031284496653825045,0.0,0.0,-0.002723716739565134,trajectory,GOAL_DIRECT,3.6495158672332764,14.99370476734875,1.893897024274338e-05
2603,81100.156,15.006295204162598,1.8992559489561245e-05,-0.9502691626548767,-9.640861972729467e-08,-3.8994389939261964e-08,6.405113026630715e-07,0.0031187492422759533,0.0,0.0,-0.002736041806638241,trajectory,GOAL_DIRECT,3.648871660232544,14.9937047671873,1.8992559489561245e-05
2604,81100.234,15.006295204162598,1.9011802578461356e-05,-0.9501755833625793,-9.671031617375093e-08,-4.153138988272076e-08,6.423191507565207e-07,0.0031154791358858347,0.0,0.0,-0.0027404591627418996,trajectory,GOAL_DIRECT,3.648231029510498,14.993704767129215,1.9011802578461356e-05
2605,81100.375,15.006295204162598,1.911860817926936e-05,-0.949662983417511,-9.836964662924975e-08,-5.4041571218022e-08,6.522508897432999e-07,0.0030993851833045483,0.0,0.0,-0.0027648016437888147,trajectory,GOAL_DIRECT,3.647594451904297,14.993704766805752,1.911860817926936e-05
2606,81100.468,15.006295204162598,1.917361623782199e-05,-0.9502593874931335,-9.921439667931494e-08,-5.962150595451021e-08,6.574391591129825e-07,-0.019707737490534782,0.0,0.0,-0.0009104116261005404,trajectory,GOAL_DIRECT,3.646958351135254,14.993704766638452,1.917361623782199e-05
2607,81100.578,15.006295204162598,1.9238994354964234e-05,-0.9517260789871216,-1.0020999495260003e-07,-6.511955774612943e-08,6.632845952481148e-07,-0.0036599235609173775,0.0,0.0,-0.002120902165770531,trajectory,GOAL_DIRECT,3.6463260650634766,14.993704766438988,1.9238994354964234e-05
2608,81100.687,15.006295204162598,1.9300938220112585e-05,-0.951710045337677,-1.011452539365892e-07,-6.95380535375989e-08,6.688256348752475e-07,0.002225477946922183,0.0,0.0,-0.002592535968869925,trajectory,GOAL_DIRECT,3.648282289505005,14.993704766249376,1.9300938220112585e-05
2609,81100.796,15.006295204162598,1.9357332348590717e-05,-0.9514787197113037,-1.0199000398663899e-07,-7.28851574649525e-08,6.738527531524596e-07,0.003050075378268957,0.0,0.0,-0.0026700700446963314,trajectory,GOAL_DIRECT,3.6505510807037354,14.99370476607622,1.9357332348590717e-05
2610,81100.875,15.006295204162598,1.9408040316193365e-05,-0.9512438178062439,-1.0274424510275093e-07,-7.53413473830733e-08,6.783407684451959e-07,0.0031771804206073284,0.0,0.0,-0.0026919835433363917,trajectory,GOAL_DIRECT,3.6505510807037354,14.993704765920093,1.9408040316193365e-05
2611,81100.984,15.006295204162598,1.947138662217185e-05,-0.9509469270706177,-1.0367950408672454e-07,-7.768667131813345e-08,6.839011916781601e-07,0.003191425697878003,0.0,0.0,-0.0027079677022993566,trajectory,GOAL_DIRECT,3.650270938873291,14.99370476572448,1.947138662217185e-05
2612,81101.093,15.006295204162598,1.9535247702151537e-05,-0.9506507515907288,-1.0461476307069242e-07,-7.925610390202564e-08,6.894557031955628e-07,0.003179009770974517,0.0,0.0,-0.0027217832021415233,trajectory,GOAL_DIRECT,3.6496589183807373,14.993704765526632,1.9535247702151537e-05
2613,81101.187,15.006295204162598,1.9599627194111235e-05,-0.9503557085990906,-1.0555002205465457e-07,-8.004958829133102e-08,6.95003905093472e-07,0.003164161229506135,0.0,0.0,-0.002735347468405962,trajectory,GOAL_DIRECT,3.6490097045898438,14.993704765326521,1.9599627194111235e-05
2614,81101.312,15.006295204162598,1.9618413716671057e-05,-0.950270414352417,-1.0582154885644894e-07,-8.013461183509207e-08,6.966135401853535e-07,0.0031599581707268953,0.0,0.0,-0.002739275936037302,trajectory,GOAL_DIRECT,3.6483592987060547,14.993704765268003,1.9618413716671057e-05
2615,81101.406,15.006295204162598,1.972357858903706e-05,-0.9497981071472168,-1.0733003108863116e-07,-7.941597601757167e-08,7.055465403027483e-07,0.0031385240145027637,0.0,0.0,-0.0027611765637993815,trajectory,GOAL_DIRECT,3.6477115154266357,14.99370476493939,1.972357858903706e-05
2616,81101.437,15.006295204162598,1.974265069293324e-05,-0.9497133493423462,-1.0760155789042238e-07,-7.907224386372036e-08,7.071527647894982e-07,0.0031350136268883944,0.0,0.0,-0.002765133623033762,trajectory,GOAL_DIRECT,3.6470673084259033,14.993704764879606,1.974265069293324e-05
2617,81101.546,15.006295204162598,1.980868364626076e-05,-0.9508721232414246,-1.0853681687436618e-07,-7.734107754231445e-08,7.128409151846427e-07,-0.023207692429423332,0.0,0.0,-0.0005997784435749056,trajectory,GOAL_DIRECT,3.6470673084259033,14.993704764672172,1.980868364626076e-05
2618,81101.64,15.006295204162598,1.9875229554600082e-05,-0.9523864984512329,-1.0947207585830425e-07,-7.493316900308855e-08,7.182499075497617e-07,-0.0044794646091759205,0.0,0.0,-0.002022317908704281,trajectory,GOAL_DIRECT,3.6464269161224365,14.993704764462425,1.9875229554600082e-05
2619,81101.656,15.006295204162598,1.9888168026227504e-05,-0.9524439573287964,-1.0965309372616257e-07,-7.437503057872163e-08,7.193034434749279e-07,-0.0020676434505730867,0.0,0.0,-0.0022123906575143336,trajectory,GOAL_DIRECT,3.6491713523864746,14.993704764421564,1.9888168026227504e-05
2620,81101.75,15.006295204162598,1.994879676203709e-05,-0.9523806571960449,-1.1049784377616521e-07,-7.136579682764932e-08,7.242584274536057e-07,0.002350275171920657,0.0,0.0,-0.0025689891539514066,trajectory,GOAL_DIRECT,3.6491713523864746,14.993704764229731,1.994879676203709e-05
2621,81101.89,15.006295204162598,2.0020790543640032e-05,-0.9520947337150574,-1.1149344204937659e-07,-6.699143284549791e-08,7.301180744434532e-07,0.0031582582741975784,0.0,0.0,-0.002647923976182938,trajectory,GOAL_DIRECT,3.651888370513916,14.99370476400118,2.0020790543640032e-05
2622,81101.968,15.006295204162598,2.0084537027287297e-05,-0.951815128326416,-1.1236836174401155e-07,-6.24187492803685e-08,7.352657007686503e-07,0.003239196725189686,0.0,0.0,-0.002668379321694374,trajectory,GOAL_DIRECT,3.6516716480255127,14.993704763798124,2.0084537027287297e-05
2623,81102.015,15.006295204162598,2.011104515986517e-05,-0.9516985416412354,-1.1273039747972108e-07,-6.032781385556518e-08,7.37394316274731e-07,0.0032408989500254393,0.0,0.0,-0.002674344833940268,trajectory,GOAL_DIRECT,3.6510565280914307,14.993704763713495,2.011104515986517e-05
2624,81102.187,15.006295204162598,2.022680018853862e-05,-0.9511947631835938,-1.1429921900111917e-07,-4.9923276179697496e-08,7.46608179724717e-07,0.0032140302937477827,0.0,0.0,-0.0026973842643201354,trajectory,GOAL_DIRECT,3.650397539138794,14.993704763342635,2.022680018853862e-05
2625,81102.343,15.006295204162598,2.0321342162787914e-05,-0.9507911801338196,-1.1556634407608274e-07,-3.9925673434026976e-08,7.540375008829869e-07,0.0031889937818050385,0.0,0.0,-0.0027155604958534244,trajectory,GOAL_DIRECT,3.6497373580932617,14.993704763038158,2.0321342162787914e-05
2626,81102.437,15.006295204162598,2.0380337446113117e-05,-0.950543224811554,-1.1635075483676921e-07,-3.302290707551947e-08,7.586309038742911e-07,0.003175013465806842,0.0,0.0,-0.00272683983668685,trajectory,GOAL_DIRECT,3.6497373580932617,14.993704762847443,2.0380337446113117e-05
2627,81102.531,15.006295204162598,2.045114706561435e-05,-0.9502487182617188,-1.1728601382065932e-07,-2.4079314542291286e-08,7.641019124093873e-07,0.0031598981004208326,0.0,0.0,-0.0027403559349477294,trajectory,GOAL_DIRECT,3.6490814685821533,14.993704762617803,2.045114706561435e-05
2628,81102.64,15.006295204162598,2.0522464183159173e-05,-0.9499553442001343,-1.1822127280454371e-07,-1.4359772926297865e-08,7.695669523855031e-07,0.0031461676117032766,0.0,0.0,-0.0027539261989295485,trajectory,GOAL_DIRECT,3.648430824279785,14.993704762385715,2.0522464183159173e-05
2629,81102.734,15.006295204162598,2.058964491880033e-05,-0.950341522693634,-1.1909619249914004e-07,-4.321994762079839e-09,7.747990480311273e-07,-0.017817320302128792,0.0,0.0,-0.0010575382411479952,trajectory,GOAL_DIRECT,3.6477818489074707,14.993704762166347,2.058964491880033e-05
2630,81102.859,15.006295204162598,2.0666637283284217e-05,-0.9517272114753723,-1.200917836668679e-07,7.468919704933796e-09,7.80517325438268e-07,-0.003394946688786149,0.0,0.0,-0.0021420436911284923,trajectory,GOAL_DIRECT,3.647136926651001,14.993704761914058,2.0666637283284217e-05
2631,81102.953,15.006295204162598,2.0737119484692812e-05,-0.951706051826477,-1.209968730060943e-07,1.9042049714812492e-08,7.857545369915897e-07,0.002217561937868595,0.0,0.0,-0.0025921023637056353,trajectory,GOAL_DIRECT,3.6470494270324707,14.99370476168228,2.0737119484692812e-05
2632,81102.984,15.006295204162598,2.075835618597921e-05,-0.9516396522521973,-1.2126839980786116e-07,2.2671651223049594e-08,7.873320555518148e-07,0.0026592130307108164,0.0,0.0,-0.0026307544298470025,trajectory,GOAL_DIRECT,3.6502814292907715,14.993704761612287,2.075835618597921e-05
2633,81103.062,15.006295204162598,2.0812822185689583e-05,-0.9514372944831848,-1.219623016345965e-07,3.225369482606766e-08,7.913652666502458e-07,0.003100496716797352,0.0,0.0,-0.002676175013184548,trajectory,GOAL_DIRECT,3.6502814292907715,14.99370476143245,2.0812822185689583e-05
2634,81103.171,15.006295204162598,2.0889065126539208e-05,-0.9511327743530273,-1.229277302630926e-07,4.630290462159792e-08,7.96973893102404e-07,0.003204209031537175,0.0,0.0,-0.002699698004871607,trajectory,GOAL_DIRECT,3.650437831878662,14.993704761179922,2.0889065126539208e-05
2635,81103.25,15.006295204162598,2.095140916935634e-05,-0.9508832693099976,-1.2371214102374117e-07,5.8327945140490556e-08,8.015265962058038e-07,0.0032036465127021074,0.0,0.0,-0.002712128255516291,trajectory,GOAL_DIRECT,3.649874687194824,14.99370476097274,2.095140916935634e-05
2636,81103.359,15.006295204162598,2.1011688659200445e-05,-0.9506433606147766,-1.2446638213974562e-07,7.040541305514125e-08,8.059002425397921e-07,0.0031918934546411037,0.0,0.0,-0.002723183445632458,trajectory,GOAL_DIRECT,3.649226665496826,14.993704760771834,2.1011688659200445e-05
2637,81103.453,15.006295204162598,2.1082023522467352e-05,-0.9503664374351501,-1.2534130183430608e-07,8.504753878924021e-08,8.109685722956783e-07,0.0031767040491104126,0.0,0.0,-0.0027358144521713256,trajectory,GOAL_DIRECT,3.649226665496826,14.993704760536684,2.1082023522467352e-05
2638,81103.484,15.006295204162598,2.1108819055370986e-05,-0.9502615332603455,-1.2567316792534494e-07,9.077908913468491e-08,8.128896524794982e-07,0.0031711335759609938,0.0,0.0,-0.0027406140230596065,trajectory,GOAL_DIRECT,3.6485743522644043,14.99370476044689,2.1108819055370986e-05
2639,81103.578,15.006295204162598,2.1160147298360243e-05,-0.9500622749328613,-1.2630673046278079e-07,1.0199242694852728e-07,8.165550298144808e-07,0.003161038039252162,0.0,0.0,-0.002749769296497107,trajectory,GOAL_DIRECT,3.6485743522644043,14.993704760274571,2.1160147298360243e-05
2640,81103.671,15.006295204162598,2.123387275787536e-05,-0.949778139591217,-1.2721181980197026e-07,1.1862916693416992e-07,8.21786329652241e-07,0.003147633746266365,0.0,0.0,-0.0027629037201404574,trajectory,GOAL_DIRECT,3.6479239463806152,14.993704760026326,2.123387275787536e-05
2641,81103.765,15.006295204162598,2.1265968825900927e-05,-0.949671745300293,-1.2760402518228403e-07,1.2613548960871412e-07,8.240729698627547e-07,-0.000503651681356132,0.0,0.0,-0.002476120600476861,trajectory,GOAL_DIRECT,3.647275447845459,14.993704759917984,2.1265968825900927e-05
2642,81103.843,15.006295204162598,2.1372772607719526e-05,-0.9520610570907593,-1.2890131990177625e-07,1.522219434946237e-07,8.317121569234587e-07,-0.026633040979504585,0.0,0.0,-0.0002663038671016694,trajectory,GOAL_DIRECT,3.6466317176818848,14.993704759556284,2.1372772607719526e-05
2643,81103.89,15.006295204162598,2.139275056833867e-05,-0.9527103900909424,-1.2914502184972072e-07,1.5715893653123203e-07,8.331078333867481e-07,-0.02740502916276455,0.0,0.0,-0.00017207816243171694,trajectory,GOAL_DIRECT,3.6474368572235107,14.993704759488425,2.139275056833867e-05
2644,81103.968,15.006295204162598,2.1460415155161172e-05,-0.9538350701332092,-1.2998773971225682e-07,1.687240853698313e-07,8.376587175007444e-07,-0.0035149988252669573,0.0,0.0,-0.002027046587318182,trajectory,GOAL_DIRECT,3.6474368572235107,14.993704759258122,2.1460415155161172e-05
2645,81104.062,15.006295204162598,2.1533513063332066e-05,-0.953819215297699,-1.3086265937829728e-07,1.7355564807530754e-07,8.426593467447674e-07,0.002239084802567959,0.0,0.0,-0.002488166019320488,trajectory,GOAL_DIRECT,3.6524205207824707,14.993704759008507,2.1533513063332066e-05
2646,81104.187,15.006295204162598,2.161722477467265e-05,-0.953533411026001,-1.3185825761903219e-07,1.6988711593057815e-07,8.483759188493423e-07,0.0032131976913660765,0.0,0.0,-0.0025803852640092374,trajectory,GOAL_DIRECT,3.6547627449035645,14.993704758721606,2.161722477467265e-05
2647,81104.312,15.006295204162598,2.170662810385693e-05,-0.9531885385513306,-1.3291419514716362e-07,1.5527675145676767e-07,8.544369620722136e-07,0.003310470376163721,0.0,0.0,-0.0026054107025265697,trajectory,GOAL_DIRECT,3.654454469680786,14.993704758413969,2.170662810385693e-05
2648,81104.437,15.006295204162598,2.1806996301165782e-05,-0.9528020024299622,-1.3416818940510342e-07,1.3385827912770765e-07,8.611822295279126e-07,0.003289147512987256,0.0,0.0,-0.002623031679540873,trajectory,GOAL_DIRECT,3.6538145542144775,14.99370475806709,2.1806996301165782e-05
2649,81104.531,15.006295204162598,2.1876940081710927e-05,-0.9525364637374878,-1.3504607918406264e-07,1.2469534738102084e-07,8.658462320454419e-07,0.003267079358920455,0.0,0.0,-0.002634543161839247,trajectory,GOAL_DIRECT,3.6531403064727783,14.993704757824412,2.1876940081710927e-05
2650,81104.656,15.006295204162598,2.1960326193948276e-05,-0.9522241353988647,-1.3606778279414085e-07,1.1684936396250123e-07,8.713679449101619e-07,0.003242388367652893,0.0,0.0,-0.0026481842994689943,trajectory,GOAL_DIRECT,3.65246844291687,14.993704757534081,2.1960326193948276e-05
2651,81104.781,15.006295204162598,2.206794306403026e-05,-0.9518271088600159,-1.3739618505755375e-07,1.0702834174480813e-07,8.784330702837906e-07,0.003214120864868164,0.0,0.0,-0.00266577422618866,trajectory,GOAL_DIRECT,3.65246844291687,14.99370475715775,2.206794306403026e-05
2652,81104.89,15.006295204162598,2.2147234631120227e-05,-0.9515386819839478,-1.3836927334442697e-07,9.490418051427696e-08,8.835958738018235e-07,0.0031956653110682964,0.0,0.0,-0.0026787191256880762,trajectory,GOAL_DIRECT,3.651139736175537,14.993704756879294,2.2147234631120227e-05
2653,81104.984,15.006295204162598,2.2218995582079515e-05,-0.9512804746627808,-1.3936944750784876e-07,8.70728698032508e-08,8.882374231689028e-07,0.0031805401667952538,0.0,0.0,-0.002690419480204582,trajectory,GOAL_DIRECT,3.651139736175537,14.993704756626425,2.2218995582079515e-05
2654,81105.015,15.006295204162598,2.225635398644954e-05,-0.9511469602584839,-1.3989050270524756e-07,8.26902422090825e-08,8.90642297690647e-07,0.0031732446514070034,0.0,0.0,-0.002696511559188366,trajectory,GOAL_DIRECT,3.6504828929901123,14.993704756494457,2.225635398644954e-05
2655,81105.109,15.006295204162598,2.231526013929397e-05,-0.9509379267692566,-1.4070930372973472e-07,7.534568169376143e-08,8.944189175963402e-07,0.0031624739058315754,0.0,0.0,-0.0027061015740036964,trajectory,GOAL_DIRECT,3.6504828929901123,14.993704756285924,2.231526013929397e-05
2656,81105.218,15.006295204162598,2.240139110654127e-05,-0.950634777545929,-1.4190028703808708e-07,6.366435201243803e-08,8.999065244097437e-07,0.0031480665784329176,0.0,0.0,-0.0027201064489781857,trajectory,GOAL_DIRECT,3.6498301029205322,14.99370475598002,2.240139110654127e-05
2657,81105.328,15.006295204162598,2.2485330191557296e-05,-0.9503428339958191,-1.4305405211806182e-07,5.121975021893377e-08,9.052164955392072e-07,0.0031354993116110563,0.0,0.0,-0.00273369824513793,trajectory,GOAL_DIRECT,3.649182081222534,14.993704755680765,2.2485330191557296e-05
2658,81105.437,15.006295204162598,2.2572496163775213e-05,-0.9500423669815063,-1.4424503542643146e-07,3.7208994996262845e-08,9.106911988965294e-07,0.0031237720977514982,0.0,0.0,-0.0027477834187448025,trajectory,GOAL_DIRECT,3.6485371589660645,14.993704755368823,2.2572496163775213e-05
2659,81105.562,15.006295204162598,2.2679440007777885e-05,-0.9496774077415466,-1.4569654633351883e-07,1.8533675927301374e-08,9.173547255159065e-07,0.0031110073905438185,0.0,0.0,-0.002765010204166174,trajectory,GOAL_DIRECT,3.647895336151123,14.993704754984451,2.2679440007777885e-05
2660,81105.671,15.006295204162598,2.275947008456569e-05,-0.9500046372413635,-1.4675234178501175e-07,3.206624077378706e-09,9.224208383784571e-07,-0.017153093591332436,0.0,0.0,-0.001127520650625229,trajectory,GOAL_DIRECT,3.6472561359405518,14.993704754695624,2.275947008456569e-05
2661,81105.765,15.006295204162598,2.2837155484012328e-05,-0.9514186382293701,-1.4766274599998906e-07,-8.21079026991356e-09,9.271357157558668e-07,-0.007148595992475748,0.0,0.0,-0.0018571804091334343,trajectory,GOAL_DIRECT,3.646618604660034,14.993704754414285,2.2837155484012328e-05
2662,81105.781,15.006295204162598,2.2864995116833597e-05,-0.9515538811683655,-1.4798789036247156e-07,-1.1008676636947712e-08,9.288113460570457e-07,-0.002363847801461816,0.0,0.0,-0.002233198117464781,trajectory,GOAL_DIRECT,3.646296501159668,14.99370475431323,2.2864995116833597e-05
2663,81105.89,15.006295204162598,2.29348152060993e-05,-0.9515246748924255,-1.4880075126865612e-07,-1.5162717303951467e-08,9.330413490715728e-07,0.0020442798268049955,0.0,0.0,-0.002587308641523123,trajectory,GOAL_DIRECT,3.646296501159668,14.99370475405925,2.29348152060993e-05
2664,81105.984,15.006295204162598,2.3021833840175532e-05,-0.9512732625007629,-1.4980869879228199e-07,-1.453601328194054e-08,9.383070391777437e-07,0.0030515375547111034,0.0,0.0,-0.0026804598793387416,trajectory,GOAL_DIRECT,3.649693489074707,14.993704753741623,2.3021833840175532e-05
2665,81106.015,15.006295204162598,2.3058471924741752e-05,-0.9511522054672241,-1.502313864634658e-07,-1.2358762901953924e-08,9.405152354702295e-07,0.0031413885299116373,0.0,0.0,-0.002693700809031725,trajectory,GOAL_DIRECT,3.650096893310547,14.99370475360753,2.3058471924741752e-05
2666,81106.093,15.006295204162598,2.3115006115403958e-05,-0.9509621262550354,-1.5088167518834754e-07,-6.799049323547024e-09,9.439108907827176e-07,0.003185409354045987,0.0,0.0,-0.0027067264355719093,trajectory,GOAL_DIRECT,3.650096893310547,14.9937047534002,2.3115006115403958e-05
2667,81106.218,15.006295204162598,2.3211579900817014e-05,-0.9506367444992065,-1.5198716602060113e-07,8.800213890935993e-09,9.496781103734975e-07,0.003185771871358156,0.0,0.0,-0.0027230245247483256,trajectory,GOAL_DIRECT,3.649566650390625,14.993704753044858,2.3211579900817014e-05
2668,81106.328,15.006295204162598,2.330874303879682e-05,-0.9503124952316284,-1.5309265685279749e-07,3.214057286982097e-08,9.554379403198254e-07,0.0031703198328614235,0.0,0.0,-0.002738000825047493,trajectory,GOAL_DIRECT,3.6489269733428955,14.993704752685852,2.330874303879682e-05
2669,81106.453,15.006295204162598,2.3394963136524893e-05,-0.9500280022621155,-1.5406808993998198e-07,5.9163422605479354e-08,9.60514284997771e-07,0.0031563197262585163,0.0,0.0,-0.0027511054649949074,trajectory,GOAL_DIRECT,3.6482760906219482,14.993704752366023,2.3394963136524893e-05
2670,81106.531,15.006295204162598,2.3484537450713105e-05,-0.9497351050376892,-1.5489983705238087e-07,9.07261679117255e-08,9.65753429227334e-07,0.003142965491861105,0.0,0.0,-0.002764681987464428,trajectory,GOAL_DIRECT,3.647625207901001,14.993704752032501,2.3484537450713105e-05
2671,81106.64,15.006295204162598,2.3507733203587122e-05,-0.9496597647666931,-1.5510356386311592e-07,9.84702950290739e-08,9.67106416283059e-07,0.0028032760601490736,0.0,0.0,-0.0027412738464772705,trajectory,GOAL_DIRECT,3.646982192993164,14.993704751945927,2.3507733203587122e-05
2672,81106.765,15.006295204162598,2.3676886485191062e-05,-0.9530174136161804,-1.56580583240989e-07,1.4950349225273385e-07,9.770636779649067e-07,-0.027666114270687103,0.0,0.0,-0.00013584017753601099,trajectory,GOAL_DIRECT,3.6463403701782227,14.993704751312002,2.3676886485191062e-05
2673,81106.89,15.006295204162598,2.3773887733113952e-05,-0.9549481272697449,-1.5742095633533062e-07,1.7279221253829746e-07,9.824937023950042e-07,-0.005563859362155199,0.0,0.0,-0.0018074848875403405,trajectory,GOAL_DIRECT,3.649083137512207,14.993704750946426,2.3773887733113952e-05
2674,81106.984,15.006295204162598,2.385957668593619e-05,-0.9550121426582336,-1.5815946602431827e-07,1.9075933721524052e-07,9.873281214822782e-07,0.0019506289390847087,0.0,0.0,-0.0024054431822150947,trajectory,GOAL_DIRECT,3.6545422077178955,14.993704750622241,2.385957668593619e-05
2675,81107.093,15.006295204162598,2.3898126528365538e-05,-0.9549179077148438,-1.5849052209180177e-07,1.9801959183496365e-07,9.895080665955902e-07,0.0027706725522875786,0.0,0.0,-0.0024757584184408187,trajectory,GOAL_DIRECT,3.6545422077178955,14.993704750476015,2.3898126528365538e-05
2676,81107.218,15.006295204162598,2.405916529824026e-05,-0.9543961882591248,-1.598704102636897e-07,2.220450738832369e-07,9.985675433199503e-07,0.003359029535204172,0.0,0.0,-0.002548912949860096,trajectory,GOAL_DIRECT,3.6570935249328613,14.993704749862617,2.405916529824026e-05
2677,81107.312,15.006295204162598,2.414324444544036e-05,-0.9541141986846924,-1.6062816141331582e-07,2.2025443513484788e-07,1.0032595127995592e-06,0.003347014309838414,0.0,0.0,-0.002562051210552454,trajectory,GOAL_DIRECT,3.6567981243133545,14.993704749540722,2.414324444544036e-05
2678,81107.421,15.006295204162598,2.4182414563256316e-05,-0.9539840221405029,-1.6102036678622599e-07,2.1649584880378825e-07,1.0054365020550904e-06,0.0033354326151311398,0.0,0.0,-0.0025676335021853447,trajectory,GOAL_DIRECT,3.6561508178710938,14.993704749390377,2.4182414563256316e-05
2679,81107.531,15.006295204162598,2.4339944502571598e-05,-0.9534673690795898,-1.625891882779303e-07,1.9287385555344372e-07,1.0141326356460922e-06,0.0032870611175894737,0.0,0.0,-0.0025895964354276657,trajectory,GOAL_DIRECT,3.655465602874756,14.993704748783275,2.4339944502571598e-05
2680,81107.656,15.006295204162598,2.4443679649266414e-05,-0.9531337022781372,-1.6361495617640732e-07,1.6999969432163198e-07,1.019809246827208e-06,0.0032585635781288147,0.0,0.0,-0.002603999972343445,trajectory,GOAL_DIRECT,3.6547839641571045,14.993704748381338,2.4443679649266414e-05
2681,81107.781,15.006295204162598,2.454491550452076e-05,-0.9528123140335083,-1.645988305066984e-07,1.4436469086831494e-07,1.0253116897729342e-06,0.003233768977224827,0.0,0.0,-0.0026180858165025713,trajectory,GOAL_DIRECT,3.654108762741089,14.993704747987438,2.454491550452076e-05
2682,81107.875,15.006295204162598,2.4637420210638084e-05,-0.9525222182273865,-1.6536296237741995e-07,1.256100148339101e-07,1.030307885230286e-06,0.003213353920727968,0.0,0.0,-0.0026309574022889137,trajectory,GOAL_DIRECT,3.65343976020813,14.993704747626087,2.4637420210638084e-05
2683,81107.968,15.006295204162598,2.4730374207138084e-05,-0.9522339105606079,-1.6605190462922275e-07,1.0888255985719297e-07,1.0352985100325895e-06,0.003194948425516486,0.0,0.0,-0.0026439003460109237,trajectory,GOAL_DIRECT,3.6527762413024902,14.99370474726161,2.4730374207138084e-05
2684,81108.078,15.006295204162598,2.483002026565373e-05,-0.9519280791282654,-1.668129243407815e-07,9.905046738367673e-08,1.040615416059154e-06,0.003177243983373046,0.0,0.0,-0.002657775562256575,trajectory,GOAL_DIRECT,3.6521191596984863,14.993704746869371,2.483002026565373e-05
2685,81108.171,15.006295204162598,2.4923901946749538e-05,-0.9516428112983704,-1.676476699265323e-07,8.926619443627715e-08,1.0455937626829837e-06,0.0031623677350580692,0.0,0.0,-0.0026708488538861276,trajectory,GOAL_DIRECT,3.6514649391174316,14.993704746498379,2.4923901946749538e-05
2686,81108.203,15.006295204162598,2.494901309546549e-05,-0.9515669941902161,-1.6787026874940713e-07,8.558632913491238e-08,1.0469206017660326e-06,0.003158642677590251,0.0,0.0,-0.002674341704696417,trajectory,GOAL_DIRECT,3.6508140563964844,14.99370474639891,2.494901309546549e-05
2687,81108.312,15.006295204162598,2.50434604822658e-05,-0.9512831568717957,-1.6857563875557602e-07,7.339737351230724e-08,1.0518917861190857e-06,0.0031454572454094887,0.0,0.0,-0.0026874787360429767,trajectory,GOAL_DIRECT,3.6508140563964844,14.993704746023893,2.50434604822658e-05
2688,81108.421,15.006295204162598,2.514786865503993e-05,-0.9509723782539368,-1.6934566813569092e-07,6.77489850886559e-08,1.0573534154900699e-06,0.003132377751171589,0.0,0.0,-0.0027019713073968893,trajectory,GOAL_DIRECT,3.65016770362854,14.993704745607674,2.514786865503993e-05
2689,81108.515,15.006295204162598,2.5236880901502445e-05,-0.9507098197937012,-1.700094713610442e-07,6.00937113404143e-08,1.0619821750879055e-06,0.0031223308760672808,0.0,0.0,-0.0027142954804003244,trajectory,GOAL_DIRECT,3.6495256423950195,14.993704745251465,2.5236880901502445e-05
2690,81108.546,15.006295204162598,2.526557545934338e-05,-0.9506255984306335,-1.7021756090565675e-07,5.723834206605716e-08,1.063468857864791e-06,0.0031192938331514597,0.0,0.0,-0.0027182635851204394,trajectory,GOAL_DIRECT,3.6488850116729736,14.993704745136368,2.526557545934338e-05
2691,81108.64,15.006295204162598,2.534228769945912e-05,-0.9504010081291199,-1.7071619138675877e-07,5.103779088244664e-08,1.0674310715330648e-06,0.0031115817837417126,0.0,0.0,-0.0027288761362433433,trajectory,GOAL_DIRECT,3.6488850116729736,14.99370474482802,2.534228769945912e-05
2692,81108.734,15.006295204162598,2.543536356824916e-05,-0.9501309394836426,-1.713187032180635e-07,4.718300417039245e-08,1.0722135357355e-06,0.0031030625104904175,0.0,0.0,-0.002741698026657105,trajectory,GOAL_DIRECT,3.6482479572296143,14.993704744452645,2.543536356824916e-05
2693,81108.75,15.006295204162598,2.5467556042713113e-05,-0.950037956237793,-1.7152646591850658e-07,4.677675846664897e-08,1.0738614264482749e-06,0.003100344445556402,0.0,0.0,-0.002746129743754864,trajectory,GOAL_DIRECT,3.6476123332977295,14.993704744322493,2.5467556042713113e-05
2694,81108.859,15.006295204162598,2.5551487851771526e-05,-0.949796199798584,-1.7206664893964218e-07,4.79357034066652e-08,1.0781429864437087e-06,0.003093703417107463,0.0,0.0,-0.002757686283439398,trajectory,GOAL_DIRECT,3.6476123332977295,14.993704743982384,2.5551487851771526e-05
2695,81108.968,15.006295204162598,2.5651997930253856e-05,-0.9503652453422546,-1.7271071331096526e-07,5.364939426044657e-08,1.0833698524947977e-06,-0.019713563844561577,0.0,0.0,-0.000904652625322342,trajectory,GOAL_DIRECT,3.646979570388794,14.993704743573627,2.5651997930253856e-05
2696,81109.078,15.006295204162598,2.5756253307918087e-05,-0.952023446559906,-1.733755539522957e-07,6.398555285613838e-08,1.0885495385082322e-06,-0.005841976497322321,0.0,0.0,-0.0019314695522189142,trajectory,GOAL_DIRECT,3.646979570388794,14.993704743147942,2.5756253307918087e-05
2697,81109.187,15.006295204162598,2.5861005269689485e-05,-0.9520912766456604,-1.7404039459359035e-07,7.92250247627635e-08,1.0937561683022068e-06,0.0019936731550842524,0.0,0.0,-0.0025549300201237204,trajectory,GOAL_DIRECT,3.6464061737060547,14.993704742718492,2.5861005269689485e-05
2698,81109.281,15.006295204162598,2.5962961444747634e-05,-0.951841413974762,-1.746961829158649e-07,9.866009520465013e-08,1.0988304666170734e-06,0.0030545315239578485,0.0,0.0,-0.00265229182317853,trajectory,GOAL_DIRECT,3.6498796939849854,14.99370474229883,2.5962961444747634e-05
2699,81109.39,15.006295204162598,2.6065390557050705e-05,-0.9515485763549805,-1.7541293576867508e-07,1.1519406939441978e-07,1.103903969124076e-06,0.003193536074832082,0.0,0.0,-0.0026780540682375432,trajectory,GOAL_DIRECT,3.6512856483459473,14.993704741875556,2.6065390557050705e-05
2700,81109.421,15.006295204162598,2.6091900508617982e-05,-0.9514718055725098,-1.7559790424683006e-07,1.1805644106743785e-07,1.1052126183130895e-06,0.003199145197868347,0.0,0.0,-0.0026823413372039796,trajectory,GOAL_DIRECT,3.650876760482788,14.993704741765736,2.6091900508617982e-05
2701,81109.515,15.006295204162598,2.6181603971053846e-05,-0.9512127041816711,-1.762221728606346e-07,1.2346133360097156e-07,1.1096256002929294e-06,0.003196136560291052,0.0,0.0,-0.002695055715739727,trajectory,GOAL_DIRECT,3.650876760482788,14.993704741393305,2.6181603971053846e-05
2702,81109.609,15.006295204162598,2.6271663955412805e-05,-0.950954258441925,-1.7684644147448767e-07,1.2230002255364525e-07,1.114034262172936e-06,0.003183328779414296,0.0,0.0,-0.0027069533802568913,trajectory,GOAL_DIRECT,3.6502480506896973,14.993704741018107,2.6271663955412805e-05
2703,81109.64,15.006295204162598,2.6301764592062682e-05,-0.9508684277534485,-1.7705453101244952e-07,1.204537483090462e-07,1.1155025276821107e-06,0.0031787711195647717,0.0,0.0,-0.0027108803018927575,trajectory,GOAL_DIRECT,3.6495959758758545,14.993704740892417,2.6301764592062682e-05
2704,81109.734,15.006295204162598,2.638894147821702e-05,-0.9506208300590515,-1.7765567856659176e-07,1.1102176955546383e-07,1.1197421372344252e-06,0.0031658546067774296,0.0,0.0,-0.0027222268655896185,trajectory,GOAL_DIRECT,3.6495959758758545,14.993704740527585,2.638894147821702e-05
2705,81109.843,15.006295204162598,2.6496687496546656e-05,-0.9503175616264343,-1.7838851815729417e-07,9.883655849307615e-08,1.1249537692492595e-06,0.003151178592815995,0.0,0.0,-0.0027362162061035636,trajectory,GOAL_DIRECT,3.648944854736328,14.993704740075007,2.6496687496546656e-05
2706,81109.953,15.006295204162598,2.660832615219988e-05,-0.9500064849853516,-1.7921482250703662e-07,9.069558615237838e-08,1.1303213796054479e-06,0.003137533785775304,0.0,0.0,-0.0027506784535944466,trajectory,GOAL_DIRECT,3.6482961177825928,14.99370473960413,2.660832615219988e-05
2707,81110.109,15.006295204162598,2.6744357455754653e-05,-0.949630856513977,-1.8023345655401668e-07,7.377541066944104e-08,1.1368184686944005e-06,0.0031228268053382635,0.0,0.0,-0.0027682833187282086,trajectory,GOAL_DIRECT,3.647651433944702,14.993704739027693,2.6744357455754653e-05
2708,81110.203,15.006295204162598,2.685717299755197e-05,-0.9501111507415771,-1.810809066776888e-07,5.7174489143108076e-08,1.142293399425398e-06,-0.019109707325696945,0.0,0.0,-0.000965665876865387,trajectory,GOAL_DIRECT,3.6470108032226562,14.993704738547406,2.685717299755197e-05
2709,81110.296,15.006295204162598,2.6905197955784388e-05,-0.9510017037391663,-1.8143742860957576e-07,5.234489464100989e-08,1.1445573591117864e-06,-0.01826080121099949,0.0,0.0,-0.0009890507161617278,trajectory,GOAL_DIRECT,3.6463732719421387,14.993704738342336,2.6905197955784388e-05
2710,81110.421,15.006295204162598,2.7074020181316882e-05,-0.9515383243560791,-1.8268525537110366e-07,4.591223756733598e-08,1.1523750345077133e-06,0.0021836243104189634,0.0,0.0,-0.0025977737270295623,trajectory,GOAL_DIRECT,3.6466968059539795,14.993704737618545,2.7074020181316882e-05
2711,81110.531,15.006295204162598,2.7191845219931565e-05,-0.9512527585029602,-1.8355109434842051e-07,5.079507658933835e-08,1.1578632665987243e-06,0.0031061279587447643,0.0,0.0,-0.002685852311551571,trajectory,GOAL_DIRECT,3.6499946117401123,14.993704737110713,2.7191845219931565e-05
2712,81110.656,15.006295204162598,2.731023050728254e-05,-0.9509291052818298,-1.8441929232701436e-07,6.34199679439007e-08,1.1633488838924677e-06,0.0031996313482522964,0.0,0.0,-0.002709515243768692,trajectory,GOAL_DIRECT,3.6500754356384277,14.993704736598245,2.731023050728254e-05
2713,81110.765,15.006295204162598,2.7429174224380404e-05,-0.9506028294563293,-1.852851312855946e-07,8.038306731350531e-08,1.1688276799759478e-06,0.0031930424738675356,0.0,0.0,-0.0027253019250929357,trajectory,GOAL_DIRECT,3.6495041847229004,14.993704736081117,2.7429174224380404e-05
2714,81110.875,15.006295204162598,2.753106673480943e-05,-0.9503257274627686,-1.8602364098555461e-07,9.559018820937126e-08,1.1734946383512579e-06,0.003178600687533617,0.0,0.0,-0.002738001681864262,trajectory,GOAL_DIRECT,3.6488571166992188,14.993704735636335,2.753106673480943e-05
2715,81111.0,15.006295204162598,2.7661657441058196e-05,-0.9499739408493042,-1.8696587749928946e-07,1.1597828120102349e-07,1.179441483145638e-06,0.0031605300027877092,0.0,0.0,-0.002754145357757807,trajectory,GOAL_DIRECT,3.648204803466797,14.993704735063869,2.7661657441058196e-05
2716,81111.078,15.006295204162598,2.775737266347278e-05,-0.9504415392875671,-1.876534554957935e-07,1.3197875148307503e-07,1.1838933460239787e-06,-0.01845795288681984,0.0,0.0,-0.001001286804676056,trajectory,GOAL_DIRECT,3.647555351257324,14.993704734642565,2.775737266347278e-05
2717,81111.125,15.006295204162598,2.7789359592134133e-05,-0.9510046243667603,-1.8788264816129388e-07,1.3738923598793917e-07,1.1853608157252893e-06,-0.022835562005639076,0.0,0.0,-0.0006229238212108613,trajectory,GOAL_DIRECT,3.646909236907959,14.993704734501446,2.7789359592134133e-05
2718,81111.203,15.006295204162598,2.7881977075594477e-05,-0.9519452452659607,-1.8854476030607004e-07,1.5272790676590375e-07,1.1894208000740036e-06,-0.003130411496385932,0.0,0.0,-0.002152304816991091,trajectory,GOAL_DIRECT,3.646909236907959,14.99370473409192,2.7881977075594477e-05
2719,81111.312,15.006295204162598,2.7989241061732173e-05,-0.9519122838973999,-1.8936063387030233e-07,1.6822168902308476e-07,1.194194624076772e-06,0.0022765821777284145,0.0,0.0,-0.002586512379348278,trajectory,GOAL_DIRECT,3.649007797241211,14.99370473361593,2.7989241061732173e-05
2720,81111.421,15.006295204162598,2.8096937967347912e-05,-0.9516586661338806,-1.901953794404185e-07,1.726524914147376e-07,1.198987774841953e-06,0.0031077126041054726,0.0,0.0,-0.002665683701634407,trajectory,GOAL_DIRECT,3.650974750518799,14.99370473313618,2.8096937967347912e-05
2721,81111.5,15.006295204162598,2.8140137146692723e-05,-0.951545238494873,-1.905292776684891e-07,1.7116836659170076e-07,1.2009045349259395e-06,0.0031818444840610027,0.0,0.0,-0.002677285633981228,trajectory,GOAL_DIRECT,3.650974750518799,14.993704732943225,2.8140137146692723e-05
2722,81111.625,15.006295204162598,2.831362326105591e-05,-0.9510824680328369,-1.918719049876176e-07,1.5110556716990686e-07,1.2085649814252974e-06,0.0032194224186241627,0.0,0.0,-0.0027034303918480876,trajectory,GOAL_DIRECT,3.6506388187408447,14.993704732165344,2.831362326105591e-05
2723,81111.765,15.006295204162598,2.8437176297302358e-05,-0.9507549405097961,-1.9281795001030202e-07,1.3556750388943328e-07,1.2139822729295702e-06,0.0032011971343308687,0.0,0.0,-0.0027183487452566626,trajectory,GOAL_DIRECT,3.6500134468078613,14.993704731608439,2.8437176297302358e-05
2724,81111.859,15.006295204162598,2.8564938475028612e-05,-0.9504198431968689,-1.9379181988658758e-07,1.2054744047418353e-07,1.2195512226753635e-06,0.003181573236361146,0.0,0.0,-0.0027335336990654473,trajectory,GOAL_DIRECT,3.6493585109710693,14.993704731030011,2.8564938475028612e-05
2725,81111.968,15.006295204162598,2.8608877983060665e-05,-0.9503054022789001,-1.9412571812988378e-07,1.1562540436216295e-07,1.221458546751819e-06,0.0031752861104905605,0.0,0.0,-0.002738752774894238,trajectory,GOAL_DIRECT,3.648702383041382,14.993704730830482,2.8608877983060665e-05
2726,81112.078,15.006295204162598,2.8785319955204614e-05,-0.9498497247695923,-1.9546131110306006e-07,9.710004889029733e-08,1.2290795439184876e-06,0.003152429824694991,0.0,0.0,-0.0027597081474959855,trajectory,GOAL_DIRECT,3.6480493545532227,14.993704730026169,2.8785319955204614e-05
2727,81112.218,15.006295204162598,2.892949487431906e-05,-0.9509314298629761,-1.9654648039375567e-07,8.310492205509945e-08,1.2354026921457262e-06,-0.023195117712020874,0.0,0.0,-0.0005978190898895267,trajectory,GOAL_DIRECT,3.6474008560180664,14.993704729365273,2.892949487431906e-05
2728,81112.328,15.006295204162598,2.9059503503958695e-05,-0.9526360630989075,-1.9752035027001318e-07,7.208265628833033e-08,1.2408364682414685e-06,-0.0036379529628902674,0.0,0.0,-0.002077160608023405,trajectory,GOAL_DIRECT,3.646756887435913,14.993704728766485,2.9059503503958695e-05
2729,81112.437,15.006295204162598,2.9171393180149607e-05,-0.9526217579841614,-1.9835509587822812e-07,6.330122204190047e-08,1.2455458318072488e-06,0.002232370665296912,0.0,0.0,-0.0025475017540156843,trajectory,GOAL_DIRECT,3.6478278636932373,14.993704728248998,2.9171393180149607e-05
2730,81112.546,15.006295204162598,2.9287457437021658e-05,-0.9523587226867676,-1.9921766634004456e-07,5.4937505211682947e-08,1.250433683708252e-06,0.003142582718282938,0.0,0.0,-0.002633470483124256,trajectory,GOAL_DIRECT,3.651949405670166,14.993704727710103,2.9287457437021658e-05
2731,81112.656,15.006295204162598,2.941151069535408e-05,-0.9520397186279297,-2.0013588650906868e-07,4.6878778192649406e-08,1.2556354249682045e-06,0.0032552070915699005,0.0,0.0,-0.002658430635929108,trajectory,GOAL_DIRECT,3.6523048877716064,14.993704727131748,2.941151069535408e-05
2732,81112.781,15.006295204162598,2.955499803647399e-05,-0.9516686797142029,-2.0119323094611868e-07,3.868708020604572e-08,1.2616173989954405e-06,0.003244183026254177,0.0,0.0,-0.0026761006563901903,trajectory,GOAL_DIRECT,3.6517555713653564,14.99370472645974,2.955499803647399e-05
2733,81112.89,15.006295204162598,2.9676357371499762e-05,-0.9513582587242126,-2.020836262615225e-07,3.269307313757963e-08,1.266647586817271e-06,0.003223177744075656,0.0,0.0,-0.00268994128331542,trajectory,GOAL_DIRECT,3.65109920501709,14.993704725888813,2.9676357371499762e-05
2734,81113.031,15.006295204162598,2.979438431793824e-05,-0.9510594010353088,-2.0294619672331414e-07,2.7674861513560245e-08,1.271514292966458e-06,0.0032034865580499172,0.0,0.0,-0.0027033088728785517,trajectory,GOAL_DIRECT,3.650435209274292,14.99370472533132,2.979438431793824e-05
2735,81113.14,15.006295204162598,2.9947344955871813e-05,-0.950676441192627,-2.0405919086755294e-07,2.2346354100477583e-08,1.2777849178746692e-06,0.0031806176993995905,0.0,0.0,-0.00272062735632062,trajectory,GOAL_DIRECT,3.6497750282287598,14.993704724605527,2.9947344955871813e-05
2736,81113.25,15.006295204162598,3.0074104870436713e-05,-0.9503623247146606,-2.0497741103654275e-07,1.8922921896091793e-08,1.2829503930333885e-06,0.0031639705412089825,0.0,0.0,-0.0027350014075636867,trajectory,GOAL_DIRECT,3.6491191387176514,14.993704724001239,3.0074104870436713e-05
2737,81113.359,15.006295204162598,3.0189783501555212e-05,-0.950078010559082,-2.0581215664470965e-07,1.657375747754486e-08,1.2876403161499184e-06,0.0031503012869507074,0.0,0.0,-0.0027481235750019552,trajectory,GOAL_DIRECT,3.648467779159546,14.993704723447552,3.0189783501555212e-05
2738,81113.484,15.006295204162598,3.03291562886443e-05,-0.9497388005256653,-2.0681385137450286e-07,1.4714016671746322e-08,1.2932605386595242e-06,0.0031355738174170256,0.0,0.0,-0.0027639058791100977,trajectory,GOAL_DIRECT,3.647819995880127,14.993704722777629,3.03291562886443e-05
2739,81113.578,15.006295204162598,3.0449658879661e-05,-0.9501707553863525,-2.07676421836263e-07,1.3935611775650614e-08,1.298208189837169e-06,-0.01848224550485611,0.0,0.0,-0.0010128825902938844,trajectory,GOAL_DIRECT,3.6471753120422363,14.993704722195922,3.0449658879661e-05
2740,81113.671,15.006295204162598,3.048083272005897e-05,-0.9506663680076599,-2.0789902066510345e-07,1.3863516556966715e-08,1.2994738654015237e-06,-0.022148549556732178,0.0,0.0,-0.0006947976350784304,trajectory,GOAL_DIRECT,3.6471753120422363,14.99370472204506,3.048083272005897e-05
2741,81113.781,15.006295204162598,3.0695937311975285e-05,-0.9514757394790649,-2.0942938761337085e-07,1.4768692935263061e-08,1.3079013569949893e-06,0.002271628472954035,0.0,0.0,-0.002607943303883076,trajectory,GOAL_DIRECT,3.647341012954712,14.99370472099988,3.0695937311975285e-05
2742,81113.906,15.006295204162598,3.082961848122068e-05,-0.9511865377426147,-2.103754326359271e-07,1.6552350601273247e-08,1.3131771083862986e-06,0.0031157599296420813,0.0,0.0,-0.0026899339072406292,trajectory,GOAL_DIRECT,3.650041103363037,14.993704720346628,3.082961848122068e-05
2743,81114.015,15.006295204162598,3.0951970984460786e-05,-0.950891375541687,-2.1123800309766357e-07,1.8993162598235358e-08,1.3179842426325195e-06,0.00319860246963799,0.0,0.0,-0.0027113194204866887,trajectory,GOAL_DIRECT,3.6498794555664062,14.993704719746248,3.0951970984460786e-05
2744,81114.125,15.006295204162598,3.10787363559939e-05,-0.9505842924118042,-2.1212839841299844e-07,2.2326840820596772e-08,1.322940534009831e-06,0.0031943265348672867,0.0,0.0,-0.002726331502199173,trajectory,GOAL_DIRECT,3.6492791175842285,14.993704719121704,3.10787363559939e-05
2745,81114.234,15.006295204162598,3.1205978302750736e-05,-0.9502784013748169,-2.1301879372832718e-07,2.648739005906009e-08,1.327890117863717e-06,0.0031786421313881874,0.0,0.0,-0.0027403713017702105,trajectory,GOAL_DIRECT,3.6486284732818604,14.993704718492246,3.1205978302750736e-05
2746,81114.343,15.006295204162598,3.132969868602231e-05,-0.9499834775924683,-2.1388136419004606e-07,3.130639925075229e-08,1.332678834842227e-06,0.0031633779872208834,0.0,0.0,-0.0027538963593542578,trajectory,GOAL_DIRECT,3.6479785442352295,14.993704717877742,3.132969868602231e-05
2747,81114.453,15.006295204162598,3.145787923131138e-05,-0.9503397941589355,-2.1477175950536276e-07,3.722675501194317e-08,1.3377255072555272e-06,-0.017802927643060684,0.0,0.0,-0.0010587760806083678,trajectory,GOAL_DIRECT,3.6479785442352295,14.993704717238522,3.145787923131138e-05
2748,81114.484,15.006295204162598,3.150204793200828e-05,-0.9509972929954529,-2.1507783289500147e-07,3.940927228995861e-08,1.339422851742711e-06,-0.018162926658988,0.0,0.0,-0.0009971012175083163,trajectory,GOAL_DIRECT,3.6473300457000732,14.993704717017655,3.150204793200828e-05
2749,81114.562,15.006295204162598,3.158250547130592e-05,-0.9515611529350281,-2.1563432996707e-07,4.351798565949139e-08,1.342425207440101e-06,-0.0032029361464083195,0.0,0.0,-0.002165707461535931,trajectory,GOAL_DIRECT,3.6473300457000732,14.993704716614525,3.158250547130592e-05
2750,81114.671,15.006295204162598,3.169544288539328e-05,-0.9515450596809387,-2.164134258679619e-07,4.9920792832836014e-08,1.346705857940833e-06,0.0021163499914109707,0.0,0.0,-0.002592055015265942,trajectory,GOAL_DIRECT,3.6466991901397705,14.993704716046922,3.169544288539328e-05
2751,81114.796,15.006295204162598,3.185336390743032e-05,-0.9512149095535278,-2.174985951584821e-07,5.994233731598797e-08,1.352693971057306e-06,0.003140118671581149,0.0,0.0,-0.0026904640160501005,trajectory,GOAL_DIRECT,3.6495368480682373,14.99370471524984,3.185336390743032e-05
2752,81114.89,15.006295204162598,3.195903263986111e-05,-0.9509666562080383,-2.1822204135215723e-07,6.731086443778622e-08,1.356683469566633e-06,0.003205413930118084,0.0,0.0,-0.0027081003040075303,trajectory,GOAL_DIRECT,3.6501777172088623,14.993704714714283,3.195903263986111e-05
2753,81114.921,15.006295204162598,3.201197978341952e-05,-0.9508419036865234,-2.1858376444899328e-07,7.120008405081535e-08,1.3586769682660815e-06,0.0032083531841635704,0.0,0.0,-0.002714573070406914,trajectory,GOAL_DIRECT,3.6496729850769043,14.993704714445267,3.201197978341952e-05
2754,81115.0,15.006295204162598,3.2085426937555894e-05,-0.9506691694259644,-2.1908461181384148e-07,7.681055080865917e-08,1.3614352383228834e-06,0.003203225089237094,0.0,0.0,-0.00272279953584075,trajectory,GOAL_DIRECT,3.6496729850769043,14.993704714071354,3.2085426937555894e-05
2755,81115.093,15.006295204162598,3.221636507078074e-05,-0.9503622651100159,-2.1997500712912245e-07,8.743072754668901e-08,1.3663337767866324e-06,0.0031871029641479254,0.0,0.0,-0.0027368549816310407,trajectory,GOAL_DIRECT,3.649031639099121,14.993704713402634,3.221636507078074e-05
2756,81115.125,15.006295204162598,3.224917236366309e-05,-0.9502859711647034,-2.2019760595794174e-07,9.021496794048289e-08,1.3675571608473547e-06,0.0031828449573367834,0.0,0.0,-0.002740329038351774,trajectory,GOAL_DIRECT,3.648379325866699,14.993704713234656,3.224917236366309e-05
2757,81115.218,15.006295204162598,3.235599797335453e-05,-0.9500380158424377,-2.2092105215160177e-07,9.962064240198742e-08,1.3715310842599138e-06,0.0031695126090198755,0.0,0.0,-0.002751660216599703,trajectory,GOAL_DIRECT,3.648379325866699,14.99370471268651,3.235599797335453e-05
2758,81115.328,15.006295204162598,3.249615474487655e-05,-0.9497157335281372,-2.218670971740742e-07,1.1274393330040766e-07,1.376721115775581e-06,0.003153615863993764,0.0,0.0,-0.002766502592712641,trajectory,GOAL_DIRECT,3.6477267742156982,14.993704711964583,3.249615474487655e-05
2759,81115.453,15.006295204162598,3.263685721321963e-05,-0.9506122469902039,-2.228131421965397e-07,1.2715548791675246e-07,1.3820342701365007e-06,-0.022069230675697327,0.0,0.0,-0.0007038491964340213,trajectory,GOAL_DIRECT,3.6470789909362793,14.993704711236708,3.263685721321963e-05
2760,81115.546,15.006295204162598,3.275312701589428e-05,-0.9518314003944397,-2.2359223809738848e-07,1.3916381647050002e-07,1.3862043033441296e-06,-0.004126674961298704,0.0,0.0,-0.0020782959833741186,trajectory,GOAL_DIRECT,3.6464340686798096,14.993704710632853,3.275312701589428e-05
2761,81115.562,15.006295204162598,3.2778087188489735e-05,-0.9518836736679077,-2.2375918721899833e-07,1.4184161045704968e-07,1.387105044159398e-06,-0.001829697866924107,0.0,0.0,-0.0022594404872506857,trajectory,GOAL_DIRECT,3.648226737976074,14.993704710502941,3.2778087188489735e-05
2762,81115.656,15.006295204162598,3.2894782634684816e-05,-0.9518118500709534,-2.2453828311984141e-07,1.548208814483587e-07,1.3913397651776904e-06,0.0023781126365065575,0.0,0.0,-0.002599656507372856,trajectory,GOAL_DIRECT,3.648226737976074,14.993704709894253,3.2894782634684816e-05
2763,81115.75,15.006295204162598,3.30118382407818e-05,-0.9515727758407593,-2.2537365398436177e-07,1.6579673456362798e-07,1.3955865370007814e-06,0.0031087477691471577,0.0,0.0,0.0,trajectory_no_feasible,GOAL_DIRECT,3.6507697105407715,14.993704709281515,3.30118382407818e-05
2764,81115.859,15.006295204162598,3.3062111469917e-05,-0.9514592885971069,-2.2573568970960568e-07,1.6838959027154488e-07,1.397406435899029e-06,0.0031845306511968374,0.0,0.0,-0.0026817980222404005,trajectory,GOAL_DIRECT,3.6505348682403564,14.993704709017686,3.3062111469917e-05
2765,81115.984,15.006295204162598,3.328072853037156e-05,-0.950957715511322,-2.2730451118577347e-07,1.6463987151382753e-07,1.4052842516321107e-06,0.00322121474891901,0.0,0.0,-0.0027098114043474196,trajectory,GOAL_DIRECT,3.6505348682403564,14.99370470786574,3.328072853037156e-05
2766,81116.093,15.006295204162598,3.341164119774476e-05,-0.9506588578224182,-2.2823977014280538e-07,1.5081667470440152e-07,1.4099728105065878e-06,0.0032039417419582605,0.0,0.0,-0.0027233724482357505,trajectory,GOAL_DIRECT,3.649920701980591,14.993704707172295,3.341164119774476e-05
2767,81116.187,15.006295204162598,3.353874490130693e-05,-0.9503712058067322,-2.2921288685187344e-07,1.327644127968597e-07,1.4145039131108206e-06,0.0031867448706179857,0.0,0.0,-0.00273637929931283,trajectory,GOAL_DIRECT,3.6492652893066406,14.993704706496422,3.353874490130693e-05
2768,81116.218,15.006295204162598,3.357695823069662e-05,-0.9502853751182556,-2.295031719877777e-07,1.2884370903520903e-07,1.4158621297610807e-06,0.003181848442181945,0.0,0.0,-0.002740279119461775,trajectory,GOAL_DIRECT,3.6486079692840576,14.993704706292721,3.357695823069662e-05
2769,81116.312,15.006295204162598,3.3687556424411014e-05,-0.9500374794006348,-2.3028758273932693e-07,1.1756890216929605e-07,1.4197830751072615e-06,0.0031684874556958675,0.0,0.0,-0.0027516050264239315,trajectory,GOAL_DIRECT,3.6486079692840576,14.993704705701855,3.3687556424411014e-05
2770,81116.453,15.006295204162598,3.38540157827083e-05,-0.9496678709983826,-2.3146419886668003e-07,9.67055768796854e-08,1.4256564782044734e-06,0.0031504651997238398,0.0,0.0,-0.0027686436660587788,trajectory,GOAL_DIRECT,3.6479485034942627,14.993704704808893,3.38540157827083e-05
2771,81116.531,15.006295204162598,3.396966349100694e-05,-0.9498386979103088,-2.3227877926256037e-07,7.908477783757917e-08,1.4298080941443914e-06,-0.014752103947103024,0.0,0.0,-0.0013278967887163165,trajectory,GOAL_DIRECT,3.6473002433776855,14.993704704185916,3.396966349100694e-05
2772,81116.64,15.006295204162598,3.400828791200183e-05,-0.9503252506256104,-2.3255499564954972e-07,7.290852721553165e-08,1.4311908671515994e-06,-0.020718488842248917,0.0,0.0,-0.0008262583613395692,trajectory,GOAL_DIRECT,3.6466543674468994,14.993704703977379,3.400828791200183e-05
2773,81116.734,15.006295204162598,3.421921792323701e-05,-0.9533810019493103,-2.3403330826153852e-07,4.9490434861354515e-08,1.4384696669367258e-06,-0.005963588133454323,0.0,0.0,-0.0018538628518581389,trajectory,GOAL_DIRECT,3.646103858947754,14.993704702834364,3.421921792323701e-05
