frame,time_s,x,y,z,yaw,vx,vy,vz,cmd_vx,cmd_vy,command_source,family,min_distance_m,goal_progress_m,lateral_deviation_m
1,116757.578,0.0,0.0,-0.9810771942138672,0.0,0.0,0.0,0.13066749274730682,0.0,0.0,trajectory_no_feasible,STRAIGHT,3.6701552867889404,0.0,0.0
2,116757.703,0.0,0.0,-0.9755894541740417,0.0,0.0,0.0,0.1210281103849411,0.15,0.0,trajectory,STRAIGHT,3.7238025665283203,0.0,0.0
3,116757.812,7.00243836035952e-05,1.5508171647766111e-15,-0.9605787396430969,1.432403572852266e-10,0.002797267399728298,9.805645743076949e-14,0.07996479421854019,0.14977621860802173,-1.429897776852024e-11,trajectory,STRAIGHT,3.7067744731903076,7.00243836035952e-05,1.5508171647766111e-15
4,116757.921,0.0006673068855889142,6.352617677772912e-14,-0.9538007974624634,6.645635190567058e-10,0.01111932285130024,1.7703662971366163e-12,0.07108341157436371,0.14911045417189597,-5.164929009485409e-11,trajectory,STRAIGHT,3.683668851852417,0.0006673068855889142,6.352617677772912e-14
5,116758.015,0.0018323769327253103,3.395065261910246e-13,-0.9486985802650452,1.084923911416826e-09,0.020146017894148827,6.104998884898238e-12,0.06513447314500809,0.1483883185684681,-9.275079733011013e-11,trajectory,STRAIGHT,3.614248514175415,0.0018323769327253103,3.395065261910246e-13
6,116758.046,0.0026409609708935022,6.142089874899836e-13,-0.9464002251625061,1.256356181774273e-09,0.024796029552817345,9.27074042533782e-12,0.06257746368646622,0.1480163176357746,-1.5318557959446724e-11,trajectory,STRAIGHT,3.614248514175415,0.0026409609708935022,6.142089874899836e-13
7,116758.109,0.0041718753054738045,1.2692634486846655e-12,-0.9431182146072388,1.5123307175191379e-09,0.03191722556948662,1.5215967374970774e-11,0.05902924761176109,0.14744662195444105,-3.983557211547106e-11,trajectory,STRAIGHT,3.614248514175415,0.0041718753054738045,1.2692634486846655e-12
8,116758.203,0.005517215933650732,1.9596553112871673e-12,-0.9408629536628723,1.6743688786478005e-09,0.037067972123622894,2.02888157663228e-11,0.0566449798643589,0.14703456223011016,-5.5147402174844834e-11,trajectory,STRAIGHT,3.572486162185669,0.005517215933650732,1.9596553112871673e-12
9,116758.328,0.012022625654935837,6.32916895976221e-12,-0.933430552482605,2.4774949933510468e-09,0.05493978410959244,4.250384072479463e-11,0.04900655522942543,0.1456048172712326,-7.16491148863535e-11,trajectory,STRAIGHT,3.5508761405944824,0.012022625654935837,6.32916895976221e-12
10,116758.421,0.017246093600988388,1.0681153010672073e-11,-0.9293479323387146,3.5905796972321645e-09,0.06498657166957855,5.747901113406506e-11,0.0449153371155262,0.1448010742664337,-1.7421304833037308e-10,trajectory,STRAIGHT,3.540154218673706,0.017246093600988388,1.0681153010672073e-11
11,116758.546,0.024425886571407318,1.7366731316914574e-11,-0.9249905347824097,4.9032315069930985e-09,0.07556960731744766,7.296115794863667e-11,0.040596503764390945,0.14395443141460418,-1.0460739036638357e-10,trajectory,STRAIGHT,3.5351061820983887,0.024425886571407318,1.7366731316914574e-11
12,116758.64,0.03160625696182251,2.4390307482025086e-11,-0.9214941263198853,6.0256537634354175e-09,0.0838223546743393,8.224278896795667e-11,0.03715584799647331,0.14329421162605285,-2.0239804899274534e-10,trajectory,STRAIGHT,3.533245801925659,0.03160625696182251,2.4390307482025086e-11
13,116758.75,0.040033306926488876,3.2500124119705376e-11,-0.918089747428894,7.321830604846715e-09,0.09155946969985962,8.534992157471777e-11,0.03382264822721481,0.14267524242401122,-7.745588210393069e-11,trajectory,STRAIGHT,3.5329763889312744,0.040033306926488876,3.2500124119705376e-11
14,116758.859,0.0491538941860199,4.04919466012732e-11,-0.9149900078773499,8.646174720683575e-09,0.09828762710094452,7.951039132647608e-11,0.03080475702881813,0.14213698983192444,-1.8686613746160717e-10,trajectory,STRAIGHT,3.5333199501037598,0.0491538941860199,4.04919466012732e-11
15,116758.968,0.05732061341404915,4.645631795918703e-11,-0.9125902056694031,9.745085296699005e-09,0.10325060784816742,6.640697713944377e-11,0.02848229929804802,0.1417399513721466,-2.734663692804311e-11,trajectory,STRAIGHT,3.5337579250335693,0.05732061341404915,4.645631795918703e-11
16,116759.0,0.06107429787516594,4.869978725841051e-11,-0.911582350730896,1.0207660682871098e-08,0.10526406764984131,5.794912466550173e-11,0.027511263266205788,0.1415788745880127,-6.347737587807174e-11,trajectory,STRAIGHT,3.5337579250335693,0.06107429787516594,4.869978725841051e-11
17,116759.078,0.06781049072742462,5.1783133336869014e-11,-0.9099004864692688,1.1231432494732829e-08,0.10852428525686264,3.9033297427604197e-11,0.025898003950715065,0.14131805717945098,-7.318153469365073e-13,trajectory,STRAIGHT,3.5337579250335693,0.06781049072742462,5.1783133336869014e-11
18,116759.171,0.07709288597106934,5.3711955022572866e-11,-0.9078100323677063,1.2675525616003265e-08,0.11239400506019592,5.189032797198179e-12,0.023905625566840172,0.1410084795951843,-1.1342618312116914e-10,trajectory,STRAIGHT,3.534101963043213,0.07709288597106934,5.3711955022572866e-11
19,116759.203,0.08014306426048279,5.3678124445344366e-11,-0.907172679901123,1.3055918589816386e-08,0.113532155752182,-7.878819124895742e-12,0.023301688954234123,0.1409174275398253,8.515800577565083e-11,trajectory,STRAIGHT,3.534101963043213,0.08014306426048279,5.3711955022572866e-11
20,116759.281,0.08876968920230865,5.15638677589525e-11,-0.9054853916168213,1.3985760429904124e-08,0.11644673347473145,-4.992706942319458e-11,0.02171274833381176,0.14068426132202133,1.9804079525855448e-11,trajectory,STRAIGHT,3.534289598464966,0.08876968920230865,5.3711955022572866e-11
21,116759.39,0.0983169674873352,4.5360513956094195e-11,-0.9037916660308838,1.50259709474785e-08,0.11922289431095123,-1.0490563973064582e-10,0.02013291046023369,0.14046216845512377,6.265262711038425e-11,trajectory,STRAIGHT,3.534255266189575,0.0983169674873352,5.3711955022572866e-11
22,116759.421,0.10262946784496307,4.109237256022524e-11,-0.9030787944793701,1.5573080833532644e-08,0.12034498155117035,-1.3254015940322716e-10,0.019473504275083542,0.14037240147590624,2.4433637271483145e-11,trajectory,STRAIGHT,3.533961057662964,0.10262946784496307,5.3711955022572866e-11
23,116759.5,0.11063603311777115,3.053909555794654e-11,-0.9018317461013794,1.66602465055589e-08,0.12223879992961884,-1.8837842397090299e-10,0.018329035490751266,0.14022089600563034,8.367045267575079e-11,trajectory,STRAIGHT,3.533961057662964,0.11063603311777115,5.3711955022572866e-11
24,116759.609,0.12174265086650848,9.762348048003577e-12,-0.9002478122711182,1.8045629645120597e-08,0.12451352924108505,-2.7542929048607334e-10,0.01689336448907852,0.14003891766071305,-7.842590494742984e-12,trajectory,STRAIGHT,3.5334599018096924,0.12174265086650848,5.3711955022572866e-11
25,116759.703,0.13417883217334747,-2.2839964294862902e-11,-0.8986470699310303,1.9311260422282582e-08,0.12665951251983643,-3.857267005802356e-10,0.015467421151697636,0.13986723899841297,1.2724750965041212e-10,trajectory,STRAIGHT,3.5327861309051514,0.13417883217334747,5.3711955022572866e-11
26,116759.843,0.14719675481319427,-6.865004398282082e-11,-0.8971380591392517,2.050643789951775e-08,0.1285357028245926,-5.151564730354607e-10,0.014150029979646206,0.1397171437740325,6.603498442073426e-11,trajectory,STRAIGHT,3.5319759845733643,0.14719675481319427,6.865004398282082e-11
27,116759.937,0.15883047878742218,-1.2065153043305799e-10,-0.8959124684333801,2.1504367307700517e-08,0.12995004653930664,-6.42437547604402e-10,0.013102788478136063,0.13960399627685546,2.0537928157964078e-10,trajectory,STRAIGHT,3.53105092048645,0.15883047878742218,1.2065153043305799e-10
28,116759.968,0.1607813984155655,-1.3045577118564466e-10,-0.8957171440124512,2.1673427800391394e-08,0.13016611337661743,-6.648256389851781e-10,0.012937994673848152,0.1395867109298706,1.9780188180879027e-10,trajectory,STRAIGHT,3.5300586223602295,0.1607813984155655,1.3045577118564466e-10
29,116760.046,0.17058250308036804,-1.8465125262157045e-10,-0.8947766423225403,2.260562234023122e-08,0.13116975128650665,-7.817442249091755e-10,0.012153497897088528,0.13950641989707946,2.341095480128903e-10,trajectory,STRAIGHT,3.5300586223602295,0.17058250308036804,1.8465125262157045e-10
30,116760.156,0.1772882044315338,-2.2665214149952817e-10,-0.8941696882247925,2.314098010212535e-08,0.13178470730781555,-8.659456485204942e-10,0.011655595153570175,0.13945722341537475,2.1430860886211476e-10,trajectory,STRAIGHT,3.5290091037750244,0.1772882044315338,2.2665214149952817e-10
31,116760.265,0.1983766108751297,-3.866309772337928e-10,-0.8924296498298645,2.4134214990671205e-08,0.13340279459953308,-1.15224141339354e-09,0.01027018390595913,0.13932777643203736,3.173146593000819e-10,trajectory,STRAIGHT,3.5279340744018555,0.1983766108751297,3.866309772337928e-10
32,116760.375,0.20921050012111664,-4.863541791522152e-10,-0.8916231989860535,2.4596784056549156e-08,0.13407960534095764,-1.3114965780047783e-09,0.009651892818510532,0.13927363157272338,3.591171911887488e-10,trajectory,STRAIGHT,3.526829242706299,0.20921050012111664,4.863541791522152e-10
33,116760.515,0.22413893043994904,-6.446871925191999e-10,-0.8905949592590332,2.5334086181651216e-08,0.1348704993724823,-1.54400991991821e-09,0.008889012970030308,0.13921036005020143,3.6795144679061646e-10,trajectory,STRAIGHT,3.525703191757202,0.22413893043994904,6.446871925191999e-10
34,116760.625,0.23955413699150085,-8.351134783701752e-10,-0.889621913433075,2.6186460026099088e-08,0.13554495573043823,-1.7995207546306347e-09,0.008196697570383549,0.13915640354156494,4.0208927872434765e-10,trajectory,STRAIGHT,3.5246081352233887,0.23955413699150085,8.351134783701752e-10
35,116760.75,0.2538146674633026,-1.0370696523764877e-09,-0.8887915015220642,2.7346433677352393e-08,0.13606297969818115,-2.0495032337919383e-09,0.0076313684694468975,0.13911496162414552,4.048229560744945e-10,trajectory,STRAIGHT,3.5235142707824707,0.2538146674633026,1.0370696523764877e-09
36,116760.875,0.26771560311317444,-1.2590732900719104e-09,-0.8880385756492615,2.884220045396943e-08,0.13648661971092224,-2.305583945982903e-09,0.00714131211861968,0.13908107042312623,3.574184747566376e-10,trajectory,STRAIGHT,3.5224356651306152,0.26771560311317444,1.2590732900719104e-09
37,116760.984,0.28124576807022095,-1.5001451192375725e-09,-0.8873531222343445,3.0056170536449625e-08,0.13683462142944336,-2.566473478182729e-09,0.006715469527989626,0.13905323028564454,4.777125248146036e-10,trajectory,STRAIGHT,3.521378993988037,0.28124576807022095,1.5001451192375725e-09
38,116761.093,0.2943963408470154,-1.7591361700652897e-09,-0.8867265582084656,3.103531067126072e-08,0.13712160289287567,-2.83093348762975e-09,0.0063442932441830635,0.13903027176856994,4.804233673731386e-10,trajectory,STRAIGHT,3.5203394889831543,0.2943963408470154,1.7591361700652897e-09
39,116761.218,0.3088088035583496,-2.0721309113014286e-09,-0.8860799670219421,3.202618206713187e-08,0.13738732039928436,-3.1329612237840365e-09,0.00598097313195467,0.13900901436805727,5.810061548679437e-10,trajectory,STRAIGHT,3.519321918487549,0.3088088035583496,2.0721309113014286e-09
40,116761.312,0.32077017426490784,-2.3559596495914548e-09,-0.8855715990066528,3.289496231312129e-08,0.13757506012916565,-3.393206604584975e-09,0.0057102590799331665,0.1389939951896667,6.143503749113529e-10,trajectory,STRAIGHT,3.5183308124542236,0.32077017426490784,2.3559596495914548e-09
41,116761.343,0.3248984217643738,-2.4591326752698706e-09,-0.8854016065597534,3.31602883981544e-08,0.1376337707042694,-3.4850307084610677e-09,0.005622765980660915,0.1389892983436584,6.225636803545949e-10,trajectory,STRAIGHT,3.5183308124542236,0.3248984217643738,2.4591326752698706e-09
42,116761.421,0.33398646116256714,-2.695911494043912e-09,-0.8850365877151489,3.3700365747904315e-08,0.13775302469730377,-3.690784788901169e-09,0.005440147127956152,0.13897975802421564,6.669461403938954e-10,trajectory,STRAIGHT,3.5183308124542236,0.33398646116256714,2.695911494043912e-09
43,116761.546,0.34845972061157227,-3.1010778389628513e-09,-0.8844795823097229,3.398920833948788e-08,0.1379176527261734,-4.028642308639974e-09,0.005175603553652763,0.13896658778190607,7.58693843030031e-10,trajectory,STRAIGHT,3.5173614025115967,0.34845972061157227,3.1010778389628513e-09
44,116761.625,0.35880765318870544,-3.4125351433544893e-09,-0.8840979933738708,3.396807089673682e-08,0.13801899552345276,-4.2777981157371414e-09,0.005004567559808493,0.13895848035812375,7.856923767176783e-10,trajectory,STRAIGHT,3.516415596008301,0.35880765318870544,3.4125351433544893e-09
45,116761.671,0.3641914427280426,-3.581943630592832e-09,-0.8839045166969299,3.388822609125716e-08,0.13806690275669098,-4.409917764292004e-09,0.0049210358411073685,0.13895464777946467,8.385976340252799e-10,trajectory,STRAIGHT,3.5154967308044434,0.3641914427280426,3.581943630592832e-09
46,116761.765,0.37413549423217773,-3.9083745129175895e-09,-0.8835554122924805,3.384125725091845e-08,0.13814759254455566,-4.658401220325459e-09,0.00477596465498209,0.1389481925964355,8.17671047830797e-10,trajectory,STRAIGHT,3.5154967308044434,0.37413549423217773,3.9083745129175895e-09
47,116761.859,0.38615837693214417,-4.327004532456158e-09,-0.8831469416618347,3.3961020679954364e-08,0.13823315501213074,-4.96651608727916e-09,0.004615346901118755,0.13894134759902949,9.147129918588004e-10,trajectory,STRAIGHT,3.514596700668335,0.38615837693214417,4.327004532456158e-09
48,116761.875,0.3890615403652191,-4.432097799877965e-09,-0.8830503821372986,3.395162684223995e-08,0.13825200498104095,-5.042171125069217e-09,0.004578833933919668,0.13893983960151668,9.41997497951146e-10,trajectory,STRAIGHT,3.514596700668335,0.3890615403652191,4.432097799877965e-09
49,116761.968,0.4006779193878174,-4.868513592271029e-09,-0.8826715350151062,3.3946928389889725e-08,0.1383211761713028,-5.349756193595567e-09,0.004440950695425272,0.13893430590629574,9.084763422586723e-10,trajectory,STRAIGHT,3.5137217044830322,0.4006779193878174,4.868513592271029e-09
50,116762.078,0.4127148985862732,-5.348111287162283e-09,-0.8822908997535706,3.4010332049771674e-08,0.13838335871696472,-5.676665804088543e-09,0.004310981836169958,0.1389293313026428,9.132079521797151e-10,trajectory,STRAIGHT,3.512864112854004,0.4127148985862732,5.348111287162283e-09
51,116762.156,0.4197734594345093,-5.642602829425414e-09,-0.8820728063583374,3.415123181330864e-08,0.1384158581495285,-5.872231145787055e-09,0.0042403824627399445,0.13892673134803768,9.701364591742112e-10,trajectory,STRAIGHT,3.512028217315674,0.4197734594345093,5.642602829425414e-09
52,116762.296,0.4392961263656616,-6.509524919096066e-09,-0.8814875483512878,3.390465365197334e-08,0.13849270343780518,-6.4279510603171275e-09,0.004064605105668306,0.13892058372497554,1.0674208074630624e-09,trajectory,STRAIGHT,3.511211633682251,0.4392961263656616,6.509524919096066e-09
53,116762.39,0.4525938630104065,-7.145304792288698e-09,-0.8811025619506836,3.393048423239198e-08,0.138535737991333,-6.818891673532335e-09,0.003959625493735075,0.13891714096069332,1.0276729013981047e-09,trajectory,STRAIGHT,3.5104105472564697,0.4525938630104065,7.145304792288698e-09
54,116762.421,0.4546719789505005,-7.248055045039337e-09,-0.8810432553291321,3.3965709218590634e-08,0.13854186236858368,-6.880894076743971e-09,0.003944202791899443,0.13891665101051326,1.0468979648056358e-09,trajectory,STRAIGHT,3.5096263885498047,0.4546719789505005,7.248055045039337e-09
55,116762.5,0.4650639593601227,-7.775859067749025e-09,-0.880750298500061,3.415357588910947e-08,0.13857029378414154,-7.194621343131757e-09,0.0038708089850842953,0.13891437649726865,1.0236694554040736e-09,trajectory,STRAIGHT,3.5096263885498047,0.4650639593601227,7.775859067749025e-09
56,116762.593,0.475873738527298,-8.349989144562642e-09,-0.8804511427879333,3.4423634655028565e-08,0.138596311211586,-7.527455991862553e-09,0.003800642443820834,0.1389122951030731,1.1212606107636678e-09,trajectory,STRAIGHT,3.508857250213623,0.475873738527298,8.349989144562642e-09
57,116762.609,0.47878435254096985,-8.509021931502048e-09,-0.8803715109825134,3.447999471788392e-08,0.13860276341438293,-7.618205621895413e-09,0.0037827705964446068,0.13891177892684933,1.012081321774724e-09,trajectory,STRAIGHT,3.508857250213623,0.47878435254096985,8.509021931502048e-09
58,116762.703,0.48959651589393616,-9.116522647900638e-09,-0.8800789713859558,3.478058205673818e-08,0.13862483203411102,-7.959506831412e-09,0.0037198711652308702,0.13891001343727108,1.1111639627535866e-09,trajectory,STRAIGHT,3.5081019401550293,0.48959651589393616,9.116522647900638e-09
59,116762.796,0.500410258769989,-9.750903195993033e-09,-0.8797911405563354,3.496375228955706e-08,0.13864420354366302,-8.307465826362659e-09,0.003662144299596548,0.13890846371650695,1.135328927487176e-09,trajectory,STRAIGHT,3.5081019401550293,0.500410258769989,9.750903195993033e-09
60,116762.828,0.5045697689056396,-1.00021644300341e-08,-0.8796815872192383,3.4928526927925575e-08,0.1386510282754898,-8.443067578411956e-09,0.0036412212066352367,0.13890791773796082,1.1889445584457577e-09,trajectory,STRAIGHT,3.5073599815368652,0.5045697689056396,1.00021644300341e-08
61,116762.921,0.5149692893028259,-1.0648243176092365e-08,-0.8794103264808655,3.494026816933876e-08,0.13866662979125977,-8.786364524837609e-09,0.003591867396607995,0.13890666961669923,1.1902830540861373e-09,trajectory,STRAIGHT,3.5073599815368652,0.5149692893028259,1.0648243176092365e-08
62,116763.015,0.527450442314148,-1.1457868431818952e-08,-0.8790895342826843,3.51539669529451e-08,0.1386830061674118,-9.206416962115327e-09,0.003537735901772976,0.13890535950660707,1.3299950235916814e-09,trajectory,STRAIGHT,3.5066277980804443,0.527450442314148,1.1457868431818952e-08
63,116763.125,0.5399329662322998,-1.230569957044736e-08,-0.8787732720375061,3.5320698929052536e-08,0.13869713246822357,-9.635287234743828e-09,0.0034887613728642464,0.1389042294025421,1.2749324146090198e-09,trajectory,STRAIGHT,3.5059080123901367,0.5399329662322998,1.230569957044736e-08
64,116763.218,0.551584005355835,-1.3132175347152497e-08,-0.8784819841384888,3.5381755516005606e-08,0.13870856165885925,-1.0043519793612177e-08,0.0034472185652703047,0.13890331506729123,1.4261423947706288e-09,trajectory,STRAIGHT,3.5051987171173096,0.551584005355835,1.3132175347152497e-08
65,116763.265,0.5561617612838745,-1.3466295634145808e-08,-0.8783685564994812,3.5372362012937194e-08,0.13871261477470398,-1.020599427192792e-08,0.0034319243859499693,0.13890299081802365,1.2595509507955086e-09,trajectory,STRAIGHT,3.5044968128204346,0.5561617612838745,1.3466295634145808e-08
66,116763.343,0.5657334327697754,-1.4182349517000148e-08,-0.8781328201293945,3.5290169739861566e-08,0.13872043788433075,-1.0549533691062152e-08,0.003401675494387746,0.1389023649692535,1.3997096833461986e-09,trajectory,STRAIGHT,3.5044968128204346,0.5657334327697754,1.4182349517000148e-08
67,116763.484,0.5811322927474976,-1.538452565341686e-08,-0.8777577877044678,3.495200790774012e-08,0.13873125612735748,-1.1113022502229342e-08,0.003357573179528117,0.13890149950981137,1.6484436659858182e-09,trajectory,STRAIGHT,3.503802537918091,0.5811322927474976,1.538452565341686e-08
68,116763.578,0.5932026505470276,-1.6370940159049496e-08,-0.8774669766426086,3.44001469116962e-08,0.1387384980916977,-1.1564004864794697e-08,0.003326313104480505,0.13890092015266417,1.5022801248422897e-09,trajectory,STRAIGHT,3.5031189918518066,0.5932026505470276,1.6370940159049496e-08
69,116763.593,0.5952837467193604,-1.654499470760129e-08,-0.8774172067642212,3.427335407432925e-08,0.13873963057994843,-1.1642587338656085e-08,0.003321260679513216,0.1389008295536041,1.544226853757099e-09,trajectory,STRAIGHT,3.5031189918518066,0.5952837467193604,1.654499470760129e-08
70,116763.656,0.6048567891120911,-1.7360900272933577e-08,-0.8771888017654419,3.355719079596793e-08,0.1387445479631424,-1.2007207672581899e-08,0.003299124538898468,0.1389004361629486,1.5183781206149494e-09,trajectory,STRAIGHT,3.5024399757385254,0.6048567891120911,1.7360900272933577e-08
71,116763.703,0.6081865429878235,-1.7650609862585043e-08,-0.8771096467971802,3.330594640000973e-08,0.13874609768390656,-1.2135236815424832e-08,0.003291820175945759,0.13890031218528745,1.5907808196707409e-09,trajectory,STRAIGHT,3.5017659664154053,0.6081865429878235,1.7650609862585043e-08
72,116763.796,0.621923565864563,-1.8878402840982744e-08,-0.8767852187156677,3.212954324678683e-08,0.13875196874141693,-1.2669945981258479e-08,0.0032635629177093506,0.13889984250068663,1.9035530871446383e-09,trajectory,STRAIGHT,3.5017659664154053,0.621923565864563,1.8878402840982744e-08
73,116763.906,0.6335793733596802,-1.9962049790933634e-08,-0.8765120506286621,3.1157428303929745e-08,0.13875629007816315,-1.3131938203514437e-08,0.0032419145572930574,0.1388994967937469,1.638310876983679e-09,trajectory,STRAIGHT,3.501099109649658,0.6335793733596802,1.9962049790933634e-08
74,116764.0,0.6444026231765747,-2.100331997212379e-08,-0.8762598633766174,3.018060958892595e-08,0.1387598067522049,-1.3567751366849734e-08,0.0032236152328550816,0.1388992154598236,1.8956767978521143e-09,trajectory,STRAIGHT,3.5004372596740723,0.6444026231765747,2.100331997212379e-08
75,116764.015,0.6477328538894653,-2.13305781926465e-08,-0.8761826157569885,2.9851869857113284e-08,0.1387607604265213,-1.3703170154144573e-08,0.003218279220163822,0.13889913916587832,1.503176221870766e-09,trajectory,STRAIGHT,3.5004372596740723,0.6477328538894653,2.13305781926465e-08
76,116764.109,0.6568909883499146,-2.2247373721029362e-08,-0.8759706020355225,2.8863295237454215e-08,0.13876329362392426,-1.407877014969472e-08,0.003204288659617305,0.13889893651008609,1.738897232075541e-09,trajectory,STRAIGHT,3.5004372596740723,0.6568909883499146,2.2247373721029362e-08
77,116764.203,0.6697956323623657,-2.3581636199310196e-08,-0.8756734132766724,2.7508410954199158e-08,0.13876640796661377,-1.4615999077705055e-08,0.0031861579045653343,0.13889868736267091,2.0695630157710654e-09,trajectory,STRAIGHT,3.4997808933258057,0.6697956323623657,2.3581636199310196e-08
78,116764.234,0.6739588975906372,-2.4022753564167942e-08,-0.8755780458450317,2.7010597600744476e-08,0.1387673020362854,-1.4791287306081813e-08,0.0031806991901248693,0.1388986158370972,1.588296304931832e-09,trajectory,STRAIGHT,3.4991276264190674,0.6739588975906372,2.4022753564167942e-08
79,116764.453,0.6789549589157104,-2.455905701026495e-08,-0.875463604927063,2.639772426916338e-08,0.13876837491989136,-1.5002912689965342e-08,0.003174399258568883,0.13889853000640873,1.726275846354134e-09,trajectory,STRAIGHT,3.4991276264190674,0.6789549589157104,2.455905701026495e-08
80,116764.546,0.7072659730911255,-2.7743968900040272e-08,-0.8748193383216858,2.3241791789855854e-08,0.13877320289611816,-1.6228501209525348e-08,0.0031432034447789192,0.13889814376831058,2.2561914343706158e-09,trajectory,STRAIGHT,3.4984798431396484,0.7072659730911255,2.7743968900040272e-08
81,116764.578,0.7101803421974182,-2.808612897808871e-08,-0.8747534155845642,2.2948273686203747e-08,0.1387736201286316,-1.6357208920680932e-08,0.003140372224152088,0.1388981103897095,2.3326550340943046e-09,trajectory,STRAIGHT,3.4984798431396484,0.7101803421974182,2.808612897808871e-08
82,116764.656,0.721421480178833,-2.943133026178657e-08,-0.8744991421699524,2.1814119570372082e-08,0.13877515494823456,-1.6858106022255015e-08,0.003129972144961357,0.13889798760414127,1.8632862004117317e-09,trajectory,STRAIGHT,3.4971892833709717,0.721421480178833,2.943133026178657e-08
83,116764.781,0.7355769872665405,-3.118349312103419e-08,-0.8741808533668518,2.0273726847050244e-08,0.13877667486667633,-1.749891609392762e-08,0.0031180987134575844,0.13889786601066592,2.253674482139505e-09,trajectory,STRAIGHT,3.496548891067505,0.7355769872665405,3.118349312103419e-08
84,116764.875,0.7476508021354675,-3.2730028465266514e-08,-0.8739095330238342,1.880142369045204e-08,0.13877777755260468,-1.805434379775761e-08,0.0031089656986296177,0.13889777779579165,1.977669428361604e-09,trajectory,STRAIGHT,3.4959094524383545,0.7476508021354675,3.2730028465266514e-08
85,116764.906,0.7509815096855164,-3.316519681106911e-08,-0.8738351464271545,1.8423368791178093e-08,0.13877801597118378,-1.8208998753266314e-08,0.003106599673628807,0.1388977587223053,2.072847080077297e-09,trajectory,STRAIGHT,3.495274782180786,0.7509815096855164,3.316519681106911e-08
86,116765.109,0.7705494165420532,-3.579740948111976e-08,-0.8733981251716614,1.592023691626656e-08,0.138779416680336,-1.913011082876892e-08,0.0030939567368477583,0.13889764666557314,2.251847987521056e-09,trajectory,STRAIGHT,3.4946420192718506,0.7705494165420532,3.579740948111976e-08
87,116765.218,0.7888683080673218,-3.8380633782253426e-08,-0.8729904890060425,1.279484274310124e-08,0.1387805938720703,-2.001181442778943e-08,0.003083823947235942,0.1388975524902344,2.337299805233413e-09,trajectory,STRAIGHT,3.494009017944336,0.7888683080673218,3.8380633782253426e-08
88,116765.312,0.801774799823761,-4.027110733773043e-08,-0.8727040886878967,1.0451382276930081e-08,0.1387811005115509,-2.064426141146214e-08,0.0030773780308663845,0.13889751195907593,2.794467350994506e-09,trajectory,STRAIGHT,3.493378162384033,0.801774799823761,4.027110733773043e-08
89,116765.343,0.805938184261322,-4.089353566882892e-08,-0.8726117014884949,9.770415904316324e-09,0.13878124952316284,-2.0850260185056868e-08,0.003075461369007826,0.138897500038147,1.9109041271331885e-09,trajectory,STRAIGHT,3.493378162384033,0.805938184261322,4.089353566882892e-08
90,116765.406,0.8125995993614197,-4.1902314507069605e-08,-0.8724638819694519,8.68086970812496e-09,0.13878148794174194,-2.1181870479836107e-08,0.003072574967518449,0.13889748096466065,2.140498000819376e-09,trajectory,STRAIGHT,3.492750406265259,0.8125995993614197,4.1902314507069605e-08
91,116765.437,0.8167629837989807,-4.254090768540664e-08,-0.87237149477005,7.99990333549951e-09,0.13878163695335388,-2.1390386351072266e-08,0.003070844104513526,0.1388974690437317,2.2841684137236418e-09,trajectory,STRAIGHT,3.492750406265259,0.8167629837989807,4.254090768540664e-08
92,116765.5,0.8238407373428345,-4.364092021091892e-08,-0.8722149729728699,6.842260502025924e-09,0.13878189027309418,-2.1747082357137515e-08,0.003068016143515706,0.13889744877815247,2.528724690349927e-09,trajectory,STRAIGHT,3.492750406265259,0.8238407373428345,4.364092021091892e-08
93,116765.546,0.8296694755554199,-4.4560522383108037e-08,-0.8720864653587341,5.888907580332034e-09,0.1387820988893509,-2.2042932812382787e-08,0.0030658000614494085,0.13889743208885194,2.01954462077642e-09,trajectory,STRAIGHT,3.492123603820801,0.8296694755554199,4.4560522383108037e-08
94,116765.625,0.8388289213180542,-4.603082714993434e-08,-0.8718845248222351,4.390781560509537e-09,0.13878242671489716,-2.2511672526093207e-08,0.003062506439164281,0.13889740586280824,2.3404024399344307e-09,trajectory,STRAIGHT,3.492123603820801,0.8388289213180542,4.603082714993434e-08
95,116765.718,0.8496537208557129,-4.7808573100383e-08,-0.8716458678245544,2.7729024096417683e-09,0.1387828141450882,-2.3071674348784654e-08,0.003058948554098606,0.13889737486839293,2.219084565287386e-09,trajectory,STRAIGHT,3.491495132446289,0.8496537208557129,4.7808573100383e-08
96,116765.75,0.85423344373703,-4.857389157564285e-08,-0.8715448975563049,2.044975126879893e-09,0.13878297805786133,-2.3310569474688236e-08,0.003057508496567607,0.1388973617553711,2.3795874494807143e-09,trajectory,STRAIGHT,3.490870714187622,0.85423344373703,4.857389157564285e-08
97,116765.828,0.8629765510559082,-5.005692926829397e-08,-0.8713521361351013,8.168910759171328e-10,0.1387832909822464,-2.3769892720792996e-08,0.0030549068469554186,0.1388973367214203,2.6726329428335704e-09,trajectory,STRAIGHT,3.490870714187622,0.8629765510559082,5.005692926829397e-08
98,116765.953,0.8771320581436157,-5.251980894627195e-08,-0.8710400462150574,-6.835779004092215e-10,0.138783797621727,-2.4522613273347815e-08,0.003051067003980279,0.13889729619026184,2.3495867251577112e-09,trajectory,STRAIGHT,3.490246295928955,0.8771320581436157,5.251980894627195e-08
99,116766.031,0.8896222114562988,-5.4757137490923924e-08,-0.8707656860351562,-1.6768463003476753e-09,0.1387842446565628,-2.5196076336442275e-08,0.003047986887395382,0.13889726042747497,2.318033806861199e-09,trajectory,STRAIGHT,3.489625930786133,0.8896222114562988,5.4757137490923924e-08
100,116766.078,0.8937855958938599,-5.5516427011070846e-08,-0.8706744909286499,-2.005587757065523e-09,0.13878439366817474,-2.5422501437333267e-08,0.0030470192432403564,0.138897248506546,2.4400553515247984e-09,trajectory,STRAIGHT,3.489001512527466,0.8937855958938599,5.5516427011070846e-08
101,116766.156,0.9046103954315186,-5.752251652779705e-08,-0.8704373836517334,-2.8603155445222732e-09,0.13878478109836578,-2.601574422556041e-08,0.0030446425080299377,0.13889721751213072,2.3324875728872377e-09,trajectory,STRAIGHT,3.489001512527466,0.9046103954315186,5.752251652779705e-08
102,116766.234,0.914602518081665,-5.941558356425958e-08,-0.8702185153961182,-3.64929504062382e-09,0.13878513872623444,-2.656916642251872e-08,0.0030426313169300556,0.13889718890190123,2.6317055549088265e-09,trajectory,STRAIGHT,3.48837947845459,0.914602518081665,5.941558356425958e-08
103,116766.265,0.9179332256317139,-6.005549124665777e-08,-0.8701455593109131,-3.9122879839437565e-09,0.138785257935524,-2.6754880977364337e-08,0.00304199755191803,0.13889717936515805,2.1859400402907786e-09,trajectory,STRAIGHT,3.4877586364746094,0.9179332256317139,6.005549124665777e-08
104,116766.359,0.9283416867256165,-6.208402680840663e-08,-0.8699175715446472,-4.734141625699441e-09,0.13878563046455383,-2.73392384286808e-08,0.0030401062685996294,0.13889714956283566,2.503401273780256e-09,trajectory,STRAIGHT,3.4877586364746094,0.9283416867256165,6.208402680840663e-08
105,116766.484,0.9429135322570801,-6.49980975708786e-08,-0.869598388671875,-5.884736724135739e-09,0.13878615200519562,-2.8167510990328992e-08,0.0030376994982361794,0.13889710783958434,2.585954720622887e-09,trajectory,STRAIGHT,3.4877586364746094,0.9429135322570801,6.49980975708786e-08
106,116766.546,0.950823962688446,-6.661662155238446e-08,-0.8694251179695129,-6.509345491847717e-09,0.1387864351272583,-2.8622116232668304e-08,0.0030365190468728542,0.1388970851898193,2.8336419609915453e-09,trajectory,STRAIGHT,3.48714017868042,0.950823962688446,6.661662155238446e-08
107,116766.609,0.958735466003418,-6.82611585034465e-08,-0.8692518472671509,-7.284235877851903e-09,0.13878661394119263,-2.9080217345267556e-08,0.0030354182235896587,0.13889707088470457,2.4817208410876796e-09,trajectory,STRAIGHT,3.4865188598632812,0.958735466003418,6.82611585034465e-08
108,116766.671,0.9662306308746338,-6.984331690773615e-08,-0.8690876960754395,-8.19531911180707e-09,0.13878661394119263,-2.951743205414914e-08,0.0030344719998538494,0.13889707088470457,2.7490431584638634e-09,trajectory,STRAIGHT,3.4865188598632812,0.9662306308746338,6.984331690773615e-08
109,116766.796,0.9808045625686646,-7.298772430885947e-08,-0.8687685132026672,-8.427784728057336e-09,0.13878661394119263,-3.0376558157740874e-08,0.0030326766427606344,0.13889707088470457,2.661956262026167e-09,trajectory,STRAIGHT,3.485898971557617,0.9808045625686646,7.298772430885947e-08
110,116766.89,0.9903817176818848,-7.510340793714931e-08,-0.8685587644577026,-8.291586961244879e-09,0.13878661394119263,-3.0947596485475515e-08,0.0030316049233078957,0.13889707088470457,2.8993576207920382e-09,trajectory,STRAIGHT,3.4852795600891113,0.9903817176818848,7.510340793714931e-08
111,116766.906,0.9941293001174927,-7.594204731731224e-08,-0.8684766888618469,-8.141301823561959e-09,0.13878661394119263,-3.117244418149312e-08,0.0030311921145766973,0.13889707088470457,2.4691876417425214e-09,trajectory,STRAIGHT,3.484661817550659,0.9941293001174927,7.594204731731224e-08
112,116767.0,1.0045392513275146,-7.830357162674773e-08,-0.868248701095581,-7.263089160633532e-09,0.13878661394119263,-3.180115015766205e-08,0.003029921790584922,0.13889707088470457,2.670334294486799e-09,trajectory,STRAIGHT,3.484661817550659,1.0045392513275146,7.830357162674773e-08
113,116767.109,1.0186967849731445,-8.159135944652007e-08,-0.8679405450820923,-5.905852099488915e-09,0.13878661394119263,-3.2665933957787274e-08,0.0030284628737717867,0.13889707088470457,2.7323963052792514e-09,trajectory,STRAIGHT,3.484041929244995,1.0186967849731445,8.159135944652007e-08
114,116767.218,1.0324379205703735,-8.486734515145145e-08,-0.8676415681838989,-4.588533775413821e-09,0.13878661394119263,-3.351602728685066e-08,0.0030273529700934887,0.13889707088470457,3.006456433033903e-09,trajectory,STRAIGHT,3.483421564102173,1.0324379205703735,8.486734515145145e-08
115,116767.343,1.0470118522644043,-8.843441889894166e-08,-0.8673244714736938,-3.191377977127638e-09,0.13878661394119263,-3.4429199047281145e-08,0.0030263157095760107,0.13889707088470457,2.9312429827778834e-09,trajectory,STRAIGHT,3.482806921005249,1.0470118522644043,8.843441889894166e-08
116,116767.484,1.0632513761520386,-9.252291732764206e-08,-0.8669711351394653,-1.6345472304359157e-09,0.13878661394119263,-3.54607578856303e-08,0.003025261452421546,0.13889707088470457,3.0692247101367437e-09,trajectory,STRAIGHT,3.4821906089782715,1.0632513761520386,9.252291732764206e-08
117,116767.593,1.0769925117492676,-9.607729367644424e-08,-0.866672158241272,-3.1722890628747207e-10,0.13878661394119263,-3.634515977068986e-08,0.0030245084781199694,0.1388970708847046,3.1273605055190628e-09,trajectory,STRAIGHT,3.481574058532715,1.0769925117492676,9.607729367644424e-08
118,116767.703,1.089484453201294,-9.938494827110844e-08,-0.8664003610610962,8.803333731278339e-10,0.13878661394119263,-3.7158343957344186e-08,0.003023823956027627,0.1388970708847046,3.1945507344476323e-09,trajectory,STRAIGHT,3.4809579849243164,1.089484453201294,9.938494827110844e-08
119,116767.828,1.1040583848953247,-1.0333693722941462e-07,-0.8660832643508911,2.277489227017777e-09,0.13878661394119263,-3.811810955767214e-08,0.003023137105628848,0.1388970708847046,3.547392331479712e-09,trajectory,STRAIGHT,3.4803411960601807,1.1040583848953247,1.0333693722941462e-07
120,116767.921,1.1177995204925537,-1.0715595522015064e-07,-0.8657842874526978,3.5948075512218508e-09,0.13878661394119263,-3.9033931642507014e-08,0.003022755729034543,0.1388970708847046,3.4177370652788313e-09,trajectory,STRAIGHT,3.4797253608703613,1.1177995204925537,1.0715595522015064e-07
121,116768.046,1.1319570541381836,-1.1118608966853571e-07,-0.8654762506484985,4.952044834591279e-09,0.13878661394119263,-3.998857422971014e-08,0.0030224754009395838,0.1388970708847046,3.785343370397411e-09,trajectory,STRAIGHT,3.4791088104248047,1.1319570541381836,1.1118608966853571e-07
122,116768.156,1.1461145877838135,-1.1531416532761796e-07,-0.8651682138442993,6.309281895940113e-09,0.13878661394119263,-4.095444694485195e-08,0.003022277494892478,0.1388970708847046,3.632423512092687e-09,trajectory,STRAIGHT,3.4784929752349854,1.1461145877838135,1.1531416532761796e-07
123,116768.265,1.1594393253326416,-1.192899219404353e-07,-0.8648782968521118,7.58668325947073e-09,0.13878661394119263,-4.1873761347233085e-08,0.003022091230377555,0.1388970708847046,4.001904627611082e-09,trajectory,STRAIGHT,3.477876663208008,1.1594393253326416,1.192899219404353e-07
124,116768.359,1.171514868736267,-1.22969566973552e-07,-0.8646155595779419,8.74433951395242e-09,0.13878661394119263,-4.2715480930155536e-08,0.003021865151822567,0.1388970708847046,3.777084399193108e-09,trajectory,STRAIGHT,3.477260112762451,1.171514868736267,1.22969566973552e-07
125,116768.406,1.1744296550750732,-1.238687588056564e-07,-0.8645521402359009,9.023773782278206e-09,0.13878661394119263,-4.2919879206237965e-08,0.0030218048486858606,0.13889707088470463,3.861482225849239e-09,trajectory,STRAIGHT,3.4766457080841064,1.1744296550750732,1.238687588056564e-07
126,116768.484,1.1865051984786987,-1.2763986489972012e-07,-0.864289402961731,1.0181430036781582e-08,0.13878661394119263,-4.377174533942707e-08,0.00302155502140522,0.13889707088470463,3.888422937132941e-09,trajectory,STRAIGHT,3.4766457080841064,1.1865051984786987,1.2763986489972012e-07
127,116768.593,1.1977479457855225,-1.3121783126734954e-07,-0.8640447854995728,1.1259247928921116e-08,0.13878661394119263,-4.457220370568393e-08,0.00302132242359221,0.13889707088470463,4.228401401244847e-09,trajectory,STRAIGHT,3.476029634475708,1.1977479457855225,1.3121783126734954e-07
128,116768.703,1.2110726833343506,-1.355427485805194e-07,-0.8637548685073853,1.2536661727032024e-08,0.13878661394119263,-4.553006860419373e-08,0.0030211135745048523,0.13889707088470463,4.103054279064186e-09,trajectory,STRAIGHT,3.4754130840301514,1.2110726833343506,1.355427485805194e-07
129,116768.796,1.2218990325927734,-1.3912476504174265e-07,-0.8635193109512329,1.3574560438012797e-08,0.13878661394119263,-4.631565886370481e-08,0.0030208860989660025,0.13889707088470463,4.447916256691954e-09,trajectory,STRAIGHT,3.4754130840301514,1.2218990325927734,1.3912476504174265e-07
130,116768.812,1.2256466150283813,-1.4037900086805166e-07,-0.8634377717971802,1.3933833068740182e-08,0.13878661394119263,-4.65891254464168e-08,0.0030208267271518707,0.13889707088470463,3.9765545349449994e-09,trajectory,STRAIGHT,3.474797487258911,1.2256466150283813,1.4037900086805166e-07
131,116768.921,1.237305760383606,-1.443284673996459e-07,-0.8631840944290161,1.5051566589411346e-08,0.13878661394119263,-4.7444938644503054e-08,0.003020765259861946,0.13889707088470465,4.358570728053962e-09,trajectory,STRAIGHT,3.474797487258911,1.237305760383606,1.443284673996459e-07
132,116769.015,1.2489649057388306,-1.4835011086233862e-07,-0.862930417060852,1.6169278793816723e-08,0.13878661394119263,-4.8308368860716655e-08,0.003020765259861946,0.13889707088470465,4.353440988153884e-09,trajectory,STRAIGHT,3.4741806983947754,1.2489649057388306,1.4835011086233862e-07
133,116769.046,1.2522960901260376,-1.49512516145478e-07,-0.8628579378128052,1.6488625137935536e-08,0.13878661394119263,-4.855646196233465e-08,0.003020765259861946,0.13889707088470465,4.467005005614433e-09,trajectory,STRAIGHT,3.473564386367798,1.2522960901260376,1.49512516145478e-07
134,116769.14,1.2639552354812622,-1.536279654601458e-07,-0.8626042604446411,1.7606337342361847e-08,0.13878661394119263,-4.942968345744703e-08,0.003020765259861946,0.13889707088470465,4.470157787736897e-09,trajectory,STRAIGHT,3.473564386367798,1.2639552354812622,1.536279654601458e-07
135,116769.234,1.2760307788848877,-1.5796805996615149e-07,-0.8623415231704712,1.8763967839820552e-08,0.13878661394119263,-5.034212335885968e-08,0.003020765259861946,0.13889707088470465,4.898260679090745e-09,trajectory,STRAIGHT,3.4729480743408203,1.276030778884886,1.5796805996615149e-07
136,116769.281,1.2810275554656982,-1.5978724832166336e-07,-0.8622328042984009,1.924298735601547e-08,0.13878661394119263,-5.072207542866636e-08,0.003020765259861946,0.13889707088470465,4.415051733661903e-09,trajectory,STRAIGHT,3.4723315238952637,1.2810275554656965,1.5978724832166336e-07
137,116769.359,1.2876899242401123,-1.6223415855165513e-07,-0.8620878458023071,1.988168004428001e-08,0.13878661394119263,-5.123085244918002e-08,0.003020765259861946,0.13889707088470465,4.657232058017673e-09,trajectory,STRAIGHT,3.4723315238952637,1.2876899242401105,1.6223415855165513e-07
138,116769.484,1.30559504032135,-1.6893186227662227e-07,-0.8616982698440552,2.1574692070913794e-08,0.13878661394119263,-5.2610516831919085e-08,0.0030207764357328415,0.13889707088470468,4.987482529729203e-09,trajectory,STRAIGHT,3.4717159271240234,1.3055950403213483,1.6893186227662227e-07
139,116769.593,1.3189197778701782,-1.740323654075837e-07,-0.8614083528518677,2.2124147733955863e-08,0.13878661394119263,-5.364889688053154e-08,0.0030207764357328415,0.13889707088470468,5.562221900636363e-09,trajectory,STRAIGHT,3.471099376678467,1.3189197778701764,1.740323654075837e-07
140,116769.703,1.3326609134674072,-1.7939716201453848e-07,-0.8611093759536743,2.262194692986358e-08,0.13878661394119263,-5.473014041967872e-08,0.003020769450813532,0.13889707088470468,5.147365971914921e-09,trajectory,STRAIGHT,3.470485210418701,1.3326609134674055,1.7939716201453848e-07
141,116769.796,1.3443200588226318,-1.8403338231109956e-07,-0.8608556985855103,2.29765220151247e-08,0.13878661394119263,-5.565584970668169e-08,0.003020782023668289,0.13889707088470468,5.6807999454686406e-09,trajectory,STRAIGHT,3.469869375228882,1.34432005882263,1.8403338231109956e-07
142,116769.812,1.346818447113037,-1.8503699550365127e-07,-0.8608013391494751,2.3032882278387533e-08,0.13878661394119263,-5.5855203129340225e-08,0.003020782023668289,0.13889707088470468,4.8246285108718474e-09,trajectory,STRAIGHT,3.469869375228882,1.3468184471130353,1.8503699550365127e-07
143,116769.906,1.3580611944198608,-1.8959779879423877e-07,-0.8605567216873169,2.3286503473891742e-08,0.13878661394119263,-5.67566296183486e-08,0.003020782023668289,0.13889707088470468,5.356520569500816e-09,trajectory,STRAIGHT,3.469252586364746,1.358061194419859,1.8959779879423877e-07
144,116770.031,1.370969533920288,-1.9492475189508696e-07,-0.8602758646011353,2.3568304800104272e-08,0.13878661394119263,-5.7800328079338215e-08,0.0030207778327167034,0.1388970708847047,5.9784704389975094e-09,trajectory,STRAIGHT,3.4686367511749268,1.3709695339202863,1.9492475189508696e-07
145,116770.156,1.3867926597595215,-2.0158765323685657e-07,-0.8599315881729126,2.300475564349633e-08,0.13878661394119263,-5.909241806989485e-08,0.003020782023668289,0.1388970708847047,5.741859380998569e-09,trajectory,STRAIGHT,3.4680206775665283,1.3867926597595197,2.0158765323685657e-07
146,116770.265,1.4009501934051514,-2.0767467390214733e-07,-0.8596235513687134,2.2286222943707458e-08,0.13878661394119263,-6.026036203365948e-08,0.003020782023668289,0.13889707088470468,5.780378447908332e-09,trajectory,STRAIGHT,3.4674041271209717,1.4009501934051496,2.0767467390214733e-07
147,116770.375,1.4151077270507812,-2.1388139259670425e-07,-0.8593155145645142,2.147611189968368e-08,0.13878661394119263,-6.143950770365336e-08,0.0030207722447812557,0.13889707088470468,6.596656430112059e-09,trajectory,STRAIGHT,3.4667880535125732,1.4151077270507795,2.1388139259670425e-07
148,116770.484,1.4275996685028076,-2.1945824357771926e-07,-0.8590437173843384,2.0022593775158383e-08,0.13878661394119263,-6.248924222518326e-08,0.003020782023668289,0.13889707088470468,5.9494978348743365e-09,trajectory,STRAIGHT,3.4661712646484375,1.4275996685028058,2.1945824357771926e-07
149,116770.593,1.4392588138580322,-2.247488737339154e-07,-0.8587900400161743,1.8454024563735296e-08,0.13878661394119263,-6.34768468898983e-08,0.003020561533048749,0.13889707088470468,6.716566800049089e-09,trajectory,STRAIGHT,3.4655556678771973,1.4392588138580305,2.247488737339154e-07
150,116770.718,1.4546655416488647,-2.3186790087947884e-07,-0.8584548234939575,1.610822641488422e-08,0.13878661394119263,-6.479354652810798e-08,0.003020473290234804,0.13889707088470468,6.333632253704395e-09,trajectory,STRAIGHT,3.4649393558502197,1.454665541648863,2.3186790087947884e-07
151,116770.796,1.4663246870040894,-2.373528218413412e-07,-0.8582011461257935,1.433302781571271e-08,0.13878661394119263,-6.579877265266987e-08,0.003020473290234804,0.13889707088470465,6.1657634456307736e-09,trajectory,STRAIGHT,3.464324712753296,1.4663246870040876,2.373528218413412e-07
152,116770.828,1.4688230752944946,-2.385391724146757e-07,-0.8581467866897583,1.3952628115885651e-08,0.13878661394119263,-6.601516133741825e-08,0.003020473290234804,0.13889707088470465,6.338568411555313e-09,trajectory,STRAIGHT,3.464324712753296,1.4688230752944929,2.385391724146757e-07
153,116770.906,1.4788166284561157,-2.433235977150616e-07,-0.8579293489456177,1.2431029316561208e-08,0.13878661394119263,-6.688422615752643e-08,0.003020473290234804,0.13889707088470465,7.0320706101374e-09,trajectory,STRAIGHT,3.4637084007263184,1.478816628456114,2.433235977150616e-07
154,116770.953,1.484646201133728,-2.461434860379086e-07,-0.8578025102615356,1.1543430016943309e-08,0.13878661394119263,-6.739374924791264e-08,0.003020473290234804,0.13889707088470465,5.897143913728258e-09,trajectory,STRAIGHT,3.4637084007263184,1.4846462011337263,2.461434860379086e-07
155,116771.031,1.4933905601501465,-2.504135636627325e-07,-0.8576122522354126,1.0212031067499917e-08,0.13878661394119263,-6.816159014988443e-08,0.003020473290234804,0.13889707088470465,6.5120900330531194e-09,trajectory,STRAIGHT,3.4637084007263184,1.4933905601501447,2.504135636627325e-07
156,116771.14,1.5071316957473755,-2.572217567831103e-07,-0.8573132753372192,8.119832718334472e-09,0.13878661394119263,-6.937682428542757e-08,0.003020473290234804,0.13889707088470463,7.484226797542813e-09,trajectory,STRAIGHT,3.463092565536499,1.5071316957473737,2.572217567831103e-07
157,116771.25,1.5196236371994019,-2.63515858023311e-07,-0.8570414781570435,6.217834219050617e-09,0.13878661394119263,-7.049072792142397e-08,0.003020473290234804,0.13889707088470463,6.535671662349425e-09,trajectory,STRAIGHT,3.4624760150909424,1.5196236371994,2.63515858023311e-07
158,116771.375,1.5346139669418335,-2.712016851091903e-07,-0.8567153215408325,3.935436019856508e-09,0.13878661394119263,-7.183891881368254e-08,0.003020473290234804,0.1388970708847046,7.618056346713255e-09,trajectory,STRAIGHT,3.461859703063965,1.53461396694183,2.712016851091903e-07
159,116771.453,1.5437747240066528,-2.759706774213555e-07,-0.8565160036087036,2.54063290147278e-09,0.13878661394119263,-7.266898194302485e-08,0.003020473290234804,0.1388970708847046,6.460433977590038e-09,trajectory,STRAIGHT,3.4612433910369873,1.5437747240066493,2.759706774213555e-07
160,116771.5,1.550020694732666,-2.792538111862086e-07,-0.8563801050186157,1.5896303211074176e-09,0.13878661394119263,-7.32376221890263e-08,0.003020473290234804,0.1388970708847046,6.9189016056381514e-09,trajectory,STRAIGHT,3.460627555847168,1.5500206947326625,2.792538111862086e-07
161,116771.578,1.5575158596038818,-2.832273366948357e-07,-0.8562170267105103,4.484276687448215e-10,0.13878661394119263,-7.392286960339334e-08,0.003020473290234804,0.1388970708847046,6.4306173489208505e-09,trajectory,STRAIGHT,3.460627555847168,1.5575158596038783,2.832273366948357e-07
162,116771.671,1.57084059715271,-2.9038281468274363e-07,-0.8559271097183228,-1.5803767258713798e-09,0.13878661394119263,-7.514881872339174e-08,0.003020473290234804,0.13889707088470457,7.420969412537954e-09,trajectory,STRAIGHT,3.4600110054016113,1.5708405971527064,2.9038281468274363e-07
163,116771.703,1.5733389854431152,-2.9173762072787213e-07,-0.8558727502822876,-1.9607777580338672e-09,0.13878661394119263,-7.537978774507792e-08,0.003020473290234804,0.13889707088470457,6.181643472457968e-09,trajectory,STRAIGHT,3.459395170211792,1.5733389854431117,2.9173762072787213e-07
164,116771.796,1.5849981307983398,-2.9811505442012276e-07,-0.8556190729141235,-3.735982352768965e-09,0.13878661394119263,-7.646225697044429e-08,0.003020473290234804,0.13889707088470457,7.058995517238555e-09,trajectory,STRAIGHT,3.459395170211792,1.5849981307983363,2.9811505442012276e-07
165,116771.89,1.5970736742019653,-3.0481646717817057e-07,-0.8553563356399536,-5.57458090010439e-09,0.13878634572029114,-7.759138043184066e-08,0.003020474687218666,0.13889709234237668,6.9926858987601614e-09,trajectory,STRAIGHT,3.4587788581848145,1.5970736742019618,3.0481646717817057e-07
166,116771.921,1.5995720624923706,-3.0621527002949733e-07,-0.8553019762039185,-5.917411506862162e-09,0.13878633081912994,-7.7826008748616e-08,0.0030204900540411472,0.13889709353446955,7.179920714646684e-09,trajectory,STRAIGHT,3.458165168762207,1.599572062492367,3.0621527002949733e-07
167,116772.0,1.6095656156539917,-3.118527445167274e-07,-0.8550845384597778,-7.60573333496096e-09,0.13878633081912994,-7.876801078054996e-08,0.0030204900540411472,0.13889709353446955,6.9419739181154425e-09,trajectory,STRAIGHT,3.458165168762207,1.6095656156539881,3.118527445167274e-07
168,116772.109,1.622473955154419,-3.1923519827614655e-07,-0.8548036813735962,-1.0444660592638497e-08,0.13878633081912994,-7.999300066785509e-08,0.0030204900540411472,0.13889709353446952,8.014271447468274e-09,trajectory,STRAIGHT,3.457548141479492,1.6224739551544154,3.1923519827614655e-07
169,116772.187,1.6333003044128418,-3.255151455050509e-07,-0.8545681238174438,-1.2825696369333132e-08,0.13878633081912994,-8.102757220740386e-08,0.0030204900540411472,0.13889709353446952,7.192016023170532e-09,trajectory,STRAIGHT,3.457548141479492,1.6333003044128382,3.255151455050509e-07
170,116772.218,1.6374642848968506,-3.2795202287161374e-07,-0.8544775247573853,-1.3788439986299812e-08,0.13878633081912994,-8.142723117998685e-08,0.0030204900540411472,0.13889709353446952,7.546477807635508e-09,trajectory,STRAIGHT,3.457548141479492,1.637464284896847,3.2795202287161374e-07
171,116772.296,1.646208643913269,-3.331085451918625e-07,-0.8542872667312622,-1.62563493704895e-08,0.13878633081912994,-8.226964354207666e-08,0.003020481439307332,0.1388970935344695,7.149306791759256e-09,trajectory,STRAIGHT,3.4569313526153564,1.6462086439132655,3.331085451918625e-07
172,116772.328,1.6507890224456787,-3.3583080494281603e-07,-0.8541876077651978,-1.775917209999782e-08,0.13878633081912994,-8.271261009440423e-08,0.0030203124042600393,0.1388970935344695,7.581118168579137e-09,trajectory,STRAIGHT,3.456315517425537,1.6507890224456752,3.3583080494281603e-07
173,116772.406,1.6582841873168945,-3.403170012461487e-07,-0.8540245294570923,-2.0382060635536072e-08,0.13878633081912994,-8.343998558757448e-08,0.0030201796907931566,0.13889709353446947,8.302323385216826e-09,trajectory,STRAIGHT,3.456315517425537,1.658284187316891,3.403170012461487e-07
174,116772.421,1.6616153717041016,-3.423235170885164e-07,-0.8539520502090454,-2.1584313137626903e-08,0.13878633081912994,-8.376426308132068e-08,0.0030201468616724014,0.13889709353446947,6.775179138368428e-09,trajectory,STRAIGHT,3.456315517425537,1.661615371704098,3.423235170885164e-07
175,116772.515,1.6732745170593262,-3.4940768500746344e-07,-0.8536983728408813,-2.579219689491263e-08,0.13878633081912994,-8.490410152717232e-08,0.003020117525011301,0.13889709353446944,7.917378420954487e-09,trajectory,STRAIGHT,3.4556984901428223,1.6732745170593208,3.4940768500746344e-07
176,116772.625,1.684100866317749,-3.5607180848273856e-07,-0.853462815284729,-2.969951752663312e-08,0.13878633081912994,-8.5969290353205e-08,0.003020117525011301,0.13889709353446938,7.572782938831368e-09,trajectory,STRAIGHT,3.4550821781158447,1.6841008663177437,3.5607180848273856e-07
177,116772.75,1.6974256038665771,-3.643883133008785e-07,-0.8531728982925415,-3.4508582601907264e-08,0.13878633081912994,-8.728925138257182e-08,0.003020117525011301,0.13889709353446936,8.886353968358316e-09,trajectory,STRAIGHT,3.454465389251709,1.6974256038665718,3.643883133008785e-07
178,116772.875,1.715330719947815,-3.757640740786883e-07,-0.8527833223342896,-4.0970766183683444e-08,0.13878633081912994,-8.907851167805347e-08,0.003020117525011301,0.13889709353446913,8.381822152998707e-09,trajectory,STRAIGHT,3.4538497924804688,1.7153307199478096,3.757640740786883e-07
179,116773.0,1.7294882535934448,-3.8492296994263597e-07,-0.8524752855300903,-4.608039971337637e-08,0.13878633081912994,-9.050589255821251e-08,0.003020117525011301,0.13889709353446927,8.090459495174557e-09,trajectory,STRAIGHT,3.453233480453491,1.7294882535934395,3.8492296994263597e-07
180,116773.125,1.7440621852874756,-3.94503985035044e-07,-0.8521581888198853,-5.1340316582100824e-08,0.13878633081912994,-9.198690520406672e-08,0.003020117525011301,0.13889709353446925,9.552363566240266e-09,trajectory,STRAIGHT,3.4526169300079346,1.7440621852874703,3.94503985035044e-07
181,116773.218,1.756137728691101,-4.025606301638618e-07,-0.8518954515457153,-5.569853341612754e-08,0.13878633081912994,-9.32229795580497e-08,0.003020117525011301,0.1388970935344691,8.013649948363435e-09,trajectory,STRAIGHT,3.452000856399536,1.7561377286910957,4.025606301638618e-07
182,116773.25,1.759468913078308,-4.0480213669980003e-07,-0.8518229722976685,-5.6900800128953054e-08,0.13878633081912994,-9.356539720783985e-08,0.003020117525011301,0.1388970935344691,8.351665522275638e-09,trajectory,STRAIGHT,3.452000856399536,1.7594689130783028,4.0480213669980003e-07
183,116773.343,1.7707116603851318,-4.124280508222e-07,-0.8515783548355103,-6.095841831028585e-08,0.13878633081912994,-9.472560691392573e-08,0.003020117525011301,0.13889709353446916,8.001052157372921e-09,trajectory,STRAIGHT,3.4513866901397705,1.7707116603851247,4.124280508222e-07
184,116773.453,1.7844527959823608,-4.2187667759208125e-07,-0.8512793779373169,-6.591765126103959e-08,0.13878633081912994,-9.615319385147814e-08,0.003020117525011301,0.1388970935344691,9.404829306134633e-09,trajectory,STRAIGHT,3.450770378112793,1.7844527959823537,4.2187667759208125e-07
185,116773.546,1.797361135482788,-4.3085114498353505e-07,-0.8509985208511353,-6.989775465894726e-08,0.13878633081912994,-9.564223546476569e-08,0.003020139876753092,0.13889709353446908,8.08054128924295e-09,trajectory,STRAIGHT,3.4501540660858154,1.797361135482781,4.3085114498353505e-07
186,116773.578,1.7994431257247925,-4.3227757373642817e-07,-0.850953221321106,-7.026173703883697e-08,0.13878633081912994,-9.448135074308084e-08,0.003020139876753092,0.1388970935344691,8.147572096564137e-09,trajectory,STRAIGHT,3.4501540660858154,1.7994431257247854,4.3227757373642817e-07
187,116773.656,1.8106858730316162,-4.3960790208075196e-07,-0.8507086038589478,-7.127613012480394e-08,0.13878633081912994,-8.689700337072281e-08,0.003020139876753092,0.13889709353446913,6.914726254686078e-09,trajectory,STRAIGHT,3.449538230895996,1.810685873031609,4.3960790208075196e-07
188,116773.765,1.825259804725647,-4.481854034565913e-07,-0.8503915071487427,-7.080185866672581e-08,0.13878633081912994,-7.399099644089802e-08,0.003020139876753092,0.13889709353446922,6.595181549928403e-09,trajectory,STRAIGHT,3.4489216804504395,1.8252598047256399,4.481854034565913e-07
189,116773.89,1.8398337364196777,-4.5454797259480983e-07,-0.8500744104385376,-7.014442900709412e-08,0.13878633081912994,-4.431796440940161e-08,0.003020139876753092,0.13889709353446938,3.2349160545603677e-09,trajectory,STRAIGHT,3.4483046531677246,1.8398337364196706,4.5454797259480983e-07
190,116774.0,1.852742075920105,-4.572376326450467e-07,-0.849793553352356,-7.040502609438229e-08,0.13878633081912994,-1.8100662302344972e-08,0.003020139876753092,0.13889709353446952,8.704970805746819e-10,trajectory,STRAIGHT,3.447688579559326,1.8527420759200979,4.572376326450467e-07
191,116774.109,1.8652340173721313,-4.58483270904253e-07,-0.8495217561721802,-7.073378700055784e-08,0.13878633081912994,-9.970666070557854e-09,0.0030200141482055187,0.13889709353446958,2.8510248865086527e-10,trajectory,STRAIGHT,3.447072982788086,1.8652340173721225,4.58483270904253e-07
192,116774.25,1.8814735412597656,-4.5905829892944894e-07,-0.8491684198379517,-6.976398026420076e-08,0.13878633081912994,6.558230625230976e-10,0.003019890282303095,0.13889709353446963,-9.798200460542162e-10,trajectory,STRAIGHT,3.446458101272583,1.8814735412597567,4.5905829892944894e-07
193,116774.343,1.8922998905181885,-4.587315345361276e-07,-0.8489328622817993,-6.891157550313133e-08,0.13878633081912994,6.895367388182194e-09,0.003019886091351509,0.13889709353446966,-1.5092711621317374e-09,trajectory,STRAIGHT,3.4458413124084473,1.8922998905181796,4.5905829892944894e-07
194,116774.375,1.8964638710021973,-4.584915131999878e-07,-0.8488422632217407,-6.833862663767876e-08,0.13878633081912994,8.500857795468164e-09,0.0030198944732546806,0.13889709353446966,-1.7404817935210615e-09,trajectory,STRAIGHT,3.4458413124084473,1.8964638710021884,4.5905829892944894e-07
195,116774.468,1.9093722105026245,-4.5757366251564235e-07,-0.8485614061355591,-6.654935442932676e-08,0.13878633081912994,1.1205742111997097e-08,0.003019888885319233,0.1388970935344697,-1.9919670818505936e-09,trajectory,STRAIGHT,3.445225238800049,1.9093722105026156,4.5905829892944894e-07
196,116774.578,1.9218641519546509,-4.565004587675503e-07,-0.8482896089553833,-6.454400724612717e-08,0.13878633081912994,1.2043459562960379e-08,0.0030198832973837852,0.1388970935344697,-2.422613814584922e-09,trajectory,STRAIGHT,3.444608688354492,1.9218641519546438,4.5905829892944894e-07
197,116774.671,1.9331068992614746,-4.5557251837635704e-07,-0.8480449914932251,-6.244004351891402e-08,0.13878633081912994,1.0617881684993336e-08,0.003019888885319233,0.13889709353446966,-1.916086672645327e-09,trajectory,STRAIGHT,3.4439938068389893,1.9331068992614675,4.5905829892944894e-07
198,116774.765,1.9435168504714966,-4.547896992335154e-07,-0.8478184938430786,-6.036658052372607e-08,0.13878633081912994,1.0008613493539542e-08,0.003019891679286957,0.13889709353446966,-2.1904621391829605e-09,trajectory,STRAIGHT,3.4439938068389893,1.9435168504714895,4.5905829892944894e-07
199,116774.875,1.952677607536316,-4.541943781077862e-07,-0.8476191759109497,-5.8483323974563586e-08,0.13878633081912994,8.580762766996486e-09,0.003019884694367647,0.13889709353446966,-1.6372288170591525e-09,trajectory,STRAIGHT,3.4433770179748535,1.9526776075363088,4.5905829892944894e-07
200,116774.984,1.9701663255691528,-4.5335667664403445e-07,-0.8472386598587036,-5.504094224766927e-08,0.13878633081912994,5.109588308016555e-09,0.003019886091351509,0.13889709353446963,-1.8424288067236748e-09,trajectory,STRAIGHT,3.442760705947876,1.9701663255691457,4.5905829892944894e-07
201,116775.125,1.9851566553115845,-4.530057253759878e-07,-0.8469125032424927,-5.192494179325607e-08,0.13878633081912994,2.0244996790097503e-09,0.003019890282303095,0.13889709353446963,-1.1630101184591592e-09,trajectory,STRAIGHT,3.4421448707580566,1.9851566553115774,4.5905829892944894e-07
202,116775.218,1.9976485967636108,-4.529947830178571e-07,-0.8466407060623169,-4.914705891723586e-08,0.13878633081912994,-1.7395787033080978e-09,0.003019887488335371,0.13889709353446955,-7.467856436177805e-10,trajectory,STRAIGHT,3.441528081893921,1.9976485967636037,4.5905829892944894e-07
203,116775.25,2.000979423522949,-4.530387798240554e-07,-0.84656822681427,-4.84167811163071e-08,0.13878633081912994,-1.6973329408642712e-09,0.003019891679286957,0.13889709353446955,-8.258997302298016e-10,trajectory,STRAIGHT,3.4409120082855225,2.000979423522942,4.5905829892944894e-07
204,116775.359,2.009721279144287,-4.5321149855226395e-07,-0.846377968788147,-4.6582870762084065e-08,0.13878633081912994,-3.312734087046465e-09,0.003019890282303095,0.1388970935344695,-4.590277656679862e-10,trajectory,STRAIGHT,3.4409120082855225,2.00972127914428,4.5905829892944894e-07
205,116775.453,2.0238747596740723,-4.537194229214947e-07,-0.8460699319839478,-4.34574586573743e-08,0.13878633081912994,-6.626641013696144e-09,0.003019891679286957,0.13889709353446947,-4.797380661795377e-10,trajectory,STRAIGHT,3.440296173095703,2.023874759674065,4.5905829892944894e-07
206,116775.484,2.027621269226074,-4.5389626279757067e-07,-0.845988392829895,-4.2574545794835944e-08,0.13878633081912994,-6.77812117544363e-09,0.003019886091351509,0.13889709353446944,-1.7009398632516337e-11,trajectory,STRAIGHT,3.4396796226501465,2.027621269226067,4.5905829892944894e-07
207,116775.578,2.0380282402038574,-4.5452108565768867e-07,-0.8457618951797485,-4.0076080313470476e-08,0.13878633081912994,-9.694674396598657e-09,0.0030198832973837852,0.13889709353446944,1.5919817488664107e-11,trajectory,STRAIGHT,3.4396796226501465,2.0380282402038503,4.5905829892944894e-07
208,116775.656,2.0496840476989746,-4.554023576019972e-07,-0.8455082178115845,-3.738977299987052e-08,0.13878633081912994,-1.1402950583772054e-08,0.003019891679286957,0.13889709353446958,2.730165577504166e-10,trajectory,STRAIGHT,3.4390652179718018,2.0496840476989657,4.5905829892944894e-07
209,116775.812,2.0650863647460938,-4.568147460304317e-07,-0.8451730012893677,-3.3743048094438835e-08,0.13878633081912994,-1.4349049060058405e-08,0.003019891679286957,0.13889709353446958,2.780384735439964e-10,trajectory,STRAIGHT,3.438448190689087,2.065086364746085,4.5905829892944894e-07
210,116775.937,2.082986354827881,-4.5879542653892713e-07,-0.8447834253311157,-2.9452924445568035e-08,0.13878633081912994,-1.6290950810571303e-08,0.003019733587279916,0.13889709353446938,6.925979800071641e-10,trajectory,STRAIGHT,3.437831163406372,2.082986354827872,4.5905829892944894e-07
211,116776.031,2.0950584411621094,-4.603926981872064e-07,-0.8445206880569458,-2.690047439615203e-08,0.13878633081912994,-2.2170624447426235e-08,0.003019598312675953,0.13889709353446955,1.3469841796473661e-09,trajectory,STRAIGHT,3.4372169971466064,2.0950584411621005,4.603926981872064e-07
212,116776.14,2.108795642852783,-4.6319021862473164e-07,-0.8442217111587524,-2.5902481890616733e-08,0.13878633081912994,-3.879903687220576e-08,0.003019594121724367,0.13889709353446952,2.8339126076377108e-09,trajectory,STRAIGHT,3.4365992546081543,2.1087956428527743,4.6319021862473164e-07
213,116776.265,2.1229491233825684,-4.692871584666136e-07,-0.8439136743545532,-2.515809643699776e-08,0.13878633081912994,-8.50228047966084e-08,0.003019594121724367,0.13889709353446944,7.022144368155453e-09,trajectory,STRAIGHT,3.4359853267669678,2.1229491233825595,4.692871584666136e-07
214,116776.359,2.135437488555908,-4.789360446011415e-07,-0.8436418771743774,-2.5228548221326406e-08,0.13878633081912994,-1.2829086415422353e-07,0.003019594121724367,0.13889709353446933,1.1423134642984688e-08,trajectory,STRAIGHT,3.435368299484253,2.1354374885558993,4.789360446011415e-07
215,116776.39,2.1371026039123535,-4.805046955880243e-07,-0.843605637550354,-2.523794208891622e-08,0.13878633081912994,-1.3310587121395656e-07,0.003019594121724367,0.13889709353446933,1.0521857263674356e-08,trajectory,STRAIGHT,3.435368299484253,2.1371026039123446,4.805046955880243e-07
216,116776.484,2.1495909690856934,-4.940396820529713e-07,-0.8433338403701782,-2.5308390556219953e-08,0.13878633081912994,-1.6556010962176515e-07,0.003019594121724367,0.13889709353446927,1.4446339873976972e-08,trajectory,STRAIGHT,3.434752941131592,2.1495909690856845,4.940396820529713e-07
217,116776.593,2.162079334259033,-5.100513931211026e-07,-0.8430620431900024,-2.5367097335246756e-08,0.13878633081912994,-1.87950803365311e-07,0.003019594121724367,0.13889709353446922,1.7812222894283604e-08,trajectory,STRAIGHT,3.434136390686035,2.1620793342590225,5.100513931211026e-07
218,116776.687,2.1729025840759277,-5.251930019767315e-07,-0.8428264856338501,-2.5306041461757763e-08,0.13878633081912994,-1.9807363571544556e-07,0.003019594121724367,0.1388970935344692,1.7045586183225147e-08,trajectory,STRAIGHT,3.4335193634033203,2.172902584075917,5.251930019767315e-07
219,116776.703,2.177065372467041,-5.311677000463533e-07,-0.8427358865737915,-2.5282558555830117e-08,0.13878633081912994,-2.0002265443963552e-07,0.003019594121724367,0.1388970935344692,1.778639074804815e-08,trajectory,STRAIGHT,3.4329049587249756,2.1770653724670304,5.311677000463533e-07
220,116776.812,2.188304901123047,-5.472866746458749e-07,-0.8424912691116333,-2.5219153563997485e-08,0.13878633081912994,-1.9715581345280953e-07,0.003019594121724367,0.13889709353446922,1.7069670993916508e-08,trajectory,STRAIGHT,3.4329049587249756,2.1883049011230344,5.472866746458749e-07
221,116776.921,2.2020421028137207,-5.661619866259571e-07,-0.8421922922134399,-2.5141655752909455e-08,0.13878633081912994,-1.8283778047134547e-07,0.003019594121724367,0.13889709353446925,1.777041972754192e-08,trajectory,STRAIGHT,3.4329049587249756,2.2020421028137083,5.661619866259571e-07
222,116777.031,2.213697910308838,-5.805185878671182e-07,-0.8419386148452759,-2.507590379475633e-08,0.13878633081912994,-1.5685102994211775e-07,0.003019594121724367,0.13889709353446927,1.366952391855863e-08,trajectory,STRAIGHT,3.4322874546051025,2.2136979103088255,5.805185878671182e-07
223,116777.062,2.217860698699951,-5.850996558365296e-07,-0.8418480157852173,-2.5052421541670995e-08,0.13878633081912994,-1.4888524901834899e-07,0.003019594121724367,0.1388970935344693,1.3477879315055198e-08,trajectory,STRAIGHT,3.4322874546051025,2.217860698699937,5.850996558365296e-07
224,116777.14,2.2270188331604004,-5.942800385128066e-07,-0.8416486978530884,-2.503363187140128e-08,0.13878633081912994,-1.290937348130683e-07,0.003019594121724367,0.13889709353446936,1.0942785875814361e-08,trajectory,STRAIGHT,3.4316728115081787,2.227018833160386,5.942800385128066e-07
225,116777.265,2.241588592529297,-6.065621391826426e-07,-0.8413316011428833,-2.5033632208967028e-08,0.13878633081912994,-1.0600139432881406e-07,0.003019594121724367,0.13889709353446938,1.028713533401567e-08,trajectory,STRAIGHT,3.431055784225464,2.2415885925292827,6.065621391826426e-07
226,116777.343,2.2511630058288574,-6.133791430329438e-07,-0.8411232233047485,-2.5033631137621426e-08,0.13878633081912994,-9.290256031135868e-08,0.003019594121724367,0.1388970935344694,7.81199080470062e-09,trajectory,STRAIGHT,3.4304394721984863,2.251163005828843,6.133791430329438e-07
227,116777.375,2.2574071884155273,-6.174042255224776e-07,-0.8409873247146606,-2.503363429988068e-08,0.13878633081912994,-8.512725457876513e-08,0.003019594121724367,0.13889709353446944,7.576843414796857e-09,trajectory,STRAIGHT,3.429824113845825,2.257407188415513,6.174042255224776e-07
228,116777.453,2.2661490440368652,-6.224650519470742e-07,-0.8407970666885376,-2.5033634257008074e-08,0.13878633081912994,-7.651253497442667e-08,0.003019594121724367,0.13889709353446944,6.3272552948434715e-09,trajectory,STRAIGHT,3.429824113845825,2.2661490440368492,6.224650519470742e-07
229,116777.546,2.2782211303710938,-6.285106337600155e-07,-0.8405343294143677,-2.503363493316102e-08,0.13878633081912994,-6.424243537139773e-08,0.003019594121724367,0.13889709353446947,5.9199847471949606e-09,trajectory,STRAIGHT,3.4292073249816895,2.2782211303710778,6.285106337600155e-07
230,116777.593,2.2819676399230957,-6.301901862570958e-07,-0.8404527902603149,-2.5033636587219865e-08,0.13878633081912994,-5.985531004171207e-08,0.003019594121724367,0.1388970935344695,4.669055217071366e-09,trajectory,STRAIGHT,3.4285929203033447,2.2819676399230797,6.301901862570958e-07
231,116777.656,2.2915420532226562,-6.340159188766847e-07,-0.8402444124221802,-2.5033637842674418e-08,0.13878633081912994,-5.2103956704740995e-08,0.003019594121724367,0.1388970935344695,4.407552083698752e-09,trajectory,STRAIGHT,3.4285929203033447,2.2915420532226403,6.340159188766847e-07
232,116777.781,2.3056955337524414,-6.386617883435974e-07,-0.839936375617981,-2.506650603683726e-08,0.13878633081912994,-4.107869600034064e-08,0.0030193207785487175,0.13889709353446952,3.9575184469867135e-09,trajectory,STRAIGHT,3.42797589302063,2.3056955337524254,6.386617883435974e-07
233,116777.89,2.319016456604004,-6.421632292585855e-07,-0.8396464586257935,-2.5066481423034167e-08,0.13878633081912994,-3.1064733008179246e-08,0.0030192830599844456,0.13889709353446955,2.5236186055932902e-09,trajectory,STRAIGHT,3.4273593425750732,2.319016456603988,6.421632292585855e-07
234,116778.0,2.331921100616455,-6.444946052397427e-07,-0.8393656015396118,-2.5066478105695965e-08,0.13878633081912994,-2.0755585694587353e-08,0.0030192998237907887,0.13889709353446955,1.899676730478943e-09,trajectory,STRAIGHT,3.4267446994781494,2.331921100616439,6.444946052397427e-07
235,116778.109,2.344409465789795,-6.462029205067665e-07,-0.839093804359436,-2.506647785366263e-08,0.13878633081912994,-1.534234783662214e-08,0.0030192998237907887,0.13889709353446958,1.088604636494733e-09,trajectory,STRAIGHT,3.4261279106140137,2.344409465789779,6.462029205067665e-07
236,116778.203,2.357314109802246,-6.468068249887438e-07,-0.8388129472732544,-2.5078219175600496e-08,0.13878633081912994,4.9162469650809726e-09,0.0030192998237907887,0.1388970935344696,-5.030259421335968e-10,trajectory,STRAIGHT,3.425510883331299,2.35731410980223,6.468068249887438e-07
237,116778.234,2.361060619354248,-6.465785986620176e-07,-0.8387314081192017,-2.5136925811122312e-08,0.13878633081912994,1.1618619844000477e-08,0.0030192998237907887,0.13889709353446963,-1.2349520660182496e-09,trajectory,STRAIGHT,3.4248955249786377,2.361060619354232,6.468068249887438e-07
238,116778.328,2.3702187538146973,-6.453847731791029e-07,-0.8385320901870728,-2.5721617475394675e-08,0.13878633081912994,2.3484750144575628e-08,0.0030192998237907887,0.13889709353446966,-2.275422907216593e-09,trajectory,STRAIGHT,3.4248955249786377,2.3702187538146813,6.468068249887438e-07
239,116778.421,2.3818745613098145,-6.430316830119409e-07,-0.8382784128189087,-2.764711019470778e-08,0.13878633081912994,3.066439191456993e-08,0.0030192998237907887,0.13889709353446966,-2.948642278395331e-09,trajectory,STRAIGHT,3.4248955249786377,2.3818745613097985,6.468068249887438e-07
240,116778.453,2.3860373497009277,-6.420836484721804e-07,-0.8381878137588501,-2.863333706389911e-08,0.13878633081912994,3.278201177181472e-08,0.0030192998237907887,0.1388970935344697,-2.9485744243314247e-09,trajectory,STRAIGHT,3.424278497695923,2.3860373497009117,6.468068249887438e-07
241,116778.531,2.395195484161377,-6.398244636329764e-07,-0.8379884958267212,-3.136659248498817e-08,0.13878633081912994,3.513724777803873e-08,0.0030192998237907887,0.1388970935344697,-3.1497970694756403e-09,trajectory,STRAIGHT,3.424278497695923,2.395195484161361,6.468068249887438e-07
242,116778.625,2.4060187339782715,-6.369883749357541e-07,-0.8377529382705688,-3.541480114295752e-08,0.13878633081912994,3.664626646582292e-08,0.0030192998237907887,0.13889709353446972,-3.242026869775358e-09,trajectory,STRAIGHT,3.423664093017578,2.4060187339782555,6.468068249887438e-07
243,116778.64,2.408100128173828,-6.364371643030609e-07,-0.8377076387405396,-3.6213168215391964e-08,0.13878633081912994,3.6855560381354735e-08,0.0030192998237907887,0.13889709353446972,-3.2513204144138617e-09,trajectory,STRAIGHT,3.423664093017578,2.408100128173812,6.468068249887438e-07
244,116778.718,2.419339656829834,-6.334357749437913e-07,-0.8374630212783813,-4.0524336623706895e-08,0.13878633081912994,3.742210452628569e-08,0.0030192998237907887,0.13889709353446972,-3.2646433943319486e-09,trajectory,STRAIGHT,3.423046827316284,2.419339656829818,6.468068249887438e-07
245,116778.75,2.4210047721862793,-6.329826760520518e-07,-0.8374267816543579,-4.116303427550087e-08,0.13878633081912994,3.815190652289857e-08,0.0030192998237907887,0.13889709353446975,-3.497476085273793e-09,trajectory,STRAIGHT,3.4224302768707275,2.4210047721862633,6.468068249887438e-07
246,116778.843,2.434325695037842,-6.28873863206536e-07,-0.8371368646621704,-4.6272587003315106e-08,0.13878633081912994,4.5582183361148054e-08,0.0030192998237907887,0.13889709353446977,-4.1110452857540225e-09,trajectory,STRAIGHT,3.4224302768707275,2.434325695037826,6.468068249887438e-07
247,116778.953,2.447230339050293,-6.24621009137627e-07,-0.8368560075759888,-5.12224338146644e-08,0.13878633081912994,4.320819613212734e-08,0.0030192998237907887,0.1388970935344697,-4.0217750352901436e-09,trajectory,STRAIGHT,3.4218151569366455,2.447230339050277,6.468068249887438e-07
248,116779.062,2.460967540740967,-6.2137149825503e-07,-0.8365570306777954,-5.6491606958403725e-08,0.13878633081912994,1.8380493571612533e-08,0.0030192998237907887,0.13889709353446958,-1.9764990811281246e-09,trajectory,STRAIGHT,3.4211983680725098,2.460967540740951,6.468068249887438e-07
249,116779.156,2.4709582328796387,-6.211703293956816e-07,-0.8363395929336548,-6.032375073340288e-08,0.13878633081912994,-1.4941623049935515e-08,0.0030192998237907887,0.13889709353446955,8.283907712942227e-10,trajectory,STRAIGHT,3.420583724975586,2.4709582328796227,6.468068249887438e-07
250,116779.171,2.473872184753418,-6.216096721800568e-07,-0.8362761735916138,-6.144147903649494e-08,0.13878633081912994,-2.708209301260922e-08,0.0030192998237907887,0.1388970935344695,1.9239050050180315e-09,trajectory,STRAIGHT,3.420583724975586,2.473872184753402,6.468068249887438e-07
251,116779.281,2.4859442710876465,-6.265241836445057e-07,-0.8360134363174438,-6.607206854452639e-08,0.13878633081912994,-8.902836157176353e-08,0.0030192998237907887,0.13889709353446916,7.696965202318504e-09,trajectory,STRAIGHT,3.4199674129486084,2.4859442710876305,6.468068249887438e-07
252,116779.375,2.496767520904541,-6.359488793350465e-07,-0.8357778787612915,-7.02235689835574e-08,0.13878633081912994,-1.5052729906983586e-07,0.0030192998237907887,0.13889709353446877,1.2544113097429598e-08,trajectory,STRAIGHT,3.4193499088287354,2.496767520904525,6.468068249887438e-07
253,116779.406,2.501762866973877,-6.418189286705456e-07,-0.8356691598892212,-7.21396559051068e-08,0.13878633081912994,-1.7548168784742302e-07,0.0030192998237907887,0.1388970935344686,1.5259693608072456e-08,trajectory,STRAIGHT,3.4193499088287354,2.501762866973861,6.468068249887438e-07
254,116779.484,2.509672164916992,-6.528359222102154e-07,-0.8354970216751099,-7.51687444608834e-08,0.13878633081912994,-2.0942471223861503e-07,0.0030193040147423744,0.13889709353446839,1.7264540450158193e-08,trajectory,STRAIGHT,3.4193499088287354,2.5096721649169744,6.528359222102154e-07
255,116779.593,2.5192465782165527,-6.685054927402234e-07,-0.8352886438369751,-7.754038004852644e-08,0.13878633081912994,-2.437107582409226e-07,0.003019368276000023,0.1388970935344681,2.170909653216149e-08,trajectory,STRAIGHT,3.4187355041503906,2.519246578216535,6.685054927402234e-07
256,116779.703,2.5367302894592285,-7.017934535724635e-07,-0.834908127784729,-7.814142260877843e-08,0.13878633081912994,-2.787613198051986e-07,0.00301938084885478,0.13889709353446789,2.4685588810457874e-08,trajectory,STRAIGHT,3.418118476867676,2.536730289459209,7.017934535724635e-07
257,116779.765,2.5458884239196777,-7.204042731245863e-07,-0.8347088098526001,-7.834800945369278e-08,0.13878633081912994,-2.836691521679313e-07,0.00301938084885478,0.13889709353446786,2.3633630031884755e-08,trajectory,STRAIGHT,3.417504072189331,2.5458884239196564,7.204042731245863e-07
258,116779.843,2.5533814430236816,-7.356761670962442e-07,-0.8345457315444946,-7.851703516044238e-08,0.13878633081912994,-2.8092514980926353e-07,0.00301938084885478,0.13889709353446786,2.4897337373960102e-08,trajectory,STRAIGHT,3.417504072189331,2.5533814430236603,7.356761670962442e-07
259,116779.937,2.5608744621276855,-7.50635649637843e-07,-0.8343826532363892,-7.86860873595717e-08,0.13878633081912994,-2.721357645896205e-07,0.00301938084885478,0.13889709353446783,2.235111073756999e-08,trajectory,STRAIGHT,3.416886329650879,2.5608744621276625,7.50635649637843e-07
260,116780.015,2.5737791061401367,-7.750599024802796e-07,-0.8341017961502075,-7.897725930110428e-08,0.13878633081912994,-2.52185515137171e-07,0.00301938084885478,0.13889709353446797,2.3121264887610693e-08,trajectory,STRAIGHT,3.416271924972534,2.573779106140112,7.750599024802796e-07
261,116780.078,2.5821046829223633,-7.897836553638626e-07,-0.8339205980300903,-7.9165122417346e-08,0.13878633081912994,-2.3799027815130103e-07,0.00301938084885478,0.13889709353446808,1.958551137203842e-08,trajectory,STRAIGHT,3.416271924972534,2.5821046829223384,7.897836553638626e-07
262,116780.171,2.5925116539001465,-8.069068826443981e-07,-0.8336941003799438,-7.939995595289472e-08,0.13878633081912994,-2.1891625578973617e-07,0.00301938084885478,0.1388970935344682,1.9709961513754457e-08,trajectory,STRAIGHT,3.4156546592712402,2.59251165390012,8.069068826443981e-07
263,116780.203,2.598339557647705,-8.158621653819864e-07,-0.8335672616958618,-7.953146038554658e-08,0.13878633081912994,-2.0791468102743238e-07,0.00301938084885478,0.13889709353446825,1.6612472663887803e-08,trajectory,STRAIGHT,3.4150376319885254,2.5983395576476784,8.158621653819864e-07
264,116780.296,2.607081413269043,-8.28465374524967e-07,-0.8333770036697388,-7.972872550235209e-08,0.13878633081912994,-1.9163246633979725e-07,0.00301938084885478,0.13889709353446836,1.651794003378197e-08,trajectory,STRAIGHT,3.4150376319885254,2.6070814132690145,8.28465374524967e-07
265,116780.406,2.621234893798828,-8.467146699331352e-07,-0.8330689668655396,-8.004809812937325e-08,0.13878633081912994,-1.660517767732017e-07,0.00301938084885478,0.13889709353446852,1.4138946479268923e-08,trajectory,STRAIGHT,3.4144229888916016,2.6212348937987997,8.467146699331352e-07
266,116780.515,2.6341395378112793,-8.610749659965222e-07,-0.8327881097793579,-8.033929289926475e-08,0.13878633081912994,-1.432073730711636e-07,0.00301938084885478,0.1388970935344687,1.192606427694582e-08,trajectory,STRAIGHT,3.413806438446045,2.634139537811249,8.610749659965222e-07
267,116780.625,2.647876739501953,-8.740643693272432e-07,-0.8324891328811646,-8.064929549927511e-08,0.13878633081912994,-1.1947606992634974e-07,0.00301938084885478,0.13889709353446883,1.1242869077393819e-08,trajectory,STRAIGHT,3.41318941116333,2.647876739501923,8.740643693272432e-07
268,116780.765,2.6632790565490723,-8.859698823471263e-07,-0.8321539163589478,-8.09968678505628e-08,0.13878633081912994,-9.538270262510196e-08,0.00301938084885478,0.138897093534469,7.831870155533621e-09,trajectory,STRAIGHT,3.412574529647827,2.6632790565490403,8.859698823471263e-07
269,116780.859,2.675767421722412,-8.937439019973681e-07,-0.831882119178772,-8.127869337085733e-08,0.13878633081912994,-7.784267097576958e-08,0.00301938084885478,0.13889709353446908,6.029064664615283e-09,trajectory,STRAIGHT,3.411957263946533,2.67576742172238,8.937439019973681e-07
270,116780.984,2.69075345993042,-9.01060104752105e-07,-0.831555962562561,-8.161686925354492e-08,0.13878633081912994,-5.798969127113196e-08,0.00301938084885478,0.1388970935344692,5.079775738295604e-09,trajectory,STRAIGHT,3.4113428592681885,2.690753459930386,9.01060104752105e-07
271,116781.093,2.7032418251037598,-9.056309409061214e-07,-0.8312841653823853,-8.189868497779938e-08,0.13878633081912994,-4.348050097746636e-08,0.00301938084885478,0.13889709353446933,2.9521137585439746e-09,trajectory,STRAIGHT,3.4107260704040527,2.703241825103726,9.056309409061214e-07
272,116781.203,2.717395305633545,-9.093263315662625e-07,-0.830976128578186,-8.221808044994057e-08,0.13878633081912994,-2.9313380167650394e-08,0.00301938084885478,0.1388970935344694,2.0999104161206985e-09,trajectory,STRAIGHT,3.4101104736328125,2.717395305633511,9.093263315662625e-07
273,116781.312,2.7311325073242188,-9.115791499425541e-07,-0.8306771516799927,-8.261259578870863e-08,0.13878633081912994,-1.667119597925648e-08,0.003019188530743122,0.13889709353446952,5.677025368757734e-10,trajectory,STRAIGHT,3.409494161605835,2.731132507324185,9.115791499425541e-07
274,116781.421,2.7444534301757812,-9.126445092988433e-07,-0.8303872346878052,-8.423035477026285e-08,0.13878633081912994,-6.526339024759409e-09,0.0030190451070666313,0.1388970935344696,-1.0796096626270249e-10,trajectory,STRAIGHT,3.408877372741699,2.7444534301757475,9.126445092988433e-07
275,116781.531,2.7577743530273438,-9.130247349276033e-07,-0.8300973176956177,-8.588332091971868e-08,0.13878633081912994,-2.399426213273159e-09,0.0030190437100827694,0.13889709353446963,-6.726857134580842e-10,trajectory,STRAIGHT,3.4082627296447754,2.75777435302731,9.130247349276033e-07
276,116781.64,2.7715115547180176,-9.133109415415674e-07,-0.8297983407974243,-8.758794229799058e-08,0.13878633081912994,-4.450205093320392e-09,0.0030190437100827694,0.1388970935344696,-4.5105889144176113e-10,trajectory,STRAIGHT,3.4076457023620605,2.771511554717984,9.133109415415674e-07
277,116781.75,2.7844161987304688,-9.14041720534442e-07,-0.8295174837112427,-8.918925332355016e-08,0.13878633081912994,-1.2209984134869956e-08,0.0030190437100827694,0.1388970935344693,1.0465223886351592e-10,trajectory,STRAIGHT,3.407029390335083,2.784416198730435,9.14041720534442e-07
278,116781.875,2.7989859580993652,-9.160771696770098e-07,-0.8292003870010376,-9.091506029413301e-08,0.13878633081912994,-2.7762823151533667e-08,0.0030190604738891125,0.1388970935344692,1.5711553505313512e-09,trajectory,STRAIGHT,3.4064135551452637,2.7989859580993315,9.160771696770098e-07
279,116781.984,2.8118906021118164,-9.195357506541768e-07,-0.828919529914856,-9.229808517664909e-08,0.13878633081912994,-4.7553786686194144e-08,0.0030190604738891125,0.13889709353446913,3.1445791209763007e-09,trajectory,STRAIGHT,3.4057974815368652,2.811890602111781,9.195357506541768e-07
280,116782.062,2.8218812942504883,-9.236305800186528e-07,-0.8287020921707153,-9.33617724589956e-08,0.13878633081912994,-6.675685426671407e-08,0.0030190604738891125,0.138897093534469,5.090218648507891e-09,trajectory,STRAIGHT,3.4057974815368652,2.8218812942504528,9.236305800186528e-07
281,116782.109,2.827709197998047,-9.266984761779895e-07,-0.8285752534866333,-9.367405934334205e-08,0.13878633081912994,-7.952281322332055e-08,0.0030190604738891125,0.13889709353446905,5.605196702948731e-09,trajectory,STRAIGHT,3.405182123184204,2.8277091979980113,9.266984761779895e-07
282,116782.187,2.8364510536193848,-9.323532594862627e-07,-0.8283849954605103,-9.35613840844984e-08,0.13878633081912994,-9.964691116692848e-08,0.0030190604738891125,0.1388970935344689,7.688862021156634e-09,trajectory,STRAIGHT,3.405182123184204,2.8364510536193492,9.323532594862627e-07
283,116782.281,2.8476905822753906,-9.411208452547726e-07,-0.828140377998352,-9.337120252783384e-08,0.13878633081912994,-1.141175189900423e-07,0.0030190604738891125,0.1388970935344688,9.601694895531351e-09,trajectory,STRAIGHT,3.40456485748291,2.8476905822753533,9.411208452547726e-07
284,116782.406,2.8630928993225098,-9.537062624076498e-07,-0.8278051614761353,-9.311058338377471e-08,0.13878633081912994,-1.0754585844097164e-07,0.0030190604738891125,0.13889709353446886,8.658938505326565e-09,trajectory,STRAIGHT,3.4039483070373535,2.8630928993224725,9.537062624076498e-07
285,116782.515,2.8755812644958496,-9.623365713196108e-07,-0.8275333642959595,-9.294151933705621e-08,0.13878633081912994,-8.358910719152846e-08,0.0030190604738891125,0.13889709353446902,7.474591628673033e-09,trajectory,STRAIGHT,3.4033329486846924,2.8755812644958123,9.623365713196108e-07
286,116782.625,2.888902187347412,-9.697447467260645e-07,-0.827243447303772,-9.285468843529349e-08,0.13878633081912994,-7.030779158867517e-08,0.0030190604738891125,0.13889709353446913,5.202109842874896e-09,trajectory,STRAIGHT,3.402716636657715,2.888902187347373,9.697447467260645e-07
287,116782.718,2.901390552520752,-9.75099624156428e-07,-0.8269716501235962,-9.278432780958672e-08,0.13878633081912994,-5.056660157265469e-08,0.0030190604738891125,0.13889709353446927,4.036268799546803e-09,trajectory,STRAIGHT,3.402101516723633,2.901390552520713,9.75099624156428e-07
288,116782.75,2.905137062072754,-9.76439537225815e-07,-0.8268901109695435,-9.27632223360905e-08,0.13878633081912994,-4.9070887797597607e-08,0.0030190604738891125,0.13889709353446927,2.992856572502443e-09,trajectory,STRAIGHT,3.401484966278076,2.905137062072715,9.76439537225815e-07
289,116782.828,2.915544033050537,-9.799457529879874e-07,-0.826663613319397,-9.272100221567236e-08,0.13878633081912994,-4.203960202175949e-08,0.0030190604738891125,0.13889709353446933,2.6807433805582776e-09,trajectory,STRAIGHT,3.401484966278076,2.915544033050498,9.799457529879874e-07
290,116782.953,2.929281234741211,-9.83654786068655e-07,-0.8263646364212036,-9.272100835599444e-08,0.13878633081912994,-3.6925015933775285e-08,0.0030190604738891125,0.13889709353446938,2.5151076194775136e-09,trajectory,STRAIGHT,3.4008684158325195,2.92928123474117,9.83654786068655e-07
291,116783.078,2.9438509941101074,-9.870246913123992e-07,-0.8260475397109985,-9.273976497205915e-08,0.13878633081912994,-2.4076392435290472e-08,0.0030189286917448044,0.13889709353446947,1.100177038726978e-09,trajectory,STRAIGHT,3.4002528190612793,2.9438509941100666,9.870246913123992e-07
292,116783.187,2.9580044746398926,-9.888696013149456e-07,-0.8257395029067993,-9.292998423063967e-08,0.13878633081912994,-1.3396798337339533e-08,0.0030187361408025026,0.13889709353446955,1.1193559809968522e-10,trajectory,STRAIGHT,3.399636745452881,2.9580044746398517,9.888696013149456e-07
293,116783.265,2.967162609100342,-9.89521595329279e-07,-0.8255401849746704,-9.320469111807575e-08,0.13878633081912994,-4.621750537836533e-09,0.0030187361408025026,0.1388970935344696,-5.861950957789061e-10,trajectory,STRAIGHT,3.3990213871002197,2.967162609100301,9.89521595329279e-07
294,116783.296,2.9721579551696777,-9.895769608192495e-07,-0.8254314661026001,-9.309197956398946e-08,0.13878633081912994,7.499376675212943e-10,0.0030187361408025026,0.13889709353446966,-1.1458238270235279e-09,trajectory,STRAIGHT,3.398404359817505,2.972157955169637,9.895769608192495e-07
295,116783.39,2.9833974838256836,-9.891732588585e-07,-0.8251868486404419,-9.194372179913285e-08,0.13878633081912994,8.622740743646773e-09,0.0030187361408025026,0.13889709353446972,-2.0208618622115406e-09,trajectory,STRAIGHT,3.398404359817505,2.9833974838256427,9.895769608192495e-07
296,116783.515,2.9975509643554688,-9.881709956971463e-07,-0.8248788118362427,-8.970593643916317e-08,0.13878633081912994,1.1332069504987885e-08,0.0030187361408025026,0.13889709353446972,-2.3535321566978883e-09,trajectory,STRAIGHT,3.3977882862091064,2.997550964355428,9.895769608192495e-07
297,116783.64,3.00421142578125,-9.875586783891777e-07,-0.8247338533401489,-8.850365204753416e-08,0.13878633081912994,1.494264445511817e-08,0.0030187361408025026,0.13889709353446975,-2.86773533670037e-09,trajectory,STRAIGHT,3.397172451019287,3.004211425781209,9.895769608192495e-07
298,116783.75,3.0254416465759277,-9.83175823421334e-07,-0.8242717981338501,-8.467146615681673e-08,0.13878633081912994,3.8656292389305236e-08,0.0030187361408025026,0.13889709353446944,-5.03386623819084e-09,trajectory,STRAIGHT,3.396557092666626,3.025441646575887,9.895769608192495e-07
299,116783.859,3.0391788482666016,-9.789981731955777e-07,-0.8239728212356567,-8.219180564692147e-08,0.13878633081912994,4.912240925136757e-08,0.0030187361408025026,0.1388970935344695,-6.616999389150486e-09,trajectory,STRAIGHT,3.3959405422210693,3.0391788482665607,9.895769608192495e-07
300,116783.953,3.05125093460083,-9.743376949700178e-07,-0.8237100839614868,-8.001276052023507e-08,0.13878633081912994,5.4253888492894475e-08,0.0030187361408025026,0.13889709353447,-6.009229706045214e-09,trajectory,STRAIGHT,3.3953235149383545,3.051250934600791,9.895769608192495e-07
301,116784.062,3.0641555786132812,-9.691544846646138e-07,-0.8234292268753052,-7.768339427550013e-08,0.13878633081912994,6.034790800413248e-08,0.0030187361408025026,0.13889709353447,-7.319581810258255e-09,trajectory,STRAIGHT,3.3947079181671143,3.064155578613242,9.895769608192495e-07
302,116784.078,3.0670695304870605,-9.678633432486095e-07,-0.8233658075332642,-7.715742430146118e-08,0.13878633081912994,6.238284555593054e-08,0.0030187361408025026,0.13889709353447002,-7.679417759071723e-09,trajectory,STRAIGHT,3.3947079181671143,3.0670695304870215,9.895769608192495e-07
303,116784.187,3.0799741744995117,-9.621993513064808e-07,-0.8230849504470825,-7.482811841881452e-08,0.13878633081912994,5.490065646540643e-08,0.0030187361408025026,0.1388970935344699,-6.3222706151294805e-09,trajectory,STRAIGHT,3.3947079181671143,3.0799741744994726,9.895769608192495e-07
304,116784.328,3.0949602127075195,-9.582455504641985e-07,-0.8227587938308716,-7.212311773504564e-08,0.13878633081912994,1.2215883415933604e-08,0.0030187361408025026,0.13889709353446958,-2.5520110359003265e-09,trajectory,STRAIGHT,3.3934762477874756,3.0949602127074805,9.895769608192495e-07
305,116784.421,3.1066160202026367,-9.595195251677069e-07,-0.8225051164627075,-7.001923268551591e-08,0.13878633081912994,-4.623178639917569e-08,0.0030187361408025026,0.13889709353446922,2.7565218163224937e-09,trajectory,STRAIGHT,3.3934762477874756,3.1066160202025976,9.895769608192495e-07
306,116784.453,3.1103625297546387,-9.61072146310471e-07,-0.8224235773086548,-6.934297361914912e-08,0.13878633081912994,-6.883245617927969e-08,0.0030187361408025026,0.1388970935344691,4.634528870777482e-09,trajectory,STRAIGHT,3.3934762477874756,3.1103625297545996,9.895769608192495e-07
307,116784.546,3.121185779571533,-9.687640840638778e-07,-0.8221880197525024,-6.738930623535149e-08,0.13878633081912994,-1.2526774639809446e-07,0.0030187361408025026,0.13889709353446877,9.774092455263207e-09,trajectory,STRAIGHT,3.3928604125976562,3.121185779571494,9.895769608192495e-07
308,116784.656,3.1345067024230957,-9.831039733398939e-07,-0.8218981027603149,-6.498479794920573e-08,0.13878633081912994,-1.686504162989877e-07,0.0030187361408025026,0.13889709353446858,1.4380977888304556e-08,trajectory,STRAIGHT,3.3922433853149414,3.134506702423055,9.895769608192495e-07
309,116784.765,3.147827625274658,-1.0002238468587166e-06,-0.8216081857681274,-6.258028939706052e-08,0.13878633081912994,-1.8318756644930545e-07,0.0030187361408025026,0.1388970935344685,1.5348355992142116e-08,trajectory,STRAIGHT,3.391627788543701,3.1478276252746156,1.0002238468587166e-06
310,116784.843,3.1574020385742188,-1.0126957477041287e-06,-0.8213998079299927,-6.085204871107873e-08,0.13878633081912994,-1.7581902511665248e-07,0.003018658608198166,0.13889709353446858,1.5796467105795498e-08,trajectory,STRAIGHT,3.391011953353882,3.157402038574176,1.0126957477041287e-06
311,116784.875,3.162813663482666,-1.0193672324021463e-06,-0.8212820291519165,-5.995739565414278e-08,0.13878633081912994,-1.661967559130062e-07,0.003018511226400733,0.13889709353446858,1.317527558770715e-08,trajectory,STRAIGHT,3.3903956413269043,3.1628136634826216,1.0193672324021463e-06
312,116784.953,3.17030668258667,-1.0280081141900155e-06,-0.821118950843811,-5.904866498762367e-08,0.13878633081912994,-1.5356610560957051e-07,0.0030185594223439693,0.13889709353446864,1.2904374720629202e-08,trajectory,STRAIGHT,3.3903956413269043,3.1703066825866255,1.0280081141900155e-06
313,116784.984,3.175302028656006,-1.0334020998925553e-06,-0.8210102319717407,-5.8816171238705895e-08,0.13878633081912994,-1.4659647717962798e-07,0.0030186292715370655,0.13889709353446894,1.156145620882741e-08,trajectory,STRAIGHT,3.389780282974243,3.1753020286559615,1.0334020998925553e-06
314,116785.078,3.179464817047119,-1.0377424359830911e-06,-0.8209196329116821,-5.8625946168207456e-08,0.13878633081912994,-1.4310501228465e-07,0.003018687479197979,0.13889709353446894,1.1674952453591172e-08,trajectory,STRAIGHT,3.389780282974243,3.179464817047073,1.0377424359830911e-06
315,116785.203,3.199446201324463,-1.0572284736554138e-06,-0.8204847574234009,-5.6571304728044513e-08,0.13878633081912994,-1.2678457039783098e-07,0.003018915420398116,0.13889709353446905,1.1144762052129738e-08,trajectory,STRAIGHT,3.3891634941101074,3.199446201324415,1.0572284736554138e-06
316,116785.296,3.2127671241760254,-1.0688922884583008e-06,-0.8201948404312134,-5.6284834973144444e-08,0.13878633081912994,-1.1972046820574178e-07,0.003018915420398116,0.13889709353446908,1.1646144840241775e-08,trajectory,STRAIGHT,3.38854718208313,3.2127671241759774,1.0688922884583008e-06
317,116785.328,3.214848518371582,-1.0706896773626795e-06,-0.8201495409011841,-5.624960732996032e-08,0.13878633081912994,-1.197871455360655e-07,0.003018915420398116,0.13889709353446908,9.122945879477405e-09,trajectory,STRAIGHT,3.3879315853118896,3.214848518371534,1.0706896773626795e-06
318,116785.406,3.2269206047058105,-1.0808804518092074e-06,-0.8198868036270142,-5.6111060152664194e-08,0.13878633081912994,-1.1497429852624919e-07,0.003018915420398116,0.1388970935344691,9.676970202848119e-09,trajectory,STRAIGHT,3.3879315853118896,3.226920604705761,1.0808804518092074e-06
319,116785.531,3.2385764122009277,-1.0902053872996476e-06,-0.8196331262588501,-5.597955442961076e-08,0.13878633081912994,-1.0740650679963437e-07,0.003018915420398116,0.13889709353446913,8.825079072885967e-09,trajectory,STRAIGHT,3.387314796447754,3.238576412200878,1.0902053872996476e-06
320,116785.625,3.253146171569824,-1.1008718274752027e-06,-0.819316029548645,-5.5843351157970455e-08,0.13878633081912994,-9.491588315313493e-08,0.003018915420398116,0.1388970935344692,8.799161460781825e-09,trajectory,STRAIGHT,3.386700391769409,3.2531461715697727,1.1008718274752027e-06
321,116785.671,3.256476402282715,-1.1031223721147398e-06,-0.8192435503005981,-5.582456384400906e-08,0.13878633081912994,-9.282167923174711e-08,0.003018915420398116,0.1388970935344692,7.01050429255356e-09,trajectory,STRAIGHT,3.386082887649536,3.2564764022826633,1.1031223721147398e-06
322,116785.703,3.260639190673828,-1.1058602922275895e-06,-0.8191529512405396,-5.5801083582063414e-08,0.13878633081912994,-8.919649019389908e-08,0.003018915420398116,0.13889709353446922,6.9689728629425425e-09,trajectory,STRAIGHT,3.386082887649536,3.2606391906737766,1.1058602922275895e-06
323,116785.875,3.278122901916504,-1.1161238262502593e-06,-0.8187724351882935,-5.570245038628548e-08,0.13878633081912994,-7.48654898075074e-08,0.003018915420398116,0.13889709353446927,6.742763380103206e-09,trajectory,STRAIGHT,3.3854660987854004,3.2781229019164506,1.1161238262502593e-06
324,116785.968,3.2939414978027344,-1.123987772189139e-06,-0.8184281587600708,-5.561321333597549e-08,0.13878633081912994,-6.3224078417079e-08,0.003018915420398116,0.13889709353446933,5.129956561536698e-09,trajectory,STRAIGHT,3.3848509788513184,3.293941497802681,1.123987772189139e-06
325,116785.984,3.2976880073547363,-1.1256634024903178e-06,-0.8183466196060181,-5.5592075024755246e-08,0.13878633081912994,-6.129364749085653e-08,0.003018915420398116,0.13889709353446933,5.120411796957789e-09,trajectory,STRAIGHT,3.3842358589172363,3.297688007354683,1.1256634024903178e-06
326,116786.062,3.306013584136963,-1.1292022463749163e-06,-0.8181654214859009,-5.5575639946803504e-08,0.13878633081912994,-5.5888079941723845e-08,0.003018915420398116,0.13889709353446936,4.994151980468551e-09,trajectory,STRAIGHT,3.3842358589172363,3.306013584136908,1.1292022463749163e-06
327,116786.203,3.3218321800231934,-1.1352543651810265e-06,-0.8178211450576782,-5.557564276531387e-08,0.13878633081912994,-4.963949606917595e-08,0.003018915420398116,0.13889709353446938,3.8714078212089346e-09,trajectory,STRAIGHT,3.383619546890259,3.3218321800231383,1.1352543651810265e-06
328,116786.312,3.334320545196533,-1.139514779424644e-06,-0.8175493478775024,-5.557564369014775e-08,0.13878633081912994,-4.511766960035857e-08,0.003018915420398116,0.1388970935344694,3.3489990179058484e-09,trajectory,STRAIGHT,3.383002281188965,3.334320545196478,1.139514779424644e-06
329,116786.421,3.348057746887207,-1.1437716693762923e-06,-0.8172503709793091,-5.55756404466193e-08,0.13878633081912994,-4.1381294835218796e-08,0.003018915420398116,0.13889709353446944,3.3994323693795125e-09,trajectory,STRAIGHT,3.3823864459991455,3.34805774688715,1.1437716693762923e-06
330,116786.515,3.358048439025879,-1.146589625022898e-06,-0.8170329332351685,-5.557564378466753e-08,0.13878633081912994,-3.785881119711121e-08,0.003018915420398116,0.13889709353446944,2.6379257047853164e-09,trajectory,STRAIGHT,3.3823864459991455,3.358048439025822,1.146589625022898e-06
331,116786.546,3.363043785095215,-1.147948296420509e-06,-0.8169242143630981,-5.557563804374843e-08,0.13878633081912994,-3.694327688208432e-08,0.003018915420398116,0.13889709353446944,2.6727876402235547e-09,trajectory,STRAIGHT,3.381769895553589,3.363043785095158,1.147948296420509e-06
332,116786.64,3.372201919555664,-1.150255229731556e-06,-0.8167248964309692,-5.557564076875088e-08,0.13878633081912994,-3.453283881071911e-08,0.003018908202648163,0.13889709353446947,2.3253726481565538e-09,trajectory,STRAIGHT,3.381769895553589,3.372201919555607,1.150255229731556e-06
333,116786.734,3.38344144821167,-1.1529110679475707e-06,-0.816480278968811,-5.5838641616566025e-08,0.13878633081912994,-3.223278355335424e-08,0.0030186548829078674,0.13889709353446947,2.3673311991677644e-09,trajectory,STRAIGHT,3.3811545372009277,3.383441448211613,1.1529110679475707e-06
334,116786.765,3.3880205154418945,-1.1539824527062592e-06,-0.8163806200027466,-5.608519752126976e-08,0.13878633081912994,-3.246053381644742e-08,0.0030186548829078674,0.13889709353446947,2.0802462804684627e-09,trajectory,STRAIGHT,3.3805391788482666,3.3880205154418377,1.1539824527062592e-06
335,116786.843,3.3971786499023438,-1.1561161272766185e-06,-0.8161813020706177,-5.6808397955026596e-08,0.13878633081912994,-3.238179502318417e-08,0.0030187496449798346,0.13889709353446947,2.2992479976109867e-09,trajectory,STRAIGHT,3.3805391788482666,3.397178649902287,1.1561161272766185e-06
336,116786.953,3.4109158515930176,-1.1594012221394223e-06,-0.8158823251724243,-5.78931986108075e-08,0.13878633081912994,-3.4401768544967126e-08,0.0030189098324626684,0.13889709353446947,2.466819211706251e-09,trajectory,STRAIGHT,3.379922389984131,3.410915851592959,1.1594012221394223e-06
337,116787.062,3.4250693321228027,-1.1631300367298536e-06,-0.8155742883682251,-5.901087202020001e-08,0.13878633081912994,-3.9168661203348165e-08,0.0030189251992851496,0.13889709353446944,3.2353537077123495e-09,trajectory,STRAIGHT,3.3793065547943115,3.425069332122744,1.1631300367298536e-06
338,116787.187,3.439222812652588,-1.1674843563014292e-06,-0.8152662515640259,-6.012859872687024e-08,0.13878633081912994,-4.666134501007946e-08,0.0030189251992851496,0.13889709353446938,3.5274071259267668e-09,trajectory,STRAIGHT,3.378690242767334,3.4392228126525293,1.1674843563014292e-06
339,116787.281,3.4512948989868164,-1.171901089946914e-06,-0.815003514289856,-6.108201143908384e-08,0.13878633081912994,-5.5206150761932804e-08,0.0030189251992851496,0.13889709353446936,4.662332427296103e-09,trajectory,STRAIGHT,3.3780744075775146,3.451294898986758,1.171901089946914e-06
340,116787.312,3.453376293182373,-1.1727416904250276e-06,-0.8149582147598267,-6.124639294167292e-08,0.13878633081912994,-5.6879819965161005e-08,0.0030189251992851496,0.13889709353446908,3.958123034423898e-09,trajectory,STRAIGHT,3.3774588108062744,3.4533762931823127,1.1727416904250276e-06
341,116787.406,3.4650321006774902,-1.1779461601690855e-06,-0.8147045373916626,-6.216692935879844e-08,0.13878633081912994,-6.7341737519655e-08,0.0030189251992851496,0.13889709353446902,5.324704249131883e-09,trajectory,STRAIGHT,3.3774588108062744,3.46503210067743,1.1779461601690855e-06
342,116787.5,3.476271629333496,-1.183868675980193e-06,-0.8144599199295044,-6.305458947961901e-08,0.13878633081912994,-7.918079347746243e-08,0.0030189251992851496,0.13889709353446897,6.870900928508505e-09,trajectory,STRAIGHT,3.3768417835235596,3.4762716293334357,1.183868675980193e-06
343,116787.531,3.481266975402832,-1.1868227147715515e-06,-0.8143512010574341,-6.344910509023327e-08,0.13878633081912994,-8.49943475600412e-08,0.0030189251992851496,0.13889709353446894,6.3982387420905755e-09,trajectory,STRAIGHT,3.3762264251708984,3.4812669754027716,1.1868227147715515e-06
344,116787.625,3.4904251098632812,-1.1928067351618665e-06,-0.8141518831253052,-6.417238371181916e-08,0.13878633081912994,-9.653440002921343e-08,0.0030189251992851496,0.13889709353446889,7.925011111360477e-09,trajectory,STRAIGHT,3.3762264251708984,3.490425109863219,1.1928067351618665e-06
345,116787.75,3.5058274269104004,-1.2047122481817496e-06,-0.8138166666030884,-6.537471831910684e-08,0.13878633081912994,-1.1851518166849928e-07,0.0030189251992851496,0.13889709353446877,9.965457699647852e-09,trajectory,STRAIGHT,3.3756096363067627,3.5058274269103364,1.2047122481817496e-06
346,116787.828,3.516650676727295,-1.214487951983756e-06,-0.813581109046936,-6.493091155438523e-08,0.13878633081912994,-1.3045803370914655e-07,0.0030189084354788065,0.13889709353446875,1.057863421509096e-08,trajectory,STRAIGHT,3.3756096363067627,3.516650676727231,1.214487951983756e-06
347,116787.859,3.5199809074401855,-1.2176483323855791e-06,-0.8135086297988892,-6.455051640353489e-08,0.13878633081912994,-1.3285699651532923e-07,0.0030189084354788065,0.13889709353446875,1.103168815641137e-08,trajectory,STRAIGHT,3.3756096363067627,3.5199809074401216,1.2176483323855791e-06
348,116787.937,3.5291390419006348,-1.2265965096958098e-06,-0.8133093118667603,-6.34656820970974e-08,0.13878633081912994,-1.379075058594026e-07,0.0030189084354788065,0.13889709353446872,1.1056158512009408e-08,trajectory,STRAIGHT,3.3749945163726807,3.529139041900569,1.2265965096958098e-06
349,116787.968,3.5328855514526367,-1.230340103575145e-06,-0.8132277727127075,-6.30218862621691e-08,0.13878633081912994,-1.393198090227088e-07,0.0030189084354788065,0.13889709353446872,1.1480845217465866e-08,trajectory,STRAIGHT,3.3749945163726807,3.532885551452571,1.230340103575145e-06
350,116788.062,3.54329252243042,-1.2408801239871536e-06,-0.813001275062561,-6.17891201079755e-08,0.13878633081912994,-1.4125099312423117e-07,0.0030189084354788065,0.13889709353446872,1.2517039741539455e-08,trajectory,STRAIGHT,3.3743786811828613,3.5432925224303524,1.2408801239871536e-06
351,116788.171,3.5557808876037598,-1.2535548421510612e-06,-0.8127294778823853,-6.030980082764854e-08,0.13878633081912994,-1.3970181100830814e-07,0.0030189084354788065,0.13889709353446872,1.155075360985176e-08,trajectory,STRAIGHT,3.3737614154815674,3.5557808876036905,1.2535548421510612e-06
352,116788.25,3.5666041374206543,-1.2642872206924949e-06,-0.8124939203262329,-5.902772421042851e-08,0.13878633081912994,-1.3494720008111472e-07,0.0030189084354788065,0.13889709353446877,1.2067363628432674e-08,trajectory,STRAIGHT,3.373145580291748,3.566604137420585,1.2642872206924949e-06
353,116788.281,3.569934368133545,-1.2675014886553981e-06,-0.812421441078186,-5.863323911469959e-08,0.13878633081912994,-1.3284683575420786e-07,0.0030189084354788065,0.138897093534469,1.0239199556022876e-08,trajectory,STRAIGHT,3.3725295066833496,3.569934368133474,1.2675014886553981e-06
354,116788.359,3.5807576179504395,-1.2775374216289492e-06,-0.8121858835220337,-5.735116260967884e-08,0.13878633081912994,-1.2394907855650672e-07,0.0030189084354788065,0.13889709353446905,1.0355353767610659e-08,trajectory,STRAIGHT,3.3725295066833496,3.5807576179503684,1.2775374216289492e-06
355,116788.39,3.5832552909851074,-1.279746470572718e-06,-0.8121315240859985,-5.705529881301212e-08,0.13878633081912994,-1.2144582228756917e-07,0.0030189084354788065,0.13889709353446905,1.0335864930982323e-08,trajectory,STRAIGHT,3.371913433074951,3.5832552909850364,1.279746470572718e-06
356,116788.468,3.5944948196411133,-1.2890661764686229e-06,-0.8118869066238403,-5.580375540162186e-08,0.13878633081912994,-1.0809318951032765e-07,0.0030186607036739588,0.13889709353446913,8.771966741833214e-09,trajectory,STRAIGHT,3.371913433074951,3.5944948196410405,1.2890661764686229e-06
357,116788.484,3.5949110984802246,-1.2893896155219409e-06,-0.8118778467178345,-5.576148979113456e-08,0.13878633081912994,-1.0753303314459117e-07,0.0030186534859240055,0.13889709353446913,8.7534671197076e-09,trajectory,STRAIGHT,3.371913433074951,3.594911098480152,1.2893896155219409e-06
358,116788.593,3.6090645790100098,-1.2993402833672008e-06,-0.8115698099136353,-5.479167172439721e-08,0.13878633081912994,-8.8043151436068e-08,0.003016351256519556,0.13889709353446922,8.026710475536122e-09,trajectory,STRAIGHT,3.3712973594665527,3.609064579009935,1.2993402833672008e-06
359,116788.703,3.6228017807006836,-1.3073457694190438e-06,-0.8112708330154419,-5.409417100299662e-08,0.13878633081912994,-7.474694285747319e-08,0.003016052534803748,0.1388970935344693,6.035641186929675e-09,trajectory,STRAIGHT,3.3706798553466797,3.622801780700609,1.3073457694190438e-06
360,116788.843,3.636122703552246,-1.3141479939804412e-06,-0.8109809160232544,-5.3417806716381814e-08,0.13878633081912994,-6.796923202045946e-08,0.0030163952615112066,0.13889709353446933,6.043291643903052e-09,trajectory,STRAIGHT,3.3700647354125977,3.6361227035521697,1.3141479939804412e-06
361,116788.937,3.6506924629211426,-1.3211911209509708e-06,-0.8106638193130493,-5.284243369691154e-08,0.13878633081912994,-6.7069244380491e-08,0.003016776405274868,0.13889709353446933,5.348620192454279e-09,trajectory,STRAIGHT,3.3694493770599365,3.650692462921066,1.3211911209509708e-06
362,116788.984,3.654022693634033,-1.3227980844021658e-06,-0.8105913400650024,-5.2804848215223336e-08,0.13878633081912994,-6.67410802179802e-08,0.0030168453231453896,0.13889709353446933,5.462191692902555e-09,trajectory,STRAIGHT,3.368833065032959,3.654022693633957,1.3227980844021658e-06
363,116789.062,3.6656785011291504,-1.3282093505040393e-06,-0.8103376626968384,-5.272262412421701e-08,0.13878633081912994,-6.096310301018093e-08,0.003017071168869734,0.13889709353446936,4.763125601889805e-09,trajectory,STRAIGHT,3.368833065032959,3.6656785011290722,1.3282093505040393e-06
364,116789.171,3.679415702819824,-1.3342181546249776e-06,-0.810038685798645,-5.334023802142706e-08,0.13878633081912994,-6.435082866573794e-08,0.0030172632541507483,0.13889709353446933,5.615933707154556e-09,trajectory,STRAIGHT,3.3682174682617188,3.679415702819746,1.3342181546249776e-06
365,116789.281,3.691904067993164,-1.3400352827375173e-06,-0.8097668886184692,-5.457299047472507e-08,0.13878633081912994,-6.075531189253525e-08,0.003017504932358861,0.13889709353446936,4.891341455836483e-09,trajectory,STRAIGHT,3.367600202560425,3.691904067993084,1.3400352827375173e-06
366,116789.406,3.706890106201172,-1.3459413139571552e-06,-0.8094407320022583,-5.6963427763542404e-08,0.13878633081912994,-4.9919101741124905e-08,0.0030177689623087645,0.13889709353446938,4.739199817068703e-09,trajectory,STRAIGHT,3.3669843673706055,3.706890106201092,1.3459413139571552e-06
367,116789.5,3.718545913696289,-1.349933768324263e-06,-0.8091870546340942,-5.9508797423531275e-08,0.13878633081912994,-4.591682056798163e-08,0.0030179794412106276,0.1388970935344694,3.5970451277751515e-09,trajectory,STRAIGHT,3.366368532180786,3.718545913696209,1.349933768324263e-06
368,116789.531,3.7218761444091797,-1.3510311873687897e-06,-0.8091145753860474,-6.031184793219244e-08,0.13878633081912994,-4.558778599061952e-08,0.003018052550032735,0.13889709353446938,3.730831865172934e-09,trajectory,STRAIGHT,3.366368532180786,3.721876144409098,1.3510311873687897e-06
369,116789.609,3.7302017211914062,-1.3537329550672439e-06,-0.8089333772659302,-6.243222664374383e-08,0.13878633081912994,-4.415942456148514e-08,0.0030181885231286287,0.1388970935344694,3.2698110033983295e-09,trajectory,STRAIGHT,3.365752696990967,3.7302017211913245,1.3537329550672439e-06
370,116789.75,3.747685432434082,-1.3588321507995715e-06,-0.8085528612136841,-6.820636419775157e-08,0.13878633081912994,-3.640863965870267e-08,0.003018477698788047,0.13889709353446944,3.548914490417685e-09,trajectory,STRAIGHT,3.3651368618011475,3.7476854324340003,1.3588321507995715e-06
371,116789.828,3.7572598457336426,-1.3611337408292457e-06,-0.8083444833755493,-7.155475029499216e-08,0.13878633081912994,-2.977016855254533e-08,0.0030186534859240055,0.13889709353446947,2.083635921918379e-09,trajectory,STRAIGHT,3.364520311355591,3.757259845733561,1.3611337408292457e-06
372,116789.875,3.7635040283203125,-1.3623855465993984e-06,-0.8082085847854614,-7.373849078536371e-08,0.13878633081912994,-2.5577966411560737e-08,0.003018753370270133,0.13889709353446947,2.019434046870143e-09,trajectory,STRAIGHT,3.364520311355591,3.763504028320231,1.3623855465993984e-06
373,116789.937,3.7714133262634277,-1.3636065432365285e-06,-0.8080364465713501,-7.672062828455863e-08,0.13878633081912994,-1.7487021608530995e-08,0.0030188721138983965,0.1388970935344694,9.067725517461654e-10,trajectory,STRAIGHT,3.364520311355591,3.7714133262633442,1.3636065432365285e-06
374,116789.984,3.776824951171875,-1.3642184057971463e-06,-0.8079186677932739,-7.885741424119444e-08,0.13878633081912994,-1.4122728764220938e-08,0.0030189084354788065,0.13889709353446944,8.444047189238214e-10,trajectory,STRAIGHT,3.3639044761657715,3.7768249511717915,1.3642184057971463e-06
375,116790.046,3.7847342491149902,-1.364927470604016e-06,-0.8077465295791626,-8.198041696665327e-08,0.13878633081912994,-1.1113415965269269e-08,0.0030189405661076307,0.13889709353446944,8.831911589220635e-10,trajectory,STRAIGHT,3.3639044761657715,3.7847342491149067,1.364927470604016e-06
376,116790.078,3.788064479827881,-1.3651858807861572e-06,-0.8076740503311157,-8.329536547766011e-08,0.13878633081912994,-1.0481409518092732e-08,0.0030189405661076307,0.13889709353446955,4.328870041610425e-11,trajectory,STRAIGHT,3.3639044761657715,3.7880644798277974,1.3651858807861572e-06
377,116790.156,3.7976388931274414,-1.365893695037812e-06,-0.807465672492981,-8.692324556446308e-08,0.13878633081912994,-1.0015145157638017e-08,0.003018917515873909,0.13889709353446955,3.1484489654745657e-10,trajectory,STRAIGHT,3.363288640975952,3.797638893127358,1.365893695037812e-06
378,116790.281,3.810959815979004,-1.3667555549545796e-06,-0.8071757555007935,-8.931831629598215e-08,0.13878633081912994,-9.183527716061235e-09,0.0030187093652784824,0.13889709353446955,4.253453261610793e-10,trajectory,STRAIGHT,3.3626723289489746,3.8109598159789204,1.3667555549545796e-06
379,116790.375,3.823864459991455,-1.3675875152330264e-06,-0.8068948984146118,-9.047830206783828e-08,0.13878633081912994,-9.011171364647907e-09,0.0030187040101736784,0.1388970935344691,-2.0124283872079952e-10,trajectory,STRAIGHT,3.3620567321777344,3.8238644599913716,1.3675875152330264e-06
380,116790.406,3.827610969543457,-1.3678306913789129e-06,-0.8068133592605591,-9.07530286072094e-08,0.13878633081912994,-8.97941276889469e-09,0.0030187517404556274,0.1388970935344691,-1.8939875459966498e-10,trajectory,STRAIGHT,3.3620567321777344,3.8276109695433735,1.3678306913789129e-06
381,116790.453,3.8355202674865723,-1.368333755635831e-06,-0.8066412210464478,-9.133300685870908e-08,0.13878633081912994,-8.602626166975824e-09,0.003018862335011363,0.13889709353446958,-2.897854844966746e-10,trajectory,STRAIGHT,3.3614399433135986,3.8355202674864888,1.368333755635831e-06
382,116790.515,3.840515613555908,-1.368635935250495e-06,-0.8065325021743774,-9.169930891348654e-08,0.13878633081912994,-8.148072438984855e-09,0.003018903313204646,0.13889709353446958,-3.0946533068714715e-10,trajectory,STRAIGHT,3.3608241081237793,3.8405156135558247,1.368635935250495e-06
383,116790.593,3.8496737480163574,-1.3691347930944175e-06,-0.8063331842422485,-9.237086268298846e-08,0.13878633081912994,-6.879227854028613e-09,0.0030189326498657465,0.1388970935344696,-3.868490291314776e-10,trajectory,STRAIGHT,3.3608241081237793,3.849673748016274,1.3691347930944175e-06
384,116790.687,3.8634109497070312,-1.3696799214812927e-06,-0.8060342073440552,-9.337819334308736e-08,0.13878633081912994,-3.919239155436571e-09,0.0030189326498657465,0.1388970935344696,-6.96259817022574e-10,trajectory,STRAIGHT,3.36020827293396,3.8634109497069478,1.3696799214812927e-06
385,116790.718,3.8638272285461426,-1.3696915175387403e-06,-0.8060251474380493,-9.340871851471509e-08,0.13878633081912994,-3.809747184391199e-09,0.0030189326498657465,0.1388970935344696,-7.050763102586447e-10,trajectory,STRAIGHT,3.36020827293396,3.863827228546059,1.3696915175387403e-06
386,116790.781,3.8738179206848145,-1.369862729916349e-06,-0.8058077096939087,-9.41413226357137e-08,0.13878633081912994,-8.326124789626022e-10,0.0030189326498657465,0.13889709353446963,-9.823053487859944e-10,trajectory,STRAIGHT,3.359591245651245,3.873817920684731,1.369862729916349e-06
387,116790.828,3.8779807090759277,-1.3698663678951561e-06,-0.8057171106338501,-9.444657435389185e-08,0.13878633081912994,6.058134549569161e-10,0.0030189326498657465,0.13889709353446966,-1.109500713000597e-09,trajectory,STRAIGHT,3.358975648880005,3.8779807090758442,1.3698663678951561e-06
388,116790.921,3.8813109397888184,-1.3698372640646994e-06,-0.8056446313858032,-9.46907757288983e-08,0.13878633081912994,1.840393171193e-09,0.0030189326498657465,0.13889709353446966,-1.2213485237665935e-09,trajectory,STRAIGHT,3.358975648880005,3.881310939788733,1.3698663678951561e-06
389,116791.031,3.902541160583496,-1.3688578519577277e-06,-0.8051825761795044,-9.624755950425868e-08,0.13878633081912994,1.1462724103239452e-08,0.0030189326498657465,0.13889709353446975,-2.1322441060540792e-09,trajectory,STRAIGHT,3.3583593368530273,3.902541160583411,1.3698663678951561e-06
390,116791.125,3.9141969680786133,-1.36762525926315e-06,-0.8049288988113403,-9.710226432914972e-08,0.13878633081912994,1.8033428972330512e-08,0.0030189326498657465,0.1388970935344698,-2.8201740775271636e-09,trajectory,STRAIGHT,3.357743740081787,3.91419696807853,1.3698663678951561e-06
391,116791.156,3.918776035308838,-1.3669838381247246e-06,-0.8048292398452759,-9.743804122602476e-08,0.13878633081912994,2.0864543870402485e-08,0.0030189326498657465,0.13889709353446983,-2.8261909258597707e-09,trajectory,STRAIGHT,3.357743740081787,3.9187760353087544,1.3698663678951561e-06
392,116791.25,3.9300155639648438,-1.3649939774040831e-06,-0.8045846223831177,-9.826222088529623e-08,0.13878633081912994,2.841098378780771e-08,0.0030189326498657465,0.13889709353446988,-3.6664445172081325e-09,trajectory,STRAIGHT,3.357743740081787,3.9300155639647603,1.3698663678951561e-06
393,116791.343,3.9412550926208496,-1.3623586028188583e-06,-0.8043400049209595,-9.908640054926497e-08,0.13878633081912994,3.680629490077081e-08,0.0030189326498657465,0.1388970935344696,-4.337138565331252e-09,trajectory,STRAIGHT,3.356510639190674,3.941255092620766,1.3698663678951561e-06
394,116791.453,3.954159736633301,-1.3584475482275593e-06,-0.8040591478347778,-1.0003268090998468e-07,0.13878633081912994,4.749215420929431e-08,0.0030189326498657465,0.1388970935344697,-5.629143383604837e-09,trajectory,STRAIGHT,3.356510639190674,3.9541597366332173,1.3698663678951561e-06
395,116791.484,3.958322525024414,-1.356967686660937e-06,-0.8039685487747192,-1.0033793264057e-07,0.13878633081912994,5.1177913462652214e-08,0.0030189326498657465,0.13889709353447005,-5.367505299787181e-09,trajectory,STRAIGHT,3.355894088745117,3.9583225250243306,1.3698663678951561e-06
396,116791.593,3.9687294960021973,-1.3527693454307155e-06,-0.8037420511245728,-1.0110106196985234e-07,0.13878633081912994,6.090174764494805e-08,0.0030189326498657465,0.13889709353447016,-6.602939434394503e-09,trajectory,STRAIGHT,3.355894088745117,3.9687294960021138,1.3698663678951561e-06
397,116791.687,3.980801582336426,-1.3469473287841538e-06,-0.8034793138504028,-1.0198629199687078e-07,0.13878633081912994,7.309311911285477e-08,0.0030189326498657465,0.13889709353447025,-7.59659118397956e-09,trajectory,STRAIGHT,3.355278968811035,3.980801582336344,1.3698663678951561e-06
398,116791.718,3.9841318130493164,-1.3451508493744768e-06,-0.803406834602356,-1.0223049338463254e-07,0.13878633081912994,7.662859502488573e-08,0.0030189326498657465,0.13889709353447027,-8.071708319210572e-09,trajectory,STRAIGHT,3.355278968811035,3.9841318130492347,1.3698663678951561e-06
399,116791.796,3.9932899475097656,-1.3397794873526436e-06,-0.803207516670227,-1.0285507071040495e-07,0.13878633081912994,8.535816675703245e-08,0.0030189326498657465,0.13889709353447036,-8.539518096522279e-09,trajectory,STRAIGHT,3.354663133621216,3.993289947509684,1.3698663678951561e-06
400,116791.89,4.005362033843994,-1.331938847215497e-06,-0.8029447793960571,-1.032143094298481e-07,0.13878633081912994,9.495926178715308e-08,0.0030189158860594034,0.13889709353447044,-1.0184664635689146e-08,trajectory,STRAIGHT,3.3540472984313965,4.005362033843914,1.3698663678951561e-06
401,116792.015,4.020348072052002,-1.322105390499928e-06,-0.8026186227798462,-1.0414413944745578e-07,0.13878633081912994,8.053675060182286e-08,0.0030188660603016615,0.13889709353447008,-8.645676162450215e-09,trajectory,STRAIGHT,3.3534317016601562,4.020348072051922,1.3698663678951561e-06
402,116792.156,4.036166667938232,-1.315320560024702e-06,-0.8022743463516235,-1.0498009347466618e-07,0.13878633081912994,3.7931560115112006e-08,0.003018684219568968,0.13889709353446975,-4.961060380079744e-09,trajectory,STRAIGHT,3.3528151512145996,4.036166667938154,1.3698663678951561e-06
403,116792.234,4.04782247543335,-1.3136195775587112e-06,-0.8020206689834595,-1.0563758618963236e-07,0.13878633081912994,1.6438271854823938e-09,0.0030188472010195255,0.13889709353446944,-1.531868525536457e-09,trajectory,STRAIGHT,3.352198600769043,4.0478224754332714,1.3698663678951561e-06
404,116792.281,4.051985263824463,-1.3137830592313549e-06,-0.8019300699234009,-1.0587240501354699e-07,0.13878633081912994,-1.2656422576640125e-08,0.0030188977252691984,0.13889709353446933,-3.949718085028417e-10,trajectory,STRAIGHT,3.3515830039978027,4.051985263824385,1.3698663678951561e-06
405,116792.343,4.061975955963135,-1.316008706453431e-06,-0.8017126321792603,-1.0643597018480279e-07,0.13878633081912994,-4.9855241712748466e-08,0.0030189340468496084,0.13889709353446905,2.979255053763493e-09,trajectory,STRAIGHT,3.3515830039978027,4.061975955963055,1.3698663678951561e-06
406,116792.375,4.065306186676025,-1.317364080932748e-06,-0.8016401529312134,-1.0662382523996198e-07,0.13878633081912994,-6.315781320154201e-08,0.0030189116951078176,0.13889709353446894,4.160002115251811e-09,trajectory,STRAIGHT,3.3509671688079834,4.0653061866759455,1.3698663678951561e-06
407,116792.453,4.074464321136475,-1.3227975159679772e-06,-0.8014408349990845,-1.071051998886368e-07,0.13878633081912994,-1.0196220046054805e-07,0.003018865594640374,0.1388970935344686,7.751759789008449e-09,trajectory,STRAIGHT,3.3509671688079834,4.074464321136395,1.3698663678951561e-06
408,116792.468,4.076545715332031,-1.3243916328065097e-06,-0.8013955354690552,-1.0715217001241757e-07,0.13878633081912994,-1.1043267988952721e-07,0.0030188781674951315,0.13889709353446852,7.786719975696415e-09,trajectory,STRAIGHT,3.3503506183624268,4.076545715331951,1.3698663678951561e-06
409,116792.562,4.087785243988037,-1.334988610324217e-06,-0.801150918006897,-1.068539741601669e-07,0.13878633081912994,-1.5161738531332958e-07,0.003018872579559684,0.13889709353446816,1.1994648652655659e-08,trajectory,STRAIGHT,3.3503506183624268,4.087785243987955,1.3698663678951561e-06
410,116792.671,4.101938724517822,-1.3527044302463764e-06,-0.8008428812026978,-1.0491912292801457e-07,0.13878633081912994,-1.9379440630018507e-07,0.003018865594640374,0.13889709353446783,1.682246999690298e-08,trajectory,STRAIGHT,3.349734306335449,4.101938724517739,1.3698663678951561e-06
411,116792.765,4.113178253173828,-1.3694692597709945e-06,-0.8005982637405396,-1.0252399926254473e-07,0.13878633081912994,-2.1858132015495357e-07,0.003018866991624236,0.1388970935344676,1.766992968126286e-08,trajectory,STRAIGHT,3.3491179943084717,4.113178253173743,1.3698663678951561e-06
412,116792.781,4.115675926208496,-1.3734409094467992e-06,-0.8005439043045044,-1.0189938046899217e-07,0.13878633081912994,-2.2239413510760642e-07,0.0030188739765435457,0.1388970935344676,1.8291843958339964e-08,trajectory,STRAIGHT,3.3485019207000732,4.115675926208409,1.3734409094467992e-06
413,116792.875,4.125250339508057,-1.3891864227844053e-06,-0.8003355264663696,-9.922950987883282e-08,0.13878633081912994,-2.3269997484476335e-07,0.0030188739765435457,0.13889709353446755,2.0362179956664023e-08,trajectory,STRAIGHT,3.3485019207000732,4.125250339507968,1.3891864227844053e-06
414,116793.0,4.139820098876953,-1.4138075812297757e-06,-0.8000184297561646,-9.441113440132329e-08,0.13878633081912994,-2.3331639908974466e-07,0.003018872579559684,0.13889709353446789,1.9459797478405937e-08,trajectory,STRAIGHT,3.347886562347412,4.139820098876861,1.4138075812297757e-06
415,116793.109,4.152308464050293,-1.4342778058562544e-06,-0.7997466325759888,-9.021734127366839e-08,0.13878633081912994,-2.204745044309675e-07,0.00301886978559196,0.13889709353446805,2.0000095893810234e-08,trajectory,STRAIGHT,3.347886562347412,4.152308464050199,1.4342778058562544e-06
416,116793.218,4.166045665740967,-1.4552443872162257e-06,-0.7994476556777954,-8.549285498221128e-08,0.13878633081912994,-2.026603738158883e-07,0.0030188739765435457,0.13889709353446825,1.6770376980583545e-08,trajectory,STRAIGHT,3.347269296646118,4.166045665740869,1.4552443872162257e-06
417,116793.312,4.178117752075195,-1.4720395711265155e-06,-0.7991849184036255,-8.12779186032704e-08,0.13878633081912994,-1.8332107742935477e-07,0.0030188739765435457,0.13889709353446844,1.492317041447365e-08,trajectory,STRAIGHT,3.3466551303863525,4.178117752075096,1.4720395711265155e-06
418,116793.343,4.180615425109863,-1.4753015875612618e-06,-0.7991305589675903,-8.040909561933674e-08,0.13878633081912994,-1.793726056575906e-07,0.003018865594640374,0.13889709353446847,1.483722376575958e-08,trajectory,STRAIGHT,3.3466551303863525,4.180615425109762,1.4753015875612618e-06
419,116793.453,4.1872758865356445,-1.4836750779068097e-06,-0.7989856004714966,-7.807269343008088e-08,0.13878633081912994,-1.6864076712863607e-07,0.0030188753735274076,0.13889709353446858,1.4559730419514446e-08,trajectory,STRAIGHT,3.346038341522217,4.187275886535543,1.4836750779068097e-06
420,116793.562,4.206840991973877,-1.5053553852339974e-06,-0.7985597848892212,-7.113387749789756e-08,0.13878633081912994,-1.3874203830255283e-07,0.003018865594640374,0.13889709353446877,1.164454523396738e-08,trajectory,STRAIGHT,3.345421552658081,4.206840991973772,1.5053553852339974e-06
421,116793.656,4.218496799468994,-1.5163701618803316e-06,-0.7983061075210571,-6.699176247969914e-08,0.13878633081912994,-1.2395105386531213e-07,0.003018872579559684,0.1388970935344688,9.781462890543146e-09,trajectory,STRAIGHT,3.344806671142578,4.218496799468888,1.5163701618803316e-06
422,116793.75,4.230568885803223,-1.5264799912984017e-06,-0.7980433702468872,-6.243632713513863e-08,0.13878633081912994,-1.0858186527684666e-07,0.003018871182575822,0.1388970935344689,9.08788183794381e-09,trajectory,STRAIGHT,3.344189405441284,4.230568885803114,1.5264799912984017e-06
423,116793.812,4.235147953033447,-1.5299762026188546e-06,-0.7979437112808228,-6.049912486767033e-08,0.13878633081912994,-1.03767263226473e-07,0.0030188781674951315,0.13889709353446886,7.757862882750164e-09,trajectory,STRAIGHT,3.343574047088623,4.235147953033339,1.5299762026188546e-06
424,116793.875,4.2455549240112305,-1.537288881081622e-06,-0.7977172136306763,-5.663170862234295e-08,0.13878633081912994,-9.259934330430042e-08,0.0030186627991497517,0.13889709353446894,7.194729532649477e-09,trajectory,STRAIGHT,3.343574047088623,4.24555492401112,1.537288881081622e-06
425,116793.968,4.257210731506348,-1.5447158148162998e-06,-0.7974635362625122,-5.3565047292885466e-08,0.13878633081912994,-8.527124606416692e-08,0.0030186627991497517,0.138897093534469,7.020719170277404e-09,trajectory,STRAIGHT,3.3429574966430664,4.257210731506236,1.5447158148162998e-06
426,116794.0,4.260124683380127,-1.5464984244317748e-06,-0.7974001169204712,-5.321986190669844e-08,0.13878633081912994,-8.454468058971543e-08,0.0030186823569238186,0.13889709353446925,6.300913709615024e-09,trajectory,STRAIGHT,3.342341661453247,4.260124683380015,1.5464984244317748e-06
427,116794.078,4.2696990966796875,-1.5522530247835675e-06,-0.7971917390823364,-5.233697745011148e-08,0.13878633081912994,-8.20579941773758e-08,0.003018725663423538,0.13889709353446927,6.549100652675735e-09,trajectory,STRAIGHT,3.342341661453247,4.269699096679576,1.5522530247835675e-06
428,116794.156,4.279689788818359,-1.5580288845740142e-06,-0.7969743013381958,-5.071209231996738e-08,0.13878633081912994,-7.815282287992886e-08,0.003018725663423538,0.1388970935344693,6.621189688206789e-09,trajectory,STRAIGHT,3.3417258262634277,4.279689788818246,1.5580288845740142e-06
429,116794.218,4.285517692565918,-1.5612521337970975e-06,-0.7968474626541138,-4.97258946830154e-08,0.13878633081912994,-7.525274980935137e-08,0.003018725663423538,0.1388970935344693,5.662843412983548e-09,trajectory,STRAIGHT,3.341109275817871,4.285517692565804,1.5612521337970975e-06
430,116794.312,4.288431644439697,-1.5628156688762829e-06,-0.7967840433120728,-4.923279586763715e-08,0.13878633081912994,-7.363082943356858e-08,0.003018725663423538,0.13889709353446933,5.631549412793464e-09,trajectory,STRAIGHT,3.341109275817871,4.288431644439584,1.5628156688762829e-06
431,116794.406,4.310078144073486,-1.5731649227745947e-06,-0.7963129281997681,-4.5569776160908075e-08,0.13878633081912994,-5.799493862923555e-08,0.003018725663423538,0.13889709353446905,4.7036189328295085e-09,trajectory,STRAIGHT,3.341109275817871,4.310078144073371,1.5731649227745947e-06
432,116794.5,4.319652557373047,-1.5768656567161088e-06,-0.7961045503616333,-4.3949594403898194e-08,0.13878633081912994,-4.9062062856819466e-08,0.003018725663423538,0.13889709353446908,4.1764607842557595e-09,trajectory,STRAIGHT,3.3404927253723145,4.31965255737293,1.5768656567161088e-06
433,116794.609,4.332140922546387,-1.5806895135028753e-06,-0.7958327531814575,-4.183630290038557e-08,0.13878652453422546,-3.567049589037197e-08,0.003018725663423538,0.13889707803726145,2.5079442904304373e-09,trajectory,STRAIGHT,3.339876413345337,4.3321409225462695,1.5806895135028753e-06
434,116794.718,4.346294403076172,-1.5836732245588792e-06,-0.7955247163772583,-3.911476842072031e-08,0.13878655433654785,-2.396171794316615e-08,0.003018725663423538,0.1388970756530757,1.5757143442919943e-09,trajectory,STRAIGHT,3.339261293411255,4.346294403076055,1.5836732245588792e-06
435,116794.843,4.36128044128418,-1.5859232007642277e-06,-0.7951985597610474,-3.5928275886177914e-08,0.13878655433654785,-1.8973443260961176e-08,0.003018725663423538,0.13889707565307613,9.714726473600973e-10,trajectory,STRAIGHT,3.3386447429656982,4.361280441284061,1.5859232007642277e-06
436,116794.984,4.377931594848633,-1.588309601174842e-06,-0.794836163520813,-3.1983292132252836e-08,0.13878655433654785,-2.2369066599026155e-08,0.003018725663423538,0.13889707565307613,1.2253030498019846e-09,trajectory,STRAIGHT,3.3380303382873535,4.377931594848514,1.588309601174842e-06
437,116795.078,4.388754844665527,-1.590311512700282e-06,-0.7946006059646606,-2.940967201960098e-08,0.13878655433654785,-2.9621574526572658e-08,0.003018725663423538,0.1388970756530761,1.9541909171730195e-09,trajectory,STRAIGHT,3.337416648864746,4.388754844665408,1.590311512700282e-06
438,116795.187,4.395415306091309,-1.591875616213656e-06,-0.7944556474685669,-2.7686132217268907e-08,0.13878655433654785,-3.5401182429950495e-08,0.003018725663423538,0.1388970756530761,2.403177441200424e-09,trajectory,STRAIGHT,3.3367996215820312,4.39541530609119,1.591875616213656e-06
439,116795.296,4.415812969207764,-1.59776936925482e-06,-0.7940117120742798,-2.239338759117166e-08,0.13878655433654785,-4.196375513743078e-08,0.003018725663423538,0.1388970756530761,3.1228918865929333e-09,trajectory,STRAIGHT,3.3361828327178955,4.415812969207643,1.59776936925482e-06
440,116795.421,4.429966449737549,-1.601848680365947e-06,-0.7937036752700806,-1.869974995797709e-08,0.13878655433654785,-3.688767691301109e-08,0.0030187228694558144,0.1388970756530761,2.7554929370500533e-09,trajectory,STRAIGHT,3.3355674743652344,4.429966449737428,1.601848680365947e-06
441,116795.515,4.442038536071777,-1.6047231383709004e-06,-0.7934409379959106,-1.5158772487428763e-08,0.13878655433654785,-2.8805541063547935e-08,0.0030187228694558144,0.13889707565307613,2.0511848333852083e-09,trajectory,STRAIGHT,3.3349509239196777,4.442038536071655,1.6047231383709004e-06
442,116795.531,4.444119930267334,-1.6051448028520099e-06,-0.7933956384658813,-1.454825309294066e-08,0.13878655433654785,-2.745388982816621e-08,0.0030187228694558144,0.13889707565307613,1.9286547531957236e-09,trajectory,STRAIGHT,3.3349509239196777,4.444119930267211,1.6051448028520099e-06
443,116795.64,4.458273410797119,-1.6076638758022455e-06,-0.7930876016616821,-1.1117601412075007e-08,0.13878655433654785,-2.24795311254411e-08,0.0030187703669071198,0.13889707565307616,1.4667587406525934e-09,trajectory,STRAIGHT,3.3343346118927,4.458273410796997,1.6076638758022455e-06
444,116795.75,4.47117805480957,-1.6096064427983947e-06,-0.7928067445755005,-7.142178024703434e-09,0.13878655433654785,-1.948366445958527e-08,0.0030187703669071198,0.13889707565307616,1.2668917288757923e-09,trajectory,STRAIGHT,3.33371901512146,4.471178054809448,1.6096064427983947e-06
445,116795.875,4.485747814178467,-1.6115336620714515e-06,-0.7924896478652954,-2.2932543470410036e-09,0.13878655433654785,-1.7468590129965378e-08,0.0030187703669071198,0.13889707565307616,8.702687217923064e-10,trajectory,STRAIGHT,3.3331031799316406,4.4857478141783425,1.6115336620714515e-06
446,116796.0,4.494489669799805,-1.6126153923323727e-06,-0.7922993898391724,6.161052907637356e-10,0.13878655433654785,-1.695565288173384e-08,0.0030187703669071198,0.13889707565307616,1.1810684536334199e-09,trajectory,STRAIGHT,3.3324875831604004,4.49448966979968,1.6126153923323727e-06
447,116796.093,4.511557102203369,-1.6147116639331216e-06,-0.7919279336929321,6.345590354174217e-09,0.13878655433654785,-1.7458887668908574e-08,0.0030187703669071198,0.13889707565307619,1.1146745703286278e-09,trajectory,STRAIGHT,3.3318707942962646,4.511557102203245,1.6147116639331216e-06
448,116796.203,4.52446174621582,-1.616405484128336e-06,-0.7916470766067505,1.1415250902622276e-08,0.13878655433654785,-1.9160571795850956e-08,0.0030187703669071198,0.13889707565307619,9.928969064877318e-10,trajectory,STRAIGHT,3.331254005432129,4.524461746215696,1.616405484128336e-06
449,116796.343,4.541945457458496,-1.6190576843655435e-06,-0.7912665605545044,1.8614686541734e-08,0.13878655433654785,-2.3280954053461755e-08,0.0030187703669071198,0.1388970756530762,1.6469756209379959e-09,trajectory,STRAIGHT,3.3306384086608887,4.54194545745837,1.6190576843655435e-06
450,116796.437,4.553184986114502,-1.6210894955293043e-06,-0.7910219430923462,2.3242895113654915e-08,0.13878639042377472,-2.7032550420358348e-08,0.0030187703669071198,0.13889708876609808,2.187152012646377e-09,trajectory,STRAIGHT,3.3300235271453857,4.553184986114376,1.6210894955293043e-06
451,116796.562,4.566922187805176,-1.6240403510892065e-06,-0.7907229661941528,2.9697983883091583e-08,0.13878630101680756,-3.278987037447223e-08,0.0030187703669071198,0.13889709591865548,2.417036288180481e-09,trajectory,STRAIGHT,3.329406976699829,4.56692218780505,1.6240403510892065e-06
452,116796.64,4.577329158782959,-1.6266907323370106e-06,-0.7904964685440063,3.5274860759595203e-08,0.13878630101680756,-3.8009783764891836e-08,0.0030187703669071198,0.1388970959186555,3.1764969790349273e-09,trajectory,STRAIGHT,3.3287909030914307,4.577329158782833,1.6266907323370106e-06
453,116796.75,4.582740783691406,-1.6282286878777086e-06,-0.7903786897659302,3.8167785080566984e-08,0.13878630101680756,-4.072067838478688e-08,0.0030187703669071198,0.1388970959186555,3.3136571634386457e-09,trajectory,STRAIGHT,3.3287909030914307,4.582740783691278,1.6282286878777086e-06
454,116796.843,4.600224494934082,-1.6335706050085719e-06,-0.7899981737136841,4.553627402583788e-08,0.13878630101680756,-4.1115328031082754e-08,0.0030187703669071198,0.13889709591865554,3.671768250390023e-09,trajectory,STRAIGHT,3.328174591064453,4.600224494933954,1.6335706050085719e-06
455,116796.875,4.603554725646973,-1.63455069923657e-06,-0.7899256944656372,4.662817805418756e-08,0.13878630101680756,-4.08011153751886e-08,0.0030187703669071198,0.13889709591865557,3.6650108761139854e-09,trajectory,STRAIGHT,3.3275585174560547,4.603554725646845,1.63455069923657e-06
456,116796.953,4.613961696624756,-1.6378313603127026e-06,-0.7896991968154907,5.003304119655115e-08,0.13878630101680756,-4.900716277234096e-08,0.0030187703669071198,0.13889709591865523,4.515734113233699e-09,trajectory,STRAIGHT,3.3275585174560547,4.613961696624626,1.6378313603127026e-06
457,116797.078,4.628115177154541,-1.6443212871308788e-06,-0.7893911600112915,5.4628425765069074e-08,0.13878630101680756,-8.249966754192428e-08,0.0030187703669071198,0.1388970959186554,7.517711473274834e-09,trajectory,STRAIGHT,3.3269424438476562,4.628115177154411,1.6443212871308788e-06
458,116797.171,4.6401872634887695,-1.6529966160305776e-06,-0.7891284227371216,5.7662265554194466e-08,0.13878630101680756,-1.1320069148723633e-07,0.0030187703669071198,0.13889709591865593,1.0330033218397132e-08,trajectory,STRAIGHT,3.326326370239258,4.640187263488638,1.6529966160305776e-06
459,116797.203,4.643101215362549,-1.6554157582504558e-06,-0.7890650033950806,5.8369071078531373e-08,0.13878630101680756,-1.1692974766219777e-07,0.0030187703669071198,0.13889709591865596,1.0825300704024193e-08,trajectory,STRAIGHT,3.325709342956543,4.643101215362417,1.6554157582504558e-06
460,116797.375,4.664331436157227,-1.6730560901123681e-06,-0.7886029481887817,6.293621844542816e-08,0.13878630101680756,-1.0548623663453327e-07,0.0030187703669071198,0.13889709591865596,1.0578607158264273e-08,trajectory,STRAIGHT,3.325093984603882,4.664331436157092,1.6730560901123681e-06
461,116797.468,4.675154685974121,-1.6811457044241251e-06,-0.7883673906326294,6.440851058103633e-08,0.13878630101680756,-1.0252575322056146e-07,0.00301852123811841,0.1388970959186557,9.648624930298574e-09,trajectory,STRAIGHT,3.325093984603882,4.675154685973984,1.6811457044241251e-06
462,116797.562,4.686394214630127,-1.6892902294785017e-06,-0.7881227731704712,6.540413557215085e-08,0.13878630101680756,-9.849524928995379e-08,0.003018454648554325,0.13889709591865568,1.0126717706352226e-08,trajectory,STRAIGHT,3.3244779109954834,4.686394214629988,1.6892902294785017e-06
463,116797.609,4.691805839538574,-1.6930857782426756e-06,-0.788004994392395,6.567417786233934e-08,0.13878630101680756,-9.60783239634111e-08,0.003018454648554325,0.13889709591865573,8.803531063574323e-09,trajectory,STRAIGHT,3.323862075805664,4.691805839538436,1.6930857782426756e-06
464,116797.703,4.70304536819458,-1.7006252619466977e-06,-0.7877603769302368,6.521626195553284e-08,0.13878630101680756,-8.9795719304675e-08,0.003018454648554325,0.13889709591865568,9.168630653163656e-09,trajectory,STRAIGHT,3.323862075805664,4.70304536819444,1.7006252619466977e-06
465,116797.812,4.716782569885254,-1.7090416122300667e-06,-0.7874614000320435,6.313112938152405e-08,0.13878630101680756,-7.980176519595261e-08,0.003018454648554325,0.13889709591865562,8.221952881211438e-09,trajectory,STRAIGHT,3.3232462406158447,4.716782569885112,1.7090416122300667e-06
466,116797.921,4.72802209854126,-1.7151094198197825e-06,-0.7872167825698853,6.135595995551209e-08,0.13878630101680756,-6.97306248298446e-08,0.003018454648554325,0.13889709591865554,7.1129382331788876e-09,trajectory,STRAIGHT,3.3226301670074463,4.728022098541116,1.7151094198197825e-06
467,116797.937,4.731768608093262,-1.7169419379570172e-06,-0.7871352434158325,6.075013959402783e-08,0.13878630101680756,-6.599471902291043e-08,0.003018454648554325,0.1388970959186555,7.0732524374280865e-09,trajectory,STRAIGHT,3.3226301670074463,4.731768608093118,1.7169419379570172e-06
468,116798.031,4.743008136749268,-1.7217992080986733e-06,-0.7868906259536743,5.793467871943416e-08,0.13878630101680756,-5.3650449416409174e-08,0.003018454648554325,0.1388970959186554,5.767668083907431e-09,trajectory,STRAIGHT,3.322014093399048,4.743008136749124,1.7217992080986733e-06
469,116798.125,4.755496501922607,-1.7260662161788787e-06,-0.7866188287734985,5.4306785866224244e-08,0.13878630101680756,-4.234569317418391e-08,0.003018454648554325,0.13889709591865534,5.6762402482646804e-09,trajectory,STRAIGHT,3.3213980197906494,4.755496501922462,1.7260662161788787e-06
470,116798.156,4.757994174957275,-1.7268102965317667e-06,-0.7865644693374634,5.357417045414096e-08,0.13878630101680756,-4.022690802685247e-08,0.003018454648554325,0.13889709591865557,3.974032170525032e-09,trajectory,STRAIGHT,3.3213980197906494,4.75799417495713,1.7268102965317667e-06
471,116798.234,4.76881742477417,-1.7295019461016636e-06,-0.786328911781311,5.039949037628353e-08,0.13878630101680756,-2.8767608739599382e-08,0.003018454648554325,0.1388970959186555,3.662428720143073e-09,trajectory,STRAIGHT,3.3207814693450928,4.768817424774024,1.7295019461016636e-06
472,116798.359,4.776726722717285,-1.7309196209680522e-06,-0.7861567735671997,4.807953886134117e-08,0.13878630101680756,-2.1122644966453663e-08,0.003018454648554325,0.13889709591865548,3.4337732075479354e-09,trajectory,STRAIGHT,3.3201656341552734,4.7767267227171395,1.7309196209680522e-06
473,116798.484,4.797540664672852,-1.7328103467662004e-06,-0.7857037782669067,4.197440335970124e-08,0.13878630101680756,-5.071667086298248e-09,0.003018454648554325,0.13889709591865507,1.7587225507720158e-09,trajectory,STRAIGHT,3.3195483684539795,4.797540664672704,1.7328103467662004e-06
474,116798.562,4.807531356811523,-1.732965301926015e-06,-0.7854863405227661,3.9043938351859063e-08,0.13878630101680756,5.390043411601653e-10,0.003018454648554325,0.13889709591865504,1.6187823253830746e-09,trajectory,STRAIGHT,3.3189337253570557,4.807531356811376,1.732965301926015e-06
475,116798.609,4.812110424041748,-1.732911755425448e-06,-0.7853866815567017,3.770080856373986e-08,0.13878630101680756,2.6566697730601163e-09,0.003018454648554325,0.1388970959186554,3.522766618874821e-10,trajectory,STRAIGHT,3.3183164596557617,4.812110424041601,1.732965301926015e-06
476,116798.718,4.817522048950195,-1.7327654404653003e-06,-0.7852689027786255,3.6113473365386617e-08,0.13878630101680756,4.791536056814039e-09,0.003018454648554325,0.13889709591865537,3.2678175829591345e-10,trajectory,STRAIGHT,3.3183164596557617,4.817522048950048,1.732965301926015e-06
477,116798.812,4.835838317871094,-1.7318009213340702e-06,-0.7848702669143677,3.074095427905921e-08,0.13878630101680756,9.06044750337287e-09,0.003018454648554325,0.13889709591865537,1.1358402051532572e-10,trajectory,STRAIGHT,3.3177013397216797,4.835838317870946,1.732965301926015e-06
478,116798.828,4.839168548583984,-1.7315795730610262e-06,-0.7847977876663208,2.9764130858358664e-08,0.13878630101680756,9.346172724633561e-09,0.003018454648554325,0.13889709591865537,1.6355090706219903e-10,trajectory,STRAIGHT,3.317084789276123,4.839168548583837,1.732965301926015e-06
479,116798.921,4.849991798400879,-1.7308447013419936e-06,-0.7845622301101685,2.6589414345364248e-08,0.13878630101680756,9.232593356500729e-09,0.003018454648554325,0.13889709591865537,-1.7062488467365592e-10,trajectory,STRAIGHT,3.317084789276123,4.8499917984007315,1.732965301926015e-06
480,116799.015,4.859982490539551,-1.7302263586316258e-06,-0.7843447923660278,2.365890681717812e-08,0.13878630101680756,7.713019556376821e-09,0.003018454648554325,0.13889709591865537,1.700854810509839e-10,trajectory,STRAIGHT,3.316467761993408,4.859982490539403,1.732965301926015e-06
481,116799.046,4.865394115447998,-1.7299512364843395e-06,-0.7842270135879517,2.207154858166076e-08,0.13878630101680756,6.3228444702190245e-09,0.003018454648554325,0.13889709591865537,-1.1760136775819107e-10,trajectory,STRAIGHT,3.316467761993408,4.865394115447851,1.732965301926015e-06
482,116799.125,4.873719692230225,-1.7296544001510483e-06,-0.7840458154678345,1.962945900078492e-08,0.13878630101680756,3.4060130271740263e-09,0.003018454648554325,0.1388970959186554,3.181772755993707e-10,trajectory,STRAIGHT,3.316467761993408,4.873719692230077,1.732965301926015e-06
483,116799.218,4.884126663208008,-1.729575728859345e-06,-0.783819317817688,1.6576847045558985e-08,0.13878630101680756,-1.5663366159657244e-09,0.0030183943454176188,0.1388970959186554,9.925244976657674e-10,trajectory,STRAIGHT,3.3158528804779053,4.88412666320786,1.732965301926015e-06
484,116799.25,4.887456893920898,-1.729635755509662e-06,-0.7837468385696411,1.5592967963977696e-08,0.13878630101680756,-3.468730191968916e-09,0.0030182653572410345,0.1388970959186554,5.602090342768449e-10,trajectory,STRAIGHT,3.3158528804779053,4.887456893920751,1.732965301926015e-06
485,116799.328,4.897863864898682,-1.7301459820373566e-06,-0.7835203409194946,1.2218655990096174e-08,0.13878630101680756,-1.0386332682799093e-08,0.003018091432750225,0.1388970959186554,1.476198617604949e-09,trajectory,STRAIGHT,3.3152360916137695,4.897863864898534,1.732965301926015e-06
486,116799.453,4.912433624267578,-1.7318496929874527e-06,-0.7832032442092896,7.3696861584173205e-09,0.13878630101680756,-2.2546750244600844e-08,0.0030180453322827816,0.1388970959186554,3.054538781530391e-09,trajectory,STRAIGHT,3.314619779586792,4.912433624267429,1.732965301926015e-06
487,116799.578,4.927419662475586,-1.7350954522044049e-06,-0.7828770875930786,2.382190352664175e-09,0.13878630101680756,-3.806797721495059e-08,0.0030180453322827816,0.1388970959186554,3.898782870020135e-09,trajectory,STRAIGHT,3.3140041828155518,4.927419662475437,1.7350954522044049e-06
488,116799.687,4.940740585327148,-1.7395159375155345e-06,-0.7825871706008911,-2.051138335383062e-09,0.13878630101680756,-5.4430024931662047e-08,0.0030180453322827816,0.13889709591865537,5.214277496702951e-09,trajectory,STRAIGHT,3.313386917114258,4.9407405853269974,1.7395159375155345e-06
489,116799.765,4.9536452293396,-1.7453910459153121e-06,-0.7823063135147095,-5.930301650391951e-09,0.13878630101680756,-7.153826686590037e-08,0.003018055111169815,0.13889709591865534,7.502473798025e-09,trajectory,STRAIGHT,3.312772750854492,4.953645229339449,1.7453910459153121e-06
490,116799.796,4.955726623535156,-1.7464800521338475e-06,-0.7822610139846802,-6.306006682569571e-09,0.13878630101680756,-7.357766662607901e-08,0.0030180690810084343,0.13889709591865534,5.961356939254036e-09,trajectory,STRAIGHT,3.312155246734619,4.955726623535005,1.7464800521338475e-06
491,116799.875,4.9661335945129395,-1.7522262396596489e-06,-0.7820345163345337,-6.486820007113251e-09,0.13878630101680756,-7.807496160694427e-08,0.0030181235633790493,0.13889709591865534,6.905044620623094e-09,trajectory,STRAIGHT,3.312155246734619,4.966133594512787,1.7522262396596489e-06
492,116799.921,4.969047546386719,-1.7538656038595946e-06,-0.7819710969924927,-6.371762196034926e-09,0.13878630101680756,-7.806382029684755e-08,0.0030181221663951874,0.13889709591865534,7.0561484180993435e-09,trajectory,STRAIGHT,3.3115394115448,4.969047546386566,1.7538656038595946e-06
493,116800.0,4.979870796203613,-1.759977635629184e-06,-0.7817355394363403,-6.8531383794360415e-09,0.13878630101680756,-7.777181565415958e-08,0.0030181207694113255,0.13889709591865534,6.7975789866777125e-09,trajectory,STRAIGHT,3.3115394115448,4.979870796203459,1.759977635629184e-06
494,116800.093,4.992359161376953,-1.7669121916696895e-06,-0.7814637422561646,-8.151676051042417e-09,0.13878630101680756,-7.578675109698452e-08,0.0030181207694113255,0.13889709591865534,7.436080103609364e-09,trajectory,STRAIGHT,3.3109240531921387,4.992359161376797,1.7669121916696895e-06
495,116800.125,4.995689392089844,-1.7687028730506427e-06,-0.7813912630081177,-8.546167740546532e-09,0.13878630101680756,-7.316297256920734e-08,0.0030181207694113255,0.13889709591865534,5.973821760867297e-09,trajectory,STRAIGHT,3.3109240531921387,4.995689392089687,1.7687028730506427e-06
496,116800.171,4.999852180480957,-1.7708227915136376e-06,-0.7813006639480591,-9.039282352222496e-09,0.13878630101680756,-6.77706708529513e-08,0.0030181207694113255,0.13889709591865534,5.794338846292898e-09,trajectory,STRAIGHT,3.3103067874908447,4.999852180480801,1.7708227915136376e-06
497,116800.343,5.02274751663208,-1.7791707023206982e-06,-0.7808023691177368,-1.0260346523665876e-08,0.13878630101680756,-3.570984574707836e-08,0.0030181179754436016,0.13889709591865537,4.1484066233157365e-09,trajectory,STRAIGHT,3.3096914291381836,5.022747516631922,1.7791707023206982e-06
498,116800.437,5.034403324127197,-1.7815576711655012e-06,-0.7805486917495728,-1.072059710031718e-08,0.13878630101680756,-2.1124572313624412e-08,0.0030181179754436016,0.13889709591865537,1.843162244332415e-09,trajectory,STRAIGHT,3.309075355529785,5.034403324127037,1.7815576711655012e-06
499,116800.562,5.048556804656982,-1.7828095906224917e-06,-0.7802406549453735,-1.1279472800353203e-08,0.13878630101680756,-3.424072358981789e-09,0.0030181179754436016,0.1388970959186554,5.853808257488209e-10,trajectory,STRAIGHT,3.3084590435028076,5.0485568046568225,1.7828095906224917e-06
500,116800.64,5.056466102600098,-1.7827229612521478e-06,-0.7800685167312622,-1.1591785691462183e-08,0.13878630101680756,6.462516743965807e-09,0.0030181179754436016,0.1388970959186554,-6.323037607772236e-10,trajectory,STRAIGHT,3.3078432083129883,5.056466102599938,1.7828095906224917e-06
501,116800.687,5.064375400543213,-1.7820730136008933e-06,-0.7798963785171509,-1.1904098582508343e-08,0.13878630101680756,1.6345614639590167e-08,0.0030181179754436016,0.1388970959186554,-1.4698449723346602e-09,trajectory,STRAIGHT,3.3078432083129883,5.064375400543053,1.7828095906224917e-06
502,116800.875,5.085605621337891,-1.7775435026123887e-06,-0.779434323310852,-1.2742412131847932e-08,0.13878630101680756,4.285667998260578e-08,0.0030181179754436016,0.13889709591865543,-3.966184344491497e-09,trajectory,STRAIGHT,3.3072259426116943,5.085605621337731,1.7828095906224917e-06
503,116800.968,5.096012592315674,-1.7738420865498483e-06,-0.7792078256607056,-1.3153350146064765e-08,0.13878630101680756,5.5843120350118625e-08,0.0030181179754436016,0.13889709591865546,-4.956226471185063e-09,trajectory,STRAIGHT,3.3066108226776123,5.096012592315516,1.7828095906224917e-06
504,116800.984,5.0993428230285645,-1.7724520375850261e-06,-0.7791353464126587,-1.328485031059118e-08,0.13878630101680756,5.999750385399238e-08,0.0030180823523551226,0.13889709591865546,-5.420453078729589e-09,trajectory,STRAIGHT,3.3066108226776123,5.099342823028406,1.7828095906224917e-06
505,116801.078,5.109333515167236,-1.767683443176793e-06,-0.7789179086685181,-1.3648819567891333e-08,0.13878630101680756,7.245694888524667e-08,0.00301784067414701,0.13889709591865548,-6.4021960758348114e-09,trajectory,STRAIGHT,3.3059940338134766,5.109333515167078,1.7828095906224917e-06
506,116801.171,5.1234869956970215,-1.7594090877537383e-06,-0.7786098718643188,-1.4271087225376984e-08,0.13878630101680756,8.881614377287406e-08,0.0030178031884133816,0.13889709591865548,-8.503869665493591e-09,trajectory,STRAIGHT,3.3053781986236572,5.123486995696865,1.7828095906224917e-06
507,116801.203,5.125568389892578,-1.7580661051397328e-06,-0.7785645723342896,-1.424995706618664e-08,0.13878630101680756,9.018841495844754e-08,0.0030178031884133816,0.13889709591865548,-7.512666358257052e-09,trajectory,STRAIGHT,3.304762363433838,5.125568389892422,1.7828095906224917e-06
508,116801.296,5.137640476226807,-1.7499069144832902e-06,-0.7783018350601196,-1.4113775153397257e-08,0.13878630101680756,9.595839145504215e-08,0.0030178031884133816,0.1388970959186555,-8.819299646583598e-09,trajectory,STRAIGHT,3.304762363433838,5.137640476226652,1.7828095906224917e-06
509,116801.39,5.149712562561035,-1.7415034108125838e-06,-0.7780390977859497,-1.3977603149829552e-08,0.13878630101680756,9.485096086336853e-08,0.0030178031884133816,0.1388970959186555,-9.599842014399855e-09,trajectory,STRAIGHT,3.3041458129882812,5.149712562560881,1.7828095906224917e-06
510,116801.421,5.152210235595703,-1.7398160707671195e-06,-0.7779847383499146,-1.3949430873425924e-08,0.13878630101680756,9.247847998494763e-08,0.0030178031884133816,0.13889709591865548,-7.728192935693727e-09,trajectory,STRAIGHT,3.30353045463562,5.152210235595549,1.7828095906224917e-06
511,116801.5,5.161784648895264,-1.733937210701697e-06,-0.7777763605117798,-1.384143722406301e-08,0.13878630101680756,7.594086781637088e-08,0.0030178031884133816,0.13889709591865548,-7.015895681337574e-09,trajectory,STRAIGHT,3.30353045463562,5.161784648895111,1.7828095906224917e-06
512,116801.593,5.172191619873047,-1.7293305063503794e-06,-0.7775498628616333,-1.3724052960844227e-08,0.13878630101680756,4.457431401760914e-08,0.0030178031884133816,0.13889709591865546,-4.991817807465217e-09,trajectory,STRAIGHT,3.3029143810272217,5.172191619872894,1.7828095906224917e-06
513,116801.625,5.177186965942383,-1.7280763131566346e-06,-0.777441143989563,-1.3667708565633425e-08,0.13878630101680756,2.456373948689361e-08,0.0030178031884133816,0.13889709591865543,-2.2547316684889924e-09,trajectory,STRAIGHT,3.3029143810272217,5.17718696594223,1.7828095906224917e-06
514,116801.703,5.185928821563721,-1.7278235873163794e-06,-0.7772508859634399,-1.3569105953901401e-08,0.13878630101680756,-1.8188003991781443e-08,0.0030178031884133816,0.13889709591865537,1.1195570788474543e-09,trajectory,STRAIGHT,3.3029143810272217,5.185928821563568,1.7828095906224917e-06
515,116801.796,5.197168350219727,-1.7319983953711926e-06,-0.7770062685012817,-1.3442331316712458e-08,0.13878630101680756,-8.761669079149215e-08,0.0030178031884133816,0.1388970959186553,7.065128537295652e-09,trajectory,STRAIGHT,3.302298069000244,5.197168350219574,1.7828095906224917e-06
516,116801.828,5.20133113861084,-1.735068849484378e-06,-0.7769156694412231,-1.3395377790014203e-08,0.13878630101680756,-1.1745987649192102e-07,0.0030178031884133816,0.13889709591865526,9.544836370950606e-09,trajectory,STRAIGHT,3.301682233810425,5.201331138610687,1.7828095906224917e-06
517,116801.89,5.208407878875732,-1.7424551970179891e-06,-0.7767616510391235,-1.3331992269513895e-08,0.13878630101680756,-1.7305814026258304e-07,0.0030178031884133816,0.1388970959186552,1.4716289118669306e-08,trajectory,STRAIGHT,3.301682233810425,5.208407878875578,1.7828095906224917e-06
518,116801.921,5.212570667266846,-1.7481323766332935e-06,-0.7766710519790649,-1.3308517479621944e-08,0.13878630101680756,-2.0473561335165869e-07,0.0030178031884133816,0.13889709591865518,1.7810604417027754e-08,trajectory,STRAIGHT,3.301065683364868,5.212570667266689,1.7828095906224917e-06
519,116802.015,5.222561359405518,-1.7654563180258265e-06,-0.7764536142349243,-1.3252178550857217e-08,0.13878630101680756,-2.753373564701178e-07,0.0030178031884133816,0.1388970959186551,2.359337125306039e-08,trajectory,STRAIGHT,3.301065683364868,5.222561359405358,1.7828095906224917e-06
520,116802.109,5.23588228225708,-1.7957545423996635e-06,-0.7761636972427368,-1.3228704987018294e-08,0.13878630101680756,-3.5237576412328053e-07,0.0030178031884133816,0.138897095918655,3.2766581166900127e-08,trajectory,STRAIGHT,3.3004508018493652,5.235882282256915,1.7957545423996635e-06
521,116802.203,5.247538089752197,-1.827089818107197e-06,-0.7759100198745728,-1.3228705009243431e-08,0.13878630101680756,-3.8783437616984884e-07,0.0030178031884133816,0.13889709591865498,3.399798149982605e-08,trajectory,STRAIGHT,3.2998340129852295,5.247538089752027,1.827089818107197e-06
522,116802.312,5.2541985511779785,-1.845861902438628e-06,-0.775765061378479,-1.322870498421701e-08,0.13878630101680756,-3.9239463944795716e-07,0.0030178031884133816,0.13889709591865498,3.623120006509616e-08,trajectory,STRAIGHT,3.2992184162139893,5.254198551177804,1.845861902438628e-06
523,116802.437,5.274596214294434,-1.901246150737279e-06,-0.7753211259841919,-1.3228703729663978e-08,0.13878630101680756,-3.540307886851224e-07,0.0030178031884133816,0.138897095918655,3.3687027306374134e-08,trajectory,STRAIGHT,3.298602342605591,5.274596214294247,1.901246150737279e-06
524,116802.531,5.2858357429504395,-1.92870697901526e-06,-0.7750765085220337,-1.3228702831027558e-08,0.13878630101680756,-3.233682832615159e-07,0.0030178031884133816,0.13889709591865504,3.396524118377543e-08,trajectory,STRAIGHT,3.297985553741455,5.285835742950248,1.92870697901526e-06
525,116802.546,5.289582252502441,-1.937287834152812e-06,-0.774994969367981,-1.3228702542238006e-08,0.13878630101680756,-3.1265821576198505e-07,0.0030178031884133816,0.13889709591865507,2.5718909584344407e-08,trajectory,STRAIGHT,3.297985553741455,5.289582252502248,1.937287834152812e-06
526,116802.656,5.302070617675781,-1.9638650883280206e-06,-0.7747231721878052,-1.3228698907000761e-08,0.13878630101680756,-2.783373247439158e-07,0.0030178031884133816,0.1388970959186551,2.561444291634775e-08,trajectory,STRAIGHT,3.297985553741455,5.302070617675582,1.9638650883280206e-06
527,116802.75,5.31414270401001,-1.9867545688612154e-06,-0.7744604349136353,-1.3228695137188003e-08,0.13878630101680756,-2.479432623658795e-07,0.0030177959706634283,0.13889709591865512,2.196156193740032e-08,trajectory,STRAIGHT,3.2973692417144775,5.3141427040098055,1.9867545688612154e-06
528,116802.875,5.329128742218018,-2.011786136790761e-06,-0.7741342782974243,-1.3064332891915855e-08,0.13878630101680756,-2.1594038912553515e-07,0.00301756733097136,0.13889709591865518,2.1870497705177414e-08,trajectory,STRAIGHT,3.296753406524658,5.329128742217808,2.011786136790761e-06
529,116803.0,5.342033386230469,-2.030587893386837e-06,-0.7738534212112427,-1.4029435012551634e-08,0.13878630101680756,-1.8849235061679792e-07,0.00301756733097136,0.13889709591865518,1.6882201963301798e-08,trajectory,STRAIGHT,3.296137571334839,5.342033386230256,2.030587893386837e-06
530,116803.125,5.357435703277588,-2.0499385300354334e-06,-0.7735182046890259,-1.6640589572437083e-08,0.13878630101680756,-1.6091678389784647e-07,0.00301756733097136,0.13889709591865518,1.6814344382363634e-08,trajectory,STRAIGHT,3.2955222129821777,5.357435703277369,2.0499385300354334e-06
531,116803.234,5.367842674255371,-2.0614679669961333e-06,-0.7732917070388794,-1.7762999981782398e-08,0.13878630101680756,-1.4528671954394667e-07,0.00301756733097136,0.13889709591865518,1.2672415512996803e-08,trajectory,STRAIGHT,3.294290542602539,5.367842674255151,2.0614679669961333e-06
532,116803.359,5.382828712463379,-2.075256361422362e-06,-0.7729655504226685,-1.9080295149762728e-08,0.13878630101680756,-1.0679933382107265e-07,0.00301756733097136,0.13889709591865523,1.1059403104219181e-08,trajectory,STRAIGHT,3.294290542602539,5.382828712463155,2.075256361422362e-06
533,116803.468,5.397814750671387,-2.0848044641752494e-06,-0.7726393938064575,-1.9394967860452714e-08,0.13878630101680756,-7.669543578003868e-08,0.00301756733097136,0.13889709591865526,6.877506568005621e-09,trajectory,STRAIGHT,3.293057918548584,5.397814750671161,2.0848044641752494e-06
534,116803.578,5.411135673522949,-2.0914010292472085e-06,-0.77234947681427,-2.074986598679896e-08,0.13878630101680756,-6.184750844795417e-08,0.00301756733097136,0.1388970959186553,6.4401042054245944e-09,trajectory,STRAIGHT,3.293057918548584,5.411135673522722,2.0914010292472085e-06
535,116803.703,5.42071008682251,-2.095309810101753e-06,-0.7721410989761353,-2.1428479652064997e-08,0.13878630101680756,-5.347272846734086e-08,0.00301756733097136,0.1388970959186553,4.4781228631254165e-09,trajectory,STRAIGHT,3.2924416065216064,5.420710086822281,2.095309810101753e-06
536,116803.843,5.4406914710998535,-2.1040807496319758e-06,-0.771706223487854,-2.2208068289812728e-08,0.13878630101680756,-7.285355962949325e-08,0.00301756733097136,0.13889709591865526,6.492388740447068e-09,trajectory,STRAIGHT,3.2918243408203125,5.440691471099623,2.1040807496319758e-06
537,116803.937,5.454844951629639,-2.112206175297615e-06,-0.7713981866836548,-2.5030558295626677e-08,0.13878630101680756,-8.53442827519757e-08,0.00301756733097136,0.13889709591865523,7.608995347495974e-09,trajectory,STRAIGHT,3.291210174560547,5.454844951629404,2.112206175297615e-06
538,116803.968,5.458591461181641,-2.1145328901184257e-06,-0.771316647529602,-2.626569151654555e-08,0.13878630101680756,-8.708651222377739e-08,0.00301756733097136,0.1388970959186552,8.079256333918446e-09,trajectory,STRAIGHT,3.291210174560547,5.458591461181406,2.1145328901184257e-06
539,116804.046,5.466917037963867,-2.119857981597306e-06,-0.7711354494094849,-3.0041533229379896e-08,0.13878630101680756,-8.928297035026844e-08,0.00301756733097136,0.13889709591865518,7.69417137613494e-09,trajectory,STRAIGHT,3.290593385696411,5.466917037963631,2.119857981597306e-06
540,116804.14,5.478989124298096,-2.1275950530252885e-06,-0.7708727121353149,-3.6926339406223616e-08,0.13878630101680756,-8.692231290297059e-08,0.00301756733097136,0.13889709591865515,8.840755404256067e-09,trajectory,STRAIGHT,3.289977550506592,5.478989124297858,2.1275950530252885e-06
541,116804.171,5.482735633850098,-2.129914037141134e-06,-0.7707911729812622,-3.9457665975363115e-08,0.13878630101680756,-8.497282522057503e-08,0.00301756733097136,0.13889709591865512,6.8299795532985315e-09,trajectory,STRAIGHT,3.2893614768981934,5.48273563384986,2.129914037141134e-06
542,116804.25,5.492310047149658,-2.135557906512986e-06,-0.7705827951431274,-4.593390862623485e-08,0.13878630101680756,-7.738934471035464e-08,0.00301756733097136,0.13889709591865512,7.317001860732682e-09,trajectory,STRAIGHT,3.2893614768981934,5.492310047149418,2.135557906512986e-06
543,116804.375,5.506047248840332,-2.142733137588948e-06,-0.7702838182449341,-5.418768049511262e-08,0.13878630101680756,-6.709099409363262e-08,0.00301756733097136,0.13889709591865473,6.234100493435684e-09,trajectory,STRAIGHT,3.2887439727783203,5.5060472488400904,2.142733137588948e-06
544,116804.484,5.520200729370117,-2.1490729977813317e-06,-0.7699757814407349,-6.193188785144807e-08,0.13878630101680756,-5.790626289581269e-08,0.00301756733097136,0.13889709591865473,6.7234520102918906e-09,trajectory,STRAIGHT,3.2881290912628174,5.520200729369874,2.1490729977813317e-06
545,116804.578,5.53352165222168,-2.154349203919992e-06,-0.7696858644485474,-6.888480229242557e-08,0.13878630101680756,-5.1703580083994893e-08,0.0030174364801496267,0.1388970959186549,4.502616198469893e-09,trajectory,STRAIGHT,3.287513017654419,5.5335216522214346,2.154349203919992e-06
546,116804.671,5.536019325256348,-2.155265974579379e-06,-0.7696315050125122,-6.991799018604377e-08,0.13878630101680756,-5.020667614985541e-08,0.0030173694249242544,0.1388970959186549,4.547548823463624e-09,trajectory,STRAIGHT,3.286898136138916,5.5360193252561025,2.155265974579379e-06
547,116804.765,5.55558443069458,-2.1617524907924235e-06,-0.7692056894302368,-7.549014718864764e-08,0.13878630101680756,-4.0241999954560015e-08,0.0030171831604093313,0.138897095918655,3.439370185678036e-09,trajectory,STRAIGHT,3.2862815856933594,5.555584430694333,2.1617524907924235e-06
548,116804.796,5.559747219085693,-2.1629334696626756e-06,-0.7691150903701782,-7.603023453911097e-08,0.13878630101680756,-3.871740617000796e-08,0.0030171831604093313,0.138897095918655,3.450806302570606e-09,trajectory,STRAIGHT,3.2856645584106445,5.5597472190854464,2.1629334696626756e-06
549,116804.875,5.567656517028809,-2.165083060390316e-06,-0.7689429521560669,-7.705639318976664e-08,0.13878630101680756,-3.670786696829964e-08,0.0030171831604093313,0.1388970959186551,2.3377083556371962e-09,trajectory,STRAIGHT,3.2856645584106445,5.56765651702856,2.165083060390316e-06
550,116804.984,5.580977439880371,-2.168444780181744e-06,-0.7686530351638794,-7.878466039105028e-08,0.13878630101680756,-3.333126841198464e-08,0.0030171831604093313,0.1388970959186551,2.4510750091227937e-09,trajectory,STRAIGHT,3.2856645584106445,5.580977439880121,2.168444780181744e-06
551,116805.093,5.595547199249268,-2.1717512481700396e-06,-0.7683359384536743,-8.067495264271203e-08,0.13878630101680756,-2.964944378902601e-08,0.0030171831604093313,0.13889709591865523,1.878363801448718e-09,trajectory,STRAIGHT,3.2850499153137207,5.595547199249017,2.1717512481700396e-06
552,116805.203,5.608035564422607,-2.1742782791989157e-06,-0.7680641412734985,-8.229520314435074e-08,0.13878630101680756,-2.6503014893819454e-08,0.0030171831604093313,0.13889709591865526,1.518480342802463e-09,trajectory,STRAIGHT,3.284433364868164,5.608035564422355,2.1742782791989157e-06
553,116805.296,5.618858814239502,-2.1762393771496136e-06,-0.7678285837173462,-8.369942024593098e-08,0.13878630101680756,-2.37831478955286e-08,0.0030171831604093313,0.13889709591865526,1.529487989298964e-09,trajectory,STRAIGHT,3.2838168144226074,5.61885881423925,2.1762393771496136e-06
554,116805.312,5.620107650756836,-2.176451971536153e-06,-0.7678014039993286,-8.386144529612288e-08,0.13878630101680756,-2.3469738152925856e-08,0.0030171831604093313,0.13889709591865526,1.529227574885716e-09,trajectory,STRAIGHT,3.2838168144226074,5.620107650756584,2.176451971536153e-06
555,116805.39,5.6321797370910645,-2.1783621377835516e-06,-0.7675386667251587,-8.54276874480799e-08,0.13878630101680756,-2.0444586468215675e-08,0.0030171831604093313,0.1388970959186553,9.583767180504244e-10,trajectory,STRAIGHT,3.283201217651367,5.63217973709081,2.1783621377835516e-06
556,116805.5,5.645084381103516,-2.1801133698318154e-06,-0.767257809638977,-8.710194630037636e-08,0.13878630101680756,-1.72197900383253e-08,0.0030171831604093313,0.13889709591865532,9.097207299905296e-10,trajectory,STRAIGHT,3.2825844287872314,5.645084381103262,2.1801133698318154e-06
557,116805.531,5.647165775299072,-2.1803678009746363e-06,-0.7672125101089478,-8.737198805076654e-08,0.13878630101680756,-1.6700532512459176e-08,0.0030171831604093313,0.13889709591865532,4.002215327155201e-10,trajectory,STRAIGHT,3.2819700241088867,5.647165775298818,2.1803678009746363e-06
558,116805.593,5.654658794403076,-2.1812193153891712e-06,-0.7670494318008423,-8.834413835221669e-08,0.13878630101680756,-1.4833202222064301e-08,0.0030171831604093313,0.13889709591865532,3.5600911509332674e-10,trajectory,STRAIGHT,3.2819700241088867,5.654658794402822,2.1812193153891712e-06
559,116805.625,5.659237861633301,-2.1816899788973387e-06,-0.7669497728347778,-8.893823020313797e-08,0.13878630101680756,-1.3693598255315464e-08,0.0030171831604093313,0.13889709591865534,3.2342596719041154e-10,trajectory,STRAIGHT,3.281353235244751,5.659237861633047,2.1816899788973387e-06
560,116805.703,5.667147159576416,-2.1824146188009763e-06,-0.7667776346206665,-8.996438885479192e-08,0.13878630101680756,-1.1727943949324526e-08,0.0030171831604093313,0.13889709591865487,4.329387571110986e-11,trajectory,STRAIGHT,3.281353235244751,5.66714715957616,2.1824146188009763e-06
561,116805.734,5.671726226806641,-2.1827829641551943e-06,-0.766677975654602,-9.055848070578575e-08,0.13878630101680756,-1.0591527654923993e-08,0.0030171831604093313,0.1388970959186549,9.092575577259892e-14,trajectory,STRAIGHT,3.281353235244751,5.671726226806385,2.1827829641551943e-06
562,116805.812,5.680051803588867,-2.1833566279383376e-06,-0.7664967775344849,-9.163864770766086e-08,0.13878630101680756,-8.528313166777934e-09,0.0030171831604093313,0.1388970959186549,-8.921955717544004e-11,trajectory,STRAIGHT,3.281353235244751,5.680051803588611,2.1833566279383376e-06
563,116805.906,5.691291332244873,-2.1839348391949898e-06,-0.7662521600723267,-9.257790707353907e-08,0.13878630101680756,-5.749109632802174e-09,0.0030171831604093313,0.1388970959186554,-5.202609933586447e-10,trajectory,STRAIGHT,3.28073787689209,5.691291332244617,2.1839348391949898e-06
564,116805.921,5.694205284118652,-2.184047843911685e-06,-0.7661887407302856,-9.267653750851507e-08,0.13878630101680756,-5.029726413141589e-09,0.0030171831604093313,0.1388970959186554,-5.848595729962621e-10,trajectory,STRAIGHT,3.2801215648651123,5.6942052841183965,2.184047843911685e-06
565,116805.968,5.700865745544434,-2.1842497517354786e-06,-0.7660437822341919,-9.290197845979084e-08,0.13878630101680756,-3.387203850735432e-09,0.0030171831604093313,0.1388970959186554,-7.796475746314798e-10,trajectory,STRAIGHT,3.2801215648651123,5.700865745544178,2.1842497517354786e-06
566,116806.031,5.707526206970215,-2.184372988267569e-06,-0.7658988237380981,-9.312741940134938e-08,0.13878630101680756,-1.7471580848749113e-09,0.0030171831604093313,0.13889709591865543,-9.406638502156037e-10,trajectory,STRAIGHT,3.2801215648651123,5.707526206969957,2.184372988267569e-06
567,116806.078,5.713354110717773,-2.1844164166395785e-06,-0.7657719850540161,-9.332468022527326e-08,0.13878630101680756,-3.1415037238247123e-10,0.0030171831604093313,0.13889709591865543,-1.0880772106128499e-09,trajectory,STRAIGHT,3.2795042991638184,5.713354110717516,2.1844164166395785e-06
568,116806.171,5.724177360534668,-2.1843372906005243e-06,-0.7655364274978638,-9.368866986073147e-08,0.13878630101680756,2.3421169448312185e-09,0.0030171831604093313,0.13889709591865546,-1.3005008988099161e-09,trajectory,STRAIGHT,3.2795042991638184,5.72417736053441,2.1844164166395785e-06
569,116806.25,5.7337517738342285,-2.184094910262502e-06,-0.765328049659729,-9.356188064804035e-08,0.13878630101680756,4.686434351697244e-09,0.0030171831604093313,0.13889709591865548,-1.6129983022720447e-09,trajectory,STRAIGHT,3.2788896560668945,5.733751773833971,2.1844164166395785e-06
570,116806.359,5.739579677581787,-2.183867763960734e-06,-0.765201210975647,-9.316971078176365e-08,0.13878630101680756,6.110900230282823e-09,0.0030171831604093313,0.13889709591865548,-1.639556407985915e-09,trajectory,STRAIGHT,3.278273582458496,5.7395796775815295,2.1844164166395785e-06
571,116806.468,5.7603936195373535,-2.182570369768655e-06,-0.764748215675354,-9.221397382620612e-08,0.13878630101680756,1.1182772041706812e-08,0.003016895381733775,0.1388970959186555,-2.4513844474915227e-09,trajectory,STRAIGHT,3.2776567935943604,5.760393619537096,2.1844164166395785e-06
572,116806.593,5.774547100067139,-2.181253648814163e-06,-0.7644401788711548,-9.189459901002783e-08,0.13878630101680756,1.4617807408967565e-08,0.0030168520752340555,0.13889709591865554,-2.483393929974513e-09,trajectory,STRAIGHT,3.277040958404541,5.774547100066881,2.1844164166395785e-06
573,116806.703,5.788700580596924,-2.1795881366415415e-06,-0.7641321420669556,-9.157522419382564e-08,0.13878630101680756,1.804164106999906e-08,0.0030168520752340555,0.13889709591865557,-2.7881817301978515e-09,trajectory,STRAIGHT,3.276425361633301,5.788700580596666,2.1844164166395785e-06
574,116806.812,5.801605224609375,-2.177765281885513e-06,-0.7638512849807739,-9.128402950844398e-08,0.13878630101680756,2.115360864252125e-08,0.0030168520752340555,0.1388970959186556,-3.035010249816352e-09,trajectory,STRAIGHT,3.2758097648620605,5.801605224609117,2.1844164166395785e-06
575,116806.828,5.802854061126709,-2.1775736058771145e-06,-0.7638241052627563,-9.125584937759952e-08,0.13878630101680756,2.1454273024801296e-08,0.0030168520752340555,0.1388970959186556,-3.0920961312899307e-09,trajectory,STRAIGHT,3.2758097648620605,5.802854061126451,2.1844164166395785e-06
576,116806.937,5.817007541656494,-2.17521164813661e-06,-0.7635160684585571,-9.093647456134951e-08,0.13878630101680756,2.4855701497017435e-08,0.0030168520752340555,0.13889709591865562,-3.3949550922022342e-09,trajectory,STRAIGHT,3.2751924991607666,5.817007541656237,2.1844164166395785e-06
577,116807.046,5.829495906829834,-2.1728396859543864e-06,-0.7632442712783813,-9.065467325287379e-08,0.13878630101680756,2.7847658401469744e-08,0.0030168520752340555,0.13889709591865565,-4.0093732002222555e-09,trajectory,STRAIGHT,3.2745769023895264,5.829495906829576,2.1844164166395785e-06
578,116807.171,5.8453145027160645,-2.1694495444535278e-06,-0.7628999948501587,-9.029772492877778e-08,0.13878630101680756,3.162495687547562e-08,0.0030168520752340555,0.13889709591865568,-4.05011083319085e-09,trajectory,STRAIGHT,3.273960590362549,5.845314502715807,2.1844164166395785e-06
579,116807.281,5.858219146728516,-2.1663654479198158e-06,-0.762619137763977,-9.000653024330894e-08,0.13878630101680756,3.469607179340528e-08,0.0030168520752340555,0.13889709591865568,-4.228698960535338e-09,trajectory,STRAIGHT,3.273343801498413,5.858219146728258,2.1844164166395785e-06
580,116807.312,5.861133098602295,-2.1656296667060815e-06,-0.762555718421936,-8.994077660465193e-08,0.13878630101680756,3.53882612103007e-08,0.0030168520752340555,0.13889709591865568,-4.389620999504783e-09,trajectory,STRAIGHT,3.2727291584014893,5.861133098602039,2.1844164166395785e-06
581,116807.39,5.870291233062744,-2.1632222342304885e-06,-0.7623564004898071,-8.973412231172333e-08,0.13878630101680756,3.756061772719477e-08,0.0030168520752340555,0.13889709591865526,-4.344747163660516e-09,trajectory,STRAIGHT,3.2727291584014893,5.870291233062488,2.1844164166395785e-06
582,116807.515,5.884444713592529,-2.1592200027953368e-06,-0.7620483636856079,-8.941474749535942e-08,0.13878630101680756,4.090867022910061e-08,0.0030168520752340555,0.1388970959186553,-5.167466502036432e-09,trajectory,STRAIGHT,3.2721126079559326,5.8844447135922735,2.1844164166395785e-06
583,116807.609,5.8973493576049805,-2.1552739326580195e-06,-0.7617675065994263,-8.912355280983031e-08,0.13878630101680756,4.3951548178711164e-08,0.0030168520752340555,0.1388970959186553,-5.044391367031299e-09,trajectory,STRAIGHT,3.271496295928955,5.897349357604725,2.1844164166395785e-06
584,116807.734,5.911502838134766,-2.150620957763749e-06,-0.761459469795227,-8.880417799342069e-08,0.13878630101680756,4.7278188475274874e-08,0.0030168520752340555,0.1388970959186553,-5.929488252459906e-09,trajectory,STRAIGHT,3.270880699157715,5.911502838134512,2.1844164166395785e-06
585,116807.859,5.925656318664551,-2.1456296508404193e-06,-0.7611514329910278,-8.848480317698718e-08,0.13878630101680756,5.0593627065609326e-08,0.0030168520752340555,0.13889709591865532,-5.686233415450609e-09,trajectory,STRAIGHT,3.270263433456421,5.925656318664297,2.1844164166395785e-06
586,116807.953,5.938560962677002,-2.140784317816724e-06,-0.7608705759048462,-8.81936084913946e-08,0.13878630101680756,5.360676880172832e-08,0.0030168520752340555,0.13889709591865534,-5.895210162910158e-09,trajectory,STRAIGHT,3.270263433456421,5.93856096267675,2.1844164166395785e-06
587,116807.984,5.941891193389893,-2.1394882878666976e-06,-0.7607980966567993,-8.811846147575458e-08,0.13878630101680756,5.43828413412939e-08,0.0030168520752340555,0.13889709591865534,-6.122827818664776e-09,trajectory,STRAIGHT,3.270263433456421,5.94189119338964,2.1844164166395785e-06
588,116808.062,5.951049327850342,-2.135828708560439e-06,-0.7605987787246704,-8.791180718273772e-08,0.13878630101680756,5.651384427096673e-08,0.0030168520752340555,0.13889709591865534,-5.964318079456596e-09,trajectory,STRAIGHT,3.269649028778076,5.9510493278500896,2.1844164166395785e-06
589,116808.171,5.96312141418457,-2.1307898805389414e-06,-0.7603360414505005,-8.763939925101836e-08,0.13878630101680756,5.931572744088953e-08,0.0030168022494763136,0.13889709591865537,-6.822117373792366e-09,trajectory,STRAIGHT,3.2690320014953613,5.96312141418432,2.1844164166395785e-06
590,116808.265,5.9735283851623535,-2.1262505924823927e-06,-0.760109543800354,-8.74045648271084e-08,0.13878630101680756,6.17246129763771e-08,0.003016601549461484,0.1388970959186554,-6.476787462651266e-09,trajectory,STRAIGHT,3.268416166305542,5.973528385162103,2.1844164166395785e-06
591,116808.296,5.977691173553467,-2.12438453672803e-06,-0.7600189447402954,-8.731063105754082e-08,0.13878630101680756,6.268646757234819e-08,0.0030165736097842455,0.1388970959186554,-6.784939656625802e-09,trajectory,STRAIGHT,3.2678003311157227,5.977691173553216,2.1844164166395785e-06
592,116808.375,5.986849308013916,-2.120177441611304e-06,-0.7598196268081665,-8.710397676448481e-08,0.13878630101680756,6.479913139401106e-08,0.003016563830897212,0.13889709591865587,-6.672183544743725e-09,trajectory,STRAIGHT,3.2678003311157227,5.986849308013667,2.1844164166395785e-06
593,116808.468,5.9989213943481445,-2.1144189759070287e-06,-0.7595568895339966,-8.683156883271388e-08,0.13878630101680756,6.75768419000633e-08,0.003016563830897212,0.1388970959186559,-7.599037574396852e-09,trajectory,STRAIGHT,3.267184019088745,5.998921394347896,2.1844164166395785e-06
594,116808.5,6.001835346221924,-2.1129926608409733e-06,-0.7594934701919556,-8.676581519400795e-08,0.13878630101680756,6.824610210287574e-08,0.003016563830897212,0.1388970959186559,-6.597530703321488e-09,trajectory,STRAIGHT,3.2665677070617676,6.001835346221675,2.1844164166395785e-06
595,116808.593,6.015156269073486,-2.1062942323624156e-06,-0.7592035531997681,-8.646522713133936e-08,0.13878630101680756,7.129953161211233e-08,0.003016563830897212,0.13889709591865593,-7.653461389836322e-09,trajectory,STRAIGHT,3.2665677070617676,6.015156269073239,2.1844164166395785e-06
596,116808.703,6.0280609130859375,-2.0995262275391724e-06,-0.7589226961135864,-8.617403244560896e-08,0.13878630101680756,7.424808501355074e-08,0.003016563830897212,0.13889709591865596,-7.713753289710362e-09,trajectory,STRAIGHT,3.2659521102905273,6.028060913085692,2.1844164166395785e-06
597,116808.812,6.040965557098389,-2.092483782689669e-06,-0.7586418390274048,-8.588283775985868e-08,0.13878630101680756,7.718732319972332e-08,0.003016563830897212,0.13889709591865596,-8.789476159895848e-09,trajectory,STRAIGHT,3.2653355598449707,6.0409655570981435,2.1844164166395785e-06
598,116808.906,6.052621364593506,-2.0858883544860873e-06,-0.7583881616592407,-8.561982320497038e-08,0.13878630101680756,7.983411620671177e-08,0.003016563830897212,0.13889709591865598,-8.122999074594718e-09,trajectory,STRAIGHT,3.2647197246551514,6.0526213645932625,2.1844164166395785e-06
599,116809.015,6.065942287445068,-2.078079432976665e-06,-0.7580982446670532,-8.531923514222106e-08,0.13878630101680756,8.284972352612385e-08,0.003016563830897212,0.138897095918656,-9.285163952185059e-09,trajectory,STRAIGHT,3.2641026973724365,6.065942287444827,2.1844164166395785e-06
600,116809.14,6.0800957679748535,-2.069465836029849e-06,-0.757790207862854,-8.499986032552669e-08,0.13878630101680756,8.604293100233917e-08,0.003016563830897212,0.138897095918656,-8.840781339475252e-09,trajectory,STRAIGHT,3.263488531112671,6.080095767974614,2.1844164166395785e-06
601,116809.25,6.093832969665527,-2.0607944861694705e-06,-0.7574912309646606,-8.468987888577105e-08,0.13878630101680756,8.913151106071382e-08,0.003016563830897212,0.13889709591865604,-1.0098460643080074e-08,trajectory,STRAIGHT,3.262871742248535,6.093832969665289,2.1844164166395785e-06
602,116809.343,6.105072498321533,-2.053472371699172e-06,-0.7572466135025024,-8.443625770777244e-08,0.13878630101680756,9.16506834869324e-08,0.003016563830897212,0.13889709591865604,-9.122018287912636e-09,trajectory,STRAIGHT,3.262871742248535,6.105072498321297,2.1844164166395785e-06
603,116809.437,6.109651565551758,-2.0504310214164434e-06,-0.757146954536438,-8.433293056117607e-08,0.13878630101680756,9.267498768394944e-08,0.003016563830897212,0.13889709591865607,-9.555783616242482e-09,trajectory,STRAIGHT,3.2622551918029785,6.109651565551522,2.1844164166395785e-06
604,116809.531,6.128384113311768,-2.037637386820279e-06,-0.7567392587661743,-8.391022859780129e-08,0.13878630101680756,9.685311397333862e-08,0.003016563830897212,0.13889709591865607,-1.0158715229862251e-08,trajectory,STRAIGHT,3.261639356613159,6.128384113311533,2.1844164166395785e-06
605,116809.562,6.131714344024658,-2.035303850789205e-06,-0.7566667795181274,-8.383508158208583e-08,0.13878630101680756,9.759384056451381e-08,0.003016563830897212,0.1388970959186561,-1.0485785558571857e-08,trajectory,STRAIGHT,3.2610230445861816,6.1317143440244255,2.1844164166395785e-06
606,116809.625,6.14170503616333,-2.0281970591895515e-06,-0.7564493417739868,-8.360964053493152e-08,0.13878630101680756,9.981228998867664e-08,0.003016563830897212,0.1388970959186561,-9.730048100751023e-09,trajectory,STRAIGHT,3.2610230445861816,6.141705036163097,2.1844164166395785e-06
607,116809.75,6.155858516693115,-2.0178561044303933e-06,-0.7561413049697876,-8.329026571810918e-08,0.13878630101680756,1.0294554186884852e-07,0.003016563830897212,0.13889709591865612,-1.1160760858674663e-08,trajectory,STRAIGHT,3.2604079246520996,6.155858516692884,2.1844164166395785e-06
608,116809.859,6.168346881866455,-2.008466708502965e-06,-0.7558695077896118,-8.300846440912845e-08,0.13878630101680756,1.0570087738415168e-07,0.003016563830897212,0.1388970959186561,-1.0448488934249402e-08,trajectory,STRAIGHT,3.2597908973693848,6.168346881866226,2.1844164166395785e-06
609,116809.953,6.178337574005127,-2.000776930799475e-06,-0.7556520700454712,-8.278302336193047e-08,0.13878630101680756,1.0789886317752462e-07,0.0030164862982928753,0.13889709591865612,-1.1495771053524514e-08,trajectory,STRAIGHT,3.2591750621795654,6.1783375740049,2.1844164166395785e-06
610,116809.984,6.1841654777526855,-1.996218088606838e-06,-0.7555252313613892,-8.265151608439283e-08,0.13878630101680756,1.091784440632182e-07,0.003016316331923008,0.13889709591865612,-1.0169150835370705e-08,trajectory,STRAIGHT,3.258558988571167,6.18416547775246,2.1844164166395785e-06
611,116810.062,6.192491054534912,-1.9896124285878614e-06,-0.755344033241272,-8.246364854504627e-08,0.13878630101680756,1.1100312491407749e-07,0.003016255795955658,0.13889709591865612,-1.1060938440379188e-08,trajectory,STRAIGHT,3.258558988571167,6.1924910545346865,2.1844164166395785e-06
612,116810.14,6.199984073638916,-1.9835740658891154e-06,-0.7551809549331665,-8.22945677596273e-08,0.13878630101680756,1.1264202726124495e-07,0.003016255795955658,0.13889709591865615,-1.187234185750399e-08,trajectory,STRAIGHT,3.258558988571167,6.199984073638692,2.1844164166395785e-06
613,116810.25,6.2133049964904785,-1.9726207938219886e-06,-0.754891037940979,-8.199397969664372e-08,0.13878630101680756,1.1554786993883681e-07,0.003016255795955658,0.13889709591865615,-1.1388810447720765e-08,trajectory,STRAIGHT,3.2579426765441895,6.2133049964902565,2.1844164166395785e-06
614,116810.359,6.227458477020264,-1.9606777641456574e-06,-0.7545830011367798,-8.167460487970045e-08,0.13878630101680756,1.1862446314125918e-07,0.003016255795955658,0.13889709591865618,-1.297280492154803e-08,trajectory,STRAIGHT,3.2573273181915283,6.227458477020045,2.1844164166395785e-06
615,116810.468,6.2411956787109375,-1.948786348293652e-06,-0.7542840242385864,-8.136462343970324e-08,0.13878630101680756,1.2159983953097253e-07,0.003016255795955658,0.13889709591865618,-1.1963282725611525e-08,trajectory,STRAIGHT,3.256711006164551,6.241195678710721,2.1844164166395785e-06
616,116810.578,6.254100322723389,-1.937347860803129e-06,-0.7540031671524048,-8.107342875362477e-08,0.13878630101680756,1.2438528074198985e-07,0.003016255795955658,0.1388970959186562,-1.3460075487164538e-08,trajectory,STRAIGHT,3.2560949325561523,6.254100322723174,2.1844164166395785e-06
617,116810.687,6.267421245574951,-1.925268861668883e-06,-0.7537132501602173,-8.077284069055513e-08,0.13878630101680756,1.2725081433018204e-07,0.003016255795955658,0.13889709591865623,-1.2422433846644972e-08,trajectory,STRAIGHT,3.255478858947754,6.26742124557474,2.1844164166395785e-06
618,116810.781,6.278660774230957,-1.9148635601595743e-06,-0.7534686326980591,-8.051921951232368e-08,0.13878630101680756,1.296608758138973e-07,0.003016255795955658,0.13889709591865623,-1.376847706317322e-08,trajectory,STRAIGHT,3.2548630237579346,6.278660774230747,2.1844164166395785e-06
619,116810.812,6.283656120300293,-1.9101764792139875e-06,-0.7533599138259888,-8.040649898866041e-08,0.13878630101680756,1.3072975946215593e-07,0.003016255795955658,0.13889709591865626,-1.1871272378552545e-08,trajectory,STRAIGHT,3.2542459964752197,6.283656120300083,2.1844164166395785e-06
620,116810.89,6.291149139404297,-1.9030737803404918e-06,-0.7531968355178833,-8.023741820315993e-08,0.13878630101680756,1.3233045592642156e-07,0.003016255795955658,0.1388970959186563,-1.27846663628915e-08,trajectory,STRAIGHT,3.2542459964752197,6.291149139404089,2.1844164166395785e-06
621,116810.984,6.304053783416748,-1.8906389414041769e-06,-0.7529159784317017,-7.994622351700451e-08,0.13878630101680756,1.3507985840988113e-07,0.003016255795955658,0.1388970959186563,-1.4376792918050865e-08,trajectory,STRAIGHT,3.2542459964752197,6.304053783416542,2.1844164166395785e-06
622,116811.093,6.316958427429199,-1.8779491028908524e-06,-0.75263512134552,-7.965502883082921e-08,0.13878630101680756,1.3781993857264752e-07,0.003016255795955658,0.13889709591865632,-1.3310892529553631e-08,trajectory,STRAIGHT,3.2536299228668213,6.316958427428997,2.1844164166395785e-06
623,116811.187,6.321537494659424,-1.8733850311036804e-06,-0.7525354623794556,-7.955170168411706e-08,0.13878630101680756,1.3878999993721663e-07,0.003016255795955658,0.13889709591865632,-1.389038401973315e-08,trajectory,STRAIGHT,3.2530148029327393,6.321537494659221,2.1844164166395785e-06
624,116811.312,6.340686321258545,-1.853952312558249e-06,-0.752118706703186,-7.911960634329374e-08,0.13878630101680756,1.4283386917668395e-07,0.003016255795955658,0.13889709591865634,-1.4443153085189301e-08,trajectory,STRAIGHT,3.2523980140686035,6.340686321258346,2.1844164166395785e-06
625,116811.406,6.354423522949219,-1.839668357206392e-06,-0.7518197298049927,-7.880962490311091e-08,0.13878630101680756,1.457222680301129e-07,0.003016255795955658,0.13889709591865634,-1.6237845771631586e-08,trajectory,STRAIGHT,3.251781463623047,6.354423522949023,2.1844164166395785e-06
626,116811.5,6.361083984375,-1.8326398958379286e-06,-0.7516747713088989,-7.865933087149901e-08,0.13878630101680756,1.4711891083152295e-07,0.003016255795955658,0.13889709591865634,-1.341312615620294e-08,trajectory,STRAIGHT,3.251166343688965,6.361083984374806,2.1844164166395785e-06
627,116811.593,6.377318859100342,-1.815227960832999e-06,-0.7513214349746704,-7.829298916942283e-08,0.13878630101680756,1.505128466305905e-07,0.003016255795955658,0.13889709591865637,-1.558526492067604e-08,trajectory,STRAIGHT,3.250549793243408,6.37731885910015,2.1844164166395785e-06
628,116811.687,6.386476993560791,-1.8052310224447865e-06,-0.7511221170425415,-7.808633487593008e-08,0.13878630101680756,1.524208670389271e-07,0.003016255795955658,0.13889709591865637,-1.4152526232907636e-08,trajectory,STRAIGHT,3.250549793243408,6.386476993560603,2.1844164166395785e-06
629,116811.781,6.3973002433776855,-1.7932543414644897e-06,-0.7508865594863892,-7.784210707451666e-08,0.13878630101680756,1.5466974900846253e-07,0.0030162851326167583,0.1388970959186564,-1.5635842820798058e-08,trajectory,STRAIGHT,3.2499330043792725,6.397300243377499,2.1844164166395785e-06
630,116811.906,6.413118839263916,-1.7754348391463282e-06,-0.7505422830581665,-7.748515874934879e-08,0.13878630101680756,1.5794481100783742e-07,0.0030163913033902645,0.13889709591865634,-1.543611087162533e-08,trajectory,STRAIGHT,3.2493181228637695,6.413118839263733,2.1844164166395785e-06
631,116812.015,6.4264397621154785,-1.7601398667466128e-06,-0.750252366065979,-7.718457068602641e-08,0.13878630101680756,1.6069188291112368e-07,0.0030163927003741264,0.13889709591865637,-1.7314436752790694e-08,trajectory,STRAIGHT,3.2487008571624756,6.426439762115297,2.1844164166395785e-06
632,116812.14,6.443923473358154,-1.7396657767676516e-06,-0.7498718500137329,-7.679004885288362e-08,0.13878630101680756,1.642823832526119e-07,0.0030163927003741264,0.13889709591865634,-1.621630189228008e-08,trajectory,STRAIGHT,3.2480852603912354,6.443923473357977,2.1844164166395785e-06
633,116812.265,6.4568281173706055,-1.7242641661141533e-06,-0.7495909929275513,-7.649885416649293e-08,0.13878630101680756,1.6692155213604565e-07,0.0030163927003741264,0.13889709591865637,-1.587108319305375e-08,trajectory,STRAIGHT,3.247469663619995,6.456828117370431,2.1844164166395785e-06
634,116812.359,6.468067646026611,-1.710650508357503e-06,-0.7493463754653931,-7.624523298800741e-08,0.13878630101680756,1.6921259771152108e-07,0.0030163927003741264,0.13889709591865637,-1.7523647559990666e-08,trajectory,STRAIGHT,3.246854066848755,6.468067646026439,2.1844164166395785e-06
635,116812.375,6.471397876739502,-1.7065812016880955e-06,-0.7492738962173462,-7.617008597215696e-08,0.13878630101680756,1.698900575775042e-07,0.0030163927003741264,0.13889709591865637,-1.8016640327404296e-08,trajectory,STRAIGHT,3.246854066848755,6.471397876739331,2.1844164166395785e-06
636,116812.468,6.4822211265563965,-1.6932438029471086e-06,-0.7490383386611938,-7.592585817063385e-08,0.13878630101680756,1.7208755309638946e-07,0.0030163927003741264,0.13889709591865634,-1.649007130658274e-08,trajectory,STRAIGHT,3.2462375164031982,6.482221126556228,2.1844164166395785e-06
637,116812.578,6.496374607086182,-1.6755443539295811e-06,-0.7487303018569946,-7.560648335323639e-08,0.13878630101680756,1.7495132453859696e-07,0.0030163927003741264,0.13889709591865637,-1.862406687996885e-08,trajectory,STRAIGHT,3.245622158050537,6.496374607086016,2.1844164166395785e-06
638,116812.703,6.509695529937744,-1.6586196807111264e-06,-0.7484403848648071,-7.530589528978163e-08,0.13878630101680756,1.776363944827608e-07,0.0030163927003741264,0.13889709591865637,-1.6869866221116265e-08,trajectory,STRAIGHT,3.2450058460235596,6.5096955299375825,2.1844164166395785e-06
639,116812.812,6.523849010467529,-1.6403553217969602e-06,-0.7481323480606079,-7.498652047233776e-08,0.13878630101680756,1.8047842331725406e-07,0.0030163927003741264,0.1388970959186564,-1.9057762502092423e-08,trajectory,STRAIGHT,3.244389295578003,6.523849010467371,2.1844164166395785e-06
640,116812.906,6.535088539123535,-1.6256450408036471e-06,-0.7478877305984497,-7.473289929376237e-08,0.13878630101680756,1.8272733370849892e-07,0.0030163927003741264,0.1388970959186564,-1.7028325382763948e-08,trajectory,STRAIGHT,3.2437729835510254,6.535088539123379,2.1844164166395785e-06
641,116812.921,6.538835048675537,-1.620701254978485e-06,-0.747806191444397,-7.464835890090055e-08,0.13878630101680756,1.8347540731156187e-07,0.0030163927003741264,0.1388970959186564,-1.7617937308487976e-08,trajectory,STRAIGHT,3.2431576251983643,6.538835048675383,2.1844164166395785e-06
642,116813.031,6.54924201965332,-1.6068624972831458e-06,-0.7475796937942505,-7.441352447627559e-08,0.13878630101680756,1.8554926839442487e-07,0.0030163927003741264,0.1388970959186564,-1.7154948847123266e-08,trajectory,STRAIGHT,3.2431576251983643,6.5492420196531675,2.1844164166395785e-06
643,116813.125,6.560481548309326,-1.5917421478661709e-06,-0.7473350763320923,-7.415990329766613e-08,0.13878630101680756,1.8778223420667928e-07,0.0030163927003741264,0.13889709591865643,-1.8951255533042513e-08,trajectory,STRAIGHT,3.2425403594970703,6.560481548309175,2.1844164166395785e-06
644,116813.156,6.5646443367004395,-1.5860961184444022e-06,-0.7472444772720337,-7.406596952780696e-08,0.13878630101680756,1.8860745853999106e-07,0.0030163927003741264,0.13889709591865643,-1.651577245353373e-08,trajectory,STRAIGHT,3.2419259548187256,6.56464433670029,2.1844164166395785e-06
645,116813.234,6.575467586517334,-1.5713009133833111e-06,-0.7470089197158813,-7.382174172616341e-08,0.13878630101680756,1.9074852275480225e-07,0.0030163927003741264,0.13889709591865643,-1.8268086687532752e-08,trajectory,STRAIGHT,3.2419259548187256,6.575467586517188,2.1844164166395785e-06
646,116813.359,6.589204788208008,-1.5522821286140243e-06,-0.746709942817688,-7.351176028559569e-08,0.13878630101680756,1.9345660007275e-07,0.0030163927003741264,0.13889709591865643,-1.8326583237875236e-08,trajectory,STRAIGHT,3.2419259548187256,6.589204788207864,2.1844164166395785e-06
647,116813.468,6.603358268737793,-1.5324073956435313e-06,-0.7464019060134888,-7.319238546801754e-08,0.13878630101680756,1.9623570324256434e-07,0.0030163927003741264,0.13889709591865643,-2.0667930250938524e-08,trajectory,STRAIGHT,3.241309404373169,6.603358268737653,2.1844164166395785e-06
648,116813.562,6.612100124359131,-1.519990291853901e-06,-0.7462116479873657,-7.299512455126614e-08,0.13878630101680756,1.9794660488514637e-07,0.003016257658600807,0.13889709591865645,-1.79714340117372e-08,trajectory,STRAIGHT,3.2406930923461914,6.612100124358992,2.1844164166395785e-06
649,116813.593,6.6166791915893555,-1.5134430668695131e-06,-0.7461119890213013,-7.28917974043927e-08,0.13878630101680756,1.9884109292434005e-07,0.003016144735738635,0.13889709591865645,-1.8740188353582775e-08,trajectory,STRAIGHT,3.2400777339935303,6.616679191589219,2.1844164166395785e-06
650,116813.781,6.637909412384033,-1.4827032828179654e-06,-0.7456499338150024,-7.241273517794688e-08,0.13878630101680756,2.0297291314363974e-07,0.003016306785866618,0.13889709591865648,-2.2340395297498353e-08,trajectory,STRAIGHT,3.239459991455078,6.637909412383902,2.1844164166395785e-06
651,116813.89,6.65247917175293,-1.461242618461256e-06,-0.7453328371047974,-7.208396698329608e-08,0.13878630101680756,2.0579388149144506e-07,0.003016457427293062,0.13889709591865645,-1.9547819751000166e-08,trajectory,STRAIGHT,3.2388460636138916,6.652479171752802,2.1844164166395785e-06
652,116814.0,6.6662163734436035,-1.440737378288759e-06,-0.745033860206604,-7.177398554260212e-08,0.13878630101680756,2.0844278481035872e-07,0.0030164672061800957,0.13889709591865648,-1.9652441994717325e-08,trajectory,STRAIGHT,3.2382287979125977,6.666216373443479,2.1844164166395785e-06
653,116814.109,6.680369853973389,-1.419336967956042e-06,-0.7447258234024048,-7.145461072489388e-08,0.13878630101680756,2.1116090920259012e-07,0.0030164672061800957,0.13889709591865648,-2.213901888570858e-08,trajectory,STRAIGHT,3.2376134395599365,6.680369853973268,2.1844164166395785e-06
654,116814.187,6.690776824951172,-1.4034249034011737e-06,-0.7444993257522583,-7.121977630009317e-08,0.13878630101680756,2.131523899606691e-07,0.0030164672061800957,0.13889709591865648,-1.9531745654275172e-08,trajectory,STRAIGHT,3.2369964122772217,6.690776824951053,2.1844164166395785e-06
655,116814.25,6.6966047286987305,-1.394448986502539e-06,-0.7443724870681763,-7.10882690221991e-08,0.13878630101680756,2.142649861980317e-07,0.0030164672061800957,0.1388970959186565,-2.0571328357926356e-08,trajectory,STRAIGHT,3.2363805770874023,6.696604728698613,2.1844164166395785e-06
656,116814.328,6.707427978515625,-1.3776556215816527e-06,-0.7441369295120239,-7.084404122038512e-08,0.13878630101680756,2.1632617119848874e-07,0.0030164672061800957,0.13889709591865648,-1.987310383817046e-08,trajectory,STRAIGHT,3.2363805770874023,6.707427978515511,2.1844164166395785e-06
657,116814.437,6.7195000648498535,-1.3587349485533196e-06,-0.743874192237854,-7.05716332875761e-08,0.13878630101680756,2.1861745835849433e-07,0.0030164672061800957,0.13889709591865648,-2.2057590239004765e-08,trajectory,STRAIGHT,3.235764741897583,6.719500064849742,2.1844164166395785e-06
658,116814.468,6.722830295562744,-1.3534804566006642e-06,-0.7438017129898071,-7.049648627162572e-08,0.13878630101680756,2.1924812187990028e-07,0.0030164672061800957,0.1388970959186565,-1.8879006328771493e-08,trajectory,STRAIGHT,3.235764741897583,6.722830295562634,2.1844164166395785e-06
659,116814.546,6.733653545379639,-1.3362989648157964e-06,-0.7435661554336548,-7.025225846977786e-08,0.13878630101680756,2.2129343335564045e-07,0.0030164672061800957,0.1388970959186565,-2.0858446008513638e-08,trajectory,STRAIGHT,3.2351486682891846,6.73365354537953,2.1844164166395785e-06
660,116814.64,6.7448930740356445,-1.3182881275497493e-06,-0.7433215379714966,-6.999863729092106e-08,0.13878630101680756,2.2341048122598295e-07,0.0030164672061800957,0.13889709591865654,-2.0555147667206117e-08,trajectory,STRAIGHT,3.234531879425049,6.74489307403554,2.1844164166395785e-06
661,116814.671,6.749055862426758,-1.3115737829139107e-06,-0.743230938911438,-6.990470352097026e-08,0.13878630101680756,2.2419278877805482e-07,0.0030164672061800957,0.13889709591865654,-2.1326511446013268e-08,trajectory,STRAIGHT,3.234531879425049,6.749055862426653,2.1844164166395785e-06
662,116814.75,6.758213996887207,-1.2967202565050684e-06,-0.7430316209793091,-6.969804922707125e-08,0.13878630101680756,2.2591044057662657e-07,0.0030164672061800957,0.1388970959186565,-2.0416534482274554e-08,trajectory,STRAIGHT,3.234531879425049,6.758213996887106,2.1844164166395785e-06
663,116814.828,6.766955852508545,-1.2824359600926982e-06,-0.742841362953186,-6.95007883101583e-08,0.13878630101680756,2.2754564099614072e-07,0.0030164672061800957,0.1388970959186565,-2.2053892011222084e-08,trajectory,STRAIGHT,3.2339162826538086,6.7669558525084454,2.1844164166395785e-06
664,116814.875,6.773200035095215,-1.2721700386464363e-06,-0.7427054643630981,-6.935988765521488e-08,0.13878630101680756,2.2871101634791557e-07,0.0030164672061800957,0.1388970959186565,-2.015096927795339e-08,trajectory,STRAIGHT,3.233299493789673,6.773200035095117,2.1844164166395785e-06
665,116814.968,6.783190727233887,-1.25563565234188e-06,-0.7424880266189575,-6.913444660729576e-08,0.13878630101680756,2.305711035432978e-07,0.0030164672061800957,0.1388970959186565,-2.2042185266216992e-08,trajectory,STRAIGHT,3.233299493789673,6.783190727233791,2.1844164166395785e-06
666,116815.078,6.796095371246338,-1.2340805142230238e-06,-0.7422071695327759,-6.88432519203826e-08,0.13878630101680756,2.3296546203255275e-07,0.0030164672061800957,0.13889709591865654,-2.1675070031770214e-08,trajectory,STRAIGHT,3.2326841354370117,6.7960953712462455,2.1844164166395785e-06
667,116815.203,6.808167457580566,-1.2137151088609244e-06,-0.741944432258606,-6.857084398744585e-08,0.13878630101680756,2.3519689307249791e-07,0.0030164672061800957,0.13889709591865654,-2.3996769107441708e-08,trajectory,STRAIGHT,3.232067584991455,6.808167457580476,2.1844164166395785e-06
668,116815.312,6.825651168823242,-1.1838770888061845e-06,-0.7415639162063599,-6.81763221535066e-08,0.13878630101680756,2.384141879474555e-07,0.0030164069030433893,0.1388970959186565,-2.2972541903165466e-08,trajectory,STRAIGHT,3.2314512729644775,6.825651168823157,2.1844164166395785e-06
669,116815.437,6.839388370513916,-1.1601480309764156e-06,-0.7412649393081665,-6.786634071252876e-08,0.13878630101680756,2.409300350336707e-07,0.0030161309987306595,0.13889709591865654,-2.2525049562088877e-08,trajectory,STRAIGHT,3.2308361530303955,6.839388370513834,2.1844164166395785e-06
670,116815.562,6.853541851043701,-1.1354406979080522e-06,-0.7409569025039673,-6.754696589452802e-08,0.13878630101680756,2.4351112415388343e-07,0.003016257658600807,0.13889709591865654,-2.2829130670923357e-08,trajectory,STRAIGHT,3.2302188873291016,6.853541851043621,2.1844164166395785e-06
671,116815.64,6.864365100860596,-1.1163695035065757e-06,-0.7407213449478149,-6.730273809251133e-08,0.13878630101680756,2.4547739485569764e-07,0.003016404341906309,0.13889709591865654,-2.498776067698759e-08,trajectory,STRAIGHT,3.229604482650757,6.864365100860519,2.1844164166395785e-06
672,116815.671,6.866862773895264,-1.111946630771854e-06,-0.7406669855117798,-6.724637783050549e-08,0.13878630101680756,2.459301811086334e-07,0.003016421105712652,0.13889709591865654,-2.5487936291264156e-08,trajectory,STRAIGHT,3.229604482650757,6.866862773895187,2.1844164166395785e-06
673,116815.781,6.880183696746826,-1.0882205287998659e-06,-0.7403770685195923,-6.69457897664618e-08,0.13878630101680756,2.4833929046508274e-07,0.0030165105126798153,0.138897095918656,-2.356692706236954e-08,trajectory,STRAIGHT,3.228987216949463,6.880183696746753,2.1844164166395785e-06
674,116815.875,6.892672061920166,-1.065768515218224e-06,-0.7401052713394165,-6.666398845640159e-08,0.13878630101680756,2.505887835013709e-07,0.003016511909663677,0.13889709591865604,-2.3143900461966647e-08,trajectory,STRAIGHT,3.2283711433410645,6.892672061920097,2.1844164166395785e-06
675,116815.906,6.894337177276611,-1.0627594519974082e-06,-0.7400690317153931,-6.662641494839215e-08,0.13878630101680756,2.508880641016731e-07,0.003016511909663677,0.13889709591865604,-2.348313655131657e-08,trajectory,STRAIGHT,3.227755546569824,6.894337177276542,2.1844164166395785e-06
676,116815.968,6.903079032897949,-1.0469040034877253e-06,-0.73987877368927,-6.64291540313372e-08,0.13878630101680756,2.524567719319748e-07,0.003016511909663677,0.13889709591865604,-2.259744063000553e-08,trajectory,STRAIGHT,3.227755546569824,6.903079032897882,2.1844164166395785e-06
677,116816.0,6.906825542449951,-1.0400783594377572e-06,-0.7397972345352173,-6.634461363831084e-08,0.13878630101680756,2.5312772322649835e-07,0.003016511909663677,0.13889709591865604,-2.3365978702873067e-08,trajectory,STRAIGHT,3.227139472961426,6.906825542449884,2.1844164166395785e-06
678,116816.093,6.91889762878418,-1.0179618357142317e-06,-0.7395344972610474,-6.607220570521457e-08,0.13878630101680756,2.552844478032057e-07,0.003016511909663677,0.13889709591865604,-2.585380805970182e-08,trajectory,STRAIGHT,3.227139472961426,6.918897628784116,2.1844164166395785e-06
679,116816.203,6.932218551635742,-9.933402225215104e-07,-0.7392445802688599,-6.577161764108815e-08,0.13878630101680756,2.5765476152628253e-07,0.003016511909663677,0.13889709591865604,-2.3922470874173145e-08,trajectory,STRAIGHT,3.2265238761901855,6.932218551635682,2.1844164166395785e-06
680,116816.296,6.940544128417969,-9.778362937140628e-07,-0.7390633821487427,-6.558375010099838e-08,0.13878630101680756,2.5913121248777315e-07,0.003016511909663677,0.13889709591865607,-2.566203270838095e-08,trajectory,STRAIGHT,3.2259066104888916,6.94054412841791,2.1844164166395785e-06
681,116816.343,6.948453426361084,-9.630256272430415e-07,-0.7388912439346313,-6.540527593790544e-08,0.13878630101680756,2.6053021429106593e-07,0.003016511909663677,0.13889709591865607,-2.311925069329355e-08,trajectory,STRAIGHT,3.2259066104888916,6.948453426361027,2.1844164166395785e-06
682,116816.406,6.955530166625977,-9.497062478658336e-07,-0.7387372255325317,-6.524558852881596e-08,0.13878630101680756,2.6177903578172845e-07,0.003016511909663677,0.13889709591865607,-2.4611336404005396e-08,trajectory,STRAIGHT,3.2259066104888916,6.95553016662592,2.1844164166395785e-06
683,116816.437,6.9592766761779785,-9.426291285308253e-07,-0.738655686378479,-6.516104813576617e-08,0.13878630101680756,2.6243901629641186e-07,0.003016511909663677,0.13889709591865607,-2.2459176792736063e-08,trajectory,STRAIGHT,3.2252910137176514,6.9592766761779234,2.1844164166395785e-06
684,116816.515,6.968434810638428,-9.252545964955061e-07,-0.7384563684463501,-6.49543938416374e-08,0.13878630101680756,2.6404899244880653e-07,0.003016511909663677,0.13889709591865607,-2.4403207739097888e-08,trajectory,STRAIGHT,3.2252910137176514,6.968434810638374,2.1844164166395785e-06
685,116816.546,6.972597599029541,-9.173219268632238e-07,-0.7383657693862915,-6.486046007157556e-08,0.13878630101680756,2.6477928827262076e-07,0.003016511909663677,0.13889709591865607,-2.5290127626434927e-08,trajectory,STRAIGHT,3.224675178527832,6.972597599029488,2.1844164166395785e-06
686,116816.64,6.9834208488464355,-8.96594826826913e-07,-0.7381302118301392,-6.461623226940508e-08,0.13878630101680756,2.666734246759006e-07,0.003016511909663677,0.13889709591865607,-2.421837034931304e-08,trajectory,STRAIGHT,3.224675178527832,6.983420848846386,2.1844164166395785e-06
687,116816.734,6.99424409866333,-8.757201612752397e-07,-0.7378946542739868,-6.437200446722064e-08,0.13878630101680756,2.685610809294303e-07,0.003016511909663677,0.13889709591865607,-2.6547967641824317e-08,trajectory,STRAIGHT,3.224058151245117,6.994244098663282,2.1844164166395785e-06
688,116816.765,6.998823165893555,-8.668442887937999e-07,-0.7377949953079224,-6.42686773201384e-08,0.13878630101680756,2.693576846013457e-07,0.003016511909663677,0.13889709591865604,-2.3189532750104893e-08,trajectory,STRAIGHT,3.2234432697296143,6.9988231658935085,2.1844164166395785e-06
689,116816.843,7.006316184997559,-8.522634971086518e-07,-0.7376319169998169,-6.409959653399841e-08,0.13878630101680756,2.706587451939413e-07,0.003016511909663677,0.13889709591865607,-2.4814680083800955e-08,trajectory,STRAIGHT,3.2234432697296143,7.006316184997513,2.1844164166395785e-06
690,116816.937,7.019637107849121,-8.261689004029904e-07,-0.7373420000076294,-6.379900846973303e-08,0.13878630101680756,2.729639732024225e-07,0.003016511909663677,0.13889709591865607,-2.7719902695503456e-08,trajectory,STRAIGHT,3.2228264808654785,7.0196371078490785,2.1844164166395785e-06
691,116816.968,7.021718502044678,-8.220716836149222e-07,-0.7372967004776001,-6.375204158468966e-08,0.13878630101680756,2.7332328045304166e-07,0.003016511909663677,0.13889709591865682,-2.3001382919190057e-08,trajectory,STRAIGHT,3.2222108840942383,7.021718502044635,2.1844164166395785e-06
692,116817.046,7.032125473022461,-8.015047114895424e-07,-0.7370702028274536,-6.3517207159465e-08,0.13878630101680756,2.75116150305621e-07,0.003016511909663677,0.13889709591865682,-2.5288439113207464e-08,trajectory,STRAIGHT,3.2222108840942383,7.032125473022421,2.1844164166395785e-06
693,116817.14,7.043781280517578,-7.783103797009971e-07,-0.7368165254592896,-6.325419260319804e-08,0.13878630101680756,2.7711695338439313e-07,0.0030163920018821955,0.13889709591865682,-2.786471717564196e-08,trajectory,STRAIGHT,3.2215945720672607,7.04378128051754,2.1844164166395785e-06
694,116817.171,7.04752779006958,-7.708193834332633e-07,-0.7367349863052368,-6.316965221010878e-08,0.13878630101680756,2.777584882096562e-07,0.0030163046903908253,0.13889709591865682,-2.370326588273568e-08,trajectory,STRAIGHT,3.220977544784546,7.047527790069543,2.1844164166395785e-06
695,116817.25,7.057518482208252,-7.507588861699332e-07,-0.7365175485610962,-6.294421116186259e-08,0.13878630101680756,2.7946526870437083e-07,0.0030162231996655464,0.13889709591865682,-2.5928700264994695e-08,trajectory,STRAIGHT,3.220977544784546,7.057518482208216,2.1844164166395785e-06
696,116817.359,7.070423126220703,-7.246658242365811e-07,-0.7362366914749146,-6.265301647452696e-08,0.13878630101680756,2.8166169840915245e-07,0.0030163084156811237,0.13889709591865682,-2.8820058664139398e-08,trajectory,STRAIGHT,3.220363140106201,7.07042312622067,2.1844164166395785e-06
697,116817.484,7.084576606750488,-6.95813298534631e-07,-0.7359286546707153,-6.233364165613601e-08,0.13878630101680756,2.840599790943088e-07,0.0030164034105837345,0.13889709591865682,-2.6422296622280806e-08,trajectory,STRAIGHT,3.2197463512420654,7.084576606750458,2.1844164166395785e-06
698,116817.593,7.0962324142456055,-6.71869088364474e-07,-0.7356749773025513,-6.207062709979608e-08,0.13878630101680756,2.8602656243492675e-07,0.0030164243653416634,0.13889709591865684,-2.9069401607706315e-08,trajectory,STRAIGHT,3.2197463512420654,7.096232414245577,2.1844164166395785e-06
699,116817.718,7.112051010131836,-6.391098281710583e-07,-0.7353307008743286,-6.171367877330883e-08,0.13878630101680756,2.886833954107715e-07,0.0030164243653416634,0.13889709591865684,-2.7189115915295686e-08,trajectory,STRAIGHT,3.219130516052246,7.11205101013181,2.1844164166395785e-06
700,116817.796,7.122041702270508,-6.182639822327474e-07,-0.735113263130188,-6.148823772498572e-08,0.13878630101680756,2.903541940213472e-07,0.0030164243653416634,0.13889709591865684,-2.6079593231288492e-08,trajectory,STRAIGHT,3.2185146808624268,7.122041702270484,2.1844164166395785e-06
701,116817.828,7.12578821182251,-6.10415838764311e-07,-0.7350317239761353,-6.140369733186147e-08,0.13878630101680756,2.909792726768501e-07,0.0030164243653416634,0.13889709591865684,-2.6944849758163027e-08,trajectory,STRAIGHT,3.2185146808624268,7.125788211822486,2.1844164166395785e-06
702,116817.906,7.134946346282959,-5.911604148423066e-07,-0.7348324060440063,-6.119704303755073e-08,0.13878630101680756,2.9250401212266297e-07,0.0030164243653416634,0.13889709591865684,-2.90665034623517e-08,trajectory,STRAIGHT,3.217898368835449,7.134946346282937,2.1844164166395785e-06
703,116817.937,7.138692855834961,-5.832542342432134e-07,-0.7347508668899536,-6.111250264442071e-08,0.13878630101680756,2.931264475591888e-07,0.0030164243653416634,0.13889709591865684,-2.4950610016479675e-08,trajectory,STRAIGHT,3.21728253364563,7.13869285583494,2.1844164166395785e-06
704,116818.031,7.148683547973633,-5.620890419777425e-07,-0.734533429145813,-6.088706159606582e-08,0.13878630101680756,2.9478229635060416e-07,0.0030164243653416634,0.13889709591865684,-2.7280384127898958e-08,trajectory,STRAIGHT,3.21728253364563,7.148683547973612,2.1844164166395785e-06
705,116818.109,7.161171913146973,-5.354652330424869e-07,-0.7342616319656372,-6.060526028560548e-08,0.13878630101680756,2.968443197914894e-07,0.0030164243653416634,0.13889709591865684,-3.020807716086466e-08,trajectory,STRAIGHT,3.2166659832000732,7.161171913146954,2.1844164166395785e-06
706,116818.156,7.164502143859863,-5.283342261463986e-07,-0.7341891527175903,-6.053011326947956e-08,0.13878630101680756,2.9739271667494904e-07,0.0030164243653416634,0.13889709591865684,-2.5204250691107723e-08,trajectory,STRAIGHT,3.216049909591675,7.1645021438598455,2.1844164166395785e-06
707,116818.234,7.1749091148376465,-5.059650902694557e-07,-0.7339626550674438,-6.029527884407758e-08,0.13878630101680756,2.991025098708633e-07,0.0030164243653416634,0.13889709591865684,-2.766149474933629e-08,trajectory,STRAIGHT,3.216049909591675,7.1749091148376305,2.1844164166395785e-06
708,116818.328,7.186981201171875,-4.798565669261734e-07,-0.7336999177932739,-6.002287091059509e-08,0.13878630101680756,3.0107818815849896e-07,0.0030164243653416634,0.13889709591865684,-3.0526703536560816e-08,trajectory,STRAIGHT,3.2154343128204346,7.18698120117186,2.1844164166395785e-06
709,116818.437,7.198637008666992,-4.544855869426101e-07,-0.7334462404251099,-5.975985635411272e-08,0.13878630101680756,3.0297806574708375e-07,0.0030164243653416634,0.13889709591865684,-2.7534807604945805e-08,trajectory,STRAIGHT,3.214818239212036,7.198637008666979,2.1844164166395785e-06
710,116818.468,7.203632354736328,-4.4356349349072843e-07,-0.7333375215530396,-5.964713582990105e-08,0.13878630101680756,3.0378996029867267e-07,0.0030164243653416634,0.13889709591865687,-2.8731653465192338e-08,trajectory,STRAIGHT,3.214202404022217,7.203632354736316,2.1844164166395785e-06
711,116818.578,7.216536998748779,-4.152130941292853e-07,-0.7330566644668579,-5.9355941142340396e-08,0.13878630101680756,3.0588091703975806e-07,0.0030164243653416634,0.13889709591865687,-2.80702528182889e-08,trajectory,STRAIGHT,3.214202404022217,7.216536998748769,2.1844164166395785e-06
712,116818.64,7.2244462966918945,-3.977411040523293e-07,-0.7328845262527466,-5.917746697898696e-08,0.13878630101680756,3.071578760227567e-07,0.0030164243653416634,0.13889709591865687,-2.9982049286674234e-08,trajectory,STRAIGHT,3.2135860919952393,7.224446296691885,2.1844164166395785e-06
713,116818.687,7.230274200439453,-3.8482048125842994e-07,-0.7327576875686646,-5.9045959700721745e-08,0.13878630101680756,3.0809658824182407e-07,0.0030164243653416634,0.13889709591865687,-2.6642933110492177e-08,trajectory,STRAIGHT,3.2135860919952393,7.230274200439443,2.1844164166395785e-06
714,116818.781,7.240681171417236,-3.6165002370580623e-07,-0.7325311899185181,-5.8811125275238075e-08,0.13878630101680756,3.0976801213000726e-07,0.0030164243653416634,0.13889709591865687,-2.9175636583404602e-08,trajectory,STRAIGHT,3.2135860919952393,7.240681171417228,2.1844164166395785e-06
715,116818.89,7.253169536590576,-3.3368030472047394e-07,-0.7322593927383423,-5.852932396464061e-08,0.13878630101680756,3.117658025075798e-07,0.0030164243653416634,0.13889709591865687,-2.8489355257226564e-08,trajectory,STRAIGHT,3.2123541831970215,7.253169536590569,2.1844164166395785e-06
716,116819.015,7.261078834533691,-3.1587339321959007e-07,-0.732087254524231,-5.8350849801252596e-08,0.13878630101680756,3.130265611162031e-07,0.0030162164475768805,0.13889709591865687,-3.043270147140508e-08,trajectory,STRAIGHT,3.2123541831970215,7.261078834533685,2.1844164166395785e-06
717,116819.109,7.279811382293701,-2.734130646331323e-07,-0.7316795587539673,-5.792814783530382e-08,0.13878630101680756,3.15998590849631e-07,0.0030161840841174126,0.13889709591865687,-3.0319875171833775e-08,trajectory,STRAIGHT,3.2111222743988037,7.279811382293697,2.1844164166395785e-06
718,116819.234,7.293964862823486,-2.410665160823555e-07,-0.7313715219497681,-5.76087730165592e-08,0.13878630101680756,3.1823111612538924e-07,0.0030163819901645184,0.13889709591865687,-3.384246173718697e-08,trajectory,STRAIGHT,3.2111222743988037,7.293964862823483,2.1844164166395785e-06
719,116819.343,7.308950901031494,-2.0656975152633095e-07,-0.7310453653335571,-5.7270611443744714e-08,0.13878630101680756,3.205827567853703e-07,0.003016457660123706,0.13889709591865687,-2.985180921838251e-08,trajectory,STRAIGHT,3.210505247116089,7.3089509010314915,2.1844164166395785e-06
720,116819.484,7.32643461227417,-1.660034456563153e-07,-0.730664849281311,-5.687608960876061e-08,0.13878630101680756,3.2331047350453446e-07,0.0030163542833179235,0.13889709591865687,-3.069185093104392e-08,trajectory,STRAIGHT,3.2098889350891113,7.326434612274168,2.1844164166395785e-06
721,116819.625,7.342669486999512,-1.2802790649857343e-07,-0.7303115129470825,-5.650974790481414e-08,0.13878630101680756,3.2582806852587964e-07,0.0030164632480591536,0.13889709591865687,-3.061959874668678e-08,trajectory,STRAIGHT,3.2086572647094727,7.342669486999511,2.1844164166395785e-06
722,116819.734,7.355574131011963,-9.763261488160424e-08,-0.7300306558609009,-5.621855321703938e-08,0.13878630101680756,3.278186966326757e-07,0.0030164129566401243,0.13889709591865687,-2.999088160666525e-08,trajectory,STRAIGHT,3.208040952682495,7.355574131011962,2.1844164166395785e-06
723,116819.75,7.3589043617248535,-8.975863607929568e-08,-0.729958176612854,-5.6143406200836216e-08,0.13878630101680756,3.2833091268003045e-07,0.0030163906048983335,0.13889709591865687,-3.084453719720825e-08,trajectory,STRAIGHT,3.207425117492676,7.358904361724853,2.1844164166395785e-06
724,116819.828,7.36722993850708,-7.001998625355554e-08,-0.7297769784927368,-5.5955538660322514e-08,0.13878630101680756,3.296086674708931e-07,0.0030163598712533712,0.13889709591865687,-2.9029200326213037e-08,trajectory,STRAIGHT,3.207425117492676,7.36722993850708,2.1844164166395785e-06
725,116819.859,7.372641563415527,-5.7148810128637706e-08,-0.7296591997146606,-5.5833424758984174e-08,0.13878630101680756,3.304371603007894e-07,0.0030163961928337812,0.1388970959186569,-3.042356622464559e-08,trajectory,STRAIGHT,3.2068097591400146,7.372641563415527,2.1844164166395785e-06
726,116819.953,7.381383419036865,-3.6288753335611545e-08,-0.7294689416885376,-5.563616384143023e-08,0.13878630101680756,3.3177201430589776e-07,0.003016454866155982,0.1388970959186569,-3.268226149692734e-08,trajectory,STRAIGHT,3.2068097591400146,7.381383419036865,2.1844164166395785e-06
727,116820.078,7.397618293762207,2.673909094141891e-09,-0.7291156053543091,-5.52698221373773e-08,0.13878630101680756,3.342397292271926e-07,0.003016398986801505,0.1388970959186569,-3.1375464149189485e-08,trajectory,STRAIGHT,3.206192970275879,7.397618293762207,2.1844164166395785e-06
728,116820.156,7.407192707061768,2.57869423592183e-08,-0.7289072275161743,-5.50537744657416e-08,0.13878630101680756,3.3568809953976597e-07,0.0030163598712533712,0.1388970959186569,-2.985192359310512e-08,trajectory,STRAIGHT,3.206192970275879,7.407192707061768,2.1844164166395785e-06
729,116820.187,7.4121880531311035,3.788553115668947e-08,-0.728798508644104,-5.494105394140558e-08,0.13878630101680756,3.364417864304414e-07,0.0030163933988660574,0.1388970959186569,-3.115943498586658e-08,trajectory,STRAIGHT,3.2055773735046387,7.4121880531311035,2.1844164166395785e-06
730,116820.281,7.423011302947998,6.419208631314177e-08,-0.7285629510879517,-5.4696826138667334e-08,0.13878630101680756,3.3806986721174326e-07,0.0030164660420268774,0.1388970959186569,-3.036716102837907e-08,trajectory,STRAIGHT,3.2055773735046387,7.423011302947998,2.1844164166395785e-06
731,116820.375,7.434250831604004,9.164457992483221e-08,-0.7283183336257935,-5.4443204958885897e-08,0.13878630101680756,3.3975371138694754e-07,0.003016421338543296,0.1388970959186569,-3.333058120559774e-08,trajectory,STRAIGHT,3.2049612998962402,7.434250831604003,2.1844164166395785e-06
732,116820.5,7.449236869812012,1.2845950436712883e-07,-0.7279921770095825,-5.410504338582053e-08,0.13878630101680756,3.419878282784339e-07,0.0030163738410919905,0.1388970959186569,-3.1756139995583195e-08,trajectory,STRAIGHT,3.204345226287842,7.449236869812011,2.1844164166395785e-06
733,116820.593,7.460060119628906,1.5519781015882472e-07,-0.7277566194534302,-5.386081558303442e-08,0.13878630101680756,3.435934843309951e-07,0.0030164464842528105,0.1388970959186569,-3.0842038481328866e-08,trajectory,STRAIGHT,3.203728675842285,7.4600601196289045,2.1844164166395785e-06
734,116820.703,7.472964763641357,1.8724144013049226e-07,-0.7274757623672485,-5.356962089507888e-08,0.13878630101680756,3.454994157436886e-07,0.00301637826487422,0.1388970959186569,-3.429357687508526e-08,trajectory,STRAIGHT,3.2031121253967285,7.472964763641355,2.1844164166395785e-06
735,116820.734,7.475046157836914,1.924263415276073e-07,-0.7274304628372192,-5.3522654009922896e-08,0.13878630101680756,3.458059438798955e-07,0.0030163086485117674,0.1388970959186569,-2.879305940640857e-08,trajectory,STRAIGHT,3.2031121253967285,7.475046157836911,2.1844164166395785e-06
736,116820.812,7.481290340423584,2.0800861477709987e-07,-0.7272945642471313,-5.3381753354451854e-08,0.13878630101680756,3.467241072030447e-07,0.0030161868780851364,0.1388970959186569,-3.047056867078771e-08,trajectory,STRAIGHT,3.202496290206909,7.481290340423581,2.1844164166395785e-06
737,116820.937,7.500439167022705,2.5605112341509084e-07,-0.7268778085708618,-5.294965801097829e-08,0.13878630101680756,3.4952620353578823e-07,0.003016350558027625,0.1388970959186569,-3.349884403701886e-08,trajectory,STRAIGHT,3.2018816471099854,7.500439167022701,2.1844164166395785e-06
738,116821.046,7.514176368713379,2.9075394536448584e-07,-0.7265788316726685,-5.263967656889423e-08,0.13878630101680756,3.515237381179759e-07,0.0030164446216076612,0.1388970959186569,-3.722820405583085e-08,trajectory,STRAIGHT,3.2012641429901123,7.514176368713374,2.1844164166395785e-06
739,116821.171,7.527913570404053,3.256539855556184e-07,-0.7262798547744751,-5.232969512678764e-08,0.13878630101680756,3.535107566676743e-07,0.0030164446216076612,0.1388970959186569,-3.2454760639973346e-08,trajectory,STRAIGHT,3.200648069381714,7.527913570404046,2.1844164166395785e-06
740,116821.296,7.543315887451172,3.650175415259582e-07,-0.7259446382522583,-5.1982140176520125e-08,0.13878630101680756,3.5572608680922713e-07,0.0030164446216076612,0.1388970959186569,-3.6678826371216105e-08,trajectory,STRAIGHT,3.2000317573547363,7.543315887451163,2.1844164166395785e-06
741,116821.39,7.554139137268066,3.9282519992411835e-07,-0.725709080696106,-5.1737912373612517e-08,0.13878630101680756,3.572748425995087e-07,0.0030164446216076612,0.1388970959186569,-3.201761434158307e-08,trajectory,STRAIGHT,3.199415445327759,7.554139137268056,2.1844164166395785e-06
742,116821.421,7.557885646820068,4.0247905985779653e-07,-0.7256275415420532,-5.165337198029509e-08,0.13878630101680756,3.578094549538946e-07,0.0030164446216076612,0.1388970959186569,-3.305254520372757e-08,trajectory,STRAIGHT,3.198801040649414,7.557885646820058,2.1844164166395785e-06
743,116821.484,7.565378665924072,4.218299807234871e-07,-0.7254644632339478,-5.1484291193655194e-08,0.13878630101680756,3.588762353956554e-07,0.0030164446216076612,0.1388970959186569,-3.127230142145163e-08,trajectory,STRAIGHT,3.198801040649414,7.565378665924061,2.1844164166395785e-06
744,116821.515,7.569957733154297,4.3368387991904456e-07,-0.7253648042678833,-5.1380964046260854e-08,0.13878630101680756,3.5952663779426075e-07,0.0030164446216076612,0.1388970959186569,-3.254235928187194e-08,trajectory,STRAIGHT,3.198183536529541,7.569957733154284,2.1844164166395785e-06
745,116821.593,7.58036470413208,4.607042569659825e-07,-0.7251383066177368,-5.114612962035532e-08,0.13878630101680756,3.610004739584838e-07,0.0030164446216076612,0.13889709591865687,-3.543612411270042e-08,trajectory,STRAIGHT,3.198183536529541,7.580364704132066,2.1844164166395785e-06
746,116821.625,7.583694934844971,4.693741004757612e-07,-0.7250658273696899,-5.107098260406282e-08,0.13878630101680756,3.614707964061381e-07,0.0030164446216076612,0.13889709591865687,-3.03762068017716e-08,trajectory,STRAIGHT,3.198183536529541,7.583694934844956,2.1844164166395785e-06
747,116821.703,7.592020511627197,4.910980351269245e-07,-0.7248846292495728,-5.088311506332577e-08,0.13878630101680756,3.626439593062969e-07,0.0030164446216076612,0.13889709591865687,-3.270145474160198e-08,trajectory,STRAIGHT,3.198183536529541,7.592020511627181,2.1844164166395785e-06
748,116821.828,7.607839107513428,5.325669576450309e-07,-0.7245403528213501,-5.05261667359026e-08,0.13878630101680756,3.648622453056305e-07,0.0030164446216076612,0.13889709591865687,-3.7137050792288784e-08,trajectory,STRAIGHT,3.197568893432617,7.607839107513408,2.1844164166395785e-06
749,116821.921,7.618246078491211,5.599866312877566e-07,-0.7243138551712036,-5.029133230995002e-08,0.13878630101680756,3.663139978016261e-07,0.0030164446216076612,0.13889709591865687,-3.268128851333666e-08,trajectory,STRAIGHT,3.1969518661499023,7.61824607849119,2.1844164166395785e-06
750,116821.953,7.6228251457214355,5.720857529922796e-07,-0.7242141962051392,-5.018800516252679e-08,0.13878630101680756,3.6695084304483316e-07,0.0030164446216076612,0.13889709591865687,-3.397420767929756e-08,trajectory,STRAIGHT,3.196336269378662,7.622825145721413,2.1844164166395785e-06
751,116822.031,7.632815837860107,5.985565962873807e-07,-0.7239967584609985,-4.996256411359469e-08,0.13878630101680756,3.6833631611443707e-07,0.0030164446216076612,0.13889709591865687,-3.680174912176137e-08,trajectory,STRAIGHT,3.196336269378662,7.632815837860083,2.1844164166395785e-06
752,116822.14,7.646553039550781,6.351164643092488e-07,-0.7236977815628052,-4.965258267129361e-08,0.13878630101680756,3.7023215782028274e-07,0.0030164446216076612,0.13889709591865687,-3.3925054189091766e-08,trajectory,STRAIGHT,3.1957201957702637,7.646553039550754,2.1844164166395785e-06
753,116822.234,7.6569600105285645,6.629384756706713e-07,-0.7234712839126587,-4.941774824529294e-08,0.13878630101680756,3.7166137190070003e-07,0.0030164446216076612,0.13889709591865687,-3.68935748605508e-08,trajectory,STRAIGHT,3.1951029300689697,7.656960010528534,2.1844164166395785e-06
754,116822.328,7.662787914276123,6.785653567931149e-07,-0.7233444452285767,-4.928624096672692e-08,0.13878630101680756,3.724591124409926e-07,0.0030164446216076612,0.13889709591865687,-3.1948511788207254e-08,trajectory,STRAIGHT,3.1944873332977295,7.662787914276092,2.1844164166395785e-06
755,116822.421,7.6798553466796875,7.245220672302821e-07,-0.7229729890823364,-4.890111250804598e-08,0.13878630101680756,3.7478437775462226e-07,0.0030164446216076612,0.13889709591865687,-3.6847678052606957e-08,trajectory,STRAIGHT,3.1938719749450684,7.679855346679652,2.1844164166395785e-06
756,116822.453,7.684850692749023,7.380270403700706e-07,-0.7228642702102661,-4.878839198354742e-08,0.13878630101680756,3.754618944640242e-07,0.0030164446216076612,0.13889709591865687,-3.196478525023934e-08,trajectory,STRAIGHT,3.1932547092437744,7.684850692748986,2.1844164166395785e-06
757,116822.515,7.691094875335693,7.549419365204812e-07,-0.7227283716201782,-4.864749132792004e-08,0.13878630101680756,3.763067581985524e-07,0.0030163475312292576,0.13889709591865687,-3.376669562021083e-08,trajectory,STRAIGHT,3.1932547092437744,7.691094875335654,2.1844164166395785e-06
758,116822.546,7.695673942565918,7.673705795241403e-07,-0.7226287126541138,-4.8544164180456995e-08,0.13878630101680756,3.7692495880037313e-07,0.0030162387993186712,0.13889709591865687,-3.509031401635967e-08,trajectory,STRAIGHT,3.1932547092437744,7.695673942565878,2.1844164166395785e-06
759,116822.64,7.7064971923828125,7.968282602632826e-07,-0.7223931550979614,-4.829993637735259e-08,0.13878630101680756,3.783815429869719e-07,0.003016219474375248,0.13889709591865687,-3.3829260081670396e-08,trajectory,STRAIGHT,3.1932547092437744,7.706497192382769,2.1844164166395785e-06
760,116822.734,7.716904163360596,8.252597467617306e-07,-0.7221666574478149,-4.806510195127749e-08,0.13878630101680756,3.7977585520820867e-07,0.0030163603369146585,0.13889709591865687,-3.685459685265317e-08,trajectory,STRAIGHT,3.1926400661468506,7.716904163360549,2.1844164166395785e-06
761,116822.765,7.721899509429932,8.38944060888025e-07,-0.7220579385757446,-4.7952381426756835e-08,0.13878630101680756,3.8044302641537797e-07,0.003016410395503044,0.13889709591865687,-3.2371510143772596e-08,trajectory,STRAIGHT,3.192023277282715,7.721899509429884,2.1844164166395785e-06
762,116822.843,7.7293925285339355,8.595153531132382e-07,-0.7218948602676392,-4.7783300639970285e-08,0.13878630101680756,3.8144108316373604e-07,0.0030164369381964207,0.13889709591865687,-3.455923435383393e-08,trajectory,STRAIGHT,3.192023277282715,7.729392528533885,2.1844164166395785e-06
763,116822.921,7.741464614868164,8.927711974138219e-07,-0.7216321229934692,-4.7510892705688976e-08,0.13878630101680756,3.83042561225011e-07,0.0030164369381964207,0.13889709591865687,-3.8094168669937096e-08,trajectory,STRAIGHT,3.191406488418579,7.741464614868109,2.1844164166395785e-06
764,116823.031,7.754369258880615,9.284741508963634e-07,-0.7213512659072876,-4.721969801730295e-08,0.13878630101680756,3.847453911021148e-07,0.0030164369381964207,0.13889709591865684,-3.496425722242696e-08,trajectory,STRAIGHT,3.190791606903076,7.754369258880556,2.1844164166395785e-06
765,116823.125,7.76519250869751,9.585403404344106e-07,-0.7211157083511353,-4.6975470214141456e-08,0.13878630101680756,3.8616641973021615e-07,0.0030164369381964207,0.13889709591865684,-3.815679716657703e-08,trajectory,STRAIGHT,3.190174102783203,7.765192508697447,2.1844164166395785e-06
766,116823.14,7.768106460571289,9.666540563557646e-07,-0.7210522890090942,-4.690971657482635e-08,0.13878630101680756,3.865478674924816e-07,0.0030164369381964207,0.13889709591865684,-3.22762797047299e-08,trajectory,STRAIGHT,3.1895599365234375,7.768106460571224,2.1844164166395785e-06
767,116823.234,7.779345989227295,9.98024574982992e-07,-0.720807671546936,-4.6656095394601493e-08,0.13878630101680756,3.8801482560302247e-07,0.0030164369381964207,0.13889709591865684,-3.5605599750806506e-08,trajectory,STRAIGHT,3.1895599365234375,7.779345989227226,2.1844164166395785e-06
768,116823.343,7.792250633239746,1.0341886991227511e-06,-0.7205268144607544,-4.636490070617659e-08,0.13878630101680756,3.8969034221736365e-07,0.0030164369381964207,0.13889709591865684,-3.539537655931777e-08,trajectory,STRAIGHT,3.1889424324035645,7.7922506332396715,2.1844164166395785e-06
769,116823.39,7.796413421630859,1.0458877568453318e-06,-0.7204362154006958,-4.6270966935712705e-08,0.13878630101680756,3.9022887676765095e-07,0.0030164369381964207,0.13889709591865684,-3.663585594121544e-08,trajectory,STRAIGHT,3.1883270740509033,7.796413421630784,2.1844164166395785e-06
770,116823.406,7.798911094665527,1.0529148539717426e-06,-0.7203818559646606,-4.621460667343338e-08,0.13878630101680756,3.905515200131049e-07,0.0030164369381964207,0.13889709591865684,-3.247712658265919e-08,trajectory,STRAIGHT,3.1883270740509033,7.79891109466545,2.1844164166395785e-06
771,116823.484,7.8093180656433105,1.0822570857271785e-06,-0.7201553583145142,-4.597977224726152e-08,0.13878630101680756,3.9189208678180876e-07,0.0030164369381964207,0.13889709591865684,-3.558726355978034e-08,trajectory,STRAIGHT,3.1883270740509033,7.809318065643229,2.1844164166395785e-06
772,116823.515,7.812648296356201,1.0916678547800984e-06,-0.7200828790664673,-4.5904625230883793e-08,0.13878630101680756,3.923198050870269e-07,0.0030164369381964207,0.13889709591865684,-3.658442860574399e-08,trajectory,STRAIGHT,3.1877105236053467,7.812648296356119,2.1844164166395785e-06
773,116823.609,7.823055267333984,1.1211424180146423e-06,-0.7198563814163208,-4.566979080469488e-08,0.13878630101680756,3.9365238535538083e-07,0.0030164369381964207,0.13889709591865684,-3.501772631996985e-08,trajectory,STRAIGHT,3.1877105236053467,7.8230552673338964,2.1844164166395785e-06
774,116823.734,7.831797122955322,1.1459783308964688e-06,-0.7196661233901978,-4.547252988668621e-08,0.13878630101680756,3.947671132209507e-07,0.0030164369381964207,0.13889709591865684,-3.764757790038307e-08,trajectory,STRAIGHT,3.1870944499969482,7.831797122955231,2.1844164166395785e-06
775,116823.843,7.852611064910889,1.2053927775923512e-06,-0.7192131280899048,-4.500286103424791e-08,0.13878630101680756,3.974039941567753e-07,0.0030164369381964207,0.13889709591865684,-3.837406223056353e-08,trajectory,STRAIGHT,3.186478614807129,7.852611064910787,2.1844164166395785e-06
776,116823.953,7.86551570892334,1.2424276292222203e-06,-0.7189322710037231,-4.471166634571022e-08,0.13878630101680756,3.990266463915759e-07,0.0030164369381964207,0.13889709591865684,-4.2290338657297414e-08,trajectory,STRAIGHT,3.1858627796173096,7.8655157089232315,2.1844164166395785e-06
777,116824.062,7.878836631774902,1.2808151268473011e-06,-0.7186423540115356,-4.4411078280102074e-08,0.13878630101680756,4.006919027688127e-07,0.0030164369381964207,0.13889709591865682,-3.6476412387619324e-08,trajectory,STRAIGHT,3.1852471828460693,7.878836631774787,2.1844164166395785e-06
778,116824.187,7.893406391143799,1.322983848695003e-06,-0.7183252573013306,-4.408231008331893e-08,0.13878630101680756,4.0250196775559743e-07,0.0030164369381964207,0.13889709591865682,-4.093110522471208e-08,trajectory,STRAIGHT,3.1846299171447754,7.893406391143675,2.1844164166395785e-06
779,116824.281,7.90631103515625,1.3604915238829562e-06,-0.7180444002151489,-4.3791115394718424e-08,0.13878630101680756,4.04095231942847e-07,0.003016273258253932,0.13889709591865682,-3.665022497243346e-08,trajectory,STRAIGHT,3.1840147972106934,7.906311035156119,2.1844164166395785e-06
780,116824.421,7.9208807945251465,1.4030163129064022e-06,-0.7177273035049438,-4.3462347197887533e-08,0.13878630101680756,4.0588287220089114e-07,0.0030161398462951183,0.13889709591865682,-4.1137840963724054e-08,trajectory,STRAIGHT,3.1833980083465576,7.920880794525007,2.1844164166395785e-06
781,116824.515,7.933785438537598,1.4408376500796294e-06,-0.7174464464187622,-4.317115250924473e-08,0.13878630101680756,4.0745632645666774e-07,0.003016315633431077,0.13889709591865682,-3.694279530358554e-08,trajectory,STRAIGHT,3.1833980083465576,7.933785438537451,2.1844164166395785e-06
782,116824.609,7.945441246032715,1.4751242360944161e-06,-0.7171927690505981,-4.290813795174383e-08,0.13878630101680756,4.088695391146757e-07,0.003016446717083454,0.1388970959186568,-4.055756563672149e-08,trajectory,STRAIGHT,3.1827824115753174,7.94544124603256,2.1844164166395785e-06
783,116824.656,7.950852870941162,1.4910833670001011e-06,-0.717074990272522,-4.278602405004148e-08,0.13878630101680756,4.09523039479609e-07,0.0030164592899382114,0.13889709591865587,-3.486817095150551e-08,trajectory,STRAIGHT,3.182166337966919,7.950852870941004,2.1844164166395785e-06
784,116824.828,7.969585418701172,1.5465221849808586e-06,-0.7166672945022583,-4.236332208258329e-08,0.13878630101680756,4.117726177810255e-07,0.0030164592899382114,0.13889709591865587,-4.0708724536009565e-08,trajectory,STRAIGHT,3.181549549102783,7.969585418701001,2.1844164166395785e-06
785,116824.937,7.980824947357178,1.5799307675479213e-06,-0.7164226770401001,-4.2109700902088264e-08,0.13878630101680756,4.1311298559776333e-07,0.0030164592899382114,0.13889709591865587,-3.693012851158524e-08,trajectory,STRAIGHT,3.1809334754943848,7.980824947357,2.1844164166395785e-06
786,116825.062,7.997892379760742,1.6308691783706308e-06,-0.7160512208938599,-4.172457244278923e-08,0.13878630101680756,4.15134820741514e-07,0.0030164592899382114,0.13889709591865587,-3.8877616645162896e-08,trajectory,STRAIGHT,3.1803181171417236,7.997892379760552,2.1844164166395785e-06
787,116825.156,8.010808944702148,1.66954816904763e-06,-0.7157703638076782,-4.143337775402788e-08,0.13878630101680756,4.1665271055535413e-07,0.0030164592899382114,0.13889709591865587,-4.294585395703134e-08,trajectory,STRAIGHT,3.179701328277588,8.01080894470195,2.1844164166395785e-06
788,116825.187,8.014142990112305,1.6795527244539699e-06,-0.7156978845596313,-4.1358230737570105e-08,0.13878630101680756,4.1704291220412415e-07,0.0030164592899382114,0.13889709591865584,-3.484438870939928e-08,trajectory,STRAIGHT,3.179701328277588,8.014142990112102,2.1844164166395785e-06
789,116825.265,8.024561882019043,1.7108770862250822e-06,-0.7154713869094849,-4.1123396311131054e-08,0.13878630101680756,4.182583097644965e-07,0.0030164592899382114,0.13889709591865584,-3.8137700517108655e-08,trajectory,STRAIGHT,3.179086208343506,8.024561882018833,2.1844164166395785e-06
790,116825.343,8.033313751220703,1.7372599359077867e-06,-0.7152811288833618,-4.092613539291226e-08,0.13878630101680756,4.1927455640689004e-07,0.0030164592899382114,0.13889709591865582,-4.0910367866222977e-08,trajectory,STRAIGHT,3.178469181060791,8.033313751220486,2.1844164166395785e-06
791,116825.453,8.046649932861328,1.7775852256818325e-06,-0.7149912118911743,-4.062554732703752e-08,0.13878630101680756,4.208148993711802e-07,0.0030164592899382114,0.13889709591865582,-3.823302025675096e-08,trajectory,STRAIGHT,3.1778531074523926,8.0466499328611,2.1844164166395785e-06
792,116825.562,8.060402870178223,1.8193251207776484e-06,-0.714692234992981,-4.031556588408202e-08,0.13878630101680756,4.223930147873034e-07,0.0030164592899382114,0.13889709591865676,-3.8499494442907465e-08,trajectory,STRAIGHT,3.1778531074523926,8.060402870177985,2.1844164166395785e-06
793,116825.656,8.0716552734375,1.8535915842221584e-06,-0.7144476175308228,-4.006194470346533e-08,0.13878630101680756,4.2367634023321443e-07,0.0030164592899382114,0.13889709591865676,-4.209608352154712e-08,trajectory,STRAIGHT,3.1772360801696777,8.071655273437251,2.1844164166395785e-06
794,116825.687,8.075406074523926,1.8650367792361067e-06,-0.71436607837677,-3.997740430992308e-08,0.13878630101680756,4.241025806095422e-07,0.0030164592899382114,0.13889709591865676,-3.5540040004138364e-08,trajectory,STRAIGHT,3.176621198654175,8.075406074523674,2.1844164166395785e-06
795,116825.765,8.084991455078125,1.8943378563562874e-06,-0.7141577005386353,-3.9761356637529726e-08,0.13878630101680756,4.251881478012365e-07,0.0030164592899382114,0.13889709591865676,-3.861423084043549e-08,trajectory,STRAIGHT,3.176621198654175,8.084991455077866,2.1844164166395785e-06
796,116825.89,8.09791088104248,1.9339488517289283e-06,-0.7138768434524536,-3.9470161948634434e-08,0.13878630101680756,4.2664331090236374e-07,0.0030164592899382114,0.13889709591865673,-4.276823462896275e-08,trajectory,STRAIGHT,3.1760056018829346,8.09791088104221,2.1844164166395785e-06
797,116826.0,8.111663818359375,1.9762635474762646e-06,-0.7135778665542603,-3.916018050559502e-08,0.13878630101680756,4.2818211909434467e-07,0.0030164592899382114,0.13889709591865673,-3.9005685725328045e-08,trajectory,STRAIGHT,3.175389289855957,8.11166381835909,2.1844164166395785e-06
798,116826.125,8.121665954589844,2.007133389270166e-06,-0.7133604288101196,-3.893473945609767e-08,0.13878630101680756,4.292945732231601e-07,0.003016347298398614,0.13889709591865673,-4.2240340298776104e-08,trajectory,STRAIGHT,3.1747727394104004,8.12166595458955,2.1844164166395785e-06
799,116826.234,8.139586448669434,2.062641442535096e-06,-0.7129708528518677,-3.853082424238515e-08,0.13878630101680756,4.31273832646184e-07,0.0030161479953676462,0.13889709591865673,-4.058995664606896e-08,trajectory,STRAIGHT,3.174156904220581,8.139586448669125,2.1844164166395785e-06
800,116826.359,8.155839920043945,2.1132061647222145e-06,-0.7126175165176392,-3.816448253689189e-08,0.13878630101680756,4.330534864038782e-07,0.003016408532857895,0.13889709591865673,-4.022315242293639e-08,trajectory,STRAIGHT,3.1735405921936035,8.155839920043618,2.1844164166395785e-06
801,116826.484,8.171259880065918,2.161369593522977e-06,-0.7122822999954224,-3.7816927585497437e-08,0.13878630101680756,4.347282640537742e-07,0.0030164378695189953,0.1388970959186567,-4.0107550770302694e-08,trajectory,STRAIGHT,3.1729257106781006,8.171259880065577,2.1844164166395785e-06
802,116826.578,8.182095527648926,2.1953246687189676e-06,-0.71204674243927,-3.757269978179791e-08,0.13878630101680756,4.3589719211922784e-07,0.0030164378695189953,0.1388970959186567,-4.365861953269036e-08,trajectory,STRAIGHT,3.172308921813965,8.182095527648572,2.1953246687189676e-06
803,116826.593,8.185429573059082,2.2057906789996196e-06,-0.7119742631912231,-3.749755276527217e-08,0.13878630101680756,4.362555614534358e-07,0.0030164378695189953,0.1388970959186567,-3.638339423199956e-08,trajectory,STRAIGHT,3.1716930866241455,8.185429573058725,2.2057906789996196e-06
804,116826.718,8.198348999023438,2.2464278117695358e-06,-0.7116934061050415,-3.720635807622242e-08,0.13878630101680756,4.376383060389344e-07,0.0030164378695189953,0.1388970959186567,-4.0631584831259774e-08,trajectory,STRAIGHT,3.1716930866241455,8.198348999023066,2.2464278117695358e-06
805,116826.828,8.211268424987793,2.2871929559187265e-06,-0.7114125490188599,-3.6915163387152806e-08,0.13878630101680756,4.3901178514715866e-07,0.0030164378695189953,0.1388970959186567,-3.968413448586745e-08,trajectory,STRAIGHT,3.171076536178589,8.211268424987407,2.2871929559187265e-06
806,116826.937,8.225021362304688,2.3307279661821667e-06,-0.7111135721206665,-3.6605181943927836e-08,0.13878630101680756,4.40463651329992e-07,0.0030164378695189953,0.13889709591865668,-4.4231283655973736e-08,trajectory,STRAIGHT,3.1704604625701904,8.225021362304286,2.3307279661821667e-06
807,116827.062,8.239191055297852,2.3757320377626456e-06,-0.7108055353164673,-3.62858071236119e-08,0.13878630101680756,4.419484298523457e-07,0.0030164378695189953,0.13889709591865668,-4.034251273896988e-08,trajectory,STRAIGHT,3.1698451042175293,8.239191055297434,2.3757320377626456e-06
808,116827.171,8.254194259643555,2.423548039587331e-06,-0.7104793787002563,-3.594764554913368e-08,0.13878630101680756,4.4350835537443345e-07,0.0030164378695189953,0.13889709591865668,-4.074914101754523e-08,trajectory,STRAIGHT,3.1692285537719727,8.25419425964312,2.423548039587331e-06
809,116827.281,8.26669692993164,2.463522832840681e-06,-0.7102075815200806,-3.566584423704803e-08,0.13878630101680756,4.447987009825738e-07,0.0030164378695189953,0.13889709591865668,-4.0050141811797693e-08,trajectory,STRAIGHT,3.168612241744995,8.26669692993119,2.463522832840681e-06
810,116827.406,8.280866622924805,2.5089673272304935e-06,-0.7098995447158813,-3.5346469416661805e-08,0.13878630101680756,4.46250624008826e-07,0.0030164378695189953,0.13889709591865665,-4.478882214511586e-08,trajectory,STRAIGHT,3.167997121810913,8.280866622924336,2.5089673272304935e-06
811,116827.5,8.29378604888916,2.55053055298049e-06,-0.7096186876296997,-3.504118464173696e-08,0.13878652453422546,4.47564588057503e-07,0.0030164378695189953,0.13889707803726323,-4.0426348834719754e-08,trajectory,STRAIGHT,3.1673803329467773,8.293786048888675,2.55053055298049e-06
812,116827.515,8.295869827270508,2.5572458071110304e-06,-0.7095733880996704,-3.498247599306237e-08,0.13878652453422546,4.477756760934426e-07,0.0030164378695189953,0.13889707803726323,-4.1127194042487686e-08,trajectory,STRAIGHT,3.166764736175537,8.295869827270021,2.5572458071110304e-06
813,116827.625,8.306705474853516,2.5922158783941995e-06,-0.7093378305435181,-3.4677191085397006e-08,0.13878652453422546,4.488692866289057e-07,0.0030164378695189953,0.1388970780372632,-3.985967167808107e-08,trajectory,STRAIGHT,3.166764736175537,8.306705474853015,2.5922158783941995e-06
814,116827.75,8.323792457580566,2.647533392519108e-06,-0.7089663743972778,-3.4195780439001434e-08,0.13878652453422546,4.5058058617541974e-07,0.0030164378695189953,0.1388970780372632,-4.5629031685452854e-08,trajectory,STRAIGHT,3.1661484241485596,8.32379245758004,2.647533392519108e-06
815,116827.859,8.336711883544922,2.6894981601799373e-06,-0.7086855173110962,-3.38294387625686e-08,0.13878652453422546,4.5186371266936476e-07,0.0030163638293743134,0.1388970780372632,-4.0801519258850336e-08,trajectory,STRAIGHT,3.165534019470215,8.336711883544378,2.6894981601799373e-06
816,116827.89,8.340045928955078,2.7003470677300356e-06,-0.7086130380630493,-3.3669758477008323e-08,0.13878652453422546,4.521932908119197e-07,0.003016273956745863,0.13889707803726317,-4.1937990728679434e-08,trajectory,STRAIGHT,3.165534019470215,8.340045928954531,2.7003470677300356e-06
817,116827.953,8.350464820861816,2.7343007786839735e-06,-0.7083865404129028,-3.325879826439951e-08,0.13878652453422546,4.532193145223573e-07,0.0030161996837705374,0.13889707803726317,-4.00979341025539e-08,trajectory,STRAIGHT,3.164919137954712,8.350464820861255,2.7343007786839735e-06
818,116828.078,8.36463451385498,2.7806006528408034e-06,-0.7080785036087036,-3.26998923753631e-08,0.13878652453422546,4.546049865439272e-07,0.00301636871881783,0.13889707803726314,-4.493421280597808e-08,trajectory,STRAIGHT,3.1643035411834717,8.364634513854398,2.7806006528408034e-06
819,116828.187,8.376303672790527,2.8188360374770127e-06,-0.7078248262405396,-3.223961693742969e-08,0.13878652453422546,4.557377621949854e-07,0.00301645346917212,0.13889707803726314,-4.072416185538424e-08,trajectory,STRAIGHT,3.163686990737915,8.376303672789927,2.8188360374770127e-06
820,116828.296,8.390056610107422,2.8640206437557936e-06,-0.7075258493423462,-3.169714945712015e-08,0.13878652453422546,4.570630380840157e-07,0.00301645346917212,0.13889707803726312,-4.543982820535079e-08,trajectory,STRAIGHT,3.163071393966675,8.3900566101068,2.8640206437557936e-06
821,116828.421,8.402976036071777,2.906586132667144e-06,-0.7072449922561646,-3.118755879390942e-08,0.13878652453422546,4.5829830241927993e-07,0.00301645346917212,0.13889707803726312,-4.135793771818031e-08,trajectory,STRAIGHT,3.162454128265381,8.402976036071138,2.906586132667144e-06
822,116828.531,8.41839599609375,2.9575392090919195e-06,-0.7069097757339478,-3.057933767989465e-08,0.13878652453422546,4.5976051410434593e-07,0.00301645346917212,0.1388970780372631,-4.232364409861113e-08,trajectory,STRAIGHT,3.1618387699127197,8.418395996093086,2.9575392090919195e-06
823,116828.625,8.430481910705566,2.9975888082844904e-06,-0.7066470384597778,-3.0173074225154737e-08,0.13878633081912994,4.6089732563814323e-07,0.003016436705365777,0.13889709353447072,-4.649150457025638e-08,trajectory,STRAIGHT,3.1612236499786377,8.430481910704883,2.9975888082844904e-06
824,116828.734,8.444234848022461,3.043282276848913e-06,-0.7063480615615845,-2.8487101918603993e-08,0.13878633081912994,4.6218102056627686e-07,0.003016436705365777,0.13889709353447066,-4.2067893493178394e-08,trajectory,STRAIGHT,3.160607099533081,8.444234848021754,3.043282276848913e-06
825,116828.843,8.457154273986816,3.0863222946209135e-06,-0.7060672044754028,-2.572332151764634e-08,0.13878633081912994,4.633772334727837e-07,0.003016436705365777,0.13889709353447055,-4.674271639264089e-08,trajectory,STRAIGHT,3.160607099533081,8.457154273986088,3.0863222946209135e-06
826,116828.968,8.470907211303711,3.1322595077654114e-06,-0.7057682275772095,-2.2332583118416118e-08,0.13878633081912994,4.6464037950499915e-07,0.003016436705365777,0.13889709353447044,-4.2382695957845485e-08,trajectory,STRAIGHT,3.1599905490875244,8.47090721130296,3.1322595077654114e-06
827,116829.062,8.482993125915527,3.1727308851259295e-06,-0.7055054903030396,-1.7565821844005634e-08,0.13878633081912994,4.6574166390200844e-07,0.003016436705365777,0.13889709353447025,-4.695636187391395e-08,trajectory,STRAIGHT,3.1593739986419678,8.482993125914755,3.1727308851259295e-06
828,116829.093,8.486743927001953,3.1853103337198263e-06,-0.7054239511489868,-1.591741241064163e-08,0.13878633081912994,4.660817864987621e-07,0.003016436705365777,0.1388970935344702,-3.889202856857198e-08,trajectory,STRAIGHT,3.158757209777832,8.486743927001175,3.1853103337198263e-06
829,116829.187,8.496746063232422,3.218900701540406e-06,-0.7052065134048462,-1.1521653921795325e-08,0.13878633081912994,4.6698488631591317e-07,0.003016436705365777,0.13889709353447002,-4.2723958843180985e-08,trajectory,STRAIGHT,3.158757209777832,8.496746063231626,3.218900701540406e-06
830,116829.296,8.509248733520508,3.260980747654685e-06,-0.7049347162246704,-5.813277456249489e-09,0.13878633081912994,4.6810589537926717e-07,0.003016436705365777,0.13889709353446983,-4.752851971102647e-08,trajectory,STRAIGHT,3.158142328262329,8.509248733519689,3.260980747654685e-06
831,116829.406,8.523001670837402,3.3073847589548677e-06,-0.704635739326477,2.3700579726165342e-09,0.13878633081912994,4.693288246926386e-07,0.003016436705365777,0.1388970935344695,-4.2975466590454706e-08,trajectory,STRAIGHT,3.157526731491089,8.523001670836557,3.3073847589548677e-06
832,116829.484,8.535087585449219,3.3482638173154555e-06,-0.7043730020523071,1.0269268225847543e-08,0.13878633081912994,4.7039472406140703e-07,0.003016436705365777,0.13889709353446922,-4.7827586124507964e-08,trajectory,STRAIGHT,3.156909942626953,8.535087585448352,3.3482638173154555e-06
833,116829.531,8.539255142211914,3.362381448823726e-06,-0.7042824029922485,1.2993133830348205e-08,0.13878633081912994,4.707603693532292e-07,0.003016436705365777,0.1388970935344691,-3.919530274764653e-08,trajectory,STRAIGHT,3.156292676925659,8.53925514221104,3.362381448823726e-06
834,116829.593,8.548007011413574,3.392064172658138e-06,-0.7040921449661255,1.8842398913222867e-08,0.13878633081912994,4.715250554454542e-07,0.003016436705365777,0.13889709353446889,-4.272580434814727e-08,trajectory,STRAIGHT,3.156292676925659,8.548007011412682,3.392064172658138e-06
835,116829.625,8.550507545471191,3.4005538509518374e-06,-0.7040377855300903,2.0666919904903862e-08,0.13878633081912994,4.7174273731798166e-07,0.003016436705365777,0.13889709353446883,-4.37468563304764e-08,trajectory,STRAIGHT,3.1556766033172607,8.550507545470296,3.4005538509518374e-06
836,116829.687,8.559676170349121,3.4317158679186832e-06,-0.7038384675979614,2.7626867241795845e-08,0.13878633081912994,4.725378914827161e-07,0.0030164807103574276,0.13889709353446855,-4.1283159187840694e-08,trajectory,STRAIGHT,3.1556766033172607,8.559676170348208,3.4317158679186832e-06
837,116829.718,8.563010215759277,3.443060450081248e-06,-0.7037659883499146,3.031316210508911e-08,0.13878633081912994,4.7277418957492046e-07,0.003016494680196047,0.13889709353446847,-4.2662755548307165e-08,trajectory,STRAIGHT,3.1556766033172607,8.563010215758357,3.443060450081248e-06
838,116829.796,8.571345329284668,3.4714123557932908e-06,-0.7035847902297974,3.635262954123976e-08,0.13878633081912994,4.7288841642512125e-07,0.0030165102798491716,0.13889709353446822,-4.600612409267313e-08,trajectory,STRAIGHT,3.1550605297088623,8.57134532928373,3.4714123557932908e-06
839,116829.828,8.575929641723633,3.4870236049755476e-06,-0.7034851312637329,3.9297220581265867e-08,0.13878633081912994,4.7267769787140423e-07,0.0030165102798491716,0.1388970935344681,-3.921547141375873e-08,trajectory,STRAIGHT,3.154445171356201,8.575929641722686,3.4870236049755476e-06
840,116829.937,8.58801555633545,3.5281536838738248e-06,-0.703222393989563,4.5930765954562156e-08,0.13878633081912994,4.728040607915318e-07,0.0030165102798491716,0.13889709353446789,-4.3869738684716564e-08,trajectory,STRAIGHT,3.154445171356201,8.58801555633448,3.5281536838738248e-06
841,116830.031,8.598851203918457,3.5649334222398465e-06,-0.7029868364334106,5.079145427759815e-08,0.13878633081912994,4.69118333512597e-07,0.0030165102798491716,0.13889709353446772,-4.1074540753942836e-08,trajectory,STRAIGHT,3.1538286209106445,8.598851203917464,3.5649334222398465e-06
842,116830.046,8.602185249328613,3.5761736398853827e-06,-0.7029143571853638,5.213459415958647e-08,0.13878633081912994,4.6735186742807855e-07,0.0030165102798491716,0.13889709353446766,-4.215780917397556e-08,trajectory,STRAIGHT,3.1538286209106445,8.602185249327615,3.5761736398853827e-06
843,116830.156,8.615521430969238,3.620419647631934e-06,-0.7026244401931763,5.6842647372334526e-08,0.13878633081912994,4.5278468974174757e-07,0.0030165102798491716,0.13889709353446755,-4.5753090426651946e-08,trajectory,STRAIGHT,3.1538286209106445,8.615521430968212,3.620419647631934e-06
844,116830.265,8.627190589904785,3.6573121633409755e-06,-0.7023707628250122,6.07874917243008e-08,0.13878633081912994,4.2222546881021117e-07,0.0030165102798491716,0.13889709353446755,-3.7115921785805956e-08,trajectory,STRAIGHT,3.1532130241394043,8.627190589903735,3.6573121633409755e-06
845,116830.375,8.64136028289795,3.697352212839178e-06,-0.702062726020813,6.55775782054271e-08,0.13878633081912994,3.5788184504781384e-07,0.0030165102798491716,0.13889709353446775,-3.629975055749833e-08,trajectory,STRAIGHT,3.1525964736938477,8.641360282896875,3.697352212839178e-06
846,116830.468,8.652612686157227,3.7235377021715976e-06,-0.7018181085586548,6.938147064982118e-08,0.13878633081912994,2.8550570618790516e-07,0.0030165102798491716,0.13889709353446733,-2.4990987865000423e-08,trajectory,STRAIGHT,3.1519806385040283,8.652612686156134,3.7235377021715976e-06
847,116830.578,8.664281845092773,3.7436745969898766e-06,-0.7015644311904907,7.332624822288856e-08,0.13878633081912994,1.9055171662785142e-07,0.0030165102798491716,0.13889709353446777,-1.966903305564162e-08,trajectory,STRAIGHT,3.1513657569885254,8.664281845091669,3.7436745969898766e-06
848,116830.609,8.668449401855469,3.7488152884179726e-06,-0.7014738321304321,7.473509741120589e-08,0.13878633081912994,1.517298642284004e-07,0.0030165102798491716,0.13889709353446872,-1.193242012760166e-08,trajectory,STRAIGHT,3.1507492065429688,8.668449401854359,3.7488152884179726e-06
849,116830.687,8.677201271057129,3.7556017105089268e-06,-0.7012835741043091,7.769368080105888e-08,0.13878633081912994,6.179286060614686e-08,0.0030165102798491716,0.13889709353446925,-5.6098820116160195e-09,trajectory,STRAIGHT,3.1507492065429688,8.677201271056013,3.7556017105089268e-06
850,116830.796,8.690954208374023,3.7538270589720923e-06,-0.7009845972061157,8.215978923921986e-08,0.13878633081912994,-1.0137246420072188e-07,0.0030165102798491716,0.1388970935344703,7.342548865923787e-09,trajectory,STRAIGHT,3.1501317024230957,8.690954208372908,3.7556017105089268e-06
851,116830.921,8.705123901367188,3.7350316688389285e-06,-0.7006765604019165,8.539558748469891e-08,0.13878633081912994,-2.632359610288404e-07,0.0030165102798491716,0.13889709353447144,2.3683978217250175e-08,trajectory,STRAIGHT,3.1495161056518555,8.705123901366079,3.7556017105089268e-06
852,116831.0,8.716793060302734,3.7082891140016727e-06,-0.7004228830337524,8.769683557486124e-08,0.13878633081912994,-3.6854717677670124e-07,0.0030165102798491716,0.1388970935344717,3.300392941080279e-08,trajectory,STRAIGHT,3.148900032043457,8.71679306030164,3.7556017105089268e-06
853,116831.046,8.7213773727417,3.6955643736291677e-06,-0.700323224067688,8.860089741731229e-08,0.13878633081912994,-4.0186228034144733e-07,0.0030165102798491716,0.13889709353447197,3.690291564680973e-08,trajectory,STRAIGHT,3.148284912109375,8.721377372740612,3.7556017105089268e-06
854,116831.234,8.745132446289062,3.61656771019625e-06,-0.699806809425354,9.328558234430478e-08,0.13878633081912994,-5.016991622142086e-07,0.0030165102798491716,0.1388970935344729,4.882447251003015e-08,trajectory,STRAIGHT,3.1476681232452393,8.745132446288018,3.7556017105089268e-06
855,116831.343,8.758885383605957,3.5664604638441233e-06,-0.6995078325271606,9.59977689942571e-08,0.13878633081912994,-5.03719263633684e-07,0.0030165102798491716,0.13889709353447313,4.623492644090876e-08,trajectory,STRAIGHT,3.147052526473999,8.758885383604937,3.7556017105089268e-06
856,116831.453,8.770554542541504,3.5252151064923964e-06,-0.6992541551589966,9.823325379435206e-08,0.13878633081912994,-4.7349470833069063e-07,0.003016327042132616,0.13889709353447338,4.2985868495429865e-08,trajectory,STRAIGHT,3.146437168121338,8.770554542540506,3.7556017105089268e-06
857,116831.546,8.78222370147705,3.4871764000854455e-06,-0.6990004777908325,9.994741678528271e-08,0.13878633081912994,-4.3210940248172847e-07,0.0030161747708916664,0.1388970935344731,4.3445161073674626e-08,trajectory,STRAIGHT,3.146437168121338,8.782223701476074,3.7556017105089268e-06
858,116831.64,8.79139232635498,3.4597646845213603e-06,-0.6988011598587036,1.0119430964377375e-07,0.13878633081912994,-3.98979238980246e-07,0.0030162816401571035,0.13889709353447258,3.575115361028802e-08,trajectory,STRAIGHT,3.1458206176757812,8.791392326354018,3.7556017105089268e-06
859,116831.765,8.807645797729492,3.416586650928366e-06,-0.6984478235244751,1.013211663498308e-07,0.13878633081912994,-3.394545160517737e-07,0.0030163561459630728,0.1388970935344721,3.546050032069086e-08,trajectory,STRAIGHT,3.145205020904541,8.80764579772855,3.7556017105089268e-06
860,116831.843,8.8184814453125,3.391556219867198e-06,-0.6982122659683228,1.0126019064675307e-07,0.13878633081912994,-3.0319390020849823e-07,0.0030163561459630728,0.1388970935344718,2.7998657092540538e-08,trajectory,STRAIGHT,3.1445882320404053,8.81848144531157,3.7556017105089268e-06
861,116831.875,8.822232246398926,3.3835358408396132e-06,-0.69813072681427,1.012390861248486e-07,0.13878633081912994,-2.911225749357982e-07,0.0030163561459630728,0.13889709353447172,2.787481500344714e-08,trajectory,STRAIGHT,3.1445882320404053,8.822232246397999,3.7556017105089268e-06
862,116831.953,8.831817626953125,3.36439961756696e-06,-0.6979223489761353,1.0118515093485128e-07,0.13878633081912994,-2.633947815411375e-07,0.0030163561459630728,0.1388970935344715,2.4211037453900633e-08,trajectory,STRAIGHT,3.1439709663391113,8.831817626952208,3.7556017105089268e-06
863,116831.984,8.834734916687012,3.3589510621823138e-06,-0.6978589296340942,1.0116873678025857e-07,0.13878633081912994,-2.556998026648216e-07,0.0030163561459630728,0.1388970935344714,2.41712519710242e-08,trajectory,STRAIGHT,3.1433568000793457,8.834734916686097,3.7556017105089268e-06
864,116832.062,8.844320297241211,3.3421397347410675e-06,-0.6976505517959595,1.0111478707024748e-07,0.13878633081912994,-2.3165252116541524e-07,0.0030163561459630728,0.13889709353447122,2.4030253087442198e-08,trajectory,STRAIGHT,3.1433568000793457,8.844320297240303,3.7556017105089268e-06
865,116832.078,8.846820831298828,3.33801904162101e-06,-0.6975961923599243,1.0110072820394084e-07,0.13878633081912994,-2.2628610452102293e-07,0.0030163561459630728,0.1388970935344712,1.9664156070576036e-08,trajectory,STRAIGHT,3.1427395343780518,8.846820831297922,3.7556017105089268e-06
866,116832.187,8.860573768615723,3.3170806545967935e-06,-0.697297215461731,1.0102332053292993e-07,0.13878633081912994,-1.979350372494082e-07,0.0030163561459630728,0.13889709353447094,1.963570809167026e-08,trajectory,STRAIGHT,3.1427395343780518,8.860573768614827,3.7556017105089268e-06
867,116832.296,8.867658615112305,3.3073363283619983e-06,-0.6971431970596313,1.0098345616108057e-07,0.13878633081912994,-1.8471270379905036e-07,0.0030163561459630728,0.13889709353447086,1.694819046147044e-08,trajectory,STRAIGHT,3.142124891281128,8.867658615111413,3.7556017105089268e-06
868,116832.359,8.88099479675293,3.2905888929235516e-06,-0.6968532800674438,1.0090837934000438e-07,0.13878633081912994,-1.6504307609466196e-07,0.0030163561459630728,0.1388970935344707,1.7190557956968178e-08,trajectory,STRAIGHT,3.1415085792541504,8.880994796752045,3.7556017105089268e-06
869,116832.437,8.88974666595459,3.2803768590383697e-06,-0.6966630220413208,1.0085907977565192e-07,0.13878633081912994,-1.606117905339488e-07,0.0030163561459630728,0.13889709353447066,1.5083176064017357e-08,trajectory,STRAIGHT,3.1415085792541504,8.889746665953709,3.7556017105089268e-06
870,116832.468,8.894330978393555,3.2750708669482265e-06,-0.6965633630752563,1.0083328087363047e-07,0.13878633081912994,-1.608014486009779e-07,0.0030163561459630728,0.13889709353447066,1.5677443913315553e-08,trajectory,STRAIGHT,3.1408917903900146,8.894330978392677,3.7556017105089268e-06
871,116832.562,8.903916358947754,3.264176257289364e-06,-0.6963549852371216,1.007793383337133e-07,0.13878633081912994,-1.5530385155670956e-07,0.0030163561459630728,0.1388970935344706,1.6428421342918687e-08,trajectory,STRAIGHT,3.1408917903900146,8.90391635894688,3.7556017105089268e-06
872,116832.687,8.917669296264648,3.249409246564028e-06,-0.6960560083389282,1.0084497334263308e-07,0.13878633081912994,-1.4345143029004248e-07,0.0030163561459630728,0.1388970935344705,1.4204615761097815e-08,trajectory,STRAIGHT,3.1402761936187744,8.917669296263782,3.7556017105089268e-06
873,116832.796,8.931838989257812,3.2355496841773856e-06,-0.695747971534729,1.0092468658587686e-07,0.13878633081912994,-1.2777687175002939e-07,0.0030163561459630728,0.13889709353447038,1.2863699192003543e-08,trajectory,STRAIGHT,3.139659881591797,8.93183898925695,3.7556017105089268e-06
874,116832.89,8.944341659545898,3.2246466616925318e-06,-0.6954761743545532,1.009950231855917e-07,0.13878633081912994,-1.1343460926127591e-07,0.0030163561459630728,0.13889709353447027,1.2926738134470022e-08,trajectory,STRAIGHT,3.1390435695648193,8.944341659545039,3.7556017105089268e-06
875,116832.906,8.946008682250977,3.2232946978183463e-06,-0.6954399347305298,1.0100440336077048e-07,0.13878633081912994,-1.1190103066383017e-07,0.0030163561459630728,0.13889709353447025,1.0224620929499925e-08,trajectory,STRAIGHT,3.1390435695648193,8.946008682250119,3.7556017105089268e-06
876,116833.015,8.959761619567871,3.2130037652677856e-06,-0.6951409578323364,1.0108177664299176e-07,0.13878633081912994,-9.637718534349915e-08,0.0030163561459630728,0.13889709353447013,1.014395833112978e-08,trajectory,STRAIGHT,3.138427495956421,8.959761619567017,3.7556017105089268e-06
877,116833.14,8.974348068237305,3.203884944014135e-06,-0.6948238611221313,1.0115916257584667e-07,0.13878633081912994,-7.883916453010897e-08,0.0030163561459630728,0.13889709353447,8.481992707934772e-09,trajectory,STRAIGHT,3.1378111839294434,8.974348068236452,3.7556017105089268e-06
878,116833.234,8.98726749420166,3.1972642773325788e-06,-0.6945430040359497,1.0117557255255733e-07,0.13878633081912994,-6.416468778525086e-08,0.0030162164475768805,0.13889709353446988,7.047656643851682e-09,trajectory,STRAIGHT,3.1371963024139404,8.987267494200811,3.7556017105089268e-06
879,116833.359,8.99601936340332,3.193523070876836e-06,-0.6943527460098267,1.013469326342013e-07,0.13878633081912994,-5.4782933744945694e-08,0.0030161431059241295,0.1388970935344698,6.7449224502247916e-09,trajectory,STRAIGHT,3.136580467224121,8.996019363402471,3.7556017105089268e-06
880,116833.5,9.016857147216797,3.1871418286755215e-06,-0.6938997507095337,1.0167794607709071e-07,0.13878633081912994,-3.024713635113585e-08,0.0030164087656885386,0.13889709353446963,4.365588814729614e-09,trajectory,STRAIGHT,3.1359636783599854,9.016857147215948,3.7556017105089268e-06
881,116833.609,9.031026840209961,3.184758725183201e-06,-0.6935917139053345,1.0159572360985908e-07,0.13878633081912994,-2.098021667507055e-08,0.0030164129566401243,0.13889709353446955,3.196915767796052e-09,trajectory,STRAIGHT,3.1353464126586914,9.031026840209112,3.7556017105089268e-06
882,116833.718,9.044779777526855,3.182013188052224e-06,-0.6932927370071411,1.0159566568892561e-07,0.13878633081912994,-3.8970274118810266e-08,0.0030164129566401243,0.1388970935344697,5.050403025512175e-09,trajectory,STRAIGHT,3.1347310543060303,9.044779777526006,3.7556017105089268e-06
883,116833.812,9.056865692138672,3.177121243425063e-06,-0.6930299997329712,1.0159561491164964e-07,0.13878633081912994,-7.695483361658262e-08,0.0030164129566401243,0.13889709353447,7.896380432118044e-09,trajectory,STRAIGHT,3.1341140270233154,9.056865692137823,3.7556017105089268e-06
884,116833.843,9.059366226196289,3.1756435419083573e-06,-0.692975640296936,1.0159560442024732e-07,0.13878633081912994,-8.740369139559334e-08,0.0030164129566401243,0.13889709353447008,8.90546445298051e-09,trajectory,STRAIGHT,3.1334993839263916,9.05936622619544,3.7556017105089268e-06
885,116833.937,9.073119163513184,3.1640927318221657e-06,-0.6926766633987427,1.0159557265692955e-07,0.13878633081912994,-1.407204308634391e-07,0.0030164129566401243,0.13889709353447052,1.3680448548790315e-08,trajectory,STRAIGHT,3.1334993839263916,9.073119163512338,3.7556017105089268e-06
886,116834.046,9.08478832244873,3.1514684906142065e-06,-0.6924229860305786,1.0159553615898757e-07,0.13878633081912994,-1.547786325772904e-07,0.0030164129566401243,0.13889709353447063,1.6186085446918023e-08,trajectory,STRAIGHT,3.132883071899414,9.084788322447892,3.7556017105089268e-06
887,116834.156,9.098541259765625,3.13665009343822e-06,-0.6921240091323853,1.015955202596941e-07,0.13878633081912994,-1.4377138768395525e-07,0.0030164129566401243,0.13889709353447055,1.425128156318538e-08,trajectory,STRAIGHT,3.1322665214538574,9.09854125976479,3.7556017105089268e-06
888,116834.265,9.11187744140625,3.123626129308832e-06,-0.6918340921401978,1.0159552310702897e-07,0.13878633081912994,-1.2744787625251774e-07,0.0030164129566401243,0.1388970935344704,1.4383286447408307e-08,trajectory,STRAIGHT,3.131650447845459,9.111877441405422,3.7556017105089268e-06
889,116834.406,9.128130912780762,3.1099414172786055e-06,-0.6914807558059692,1.0159551967196833e-07,0.13878633081912994,-1.0647586634604522e-07,0.0030164129566401243,0.13889709353447025,1.1179674393523782e-08,trajectory,STRAIGHT,3.1310341358184814,9.128130912779937,3.7556017105089268e-06
890,116834.515,9.141050338745117,3.1006279641587753e-06,-0.6911998987197876,1.0159551907299217e-07,0.13878633081912994,-9.274064183273367e-08,0.0030164129566401243,0.13889709353447013,9.609857842781067e-09,trajectory,STRAIGHT,3.1304190158843994,9.141050338744297,3.7556017105089268e-06
891,116834.64,9.15605354309082,3.0912935926608043e-06,-0.6908737421035767,1.0159551369205735e-07,0.13878633081912994,-7.99929154027268e-08,0.0030164129566401243,0.13889709353447002,9.675903174828087e-09,trajectory,STRAIGHT,3.129802942276001,9.156053543090003,3.7556017105089268e-06
892,116834.734,9.168556213378906,3.0845801575196674e-06,-0.6906019449234009,1.0159551680496432e-07,0.13878633081912994,-6.987900746935338e-08,0.0030164129566401243,0.13889709353446994,7.516690845710025e-09,trajectory,STRAIGHT,3.1291861534118652,9.16855621337809,3.7556017105089268e-06
893,116834.765,9.172723770141602,3.0825240173726343e-06,-0.6905113458633423,1.0159552248127681e-07,0.13878633081912994,-6.667872298748989e-08,0.0030164129566401243,0.1388970935344699,7.508622115031124e-09,trajectory,STRAIGHT,3.1285698413848877,9.172723770140786,3.7556017105089268e-06
894,116834.843,9.181892395019531,3.078381496379734e-06,-0.6903120279312134,1.0159551879104616e-07,0.13878633081912994,-6.035303812268467e-08,0.0030164129566401243,0.13889709353446988,6.4636501806891826e-09,trajectory,STRAIGHT,3.1285698413848877,9.181892395018718,3.7556017105089268e-06
895,116834.953,9.192728042602539,3.074015467063873e-06,-0.690076470375061,1.0159551649797028e-07,0.13878633081912994,-5.285252058229162e-08,0.0030164129566401243,0.1388970935344698,6.410297232067746e-09,trajectory,STRAIGHT,3.127952814102173,9.192728042601725,3.7556017105089268e-06
896,116835.062,9.208564758300781,3.0685437195643317e-06,-0.6897321939468384,1.0125500515548179e-07,0.13878633081912994,-4.462194169718714e-08,0.0030162108596414328,0.13889709353446975,5.435560744353342e-09,trajectory,STRAIGHT,3.127952814102173,9.208564758299968,3.7556017105089268e-06
897,116835.187,9.223151206970215,3.0643068384961225e-06,-0.6894150972366333,1.005387624448456e-07,0.13878633081912994,-3.464655407015016e-08,0.003016313072293997,0.13889709353446963,4.529959528850902e-09,trajectory,STRAIGHT,3.127338171005249,9.223151206969401,3.7556017105089268e-06
898,116835.296,9.234820365905762,3.0619019071309594e-06,-0.6891614198684692,1.0050590870510867e-07,0.13878633081912994,-2.2291764878445974e-08,0.0030164290219545364,0.13889709353446952,3.2603093466157072e-09,trajectory,STRAIGHT,3.1267213821411133,9.234820365904948,3.7556017105089268e-06
899,116835.328,9.237320899963379,3.0615228752139956e-06,-0.6891070604324341,1.0087223403600805e-07,0.13878633081912994,-1.9941010620527777e-08,0.0030164443887770176,0.13889709353446952,3.103237856991964e-09,trajectory,STRAIGHT,3.1267213821411133,9.237320899962565,3.7556017105089268e-06
900,116835.406,9.247323036193848,3.0603650884586386e-06,-0.6888896226882935,1.0233983425867424e-07,0.13878633081912994,-1.2188214881803106e-08,0.0030164276249706745,0.13889709353446944,2.1827071476910987e-09,trajectory,STRAIGHT,3.126106023788452,9.247323036193034,3.7556017105089268e-06
901,116835.484,9.257741928100586,3.059458776988322e-06,-0.688663125038147,1.0310299492167995e-07,0.13878633081912994,-1.329942111993887e-08,0.0030164276249706745,0.13889709353446947,2.4025772485592935e-09,trajectory,STRAIGHT,3.1254889965057373,9.25774192809977,3.7556017105089268e-06
902,116835.515,9.261909484863281,3.059061782550998e-06,-0.6885725259780884,1.0319693394096123e-07,0.13878633081912994,-1.3040536650521517e-08,0.0030164276249706745,0.1388970935344695,2.2623422869154012e-09,trajectory,STRAIGHT,3.124873161315918,9.261909484862466,3.7556017105089268e-06
903,116835.609,9.27191162109375,3.058137281186646e-06,-0.6883550882339478,1.034223957217698e-07,0.13878633081912994,-1.1611253292187484e-08,0.0030164276249706745,0.13889709353446947,2.323945309272903e-09,trajectory,STRAIGHT,3.124873161315918,9.271911621092933,3.7556017105089268e-06
904,116835.718,9.286081314086914,3.0572603009204613e-06,-0.6880470514297485,1.0374184242076027e-07,0.13878633081912994,-3.304562845585224e-09,0.0030164276249706745,0.1388970935344694,1.866161869013722e-09,trajectory,STRAIGHT,3.1242570877075195,9.286081314086097,3.7556017105089268e-06
905,116835.843,9.296083450317383,3.057582262044889e-06,-0.6878296136856079,1.0389921506102166e-07,0.13878633081912994,1.216557432570653e-08,0.0030164276249706745,0.1388970935344693,2.363253544671405e-10,trajectory,STRAIGHT,3.1236417293548584,9.296083450316562,3.7556017105089268e-06
906,116835.968,9.31608772277832,3.0606856853410136e-06,-0.6873947381973267,1.0412468305741066e-07,0.13878633081912994,2.9344739971293166e-08,0.0030164276249706745,0.13889709353446916,-1.3160878572362274e-09,trajectory,STRAIGHT,3.1230249404907227,9.316087722777496,3.7556017105089268e-06
907,116836.062,9.328590393066406,3.063521717194817e-06,-0.6871229410171509,1.0419503678688377e-07,0.13878633081912994,3.369529721908293e-08,0.0030164276249706745,0.13889709353446916,-1.6991229691767202e-09,trajectory,STRAIGHT,3.1224091053009033,9.328590393065578,3.7556017105089268e-06
908,116836.171,9.33359146118164,3.0647397579741664e-06,-0.6870142221450806,1.0421379985794764e-07,0.13878633081912994,3.4537336546236475e-08,0.0030164276249706745,0.13889709353446916,-1.83781668575449e-09,trajectory,STRAIGHT,3.121793746948242,9.333591461180813,3.7556017105089268e-06
909,116836.296,9.356096267700195,3.0705996323376894e-06,-0.6865249872207642,1.042138153336886e-07,0.13878633081912994,3.7105454708807883e-08,0.0030164276249706745,0.13889709353446913,-2.1628179415005008e-09,trajectory,STRAIGHT,3.1211774349212646,9.35609626769936,3.7556017105089268e-06
910,116836.39,9.366931915283203,3.073488642257871e-06,-0.6862894296646118,1.0421382203689073e-07,0.13878633081912994,3.697681094649852e-08,0.0030164276249706745,0.13889709353446913,-2.328505588456678e-09,trajectory,STRAIGHT,3.1205620765686035,9.366931915282365,3.7556017105089268e-06
911,116836.421,9.371099472045898,3.0746057291253237e-06,-0.6861988306045532,1.0421382691290557e-07,0.13878633081912994,3.701012118995095e-08,0.0030164276249706745,0.13889709353446913,-1.872010793002153e-09,trajectory,STRAIGHT,3.119945764541626,9.37109947204506,3.7556017105089268e-06
912,116836.5,9.380268096923828,3.077025667153066e-06,-0.6859995126724243,1.0421382993849082e-07,0.13878633081912994,3.7164063826367055e-08,0.0030164276249706745,0.13889709353446913,-2.030770523014639e-09,trajectory,STRAIGHT,3.119945764541626,9.380268096922986,3.7556017105089268e-06
913,116836.609,9.392770767211914,3.080328269788879e-06,-0.6857277154922485,1.0421383763615425e-07,0.13878633081912994,3.662833591988601e-08,0.0030164276249706745,0.13889709353446913,-1.973156290108348e-09,trajectory,STRAIGHT,3.1193289756774902,9.392770767211069,3.7556017105089268e-06
914,116836.734,9.407357215881348,3.084177251366782e-06,-0.6854106187820435,1.0421384484884136e-07,0.13878633081912994,3.6638070355365926e-08,0.0030164276249706745,0.13889709353446913,-2.2068228450529853e-09,trajectory,STRAIGHT,3.1193289756774902,9.407357215880499,3.7556017105089268e-06
915,116836.843,9.421526908874512,3.087976892857114e-06,-0.6851025819778442,1.0424436079734091e-07,0.13878633081912994,3.8193892493154635e-08,0.0030161954928189516,0.1388970935344691,-2.133400696966697e-09,trajectory,STRAIGHT,3.1180968284606934,9.421526908873657,3.7556017105089268e-06
916,116836.968,9.436530113220215,3.092075303356978e-06,-0.6847764253616333,1.0451661999545075e-07,0.13878633081912994,3.861560671225561e-08,0.0030162278562784195,0.1388970935344691,-2.443987732224617e-09,trajectory,STRAIGHT,3.1174814701080322,9.436530113219355,3.7556017105089268e-06
917,116837.062,9.447365760803223,3.0952458018873585e-06,-0.684540867805481,1.0469732091755835e-07,0.13878633081912994,4.3353253431632766e-08,0.0030163791961967945,0.13889709353446908,-2.527489331205422e-09,trajectory,STRAIGHT,3.1174814701080322,9.44736576080236,3.7556017105089268e-06
918,116837.093,9.451116561889648,3.0964486086304532e-06,-0.6844593286514282,1.0464097642469113e-07,0.13878633081912994,4.574959078240681e-08,0.003016423899680376,0.13889709353446905,-2.7952804360252e-09,trajectory,STRAIGHT,3.1174814701080322,9.451116561888785,3.7556017105089268e-06
919,116837.187,9.462785720825195,3.1005581604404142e-06,-0.6842056512832642,1.0431232918706959e-07,0.13878633081912994,5.163093419469078e-08,0.0030164155177772045,0.138897093534469,-3.2286714438214346e-09,trajectory,STRAIGHT,3.1168649196624756,9.462785720824328,3.7556017105089268e-06
920,116837.265,9.471537590026855,3.1039005534694297e-06,-0.6840153932571411,1.0406584376066101e-07,0.13878633081912994,5.4224688739168414e-08,0.0030163568444550037,0.138897093534469,-3.6577098347411024e-09,trajectory,STRAIGHT,3.116248607635498,9.471537590025985,3.7556017105089268e-06
921,116837.296,9.477372169494629,3.1061986192071345e-06,-0.6838885545730591,1.0390152014389906e-07,0.13878633081912994,5.5088502648459325e-08,0.003016331698745489,0.13889709353446897,-3.406223396576575e-09,trajectory,STRAIGHT,3.115633487701416,9.477372169493755,3.7556017105089268e-06
922,116837.39,9.486124038696289,3.1096772090677405e-06,-0.683698296546936,1.0365503472004589e-07,0.13878633081912994,5.508618627914075e-08,0.00301639037206769,0.13889709353446897,-3.641411518595502e-09,trajectory,STRAIGHT,3.115633487701416,9.486124038695412,3.7556017105089268e-06
923,116837.515,9.501543998718262,3.1156257591646863e-06,-0.6833630800247192,1.0322075088178344e-07,0.13878633081912994,5.129219715627187e-08,0.003016423899680376,0.138897093534469,-3.3495860708242936e-09,trajectory,STRAIGHT,3.1150171756744385,9.501543998717379,3.7556017105089268e-06
924,116837.609,9.513213157653809,3.1196984764392255e-06,-0.6831094026565552,1.0289210365598838e-07,0.13878633081912994,4.5206885346260606e-08,0.0030163456685841084,0.13889709353446902,-2.728489998563513e-09,trajectory,STRAIGHT,3.114401340484619,9.51321315765292,3.7556017105089268e-06
925,116837.734,9.527382850646973,3.123777560176677e-06,-0.682801365852356,1.0249303202830039e-07,0.13878633081912994,3.4094782108695654e-08,0.0030163987539708614,0.13889709353446913,-2.067190008737005e-09,trajectory,STRAIGHT,3.1137850284576416,9.527382850646081,3.7556017105089268e-06
926,116837.843,9.541552543640137,3.1265144571079873e-06,-0.6824933290481567,1.0209396040476471e-07,0.13878633081912994,1.8899612541645183e-08,0.003016423899680376,0.13889709353446925,-4.675478335002476e-10,trajectory,STRAIGHT,3.113168239593506,9.541552543639241,3.7556017105089268e-06
927,116837.937,9.554055213928223,3.127483978460077e-06,-0.682221531867981,1.0174183838742217e-07,0.13878633081912994,2.1013026874072693e-09,0.0030163400806486607,0.13889709353446936,1.0269904327654938e-09,trajectory,STRAIGHT,3.1125526428222656,9.554055213927324,3.7556017105089268e-06
928,116837.984,9.558222770690918,3.127453510387568e-06,-0.6821309328079224,1.0162446438234012e-07,0.13878633081912994,-4.204550041464472e-09,0.003016337286680937,0.1388970935344694,1.5871454897650613e-09,trajectory,STRAIGHT,3.1119375228881836,9.55822277069002,3.7556017105089268e-06
929,116838.046,9.567808151245117,3.1266274618246825e-06,-0.6819225549697876,1.0135450417197742e-07,0.13878633081912994,-2.0048437576747347e-08,0.0030164015479385853,0.13889709353446955,2.935957612483385e-09,trajectory,STRAIGHT,3.1119375228881836,9.567808151244218,3.7556017105089268e-06
930,116838.093,9.570308685302734,3.126227056782227e-06,-0.6818681955337524,1.0128407976957808e-07,0.13878633081912994,-2.4488917560461232e-08,0.0030164183117449284,0.13889709353446958,3.3627559647393452e-09,trajectory,STRAIGHT,3.111320972442627,9.570308685301836,3.7556017105089268e-06
931,116838.171,9.581144332885742,3.1235244932759088e-06,-0.6816326379776001,1.0097890736063451e-07,0.13878633081912994,-4.5200344800377934e-08,0.0030164266936481,0.13889709353446975,5.426103791326558e-09,trajectory,STRAIGHT,3.111320972442627,9.581144332884842,3.7556017105089268e-06
932,116838.265,9.593647003173828,3.1182714792521438e-06,-0.6813608407974243,1.006267853530122e-07,0.13878633081912994,-7.206508456647498e-08,0.0030163428746163845,0.13889709353446994,7.56878050610026e-09,trajectory,STRAIGHT,3.1107048988342285,9.59364700317293,3.7556017105089268e-06
933,116838.359,9.602398872375488,3.1130875868257135e-06,-0.6811705827713013,1.0038029994947628e-07,0.13878633081912994,-9.276180890083197e-08,0.0030163652263581753,0.1388970935344701,9.852362884449848e-09,trajectory,STRAIGHT,3.1107048988342285,9.60239887237459,3.7556017105089268e-06
934,116838.39,9.607816696166992,3.109207000306924e-06,-0.6810528039932251,1.0022771374805955e-07,0.13878633081912994,-1.0635464775532455e-07,0.0030164015479385853,0.1388970935344702,1.0078809632656503e-08,trajectory,STRAIGHT,3.110088586807251,9.607816696166097,3.7556017105089268e-06
935,116838.468,9.617402076721191,3.101094080193434e-06,-0.6808444261550903,1.0028874691183278e-07,0.13878633081912994,-1.2654344061502343e-07,0.003016391769051552,0.13889709353447036,1.259594304905079e-08,trajectory,STRAIGHT,3.110088586807251,9.617402076720298,3.7556017105089268e-06
936,116838.593,9.630321502685547,3.0883757062838413e-06,-0.6805635690689087,1.0081944138668564e-07,0.13878633081912994,-1.4566246875347133e-07,0.003016391536220908,0.13889709353447052,1.4121407202251482e-08,trajectory,STRAIGHT,3.1094722747802734,9.630321502684659,3.7556017105089268e-06
937,116838.687,9.640740394592285,3.077139581364463e-06,-0.6803370714187622,1.0093917887063037e-07,0.13878633081912994,-1.5319673707381298e-07,0.0030161836184561253,0.13889709353447058,1.5942438978843505e-08,trajectory,STRAIGHT,3.1088576316833496,9.6407403945914,3.7556017105089268e-06
938,116838.718,9.646574974060059,3.070659886361682e-06,-0.6802102327346802,1.0097205556387067e-07,0.13878633081912994,-1.5480426895919663e-07,0.003016186412423849,0.1388970935344706,1.4209019584468969e-08,trajectory,STRAIGHT,3.108240842819214,9.646574974059178,3.7556017105089268e-06
939,116838.796,9.655326843261719,3.0609830901084933e-06,-0.6800199747085571,1.0102137059083925e-07,0.13878633081912994,-1.511783267460487e-07,0.003016282804310322,0.13889709353447058,1.4970681225613628e-08,trajectory,STRAIGHT,3.108240842819214,9.655326843260841,3.7556017105089268e-06
940,116838.89,9.665328979492188,3.050502527912613e-06,-0.6798025369644165,1.0088752402973393e-07,0.13878633081912994,-1.3890986849673936e-07,0.0030164087656885386,0.13889709353447047,1.3395284174208667e-08,trajectory,STRAIGHT,3.1076250076293945,9.665328979491315,3.7556017105089268e-06
941,116838.906,9.668663024902344,3.0472222078969935e-06,-0.6797300577163696,1.0073723818959389e-07,0.13878633081912994,-1.3449756863792572e-07,0.0030164311174303293,0.13889709353447044,1.3417128096170486e-08,trajectory,STRAIGHT,3.1070072650909424,9.668663024901473,3.7556017105089268e-06
942,116838.984,9.677831649780273,3.0387070637516445e-06,-0.6795307397842407,1.0032395213252147e-07,0.13878633081912994,-1.2391677728373907e-07,0.003016452072188258,0.13889709353447036,1.3550351234187302e-08,trajectory,STRAIGHT,3.1070072650909424,9.677831649779407,3.7556017105089268e-06
943,116839.078,9.685750007629395,3.031859932889347e-06,-0.6793586015701294,9.996702326895982e-08,0.13878633081912994,-1.1661187926392813e-07,0.003016452072188258,0.13889709353447027,1.1238438289028265e-08,trajectory,STRAIGHT,3.106391429901123,9.68575000762853,3.7556017105089268e-06
944,116839.171,9.700336456298828,3.020139047293924e-06,-0.6790415048599243,9.930952274030625e-08,0.13878633081912994,-1.0760283686295224e-07,0.003016452072188258,0.1388970935344702,1.189259003562374e-08,trajectory,STRAIGHT,3.106391429901123,9.700336456297968,3.7556017105089268e-06
945,116839.296,9.714506149291992,3.009514557561488e-06,-0.6787334680557251,9.893854278431256e-08,0.13878633081912994,-9.957113178415966e-08,0.0030164325144141912,0.13889709353447013,1.0303935775590215e-08,trajectory,STRAIGHT,3.10577654838562,9.714506149291136,3.7556017105089268e-06
946,116839.406,9.727425575256348,3.000751803483581e-06,-0.6784526109695435,9.857461800839672e-08,0.13878633081912994,-8.825616504282152e-08,0.0030164325144141912,0.13889709353447005,9.194978600362974e-09,trajectory,STRAIGHT,3.1051602363586426,9.727425575255495,3.7556017105089268e-06
947,116839.437,9.732009887695312,2.9978832571941894e-06,-0.678352952003479,9.84454621177212e-08,0.13878633081912994,-8.594427924890624e-08,0.0030164325144141912,0.13889709353447002,9.353327562740691e-09,trajectory,STRAIGHT,3.104544162750244,9.73200988769446,3.7556017105089268e-06
948,116839.515,9.740761756896973,2.9924624413979473e-06,-0.678162693977356,9.819889174655348e-08,0.13878633081912994,-8.74515606597015e-08,0.0030164325144141912,0.13889709353447,8.739098965229127e-09,trajectory,STRAIGHT,3.104544162750244,9.74076175689612,3.7556017105089268e-06
949,116839.609,9.752847671508789,2.9843156426068163e-06,-0.677899956703186,9.785838973107622e-08,0.13878633081912994,-1.0230871083649618e-07,0.0030164325144141912,0.1388970935344701,1.0890593309328077e-08,trajectory,STRAIGHT,3.1039276123046875,9.75284767150794,3.7556017105089268e-06
950,116839.625,9.753681182861328,2.9836971862096107e-06,-0.6778818368911743,9.783490683027881e-08,0.13878633081912994,-1.0387960713842403e-07,0.0030164325144141912,0.13889709353447047,9.46896897102644e-09,trajectory,STRAIGHT,3.1039276123046875,9.753681182860479,3.7556017105089268e-06
951,116839.75,9.768684387207031,2.9705056476814207e-06,-0.6775556802749634,9.741221454588643e-08,0.13878633081912994,-1.442091104308929e-07,0.0030164325144141912,0.13889709353447077,1.419817350696303e-08,trajectory,STRAIGHT,3.1033108234405518,9.768684387206187,3.7556017105089268e-06
952,116839.859,9.782437324523926,2.9535644898714963e-06,-0.67725670337677,9.703884620121893e-08,0.13878633081912994,-2.012312450005993e-07,0.0030164325144141912,0.13889709353447122,1.9040822365313006e-08,trajectory,STRAIGHT,3.102695941925049,9.782437324523091,3.7556017105089268e-06
953,116839.968,9.79619026184082,2.9306477244972484e-06,-0.6769577264785767,9.765878523794406e-08,0.13878633081912994,-2.562561576269218e-07,0.0030164325144141912,0.13889709353447166,2.5814543247763523e-08,trajectory,STRAIGHT,3.1020798683166504,9.796190261839996,3.7556017105089268e-06
954,116840.078,9.809943199157715,2.904078201027005e-06,-0.6766587495803833,9.843372106466603e-08,0.13878633081912994,-2.740775073561963e-07,0.0030164325144141912,0.1388970935344718,2.5733935030449653e-08,trajectory,STRAIGHT,3.1014630794525146,9.809943199156901,3.7556017105089268e-06
955,116840.187,9.822029113769531,2.880713509512134e-06,-0.6763960123062134,9.909358812946324e-08,0.13878633081912994,-2.581425349035271e-07,0.0030164325144141912,0.1388970935344717,2.685761729705271e-08,trajectory,STRAIGHT,3.1008472442626953,9.82202911376873,3.7556017105089268e-06
956,116840.312,9.838282585144043,2.852332954716985e-06,-0.6760426759719849,9.968518931837834e-08,0.13878633081912994,-2.3158662543210085e-07,0.0030164325144141912,0.1388970935344712,2.257464376529686e-08,trajectory,STRAIGHT,3.1002326011657715,9.838282585143254,3.7556017105089268e-06
957,116840.406,9.848701477050781,2.8355859740258893e-06,-0.6758161783218384,9.997863276602505e-08,0.13878633081912994,-2.157109406653035e-07,0.0030163684859871864,0.13889709353447108,2.0116449042499167e-08,trajectory,STRAIGHT,3.099614143371582,9.84870147705,3.7556017105089268e-06
958,116840.437,9.852452278137207,2.829852746799588e-06,-0.6757346391677856,1.0012420819263106e-07,0.13878633081912994,-2.0873191886039422e-07,0.0030162588227540255,0.13889709353447102,2.0156215060771276e-08,trajectory,STRAIGHT,3.099614143371582,9.852452278136429,3.7556017105089268e-06
959,116840.515,9.861204147338867,2.817144377331715e-06,-0.6755443811416626,1.006313536397597e-07,0.13878633081912994,-1.9502786585690046e-07,0.0030161666218191385,0.1388970935344709,2.0374433865023097e-08,trajectory,STRAIGHT,3.0990004539489746,9.861204147338096,3.7556017105089268e-06
960,116840.64,9.87620735168457,2.7975324883300345e-06,-0.6752182245254517,1.0117376023465164e-07,0.13878633081912994,-1.6871449304289854e-07,0.0030163482297211885,0.13889709353447072,1.667922354068455e-08,trajectory,STRAIGHT,3.0983827114105225,9.876207351683806,3.7556017105089268e-06
961,116840.765,9.891210556030273,2.780637942123576e-06,-0.6748920679092407,9.98423411934873e-08,0.13878633081912994,-1.4363003231210314e-07,0.003016445320099592,0.1388970935344705,1.45713347900293e-08,trajectory,STRAIGHT,3.0983827114105225,9.891210556029517,3.7556017105089268e-06
962,116840.859,9.90329647064209,2.76910282082099e-06,-0.6746293306350708,9.868469607430296e-08,0.13878633081912994,-1.212189602028957e-07,0.003016445320099592,0.1388970935344703,1.2181749889525679e-08,trajectory,STRAIGHT,3.097151041030884,9.903296470641337,3.7556017105089268e-06
963,116840.968,9.915799140930176,2.7593007416726323e-06,-0.674357533454895,9.762567659826386e-08,0.13878633081912994,-9.713721027537758e-08,0.003016428556293249,0.1388970935344701,1.1450339806296253e-08,trajectory,STRAIGHT,3.097151041030884,9.915799140929426,3.7556017105089268e-06
964,116841.015,9.92121696472168,2.755670720944181e-06,-0.6742397546768188,9.770313535989677e-08,0.13878633081912994,-8.904692805344894e-08,0.003016428556293249,0.13889709353447036,8.61673305137337e-09,trajectory,STRAIGHT,3.096534490585327,9.921216964720932,3.7556017105089268e-06
965,116841.093,9.930802345275879,2.750028897935408e-06,-0.6740313768386841,9.786508338601787e-08,0.13878633081912994,-7.438005411586346e-08,0.003016428556293249,0.13889709353447025,8.087063875727249e-09,trajectory,STRAIGHT,3.096534490585327,9.930802345275133,3.7556017105089268e-06
966,116841.234,9.946639060974121,2.7429919100541156e-06,-0.6736871004104614,9.813264966113195e-08,0.13878633081912994,-4.879826320802749e-08,0.003016428556293249,0.13889709353447005,5.825770735002104e-09,trajectory,STRAIGHT,3.095919132232666,9.946639060973377,3.7556017105089268e-06
967,116841.343,9.960808753967285,2.739205683610635e-06,-0.6733790636062622,9.837205635084591e-08,0.13878633081912994,-2.6708983469347913e-08,0.003016428556293249,0.13889709353446986,3.723006577169592e-09,trajectory,STRAIGHT,3.0953030586242676,9.96080875396654,3.7556017105089268e-06
968,116841.437,9.972061157226562,2.7373052944312803e-06,-0.673134446144104,9.856211586751696e-08,0.13878633081912994,-2.2926489151586793e-08,0.003016428556293249,0.13889709353446983,3.7047255869365915e-09,trajectory,STRAIGHT,3.0946857929229736,9.972061157225816,3.7556017105089268e-06
969,116841.546,9.985814094543457,2.734371264523361e-06,-0.6728354692459106,9.879441080428966e-08,0.13878633081912994,-4.0398379752559777e-08,0.003016428556293249,0.13889709353446966,4.7348203137016675e-09,trajectory,STRAIGHT,3.0940706729888916,9.985814094542711,3.7556017105089268e-06
970,116841.656,9.997066497802734,2.7298972327116644e-06,-0.6725908517837524,9.898447027509542e-08,0.13878633081912994,-7.277127167526487e-08,0.003016428556293249,0.1388970935344699,7.460495600708882e-09,trajectory,STRAIGHT,3.093453884124756,9.997066497801988,3.7556017105089268e-06
971,116841.765,10.011236190795898,2.719434633036144e-06,-0.6722828149795532,9.920973103174968e-08,0.13878633081912994,-1.3667229836755723e-07,0.003016428556293249,0.13889709353447044,1.3739643292642999e-08,trajectory,STRAIGHT,3.092839241027832,10.011236190795156,3.7556017105089268e-06
972,116841.859,10.022905349731445,2.7053808935306733e-06,-0.6720291376113892,9.870724489933708e-08,0.13878633081912994,-1.9621440117134625e-07,0.003016428556293249,0.13889709353447088,1.8363895017965596e-08,trajectory,STRAIGHT,3.0922224521636963,10.02290534973071,3.7556017105089268e-06
973,116841.89,10.025405883789062,2.701743142097257e-06,-0.671974778175354,9.859453399331096e-08,0.13878633081912994,-2.0783531340384798e-07,0.003016428556293249,0.138897093534471,1.969188518672961e-08,trajectory,STRAIGHT,3.0922224521636963,10.025405883788329,3.7556017105089268e-06
974,116841.984,10.03707504272461,2.682347940208274e-06,-0.6717211008071899,9.813435666784868e-08,0.13878633081912994,-2.5222564659088675e-07,0.003016428556293249,0.13889709353447133,2.3367680772353158e-08,trajectory,STRAIGHT,3.0916054248809814,10.037075042723885,3.7556017105089268e-06
975,116842.109,10.051661491394043,2.6538671136222547e-06,-0.6714040040969849,9.766480653365924e-08,0.13878633081912994,-2.862887242827128e-07,0.003016428556293249,0.13889709353447158,2.9124461631716234e-08,trajectory,STRAIGHT,3.0909905433654785,10.051661491393332,3.7556017105089268e-06
976,116842.218,10.065414428710938,2.6248774247505935e-06,-0.6711050271987915,9.728682161751324e-08,0.13878633081912994,-2.9522462341446953e-07,0.0030162783805280924,0.13889709353447194,2.7768701688632508e-08,trajectory,STRAIGHT,3.09037446975708,10.06541442871024,3.7556017105089268e-06
977,116842.312,10.078750610351562,2.5968772661144612e-06,-0.670815110206604,9.804759825151708e-08,0.13878633081912994,-2.8523069772745657e-07,0.003016107715666294,0.13889709353447188,2.9833377014999694e-08,trajectory,STRAIGHT,3.0897581577301025,10.078750610350877,3.7556017105089268e-06
978,116842.343,10.079584121704102,2.5951690076908562e-06,-0.6707969903945923,9.812038926164811e-08,0.13878633081912994,-2.8417022690518934e-07,0.003016119357198477,0.13889709353447188,2.3994764843932398e-08,trajectory,STRAIGHT,3.0897581577301025,10.079584121703416,3.7556017105089268e-06
979,116842.437,10.092920303344727,2.5688702862680657e-06,-0.6705070734024048,9.891632361628909e-08,0.13878633081912994,-2.620984957957262e-07,0.0030163056217134,0.13889709353447172,2.4920125194611594e-08,trajectory,STRAIGHT,3.089141607284546,10.092920303344055,3.7556017105089268e-06
980,116842.546,10.10792350769043,2.5424019440833945e-06,-0.6701809167861938,1.0012563048510657e-07,0.13878633081912994,-2.2666309007490781e-07,0.0030157400760799646,0.13889709353447116,2.19208567770973e-08,trajectory,STRAIGHT,3.0885252952575684,10.107923507689769,3.7556017105089268e-06
981,116842.671,10.121676445007324,2.5216781978087965e-06,-0.6698819398880005,1.00710272162536e-07,0.13878633081912994,-1.9198958511879027e-07,0.0030137859284877777,0.1388970935344709,1.862976020718059e-08,trajectory,STRAIGHT,3.087909698486328,10.121676445006672,3.7556017105089268e-06
982,116842.796,10.135846138000488,2.5039164484041976e-06,-0.6695739030838013,1.0126905725512544e-07,0.13878633081912994,-1.5627651350769156e-07,0.0030138506554067135,0.1388970935344706,1.764347868684743e-08,trajectory,STRAIGHT,3.0872929096221924,10.135846137999843,3.7556017105089268e-06
983,116842.906,10.150015830993652,2.4897969979065238e-06,-0.669265866279602,1.0182784234771348e-07,0.13878633081912994,-1.20574711104382e-07,0.00301414355635643,0.13889709353447033,1.2276915364455044e-08,trajectory,STRAIGHT,3.0866782665252686,10.150015830993013,3.7556017105089268e-06
984,116843.0,10.162518501281738,2.4803623546176823e-06,-0.6689940690994263,1.0232793967426364e-07,0.13878633081912994,-8.908478577041024e-08,0.0030143950134515762,0.13889709353447008,1.0785374339465828e-08,trajectory,STRAIGHT,3.086061716079712,10.162518501281102,3.7556017105089268e-06
985,116843.031,10.164602279663086,2.4790645056782523e-06,-0.668948769569397,1.0246883038846709e-07,0.13878633081912994,-8.404826701280399e-08,0.003014424117282033,0.1388970935344701,7.998611256334918e-09,trajectory,STRAIGHT,3.0854458808898926,10.16460227966245,3.7556017105089268e-06
986,116843.109,10.175437927246094,2.4731930352572817e-06,-0.6687132120132446,1.0271541669406908e-07,0.13878633081912994,-6.811360719893855e-08,0.0030146257486194372,0.13889709353446997,7.400414896234471e-09,trajectory,STRAIGHT,3.0854458808898926,10.17543792724546,3.7556017105089268e-06
987,116843.218,10.18752384185791,2.4679266061866656e-06,-0.6684504747390747,1.0281404208208875e-07,0.13878633081912994,-5.643712341907303e-08,0.003014836460351944,0.13889709353446988,7.108559182253043e-09,trajectory,STRAIGHT,3.084829807281494,10.187523841857278,3.7556017105089268e-06
988,116843.328,10.202527046203613,2.4623550416436046e-06,-0.6681243181228638,1.0329303159243424e-07,0.13878633081912994,-4.7105629619181855e-08,0.0030151018872857094,0.13889709353446977,5.579533387164929e-09,trajectory,STRAIGHT,3.084214210510254,10.202527046202981,3.7556017105089268e-06
989,116843.468,10.217947006225586,2.457633627273026e-06,-0.667789101600647,1.053241583375058e-07,0.13878633081912994,-3.770055556628904e-08,0.0030153829138725996,0.13889709353446972,4.616886917527048e-09,trajectory,STRAIGHT,3.08359694480896,10.217947006224954,3.7556017105089268e-06
990,116843.578,10.230032920837402,2.454714831401361e-06,-0.667526364326477,1.0783194048822425e-07,0.13878633081912994,-2.9214632490948134e-08,0.003015602007508278,0.1388970935344697,3.7058446831244703e-09,trajectory,STRAIGHT,3.082982063293457,10.23003292083677,3.7556017105089268e-06
991,116843.703,10.245036125183105,2.452188709867187e-06,-0.6672002077102661,1.1204455455928302e-07,0.13878633081912994,-1.7317985268050506e-08,0.0030158632434904575,0.1388970935344696,2.8054299757937136e-09,trajectory,STRAIGHT,3.082982063293457,10.245036125182473,3.7556017105089268e-06
992,116843.796,10.256705284118652,2.451158707117429e-06,-0.666946530342102,1.1599887945632728e-07,0.13878633081912994,-7.1861054884436726e-09,0.003016082104295492,0.13889709353446975,1.7057418691287902e-09,trajectory,STRAIGHT,3.0823652744293213,10.25670528411802,3.7556017105089268e-06
993,116843.89,10.261706352233887,2.4509661216143286e-06,-0.6668378114700317,1.1769659769220199e-07,0.13878633081912994,-3.67748387297695e-09,0.0030161519534885883,0.13889709353446972,1.3542304379829921e-09,trajectory,STRAIGHT,3.08174991607666,10.261706352233253,3.7556017105089268e-06
994,116844.015,10.282544136047363,2.451010004733689e-06,-0.6663848161697388,1.2469176022117975e-07,0.13878633081912994,3.211507726419427e-09,0.003016283269971609,0.13889709353446966,6.834457620918524e-10,trajectory,STRAIGHT,3.0811338424682617,10.282544136046727,3.7556017105089268e-06
995,116844.109,10.29463005065918,2.4514006327081006e-06,-0.6661220788955688,1.2696716804564685e-07,0.13878633081912994,6.563366294898287e-09,0.003016171045601368,0.13889709353446866,7.714831426749882e-10,trajectory,STRAIGHT,3.0805182456970215,10.29463005065854,3.7556017105089268e-06
996,116844.14,10.299214363098145,2.4516523353668163e-06,-0.6660224199295044,1.277937766187952e-07,0.13878633081912994,8.768996195840373e-09,0.0030162350740283728,0.13889709353446864,5.559630771253222e-10,trajectory,STRAIGHT,3.0799009799957275,10.299214363097505,3.7556017105089268e-06
997,116844.218,10.307132720947266,2.4522832973161712e-06,-0.6658502817153931,1.2922155506228958e-07,0.13878633081912994,1.357984569239079e-08,0.0030163456685841084,0.13889709353446955,2.4479539599112753e-10,trajectory,STRAIGHT,3.0799009799957275,10.307132720946626,3.7556017105089268e-06
998,116844.312,10.32046890258789,2.4539767764508724e-06,-0.6655603647232056,1.3092635697575648e-07,0.13878633081912994,2.0490322327759714e-08,0.0030163931660354137,0.13889709353446947,-4.5298689248904354e-10,trajectory,STRAIGHT,3.079285144805908,10.320468902587248,3.7556017105089268e-06
999,116844.328,10.32130241394043,2.4541009224776644e-06,-0.6655422449111938,1.3101088723511797e-07,0.13878633081912994,2.083739758518277e-08,0.0030163931660354137,0.13889709353446947,-2.22337902310453e-10,trajectory,STRAIGHT,3.079285144805908,10.321302413939787,3.7556017105089268e-06
1000,116844.421,10.333388328552246,2.456010633977712e-06,-0.6652795076370239,1.3210744228510496e-07,0.13878633081912994,2.2012143219285463e-08,0.0030163931660354137,0.13889709353446947,-4.4501393407521693e-10,trajectory,STRAIGHT,3.078669548034668,10.3333883285516,3.7556017105089268e-06
1001,116844.531,10.346307754516602,2.458325070620049e-06,-0.6649986505508423,1.325462463643012e-07,0.13878633081912994,3.0769054859547396e-08,0.0030163931660354137,0.13889709353446938,-1.2442098854443581e-09,trajectory,STRAIGHT,3.0780527591705322,10.346307754515951,3.7556017105089268e-06
1002,116844.64,10.360060691833496,2.4623564058856573e-06,-0.6646996736526489,1.3289135821421693e-07,0.13878633081912994,4.8413156150672876e-08,0.0030163931660354137,0.1388970935344692,-2.6524522313287053e-09,trajectory,STRAIGHT,3.077437162399292,10.360060691832842,3.7556017105089268e-06
1003,116844.765,10.37423038482666,2.4679188754817005e-06,-0.6643916368484497,1.3321072790909865e-07,0.13878633081912994,5.942669289993319e-08,0.0030163931660354137,0.13889709353446905,-3.92897842958557e-09,trajectory,STRAIGHT,3.0768213272094727,10.374230384826003,3.7556017105089268e-06
1004,116844.843,10.385066032409668,2.4727362415433163e-06,-0.6641560792922974,1.3345493754681616e-07,0.13878633081912994,6.33654693160679e-08,0.0030163931660354137,0.13889709353446902,-3.949050359126332e-09,trajectory,STRAIGHT,3.076204299926758,10.385066032409005,3.7556017105089268e-06
1005,116844.875,10.388816833496094,2.474460188750527e-06,-0.6640745401382446,1.335394898073919e-07,0.13878633081912994,6.467046631541962e-08,0.0030163931660354137,0.138897093534469,-4.1831816658176555e-09,trajectory,STRAIGHT,3.076204299926758,10.38881683349543,3.7556017105089268e-06
1006,116844.968,10.400069236755371,2.4797536752885208e-06,-0.6638299226760864,1.3373447641581901e-07,0.13878633081912994,6.648614458981683e-08,0.0030163931660354137,0.138897093534469,-4.232414073136087e-09,trajectory,STRAIGHT,3.076204299926758,10.400069236754703,3.7556017105089268e-06
1007,116845.093,10.415072441101074,2.486978701199405e-06,-0.6635037660598755,1.3398823928576514e-07,0.13878633081912994,6.76358311579861e-08,0.0030163931660354137,0.13889709353446897,-4.8681395336561915e-09,trajectory,STRAIGHT,3.0755889415740967,10.4150724411004,3.7556017105089268e-06
1008,116845.218,10.429658889770508,2.4942148684203858e-06,-0.6631866693496704,1.3423492719685603e-07,0.13878633081912994,6.973971267143497e-08,0.0030163931660354137,0.13889709353446894,-4.641263598327928e-09,trajectory,STRAIGHT,3.074972152709961,10.429658889769827,3.7556017105089268e-06
1009,116845.328,10.443411827087402,2.5011945581354667e-06,-0.662887692451477,1.3446754313790593e-07,0.13878633081912994,7.146457647877469e-08,0.0030163931660354137,0.13889709353446894,-5.3126288822506845e-09,trajectory,STRAIGHT,3.074357032775879,10.443411827086717,3.7556017105089268e-06
1010,116845.437,10.456331253051758,2.5079255010496126e-06,-0.6626068353652954,1.3468603670369154e-07,0.13878633081912994,7.33383060946835e-08,0.0030163931660354137,0.1388970935344689,-4.892595039871191e-09,trajectory,STRAIGHT,3.0731241703033447,10.456331253051065,3.7556017105089268e-06
1011,116845.546,10.469250679016113,2.5147892301902175e-06,-0.6623259782791138,1.3490456367741826e-07,0.13878633081912994,7.422585923677616e-08,0.0030163931660354137,0.13889709353446889,-5.494827341548035e-09,trajectory,STRAIGHT,3.0731241703033447,10.469250679015415,3.7556017105089268e-06
1012,116845.671,10.484253883361816,2.5229617222066736e-06,-0.6619998216629028,1.3515829299411341e-07,0.13878633081912994,7.666100287906374e-08,0.0030163931660354137,0.13889709353446889,-5.272071729605101e-09,trajectory,STRAIGHT,3.0725088119506836,10.484253883361111,3.7556017105089268e-06
1013,116845.796,10.49925708770752,2.5313167952845106e-06,-0.6616736650466919,1.3541206187362537e-07,0.13878633081912994,7.862335849040392e-08,0.0030163931660354137,0.13889709353446886,-5.444123934163503e-09,trajectory,STRAIGHT,3.071892261505127,10.499257087706809,3.7556017105089268e-06
1014,116845.906,10.514260292053223,2.5398835532541852e-06,-0.661347508430481,1.3566579895699995e-07,0.13878633081912994,7.969024551357506e-08,0.0030163931660354137,0.13889709353446883,-5.54744229955233e-09,trajectory,STRAIGHT,3.071276903152466,10.514260292052503,3.7556017105089268e-06
1015,116846.0,10.52509593963623,2.5461843051743926e-06,-0.6611119508743286,1.3584906600581328e-07,0.13878633081912994,8.122921713038522e-08,0.0030163931660354137,0.13889709353446883,-5.491218533668774e-09,trajectory,STRAIGHT,3.0706605911254883,10.525095939635506,3.7556017105089268e-06
1016,116846.062,10.532180786132812,2.550368435549899e-06,-0.660957932472229,1.359688831752684e-07,0.13878633081912994,8.189360301003035e-08,0.0030163931660354137,0.1388970935344688,-5.876972143487994e-09,trajectory,STRAIGHT,3.07004451751709,10.532180786132084,3.7556017105089268e-06
1017,116846.156,10.54259967803955,2.5565866508259205e-06,-0.6607314348220825,1.361451148236901e-07,0.13878633081912994,8.314182764479483e-08,0.0030163931660354137,0.1388970935344688,-5.637336304903712e-09,trajectory,STRAIGHT,3.07004451751709,10.542599678038819,3.7556017105089268e-06
1018,116846.25,10.554685592651367,2.5639203613536665e-06,-0.6604686975479126,1.3634951678638263e-07,0.13878633081912994,8.540410334489934e-08,0.0030163931660354137,0.13889709353446877,-6.404856328163029e-09,trajectory,STRAIGHT,3.069427490234375,10.554685592650628,3.7556017105089268e-06
1019,116846.281,10.558436393737793,2.5662309326435206e-06,-0.6603871583938599,1.3641293720828784e-07,0.13878633081912994,8.534224349432407e-08,0.0030163931660354137,0.13889709353446877,-6.585294054539752e-09,trajectory,STRAIGHT,3.068812608718872,10.55843639373705,3.7556017105089268e-06
1020,116846.359,10.567605018615723,2.5719086806930136e-06,-0.660187840461731,1.3656800610127436e-07,0.13878633081912994,8.642761173405233e-08,0.0030163931660354137,0.13889709353446877,-6.04214998182921e-09,trajectory,STRAIGHT,3.068812608718872,10.567605018614977,3.7556017105089268e-06
1021,116846.453,10.580107688903809,2.579756028353586e-06,-0.6599160432815552,1.3677947936580613e-07,0.13878633081912994,8.777331572673575e-08,0.0030163931660354137,0.13889709353446875,-6.782056341291093e-09,trajectory,STRAIGHT,3.0681965351104736,10.580107688903055,3.7556017105089268e-06
1022,116846.484,10.583024978637695,2.5816123070399044e-06,-0.6598526239395142,1.368288106734831e-07,0.13878633081912994,8.887178637451143e-08,0.0030163931660354137,0.13889709353446872,-5.7411894941952575e-09,trajectory,STRAIGHT,3.0681965351104736,10.583024978636942,3.7556017105089268e-06
1023,116846.578,10.593443870544434,2.588290726635023e-06,-0.6596261262893677,1.3700501843605014e-07,0.13878633081912994,8.99684167166015e-08,0.0030163931660354137,0.13889709353446872,-6.369630786338471e-09,trajectory,STRAIGHT,3.067579746246338,10.593443870543673,3.7556017105089268e-06
1024,116846.687,10.607196807861328,2.5972335606638808e-06,-0.6593271493911743,1.3723764053584868e-07,0.13878633081912994,9.082587126840735e-08,0.0030163931660354137,0.13889709353446872,-7.164137686094226e-09,trajectory,STRAIGHT,3.0669643878936768,10.60719680786056,3.7556017105089268e-06
1025,116846.796,10.620532989501953,2.606068392196903e-06,-0.6590372323989868,1.374631714021448e-07,0.13878633081912994,9.318874560904078e-08,0.0030163931660354137,0.13889709353446794,-6.651571771850295e-09,trajectory,STRAIGHT,3.066347360610962,10.620532989501179,3.7556017105089268e-06
1026,116846.89,10.633035659790039,2.614479399198899e-06,-0.658765435218811,1.376746409995822e-07,0.13878633081912994,9.372270426410978e-08,0.0030163931660354137,0.13889709353446794,-7.381776112997371e-09,trajectory,STRAIGHT,3.0657315254211426,10.633035659789257,3.7556017105089268e-06
1027,116847.046,10.648455619812012,2.625032038849895e-06,-0.6584302186965942,1.3793543179394733e-07,0.13878633081912994,9.630329600440746e-08,0.0030163931660354137,0.1388970935344679,-7.04142664301016e-09,trajectory,STRAIGHT,3.0651161670684814,10.64845561981122,3.7556017105089268e-06
1028,116847.14,10.661791801452637,2.6343086574343033e-06,-0.6581403017044067,1.3816101043630283e-07,0.13878633081912994,9.699175507194013e-08,0.0030163931660354137,0.1388970935344679,-6.991317319290891e-09,trajectory,STRAIGHT,3.0644993782043457,10.661791801451837,3.7556017105089268e-06
1029,116847.171,10.666376113891602,2.6375371362519218e-06,-0.6580406427383423,1.3823851586721172e-07,0.13878633081912994,9.841038917102196e-08,0.0030163931660354137,0.13889709353446789,-7.371069719086329e-09,trajectory,STRAIGHT,3.0638833045959473,10.666376113890799,3.7556017105089268e-06
1030,116847.25,10.675127983093262,2.643738298502285e-06,-0.6578503847122192,1.3838654320776248e-07,0.13878633081912994,9.943622103492089e-08,0.0030163931660354137,0.13889709353446789,-6.932209704018691e-09,trajectory,STRAIGHT,3.0638833045959473,10.675127983092453,3.7556017105089268e-06
1031,116847.359,10.688464164733887,2.6533082291280152e-06,-0.6575604677200317,1.386121079273391e-07,0.13878633081912994,9.994052874162662e-08,0.0030163931660354137,0.13889709353446789,-7.764546394919322e-09,trajectory,STRAIGHT,3.0632667541503906,10.68846416473307,3.7556017105089268e-06
1032,116847.484,10.70346736907959,2.6642478587746155e-06,-0.6572343111038208,1.3886584515182368e-07,0.13878633081912994,1.024697553475562e-07,0.0030163931660354137,0.13889709353446789,-7.566759359790056e-09,trajectory,STRAIGHT,3.0626513957977295,10.703467369078764,3.7556017105089268e-06
1033,116847.578,10.717220306396484,2.6744210117612965e-06,-0.6569353342056274,1.3913359677491976e-07,0.13878633081912994,1.0273812023342543e-07,0.0030163023620843887,0.13889709353446786,-7.527003204934886e-09,trajectory,STRAIGHT,3.06203556060791,10.71722030639565,3.7556017105089268e-06
1034,116847.609,10.719304084777832,2.6759639695228543e-06,-0.6568900346755981,1.3920398593826182e-07,0.13878633081912994,1.030842042837321e-07,0.0030162883922457695,0.13889709353446786,-7.686139265727947e-09,trajectory,STRAIGHT,3.06203556060791,10.719304084776995,3.7556017105089268e-06
1035,116847.671,10.725972175598145,2.68099938693922e-06,-0.6567450761795044,1.3924857655837823e-07,0.13878633081912994,1.0694692065271738e-07,0.003016278613358736,0.13889709353446786,-7.424838319370456e-09,trajectory,STRAIGHT,3.0614194869995117,10.725972175597303,3.7556017105089268e-06
1036,116847.812,10.743892669677734,2.6942127533402527e-06,-0.6563555002212524,1.38744100032875e-07,0.13878633081912994,8.920673622014874e-08,0.003016278613358736,0.13889709353446805,-7.033813815201777e-09,trajectory,STRAIGHT,3.0608043670654297,10.743892669676882,3.7556017105089268e-06
1037,116847.906,10.75681209564209,2.70062128038262e-06,-0.6560746431350708,1.3838040765001755e-07,0.13878633081912994,4.408477849437986e-08,0.003016278613358736,0.13889709353446852,-2.4160614795459895e-09,trajectory,STRAIGHT,3.0601868629455566,10.75681209564123,3.7556017105089268e-06
1038,116847.937,10.759729385375977,2.701403445826145e-06,-0.6560112237930298,1.382982835631023e-07,0.13878633081912994,3.0146839691269633e-08,0.003016278613358736,0.1388970935344687,-1.3317028103345137e-09,trajectory,STRAIGHT,3.0601868629455566,10.759729385375117,3.7556017105089268e-06
1039,116848.015,10.769731521606445,2.7015739760827273e-06,-0.6557937860488892,1.380167152638104e-07,0.13878633081912994,-2.8126597939603926e-08,0.003016278613358736,0.1388970935344693,3.931664518508123e-09,trajectory,STRAIGHT,3.0595715045928955,10.769731521605582,3.7556017105089268e-06
1040,116848.109,10.781400680541992,2.695779130590381e-06,-0.6555401086807251,1.383571804107263e-07,0.13878633081912994,-1.0961709762113969e-07,0.003016278613358736,0.1388970935344702,1.1161914410941737e-08,trajectory,STRAIGHT,3.0589544773101807,10.78140068054113,3.7556017105089268e-06
1041,116848.14,10.784734725952148,2.6928782972390763e-06,-0.6554676294326782,1.3862014248861402e-07,0.13878633081912994,-1.3216640581958927e-07,0.003016278613358736,0.13889709353447044,1.2422402654180315e-08,trajectory,STRAIGHT,3.0589544773101807,10.784734725951289,3.7556017105089268e-06
1042,116848.25,10.797654151916504,2.676773874554783e-06,-0.6551867723464966,1.3963900651158134e-07,0.13878633081912994,-2.1209660872045788e-07,0.003016278613358736,0.13889709353447136,2.0517432378858607e-08,trajectory,STRAIGHT,3.0589544773101807,10.797654151915651,3.7556017105089268e-06
1043,116848.328,10.807656288146973,2.6595985218591522e-06,-0.654969334602356,1.404278373340204e-07,0.13878633081912994,-2.636762701513362e-07,0.003016278613358736,0.13889709353447266,2.4432368778458594e-08,trajectory,STRAIGHT,3.0583395957946777,10.807656288146129,3.7556017105089268e-06
1044,116848.375,10.813490867614746,2.6479742700757924e-06,-0.6548424959182739,1.4088799102748932e-07,0.13878633081912994,-2.888838253056747e-07,0.003016278613358736,0.13889709353447297,2.7653154513176472e-08,trajectory,STRAIGHT,3.0577239990234375,10.813490867613908,3.7556017105089268e-06
1045,116848.453,10.821825981140137,2.629691152833402e-06,-0.6546612977981567,1.4154536813205244e-07,0.13878633081912994,-3.1925230814522365e-07,0.003016278613358736,0.13889709353447333,2.899230331963701e-08,trajectory,STRAIGHT,3.0577239990234375,10.821825981139309,3.7556017105089268e-06
1046,116848.562,10.834745407104492,2.598424316602177e-06,-0.6543804407119751,1.4256429121318366e-07,0.13878633081912994,-3.4981627550223493e-07,0.003016278613358736,0.13889709353447371,3.465855919537705e-08,trajectory,STRAIGHT,3.0571069717407227,10.834745407103682,3.7556017105089268e-06
1047,116848.656,10.846831321716309,2.567294586697244e-06,-0.6541177034378052,1.4351748218658566e-07,0.13878633081912994,-3.6512926726572914e-07,0.003016278613358736,0.1388970935344739,3.399491045879799e-08,trajectory,STRAIGHT,3.056490182876587,10.846831321715516,3.7556017105089268e-06
1048,116848.687,10.850998878479004,2.556273557274835e-06,-0.6540271043777466,1.438461690045438e-07,0.13878633081912994,-3.694926249409036e-07,0.003016278613358736,0.13889709353447396,3.547720866777711e-08,trajectory,STRAIGHT,3.0558745861053467,10.850998878478215,3.7556017105089268e-06
1049,116848.765,10.858917236328125,2.5350047963002e-06,-0.6538549661636353,1.4447067397347324e-07,0.13878633081912994,-3.764918119486538e-07,0.003016278613358736,0.13889709353447408,3.390221198612462e-08,trajectory,STRAIGHT,3.0558745861053467,10.858917236327349,3.7556017105089268e-06
1050,116848.859,10.87267017364502,2.4972864594019484e-06,-0.6535559892654419,1.4555534054457598e-07,0.13878633081912994,-3.846269294172089e-07,0.003016278613358736,0.1388970935344742,3.842947159307966e-08,trajectory,STRAIGHT,3.0552585124969482,10.872670173644263,3.7556017105089268e-06
1051,116848.953,10.875587463378906,2.489197868271731e-06,-0.6534925699234009,1.4578542133991104e-07,0.13878633081912994,-3.8569640992136556e-07,0.003016278613358736,0.13889709353447421,3.330273555567468e-08,trajectory,STRAIGHT,3.054643154144287,10.875587463378155,3.7556017105089268e-06
1052,116849.078,10.89892578125,2.4241689970949665e-06,-0.6529852151870728,1.4762606779734666e-07,0.13878633081912994,-3.8598460605498985e-07,0.003016278613358736,0.13889709353447427,4.0010121623283246e-08,trajectory,STRAIGHT,3.0540268421173096,10.898925781249282,3.7556017105089268e-06
1053,116849.171,10.908927917480469,2.396518539171666e-06,-0.6527677774429321,1.4841491633073286e-07,0.13878633081912994,-3.8160871440595656e-07,0.003016278613358736,0.13889709353447374,3.501114164675452e-08,trajectory,STRAIGHT,3.053410530090332,10.908927917479767,3.7556017105089268e-06
1054,116849.187,10.912261962890625,2.387383801760734e-06,-0.6526952981948853,1.4867786584874294e-07,0.13878633081912994,-3.7955018683533126e-07,0.003016278613358736,0.13889709353447374,3.578639061561285e-08,trajectory,STRAIGHT,3.053410530090332,10.912261962889929,3.7556017105089268e-06
1055,116849.281,10.922264099121094,2.360326561756665e-06,-0.6524778604507446,1.4946671442341424e-07,0.13878633081912994,-3.71574799373775e-07,0.003016278613358736,0.13889709353447366,3.416183668675331e-08,trajectory,STRAIGHT,3.053410530090332,10.922264099120412,3.7556017105089268e-06
1056,116849.375,10.93393325805664,2.3296295239561005e-06,-0.6522241830825806,1.5038699906615148e-07,0.13878633081912994,-3.5804686149276677e-07,0.003016003640368581,0.13889709353447355,3.6243904266996345e-08,trajectory,STRAIGHT,3.0527944564819336,10.933933258055973,3.7556017105089268e-06
1057,116849.406,10.938934326171875,2.31690455620992e-06,-0.6521154642105103,1.5070394214551954e-07,0.13878633081912994,-3.484087187644036e-07,0.003015972441062331,0.1388970935344735,3.0862119809451945e-08,trajectory,STRAIGHT,3.0521786212921143,10.938934326171214,3.7556017105089268e-06
1058,116849.484,10.946852684020996,2.2975441424932797e-06,-0.6519433259963989,1.5105619062688683e-07,0.13878633081912994,-3.3075701821871917e-07,0.003016029018908739,0.13889709353447327,3.1474499130401495e-08,trajectory,STRAIGHT,3.0521786212921143,10.946852684020346,3.7556017105089268e-06
1059,116849.593,10.960188865661621,2.2672904833598295e-06,-0.6516534090042114,1.516573503132087e-07,0.13878633081912994,-2.9910967214163975e-07,0.0030162418261170387,0.1388970935344729,3.211766566961334e-08,trajectory,STRAIGHT,3.051562547683716,10.960188865660985,3.7556017105089268e-06
1060,116849.687,10.972274780273438,2.2425904262490803e-06,-0.6513906717300415,1.5220215126979383e-07,0.13878633081912994,-2.6836079314307426e-07,0.003016439964994788,0.13889709353447258,2.575822553666121e-08,trajectory,STRAIGHT,3.0509471893310547,10.972274780272812,3.7556017105089268e-06
1061,116849.718,10.975608825683594,2.2362551135302056e-06,-0.6513181924819946,1.5235244118732178e-07,0.13878633081912994,-2.5953224280783616e-07,0.003016462316736579,0.13889709353447247,2.5723089079711567e-08,trajectory,STRAIGHT,3.0509471893310547,10.975608825682972,3.7556017105089268e-06
1062,116849.781,10.984360694885254,2.2206520498002646e-06,-0.6511279344558716,1.5274695221768476e-07,0.13878633081912994,-2.356451176410701e-07,0.003016483271494508,0.1388970935344726,2.2202081939287033e-08,trajectory,STRAIGHT,3.0503311157226562,10.98436069488464,3.7556017105089268e-06
1063,116849.812,10.986861228942871,2.216473376392969e-06,-0.6510735750198364,1.5285966965409393e-07,0.13878633081912994,-2.2863081028390297e-07,0.003016483271494508,0.13889709353447252,2.2087106168782444e-08,trajectory,STRAIGHT,3.0497140884399414,10.98686122894226,3.7556017105089268e-06
1064,116849.906,10.999780654907227,2.196940840804018e-06,-0.6507927179336548,1.5340682199342105e-07,0.13878633081912994,-1.9108426840830361e-07,0.003016483271494508,0.13889709353447208,2.1186804610736566e-08,trajectory,STRAIGHT,3.0497140884399414,10.999780654906623,3.7556017105089268e-06
1065,116850.0,11.009366035461426,2.1846292383997934e-06,-0.65058434009552,1.5269537272077295e-07,0.13878633081912994,-1.6700299454441847e-07,0.0030164665076881647,0.13889709353447177,1.650427149791794e-08,trajectory,STRAIGHT,3.049098491668701,11.009366035460827,3.7556017105089268e-06
1066,116850.015,11.012700080871582,2.1807111352245556e-06,-0.6505118608474731,1.523196418872734e-07,0.13878633081912994,-1.5953388299294602e-07,0.0030164665076881647,0.13889709353447166,1.638237817836191e-08,trajectory,STRAIGHT,3.049098491668701,11.012700080870985,3.7556017105089268e-06
1067,116850.109,11.02353572845459,2.1691837446269346e-06,-0.6502763032913208,1.5109851665927972e-07,0.13878633081912994,-1.3630155137889233e-07,0.0030164665076881647,0.13889709353447138,1.594723259659587e-08,trajectory,STRAIGHT,3.0484817028045654,11.023535728453998,3.7556017105089268e-06
1068,116850.234,11.037705421447754,2.156730033675558e-06,-0.6499682664871216,1.4950166054768226e-07,0.13878633081912994,-1.0832586383457965e-07,0.0030164665076881647,0.13889709353447058,1.1942868029759104e-08,trajectory,STRAIGHT,3.0484817028045654,11.037705421447168,3.7556017105089268e-06
1069,116850.328,11.0493745803833,2.148524345102487e-06,-0.6497145891189575,1.481866025360342e-07,0.13878633081912994,-8.733368872526626e-08,0.0030164665076881647,0.13889709353447027,9.756993045606678e-09,trajectory,STRAIGHT,3.0478668212890625,11.049374580382716,3.7556017105089268e-06
1070,116850.359,11.053958892822266,2.145770622519194e-06,-0.6496149301528931,1.4766997259364662e-07,0.13878633081912994,-7.959252457112598e-08,0.0030164665076881647,0.1388970935344702,9.526092737447302e-09,trajectory,STRAIGHT,3.047250986099243,11.053958892821683,3.7556017105089268e-06
1071,116850.437,11.061877250671387,2.1415996798168635e-06,-0.6494427919387817,1.4677761177179094e-07,0.13878633081912994,-6.689342058052716e-08,0.0030164665076881647,0.13889709353447,7.603685859021748e-09,trajectory,STRAIGHT,3.047250986099243,11.061877250670804,3.7556017105089268e-06
1072,116850.515,11.072712898254395,2.1370165086409543e-06,-0.6492072343826294,1.4555648641141965e-07,0.13878633081912994,-5.0895053504973475e-08,0.0030164665076881647,0.1388970935344698,7.047441054205919e-09,trajectory,STRAIGHT,3.046633720397949,11.072712898253814,3.7556017105089268e-06
1073,116850.562,11.077713966369629,2.1353082502173493e-06,-0.6490985155105591,1.4499289008142663e-07,0.13878633081912994,-4.4048782399386255e-08,0.0030164665076881647,0.13889709353447022,5.433442496003868e-09,trajectory,STRAIGHT,3.0460188388824463,11.077713966369048,3.7556017105089268e-06
1074,116850.64,11.088132858276367,2.132507688656915e-06,-0.6488720178604126,1.438187310406844e-07,0.13878633081912994,-3.087624023123681e-08,0.0030164665076881647,0.13889709353447008,4.9133305810181854e-09,trajectory,STRAIGHT,3.0460188388824463,11.088132858275786,3.7556017105089268e-06
1075,116850.765,11.101469039916992,2.130269422195852e-06,-0.6485821008682251,1.4231580742929258e-07,0.13878633081912994,-1.616576561502825e-08,0.0030164665076881647,0.13889709353446988,3.4372943007224115e-09,trajectory,STRAIGHT,3.0454018115997314,11.10146903991641,3.7556017105089268e-06
1076,116850.875,11.116055488586426,2.1292962628649548e-06,-0.64826500415802,1.4067198467897158e-07,0.13878633081912994,-2.84081114187984e-09,0.0030164665076881647,0.13889709353446975,2.8177431772460187e-09,trajectory,STRAIGHT,3.044786214828491,11.116055488585843,3.7556017105089268e-06
1077,116850.984,11.12939167022705,2.1295063561410643e-06,-0.6479750871658325,1.3925364367801058e-07,0.13878633081912994,6.814338870952952e-09,0.0030164665076881647,0.13889709353446963,1.3075090321708336e-09,trajectory,STRAIGHT,3.0441718101501465,11.129391670226465,3.7556017105089268e-06
1078,116851.015,11.133142471313477,2.129721679011709e-06,-0.6478935480117798,1.3899064806692664e-07,0.13878633081912994,9.094820008215265e-09,0.0030164665076881647,0.1388970935344696,1.1786996912162927e-09,trajectory,STRAIGHT,3.0441718101501465,11.13314247131289,3.7556017105089268e-06
1079,116851.093,11.142311096191406,2.1304858819348738e-06,-0.6476942300796509,1.381194912006402e-07,0.13878633081912994,1.3865284032021918e-08,0.0030164665076881647,0.13889709353446886,5.616370439328015e-10,trajectory,STRAIGHT,3.0435543060302734,11.142311096190818,3.7556017105089268e-06
1080,116851.203,11.15648078918457,2.13218459066411e-06,-0.6473861932754517,1.3701815303408248e-07,0.13878633081912994,1.899310042574598e-08,0.003016183851286769,0.1388970935344688,2.725873621638439e-10,trajectory,STRAIGHT,3.0429375171661377,11.156480789183979,3.7556017105089268e-06
1081,116851.312,11.169400215148926,2.1340752027754206e-06,-0.64710533618927,1.362172734240364e-07,0.13878633081912994,2.1292880347800747e-08,0.003016304923221469,0.13889709353446872,-1.2401113422684323e-10,trajectory,STRAIGHT,3.0423214435577393,11.16940021514833,3.7556017105089268e-06
1082,116851.406,11.181069374084473,2.135882596121519e-06,-0.646851658821106,1.3549389827890935e-07,0.13878633081912994,2.142247801373287e-08,0.0030164329800754786,0.13889709353446872,-9.363690995621403e-11,trajectory,STRAIGHT,3.0417065620422363,11.181069374083876,3.7556017105089268e-06
1083,116851.531,11.194822311401367,2.137914179911604e-06,-0.6465526819229126,1.3464134898427488e-07,0.13878633081912994,1.920199466098893e-08,0.003016445552930236,0.1388970935344695,2.6018685025385043e-11,trajectory,STRAIGHT,3.041090965270996,11.194822311400767,3.7556017105089268e-06
1084,116851.625,11.206908226013184,2.139422349500819e-06,-0.6462899446487427,1.3389213898343507e-07,0.13878633081912994,1.5130909858385166e-08,0.003016445552930236,0.13889709353446955,4.2828161391065566e-10,trajectory,STRAIGHT,3.0404744148254395,11.20690822601258,3.7556017105089268e-06
1085,116851.75,11.221911430358887,2.140662218153011e-06,-0.6459637880325317,1.3296208517018481e-07,0.13878633081912994,7.3184049931285244e-09,0.003016445552930236,0.1388970935344696,1.0592974451658554e-09,trajectory,STRAIGHT,3.039858102798462,11.22191143035828,3.7556017105089268e-06
1086,116851.859,11.234830856323242,2.140934157068841e-06,-0.6456829309463501,1.3201108224883883e-07,0.13878633081912994,-1.8577054339274923e-09,0.003016428789123893,0.13889709353446972,2.0198577146403662e-09,trajectory,STRAIGHT,3.039858102798462,11.234830856322633,3.7556017105089268e-06
1087,116851.953,11.244832992553711,2.1404966901172884e-06,-0.6454654932022095,1.3156021233479046e-07,0.13878633081912994,-1.0518005133519637e-08,0.003016428789123893,0.1388970935344698,2.5225631460083624e-09,trajectory,STRAIGHT,3.0392415523529053,11.2448329925531,3.7556017105089268e-06
1088,116851.968,11.247750282287598,2.1402468064479763e-06,-0.6454020738601685,1.314287085897453e-07,0.13878633081912994,-1.3299758627738356e-08,0.003016428789123893,0.13889709353446983,2.8199921235938907e-09,trajectory,STRAIGHT,3.0392415523529053,11.247750282286987,3.7556017105089268e-06
1089,116852.062,11.258169174194336,2.1388505047070794e-06,-0.645175576210022,1.3102011682385232e-07,0.13878633081912994,-2.417775313290349e-08,0.0030164371710270643,0.13889709353446994,3.7059221469887567e-09,trajectory,STRAIGHT,3.038626194000244,11.258169174193725,3.7556017105089268e-06
1090,116852.171,11.2723388671875,2.1355324406613363e-06,-0.6448675394058228,1.3069152228518014e-07,0.13878633081912994,-4.133678643825078e-08,0.003016428789123893,0.13889709353447013,5.6245058310911595e-09,trajectory,STRAIGHT,3.0380101203918457,11.272338867186889,3.7556017105089268e-06
1091,116852.281,11.284841537475586,2.1310447664291132e-06,-0.644595742225647,1.3055084975223744e-07,0.13878633081912994,-5.874072073197567e-08,0.003016428789123893,0.1388970935344703,6.774809631897312e-09,trajectory,STRAIGHT,3.0373945236206055,11.284841537474975,3.7556017105089268e-06
1092,116852.39,11.29942798614502,2.1236958218651125e-06,-0.6442786455154419,1.305368987501694e-07,0.13878633081912994,-8.172745680212756e-08,0.0030164301861077547,0.13889709353447055,9.540272712275988e-09,trajectory,STRAIGHT,3.0367774963378906,11.29942798614441,3.7556017105089268e-06
1093,116852.5,11.312347412109375,2.115054712703568e-06,-0.6439977884292603,1.3075520852958508e-07,0.13878633081912994,-1.0437953790187748e-07,0.003016428789123893,0.13889709353447077,1.0813334044153221e-08,trajectory,STRAIGHT,3.0361616611480713,11.312347412108767,3.7556017105089268e-06
1094,116852.515,11.314431190490723,2.113462414854439e-06,-0.643952488899231,1.307786476021819e-07,0.13878633081912994,-1.0788597393229793e-07,0.003016428789123893,0.13889709353447083,1.1278276699868588e-08,trajectory,STRAIGHT,3.0361616611480713,11.314431190490117,3.7556017105089268e-06
1095,116852.593,11.32568359375,2.104059376506484e-06,-0.6437078714370728,1.3090521874667282e-07,0.13878633081912994,-1.2327430454206478e-07,0.003016428789123893,0.138897093534471,1.239031931431386e-08,trajectory,STRAIGHT,3.0355451107025146,11.325683593749398,3.7556017105089268e-06
1096,116852.625,11.327350616455078,2.102569169437629e-06,-0.6436716318130493,1.3092397001216303e-07,0.13878633081912994,-1.2504507651556196e-07,0.003016428789123893,0.138897093534471,1.2701181268821967e-08,trajectory,STRAIGHT,3.0355451107025146,11.327350616454476,3.7556017105089268e-06
1097,116852.703,11.338186264038086,2.092455588353914e-06,-0.643436074256897,1.3104585314026743e-07,0.13878633081912994,-1.3335352377907839e-07,0.003016428789123893,0.1388970935344711,1.4508534236624632e-08,trajectory,STRAIGHT,3.0349297523498535,11.338186264037489,3.7556017105089268e-06
1098,116852.718,11.340270042419434,2.090447651426075e-06,-0.6433907747268677,1.3106929218398505e-07,0.13878633081912994,-1.343150728416731e-07,0.003016428789123893,0.1388970935344711,1.4811535806926292e-08,trajectory,STRAIGHT,3.0349297523498535,11.340270042418837,3.7556017105089268e-06
1099,116852.828,11.353606224060059,2.077423232549336e-06,-0.6431008577346802,1.312193019156392e-07,0.13878633081912994,-1.3560915590460354e-07,0.003016428789123893,0.1388970935344711,1.3993878449895174e-08,trajectory,STRAIGHT,3.034313440322876,11.353606224059467,3.7556017105089268e-06
1100,116852.937,11.366525650024414,2.0650650185416453e-06,-0.6428200006484985,1.3150562374344624e-07,0.13878633081912994,-1.2884645173016906e-07,0.003016225527971983,0.13889709353447105,1.3144897713501282e-08,trajectory,STRAIGHT,3.0336968898773193,11.366525650023828,3.7556017105089268e-06
1101,116853.046,11.379861831665039,2.0533607312245294e-06,-0.642530083656311,1.3203170939787044e-07,0.13878633081912994,-1.1359064444604883e-07,0.0030162627808749676,0.13889709353447088,1.3224853935206295e-08,trajectory,STRAIGHT,3.033080577850342,11.379861831664456,3.7556017105089268e-06
1102,116853.14,11.383195877075195,2.0506940927589312e-06,-0.6424576044082642,1.3216324868800412e-07,0.13878633081912994,-1.0862758159646546e-07,0.0030163093470036983,0.13889709353447086,1.0455176460895106e-08,trajectory,STRAIGHT,3.0324647426605225,11.383195877074614,3.7556017105089268e-06
1103,116853.25,11.403200149536133,2.0366992430354003e-06,-0.6420227289199829,1.3195197224183928e-07,0.13878633081912994,-8.875779400341344e-08,0.0030164383351802826,0.13889709353447063,1.0547750167722204e-08,trajectory,STRAIGHT,3.0324647426605225,11.403200149535557,3.7556017105089268e-06
1104,116853.359,11.416536331176758,2.028785274887923e-06,-0.6417328119277954,1.316772198407903e-07,0.13878633081912994,-7.692474213172318e-08,0.0030164215713739395,0.1388970935344705,8.61045841309675e-09,trajectory,STRAIGHT,3.031848192214966,11.416536331176184,3.7556017105089268e-06
1105,116853.484,11.431539535522461,2.020669171542977e-06,-0.6414066553115845,1.312077708724929e-07,0.13878633081912994,-7.252896239151596e-08,0.0030164215713739395,0.13889709353447047,9.30836665136238e-09,trajectory,STRAIGHT,3.031233072280884,11.431539535521889,3.7556017105089268e-06
1106,116853.578,11.443208694458008,2.0148686417087447e-06,-0.6411529779434204,1.3099876285179852e-07,0.13878633081912994,-6.623537274208502e-08,0.0030164215713739395,0.13889709353447038,7.507115154311012e-09,trajectory,STRAIGHT,3.0306179523468018,11.443208694457438,3.7556017105089268e-06
1107,116853.593,11.446125984191895,2.013497578445822e-06,-0.6410895586013794,1.3094943875462712e-07,0.13878633081912994,-6.404513186453187e-08,0.0030164215713739395,0.13889709353447036,7.511531167539562e-09,trajectory,STRAIGHT,3.0306179523468018,11.446125984191324,3.7556017105089268e-06
1108,116853.687,11.456961631774902,2.008796627706033e-06,-0.640854001045227,1.3076627219358359e-07,0.13878633081912994,-5.795856594659199e-08,0.0030164215713739395,0.1388970935344703,6.718676418945263e-09,trajectory,STRAIGHT,3.0300004482269287,11.456961631774334,3.7556017105089268e-06
1109,116853.812,11.469464302062988,2.0039556147821713e-06,-0.6405822038650513,1.3063728955676124e-07,0.13878633081912994,-5.013476922499649e-08,0.0030164215713739395,0.13889709353447022,6.751531889959774e-09,trajectory,STRAIGHT,3.0293846130371094,11.46946430206242,3.7556017105089268e-06
1110,116853.921,11.483217239379883,1.999417463594e-06,-0.6402832269668579,1.3062555022077943e-07,0.13878633081912994,-4.143241127962938e-08,0.0030164215713739395,0.13889709353447013,5.39955372131248e-09,trajectory,STRAIGHT,3.0287680625915527,11.483217239379314,3.7556017105089268e-06
1111,116854.015,11.496553421020508,1.995751745198504e-06,-0.6399933099746704,1.3062554282420702e-07,0.13878633081912994,-3.4682674510122524e-08,0.0030164215713739395,0.13889709353447005,5.4003518632637295e-09,trajectory,STRAIGHT,3.0281522274017334,11.49655342101994,3.7556017105089268e-06
1112,116854.046,11.499470710754395,1.9950332443841035e-06,-0.6399298906326294,1.3062554071804806e-07,0.13878633081912994,-3.350787736167149e-08,0.0030164215713739395,0.13889709353447005,5.416325609245735e-09,trajectory,STRAIGHT,3.027535915374756,11.499470710753826,3.7556017105089268e-06
1113,116854.125,11.509889602661133,1.9927670109609608e-06,-0.6397033929824829,1.30625527825865e-07,0.13878633081912994,-2.7955724846151497e-08,0.0030164215713739395,0.13889709353447,4.159460505340343e-09,trajectory,STRAIGHT,3.027535915374756,11.509889602660564,3.7556017105089268e-06
1114,116854.25,11.524892807006836,1.99022724700626e-06,-0.639377236366272,1.306254618297471e-07,0.13878633081912994,-1.8591833850223338e-08,0.0030164215713739395,0.13889709353446988,3.8603114496439835e-09,trajectory,STRAIGHT,3.02691912651062,11.524892807006266,3.7556017105089268e-06
1115,116854.328,11.534478187561035,1.9891001556970878e-06,-0.6391688585281372,1.306253691791454e-07,0.13878633081912994,-1.4103701317935702e-08,0.0030164215713739395,0.13889709353446983,2.8165451447952285e-09,trajectory,STRAIGHT,3.026304006576538,11.534478187560465,3.7556017105089268e-06
1116,116854.375,11.5390625,1.9887033886334393e-06,-0.6390691995620728,1.3062535099435577e-07,0.13878633081912994,-1.0168609065885903e-08,0.0030164215713739395,0.1388970935344698,2.601298812280981e-09,trajectory,STRAIGHT,3.025686740875244,11.539062499999428,3.7556017105089268e-06
1117,116854.468,11.550731658935547,1.988048552448163e-06,-0.6388155221939087,1.3062528050157842e-07,0.13878633081912994,-4.0802583534116366e-09,0.0030164215713739395,0.13889709353446975,1.994660323438237e-09,trajectory,STRAIGHT,3.025686740875244,11.550731658934975,3.7556017105089268e-06
1118,116854.593,11.56573486328125,1.987903033295879e-06,-0.6384893655776978,1.3062520374737496e-07,0.13878633081912994,1.8434902493424943e-09,0.0030164215713739395,0.13889709353446966,1.7312987465582787e-09,trajectory,STRAIGHT,3.0250725746154785,11.565734863280674,3.7556017105089268e-06
1119,116854.703,11.578654289245605,1.9883214008586947e-06,-0.6382085084915161,1.3062513570409977e-07,0.13878633081912994,6.63420651747515e-09,0.0030162592884153128,0.13889709353446963,1.0465123673991818e-09,trajectory,STRAIGHT,3.0244555473327637,11.578654289245028,3.7556017105089268e-06
1120,116854.812,11.59199047088623,1.9889939721906558e-06,-0.6379185914993286,1.304630599285517e-07,0.13878633081912994,8.210557567167598e-09,0.003016195958480239,0.1388970935344696,1.0413337294678555e-09,trajectory,STRAIGHT,3.023838758468628,11.59199047088565,3.7556017105089268e-06
1121,116854.921,11.605326652526855,1.9903723114111926e-06,-0.6376286745071411,1.300355894773335e-07,0.13878633081912994,2.3227878287457315e-08,0.003016373375430703,0.13889709353446944,-3.3612632866988737e-10,trajectory,STRAIGHT,3.023223638534546,11.605326652526273,3.7556017105089268e-06
1122,116855.031,11.61866283416748,1.993275418499252e-06,-0.6373387575149536,1.2938511743561768e-07,0.13878633081912994,3.5662829134253116e-08,0.0030163510236889124,0.13889709353446933,-1.3917251698440383e-09,trajectory,STRAIGHT,3.022606611251831,11.618662834166892,3.7556017105089268e-06
1123,116855.14,11.631582260131836,1.996851551666623e-06,-0.637057900428772,1.295729799628661e-07,0.13878633081912994,4.06780245043592e-08,0.00301635661162436,0.13889709353446927,-2.024604000661831e-09,trajectory,STRAIGHT,3.022606611251831,11.631582260131244,3.7556017105089268e-06
1124,116855.25,11.643668174743652,2.0004592897748807e-06,-0.636795163154602,1.3062036880604216e-07,0.13878633081912994,4.1710805476213864e-08,0.0030163510236889124,0.13889709353446927,-2.194244733498563e-09,trajectory,STRAIGHT,3.02199125289917,11.643668174743055,3.7556017105089268e-06
1125,116855.343,11.655754089355469,2.004022235269076e-06,-0.6365324258804321,1.3239548990979744e-07,0.13878633081912994,3.99128659012149e-08,0.00301635661162436,0.13889709353446927,-2.4023497689012304e-09,trajectory,STRAIGHT,3.0213754177093506,11.655754089354868,3.7556017105089268e-06
1126,116855.375,11.659504890441895,2.0051002138643526e-06,-0.6364508867263794,1.330999500581565e-07,0.13878633081912994,3.953001481704632e-08,0.0030163510236889124,0.13889709353446927,-1.8129256199367662e-09,trajectory,STRAIGHT,3.020759344100952,11.659504890441292,3.7556017105089268e-06
1127,116855.453,11.669090270996094,2.007723878705292e-06,-0.6362425088882446,1.349761229829371e-07,0.13878633081912994,3.6488437160642206e-08,0.0030163538176566362,0.1388970935344693,-1.868668745902798e-09,trajectory,STRAIGHT,3.020759344100952,11.669090270995488,3.7556017105089268e-06
1128,116855.593,11.684926986694336,2.0116394807701e-06,-0.635898232460022,1.3857345543620525e-07,0.13878633081912994,3.200448261964084e-08,0.0030163510236889124,0.13889709353446936,-1.997052679067767e-09,trajectory,STRAIGHT,3.020143747329712,11.684926986693725,3.7556017105089268e-06
1129,116855.687,11.697012901306152,2.014235860769986e-06,-0.635635495185852,1.4142412509150146e-07,0.13878633081912994,2.7908589217418012e-08,0.003016359405592084,0.1388970935344687,-1.0362492800606252e-09,trajectory,STRAIGHT,3.019526481628418,11.697012901305538,3.7556017105089268e-06
1130,116855.718,11.701180458068848,2.0150625914538978e-06,-0.6355448961257935,1.425512241827122e-07,0.13878633081912994,2.6701780342364145e-08,0.0030163510236889124,0.13889709353446872,-1.0618022376065926e-09,trajectory,STRAIGHT,3.018911123275757,11.701180458068233,3.7556017105089268e-06
1131,116855.796,11.709515571594238,2.0166023659839993e-06,-0.6353636980056763,1.4471624691807625e-07,0.13878633081912994,2.4630455897067804e-08,0.0030163510236889124,0.13889709353446944,-6.135226100348097e-10,trajectory,STRAIGHT,3.018911123275757,11.70951557159362,3.7556017105089268e-06
1132,116855.89,11.723268508911133,2.018855866481317e-06,-0.6350647211074829,1.4833712718830042e-07,0.13878633081912994,2.1487387869001395e-08,0.003016355214640498,0.13889709353446947,-7.022877835702105e-10,trajectory,STRAIGHT,3.0182945728302,11.723268508910511,3.7556017105089268e-06
1133,116855.921,11.72576904296875,2.0192360352666583e-06,-0.6350103616714478,1.4906504658962178e-07,0.13878633081912994,2.058528458803721e-08,0.0030163510236889124,0.138897093534469,-6.530209356485804e-11,trajectory,STRAIGHT,3.0182945728302,11.725769042968128,3.7556017105089268e-06
1134,116856.0,11.736187934875488,2.0207082798151532e-06,-0.6347838640213013,1.5200496596262816e-07,0.13878633081912994,1.8365181375656903e-08,0.003016358008608222,0.13889709353446902,-1.3716111109278562e-10,trajectory,STRAIGHT,3.01767897605896,11.736187934874863,3.7556017105089268e-06
1135,116856.109,11.749107360839844,2.0223299088684143e-06,-0.6345030069351196,1.5535342487656878e-07,0.13878633081912994,1.6553384440953778e-08,0.003016358008608222,0.13889709353446905,-2.470148031080309e-10,trajectory,STRAIGHT,3.017061710357666,11.749107360839215,3.7556017105089268e-06
1136,116856.203,11.76119327545166,2.023580918830703e-06,-0.6342402696609497,1.580632444760691e-07,0.13878633081912994,1.2163565266121168e-08,0.0030163510236889124,0.13889709353446958,5.768271291877625e-10,trajectory,STRAIGHT,3.016446828842163,11.761193275451028,3.7556017105089268e-06
1137,116856.234,11.764944076538086,2.0238931028870866e-06,-0.634158730506897,1.586995641547953e-07,0.13878633081912994,1.1349488460155044e-08,0.00301635661162436,0.1388970935344696,6.144619983241509e-10,trajectory,STRAIGHT,3.016446828842163,11.764944076537454,3.7556017105089268e-06
1138,116856.328,11.776196479797363,2.024748482654104e-06,-0.6339141130447388,1.6083877374279853e-07,0.13878633081912994,1.0538117933833746e-08,0.0030163538176566362,0.13889709353446936,8.242517648761293e-10,trajectory,STRAIGHT,3.0158307552337646,11.776196479796727,3.7556017105089268e-06
1139,116856.421,11.78744888305664,2.025544745265506e-06,-0.6336694955825806,1.629357269345721e-07,0.13878633081912994,9.513628107526984e-09,0.0030163538176566362,0.13889709353446938,8.258730725880464e-10,trajectory,STRAIGHT,3.0152151584625244,11.787448883056001,3.7556017105089268e-06
1140,116856.453,11.790782928466797,2.0257684809621423e-06,-0.6335970163345337,1.6340299583431822e-07,0.13878633081912994,9.39877864425398e-09,0.0030163335613906384,0.13889709353446963,1.0477247285840125e-09,trajectory,STRAIGHT,3.0152151584625244,11.790782928466157,3.7556017105089268e-06
1141,116856.546,11.801618576049805,2.02652654479607e-06,-0.6333614587783813,1.6404404655330674e-07,0.13878633081912994,9.67538227314435e-09,0.0030161216855049133,0.1388970935344696,1.0707685860286998e-09,trajectory,STRAIGHT,3.0152151584625244,11.801618576049162,3.7556017105089268e-06
1142,116856.625,11.811203956604004,2.027076334343292e-06,-0.6331530809402466,1.6471552229360612e-07,0.13878633081912994,6.781576633585473e-09,0.0030162143521010876,0.13889709353446966,1.3464393977257384e-09,trajectory,STRAIGHT,3.014599323272705,11.811203956603359,3.7556017105089268e-06
1143,116856.656,11.81495475769043,2.027268237725366e-06,-0.6330715417861938,1.650113126231659e-07,0.13878633081912994,7.694183068451821e-09,0.0030162667389959097,0.13889709353446955,1.2296936142357943e-09,trajectory,STRAIGHT,3.014599323272705,11.814954757689785,3.7556017105089268e-06
1144,116856.75,11.826207160949707,2.0282586774555966e-06,-0.6328269243240356,1.6582834029797998e-07,0.13878633081912994,1.785427095057912e-08,0.003016380127519369,0.13889709353446944,4.321144115283428e-10,trajectory,STRAIGHT,3.013981580734253,11.826207160949059,3.7556017105089268e-06
1145,116856.875,11.839960098266602,2.0303423298173584e-06,-0.6325279474258423,1.6652582878141985e-07,0.13878633081912994,2.048307301549812e-08,0.003016380127519369,0.1388970935344694,1.6118270378255783e-10,trajectory,STRAIGHT,3.013366222381592,11.83996009826595,3.7556017105089268e-06
1146,116856.953,11.85079574584961,2.0314842004154343e-06,-0.6322923898696899,1.6707536949795076e-07,0.13878633081912994,6.401562835378627e-09,0.003016380127519369,0.1388970935344696,1.3064566481768751e-09,trajectory,STRAIGHT,3.0127506256103516,11.850795745848954,3.7556017105089268e-06
1147,116857.0,11.856630325317383,2.0314844277891098e-06,-0.6321655511856079,1.6737127606393886e-07,0.13878633081912994,-7.101114807284148e-09,0.003016380127519369,0.1388970935344698,2.494437514852623e-09,trajectory,STRAIGHT,3.012133836746216,11.856630325316726,3.7556017105089268e-06
1148,116857.078,11.864965438842773,2.0303059500292875e-06,-0.6319843530654907,1.677939997614324e-07,0.13878633081912994,-3.3579627967128545e-08,0.003016380127519369,0.13889709353447016,4.8330922807367285e-09,trajectory,STRAIGHT,3.012133836746216,11.864965438842116,3.7556017105089268e-06
1149,116857.203,11.882052421569824,2.0215754830132937e-06,-0.6316128969192505,1.6866058345744417e-07,0.13878633081912994,-1.1430115165467214e-07,0.003016380127519369,0.13889709353447127,1.209129319454885e-08,trajectory,STRAIGHT,3.011518955230713,11.882052421569169,3.7556017105089268e-06
1150,116857.296,11.893304824829102,2.009533091040794e-06,-0.6313682794570923,1.6879912300267196e-07,0.13878633081912994,-1.831638627436405e-07,0.003016380127519369,0.13889709353447222,1.7907594716564142e-08,trajectory,STRAIGHT,3.010901689529419,11.893304824828451,3.7556017105089268e-06
1151,116857.328,11.896638870239258,2.0049155864398926e-06,-0.6312958002090454,1.6866755955090411e-07,0.13878633081912994,-2.0144744894423638e-07,0.003016380127519369,0.13889709353447247,1.9899814170954377e-08,trajectory,STRAIGHT,3.010286569595337,11.896638870238611,3.7556017105089268e-06
1152,116857.406,11.907057762145996,1.987789573831833e-06,-0.6310693025588989,1.6825647498200825e-07,0.13878633081912994,-2.528751963382092e-07,0.003016380127519369,0.13889709353447316,2.5937884422798137e-08,trajectory,STRAIGHT,3.010286569595337,11.907057762145357,3.7556017105089268e-06
1153,116857.437,11.909141540527344,1.9839312699332368e-06,-0.6310240030288696,1.6817426450950473e-07,0.13878633081912994,-2.6153446697207983e-07,0.003016380127519369,0.13889709353447327,2.3219075713302775e-08,trajectory,STRAIGHT,3.0096704959869385,11.909141540526708,3.7556017105089268e-06
1154,116857.515,11.919977188110352,1.9619135400716914e-06,-0.6307884454727173,1.6774673820059715e-07,0.13878633081912994,-3.0001669415469223e-07,0.003016380127519369,0.13889709353447377,2.871910808716371e-08,trajectory,STRAIGHT,3.0096704959869385,11.919977188109726,3.7556017105089268e-06
1155,116857.531,11.92164421081543,1.958284883585293e-06,-0.6307522058486938,1.6768096576666126e-07,0.13878633081912994,-3.047455550131417e-07,0.003016380127519369,0.13889709353447385,2.9493997406196273e-08,trajectory,STRAIGHT,3.0096704959869385,11.921644210814806,3.7556017105089268e-06
1156,116857.625,11.932896614074707,1.932570739882067e-06,-0.6305075883865356,1.6731932175533543e-07,0.13878633081912994,-3.269173305397999e-07,0.003016380127519369,0.1388970935344741,3.080697044211017e-08,trajectory,STRAIGHT,3.0090534687042236,11.932896614074098,3.7556017105089268e-06
1157,116857.734,11.946232795715332,1.9007767377843265e-06,-0.6302176713943481,1.6694364553759842e-07,0.13878633081912994,-3.312776470920653e-07,0.003016380127519369,0.13889709353447416,3.4590808851966286e-08,trajectory,STRAIGHT,3.0084376335144043,11.94623279571474,3.7556017105089268e-06
1158,116857.859,11.959985733032227,1.8687593410504633e-06,-0.6299186944961548,1.6655621746079396e-07,0.13878633081912994,-3.12573291694207e-07,0.003016380127519369,0.13889709353447385,3.032466764217049e-08,trajectory,STRAIGHT,3.007821798324585,11.959985733031653,3.7556017105089268e-06
1159,116857.968,11.971654891967773,1.843845325311122e-06,-0.6296650171279907,1.6626497017581904e-07,0.13878633081912994,-2.791723829886905e-07,0.003016380127519369,0.1388970935344734,2.6894358590122482e-08,trajectory,STRAIGHT,3.007821798324585,11.971654891967212,3.7556017105089268e-06
1160,116858.046,11.981657028198242,1.8247671960125444e-06,-0.6294475793838501,1.660816849417499e-07,0.13878633081912994,-2.500928530935198e-07,0.003016380127519369,0.13889709353447302,2.665800593832774e-08,trajectory,STRAIGHT,3.0072054862976074,11.981657028197692,3.7556017105089268e-06
1161,116858.171,11.995409965515137,1.8017969978245674e-06,-0.6291486024856567,1.658490505534373e-07,0.13878633081912994,-2.1444104447709833e-07,0.003016380127519369,0.13889709353447255,2.154506447112118e-08,trajectory,STRAIGHT,3.00658917427063,11.995409965514597,3.7556017105089268e-06
1162,116858.281,12.007912635803223,1.783888365025632e-06,-0.628876805305481,1.6563753023045642e-07,0.13878633081912994,-1.8484784902739193e-07,0.003016330301761627,0.13889709353447216,2.1194075897180784e-08,trajectory,STRAIGHT,3.0059728622436523,12.007912635802692,3.7556017105089268e-06
1163,116858.296,12.012080192565918,1.7784946066967677e-06,-0.6287862062454224,1.6557648715390794e-07,0.13878633081912994,-1.7469535862346675e-07,0.003016216214746237,0.138897093534472,1.642849402105744e-08,trajectory,STRAIGHT,3.0053579807281494,12.012080192565389,3.7556017105089268e-06
1164,116858.39,12.022499084472656,1.7662097206994076e-06,-0.6285597085952759,1.653369881167832e-07,0.13878633081912994,-1.5296929234409617e-07,0.0030161640606820583,0.1388970935344717,1.6112351094902758e-08,trajectory,STRAIGHT,3.0053579807281494,12.022499084472132,3.7556017105089268e-06
1165,116858.515,12.033751487731934,1.7548275081935572e-06,-0.6283150911331177,1.6514911435053665e-07,0.13878633081912994,-1.2772676427630358e-07,0.0030163044575601816,0.13889709353447136,1.3394617382071567e-08,trajectory,STRAIGHT,3.0047411918640137,12.033751487731415,3.7556017105089268e-06
1166,116858.625,12.051671981811523,1.7406415508958162e-06,-0.6279255151748657,1.6554373862437416e-07,0.13878633081912994,-9.292191549548079e-08,0.003016402944922447,0.13889709353447088,1.2290850864337194e-08,trajectory,STRAIGHT,3.0041255950927734,12.05167198181101,3.7556017105089268e-06
1167,116858.765,12.068342208862305,1.7301941852565506e-06,-0.6275631189346313,1.663235011218336e-07,0.13878633081912994,-8.573923793164795e-08,0.003016402944922447,0.1388970935344708,9.949838677445736e-09,trajectory,STRAIGHT,3.003509044647217,12.068342208861793,3.7556017105089268e-06
1168,116858.875,12.080011367797852,1.7234224287676625e-06,-0.6273094415664673,1.6643125195169575e-07,0.13878633081912994,-7.252248224176583e-08,0.003016402944922447,0.13889709353447066,8.510281041691228e-09,trajectory,STRAIGHT,3.0028929710388184,12.080011367797344,3.7556017105089268e-06
1169,116858.984,12.093347549438477,1.7171929584947065e-06,-0.6270195245742798,1.665062474027898e-07,0.13878633081912994,-5.719991946762093e-08,0.003016402944922447,0.13889709353447047,8.122899438774742e-09,trajectory,STRAIGHT,3.0022783279418945,12.093347549437969,3.7556017105089268e-06
1170,116859.093,12.105850219726562,1.7125474869317259e-06,-0.626747727394104,1.665765562547931e-07,0.13878633081912994,-4.630801697658171e-08,0.003016402944922447,0.13889709353447033,6.219906728729077e-09,trajectory,STRAIGHT,3.001661777496338,12.105850219726056,3.7556017105089268e-06
1171,116859.203,12.121270179748535,1.7080966472349246e-06,-0.6264125108718872,1.66663244028291e-07,0.13878633081912994,-3.422864480739918e-08,0.003016402944922447,0.13889709353447016,5.948037072635527e-09,trajectory,STRAIGHT,3.0010457038879395,12.121270179748029,3.7556017105089268e-06
1172,116859.343,12.137940406799316,1.704491296550259e-06,-0.6260501146316528,1.667171828740318e-07,0.13878633081912994,-2.5736014208632696e-08,0.003016402944922447,0.13889709353447005,4.542988937408012e-09,trajectory,STRAIGHT,3.000429153442383,12.137940406798808,3.7556017105089268e-06
1173,116859.453,12.150443077087402,1.7024519820552086e-06,-0.625778317451477,1.6671717369716973e-07,0.13878633081912994,-1.969718610439486e-08,0.003016402944922447,0.13889709353446997,3.839193426709748e-09,trajectory,STRAIGHT,2.9998130798339844,12.150443077086894,3.7556017105089268e-06
1174,116859.546,12.163362503051758,1.7009595012495993e-06,-0.6254974603652954,1.6671718097528246e-07,0.13878633081912994,-1.3152208211408833e-08,0.003016402944922447,0.13889709353446988,3.680231665587946e-09,trajectory,STRAIGHT,2.9991981983184814,12.163362503051248,3.7556017105089268e-06
1175,116859.578,12.167946815490723,1.7005799008984468e-06,-0.625397801399231,1.6671716762059774e-07,0.13878633081912994,-1.000482807711478e-08,0.003016402944922447,0.13889709353446983,2.7658210935736535e-09,trajectory,STRAIGHT,2.9985814094543457,12.167946815490211,3.7556017105089268e-06
1176,116859.671,12.177115440368652,1.7000054413074395e-06,-0.625198483467102,1.6671718068452802e-07,0.13878633081912994,-6.457504753143439e-09,0.003016402944922447,0.13889709353446977,2.6923367604404103e-09,trajectory,STRAIGHT,2.9985814094543457,12.17711544036814,3.7556017105089268e-06
1177,116859.781,12.190868377685547,1.6995751366266632e-06,-0.6248995065689087,1.667171685719058e-07,0.13878633081912994,-1.682426642446444e-09,0.003016402944922447,0.13889709353446972,2.582647116682738e-09,trajectory,STRAIGHT,2.9979658126831055,12.190868377685032,3.7556017105089268e-06
1178,116859.875,12.204204559326172,1.6996071963149006e-06,-0.6246095895767212,1.6671715477387834e-07,0.13878633081912994,2.2653721121201897e-09,0.003016402944922447,0.13889709353446966,1.888947643530352e-09,trajectory,STRAIGHT,2.9973480701446533,12.204204559325655,3.7556017105089268e-06
1179,116859.89,12.20545482635498,1.6996284557535546e-06,-0.6245824098587036,1.6671717430392047e-07,0.13878633081912994,2.5529667269097445e-09,0.003016402944922447,0.13889709353446966,1.884656518980262e-09,trajectory,STRAIGHT,2.9973480701446533,12.205454826354464,3.7556017105089268e-06
1180,116859.984,12.217540740966797,1.700038296803541e-06,-0.6243196725845337,1.6671716049225176e-07,0.13878633081912994,6.051844803067752e-09,0.003016402944922447,0.1388970935344696,1.5274076676704062e-09,trajectory,STRAIGHT,2.996732711791992,12.217540740966278,3.7556017105089268e-06
1181,116860.093,12.230043411254883,1.7007353108056122e-06,-0.6240478754043579,1.6663257291949396e-07,0.13878633081912994,8.081011415583816e-09,0.003016153583303094,0.13889709353446958,1.511125507857934e-09,trajectory,STRAIGHT,2.9961159229278564,12.23004341125436,3.7556017105089268e-06
1182,116860.203,12.244629859924316,1.7017621303239139e-06,-0.6237307786941528,1.6640947224106336e-07,0.13878633081912994,1.1136416233625823e-08,0.00301623553968966,0.13889709353446955,1.1190759450888754e-09,trajectory,STRAIGHT,2.9955008029937744,12.24462985992379,3.7556017105089268e-06
1183,116860.312,12.255882263183594,1.7027333569785696e-06,-0.6234861612319946,1.6609727979190951e-07,0.13878633081912994,1.0720592413804297e-08,0.003016391070559621,0.13889709353446955,1.1075111053028344e-09,trajectory,STRAIGHT,2.994885206222534,12.255882263183064,3.7556017105089268e-06
1184,116860.328,12.25921630859375,1.7029724403982982e-06,-0.6234136819839478,1.6585307431714076e-07,0.13878633081912994,9.251614585537027e-09,0.0030164134223014116,0.13889709353446958,1.2778515247942208e-09,trajectory,STRAIGHT,2.9942679405212402,12.25921630859322,3.7556017105089268e-06
1185,116860.437,12.270468711853027,1.703570774225227e-06,-0.6231690645217896,1.6502888083435734e-07,0.13878633081912994,5.95360605259998e-09,0.0030164315830916166,0.1388970935344696,1.5642948610500945e-09,trajectory,STRAIGHT,2.9942679405212402,12.270468711852496,3.7556017105089268e-06
1186,116860.531,12.282554626464844,1.7040373450072366e-06,-0.6229063272476196,1.6414363597312634e-07,0.13878633081912994,5.263668167998503e-09,0.0030164315830916166,0.13889709353446963,1.848914992475272e-09,trajectory,STRAIGHT,2.9942679405212402,12.282554626464309,3.7556017105089268e-06
1187,116860.562,12.287555694580078,1.7042357285390608e-06,-0.6227976083755493,1.6377732775185664e-07,0.13878633081912994,5.842319517057604e-09,0.0030164315830916166,0.13889709353446955,1.4497174159652577e-09,trajectory,STRAIGHT,2.99365234375,12.287555694579542,3.7556017105089268e-06
1188,116860.64,12.295890808105469,1.704641590549727e-06,-0.6226164102554321,1.63166814046057e-07,0.13878633081912994,7.930823997526204e-09,0.0030164315830916166,0.13889709353446952,1.43201982027192e-09,trajectory,STRAIGHT,2.99365234375,12.295890808104932,3.7556017105089268e-06
1189,116860.734,12.306309700012207,1.705394652162795e-06,-0.6223899126052856,1.624036719073211e-07,0.13878633081912994,1.2517390679533946e-08,0.0030164315830916166,0.13889709353446947,1.225818332559806e-09,trajectory,STRAIGHT,2.9930360317230225,12.306309700011667,3.7556017105089268e-06
1190,116860.875,12.32214641571045,1.7074102061087615e-06,-0.622045636177063,1.6124370356529533e-07,0.13878633081912994,2.365854356867203e-08,0.0030164315830916166,0.1388970935344693,6.73887821028784e-11,trajectory,STRAIGHT,2.9924204349517822,12.322146415709906,3.7556017105089268e-06
1191,116860.968,12.334232330322266,1.7097502222895855e-06,-0.6217828989028931,1.6035846509898986e-07,0.13878633081912994,3.022772787630856e-08,0.0030164148192852736,0.1388970935344692,-5.894430909594302e-10,trajectory,STRAIGHT,2.991805076599121,12.334232330321717,3.7556017105089268e-06
1192,116861.015,12.3392333984375,1.7109387044911273e-06,-0.6216741800308228,1.6000619811026528e-07,0.13878633081912994,3.6306374795458396e-08,0.0030164148192852736,0.1388970935344691,-1.0836731105135487e-09,trajectory,STRAIGHT,2.9911887645721436,12.33923339843695,3.7556017105089268e-06
1193,116861.093,12.34840202331543,1.7137537042799522e-06,-0.6214748620986938,1.5995457255847359e-07,0.13878633081912994,4.724824620438994e-08,0.0030164148192852736,0.1388970935344689,-2.1335801148740545e-09,trajectory,STRAIGHT,2.9911887645721436,12.348402023314875,3.7556017105089268e-06
1194,116861.203,12.361738204956055,1.7182854890052113e-06,-0.6211849451065063,1.6047102583619026e-07,0.13878633081912994,4.7821441029327616e-08,0.0030164148192852736,0.1388970935344689,-2.4640447772324095e-09,trajectory,STRAIGHT,2.990572214126587,12.361738204955495,3.7556017105089268e-06
1195,116861.328,12.376741409301758,1.7232886193596642e-06,-0.6208587884902954,1.6131636072964762e-07,0.13878633081912994,3.958422212235746e-08,0.0030164148192852736,0.138897093534469,-1.7184775976051495e-09,trajectory,STRAIGHT,2.9899556636810303,12.376741409301191,3.7556017105089268e-06
1196,116861.437,12.389660835266113,1.7256368209928041e-06,-0.6205779314041138,1.6204429490104173e-07,0.13878633081912994,6.9584507045306054e-09,0.0030164148192852736,0.1388970935344695,1.1442249398352239e-09,trajectory,STRAIGHT,2.9893405437469482,12.389660835265543,3.7556017105089268e-06
1197,116861.531,12.403413772583008,1.7235390714631649e-06,-0.6202789545059204,1.6281919282985624e-07,0.13878633081912994,-5.381988188446485e-08,0.0030164148192852736,0.13889709353447027,6.372305665200994e-09,trajectory,STRAIGHT,2.988724708557129,12.403413772582436,3.7556017105089268e-06
1198,116861.562,12.405080795288086,1.7228384194822866e-06,-0.620242714881897,1.629131198699259e-07,0.13878633081912994,-6.301225852212156e-08,0.0030164148192852736,0.13889709353447044,6.93762029475202e-09,trajectory,STRAIGHT,2.9881086349487305,12.405080795287514,3.7556017105089268e-06
1199,116861.656,12.417583465576172,1.7137978147729882e-06,-0.6199709177017212,1.63617368127513e-07,0.13878633081912994,-1.371661255689105e-07,0.0030164148192852736,0.1388970935344714,1.3916067306692474e-08,trajectory,STRAIGHT,2.9881086349487305,12.417583465575603,3.7556017105089268e-06
1200,116861.765,12.431336402893066,1.697170660008851e-06,-0.6196719408035278,1.6439185727238554e-07,0.13878633081912994,-1.9296744824259804e-07,0.0030164148192852736,0.13889709353447216,1.9073976927171593e-08,trajectory,STRAIGHT,2.9874918460845947,12.431336402892505,3.7556017105089268e-06
1201,116861.89,12.4459228515625,1.6754321450207499e-06,-0.6193548440933228,1.6533086072854236e-07,0.13878633081912994,-2.1541185901696736e-07,0.003016193863004446,0.13889709353447247,2.320235702677633e-08,trajectory,STRAIGHT,2.986875534057617,12.445922851561951,3.7556017105089268e-06
1202,116861.984,12.458425521850586,1.6557908111280994e-06,-0.619083046913147,1.6638766797797284e-07,0.13878633081912994,-2.1982252462748875e-07,0.0030162252951413393,0.1388970935344726,2.149967036437126e-08,trajectory,STRAIGHT,2.986259698867798,12.458425521850046,3.7556017105089268e-06
1203,116862.015,12.460092544555664,1.653152480685094e-06,-0.6190468072891235,1.6652857561573632e-07,0.13878633081912994,-2.1985238163324539e-07,0.0030162485782057047,0.1388970935344726,2.1781302553511542e-08,trajectory,STRAIGHT,2.9856436252593994,12.460092544555126,3.7556017105089268e-06
1204,116862.078,12.470094680786133,1.6373870721508865e-06,-0.6188293695449829,1.6737402146456247e-07,0.13878633081912994,-2.1727322518927394e-07,0.003016388276591897,0.1388970935344726,2.0899602165173464e-08,trajectory,STRAIGHT,2.9856436252593994,12.470094680785603,3.7556017105089268e-06
1205,116862.125,12.474262237548828,1.6309037391692982e-06,-0.6187387704849243,1.677262905794989e-07,0.13878633081912994,-2.1480299494669453e-07,0.003016425995156169,0.13889709353447258,2.13892545714925e-08,trajectory,STRAIGHT,2.985028028488159,12.474262237548302,3.7556017105089268e-06
1206,116862.187,12.483430862426758,1.616979261598317e-06,-0.6185394525527954,1.685012826556799e-07,0.13878633081912994,-2.0647883047786308e-07,0.003016425995156169,0.1388970935344725,2.2202465273190517e-08,trajectory,STRAIGHT,2.985028028488159,12.48343086242624,3.7556017105089268e-06
1207,116862.281,12.494683265686035,1.600847326699295e-06,-0.6182948350906372,1.6945240933843726e-07,0.13878633081912994,-1.9083236679762194e-07,0.003016425995156169,0.13889709353447233,1.8856759100992636e-08,trajectory,STRAIGHT,2.9844114780426025,12.494683265685524,3.7556017105089268e-06
1208,116862.328,12.49968433380127,1.5941333231239696e-06,-0.6181861162185669,1.6987513232405083e-07,0.13878633081912994,-1.8195743223259342e-07,0.003016425995156169,0.13889709353447222,1.8866017224265453e-08,trajectory,STRAIGHT,2.9844114780426025,12.499684333800761,3.7556017105089268e-06
1209,116862.39,12.50760269165039,1.584209940119763e-06,-0.6180139780044556,1.7033071548702107e-07,0.13878633081912994,-1.662509703237447e-07,0.003016425995156169,0.13889709353447202,1.627289756807446e-08,trajectory,STRAIGHT,2.9844114780426025,12.507602691649886,3.7556017105089268e-06
1210,116862.437,12.512603759765625,1.578382693878666e-06,-0.6179052591323853,1.7018986126595722e-07,0.13878633081912994,-1.5733911595816608e-07,0.0030164162162691355,0.1388970935344719,1.624019694926114e-08,trajectory,STRAIGHT,2.983795166015625,12.512603759765124,3.7556017105089268e-06
1211,116862.5,12.520105361938477,1.5703534472777392e-06,-0.6177421808242798,1.6996209796442227e-07,0.13878633081912994,-1.3975147794553777e-07,0.0030163980554789305,0.13889709353447166,1.5783562611091913e-08,trajectory,STRAIGHT,2.983795166015625,12.52010536193798,3.7556017105089268e-06
1212,116862.531,12.523856163024902,1.5666770423194976e-06,-0.617660641670227,1.6987056107689343e-07,0.13878633081912994,-1.3253564645765437e-07,0.0030163980554789305,0.13889709353447155,1.2929417920577063e-08,trajectory,STRAIGHT,2.983180046081543,12.523856163024407,3.7556017105089268e-06
1213,116862.625,12.53469181060791,1.5572144320685766e-06,-0.6174250841140747,1.697486332278266e-07,0.13878633081912994,-1.1150829237749349e-07,0.0030163980554789305,0.13889709353447127,1.2388217554683775e-08,trajectory,STRAIGHT,2.983180046081543,12.534691810607418,3.7556017105089268e-06
1214,116862.734,12.548444747924805,1.547240344734746e-06,-0.6171261072158813,1.6959389492872942e-07,0.13878633081912994,-9.129361444593087e-08,0.0030163980554789305,0.138897093534471,1.2015223550992616e-08,trajectory,STRAIGHT,2.982563018798828,12.548444747924316,3.7556017105089268e-06
1215,116862.843,12.56136417388916,1.539488039270509e-06,-0.6168452501296997,1.6962435504179266e-07,0.13878633081912994,-7.594475448513549e-08,0.0030163980554789305,0.1388970935344708,8.950233171904426e-09,trajectory,STRAIGHT,2.981947660446167,12.561364173888673,3.7556017105089268e-06
1216,116862.953,12.573866844177246,1.5332756220232113e-06,-0.6165734529495239,1.6969467212783613e-07,0.13878633081912994,-6.234913740854608e-08,0.0030163980554789305,0.1388970935344706,8.689829045096609e-09,trajectory,STRAIGHT,2.9813320636749268,12.573866844176761,3.7556017105089268e-06
1217,116863.062,12.58761978149414,1.5276514204742853e-06,-0.6162744760513306,1.69772039533297e-07,0.13878633081912994,-5.166303651549242e-08,0.0030163980554789305,0.13889709353447047,6.806175832772647e-09,trajectory,STRAIGHT,2.980715036392212,12.587619781493657,3.7556017105089268e-06
1218,116863.171,12.601789474487305,1.5229346672640531e-06,-0.6159664392471313,1.6985171539388123e-07,0.13878633081912994,-4.137859477282291e-08,0.0030163980554789305,0.13889709353447033,6.688797105812495e-09,trajectory,STRAIGHT,2.9800992012023926,12.601789474486822,3.7556017105089268e-06
1219,116863.281,12.613875389099121,1.5195644209597958e-06,-0.6157037019729614,1.6991969367574663e-07,0.13878633081912994,-3.6387561408446345e-08,0.0030163980554789305,0.13889709353447025,5.333197671311362e-09,trajectory,STRAIGHT,2.979482889175415,12.613875389098638,3.7556017105089268e-06
1220,116863.359,12.625544548034668,1.51671054027247e-06,-0.6154500246047974,1.6986577420704065e-07,0.13878633081912994,-3.194750419766024e-08,0.0030163980554789305,0.1388970935344702,5.466328352317628e-09,trajectory,STRAIGHT,2.978867530822754,12.625544548034183,3.7556017105089268e-06
1221,116863.406,12.630128860473633,1.5157071402427391e-06,-0.6153503656387329,1.698141990472502e-07,0.13878633081912994,-2.935082932253863e-08,0.0030163980554789305,0.13889709353447016,4.416843167796275e-09,trajectory,STRAIGHT,2.978252410888672,12.630128860473148,3.7556017105089268e-06
1222,116863.484,12.639297485351562,1.5139112292672507e-06,-0.615151047706604,1.6971104542525785e-07,0.13878633081912994,-2.436058466059876e-08,0.0030163980554789305,0.13889709353447008,4.361939152043903e-09,trajectory,STRAIGHT,2.978252410888672,12.639297485351078,3.7556017105089268e-06
1223,116863.578,12.651383399963379,1.512068138254108e-06,-0.6148883104324341,1.695750801943042e-07,0.13878633081912994,-1.81712440650017e-08,0.0030163980554789305,0.13889709353447,4.267947921386117e-09,trajectory,STRAIGHT,2.9776346683502197,12.651383399962892,3.7556017105089268e-06
1224,116863.609,12.655967712402344,1.5115250562303117e-06,-0.6147886514663696,1.6952348860302123e-07,0.13878633081912994,-1.4947106663498744e-08,0.0030164241325110197,0.13889709353446997,4.146493031162535e-09,trajectory,STRAIGHT,2.9776346683502197,12.655967712401857,3.7556017105089268e-06
1225,116863.687,12.664719581604004,1.5107127637747908e-06,-0.6145983934402466,1.6934508045182014e-07,0.13878633081912994,-1.002470018107715e-08,0.003016466973349452,0.13889709353446988,3.066577700605749e-09,trajectory,STRAIGHT,2.9776346683502197,12.664719581603515,3.7556017105089268e-06
1226,116863.796,12.675971984863281,1.5100905557119404e-06,-0.6143537759780884,1.692817754049182e-07,0.13878633081912994,-4.669274300539428e-09,0.003016466973349452,0.13889709353446983,2.8963903264932503e-09,trajectory,STRAIGHT,2.977019786834717,12.675971984862791,3.7556017105089268e-06
1227,116863.921,12.691808700561523,1.5098639778443612e-06,-0.6140094995498657,1.691996939288292e-07,0.13878633081912994,5.807681557890021e-10,0.003016466973349452,0.13889709353446975,2.130969602489859e-09,trajectory,STRAIGHT,2.976402997970581,12.69180870056103,3.7556017105089268e-06
1228,116864.031,12.70389461517334,1.5100825976332999e-06,-0.6137467622756958,1.691997101483036e-07,0.13878633081912994,2.939560816983544e-09,0.003016466973349452,0.13889709353446972,1.8260734144910638e-09,trajectory,STRAIGHT,2.975787878036499,12.703894615172842,3.7556017105089268e-06
1229,116864.046,12.707228660583496,1.5101734334166395e-06,-0.6136742830276489,1.6919971016774875e-07,0.13878633081912994,4.708230250116685e-09,0.003016466973349452,0.1388970935344697,1.7319082315097964e-09,trajectory,STRAIGHT,2.975787878036499,12.707228660582999,3.7556017105089268e-06
1230,116864.14,12.718064308166504,1.5105797501746565e-06,-0.6134387254714966,1.6919969793320597e-07,0.13878633081912994,6.06325212260117e-09,0.003016466973349452,0.13889709353446966,1.5362566277884356e-09,trajectory,STRAIGHT,2.975170612335205,12.718064308166003,3.7556017105089268e-06
1231,116864.25,12.731817245483398,1.511320760982926e-06,-0.6131397485733032,1.691997172267111e-07,0.13878633081912994,8.895464809199893e-09,0.003016466973349452,0.13889709353446963,1.4682761483083452e-09,trajectory,STRAIGHT,2.9745540618896484,12.731817245482894,3.7556017105089268e-06
1232,116864.375,12.745986938476562,1.5123005141504109e-06,-0.612831711769104,1.691997587897119e-07,0.13878633081912994,1.1123684195979422e-08,0.003016466973349452,0.1388970935344696,1.1304857507623542e-09,trajectory,STRAIGHT,2.9739394187927246,12.745986938476054,3.7556017105089268e-06
1233,116864.484,12.759739875793457,1.5134050954657141e-06,-0.6125327348709106,1.6919977498461863e-07,0.13878633081912994,1.2289667061793352e-08,0.003016466973349452,0.1388970935344696,1.1594469631740792e-09,trajectory,STRAIGHT,2.9733223915100098,12.759739875792945,3.7556017105089268e-06
1234,116864.609,12.773909568786621,1.5146885061767534e-06,-0.6122246980667114,1.6919977504936893e-07,0.13878633081912994,1.3136322252194077e-08,0.003016466973349452,0.13889709353446958,9.391133053036e-10,trajectory,STRAIGHT,2.9727072715759277,12.773909568786106,3.7556017105089268e-06
1235,116864.718,12.786412239074707,1.515944063612551e-06,-0.6119529008865356,1.6919977510646806e-07,0.13878633081912994,1.4433569894833909e-08,0.003016466973349452,0.13889709353446955,9.213226454150696e-10,trajectory,STRAIGHT,2.972090482711792,12.786412239074188,3.7556017105089268e-06
1236,116864.812,12.800165176391602,1.5174557574937353e-06,-0.6116539239883423,1.6919975905416122e-07,0.13878633081912994,1.54243284811173e-08,0.003016466973349452,0.13889709353446955,7.261944054219745e-10,trajectory,STRAIGHT,2.971475124359131,12.800165176391078,3.7556017105089268e-06
1237,116864.828,12.800581932067871,1.5175019143498503e-06,-0.6116448640823364,1.6919975214978577e-07,0.13878633081912994,1.5371998784985408e-08,0.003016466973349452,0.13889709353446955,7.328171954975764e-10,trajectory,STRAIGHT,2.971475124359131,12.800581932067347,3.7556017105089268e-06
1238,116864.921,12.813501358032227,1.519020770501811e-06,-0.6113640069961548,1.6919973150046265e-07,0.13878633081912994,1.6154318771555154e-08,0.003016466973349452,0.13889709353446955,6.529760812852359e-10,trajectory,STRAIGHT,2.9708588123321533,12.813501358031699,3.7556017105089268e-06
1239,116865.031,12.826837539672852,1.5206692296487745e-06,-0.6110740900039673,1.6919971316487716e-07,0.13878633081912994,1.7364065740821388e-08,0.003016466973349452,0.13889709353446952,6.169998261701774e-10,trajectory,STRAIGHT,2.9702420234680176,12.826837539672319,3.7556017105089268e-06
1240,116865.171,12.841423988342285,1.5225756442305283e-06,-0.6107569932937622,1.6919973855235485e-07,0.13878633081912994,1.917910097404274e-08,0.003016466973349452,0.1388970935344695,4.004391264199217e-10,trajectory,STRAIGHT,2.9696264266967773,12.841423988341749,3.7556017105089268e-06
1241,116865.281,12.856843948364258,1.5246640714394744e-06,-0.6104217767715454,1.6919978232640357e-07,0.13878633081912994,1.932875903776221e-08,0.003016466973349452,0.1388970935344695,3.843669237576929e-10,trajectory,STRAIGHT,2.9690101146698,12.856843948363716,3.7556017105089268e-06
1242,116865.406,12.871013641357422,1.5266066384356236e-06,-0.6101137399673462,1.6919978238897887e-07,0.13878633081912994,1.902132851228089e-08,0.0030164597555994987,0.1388970935344695,4.02397268094201e-10,trajectory,STRAIGHT,2.9683947563171387,12.871013641356875,3.7556017105089268e-06
1243,116865.531,12.885183334350586,1.52850543599925e-06,-0.609805703163147,1.6950958229945784e-07,0.13878633081912994,1.9031524800539046e-08,0.0030162278562784195,0.1388970935344695,3.788571798866474e-10,trajectory,STRAIGHT,2.9677786827087402,12.885183334350033,3.7556017105089268e-06
1244,116865.656,12.89935302734375,1.5306588920793729e-06,-0.6094976663589478,1.6989474895918028e-07,0.13878633081912994,2.2295854051890274e-08,0.003016334492713213,0.13889709353446947,8.953055193299843e-11,trajectory,STRAIGHT,2.9671621322631836,12.899353027343192,3.7556017105089268e-06
1245,116865.765,12.913522720336914,1.53285554915783e-06,-0.6091896295547485,1.7122852066271996e-07,0.13878633081912994,2.009404198588527e-08,0.003016334492713213,0.1388970935344695,1.8319356902522555e-10,trajectory,STRAIGHT,2.9665467739105225,12.913522720336351,3.7556017105089268e-06
1246,116865.796,12.914356231689453,1.5329753750847885e-06,-0.6091715097427368,1.713083587848982e-07,0.13878633081912994,1.983737085708981e-08,0.003016334492713213,0.1388970935344695,1.9903916396935565e-10,trajectory,STRAIGHT,2.9665467739105225,12.91435623168889,3.7556017105089268e-06
1247,116865.89,12.927692413330078,1.5346195141319185e-06,-0.6088815927505493,1.7258576877649184e-07,0.13878633081912994,1.3809205334780472e-08,0.003016334492713213,0.13889709353446958,7.494758334512827e-10,trajectory,STRAIGHT,2.965930700302124,12.92769241332951,3.7556017105089268e-06
1248,116865.984,12.939778327941895,1.5354685274360236e-06,-0.6086188554763794,1.7374342164109535e-07,0.13878633081912994,5.222107191116265e-09,0.003016334492713213,0.1388970935344697,1.4601590622686253e-09,trajectory,STRAIGHT,2.9653143882751465,12.939778327941323,3.7556017105089268e-06
1249,116866.015,12.942695617675781,1.535552087261749e-06,-0.6085554361343384,1.7402285509968807e-07,0.13878633081912994,2.7043254302583364e-09,0.003016334492713213,0.13889709353446972,1.6798626855519858e-09,trajectory,STRAIGHT,2.9646966457366943,12.94269561767521,3.7556017105089268e-06
1250,116866.125,12.955615043640137,1.535214778414229e-06,-0.6082745790481567,1.7526034617048196e-07,0.13878633081912994,-1.0526211902117666e-08,0.003016334492713213,0.13889709353446897,2.939233459605384e-09,trajectory,STRAIGHT,2.9646966457366943,12.955615043639561,3.7556017105089268e-06
1251,116866.203,12.966450691223145,1.533874410597491e-06,-0.6080390214920044,1.762982419574456e-07,0.13878633081912994,-2.4240032203692863e-08,0.003016334492713213,0.1388970935344701,4.117903231699251e-09,trajectory,STRAIGHT,2.9640815258026123,12.966450691222565,3.7556017105089268e-06
1252,116866.265,12.971451759338379,1.532874762233405e-06,-0.6079303026199341,1.767772707976081e-07,0.13878633081912994,-3.137479609449656e-08,0.003016334492713213,0.13889709353447022,4.834991483780335e-09,trajectory,STRAIGHT,2.963466167449951,12.9714517593378,3.7556017105089268e-06
1253,116866.328,12.981037139892578,1.5301997109418153e-06,-0.6077219247817993,1.776954094351237e-07,0.13878633081912994,-4.647140272595607e-08,0.003016334492713213,0.13889709353447044,6.036666806013111e-09,trajectory,STRAIGHT,2.963466167449951,12.981037139891999,3.7556017105089268e-06
1254,116866.453,12.995623588562012,1.5239671711242408e-06,-0.6074048280715942,1.7893757354363146e-07,0.13878633081912994,-7.257747824951366e-08,0.003016334492713213,0.13889709353447083,8.90017908543774e-09,trajectory,STRAIGHT,2.9628496170043945,12.995623588561433,3.7556017105089268e-06
1255,116866.562,13.008959770202637,1.5163374200710678e-06,-0.6071149110794067,1.7931302174766662e-07,0.13878633081912994,-8.215883440243488e-08,0.003016334492713213,0.13888875577882018,9.52759588881335e-09,trajectory,STRAIGHT,2.9622340202331543,13.00895977020206,3.7556017105089268e-06
1256,116866.671,13.022295951843262,1.5088706959431875e-06,-0.6068249940872192,1.795407078137304e-07,0.13878630101680756,-7.230703857885601e-08,0.003016314934939146,0.13884569548999268,9.7026060457731e-09,trajectory,STRAIGHT,2.9616167545318604,13.022295951842686,3.7556017105089268e-06
1257,116866.781,13.034798622131348,1.502804821029713e-06,-0.6065531969070435,1.8050110718852494e-07,0.13878533244132996,-6.328144053213691e-08,0.003016312140971422,0.13877248912344906,7.795805498862607e-09,trajectory,STRAIGHT,2.96100115776062,13.034798622130772,3.7556017105089268e-06
1258,116866.89,13.048551559448242,1.4968270534154726e-06,-0.6062542200088501,1.827835527687948e-07,0.1387811005115509,-5.818650805622383e-08,0.003016312140971422,0.13865592357807582,8.030270321392102e-09,trajectory,STRAIGHT,2.96100115776062,13.048551559447668,3.7556017105089268e-06
1259,116867.0,13.061054229736328,1.4918640545147355e-06,-0.6059824228286743,1.859888066070901e-07,0.13877198100090027,-5.1073918427846365e-08,0.003016314934939146,0.1385178245852995,6.5410624875846416e-09,trajectory,STRAIGHT,2.960388660430908,13.061054229735754,3.7556017105089268e-06
1260,116867.093,13.073970794677734,1.4874980251988745e-06,-0.6057015657424927,1.8908379543696767e-07,0.13875436782836914,-4.291310418125249e-08,0.0030163107439875603,0.1383436946176644,6.29018155033533e-09,trajectory,STRAIGHT,2.9597911834716797,13.07397079467716,3.7556017105089268e-06
1261,116867.218,13.088523864746094,1.4835566162219038e-06,-0.6053844690322876,1.932965431835531e-07,0.1387210637331009,-3.16841841652149e-08,0.0030161875765770674,0.13811002620687274,4.905907369997526e-09,trajectory,STRAIGHT,2.959211587905884,13.088523864745518,3.7556017105089268e-06
1262,116867.328,13.100997924804688,1.4812245581197203e-06,-0.6051126718521118,1.966334994440484e-07,0.13867974281311035,-1.978183306050596e-08,0.0030160825699567795,0.13787870851334322,3.8799675303754264e-09,trajectory,STRAIGHT,2.958563804626465,13.10099792480411,3.7556017105089268e-06
1263,116867.359,13.104740142822266,1.4807437764829956e-06,-0.6050311326980591,1.9751881169150996e-07,0.1386646032333374,-1.5817708032273003e-08,0.0030161284375935793,0.1378038267267031,3.6070140284253313e-09,trajectory,STRAIGHT,2.9578802585601807,13.104740142821687,3.7556017105089268e-06
1264,116867.437,13.113471984863281,1.4799887821936863e-06,-0.604840874671936,1.988527597671987e-07,0.13862337172031403,-8.509456250749281e-09,0.0030162367038428783,0.1376194252178469,2.9738562107958034e-09,trajectory,STRAIGHT,2.9578802585601807,13.1134719848627,3.7556017105089268e-06
1265,116867.546,13.126361846923828,1.4796891036894522e-06,-0.6045600175857544,2.0080669085893762e-07,0.1385452151298523,2.253684350250751e-09,0.0030162751208990812,0.13732286290896958,2.2303460467633017e-09,trajectory,STRAIGHT,2.957188844680786,13.126361846923244,3.7556017105089268e-06
1266,116867.625,13.138835906982422,1.4804004422330763e-06,-0.6042882204055786,2.0330072832985503e-07,0.13845239579677582,1.373146485406096e-08,0.0030162499751895666,0.1370083925673874,1.071363627980824e-09,trajectory,STRAIGHT,2.956472396850586,13.138835906981832,3.7556017105089268e-06
1267,116867.734,13.142158508300781,1.4807686739004566e-06,-0.6042157411575317,2.0407568035702472e-07,0.13842464983463287,1.6963273452574867e-08,0.0030162499751895666,0.13692013631753194,7.789699852861755e-10,trajectory,STRAIGHT,2.955753803253174,13.142158508300191,3.7556017105089268e-06
1268,116867.859,13.1649751663208,1.4846368685539346e-06,-0.6037174463272095,2.069288428542597e-07,0.13819792866706848,2.5275534554225487e-08,0.003016191069036722,0.13626392165224252,6.446694884242423e-11,trajectory,STRAIGHT,2.9550318717956543,13.1649751663202,3.7556017105089268e-06
1269,116867.953,13.176166534423828,1.4866365063426201e-06,-0.6034728288650513,2.0782366681781142e-07,0.13807104527950287,2.4381424879038605e-08,0.003016121219843626,0.1359099427353936,2.8186369500208513e-10,trajectory,STRAIGHT,2.9542970657348633,13.176166534423222,3.7556017105089268e-06
1270,116867.984,13.181133270263672,1.487515760345559e-06,-0.603364109992981,2.0800689882377405e-07,0.13800764083862305,2.4529747122414847e-08,0.003016088390722871,0.13574647619157804,2.682005745724515e-10,trajectory,STRAIGHT,2.9542970657348633,13.181133270263064,3.7556017105089268e-06
1271,116868.062,13.190238952636719,1.489166038481926e-06,-0.603164792060852,2.0857745645833108e-07,0.13787876069545746,2.5673553949445704e-08,0.003015976632013917,0.13543682305077726,2.0917194981063436e-10,trajectory,STRAIGHT,2.9542970657348633,13.190238952636106,3.7556017105089268e-06
1272,116868.171,13.202638626098633,1.4916132613507216e-06,-0.6028929948806763,2.0879813584380835e-07,0.13767865300178528,2.905204077308099e-08,0.0030159021262079477,0.13499451052556477,-6.240064203012207e-11,trajectory,STRAIGHT,2.953630208969116,13.202638626098015,3.7556017105089268e-06
1273,116868.281,13.21584701538086,1.494667344559275e-06,-0.6026030778884888,2.079715857934144e-07,0.13743992149829865,3.497006417774173e-08,0.003015778958797455,0.1344971061585518,-4.44089840752886e-10,trajectory,STRAIGHT,2.9528496265411377,13.215847015380234,3.7556017105089268e-06
1274,116868.39,13.228618621826172,1.4982748552938574e-06,-0.6023222208023071,2.065369496811773e-07,0.1371854543685913,4.2981636028116554e-08,0.0030156492721289396,0.13399070332314753,-1.0363408807707832e-09,trajectory,STRAIGHT,2.9520509243011475,13.228618621825538,3.7556017105089268e-06
1275,116868.5,13.240951538085938,1.5025693755887914e-06,-0.6020504236221313,2.0463040013088284e-07,0.13691596686840057,5.261476232476525e-08,0.0030155032873153687,0.13347846272023034,-1.8759763289778963e-09,trajectory,STRAIGHT,2.9512858390808105,13.240951538085296,3.7556017105089268e-06
1276,116868.578,13.252440452575684,1.5073549093358452e-06,-0.6017967462539673,2.0238094022654406e-07,0.13664446771144867,6.117384288018002e-08,0.00301540270447731,0.1329810177234149,-2.5740339325458795e-09,trajectory,STRAIGHT,2.9505422115325928,13.252440452575033,3.7556017105089268e-06
1277,116868.625,13.255721092224121,1.5088505733729107e-06,-0.6017242670059204,2.0176335991694904e-07,0.1365630328655243,6.34480059602538e-08,0.003015365684404969,0.1328354501267967,-2.763383429323155e-09,trajectory,STRAIGHT,2.949779510498047,13.25572109222347,3.7556017105089268e-06
1278,116868.734,13.268406867980957,1.515136659691052e-06,-0.6014434099197388,1.9950478891151882e-07,0.13622719049453735,7.15406756057746e-08,0.003015168011188507,0.1322583590326156,-3.537972293907928e-09,trajectory,STRAIGHT,2.949779510498047,13.268406867980294,3.7556017105089268e-06
1279,116868.843,13.282280921936035,1.5228310985548887e-06,-0.6011353731155396,1.969551046383535e-07,0.13583409786224365,7.910335142469194e-08,0.0030150283128023148,0.13160078110562978,-4.189436864196364e-09,trajectory,STRAIGHT,2.9490349292755127,13.28228092193536,3.7556017105089268e-06
1280,116868.937,13.294082641601562,1.5299540336854989e-06,-0.6008726358413696,1.94734080001018e-07,0.13547733426094055,8.446822619134764e-08,0.003014827612787485,0.13102014509053608,-4.8501728942919915e-09,trajectory,STRAIGHT,2.9482507705688477,13.294082641600877,3.7556017105089268e-06
1281,116868.968,13.296926498413086,1.5317400539061055e-06,-0.6008092164993286,1.9417527761540316e-07,0.13538792729377747,8.561339370771748e-08,0.0030147649813443422,0.1308773689774207,-4.52667109787871e-09,trajectory,STRAIGHT,2.9475200176239014,13.296926498412397,3.7556017105089268e-06
1282,116869.046,13.307474136352539,1.5385693359348807e-06,-0.6005736589431763,1.9190493996790295e-07,0.1350395828485489,8.935587203495743e-08,0.0030143477488309145,0.1303386140570532,-5.053466194851296e-09,trajectory,STRAIGHT,2.9475200176239014,13.30747413635184,3.7556017105089268e-06
1283,116869.14,13.319207191467285,1.5464912621609983e-06,-0.6003109216690063,1.8935976227354286e-07,0.13462930917739868,9.258205579953938e-08,0.003014086512848735,0.12972184863617456,-5.597374891387027e-09,trajectory,STRAIGHT,2.94677472114563,13.319207191466575,3.7556017105089268e-06
1284,116869.265,13.332911491394043,1.556074835207255e-06,-0.6000028848648071,1.8610074911911342e-07,0.13412605226039886,9.509257381523639e-08,0.0030139738228172064,0.1289780924857376,-5.5454474552958515e-09,trajectory,STRAIGHT,2.945986747741699,13.332911491393316,3.7556017105089268e-06
1285,116869.359,13.342957496643066,1.5632480199201382e-06,-0.5997763872146606,1.8361180208686367e-07,0.133743017911911,9.606323914113091e-08,0.003013862995430827,0.1284169736752236,-5.886425664008876e-09,trajectory,STRAIGHT,2.9452528953552246,13.34295749664233,3.7556017105089268e-06
1286,116869.375,13.346166610717773,1.5655555216653738e-06,-0.5997039079666138,1.8275710587914038e-07,0.13361701369285583,9.621698637829468e-08,0.0030138378497213125,0.12823501248848712,-5.366896406835296e-09,trajectory,STRAIGHT,2.9452528953552246,13.346166610717033,3.7556017105089268e-06
1287,116869.484,13.356971740722656,1.5733531881778617e-06,-0.5994592905044556,1.7989945212117626e-07,0.1331794410943985,9.617447460641415e-08,0.00301362038590014,0.1276128117269439,-5.645371285802504e-09,trajectory,STRAIGHT,2.9452528953552246,13.356971740721903,3.7556017105089268e-06
1288,116869.578,13.368937492370605,1.5819696272956207e-06,-0.5991874933242798,1.7709586901300872e-07,0.13267476856708527,9.511205689705093e-08,0.003013456938788295,0.12690655341827697,-5.552627006172147e-09,trajectory,STRAIGHT,2.9445412158966064,13.368937492369838,3.7556017105089268e-06
1289,116869.609,13.373311996459961,1.5850978343223687e-06,-0.5990878343582153,1.7603690401454914e-07,0.13248592615127563,9.445497539672942e-08,0.003013419918715954,0.1266438287032737,-5.624581349392147e-09,trajectory,STRAIGHT,2.9445412158966064,13.373311996459188,3.7556017105089268e-06
1290,116869.796,13.39272403717041,1.5986745438567596e-06,-0.5986438989639282,1.7191601637269277e-07,0.13161055743694305,8.978243926094365e-08,0.003013219451531768,0.1254499169463386,-5.382758177059866e-09,trajectory,STRAIGHT,2.9430553913116455,13.392724037169614,3.7556017105089268e-06
1291,116869.89,13.404152870178223,1.6063142993516522e-06,-0.5983811616897583,1.6933065434402011e-07,0.13108418881893158,8.567728571051703e-08,0.0030130301602184772,0.12472470247312338,-4.8189859096009634e-09,trajectory,STRAIGHT,2.942314624786377,13.404152870177414,3.7556017105089268e-06
1292,116869.921,13.408474922180176,1.6091121324279811e-06,-0.5982815027236938,1.6827162716482926e-07,0.13087888062000275,8.385888605744185e-08,0.0030129728838801384,0.12444651177476432,-4.781592872497408e-09,trajectory,STRAIGHT,2.941603899002075,13.408474922179362,3.7556017105089268e-06
1293,116870.0,13.4163179397583,1.6140362504302175e-06,-0.5981003046035767,1.6622389140844847e-07,0.13049554824829102,8.018420061262077e-08,0.0030126417987048626,0.12393638605368595,-4.2952127955617704e-09,trajectory,STRAIGHT,2.941603899002075,13.416317939757478,3.7556017105089268e-06
1294,116870.109,13.429593086242676,1.6218526752709295e-06,-0.5977922677993774,1.6275319776850484e-07,0.1298145204782486,7.28462268284602e-08,0.003012369154021144,0.12305759493546961,-3.98042518781686e-09,trajectory,STRAIGHT,2.9409077167510986,13.429593086241837,3.7556017105089268e-06
1295,116870.218,13.44163703918457,1.6282695014524506e-06,-0.5975114107131958,1.5973575663051696e-07,0.12917518615722656,6.496076565554176e-08,0.0030121607705950737,0.12224295064210276,-3.2329214760000937e-09,trajectory,STRAIGHT,2.9401302337646484,13.44163703918372,3.7556017105089268e-06
1296,116870.328,13.4547758102417,1.6343992683687247e-06,-0.5972033739089966,1.5688728463952456e-07,0.12845198810100555,5.500141497805089e-08,0.0030119232833385468,0.12133597711751125,-2.658078943536496e-09,trajectory,STRAIGHT,2.9393999576568604,13.454775810240834,3.7556017105089268e-06
1297,116870.437,13.465924263000488,1.6387753021263052e-06,-0.5969406366348267,1.5444033558768935e-07,0.12781985104084015,4.542356890624433e-08,0.003011666238307953,0.1205515552852972,-1.7899522366056946e-09,trajectory,STRAIGHT,2.938688278198242,13.465924262999613,3.7556017105089268e-06
1298,116870.515,13.4762544631958,1.6420631254732143e-06,-0.5966960191726685,1.5236910615407905e-07,0.12721863389015198,3.5609993176421995e-08,0.003011483233422041,0.11981279987501557,-1.101418084278154e-09,trajectory,STRAIGHT,2.9379725456237793,13.476254463194916,3.7556017105089268e-06
1299,116870.546,13.4793062210083,1.6428811022706213e-06,-0.5966235399246216,1.5177507635383142e-07,0.12703782320022583,3.253624214494266e-08,0.003011469030752778,0.11959241854198623,-8.864278289071213e-10,trajectory,STRAIGHT,2.9379725456237793,13.479306221007413,3.7556017105089268e-06
1300,116870.64,13.488812446594238,1.6449473605462117e-06,-0.5963970422744751,1.5001828413079442e-07,0.12646296620368958,2.2441332347966636e-08,0.0030111169908195734,0.11889991865097113,-1.2113680329907548e-10,trajectory,STRAIGHT,2.9379725456237793,13.488812446593343,3.7556017105089268e-06
1301,116870.75,13.500540733337402,1.6464132386317942e-06,-0.5961161851882935,1.4809021391863182e-07,0.12573392689228058,8.89446916119141e-09,0.0030109488870948553,0.11803287970452582,9.535773036822295e-10,trajectory,STRAIGHT,2.937269926071167,13.500540733336498,3.7556017105089268e-06
1302,116870.843,13.511823654174805,1.6465829730805126e-06,-0.5958443880081177,1.4635231408225536e-07,0.12501715123653412,-5.299383154522275e-09,0.0030105372425168753,0.11718545713801343,1.8495556103799156e-09,trajectory,STRAIGHT,2.936544895172119,13.511823654173893,3.7556017105089268e-06
1303,116870.968,13.524906158447266,1.6450993598482455e-06,-0.5955272912979126,1.443749070032266e-07,0.12416638433933258,-2.3206485622040418e-08,0.003010359825566411,0.11618693363797383,3.4386022085827896e-09,trajectory,STRAIGHT,2.935814619064331,13.524906158446349,3.7556017105089268e-06
1304,116871.078,13.536046981811523,1.6422761746071046e-06,-0.5952554941177368,1.424350881457429e-07,0.12342934310436249,-3.970979989276202e-08,0.0030102769378572702,0.115323133637273,4.294586639455617e-09,trajectory,STRAIGHT,2.935110330581665,13.536046981810602,3.7556017105089268e-06
1305,116871.187,13.547490119934082,1.6377468909922754e-06,-0.5949746370315552,1.406172836744673e-07,0.12265254557132721,-5.7883735138375414e-08,0.003010053187608719,0.11442378061246888,6.071879611585798e-09,trajectory,STRAIGHT,2.9344229698181152,13.547490119933158,3.7556017105089268e-06
1306,116871.281,13.558130264282227,1.631933741919056e-06,-0.5947127938270569,1.3921277171102162e-07,0.12191305309534073,-7.591599171519192e-08,0.0030098422430455685,0.11357670560389942,6.722362943637241e-09,trajectory,STRAIGHT,2.933765172958374,13.558130264281303,3.7556017105089268e-06
1307,116871.312,13.561417579650879,1.6298055243169074e-06,-0.5946317911148071,1.38898183180928e-07,0.12168137729167938,-8.171476650886689e-08,0.0030099055729806423,0.11331291283775834,7.31002358581287e-09,trajectory,STRAIGHT,2.933765172958374,13.561417579649955,3.7556017105089268e-06
1308,116871.39,13.570520401000977,1.623058437871805e-06,-0.59440678358078,1.381415533827065e-07,0.1210305392742157,-9.832614722427024e-08,0.003009538631886244,0.11257748146182218,8.087041273426867e-09,trajectory,STRAIGHT,2.9330615997314453,13.570520401000055,3.7556017105089268e-06
1309,116871.484,13.580296516418457,1.6143441143867676e-06,-0.5941637754440308,1.3733814955773834e-07,0.12031202763319016,-1.1661575172183802e-07,0.0030092827510088682,0.11177991462355175,1.0043315178586938e-08,trajectory,STRAIGHT,2.932382583618164,13.580296516417539,3.7556017105089268e-06
1310,116871.515,13.582819938659668,1.611851985217072e-06,-0.5941007733345032,1.37197307571466e-07,0.12012449651956558,-1.2066617216532904e-07,0.003009338630363345,0.11157268556815686,1.0514985837601127e-08,trajectory,STRAIGHT,2.9316811561584473,13.582819938658751,3.7556017105089268e-06
1311,116871.609,13.592880249023438,1.6011765637813369e-06,-0.5938487648963928,1.3664306940340553e-07,0.11936783790588379,-1.3227040085439512e-07,0.003009121399372816,0.11074108372195374,1.0600749415972262e-08,trajectory,STRAIGHT,2.9316811561584473,13.592880249022526,3.7556017105089268e-06
1312,116871.703,13.601806640625,1.591063778505486e-06,-0.5936237573623657,1.3634970417743057e-07,0.11868784576654434,-1.364147266258442e-07,0.0030090699438005686,0.10999584048600358,1.0466965651330186e-08,trajectory,STRAIGHT,2.9310004711151123,13.601806640624094,3.7556017105089268e-06
1313,116871.734,13.606428146362305,1.5857415291975485e-06,-0.5935067534446716,1.3620654730305086e-07,0.11833249032497406,-1.3625202655020985e-07,0.0030090385116636753,0.10960733080253073,1.0888917753803484e-08,trajectory,STRAIGHT,2.9310004711151123,13.606428146361402,3.7556017105089268e-06
1314,116871.812,13.613512992858887,1.5776477084727958e-06,-0.59332674741745,1.3606583717945e-07,0.11777999997138977,-1.3290559763845522e-07,0.003008793806657195,0.10900846105197186,9.952188155775883e-09,trajectory,STRAIGHT,2.9310004711151123,13.61351299285799,3.7556017105089268e-06
1315,116871.921,13.625478744506836,1.5647277677999227e-06,-0.5930207371711731,1.3582845143587845e-07,0.11683031916618347,-1.1860383608564007e-07,0.003008852945640683,0.1079878755219803,1.0100440451743225e-08,trajectory,STRAIGHT,2.9303290843963623,13.625478744505946,3.7556017105089268e-06
1316,116872.031,13.635258674621582,1.5554270476059173e-06,-0.5927687287330627,1.3613841716175852e-07,0.11604933440685272,-1.0340254164020735e-07,0.0030087954364717007,0.10714472660151496,8.046985783741169e-09,trajectory,STRAIGHT,2.929675340652466,13.635258674620696,3.7556017105089268e-06
1317,116872.125,13.644282341003418,1.547805936752411e-06,-0.5925347208976746,1.3652585287805943e-07,0.11531921476125717,-9.254001298586445e-08,0.0030086813494563103,0.10636011204316365,7.964769728115429e-09,trajectory,STRAIGHT,2.9289777278900146,13.644282341002535,3.7556017105089268e-06
1318,116872.218,13.648427963256836,1.5445474446096341e-06,-0.5924267172813416,1.3672301807014188e-07,0.1149807870388031,-8.859950639816816e-08,0.0030086738988757133,0.1059975368416031,6.5558271714072155e-09,trajectory,STRAIGHT,2.9283699989318848,13.648427963255953,3.7556017105089268e-06
1319,116872.328,13.666250228881836,1.5316127246478572e-06,-0.5919587016105652,1.3709378760037528e-07,0.11351123452186584,-7.935367563050022e-08,0.0030090496875345707,0.10442363601595761,7.0077529884611676e-09,trajectory,STRAIGHT,2.9276962280273438,13.666250228880957,3.7556017105089268e-06
1320,116872.437,13.677780151367188,1.5236162198561942e-06,-0.5916526913642883,1.3705391737949992e-07,0.11255548894405365,-7.61316769626319e-08,0.003008649218827486,0.10339221634740618,6.076344645064379e-09,trajectory,STRAIGHT,2.927067995071411,13.67778015136631,3.7556017105089268e-06
1321,116872.546,13.686531066894531,1.517994519417698e-06,-0.5914186835289001,1.369579776438534e-07,0.11181033402681351,-6.799181306860191e-08,0.003008342580869794,0.10260369077757552,5.350780963978778e-09,trajectory,STRAIGHT,2.9265589714050293,13.686531066893654,3.7556017105089268e-06
1322,116872.64,13.68921184539795,1.5163853959165863e-06,-0.5913466811180115,1.3688990407372368e-07,0.11157913506031036,-6.618176939809928e-08,0.0030084026511758566,0.10236113790488757,5.378364456723705e-09,trajectory,STRAIGHT,2.9258511066436768,13.689211845397072,3.7556017105089268e-06
1323,116872.765,13.707823753356934,1.5058122926348005e-06,-0.5908426642417908,1.3666235852660627e-07,0.10996374487876892,-6.103034166926591e-08,0.003008587285876274,0.10066307263316687,5.28903668507914e-09,trajectory,STRAIGHT,2.9258511066436768,13.707823753356056,3.7556017105089268e-06
1324,116872.843,13.715389251708984,1.5016058796391007e-06,-0.5906356573104858,1.366976135207294e-07,0.10931690037250519,-6.110414574322931e-08,0.0030084687750786543,0.09996513186358712,4.673851129774461e-09,trajectory,STRAIGHT,2.925161123275757,13.715389251708107,3.7556017105089268e-06
1325,116872.89,13.72029972076416,1.4988416978667374e-06,-0.5905006527900696,1.3675398207163558e-07,0.10888690501451492,-6.18250979300683e-08,0.003008154220879078,0.0995105564105761,4.927158861672814e-09,trajectory,STRAIGHT,2.9245455265045166,13.720299720763283,3.7556017105089268e-06
1326,116872.968,13.726489067077637,1.4952739775253576e-06,-0.590329647064209,1.3687141261933955e-07,0.10833247750997543,-6.350092007778585e-08,0.003007851541042328,0.09893592278291871,4.687339017963139e-09,trajectory,STRAIGHT,2.9245455265045166,13.72648906707676,3.7556017105089268e-06
1327,116873.093,13.737488746643066,1.488558837081655e-06,-0.5900236368179321,1.3698647421008691e-07,0.1073230430483818,-6.862565982146407e-08,0.0030077695846557617,0.09790963069321837,5.474290145683169e-09,trajectory,STRAIGHT,2.924093723297119,13.737488746642189,3.7556017105089268e-06
1328,116873.203,13.746468544006348,1.4825438938714797e-06,-0.5897716283798218,1.3694894430826962e-07,0.10649312287569046,-7.489160935847394e-08,0.0030078296549618244,0.0970661914413902,5.4105773828537814e-09,trajectory,STRAIGHT,2.9232702255249023,13.74646854400547,3.7556017105089268e-06
1329,116873.312,13.757279396057129,1.4744133522981429e-06,-0.5894656181335449,1.3664381603224e-07,0.10548219829797745,-8.498482628738202e-08,0.0030078652780503035,0.09604455451496337,6.5615129972099965e-09,trajectory,STRAIGHT,2.922555685043335,13.757279396056255,3.7556017105089268e-06
1330,116873.421,13.76767349243164,1.4654070810138364e-06,-0.5891686081886292,1.359488056735581e-07,0.10450128465890884,-9.738666761904824e-08,0.0030078296549618244,0.095055935799803,6.737214507054678e-09,trajectory,STRAIGHT,2.921954870223999,13.76767349243077,3.7556017105089268e-06
1331,116873.515,13.77703857421875,1.4560599765900406e-06,-0.5888985991477966,1.3550261857866738e-07,0.10360833257436752,-1.104188385170346e-07,0.003007784951478243,0.09416011191654294,8.088911038639982e-09,trajectory,STRAIGHT,2.9213364124298096,13.777038574217883,3.7556017105089268e-06
1332,116873.64,13.787555694580078,1.4440365703194402e-06,-0.5885925889015198,1.352443098326796e-07,0.10259154438972473,-1.2533170945516758e-07,0.003007772844284773,0.09314874049564417,8.216261588969498e-09,trajectory,STRAIGHT,2.920720338821411,13.787555694579218,3.7556017105089268e-06
1333,116873.734,13.797358512878418,1.4313303609014838e-06,-0.5883045792579651,1.3542981678979555e-07,0.10163607448339462,-1.3937625453763758e-07,0.003007792867720127,0.09220085347752646,9.752866019367926e-09,trajectory,STRAIGHT,2.920109748840332,13.797358512877565,3.7556017105089268e-06
1334,116873.75,13.797968864440918,1.430491465725936e-06,-0.5882865786552429,1.354486141026818e-07,0.1015763133764267,-1.402543290396352e-07,0.003007821273058653,0.0921416747033719,9.850234711282389e-09,trajectory,STRAIGHT,2.920109748840332,13.797968864440067,3.7556017105089268e-06
1335,116873.859,13.808277130126953,1.4155182270769728e-06,-0.5879805684089661,1.3544616649990993e-07,0.10055612772703171,-1.5186303414793656e-07,0.00300773698836565,0.09113974299569291,9.608693347011427e-09,trajectory,STRAIGHT,2.9194934368133545,13.808277130126113,3.7556017105089268e-06
1336,116873.968,13.8184814453125,1.399832626702846e-06,-0.5876745581626892,1.3532870243117544e-07,0.09953559190034866,-1.541115466352494e-07,0.0030077097471803427,0.09014298451309027,1.0695183412197565e-08,trajectory,STRAIGHT,2.9188904762268066,13.81848144531167,3.7556017105089268e-06
1337,116874.078,13.827400207519531,1.3861720162822166e-06,-0.5874045491218567,1.3541792752349246e-07,0.09863769263029099,-1.4821330296399537e-07,0.003007663646712899,0.0892678018707981,9.047805661177943e-09,trajectory,STRAIGHT,2.9182538986206055,13.827400207518712,3.7556017105089268e-06
1338,116874.187,13.836530685424805,1.3729710417464958e-06,-0.5871255397796631,1.3534032651477902e-07,0.09771253168582916,-1.3435521850624355e-07,0.0030077642295509577,0.0883681434247918,9.158351568552616e-09,trajectory,STRAIGHT,2.917634963989258,13.836530685423995,3.7556017105089268e-06
1339,116874.312,13.84470272064209,1.3624174926007981e-06,-0.5868735313415527,1.3552581333332986e-07,0.09688267856836319,-1.172161105955638e-07,0.003007870400324464,0.08755970663264127,7.124993726284159e-09,trajectory,STRAIGHT,2.9170286655426025,13.844702720641287,3.7556017105089268e-06
1340,116874.437,13.857693672180176,1.3479601648214157e-06,-0.586468517780304,1.353797051871745e-07,0.09556429833173752,-9.676427481508654e-08,0.003008150728419423,0.08626836405059626,7.005341862106998e-09,trajectory,STRAIGHT,2.9164509773254395,13.85769367217938,3.7556017105089268e-06
1341,116874.546,13.86596965789795,1.3401900105236564e-06,-0.5862075090408325,1.354642900023829e-07,0.09472373127937317,-8.152424868512753e-08,0.0030079386197030544,0.08544198418256754,5.056817518111927e-09,trajectory,STRAIGHT,2.9158825874328613,13.865969657897157,3.7556017105089268e-06
1342,116874.656,13.874455451965332,1.3336394886209746e-06,-0.5859375,1.355628460944318e-07,0.09384936839342117,-6.36887733662661e-08,0.0030079332645982504,0.08459236086043512,4.603198350248113e-09,trajectory,STRAIGHT,2.9153504371643066,13.874455451964542,3.7556017105089268e-06
1343,116874.75,13.882305145263672,1.3290546121424995e-06,-0.5856854915618896,1.3549939201477605e-07,0.09303317964076996,-4.5372097190465865e-08,0.0030079716816544533,0.0838042689123638,3.0624392698071985e-09,trajectory,STRAIGHT,2.9153504371643066,13.882305145262881,3.7556017105089268e-06
1344,116874.781,13.884256362915039,1.3281438668855117e-06,-0.5856224894523621,1.3549457036187665e-07,0.09282884001731873,-4.149688592747225e-08,0.0030080389697104692,0.08360807709467366,2.9409916965099988e-09,trajectory,STRAIGHT,2.9153504371643066,13.884256362914249,3.7556017105089268e-06
1345,116874.875,13.891192436218262,1.325416974395921e-06,-0.585397481918335,1.3545009002236788e-07,0.09209662675857544,-3.15599031353031e-08,0.0030078482814133167,0.08290980319561808,2.263424520877774e-09,trajectory,STRAIGHT,2.9147026538848877,13.89119243621747,3.7556017105089268e-06
1346,116875.0,13.900261878967285,1.3229799833425204e-06,-0.5851004719734192,1.3528550460150333e-07,0.09112890809774399,-1.7237182348139868e-08,0.003008004743605852,0.08199464286818989,1.7920816070851551e-09,trajectory,STRAIGHT,2.9141006469726562,13.90026187896649,3.7556017105089268e-06
1347,116875.078,13.907611846923828,1.3221223298387486e-06,-0.5848574638366699,1.3519148042657093e-07,0.09034623205661774,-3.794838221438113e-09,0.0030081935692578554,0.0812508556017475,8.395521205880642e-10,trajectory,STRAIGHT,2.9134464263916016,13.907611846923029,3.7556017105089268e-06
1348,116875.125,13.910858154296875,1.322081743637682e-06,-0.5847494602203369,1.3519145845385317e-07,0.08999930322170258,1.3385345054572895e-09,0.0030082224402576685,0.08092183534443512,6.283166547119568e-10,trajectory,STRAIGHT,2.912820816040039,13.910858154296072,3.7556017105089268e-06
1349,116875.203,13.916509628295898,1.32237823891046e-06,-0.5845604538917542,1.3517052299253441e-07,0.08938971906900406,7.470765339689933e-09,0.0030081053264439106,0.08034850335854843,2.350023078656725e-10,trajectory,STRAIGHT,2.912820816040039,13.916509628295092,3.7556017105089268e-06
1350,116875.312,13.925578117370605,1.3233353683972382e-06,-0.5842544436454773,1.3514249832977757e-07,0.08840321004390717,9.7064525306223e-09,0.0030083144083619118,0.07942685689542854,1.4321236060398103e-10,trajectory,STRAIGHT,2.9122750759124756,13.92557811736979,3.7556017105089268e-06
1351,116875.421,13.933759689331055,1.324008849223901e-06,-0.5839754343032837,1.3487036649038638e-07,0.08751436322927475,3.457073294299562e-09,0.003008482977747917,0.07859325112831524,4.055509957152761e-10,trajectory,STRAIGHT,2.911644458770752,13.933759689330232,3.7556017105089268e-06
1352,116875.515,13.941858291625977,1.323733613389777e-06,-0.5836964249610901,1.3468030500301825e-07,0.08663234859704971,-1.0698041563728111e-08,0.003008611500263214,0.07776640116690971,1.0952207556191805e-09,trajectory,STRAIGHT,2.9110500812530518,13.941858291625149,3.7556017105089268e-06
1353,116875.656,13.951159477233887,1.3212608109824941e-06,-0.5833724141120911,1.349246074536829e-07,0.08560984581708908,-3.622828614879836e-08,0.0030087267514318228,0.07681512177824658,2.237991501136291e-09,trajectory,STRAIGHT,2.910494089126587,13.951159477233055,3.7556017105089268e-06
1354,116875.734,13.958063125610352,1.3175500725992606e-06,-0.5831294059753418,1.3580529887061904e-07,0.08485307544469833,-5.4974204743984956e-08,0.003008852247148752,0.07610762635942875,3.027355439557935e-09,trajectory,STRAIGHT,2.9099245071411133,13.958063125609518,3.7556017105089268e-06
1355,116875.781,13.960097312927246,1.3161694596419693e-06,-0.5830574035644531,1.3609661332642276e-07,0.08462931960821152,-6.003655528274976e-08,0.003008933737874031,0.07589898828658338,3.3055437714333065e-09,trajectory,STRAIGHT,2.909329414367676,13.960097312926413,3.7556017105089268e-06
1356,116875.859,13.96692180633545,1.3106642882121378e-06,-0.5828143954277039,1.372024837651346e-07,0.08387425541877747,-7.546171332251106e-08,0.0030088636558502913,0.07519856551215613,3.931337493197136e-09,trajectory,STRAIGHT,2.909329414367676,13.966921806334618,3.7556017105089268e-06
1357,116875.968,13.974930763244629,1.3026726719544968e-06,-0.5825263857841492,1.3864440230782565e-07,0.08298254758119583,-9.042592097330271e-08,0.003009024541825056,0.07437560401280159,4.90525381139753e-09,trajectory,STRAIGHT,2.9087748527526855,13.974930763243801,3.7556017105089268e-06
1358,116876.078,13.982362747192383,1.294026333198417e-06,-0.5822563767433167,1.398021281273049e-07,0.08215592801570892,-1.0118571935890941e-07,0.003009140957146883,0.07361081680037507,5.063732198817575e-09,trajectory,STRAIGHT,2.9081687927246094,13.98236274719156,3.7556017105089268e-06
1359,116876.171,13.98849868774414,1.2861779623563052e-06,-0.5820313692092896,1.4058644895396649e-07,0.0814719945192337,-1.077357723033856e-07,0.003009166568517685,0.07297874118384293,5.687036150309042e-09,trajectory,STRAIGHT,2.907609462738037,13.988498687743324,3.7556017105089268e-06
1360,116876.187,13.99069595336914,1.2832437050747103e-06,-0.5819503664970398,1.408611849039235e-07,0.0812261700630188,-1.0955614015983883e-07,0.0030092550441622734,0.07275228562472864,5.892658692810759e-09,trajectory,STRAIGHT,2.907609462738037,13.990695953368325,3.7556017105089268e-06
1361,116876.296,13.997003555297852,1.274539954465581e-06,-0.5817163586616516,1.4177218220282366e-07,0.08051751554012299,-1.1321596105062781e-07,0.0030089649371802807,0.07210192246492296,5.593172496816495e-09,trajectory,STRAIGHT,2.907609462738037,13.997003555297042,3.7556017105089268e-06
1362,116876.39,14.004213333129883,1.2642694855458103e-06,-0.5814463496208191,1.427559784662416e-07,0.07970578968524933,-1.1448640435673951e-07,0.0030091640073806047,0.07135792074383528,5.515312610338125e-09,trajectory,STRAIGHT,2.9070465564727783,14.00421333312908,3.7556017105089268e-06
1363,116876.484,14.00707721710205,1.2601532262124238e-06,-0.5813383460044861,1.4310582921682318e-07,0.0793842300772667,-1.1410864431127266e-07,0.0030092583037912846,0.07106216576893457,5.682522754175407e-09,trajectory,STRAIGHT,2.9064338207244873,14.007077217101251,3.7556017105089268e-06
1364,116876.578,14.017477989196777,1.24539258195e-06,-0.5809423327445984,1.4485025020471956e-07,0.07821393758058548,-1.0839325170763914e-07,0.00300973909907043,0.06998738192080134,5.37046826590572e-09,trajectory,STRAIGHT,2.9058620929718018,14.017477989195989,3.7556017105089268e-06
1365,116876.609,14.019587516784668,1.2424922033460462e-06,-0.5808613300323486,1.4526339569923697e-07,0.07798010110855103,-1.0638532188522731e-07,0.003009876236319542,0.06976911660761587,5.4107896709256325e-09,trajectory,STRAIGHT,2.905273199081421,14.019587516783881,3.7556017105089268e-06
1366,116876.687,14.025411605834961,1.2347645679255947e-06,-0.5806363224983215,1.4651030129094802e-07,0.07732781022787094,-9.931476796509742e-08,0.003009727457538247,0.06916657334392323,4.609827486154684e-09,trajectory,STRAIGHT,2.905273199081421,14.02541160583418,3.7556017105089268e-06
1367,116876.796,14.032794952392578,1.2257893331479863e-06,-0.5803483128547668,1.4810456866936123e-07,0.07648812234401703,-8.706050635964857e-08,0.003009796142578125,0.06840281713772872,4.4940171583901625e-09,trajectory,STRAIGHT,2.904780864715576,14.032794952391802,3.7556017105089268e-06
1368,116876.921,14.04055118560791,1.2177395092294319e-06,-0.58004230260849,1.496963593520568e-07,0.0756031945347786,-7.009675329072707e-08,0.0030099512077867985,0.06760021154714359,3.416388954669924e-09,trajectory,STRAIGHT,2.904160976409912,14.040551185607137,3.7556017105089268e-06
1369,116877.015,14.045971870422363,1.2131904441048391e-06,-0.5798251628875732,1.5046883017648335e-07,0.07498498260974884,-5.6398405945401464e-08,0.0030099821742624044,0.06703909496814213,2.7344872168006752e-09,trajectory,STRAIGHT,2.9035634994506836,14.045971870421592,3.7556017105089268e-06
1370,116877.031,14.047993659973145,1.2117295682401164e-06,-0.5797436237335205,1.507081896257062e-07,0.07475362718105316,-5.1895209907115714e-08,0.003010065294802189,0.06682981045507168,2.628683526522933e-09,trajectory,STRAIGHT,2.9035634994506836,14.047993659972374,3.7556017105089268e-06
1371,116877.14,14.054465293884277,1.2077407518518157e-06,-0.5794808864593506,1.5149719540108544e-07,0.07400956004858017,-4.062411917971076e-08,0.0030100918374955654,0.06615994888727283,2.0961782117977337e-09,trajectory,STRAIGHT,2.903001070022583,14.054465293883506,3.7556017105089268e-06
1372,116877.234,14.060433387756348,1.2047244126733858e-06,-0.5792362689971924,1.5214991025319653e-07,0.07332440465688705,-3.4573854890140865e-08,0.0030102410819381475,0.06554209533969539,2.0026435130000415e-09,trajectory,STRAIGHT,2.90242075920105,14.060433387755575,3.7556017105089268e-06
1373,116877.265,14.062848091125488,1.2036058478770428e-06,-0.5791366100311279,1.5242933241361835e-07,0.0730474516749382,-3.333733999966171e-08,0.0030103223398327827,0.06529209168238415,1.6660767444479845e-09,trajectory,STRAIGHT,2.90242075920105,14.062848091124716,3.7556017105089268e-06
1374,116877.343,14.067215919494629,1.2016303116979543e-06,-0.5789554119110107,1.5276509503973996e-07,0.07254493236541748,-3.291151173812068e-08,0.0030102820601314306,0.06483992961952063,1.7406549553360163e-09,trajectory,STRAIGHT,2.90242075920105,14.067215919493854,3.7556017105089268e-06
1375,116877.437,14.073495864868164,1.1986483059445163e-06,-0.5786926746368408,1.5301638468475715e-07,0.07181891798973083,-3.6470815700795356e-08,0.003010442713275552,0.0641899792910278,2.0102579289621436e-09,trajectory,STRAIGHT,2.901838779449463,14.07349586486739,3.7556017105089268e-06
1376,116877.468,14.075431823730469,1.197636038341443e-06,-0.5786111354827881,1.5306814306659767e-07,0.07159585505723953,-3.8580417083267093e-08,0.0030105658806860447,0.06398960255091969,2.1332846464056865e-09,trajectory,STRAIGHT,2.901838779449463,14.075431823729692,3.7556017105089268e-06
1377,116877.546,14.079926490783691,1.1950057796639157e-06,-0.578420877456665,1.532020297584765e-07,0.07107772678136826,-4.53543940182044e-08,0.0030105323530733585,0.0635244416027006,2.1761308570785785e-09,trajectory,STRAIGHT,2.9012668132781982,14.079926490782915,3.7556017105089268e-06
