frame,time_s,x,y,z,yaw,vx,vy,vz,cmd_vx,cmd_vy,cmd_vz,command_source,family,min_distance_m,goal_progress_m,lateral_deviation_m
1,99275.531,0.0,0.0,-0.9623580574989319,0.0,0.0,0.0,0.12585601210594177,0.0,0.0,0.0,trajectory_no_feasible,STRAIGHT,3.698916435241699,0.0,0.0
2,99275.734,0.0,0.0,-0.9456683993339539,0.0,0.0,0.0,0.08873600512742996,0.0,0.0,0.0,trajectory_no_feasible,STRAIGHT,3.698916435241699,0.0,0.0
3,99275.875,0.0,0.0,-0.9321455359458923,0.0,0.0,0.0,0.06782428175210953,0.15,0.0,-0.010471687184788078,trajectory,STRAIGHT,3.648883104324341,0.0,0.0
4,99276.046,6.475102964031976e-06,-2.3754011978298307e-16,-0.9265257716178894,-7.044495009931357e-11,0.0006256661145016551,-2.8552477764932915e-14,0.05574348568916321,0.14994994671083986,7.0432313468768205e-12,-0.010519127208070616,trajectory,STRAIGHT,3.630573272705078,6.475102964031976e-06,2.3754011978298307e-16
5,99276.203,0.0016015816945582628,-5.258838611972572e-13,-0.9178953766822815,-1.8363813641682043e-09,0.018664522096514702,-9.63000859610652e-12,0.03554803133010864,0.1485068382322788,1.814249995689891e-10,-0.009928858363476142,trajectory,STRAIGHT,3.5823612213134766,0.0016015816945582628,5.258838611972572e-13
6,99276.328,0.0041810027323663235,-2.341592848439933e-12,-0.914729118347168,-2.893154270372961e-09,0.032040685415267944,-2.753992693615981e-11,0.025673285126686096,0.14743674516677857,9.98998977082416e-11,-0.009922978067021871,trajectory,STRAIGHT,3.526780605316162,0.0041810027323663235,2.341592848439933e-12
7,99276.625,0.012566273100674152,-1.2141384252151166e-11,-0.9111791253089905,-3.973379287939177e-09,0.056246183812618256,-7.900013976325226e-11,0.013379753567278385,0.14550030529499053,1.9894567208114815e-10,-0.009116995194178128,trajectory,STRAIGHT,3.49005126953125,0.012566273100674152,1.2141384252151166e-11
8,99276.828,0.023617032915353775,-2.9974099591267844e-11,-0.9095309972763062,-4.555730804406764e-09,0.07475757598876953,-1.3412324029182798e-10,0.0055478522554039955,0.14401939392089844,3.846782237044772e-11,-0.008867789305114,trajectory,STRAIGHT,3.4888198375701904,0.023617032915353775,2.9974099591267844e-11
9,99277.046,0.03911565989255905,-6.081257025725151e-11,-0.9091904759407043,-5.156874061391465e-09,0.09119168668985367,-1.9749309132510717e-10,-0.0017249534139409661,0.1427046650648117,3.338404983004843e-11,-0.008375367389804333,trajectory,STRAIGHT,3.49743390083313,0.03911565989255905,6.081257025725151e-11
10,99277.265,0.05667674541473389,-1.018405706987302e-10,-0.9099620580673218,-5.73452085553268e-09,0.10337015241384506,-2.581782010402378e-10,-0.006659618578851223,0.1417303878068924,2.5029030835675252e-11,-0.007956968843433092,trajectory,STRAIGHT,3.512302875518799,0.05667674541473389,1.018405706987302e-10
11,99277.468,0.07784254848957062,-1.5851492340956952e-10,-0.9116479158401489,-6.457763132645809e-09,0.11319872736930847,-3.229330691745247e-10,-0.010285473428666592,0.1409441018104553,3.167708877797088e-11,-0.00754872403915752,trajectory,STRAIGHT,3.527658700942993,0.07784254848957062,1.5851492340956952e-10
12,99277.703,0.0999305322766304,-2.2550734890547375e-10,-0.9138394594192505,-5.356497485979965e-09,0.12017039209604263,-3.8663588997067677e-10,-0.012451322749257088,0.14038636863231657,-1.3582326613404918e-10,-0.00719184556607912,trajectory,STRAIGHT,3.541914701461792,0.0999305322766304,2.2550734890547375e-10
13,99277.875,0.12277442216873169,-3.0380309379296477e-10,-0.9163234829902649,-3.900659000235736e-09,0.12519794702529907,-4.5710257801090393e-10,-0.013711483217775822,0.13998416423797608,-1.4916505022562518e-10,-0.006870591338026975,trajectory,STRAIGHT,3.5483975410461426,0.12277442216873169,3.0380309379296477e-10
14,99278.171,0.14951851963996887,-4.0959946545626735e-10,-0.9192306995391846,-8.997321620693527e-10,0.12925870716571808,-5.543207004521378e-10,-0.014225650578737259,-0.12,0.12,0.0,recovery,STRAIGHT,3.5659804344177246,0.14951851963996887,4.0959946545626735e-10
15,99278.312,0.1733178049325943,4.6773064241278917e-05,-0.9219351410865784,2.5559392103305313e-05,0.1275942474603653,0.001886041252873838,-0.015474013052880764,0.0,0.0,0.0,recovery,STRAIGHT,3.5711231231689453,0.17331780485881865,4.6773064241278917e-05
16,99278.421,0.1849903166294098,0.0004964996478520334,-0.9235144853591919,4.612969864024842e-05,0.11475633829832077,0.007533208467066288,-0.016102168709039688,0.0,0.0,0.0,recovery,STRAIGHT,3.5758800506591797,0.18499030830974306,0.0004964996478520334
17,99278.546,0.19475014507770538,0.0013309225905686617,-0.9249154925346375,3.855753932252766e-05,0.1022481843829155,0.010626396164298058,-0.015041293576359749,0.0,0.0,0.0,recovery,STRAIGHT,3.5742862224578857,0.19475008525585302,0.0013309225905686617
18,99278.828,0.21181854605674744,0.0035425059031695127,-0.9276666045188904,3.0018757848290714e-05,0.07914207875728607,0.011987758800387383,-0.014344741590321064,0.0,0.0,0.0,recovery,STRAIGHT,3.5140697956085205,0.21181812175346337,0.0035425059031695127
19,99278.968,0.2245934009552002,0.005632362328469753,-0.9302673935890198,2.8416492970349902e-05,0.06117381528019905,0.010649802163243294,-0.013564839027822018,0.0,0.0,0.0,recovery,STRAIGHT,3.5364370346069336,0.2245923274312993,0.005632362328469753
20,99279.093,0.23040062189102173,0.006665347144007683,-0.9316136240959167,2.856647647861708e-05,0.052882757037878036,0.009592012502253056,-0.012607967481017113,0.14576935751789596,-0.0008705370366228036,-0.005472943488925454,trajectory,STRAIGHT,3.5466885566711426,0.2303991178945637,0.006665347144007683
21,99279.281,0.23544250428676605,0.007588324137032032,-0.9328474998474121,3.509844490918275e-05,0.047118209302425385,0.008503027260303497,-0.011416708119213581,0.14623050211314337,-0.0008930067557324486,-0.005447431612482736,trajectory,GOAL_DIRECT,3.5563952922821045,0.23544055425679034,0.007588324137032032
22,99279.484,0.2439870685338974,0.008908077143132687,-0.9348878264427185,4.3331950084686965e-05,0.053516291081905365,0.006693089846521616,-0.01197667047381401,0.14571865624595448,-0.0008809160217710482,-0.005300618294349382,trajectory,GOAL_DIRECT,3.603541612625122,0.24398437966965147,0.008908077143132687
23,99279.703,0.2549154460430145,0.009961860254406929,-0.9370629191398621,4.463773086395496e-05,0.06839997321367264,0.005065451841801405,-0.011751649901270866,0.14452795266160903,-0.0006722077882526775,-0.005066080837098361,trajectory,GOAL_DIRECT,3.5815200805664062,0.25491208089959905,0.009961860254406929
24,99279.937,0.26963886618614197,0.010794533416628838,-0.9392713904380798,4.383757464171069e-05,0.08467613160610199,0.0036678090691566467,-0.010933300480246544,0.1432258577087317,-0.0005563112891785363,-0.0049256074436395255,trajectory,GOAL_DIRECT,3.5615272521972656,0.26963491102391046,0.010794533416628838
25,99280.156,0.28608930110931396,0.011360513046383858,-0.941196858882904,4.291549537902277e-05,0.09766056388616562,0.002666425658389926,-0.010113478638231754,0.1421871005034097,-0.00046357537656992946,-0.00479793618695571,trajectory,GOAL_DIRECT,3.5699493885040283,0.28608491542150816,0.011360513046383858
26,99280.296,0.3059346377849579,0.011791986413300037,-0.9430729746818542,4.219805487945589e-05,0.10856253653764725,0.0018693533493205905,-0.009262770414352417,0.1413149409561362,-0.0003959257847132056,-0.004687631359501625,trajectory,GOAL_DIRECT,3.585049629211426,0.30592990625158833,0.011791986413300037
27,99280.578,0.3248120844364166,0.012060620822012424,-0.9445552825927734,4.18005150385206e-05,0.1158425435423851,0.0013533140299841762,-0.00848430022597313,0.14073253848559145,-0.00034579694609136947,-0.004593405172978868,trajectory,GOAL_DIRECT,3.5998919010162354,0.3248071285015808,0.012060620822012424
28,99280.796,0.34732088446617126,0.012273557484149933,-0.9461448788642883,4.154253139887158e-05,0.12203308194875717,0.0009224837413057685,-0.008097835816442966,0.14023729444646002,-0.0003104769437272286,-0.0044797479235906485,trajectory,GOAL_DIRECT,3.6065685749053955,0.34731574410290733,0.012273557484149933
29,99281.031,0.3700801134109497,0.012413046322762966,-0.9475979208946228,4.1399855951083715e-05,0.12647563219070435,0.0006176677416078746,-0.007581762503832579,0.13988188941660518,-0.0002826285604329484,-0.0043785755998775955,trajectory,GOAL_DIRECT,3.617732048034668,0.3700748473639557,0.012413046322762966
30,99281.156,0.393152117729187,0.012503411620855331,-0.9489374756813049,4.1320163138874796e-05,0.12971286475658417,0.0003975640283897519,-0.007125910371541977,0.13962291012405953,-0.0002627769212393853,-0.004284256634678127,trajectory,GOAL_DIRECT,3.6268343925476074,0.39314676629146383,0.012503411620855331
31,99281.343,0.40645888447761536,0.01253884844481945,-0.9496482610702515,4.129146271438847e-05,0.13115519285202026,0.0003001317963935435,-0.0067036147229373455,0.13950752320108648,-0.000251392263078833,-0.004223675339221693,trajectory,GOAL_DIRECT,3.63066029548645,0.4064534977558445,0.01253884844481945
32,99281.484,0.4294578433036804,0.012579134665429592,-0.9507871866226196,4.126032014370442e-05,0.1331004947423935,0.00016953622980508953,-0.006383450701832771,0.1393518990530085,-0.00024217828741691892,-0.00416112850486651,trajectory,GOAL_DIRECT,3.6372556686401367,0.42945241335475437,0.012579134665429592
33,99281.671,0.44348376989364624,0.012593603692948818,-0.9514452219009399,4.1248520269610985e-05,0.13402485847473145,0.00010795757407322526,-0.0060652876272797585,0.139277949604135,-0.00023572881967401938,-0.004103664611455724,trajectory,GOAL_DIRECT,3.6400136947631836,0.44347832220198136,0.012593603692948818
34,99281.89,0.46813225746154785,0.012605288065969944,-0.9525353908538818,4.123633754188143e-05,0.13528908789157867,2.40948902501259e-05,-0.005823646672070026,0.13917681128123716,-0.00022914698624374255,-0.004039590248626731,trajectory,GOAL_DIRECT,3.642512083053589,0.4681267903990829,0.012605288065969944
35,99282.125,0.4933888912200928,0.012603674083948135,-0.9535993933677673,4.123145439502615e-05,0.13623377680778503,-3.8162026612553746e-05,-0.005502593237906694,0.13910123606580874,-0.00022339659617434283,-0.003964200336584102,trajectory,GOAL_DIRECT,3.646831750869751,0.4933834160415955,0.012605288065969944
36,99282.25,0.5155112743377686,0.012594079598784447,-0.9544802308082581,4.122994590699007e-05,0.1368478536605835,-7.846517110010609e-05,-0.00523834303021431,0.13905210986039962,-0.00021973406880000882,-0.0038945735022593497,trajectory,GOAL_DIRECT,3.650485038757324,0.5155057991424066,0.012605288065969944
37,99282.359,0.5294862389564514,0.012585015967488289,-0.9550026059150696,4.122925837159185e-05,0.1371561586856842,-9.862212755251676e-05,-0.004951966926455498,0.13902744543434628,-0.00021837302810592983,-0.003852683431465402,trajectory,GOAL_DIRECT,3.652104616165161,0.5294807663588799,0.012605288065969944
38,99282.468,0.5434899926185608,0.012574072927236557,-0.9554961323738098,4.122958726715191e-05,0.13741421699523926,-0.00011543405707925558,-0.004723443184047937,0.13900680079599811,-0.00021689242851974128,-0.0038233492445903304,trajectory,GOAL_DIRECT,3.6536295413970947,0.5434845242420305,0.012605288065969944
39,99282.656,0.557517945766449,0.012561561539769173,-0.9559688568115234,4.1229451909804656e-05,0.1376303732395172,-0.00012948212679475546,-0.004550489597022533,0.1389895083428048,-0.00021445888289737318,-0.0038135493096666815,trajectory,GOAL_DIRECT,3.6550393104553223,0.5575124829658762,0.012605288065969944
40,99282.875,0.5810790657997131,0.012537743896245956,-0.9567393064498901,4.122854974449514e-05,0.1379186064004898,-0.00014813794405199587,-0.0044236741960048676,0.1389664497426931,-0.00021296353586503124,-0.0037427397796661863,trajectory,GOAL_DIRECT,3.6575324535369873,0.5810736148026159,0.012605288065969944
41,99283.015,0.6059263944625854,0.012509704567492008,-0.9575269222259521,4.122603946606792e-05,0.13814562559127808,-0.0001626503508305177,-0.004235331900417805,0.13894828828690833,-0.00021131632071306932,-0.0036845925793465824,trajectory,GOAL_DIRECT,3.658663034439087,0.6059209584517973,0.012605288065969944
42,99283.296,0.6308090090751648,0.01247942354530096,-0.958260715007782,4.122521895003967e-05,0.13831347227096558,-0.00017323716019745916,-0.003945372067391872,0.13893486064883953,-0.00021013231757510028,-0.0036365120919529164,trajectory,GOAL_DIRECT,3.66078782081604,0.6308035899815376,0.012605288065969944
43,99283.515,0.6561329960823059,0.012446966953575611,-0.9589719772338867,4.1225789172220105e-05,0.1384391486644745,-0.00018105108756572008,-0.0037549627013504505,0.1389248066454856,-0.00020913674116876705,-0.0035839576967995534,trajectory,GOAL_DIRECT,3.6627094745635986,0.6561275956224044,0.012605288065969944
44,99283.734,0.6839705109596252,0.01240992359817028,-0.9597125053405762,4.122842483767769e-05,0.13853925466537476,-0.00018715996702667326,-0.0035461080260574818,0.1389167982850286,-0.00020799661301757838,-0.0035324050470694167,trajectory,GOAL_DIRECT,3.6644608974456787,0.6839651321576703,0.012605288065969944
45,99283.953,0.7089142203330994,0.012375864200294018,-0.9603381752967834,4.123129620342366e-05,0.13860420882701874,-0.00019108830019831657,-0.0033380298409610987,0.13891160208742234,-0.0002077680538348283,-0.003485247993521324,trajectory,GOAL_DIRECT,3.6660797595977783,0.7089088616784682,0.012605288065969944
46,99284.125,0.7338680624961853,0.01234119851142168,-0.9609255790710449,4.123201264294962e-05,0.1386520117521286,-0.00019388804503250867,-0.0031451000832021236,0.13890777798075452,-0.00020726617609271786,-0.003443836295917033,trajectory,GOAL_DIRECT,3.666843891143799,0.7338627244987208,0.012605288065969944
47,99284.296,0.7488440871238708,0.012320189736783504,-0.9612606763839722,4.1232102655796814e-05,0.13867434859275818,-0.00019514559244271368,-0.0030127421487122774,0.1389059911620343,-0.00020834365188863316,-0.003411874610029426,trajectory,GOAL_DIRECT,3.6675729751586914,0.7488387616945609,0.012605288065969944
48,99284.515,0.7742247581481934,0.012284303084015846,-0.9617990851402283,4.1231701396015275e-05,0.13870388269424438,-0.00019692134810611606,-0.0028701983392238617,0.1389036285165562,-0.00020652950719137703,-0.003381642096253986,trajectory,GOAL_DIRECT,3.66894793510437,0.774219454251865,0.012605288065969944
49,99284.671,0.7979453802108765,0.01225052960216999,-0.9622830748558044,4.123054586395705e-05,0.13872434198856354,-0.00019806456111837178,-0.0027382229454815388,0.13890199190992503,-0.0002064109197441183,-0.003344356771348574,trajectory,GOAL_DIRECT,3.6702094078063965,0.7979400966286185,0.012605288065969944
50,99284.953,0.8258315920829773,0.012210588902235031,-0.9628152251243591,4.122796959459783e-05,0.1387418657541275,-0.0001992409524973482,-0.0025732414796948433,0.13890059013960918,-0.0002054485113430292,-0.003309693681363104,trajectory,GOAL_DIRECT,3.6713974475860596,0.8258263325697062,0.012605288065969944
51,99285.14,0.8541371822357178,0.012169894762337208,-0.9633314609527588,4.1226603631378424e-05,0.1387544870376587,-0.00019969345885328948,-0.0024412544444203377,0.1388995805906016,-0.00020505449312929367,-0.0032710718195591367,trajectory,GOAL_DIRECT,3.672499418258667,0.8541319472665592,0.012605288065969944
52,99285.421,0.8799464702606201,0.012132720090448856,-0.9637700319290161,4.122596276287216e-05,0.13876280188560486,-0.00020003736426588148,-0.002286079805344343,0.13889891556009262,-0.00020510068854047163,-0.0032388870809633005,trajectory,GOAL_DIRECT,3.6735455989837646,0.8799412577141759,0.012605288065969944
53,99285.625,0.9053409099578857,0.012096084654331207,-0.9641838073730469,4.1225416181350266e-05,0.1387687623500824,-0.00020022752869408578,-0.002187819452956319,0.13889843886693148,-0.00020487588804115508,-0.0032067995775522185,trajectory,GOAL_DIRECT,3.674043655395508,0.9053357195082228,0.012605288065969944
54,99285.843,0.9307375550270081,0.012059441767632961,-0.9645761847496033,4.1225146160723274e-05,0.1387730985879898,-0.0002002223045565188,-0.002071733819320798,0.13889809210984508,-0.0002046126530394794,-0.0031782968796980346,trajectory,GOAL_DIRECT,3.674987554550171,0.9307323866640758,0.012605288065969944
55,99286.015,0.9569668769836426,0.01202160120010376,-0.9649595618247986,4.122442909992302e-05,0.13877639174461365,-0.00020006131671834737,-0.0019606382120400667,0.13889782879910142,-0.0002042383914434857,-0.0031507846770302806,trajectory,GOAL_DIRECT,3.6758813858032227,0.9569617314118961,0.012605288065969944
56,99286.187,0.9723713994026184,0.011999409645795822,-0.9651757478713989,4.1223384845274905e-05,0.13877783715724945,-0.00019992950547020882,-0.0019351947121322155,0.1388977133130214,-0.00020558484671271443,-0.0031251750995875483,trajectory,GOAL_DIRECT,3.6763055324554443,0.9723662671807158,0.012605288065969944
57,99286.375,0.999017059803009,0.011961044743657112,-0.9655457735061646,4.1222755964309685e-05,0.13877974450588226,-0.00019970847642980516,-0.0019347986672073603,0.1388975608108967,-0.0002037781605536962,-0.003097211831703426,trajectory,GOAL_DIRECT,3.6771230697631836,0.9990119506415365,0.012605288065969944
58,99286.5,1.0135908126831055,0.01194008532911539,-0.9657492637634277,4.1222606661875384e-05,0.1387806236743927,-0.0001996471401071176,-0.0019396875286474824,0.13889749062678802,-0.00020529522039680116,-0.0030703967746492844,trajectory,GOAL_DIRECT,3.677516460418701,1.0135857161065012,0.012605288065969944
59,99286.687,1.028997540473938,0.011917928233742714,-0.9659653902053833,4.122328341780421e-05,0.13878120481967926,-0.0001995405473280698,-0.0019444357603788376,0.13889744421653993,-0.00020502848596471498,-0.0030502744516110484,trajectory,GOAL_DIRECT,3.677910566329956,1.0289924571956277,0.012605288065969944
60,99286.875,1.0560634136199951,0.01187900360673666,-0.9663450717926025,4.1223902217385404e-05,0.13878217339515686,-0.00019946055545005947,-0.0019516274333000183,0.13889736681664355,-0.0002031490928645031,-0.0030212239861756793,trajectory,GOAL_DIRECT,3.678703784942627,1.0560583536894583,0.012605288065969944
61,99287.093,1.0831292867660522,0.011840131133794785,-0.9667251110076904,4.122370141280728e-05,0.13878314197063446,-0.00019935487944167107,-0.001957438187673688,0.13889728948241767,-0.00020287890956370282,-0.0029850836949188906,trajectory,GOAL_DIRECT,3.6794981956481934,1.0831242501208607,0.012605288065969944
62,99287.218,1.0985360145568848,0.011818008497357368,-0.9669434428215027,4.1223682950614554e-05,0.13878369331359863,-0.00019918956968467683,-0.0019602396059781313,0.138897245526605,-0.0002043310551628318,-0.002957253815616018,trajectory,GOAL_DIRECT,3.6798949241638184,1.0985309911543233,0.012605288065969944
63,99287.421,1.1139427423477173,0.011795911937952042,-0.9671617746353149,4.122384687587899e-05,0.1387842446565628,-0.00019899863400496542,-0.0019627867732197046,0.1388972015052797,-0.00020418682493331453,-0.002936545551833636,trajectory,GOAL_DIRECT,3.680295944213867,1.1139377321597728,0.012605288065969944
64,99287.625,1.1385102272033691,0.011760694906115532,-0.967509925365448,4.122465857590013e-05,0.13878512382507324,-0.0001988207222893834,-0.001966142328456044,0.13889713125781805,-0.00020268932552569712,-0.002909281671195505,trajectory,GOAL_DIRECT,3.681098699569702,1.1385052380599916,0.012605288065969944
65,99287.843,1.1655761003494263,0.011721951887011528,-0.9678934812545776,4.122569872340236e-05,0.13878609240055084,-0.00019866249931510538,-0.0019692371133714914,0.13889705390937615,-0.00020208052862675304,-0.002874567480890795,trajectory,GOAL_DIRECT,3.6819007396698,1.165571134326541,0.012605288065969944
66,99288.062,1.1909763813018799,0.011685618199408054,-0.9682534337043762,4.1227295418749464e-05,0.13878659904003143,-0.00019838727894239128,-0.001971547259017825,0.13889701352930905,-0.00020206549565113144,-0.0028395414391461414,trajectory,GOAL_DIRECT,3.6827032566070557,1.190971436938975,0.012605288065969944
67,99288.218,1.2151274681091309,0.011651127599179745,-0.9685956835746765,4.122785921967417e-05,0.13878659904003143,-0.00019804510520771146,-0.001972974743694067,0.13889701367084992,-0.00020201445989360105,-0.0028065076689526326,trajectory,GOAL_DIRECT,3.683104991912842,1.215122544278687,0.012605288065969944
68,99288.406,1.2309505939483643,0.011628561653196812,-0.9688199162483215,4.122749180261556e-05,0.13878659904003143,-0.0001978181826416403,-0.001973841805011034,0.13889701380565275,-0.00020300459974106783,-0.0027801969897346666,trajectory,GOAL_DIRECT,3.6835076808929443,1.2309456835359587,0.012605288065969944
69,99288.562,1.255934476852417,0.011592983268201351,-0.9691739678382874,4.122776156114111e-05,0.13878659904003143,-0.00019752020307350904,-0.0019748618360608816,0.13889701389345596,-0.00020152249786621412,-0.0027525657756151765,trajectory,GOAL_DIRECT,3.684312105178833,1.25592958756995,0.012605288065969944
70,99288.75,1.2692592144012451,0.011574028991162777,-0.9693627953529358,4.122795068717525e-05,0.13878659904003143,-0.000197425382793881,-0.0019753347150981426,0.13889701403299193,-0.0002029772621941569,-0.0027275386240800804,trajectory,GOAL_DIRECT,3.6847145557403564,1.2692543363642415,0.012605288065969944
71,99288.89,1.2942430973052979,0.011538512073457241,-0.9697168469429016,4.1226673914088055e-05,0.13878659904003143,-0.0001971918682102114,-0.0019762597512453794,0.13889701410671731,-0.0002011510598938361,-0.002701469804100819,trajectory,GOAL_DIRECT,3.685516119003296,1.2942382403230006,0.012605288065969944
72,99289.078,1.307151436805725,0.011520178988575935,-0.9698997735977173,4.12268338832595e-05,0.13878659904003143,-0.00019711237109731883,-0.001976627390831709,0.138897014246439,-0.0002026617006959336,-0.0026767461147134356,trajectory,GOAL_DIRECT,3.6859171390533447,1.3071465906811284,0.012605288065969944
73,99289.296,1.335050106048584,0.011480583809316158,-0.970297634601593,4.122709965446609e-05,0.1387864202260971,-0.00019687062012962997,-0.001977162668481469,0.1388970285507607,-0.00019860652860200572,-0.002656810242307668,trajectory,GOAL_DIRECT,3.6867196559906006,1.3350452833532067,0.012605288065969944
74,99289.531,1.3604503870010376,0.01144456584006548,-0.9706612229347229,4.122585103000871e-05,0.13878627121448517,-0.00019670404435601085,-0.0019776099361479282,0.13889704069936085,-0.00020044307402978102,-0.0026130901316529344,trajectory,GOAL_DIRECT,3.687526226043701,1.3604455855938085,0.012605288065969944
75,99289.656,1.383352279663086,0.011412146501243114,-0.9709890484809875,4.1223987985635904e-05,0.13878627121448517,-0.00019625385175459087,-0.001978026470169425,0.1388970408401952,-0.00020057987073179758,-0.0025806987862599835,trajectory,GOAL_DIRECT,3.6879310607910156,1.3833474973896678,0.012605288065969944
76,99289.781,1.3962606191635132,0.011393900960683823,-0.9711738228797913,4.122419210960165e-05,0.13878627121448517,-0.0001960317458724603,-0.0019782613962888718,0.1388970409676744,-0.0002018135496669451,-0.002557045026415735,trajectory,GOAL_DIRECT,3.688337564468384,1.3962558476461862,0.012605288065969944
77,99289.968,1.4112509489059448,0.011372745037078857,-0.9713883996009827,4.122545138059643e-05,0.13878627121448517,-0.00019584500114433467,-0.0019785184413194656,0.13889704096707886,-0.0001996512088954835,-0.002546295626753717,trajectory,GOAL_DIRECT,3.688743829727173,1.4112461898473097,0.012605288065969944
78,99290.203,1.4366512298583984,0.011336911469697952,-0.9717519879341125,4.122809985345157e-05,0.13878627121448517,-0.00019567953131627291,-0.001978764310479164,0.13889704112177215,-0.00019973726414192184,-0.0025105592956630863,trajectory,GOAL_DIRECT,3.6895534992218018,1.436646491886183,0.012605288065969944
79,99290.328,1.4628843069076538,0.011299951002001762,-0.9721274971961975,4.12315228763613e-05,0.13878627121448517,-0.00019539652566891164,-0.001978919841349125,0.13889704126201052,-0.00019937581849367936,-0.002475804644731243,trajectory,GOAL_DIRECT,3.690364122390747,1.4628795906566694,0.012605288065969944
80,99290.531,1.4770418405532837,0.011280033737421036,-0.9723301529884338,4.1232901622110164e-05,0.13878627121448517,-0.00019522709771990776,-0.001978919841349125,0.13889704140703607,-0.0002008664804547621,-0.0024491816099137297,trajectory,GOAL_DIRECT,3.6907691955566406,1.4770371359931769,0.012605288065969944
81,99290.75,1.5024421215057373,0.01124433521181345,-0.9726937413215637,4.1234812041703775e-05,0.13878627121448517,-0.00019494409207254648,-0.001978919841349125,0.13889704148462342,-0.0001991152749007747,-0.002422102695844518,trajectory,GOAL_DIRECT,3.6915788650512695,1.5024374378787595,0.012605288065969944
82,99290.968,1.52742600440979,0.011209242977201939,-0.9730513691902161,4.123484119201164e-05,0.13878627121448517,-0.00019481248455122113,-0.001978919841349125,0.13889704162501837,-0.0001989196654061198,-0.0023882545570540303,trajectory,GOAL_DIRECT,3.691985845565796,1.52742134133997,0.012605288065969944
83,99291.187,1.5532426834106445,0.011173034086823463,-0.9734209179878235,4.1234840896535955e-05,0.13878627121448517,-0.0001945847034221515,-0.001978919841349125,0.13889704176317408,-0.00019855782777355424,-0.0023540721217396076,trajectory,GOAL_DIRECT,3.692796468734741,1.5532380415231533,0.012605288065969944
84,99291.406,1.5786429643630981,0.011137448251247406,-0.9737845063209534,4.123484082190145e-05,0.13878627121448517,-0.00019432838598731905,-0.001978919841349125,0.13889704190571767,-0.00019836851114862067,-0.0023196642098012353,trajectory,GOAL_DIRECT,3.6936068534851074,1.5786383432680822,0.012605288065969944
85,99291.609,1.6044596433639526,0.011101328767836094,-0.9741540551185608,4.1234840775215995e-05,0.13878627121448517,-0.00019403953047003597,-0.001978919841349125,0.13889704204582262,-0.00019806680921563932,-0.002285220024562866,trajectory,GOAL_DIRECT,3.6944167613983154,1.6044550433449913,0.012605288065969944
86,99291.828,1.6290271282196045,0.01106700673699379,-0.9745057225227356,4.123484072801899e-05,0.13878627121448517,-0.00019376105046831071,-0.001978919841349125,0.13889704218815813,-0.00019799971339393117,-0.002251408159072309,trajectory,GOAL_DIRECT,3.6952273845672607,1.6290225482006964,0.012605288065969944
87,99292.046,1.6535946130752563,0.01103273220360279,-0.9748573899269104,4.123484087536824e-05,0.13878627121448517,-0.0001934974134201184,-0.001978919841349125,0.1388970423234714,-0.0001977645011871613,-0.002218381543353397,trajectory,GOAL_DIRECT,3.695631742477417,1.653590053002505,0.012605288065969944
88,99292.265,1.67899489402771,0.010997339151799679,-0.9752209782600403,4.1234840964096895e-05,0.13878627121448517,-0.00019324965251144022,-0.001978919841349125,0.13889704245871054,-0.00019740791193913264,-0.002184758881186737,trajectory,GOAL_DIRECT,3.696444034576416,1.6789903545261158,0.012605288065969944
89,99292.468,1.7035623788833618,0.010963160544633865,-0.9755726456642151,4.12348409908008e-05,0.13878627121448517,-0.00019302037253510207,-0.001978919841349125,0.1388970425985544,-0.0001972809573768665,-0.0021512087656199983,trajectory,GOAL_DIRECT,3.697253942489624,1.7035578592190674,0.012605288065969944
90,99292.718,1.730628252029419,0.01092554535716772,-0.9759600758552551,4.123484100937496e-05,0.13878627121448517,-0.00019279468688182533,-0.001978919841349125,0.13889704273361644,-0.00019668376848793468,-0.0021163940105578915,trajectory,GOAL_DIRECT,3.6980643272399902,1.7306237541706135,0.012605288065969944
91,99292.921,1.7556121349334717,0.010890856385231018,-0.9763177037239075,4.123484084269126e-05,0.13878627121448517,-0.00019256856467109174,-0.001978919841349125,0.1388970428824955,-0.00019671482863078992,-0.0020814988720717453,trajectory,GOAL_DIRECT,3.6988744735717773,1.755607657160171,0.012605288065969944
92,99293.14,1.7805960178375244,0.010856213048100471,-0.9766753315925598,4.123474259250284e-05,0.13878627121448517,-0.00019230478210374713,-0.0019787161145359278,0.13889704301978378,-0.00019647399436153353,-0.0020479287813501322,trajectory,GOAL_DIRECT,3.6992785930633545,1.7805915600971431,0.012605288065969944
93,99293.281,1.8055799007415771,0.010821623727679253,-0.9770329594612122,4.12343060447727e-05,0.13878627121448517,-0.00019203686679247767,-0.001979015301913023,0.13889704315697052,-0.00019623414067914657,-0.0020143184574932956,trajectory,GOAL_DIRECT,3.70009183883667,1.805575462974721,0.012605288065969944
94,99293.468,1.8189046382904053,0.01080319844186306,-0.9772236943244934,4.123407321931894e-05,0.13878627121448517,-0.00019189510203432292,-0.0019790278747677803,0.13889704329444227,-0.00019764325271630768,-0.00198907571306674,trajectory,GOAL_DIRECT,3.7004969120025635,1.8189002111516217,0.012605288065969944
95,99293.687,1.8451377153396606,0.010766953229904175,-0.9775992035865784,4.1233931732637024e-05,0.13878627121448517,-0.00019164664263371378,-0.0019790111109614372,0.13889704329362043,-0.0001939304265955213,-0.001970301591067,trajectory,GOAL_DIRECT,3.701307773590088,1.8451333090881956,0.012605288065969944
96,99293.921,1.8709543943405151,0.010731326416134834,-0.9779687523841858,4.123759818410258e-05,0.13878627121448517,-0.00019148222054354846,-0.0019790111109614372,0.13889704351128368,-0.00019548246885173263,-0.00192695790841604,trajectory,GOAL_DIRECT,3.7021172046661377,1.8709500085934145,0.012605288065969944
97,99294.046,1.8951054811477661,0.010698038153350353,-0.9783144593238831,4.12414978151588e-05,0.13878627121448517,-0.00019106244144495577,-0.0019790111109614372,0.1388970436517841,-0.00019548162443716737,-0.0018934440661493603,trajectory,GOAL_DIRECT,3.7025229930877686,1.8951011145349295,0.012605288065969944
98,99294.234,1.9084302186965942,0.01067970972508192,-0.9785051941871643,4.124402645317144e-05,0.13878627121448517,-0.00019086312386207283,-0.0019790111109614372,0.13889704378372866,-0.00019678055982419158,-0.0018687258273990114,trajectory,GOAL_DIRECT,3.702927350997925,1.9084258626039805,0.012605288065969944
99,99294.453,1.9321649074554443,0.01064709760248661,-0.978844940662384,4.125032440369202e-05,0.13878627121448517,-0.00019060136401094496,-0.0019790111109614372,0.13889704378296389,-0.00019344293347188873,-0.001851738503638025,trajectory,GOAL_DIRECT,3.7037367820739746,1.9321605700626119,0.012605288065969944
100,99294.687,1.9583979845046997,0.010611079633235931,-0.979220449924469,4.1258385683737026e-05,0.13878627121448517,-0.00019041445921175182,-0.0019790111109614372,0.1388970439847957,-0.00019460105173028263,-0.001809667297306552,trajectory,GOAL_DIRECT,3.7045490741729736,1.9583936677423797,0.012605288065969944
101,99294.89,1.9867130517959595,0.010572281666100025,-0.9796257615089417,4.126923760237825e-05,0.13878627121448517,-0.00018998402811121196,-0.0019790111109614372,0.13889704412659773,-0.00019407031500186884,-0.0017729114728771555,trajectory,GOAL_DIRECT,3.7053592205047607,1.9867087572191302,0.012605288065969944
102,99295.109,2.0116934776306152,0.010538111440837383,-0.979983389377594,4.1275433294065124e-05,0.13878627121448517,-0.00018968766380567104,-0.0019790111109614372,0.13889704427951505,-0.0001942699581853163,-0.0017372310846192971,trajectory,GOAL_DIRECT,3.7061703205108643,2.0116892025631046,0.012605288065969944
103,99295.328,2.0358376502990723,0.010505130514502525,-0.9803290963172913,4.127956628986088e-05,0.13878627121448517,-0.00018941491725854576,-0.0019790111109614372,0.13889704441460243,-0.0001941483683010464,-0.0017042407422003824,trajectory,GOAL_DIRECT,3.706576108932495,2.035833394036846,0.012605288065969944
104,99295.562,2.0624794960021973,0.010468772612512112,-0.9807105660438538,4.1282469480789675e-05,0.13878627121448517,-0.00018920550064649433,-0.0019790111109614372,0.13889704454545804,-0.00019355974434741988,-0.0016699857602859712,trajectory,GOAL_DIRECT,3.7073867321014404,2.062475260446318,0.012605288065969944
105,99295.781,2.0866236686706543,0.010435876436531544,-0.981056272983551,4.1284790433139324e-05,0.13878627121448517,-0.00018900074064731598,-0.0019790111109614372,0.13889704469017763,-0.00019364784550838772,-0.0016359484181715253,trajectory,GOAL_DIRECT,3.708195686340332,2.08661945182231,0.012605288065969944
106,99295.921,2.1124329566955566,0.010400744155049324,-0.9814258217811584,4.128632205082682e-05,0.13878627121448517,-0.00018876757530961186,-0.001978767802938819,0.13889704482102863,-0.00019317786309631552,-0.0016023089473466777,trajectory,GOAL_DIRECT,3.7090067863464355,2.1124287598032723,0.012605288065969944
107,99296.109,2.127002716064453,0.010380925610661507,-0.9816344380378723,4.128698775538126e-05,0.13878627121448517,-0.00018863985314965248,-0.0019789612852036953,0.1388970449614581,-0.0001944892394478125,-0.0015756341606479774,trajectory,GOAL_DIRECT,3.7094130516052246,2.126998530419236,0.012605288065969944
108,99296.328,2.151979446411133,0.010346993803977966,-0.9819920659065247,4.1287632058434074e-05,0.13878627121448517,-0.0001884555967990309,-0.0019789612852036953,0.1388970450404196,-0.000192893308904843,-0.0015485915198787626,trajectory,GOAL_DIRECT,3.7098171710968018,2.1519752800003236,0.012605288065969944
109,99296.562,2.177372455596924,0.010312509723007679,-0.9823556542396545,4.128854879690941e-05,0.13878627121448517,-0.00018836199888028204,-0.0019789612852036953,0.13889704517643672,-0.00019257569159564087,-0.0015147071077882168,trajectory,GOAL_DIRECT,3.7106282711029053,2.1773683087152023,0.012605288065969944
110,99296.796,2.204014301300049,0.01027636043727398,-0.982737123966217,4.1289461526427824e-05,0.13878627121448517,-0.00018816645024344325,-0.0019789612852036953,0.13889704531459116,-0.00019214625471312285,-0.0014796668761020936,trajectory,GOAL_DIRECT,3.711439609527588,2.2040101748665997,0.012605288065969944
111,99297.015,2.2314887046813965,0.010239128954708576,-0.9831305146217346,4.128946142299926e-05,0.13878627121448517,-0.0001878813054645434,-0.0019789612852036953,0.13889704545936188,-0.00019176990199816393,-0.0014432453481966322,trajectory,GOAL_DIRECT,3.7122507095336914,2.231484599279346,0.012605288065969944
112,99297.156,2.2556328773498535,0.010206458158791065,-0.9834762215614319,4.128946136035978e-05,0.13878627121448517,-0.00018760743841994554,-0.0019789612852036953,0.13889704560880026,-0.00019196466974116079,-0.0014086845062342933,trajectory,GOAL_DIRECT,3.7130603790283203,2.255628790376745,0.012605288065969944
113,99297.437,2.2810258865356445,0.010172149166464806,-0.9838398098945618,4.128946151337619e-05,0.13878627121448517,-0.00018732679018285125,-0.0019789612852036953,0.1388970457398787,-0.00019155706048160578,-0.001375323593991513,trajectory,GOAL_DIRECT,3.7138712406158447,2.281021818888318,0.012605288065969944
114,99297.578,2.3047537803649902,0.010140138678252697,-0.9841795563697815,4.128970164867366e-05,0.13878627121448517,-0.00018709954747464508,-0.001981195528060198,0.13889704587781582,-0.0001915373429733021,-0.0013421907854440753,trajectory,GOAL_DIRECT,3.714277982711792,2.3047497307233282,0.012605288065969944
115,99297.781,2.319739818572998,0.010119940154254436,-0.9843941330909729,4.128995263958628e-05,0.13878627121448517,-0.00018695306789595634,-0.001981812296435237,0.1388970460067484,-0.00019250974338010983,-0.0013164928622520955,trajectory,GOAL_DIRECT,3.714682102203369,2.319735780281553,0.012605288065969944
116,99298.0,2.345132827758789,0.010085740126669407,-0.9847577214241028,4.128997847761266e-05,0.13878627121448517,-0.00018673176236916333,-0.0019814360421150923,0.1388970460877226,-0.00019092213372257904,-0.0012889205486807964,trajectory,GOAL_DIRECT,3.7154929637908936,2.3451288086673063,0.012605288065969944
117,99298.156,2.3713583946228027,0.010050475597381592,-0.9851332306861877,4.129107710938005e-05,0.13878627121448517,-0.00018661834474187344,-0.001981155015528202,0.13889704622590576,-0.00019054614436852675,-0.0012542008223455625,trajectory,GOAL_DIRECT,3.716301679611206,2.371354395299404,0.012605288065969944
118,99298.343,2.385928153991699,0.010030885227024555,-0.9853418469429016,4.129145875377884e-05,0.13878627121448517,-0.00018650256970431656,-0.001981155015528202,0.1388970463683056,-0.0001918868121119746,-0.0012272797643041722,trajectory,GOAL_DIRECT,3.7167086601257324,2.385924165642665,0.012605288065969944
119,99298.562,2.4113211631774902,0.009996780194342136,-0.9857054352760315,4.1292124811988805e-05,0.13878627121448517,-0.00018626576638780534,-0.001981155015528202,0.13889704644704448,-0.00019025125910007406,-0.0011999391003110805,trajectory,GOAL_DIRECT,3.7175192832946777,2.4113171939127334,0.012605288065969944
120,99298.781,2.4367141723632812,0.00996269378811121,-0.9860690236091614,4.129281594114933e-05,0.13878627121448517,-0.00018611607083585113,-0.001980895409360528,0.13889704658505317,-0.00018998897411290857,-0.001165813706790063,trajectory,GOAL_DIRECT,3.7183284759521484,2.436710222152593,0.012605288065969944
121,99299.0,2.4625234603881836,0.009928103536367416,-0.9864385724067688,4.129130212764665e-05,0.13878627121448517,-0.00018586296937428415,-0.001980895409360528,0.1388970467228736,-0.00018968006268057851,-0.0011313695215516939,trajectory,GOAL_DIRECT,3.7187349796295166,2.462519529484542,0.012605288065969944
122,99299.14,2.4850025177001953,0.009898017160594463,-0.9867604374885559,4.129053082888318e-05,0.13878627121448517,-0.00018558884039521217,-0.001980895409360528,0.13889704686302456,-0.00018988421287590492,-0.0010990477721805215,trajectory,GOAL_DIRECT,3.719545841217041,2.484998603567231,0.012605288065969944
123,99299.328,2.499988555908203,0.009877982549369335,-0.9869750142097473,4.129026897313111e-05,0.13878627121448517,-0.00018540180462878197,-0.001980895409360528,0.13889704698511277,-0.00019068973155027656,-0.0010741844402302626,trajectory,GOAL_DIRECT,3.719949960708618,2.4999846529308165,0.012605288065969944
124,99299.562,2.527462959289551,0.009841300547122955,-0.9873684048652649,4.129072781879189e-05,0.13878627121448517,-0.00018512479437049478,-0.001980895409360528,0.13889704706591482,-0.0001888319437026106,-0.0010450919101939668,trajectory,GOAL_DIRECT,3.720761299133301,2.5274590767121303,0.012605288065969944
125,99299.703,2.552855968475342,0.009807441383600235,-0.9877319931983948,4.1292452028028795e-05,0.13878627121448517,-0.00018497953715268523,-0.001980895409360528,0.1388970472150074,-0.0001888345873661445,-0.0010096369985600584,trajectory,GOAL_DIRECT,3.7215728759765625,2.5528521047018007,0.012605288065969944
126,99299.89,2.567009449005127,0.00978857558220625,-0.9879346489906311,4.129383782707567e-05,0.13878627121448517,-0.00018483174790162593,-0.001980895409360528,0.13889704735255082,-0.00019011490114368592,-0.000983537463590244,trajectory,GOAL_DIRECT,3.7219765186309814,2.5670055957006195,0.012605288065969944
127,99300.109,2.5915699005126953,0.009755882434546947,-0.9882863163948059,4.129384176013065e-05,0.13878627121448517,-0.00018455115787219256,-0.001980895409360528,0.13889704735162395,-0.0001867666143871668,-0.0009659540933815036,trajectory,GOAL_DIRECT,3.722787857055664,2.591566065328607,0.012605288065969944
128,99300.265,2.616546630859375,0.009722690097987652,-0.9886439442634583,4.1292724482565394e-05,0.13878627121448517,-0.000184360658749938,-0.001980892615392804,0.1388970475616477,-0.00018825114258198063,-0.0009237301805435483,trajectory,GOAL_DIRECT,3.7231924533843994,2.616542814044898,0.012605288065969944
129,99300.39,2.631532669067383,0.009702791459858418,-0.9888585209846497,4.129281883914741e-05,0.13878627121448517,-0.00018411868950352073,-0.001980892615392804,0.1388970476967691,-0.00018936731620258895,-0.0008972963490499263,trajectory,GOAL_DIRECT,3.7235987186431885,2.6315288632543776,0.012605288065969944
130,99300.578,2.6461024284362793,0.009683466516435146,-0.9890671372413635,4.1293183079598735e-05,0.13878627121448517,-0.00018390800687484443,-0.001980892615392804,0.13889704777754383,-0.00018927892433756493,-0.0008774425389537498,trajectory,GOAL_DIRECT,3.724003314971924,2.6460986332975853,0.012605288065969944
131,99300.796,2.6706628799438477,0.009650937281548977,-0.9894188046455383,4.129331449444705e-05,0.13878627121448517,-0.00018371867190580815,-0.001980892615392804,0.13889704785600618,-0.0001877726801978142,-0.0008506979214085397,trajectory,GOAL_DIRECT,3.7248144149780273,2.670659102750669,0.012605288065969944
132,99301.015,2.6943907737731934,0.009619522839784622,-0.9897585511207581,4.1293674535162006e-05,0.13878627121448517,-0.00018358402303420007,-0.001980892615392804,0.1388970479887548,-0.0001876291887075237,-0.0008182673521373206,trajectory,GOAL_DIRECT,3.7256267070770264,2.694387013894108,0.012605288065969944
133,99301.218,2.7226977348327637,0.009582094848155975,-0.9901638627052307,4.129567145191226e-05,0.13878627121448517,-0.0001833149726735428,-0.0019808646757155657,0.13889704811675732,-0.0001867697952726213,-0.0007830842624255275,trajectory,GOAL_DIRECT,3.7264368534088135,2.722693995553332,0.012605288065969944
134,99301.468,2.7489233016967773,0.009547476656734943,-0.9905393719673157,4.129492178700098e-05,0.13878627121448517,-0.00018301243835594505,-0.0019806784112006426,0.13889704826922897,-0.00018677225964550598,-0.0007465247056572321,trajectory,GOAL_DIRECT,3.727245569229126,2.7489195814402265,0.012605288065969944
135,99301.703,2.7755651473999023,0.00951237604022026,-0.9909208416938782,4.1292848114325646e-05,0.13878627121448517,-0.0001826405496103689,-0.0019804404582828283,0.1388970484103312,-0.00018646301090859244,-0.0007109800103567687,trajectory,GOAL_DIRECT,3.727652072906494,2.7755614463991876,0.012605288065969944
136,99301.921,2.8022069931030273,0.00947734247893095,-0.9913023114204407,4.129226619018732e-05,0.13878627121448517,-0.000182304996997118,-0.0019804572220891714,0.13889704855374135,-0.0001862029721443894,-0.0006751531877944262,trajectory,GOAL_DIRECT,3.7284605503082275,2.8022033112891584,0.012605288065969944
137,99302.14,2.8263511657714844,0.009445643983781338,-0.9916480183601379,4.1295172900661104e-05,0.13878627121448517,-0.00018202046339865774,-0.0019804572220891714,0.13889704869693612,-0.00018627658515395622,-0.0006411158456799803,trajectory,GOAL_DIRECT,3.7292721271514893,2.826347501291835,0.012605288065969944
138,99302.281,2.85007905960083,0.009414540603756905,-0.9919877648353577,4.130117565152022e-05,0.13878627121448517,-0.00018173284479416907,-0.0019804572220891714,0.13889704882609277,-0.00018609606034350213,-0.0006089470263327079,trajectory,GOAL_DIRECT,3.7300827503204346,2.850075412105431,0.012605288065969944
139,99302.468,2.8646488189697266,0.009395471774041653,-0.9921963810920715,4.130486832053981e-05,0.13878627121448517,-0.00018157770682591945,-0.0019804572220891714,0.13889704895287494,-0.00018708980590279161,-0.000583596467834675,trajectory,GOAL_DIRECT,3.73048734664917,2.8646451818736374,0.012605288065969944
140,99302.703,2.8925395011901855,0.009359002113342285,-0.9925957322120667,4.1312912284899926e-05,0.13878627121448517,-0.00018132023978978395,-0.0019804572220891714,0.1388970490301414,-0.00018515628503226175,-0.0005544676644983216,trajectory,GOAL_DIRECT,3.731297731399536,2.8925358839614734,0.012605288065969944
141,99302.937,2.920846462249756,0.009322017431259155,-0.9930010437965393,4.132306567934807e-05,0.13878627121448517,-0.00018118610023520887,-0.0019804572220891714,0.13889704917905568,-0.00018480870813658448,-0.0005166648403733943,trajectory,GOAL_DIRECT,3.732109785079956,2.9208428651435607,0.012605288065969944
142,99303.14,2.944990634918213,0.009290513582527637,-0.9933467507362366,4.1333753664747e-05,0.13878627121448517,-0.0001809321402106434,-0.0019804572220891714,0.13889704932974983,-0.00018508416238431334,-0.00048158049856328994,trajectory,GOAL_DIRECT,3.7329206466674805,2.9449870549280526,0.012605288065969944
143,99303.375,2.9712162017822266,0.009256348013877869,-0.9937222599983215,4.1348578445170524e-05,0.13878627121448517,-0.0001805854553822428,-0.0019804572220891714,0.1388970494576494,-0.0001845730879737083,-0.00044762353987275573,trajectory,GOAL_DIRECT,3.733325719833374,2.9712126403263337,0.012605288065969944
144,99303.593,2.995776653289795,0.009224411100149155,-0.9940637350082397,4.136152609042534e-05,0.13878627121448517,-0.00018030201317742467,-0.0017575172241777182,0.1388970495962976,-0.00018453884148516913,-0.00043189474400399773,trajectory,GOAL_DIRECT,3.734135866165161,2.9957731091309974,0.012605288065969944
145,99303.812,3.021169662475586,0.009191442281007767,-0.9943671226501465,4.137131957540174e-05,0.13878627121448517,-0.0001800132158678025,-0.0014944466529414058,0.13889704972592262,-0.00018418658566927846,-0.0004227753544672619,trajectory,GOAL_DIRECT,3.734937906265259,3.0211661361463698,0.012605288065969944
146,99304.015,3.0482277870178223,0.009156367741525173,-0.9946417212486267,4.1381131250199235e-05,0.13878627121448517,-0.00017972811474464834,-0.0012689635623246431,0.1388970498602905,-0.00018371341794145416,-0.00041376100066606075,trajectory,GOAL_DIRECT,3.735626220703125,3.048224279627604,0.012605288065969944
147,99304.234,3.071955680847168,0.00912565365433693,-0.9948475956916809,4.1386195257373604e-05,0.13878627121448517,-0.00017947763262782246,-0.0010849414393305779,0.1388970500035028,-0.00018388580943728717,-0.0004061302293587887,trajectory,GOAL_DIRECT,3.736201524734497,3.0719521900174804,0.012605288065969944
148,99304.468,3.097348690032959,0.009092834778130054,-0.99503493309021,4.138830532931854e-05,0.13878627121448517,-0.0001791898102965206,-0.0009291911264881492,0.1388970501291821,-0.00018342966664646322,-0.0004001825420881255,trajectory,GOAL_DIRECT,3.7364559173583984,3.0973452168726485,0.012605288065969944
149,99304.687,3.1235742568969727,0.009058988653123379,-0.9952020645141602,4.139023353498347e-05,0.13878627121448517,-0.00017892946198116988,-0.0007995582418516278,0.13889705026409882,-0.00018306353064574058,-0.0003939698015533355,trajectory,GOAL_DIRECT,3.7368967533111572,3.123570801932269,0.012605288065969944
150,99304.89,3.148134708404541,0.009027338586747646,-0.9953365921974182,4.139216528055995e-05,0.13878627121448517,-0.00017869427392724901,-0.0006883693858981133,0.13889705040349537,-0.0001830185657422777,-0.0003887990580005729,trajectory,GOAL_DIRECT,3.7372679710388184,3.1481312704296673,0.012605288065969944
151,99305.125,3.1756091117858887,0.008991986513137817,-0.9954639673233032,4.139351130705999e-05,0.13878627121448517,-0.0001784111955203116,-0.000583105836994946,0.1388970505337112,-0.00018238690762305062,-0.00038494368983615023,trajectory,GOAL_DIRECT,3.7375826835632324,3.175605692759465,0.012605288065969944
152,99305.343,3.2018346786499023,0.008958293125033379,-0.9955691695213318,4.139415881452861e-05,0.13878627121448517,-0.0001781430037226528,-0.0005024118581786752,0.1388970506795173,-0.00018227466759299348,-0.0003805455023661808,trajectory,GOAL_DIRECT,3.7378454208374023,3.2018312776548346,0.012605288065969944
153,99305.546,3.2263951301574707,0.008926785551011562,-0.9956541657447815,4.139471898471567e-05,0.13878627121448517,-0.00017786494572646916,-0.0004329346411395818,0.13889705081859977,-0.00018223117593143474,-0.00037723398240004704,trajectory,GOAL_DIRECT,3.738070249557495,3.2263917459990203,0.012605288065969944
154,99305.703,3.2517881393432617,0.00889426190406084,-0.9957287907600403,4.139538482161011e-05,0.13878627121448517,-0.000177580353920348,-0.0003718719817698002,0.13889705094868518,-0.0001818759855670427,-0.000374655190471781,trajectory,GOAL_DIRECT,3.738171100616455,3.251784772537981,0.012605288065969944
155,99306.0,3.27634859085083,0.008862851187586784,-0.9957891702651978,4.139644716721496e-05,0.13878627121448517,-0.00017732215928845108,-0.00031574032618664205,0.13889705108315228,-0.00018172917670618218,-0.0003728496386133762,trajectory,GOAL_DIRECT,3.7383453845977783,3.276345240780225,0.012605288065969944
156,99306.14,3.302990436553955,0.008828825317323208,-0.995848536491394,4.1397709612856747e-05,0.13878627121448517,-0.00017706913058646023,-0.00028411392122507095,0.138897051213052,-0.00018120624839732452,-0.00036975991297135135,trajectory,GOAL_DIRECT,3.73848819732666,3.3029871045850037,0.012605288065969944
157,99306.328,3.3171439170837402,0.00881077628582716,-0.995875895023346,4.139793873322496e-05,0.13878627121448517,-0.00017693500558380038,-0.00024699841742403805,0.1388970513543361,-0.0001825698037006857,-0.00036875419743579775,trajectory,GOAL_DIRECT,3.7385525703430176,3.3171405947040427,0.012605288065969944
158,99306.546,3.3437857627868652,0.008776830509305,-0.9959207773208618,4.1398593910215e-05,0.13878627121448517,-0.00017667537031229585,-0.00022387225180864334,0.1388970513534858,-0.00017908576069399398,-0.00036836017580923585,trajectory,GOAL_DIRECT,3.738668441772461,3.3437824584231457,0.012605288065969944
159,99306.781,3.368762493133545,0.008745035156607628,-0.9959591627120972,4.139941189428172e-05,0.13878627121448517,-0.00017652117821853608,-0.00019710391643457115,0.1388970515698755,-0.00018072897966442896,-0.0003654099639996766,trajectory,GOAL_DIRECT,3.7387642860412598,3.368759205623121,0.012605288065969944
160,99307.0,3.3949880599975586,0.008711714297533035,-0.9959953427314758,4.140054671021836e-05,0.13878627121448517,-0.00017608616326469928,-0.00017155152454506606,0.13889705170132033,-0.00018032710785174125,-0.0003639594848719718,trajectory,GOAL_DIRECT,3.73880934715271,3.394984790119178,0.012605288065969944
161,99307.218,3.4187159538269043,0.008681628853082657,-0.9960233569145203,4.1401729418211946e-05,0.13878627121448517,-0.0001757880236255005,-0.00014987307076808065,0.13889705183958648,-0.00018039207305476228,-0.00036270422998390225,trajectory,GOAL_DIRECT,3.738889455795288,3.4187126998410484,0.012605288065969944
162,99307.453,3.4445252418518066,0.008648953400552273,-0.9960493445396423,4.140187877569647e-05,0.13878627121448517,-0.00017552427016198635,-0.00012966089707333595,0.13889705196440227,-0.0001798808083816053,-0.0003617915979809827,trajectory,GOAL_DIRECT,3.7389581203460693,3.4445220051010015,0.012605288065969944
163,99307.656,3.472832202911377,0.008613171987235546,-0.9960737824440002,4.140155139994106e-05,0.13878627121448517,-0.00017529199249111116,-0.0001128205331042409,0.13889705210036687,-0.00017929009684537257,-0.0003607757022124702,trajectory,GOAL_DIRECT,3.7390153408050537,3.472828985003794,0.012605288065969944
164,99307.875,3.4978089332580566,0.008581642061471939,-0.9960939288139343,4.14014093464716e-05,0.13878627121448517,-0.0001750698429532349,-9.777265222510323e-05,0.1388970522495556,-0.00017943022155199716,-0.0003598990394980539,trajectory,GOAL_DIRECT,3.7390642166137695,3.4978057319301623,0.012605288065969944
165,99308.093,3.5219531059265137,0.008551201783120632,-0.9961103796958923,4.1400990944868686e-05,0.13878627121448517,-0.00017481044051237404,-8.45258473418653e-05,0.13889705238094133,-0.00017928366063809013,-0.0003592515250480632,trajectory,GOAL_DIRECT,3.739089012145996,3.5219499205831166,0.012605288065969944
166,99308.312,3.547762393951416,0.008518708869814873,-0.9961251616477966,4.1400539941245824e-05,0.13878627121448517,-0.000174550645169802,-7.285979518201202e-05,0.13889705250792148,-0.0001788215251815712,-0.0003587232818356689,trajectory,GOAL_DIRECT,3.7391302585601807,3.547759225645219,0.012605288065969944
167,99308.546,3.5723228454589844,0.008487828075885773,-0.9961379170417786,4.1399877824756306e-05,0.13878627121448517,-0.00017432445019949228,-6.336815567919984e-05,0.13889705264374658,-0.00017871630902841014,-0.0003581957034854821,trajectory,GOAL_DIRECT,3.739161968231201,3.5723196933216546,0.012605288065969944
168,99308.75,3.6002135276794434,0.008452818728983402,-0.9961498975753784,4.1398659078619127e-05,0.13878627121448517,-0.00017405592370778322,-5.5012351367622614e-05,0.13889705277281553,-0.00017803504472950314,-0.0003577049963132905,trajectory,GOAL_DIRECT,3.739192485809326,3.600210393842909,0.012605288065969944
169,99308.984,3.6268553733825684,0.008419427089393139,-0.9961604475975037,4.139931749383929e-05,0.13878627121448517,-0.0001738023856887594,-4.736610208055936e-05,0.1388970529194912,-0.00017790867776180702,-0.00035726307780298283,trajectory,GOAL_DIRECT,3.7392160892486572,3.6268522569734696,0.012605288065969944
170,99309.218,3.6522483825683594,0.008387645706534386,-0.9961677193641663,4.1399790369802065e-05,0.13878627121448517,-0.0001735263067530468,-4.076986442669295e-05,0.1388970530592073,-0.00017779733655958694,-0.0003569638911168293,trajectory,GOAL_DIRECT,3.7392375469207764,3.652245282721216,0.012605288065969944
171,99309.421,3.675976276397705,0.008357994258403778,-0.9961745142936707,4.140025606828857e-05,0.13878627121448517,-0.00017326466331724077,-3.6511137295747176e-05,0.1388970531923455,-0.0001777522365550316,-0.0003566455079049513,trajectory,GOAL_DIRECT,3.7392468452453613,3.675973191979118,0.012605288065969944
172,99309.625,3.700120449066162,0.008327863179147243,-0.9961814284324646,4.1400008791245384e-05,0.13878627121448517,-0.00017302186461165547,-3.217373159714043e-05,0.1388970533166371,-0.00017745460290447413,-0.0003563483985078974,trajectory,GOAL_DIRECT,3.739262580871582,3.7001173803035527,0.012605288065969944
173,99309.781,3.7275948524475098,0.00829362589865923,-0.9961878061294556,4.139964502866506e-05,0.13878627121448517,-0.00017276946164201945,-2.700946970435325e-05,0.138897053443118,-0.00017677795312917016,-0.0003561390246980423,trajectory,GOAL_DIRECT,3.739278793334961,3.7275918014472875,0.012605288065969944
174,99309.968,3.7413320541381836,0.00827653519809246,-0.9961897730827332,4.139987043490229e-05,0.13878627121448517,-0.00017263615154661238,-2.352609772060532e-05,0.13889705358750307,-0.00017824986398139682,-0.00035603927437426685,trajectory,GOAL_DIRECT,3.739288091659546,3.7413290119920806,0.012605288065969944
175,99310.187,3.7663087844848633,0.00824548490345478,-0.9961933493614197,4.140085669418321e-05,0.13878627121448517,-0.00017237763677258044,-2.169214167224709e-05,0.1388970535866609,-0.00017506219621956186,-0.00035600717692380935,trajectory,GOAL_DIRECT,3.7392966747283936,3.766305758408624,0.012605288065969944
176,99310.406,3.7917017936706543,0.008213954977691174,-0.996196985244751,4.1400401537843364e-05,0.13878627121448517,-0.00017223041504621506,-1.982528374355752e-05,0.13889705378978023,-0.00017635290866441686,-0.0003557313039623034,trajectory,GOAL_DIRECT,3.73930025100708,3.7916987838895935,0.012605288065969944
177,99310.625,3.8162622451782227,0.008183497935533524,-0.9962005019187927,4.139885870522974e-05,0.13878627121448517,-0.0001718547282507643,-1.7636553820921108e-05,0.13889705392224472,-0.00017620595245976744,-0.0003555709012004293,trajectory,GOAL_DIRECT,3.739309072494507,3.816259251115282,0.012605288065969944
178,99310.765,3.8416552543640137,0.008152076974511147,-0.996204137802124,4.1396880021739204e-05,0.13878627121448517,-0.00017153075896203518,-1.5250404430844355e-05,0.13889705405059835,-0.00017585314426578745,-0.0003554255665300243,trajectory,GOAL_DIRECT,3.7393171787261963,3.8416522764872916,0.012605288065969944
179,99310.968,3.854976177215576,0.00813562236726284,-0.9962060451507568,4.13962543269641e-05,0.13878627121448517,-0.00017139455303549767,-1.351658738713013e-05,0.13889705418371634,-0.00017712262044097238,-0.00035530923700827775,trajectory,GOAL_DIRECT,3.739321231842041,3.854973207803239,0.012605288065969944
180,99311.203,3.8832831382751465,0.008100684732198715,-0.9962100982666016,4.1396316661420774e-05,0.13878627121448517,-0.00017114615184254944,-1.1612535672611557e-05,0.1388970541828946,-0.0001735315540989465,-0.00035525890535320295,trajectory,GOAL_DIRECT,3.7393295764923096,3.8832801868154103,0.012605288065969944
181,99311.421,3.910757541656494,0.008066816255450249,-0.9962132573127747,4.139685435311128e-05,0.13878627121448517,-0.0001709970092633739,-9.24785308598075e-06,0.13889705440073993,-0.00017488260941538432,-0.0003550283777275986,trajectory,GOAL_DIRECT,3.73933744430542,3.9107546075734785,0.012605288065969944
182,99311.64,3.934901714324951,0.008037091232836246,-0.9962132573127747,4.1397243290683115e-05,0.13878627121448517,-0.0001705887116258964,-7.2508178163843695e-06,0.13889705454346596,-0.00017503132384387375,-0.0003550494130894577,trajectory,GOAL_DIRECT,3.7393441200256348,3.9348987954703105,0.012605288065969944
183,99311.859,3.9594621658325195,0.008006928488612175,-0.9962132573127747,4.139694183155069e-05,0.13878627121448517,-0.0001702466979622841,-7.0448163569380995e-06,0.138897054668946,-0.00017473845128746106,-0.00035506589320621337,trajectory,GOAL_DIRECT,3.7393441200256348,3.959459262400804,0.012605288065969944
184,99312.093,3.984438896179199,0.007976306602358818,-0.9962132573127747,4.139683648092768e-05,0.13878627121448517,-0.000170006780535914,-7.322340479731793e-06,0.138897054796634,-0.00017443090522143147,-0.0003550436912763899,trajectory,GOAL_DIRECT,3.7393436431884766,3.9844360083799266,0.012605288065969944
185,99312.328,4.010664463043213,0.007944202050566673,-0.9962132573127747,4.139691296432169e-05,0.13878627121448517,-0.0001697857369435951,-7.31375666873646e-06,0.13889705492639257,-0.0001740112719311711,-0.00035504437798126955,trajectory,GOAL_DIRECT,3.739344358444214,4.01066159160764,0.012605288065969944
186,99312.531,4.038971424102783,0.00790958572179079,-0.9962132573127747,4.1400107118412424e-05,0.13878627121448517,-0.00016956029867287725,-7.31375666873646e-06,0.13889705506260647,-0.00017347144750926705,-0.00035504437798126955,trajectory,GOAL_DIRECT,3.7393441200256348,4.038968570285839,0.012605288065969944
187,99312.734,4.0672783851623535,0.007875017821788788,-0.9962132573127747,4.140095093900202e-05,0.13878627121448517,-0.0001692928053671494,-7.31375666873646e-06,0.1388970552092744,-0.000173175434626727,-0.00035504437798126955,trajectory,GOAL_DIRECT,3.739344358444214,4.067275548910786,0.012605288065969944
188,99313.031,4.0939202308654785,0.00784254353493452,-0.9962132573127747,4.140141637726793e-05,0.13878627121448517,-0.0001689745404291898,-7.31375666873646e-06,0.1388970553560457,-0.00017309394641370845,-0.00035504437798126955,trajectory,GOAL_DIRECT,3.7393438816070557,4.09391741108594,0.012605288065969944
189,99313.281,4.118896961212158,0.007812156807631254,-0.9962132573127747,4.1401711153485145e-05,0.13878627121448517,-0.00016865531506482512,-7.31375666873646e-06,0.13889705549399506,-0.0001730307268669821,-0.00035504437798126955,trajectory,GOAL_DIRECT,3.7393436431884766,4.118894156818802,0.012605288065969944
190,99313.484,4.145122528076172,0.007780309300869703,-0.9962132573127747,4.140171131338995e-05,0.13878627121448517,-0.00016836664872244,-7.31375666873646e-06,0.13889705562317856,-0.00017261712127657097,-0.00035504437798126955,trajectory,GOAL_DIRECT,3.7393441200256348,4.145119739780993,0.012605288065969944
191,99313.703,4.16968297958374,0.0077505288645625114,-0.9962132573127747,4.140171137226107e-05,0.13878627121448517,-0.00016813250840641558,-7.31375666873646e-06,0.13889705575890482,-0.00017254961853494416,-0.00035504437798126955,trajectory,GOAL_DIRECT,3.739344358444214,4.1696802063181995,0.012605288065969944
192,99313.859,4.195492267608643,0.007719277869910002,-0.9962132573127747,4.1401711383567856e-05,0.13878627121448517,-0.00016787984350230545,-7.31375666873646e-06,0.13889705588583304,-0.00017213652990901446,-0.00035504437798126955,trajectory,GOAL_DIRECT,3.7393438816070557,4.195489510090914,0.012605288065969944
193,99314.062,4.209645748138428,0.007702161557972431,-0.9962132573127747,4.1401711295998e-05,0.13878627121448517,-0.00016774250252638012,-7.31375666873646e-06,0.13889705601960164,-0.00017331350910980658,-0.00035504437798126955,trajectory,GOAL_DIRECT,3.739344596862793,4.209642999234928,0.012605288065969944
194,99314.203,4.237120151519775,0.0076689766719937325,-0.9962132573127747,4.140171169904274e-05,0.13878627121448517,-0.00016748376947361976,-7.31375666873646e-06,0.1388970560923102,-0.0001715099166701649,-0.00035504437798126955,trajectory,GOAL_DIRECT,3.7393436431884766,4.237117419295847,0.012605288065969944
195,99314.328,4.2512736320495605,0.007651893887668848,-0.9962132573127747,4.140159877065639e-05,0.13878627121448517,-0.00016739999409765005,-7.31375666873646e-06,0.13889705623477552,-0.00017286668190935242,-0.00035504437798126955,trajectory,GOAL_DIRECT,3.739345073699951,4.25127090840256,0.012605288065969944
196,99314.453,4.265427112579346,0.007634826470166445,-0.9962132573127747,4.140121324569072e-05,0.13878627121448517,-0.00016728666378185153,-7.31375666873646e-06,0.1388970563080026,-0.00017271447401399377,-0.00035504437798126955,trajectory,GOAL_DIRECT,3.739344596862793,4.265424397493778,0.012605288065969944
197,99314.656,4.279580593109131,0.007617767434567213,-0.9962132573127747,4.140071866810028e-05,0.13878627121448517,-0.00016721257998142391,-7.31375666873646e-06,0.1388970563813581,-0.00017255830615955274,-0.00035504437798126955,trajectory,GOAL_DIRECT,3.7393441200256348,4.279577886574472,0.012605288065969944
198,99314.875,4.306638717651367,0.007585168816149235,-0.9962132573127747,4.140018042213284e-05,0.13878627121448517,-0.0001671244390308857,-7.31375666873646e-06,0.13889705638105873,-0.0001691934273861399,-0.00035504437798126955,trajectory,GOAL_DIRECT,3.7393438816070557,4.306636027441188,0.012605288065969944
199,99315.109,4.332031726837158,0.007554591633379459,-0.9962132573127747,4.139993211635601e-05,0.13878627121448517,-0.0001670025521889329,-7.31375666873646e-06,0.1388970565953041,-0.0001707008596896897,-0.00035504437798126955,trajectory,GOAL_DIRECT,3.7393441200256348,4.33202905192071,0.012605288065969944
200,99315.343,4.3590898513793945,0.0075220707803964615,-0.9962132573127747,4.1399458764426195e-05,0.13878627121448517,-0.00016651909390930086,-7.31375666873646e-06,0.13889705672625632,-0.00017024374056267674,-0.00035504437798126955,trajectory,GOAL_DIRECT,3.739345073699951,4.359087192699782,0.012605288065969944
201,99315.578,4.385315418243408,0.0074906363151967525,-0.9962132573127747,4.1399171686997804e-05,0.13878627121448517,-0.00016612329636700451,-7.31375666873646e-06,0.13889705686603443,-0.00017007352401238367,-0.00035504437798126955,trajectory,GOAL_DIRECT,3.739344835281372,4.385312775224438,0.012605288065969944
202,99315.812,4.4136223793029785,0.007456785533577204,-0.9962132573127747,4.139917178620518e-05,0.13878627121448517,-0.00016574247274547815,-7.31375666873646e-06,0.13889705700105842,-0.00016954997826980402,-0.00035504437798126955,trajectory,GOAL_DIRECT,3.739345073699951,4.413619753114608,0.012605288065969944
203,99316.046,4.4402642250061035,0.00742499390617013,-0.9962132573127747,4.139917179516412e-05,0.13878627121448517,-0.00016540846263524145,-7.31375666873646e-06,0.1388970571466976,-0.00016946184773285758,-0.00035504437798126955,trajectory,GOAL_DIRECT,3.7393455505371094,4.440261614593833,0.012605288065969944
204,99316.281,4.467738628387451,0.007392276078462601,-0.9962132573127747,4.139874985274059e-05,0.13878627121448517,-0.00016506281099282205,-7.31375666873646e-06,0.1388970572834235,-0.0001690850142226672,-0.00035504437798126955,trajectory,GOAL_DIRECT,3.739344596862793,4.46773603418014,0.012605288065969944
205,99316.5,4.493131637573242,0.007362096104770899,-0.9962132573127747,4.1398306037067344e-05,0.13878627121448517,-0.000164770070114173,-7.31375666873646e-06,0.1388970574244566,-0.00016905267764832747,-0.00035504437798126955,trajectory,GOAL_DIRECT,3.739344835281372,4.493129058286506,0.012605288065969944
206,99316.718,4.5201897621154785,0.0073299952782690525,-0.9962132573127747,4.1397895195977815e-05,0.13878627121448517,-0.00016449272516183555,-7.31375666873646e-06,0.1388970575546051,-0.0001685817537293265,-0.00035504437798126955,trajectory,GOAL_DIRECT,3.739344358444214,4.5201871986709605,0.012605288065969944
207,99316.953,4.5468316078186035,0.007298435550183058,-0.9962132573127747,4.1397895065772513e-05,0.13878627121448517,-0.0001642459537833929,-7.31375666873646e-06,0.13889705769329952,-0.000168343774633243,-0.00035504437798126955,trajectory,GOAL_DIRECT,3.739344358444214,4.546829059923411,0.012605288065969944
208,99317.203,4.5734734535217285,0.007266925182193518,-0.9962132573127747,4.1397895058721384e-05,0.13878627121448517,-0.00016396936553064734,-7.31375666873646e-06,0.13889705782967599,-0.00016806171241799266,-0.00035504437798126955,trajectory,GOAL_DIRECT,3.739345073699951,4.573470921125395,0.012605288065969944
209,99317.406,4.5976176261901855,0.007238416932523251,-0.9962132573127747,4.139789494273045e-05,0.13878627121448517,-0.0001637094683246687,-7.31375666873646e-06,0.13889705796605356,-0.0001680835343581612,-0.00035504437798126955,trajectory,GOAL_DIRECT,3.739345073699951,4.5976151077924055,0.012605288065969944
210,99317.625,4.623010635375977,0.007208484690636396,-0.9962132573127747,4.139789503095689e-05,0.13878627121448517,-0.0001634200307307765,-7.31375666873646e-06,0.1388970580893643,-0.00016767840098700566,-0.00035504437798126955,trajectory,GOAL_DIRECT,3.739344835281372,4.623008131651465,0.012605288065969944
211,99317.875,4.649652481079102,0.007177133113145828,-0.9962132573127747,4.139789512727947e-05,0.13878627121448517,-0.00016315623361151665,-7.31375666873646e-06,0.13889705821906725,-0.0001672569710888683,-0.00035504437798126955,trajectory,GOAL_DIRECT,3.739345073699951,4.649649992697265,0.012605288065969944
212,99318.109,4.677126884460449,0.0071448530070483685,-0.9962132573127747,4.1397894971083154e-05,0.13878627121448517,-0.00016287981998175383,-7.31375666873646e-06,0.13889705835505162,-0.00016687254078021736,-0.00035504437798126955,trajectory,GOAL_DIRECT,3.7393438816070557,4.6771244118485225,0.012605288065969944
213,99318.328,4.7041850090026855,0.0071131205186247826,-0.9962132573127747,4.1397894954705765e-05,0.13878627121448517,-0.00016257331299129874,-7.31375666873646e-06,0.13889705849516348,-0.00016663317026491752,-0.00035504437798126955,trajectory,GOAL_DIRECT,3.739344596862793,4.704182551864639,0.012605288065969944
214,99318.546,4.731659412384033,0.0070809610188007355,-0.9962132573127747,4.1397895012834255e-05,0.13878627121448517,-0.00016226402658503503,-7.31375666873646e-06,0.13889705863299773,-0.0001662977166973526,-0.00035504437798126955,trajectory,GOAL_DIRECT,3.739344835281372,4.731656970898841,0.012605288065969944
215,99318.796,4.7587175369262695,0.0070493477396667,-0.9962132573127747,4.139789497453544e-05,0.13878627121448517,-0.00016196236538235098,-7.31375666873646e-06,0.13889705877284203,-0.0001660573516689911,-0.00035504437798126955,trajectory,GOAL_DIRECT,3.7393441200256348,4.758715110799569,0.012605288065969944
216,99319.031,4.7866082191467285,0.007016823627054691,-0.9962132573127747,4.139789501266919e-05,0.13878627121448517,-0.00016165275883395225,-7.31375666873646e-06,0.13889705891039125,-0.00016567136481436404,-0.00035504437798126955,trajectory,GOAL_DIRECT,3.739344835281372,4.786605808791331,0.012605288065969944
217,99319.25,4.8120012283325195,0.006987266708165407,-0.9962132573127747,4.139789496770422e-05,0.13878627121448517,-0.00016137365309987217,-7.31375666873646e-06,0.13889705905215857,-0.00016567455814020356,-0.00035504437798126955,trajectory,GOAL_DIRECT,3.7393441200256348,4.811998832283432,0.012605288065969944
218,99319.484,4.836977958679199,0.006958244368433952,-0.9962132573127747,4.139789504143785e-05,0.13878627121448517,-0.00016110471915453672,-7.31375666873646e-06,0.13889705918105225,-0.00016545405741240555,-0.00035504437798126955,trajectory,GOAL_DIRECT,3.739344596862793,4.836975576653517,0.012605288065969944
219,99319.64,4.864868640899658,0.006925889290869236,-0.9962132573127747,4.139789516324137e-05,0.13878627121448517,-0.00016083201626315713,-7.31375666873646e-06,0.13889705930769367,-0.00016483799425251577,-0.00035504437798126955,trajectory,GOAL_DIRECT,3.739344358444214,4.864866274480558,0.012605288065969944
220,99319.828,4.878605842590332,0.006909972056746483,-0.9962132573127747,4.139789503406103e-05,0.13878627121448517,-0.00016070053970906883,-7.31375666873646e-06,0.13889705944961123,-0.00016622382502190996,-0.00035504437798126955,trajectory,GOAL_DIRECT,3.7393438816070557,4.878603483838784,0.012605288065969944
221,99319.968,4.902333736419678,0.006882513407617807,-0.9962132573127747,4.13978954290916e-05,0.13878627121448517,-0.0001604720891918987,-7.31375666873646e-06,0.13889705951895998,-0.00016488531194864699,-0.00035504437798126955,trajectory,GOAL_DIRECT,3.739345073699951,4.902331390878437,0.012605288065969944
222,99320.187,4.918152332305908,0.006864224094897509,-0.9962132573127747,4.139789533749875e-05,0.13878627121448517,-0.00016037150635384023,-7.31375666873646e-06,0.13889705963964583,-0.000165564273106429,-0.00035504437798126955,trajectory,GOAL_DIRECT,3.739344835281372,4.918149995553335,0.012605288065969944
223,99320.375,4.942712783813477,0.006835855543613434,-0.9962132573127747,4.139789542459695e-05,0.13878627121448517,-0.0001601811673026532,-7.31375666873646e-06,0.13889705971973007,-0.00016434922462345858,-0.00035504437798126955,trajectory,GOAL_DIRECT,3.7393436431884766,4.942710460676302,0.012605288065969944
224,99320.593,4.966440677642822,0.006808476056903601,-0.9962132573127747,4.139789532065279e-05,0.13878627121448517,-0.00016004052304197103,-7.31375666873646e-06,0.13889705984462042,-0.00016417332363489554,-0.00035504437798126955,trajectory,GOAL_DIRECT,3.739344596862793,4.966438367628031,0.012605288065969944
225,99320.812,4.991001129150391,0.006780164781957865,-0.9962132573127747,4.139789516069946e-05,0.13878627121448517,-0.00015984257333911955,-7.31375666873646e-06,0.13889705996516677,-0.0001638121793965084,-0.00035504437798126955,trajectory,GOAL_DIRECT,3.739344358444214,4.99099883268549,0.012605288065969944
226,99320.953,5.016394138336182,0.006750932894647121,-0.9962132573127747,4.139789507562189e-05,0.13878627121448517,-0.00015961474855430424,-7.31375666873646e-06,0.13889706008996164,-0.00016344402745005444,-0.00035504437798126955,trajectory,GOAL_DIRECT,3.739344835281372,5.016391855839739,0.012605288065969944
227,99321.25,5.043868541717529,0.006719355937093496,-0.9962132573127747,4.1397895002763006e-05,0.13878627121448517,-0.00015931912639643997,-7.31375666873646e-06,0.13889706021880008,-0.0001629232977787668,-0.00035504437798126955,trajectory,GOAL_DIRECT,3.7393441200256348,5.043866274283674,0.012605288065969944
228,99321.484,5.069677829742432,0.006689748261123896,-0.9962132573127747,4.139789489420546e-05,0.13878627121448517,-0.0001590388419572264,-7.31375666873646e-06,0.13889706035827817,-0.00016282314239441718,-0.00035504437798126955,trajectory,GOAL_DIRECT,3.739344835281372,5.0696755764053325,0.012605288065969944
229,99321.718,5.097152233123779,0.006658292841166258,-0.9962132573127747,4.1397894779542374e-05,0.13878627121448517,-0.00015868157788645476,-7.31375666873646e-06,0.13889706048886583,-0.0001623531908188693,-0.00035504437798126955,trajectory,GOAL_DIRECT,3.7393453121185303,5.0971499947344,0.012605288065969944
230,99321.937,5.124210357666016,0.006627384107559919,-0.9962132573127747,4.1397894790421455e-05,0.13878627121448517,-0.00015833033830858767,-7.31375666873646e-06,0.13889706062780338,-0.00016211083748610017,-0.00035504437798126955,trajectory,GOAL_DIRECT,3.739344358444214,5.124208133934205,0.012605288065969944
231,99322.093,5.150852203369141,0.006597017403692007,-0.9962132573127747,4.139789484224239e-05,0.13878627121448517,-0.00015797642117831856,-7.31375666873646e-06,0.13889706076436034,-0.0001618731817325752,-0.00035504437798126955,trajectory,GOAL_DIRECT,3.739344835281372,5.150849994008766,0.012605288065969944
232,99322.296,5.164173126220703,0.0065818591974675655,-0.9962132573127747,4.1397894826281036e-05,0.13878627121448517,-0.00015780972898937762,-7.31375666873646e-06,0.13889706089919254,-0.00016314552970238247,-0.00035504437798126955,trajectory,GOAL_DIRECT,3.739344358444214,5.1641709240232565,0.012605288065969944
233,99322.437,5.18831729888916,0.006554426625370979,-0.9962132573127747,4.139789523229178e-05,0.13878627121448517,-0.0001575218338984996,-7.31375666873646e-06,0.13889706089823908,-0.00016032535234484602,-0.00035504437798126955,trajectory,GOAL_DIRECT,3.739344596862793,5.188315109636568,0.012605288065969944
234,99322.64,5.202887058258057,0.006537892390042543,-0.9962132573127747,4.139778945523256e-05,0.13878627121448517,-0.00015740757226012647,-7.31375666873646e-06,0.13889706108785654,-0.00016258911436701094,-0.00035504437798126955,trajectory,GOAL_DIRECT,3.739344835281372,5.202884876797437,0.012605288065969944
235,99322.796,5.229528903961182,0.006507704965770245,-0.9962132573127747,4.1396559895783e-05,0.13878627121448517,-0.00015703543613199145,-7.31375666873646e-06,0.13889706116045702,-0.00016102991499999185,-0.00035504437798126955,trajectory,GOAL_DIRECT,3.739344596862793,5.229526736705436,0.012605288065969944
236,99323.0,5.244931221008301,0.0064902822487056255,-0.9962132573127747,4.1395886978761644e-05,0.13878627121448517,-0.00015690093277953565,-7.31375666873646e-06,0.1388970612950247,-0.0001620459291391871,-0.00035504437798126955,trajectory,GOAL_DIRECT,3.739345073699951,5.244929061937977,0.012605288065969944
237,99323.234,5.272405624389648,0.0064592426642775536,-0.9962132573127747,4.1396360076033424e-05,0.13878627121448517,-0.00015663293015677482,-7.31375666873646e-06,0.1388970613721048,-0.00016047205547173362,-0.00035504437798126955,trajectory,GOAL_DIRECT,3.739345073699951,5.272403479881479,0.012605288065969944
238,99323.453,5.298631191253662,0.006429656874388456,-0.9962132573127747,4.139704746598286e-05,0.13878627121448517,-0.00015643045480828732,-7.31375666873646e-06,0.13889706151032014,-0.00016031099490371867,-0.00035504437798126955,trajectory,GOAL_DIRECT,3.7393436431884766,5.298629060601597,0.012605288065969944
239,99323.671,5.324856758117676,0.006400115322321653,-0.9962132573127747,4.1397735021322964e-05,0.13878627121448517,-0.00015617048484273255,-7.31375666873646e-06,0.13889706164203233,-0.0001600227198379965,-0.00035504437798126955,trajectory,GOAL_DIRECT,3.739344358444214,5.324854641277096,0.012605288065969944
240,99323.906,5.350666046142578,0.006371089722961187,-0.9962132573127747,4.1398411663032045e-05,0.13878627121448517,-0.00015590853581670672,-7.31375666873646e-06,0.13889706177373645,-0.0001597829396591711,-0.00035504437798126955,trajectory,GOAL_DIRECT,3.739345073699951,5.350663942848193,0.012605288065969944
241,99324.14,5.378140449523926,0.006340248044580221,-0.9962132573127747,4.139913195898586e-05,0.13878627121448517,-0.00015562301268801093,-7.31375666873646e-06,0.13889706190321652,-0.00015930776636515533,-0.00035504437798126955,trajectory,GOAL_DIRECT,3.7393436431884766,5.378138360596068,0.012605288065969944
242,99324.343,5.4031171798706055,0.006312260404229164,-0.9962132573127747,4.139978662940049e-05,0.13878627121448517,-0.00015534878184553236,-7.31375666873646e-06,0.13889706204104527,-0.00015929560021349102,-0.00035504437798126955,trajectory,GOAL_DIRECT,3.7393436431884766,5.403115103955548,0.012605288065969944
243,99324.578,5.4272613525390625,0.0062852539122104645,-0.9962132573127747,4.140041979444348e-05,0.13878627121448517,-0.00015507118951063603,-7.31375666873646e-06,0.13889706216616254,-0.00015911917947953585,-0.00035504437798126955,trajectory,GOAL_DIRECT,3.7393438816070557,5.427259289158146,0.012605288065969944
244,99324.812,5.45473575592041,0.006254576146602631,-0.9962132573127747,4.140112558520999e-05,0.13878627121448517,-0.00015479237481486052,-7.31375666873646e-06,0.1388970622869664,-0.00015847016421952583,-0.00035504437798126955,trajectory,GOAL_DIRECT,3.739344596862793,5.454733706751442,0.012605288065969944
245,99325.031,5.482626438140869,0.006223492790013552,-0.9962132573127747,4.140161297406993e-05,0.13878627121448517,-0.00015448628982994705,-7.31375666873646e-06,0.1388970624243806,-0.00015812149730027718,-0.00035504437798126955,trajectory,GOAL_DIRECT,3.7393434047698975,5.482624403343237,0.012605288065969944
246,99325.265,5.5084357261657715,0.006194785237312317,-0.9962132573127747,4.140206401321399e-05,0.13878627121448517,-0.00015418203838635236,-7.31375666873646e-06,0.1388970625638188,-0.00015805571356590736,-0.00035504437798126955,trajectory,GOAL_DIRECT,3.7393429279327393,5.5084337046149,0.012605288065969944
247,99325.484,5.534245014190674,0.00616613682359457,-0.9962132573127747,4.140251505220658e-05,0.13878627121448517,-0.00015385818551294506,-7.31375666873646e-06,0.13889706269258742,-0.00015777603325578716,-0.00035504437798126955,trajectory,GOAL_DIRECT,3.739344596862793,5.534243005833213,0.012605288065969944
248,99325.64,5.5592217445373535,0.006138471886515617,-0.9962132573127747,4.140295154141002e-05,0.13878627121448517,-0.00015352612535934895,-7.31375666873646e-06,0.1388970628211531,-0.0001575927517259382,-0.00035504437798126955,trajectory,GOAL_DIRECT,3.7393429279327393,5.559219748895041,0.012605288065969944
249,99325.921,5.583782196044922,0.006111327558755875,-0.9962132573127747,4.1403377118445165e-05,0.13878627121448517,-0.00015318169607780874,-7.31375666873646e-06,0.1388970629452939,-0.00015737245104060363,-0.00035504437798126955,trajectory,GOAL_DIRECT,3.7393429279327393,5.583780212853721,0.012605288065969944
250,99326.14,5.6100077629089355,0.006082408130168915,-0.9962132573127747,4.140341741600977e-05,0.13878627121448517,-0.00015285394329112023,-7.31375666873646e-06,0.13889706306717697,-0.0001569176411258403,-0.00035504437798126955,trajectory,GOAL_DIRECT,3.7393429279327393,5.610005792956041,0.012605288065969944
251,99326.375,5.6378984451293945,0.006051714066416025,-0.9962132573127747,4.140341751156724e-05,0.13878627121448517,-0.00015255728794727474,-7.31375666873646e-06,0.1388970631972999,-0.00015644023614633476,-0.00035504437798126955,trajectory,GOAL_DIRECT,3.7393436431884766,5.637896489198928,0.012605288065969944
252,99326.609,5.664956569671631,0.0060219913721084595,-0.9962132573127747,4.140341742466192e-05,0.13878627121448517,-0.00015227473340928555,-7.31375666873646e-06,0.1388970633356596,-0.0001562262207228317,-0.00035504437798126955,trajectory,GOAL_DIRECT,3.7393436431884766,5.664954627293078,0.012605288065969944
253,99326.843,5.6924309730529785,0.005991869606077671,-0.9962132573127747,4.140341751782942e-05,0.13878627121448517,-0.0001519800425739959,-7.31375666873646e-06,0.1388970634697455,-0.00015588057800971846,-0.00035504437798126955,trajectory,GOAL_DIRECT,3.7393429279327393,5.692429044380864,0.012605288065969944
254,99327.078,5.719905376434326,0.00596180185675621,-0.9962132573127747,4.140341747222963e-05,0.13878627121448517,-0.00015171126869972795,-7.31375666873646e-06,0.13889706360588952,-0.00015557446894240507,-0.00035504437798126955,trajectory,GOAL_DIRECT,3.7393436431884766,5.7199034614173385,0.012605288065969944
255,99327.312,5.745298385620117,0.0059340642765164375,-0.9962132573127747,4.1403417439757474e-05,0.13878627121448517,-0.00015142257325351238,-7.31375666873646e-06,0.1388970637419132,-0.0001555056698593503,-0.00035504437798126955,trajectory,GOAL_DIRECT,3.7393434047698975,5.745296483175464,0.012605288065969944
256,99327.515,5.770275115966797,0.005906832404434681,-0.9962132573127747,4.140341746775355e-05,0.13878627121448517,-0.0001511670125182718,-7.31375666873646e-06,0.13889706386757522,-0.00015526979923961628,-0.00035504437798126955,trajectory,GOAL_DIRECT,3.73934268951416,5.7702732258419065,0.012605288065969944
257,99327.75,5.796916961669922,0.005877834279090166,-0.9962132573127747,4.140341747773884e-05,0.13878627121448517,-0.00015088380314409733,-7.31375666873646e-06,0.13889706399096072,-0.00015480511052677094,-0.00035504437798126955,trajectory,GOAL_DIRECT,3.7393414974212646,5.796915084639576,0.012605288065969944
258,99327.984,5.822309970855713,0.005850246176123619,-0.9962132573127747,4.140341749351025e-05,0.13878627121448517,-0.00015061211888678372,-7.31375666873646e-06,0.1388970641226251,-0.00015464845597860265,-0.00035504437798126955,trajectory,GOAL_DIRECT,3.739342212677002,5.8223081062592446,0.012605288065969944
259,99328.125,5.850616931915283,0.005819548387080431,-0.9962132573127747,4.140341761027462e-05,0.13878627121448517,-0.00015033583622425795,-7.31375666873646e-06,0.13889706424797696,-0.00015403780506058348,-0.00035504437798126955,trajectory,GOAL_DIRECT,3.739342451095581,5.850615081127106,0.012605288065969944
260,99328.437,5.8764262199401855,0.005791610572487116,-0.9962132573127747,4.140341725360042e-05,0.13878627121448517,-0.00015006272587925196,-7.31375666873646e-06,0.13889706438775642,-0.00015400023885109407,-0.00035504437798126955,trajectory,GOAL_DIRECT,3.739341974258423,5.876424381693987,0.012605288065969944
261,99328.64,5.902235507965088,0.005763728637248278,-0.9962132573127747,4.1403395458229785e-05,0.13878652453422546,-0.00014973047655075788,-7.31375666873646e-06,0.13889704424928545,-0.00015371669503307057,-0.00035504437798126955,trajectory,GOAL_DIRECT,3.7393431663513184,5.9022336822108326,0.012605288065969944
262,99328.781,5.926795959472656,0.005737252999097109,-0.9962132573127747,4.140255518615548e-05,0.13878652453422546,-0.00014943098358344287,-7.31375666873646e-06,0.1388970443763588,-0.00015357041422153596,-0.00035504437798126955,trajectory,GOAL_DIRECT,3.73934268951416,5.926794145556176,0.012605288065969944
263,99328.968,5.94053316116333,0.005722466856241226,-0.9962132573127747,4.1401598373485214e-05,0.13878652453422546,-0.00014926929725334048,-7.31375666873646e-06,0.1388970444975876,-0.00015449612991906978,-0.00035504437798126955,trajectory,GOAL_DIRECT,3.7393436431884766,5.940531353848163,0.012605288065969944
264,99329.203,5.966758728027344,0.0056942836381495,-0.9962132573127747,4.139976522898262e-05,0.13878652453422546,-0.0001489883434260264,-7.31375666873646e-06,0.13889704449663437,-0.0001515915507444708,-0.00035504437798126955,trajectory,GOAL_DIRECT,3.7393457889556885,5.966756933274942,0.012605288065969944
265,99329.421,5.992151737213135,0.005667033139616251,-0.9962132573127747,4.139794577723214e-05,0.13878652453422546,-0.00014880021626595408,-7.31375666873646e-06,0.13889704469399838,-0.00015274838037770364,-0.00035504437798126955,trajectory,GOAL_DIRECT,3.7393460273742676,5.992149954586447,0.012605288065969944
266,99329.656,6.020458698272705,0.00563672324642539,-0.9962132573127747,4.139556996777847e-05,0.13878652453422546,-0.00014834610919933766,-7.31375666873646e-06,0.1388970448183056,-0.0001521541815291397,-0.00035504437798126955,trajectory,GOAL_DIRECT,3.7393457889556885,6.020456929104061,0.012605288065969944
267,99329.89,6.048349380493164,0.005606942810118198,-0.9962132573127747,4.13954937914307e-05,0.13878652453422546,-0.00014797618496231735,-7.31375666873646e-06,0.1388970449571985,-0.00015189003022296607,-0.00035504437798126955,trajectory,GOAL_DIRECT,3.7393453121185303,6.048347624515081,0.012605288065969944
268,99330.109,6.072909832000732,0.005580778233706951,-0.9962132573127747,4.1395366475650234e-05,0.13878652453422546,-0.00014766371168661863,-7.31375666873646e-06,0.13889704509363346,-0.0001519476297858767,-0.00035504437798126955,trajectory,GOAL_DIRECT,3.739344835281372,6.072908087586704,0.012605288065969944
269,99330.328,6.097470283508301,0.005554667208343744,-0.9962132573127747,4.139493731911408e-05,0.13878652453422546,-0.00014737024321220815,-7.31375666873646e-06,0.1388970452135225,-0.00015167449029133593,-0.00035504437798126955,trajectory,GOAL_DIRECT,3.739345073699951,6.097468550611822,0.012605288065969944
270,99330.546,6.122863292694092,0.005527723580598831,-0.9962132573127747,4.139417706804906e-05,0.13878652453422546,-0.00014710184768773615,-7.31375666873646e-06,0.13889704533336744,-0.00015130704737009447,-0.00035504437798126955,trajectory,GOAL_DIRECT,3.739347219467163,6.1228615716591435,0.012605288065969944
271,99330.781,6.1478400230407715,0.005501267500221729,-0.9962132573127747,4.139352225792923e-05,0.13878652453422546,-0.00014685427595395595,-7.31375666873646e-06,0.13889704545728682,-0.00015106456404555382,-0.00035504437798126955,trajectory,GOAL_DIRECT,3.739346504211426,6.147838313630793,0.012605288065969944
272,99330.984,6.175314426422119,0.005472215823829174,-0.9962132573127747,4.139298748966304e-05,0.13878652453422546,-0.00014658353757113218,-7.31375666873646e-06,0.13889704557902927,-0.0001505082539575765,-0.00035504437798126955,trajectory,GOAL_DIRECT,3.7393453121185303,6.175312729752992,0.012605288065969944
273,99331.234,6.202788829803467,0.005443218629807234,-0.9962132573127747,4.139250725400665e-05,0.13878652453422546,-0.00014630751684308052,-7.31375666873646e-06,0.13889704571297398,-0.00015019634667712175,-0.00035504437798126955,trajectory,GOAL_DIRECT,3.7393457889556885,6.202787145825122,0.012605288065969944
274,99331.437,6.2277655601501465,0.00541690643876791,-0.9962132573127747,4.139207057332331e-05,0.13878652453422546,-0.00014605282922275364,-7.31375666873646e-06,0.13889704584693446,-0.0001501555639903258,-0.00035504437798126955,trajectory,GOAL_DIRECT,3.7393462657928467,6.227763887664489,0.012605288065969944
275,99331.578,6.2519097328186035,0.0053915162570774555,-0.9962132573127747,4.13936967234517e-05,0.13878652453422546,-0.00014577573165297508,-7.31375666873646e-06,0.13889704596852967,-0.00014996401199318302,-0.00035504437798126955,trajectory,GOAL_DIRECT,3.739344835281372,6.251908071402003,0.012605288065969944
276,99331.781,6.266063213348389,0.005376655608415604,-0.9962132573127747,4.13947445193944e-05,0.13878652453422546,-0.00014561157149728388,-7.31375666873646e-06,0.13889704608614356,-0.00015077226615758206,-0.00035504437798126955,trajectory,GOAL_DIRECT,3.739345073699951,6.266061558400368,0.012605288065969944
277,99332.0,6.292288780212402,0.005349157378077507,-0.9962132573127747,4.139612002648055e-05,0.13878652453422546,-0.00014536218077410012,-7.31375666873646e-06,0.1388970460853343,-0.00014793395104434107,-0.00035504437798126955,trajectory,GOAL_DIRECT,3.7393453121185303,6.292287137215682,0.012605288065969944
278,99332.218,6.317681789398193,0.005322572309523821,-0.9962132573127747,4.1397094520276375e-05,0.13878652453422546,-0.00014517955423798412,-7.31375666873646e-06,0.1388970462821627,-0.00014908677470966037,-0.00035504437798126955,trajectory,GOAL_DIRECT,3.7393460273742676,6.3176801579345305,0.012605288065969944
279,99332.453,6.343907356262207,0.005295171868056059,-0.9962132573127747,4.139755259274672e-05,0.13878652453422546,-0.0001447467366233468,-7.31375666873646e-06,0.13889704640497158,-0.00014872026634875834,-0.00035504437798126955,trajectory,GOAL_DIRECT,3.739346504211426,6.343905736660636,0.012605288065969944
280,99332.656,6.368467807769775,0.005269582848995924,-0.9962132573127747,4.1397898504807086e-05,0.13878652453422546,-0.0001444068766431883,-7.31375666873646e-06,0.1388970465320886,-0.00014860855875773113,-0.00035504437798126955,trajectory,GOAL_DIRECT,3.7393462657928467,6.368466199219856,0.012605288065969944
281,99332.89,6.3951096534729,0.005241887178272009,-0.9962132573127747,4.1398116912866614e-05,0.13878630101680756,-0.000144093282870017,-7.31375666873646e-06,0.13889706453221032,-0.0001481084444680604,-0.00035504437798126955,trajectory,GOAL_DIRECT,3.7393460273742676,6.395108056858794,0.012605288065969944
282,99333.125,6.422167778015137,0.005213816184550524,-0.9962132573127747,4.139818239442274e-05,0.13878630101680756,-0.0001438003673683852,-7.31375666873646e-06,0.13889706466098534,-0.00014776056105642217,-0.00035504437798126955,trajectory,GOAL_DIRECT,3.7393457889556885,6.422166193472796,0.012605288065969944
283,99333.359,6.449642181396484,0.005185375921428204,-0.9962132573127747,4.13986624197099e-05,0.13878630101680756,-0.00014346707030199468,-7.31375666873646e-06,0.1388970647915736,-0.0001474108992625513,-0.00035504437798126955,trajectory,GOAL_DIRECT,3.7393457889556885,6.4496406090575515,0.012605288065969944
284,99333.515,6.476284027099609,0.005157863721251488,-0.9962132573127747,4.1398989828888097e-05,0.13878630101680756,-0.00014312191342469305,-7.31375666873646e-06,0.13889706492396475,-0.00014719158575950516,-0.00035504437798126955,trajectory,GOAL_DIRECT,3.7393453121185303,6.476282466538709,0.012605288065969944
285,99333.625,6.4904375076293945,0.005143274553120136,-0.9962132573127747,4.139894623016806e-05,0.13878630101680756,-0.00014293647836893797,-7.31375666873646e-06,0.13889706505264457,-0.0001482174220899758,-0.00035504437798126955,trajectory,GOAL_DIRECT,3.7393460273742676,6.490435953303262,0.012605288065969944
286,99333.843,6.505423545837402,0.0051278467290103436,-0.9962132573127747,4.139855367022128e-05,0.13878630101680756,-0.0001427624811185524,-7.31375666873646e-06,0.1388970651206887,-0.00014796699305883048,-0.00035504437798126955,trajectory,GOAL_DIRECT,3.739345073699951,6.505421998096333,0.012605288065969944
287,99334.062,6.529983997344971,0.00510259298607707,-0.9962132573127747,4.139791020785413e-05,0.13878630101680756,-0.00014260798343457282,-7.31375666873646e-06,0.1388970651928087,-0.00014676953454093256,-0.00035504437798126955,trajectory,GOAL_DIRECT,3.7393441200256348,6.529982460367188,0.012605288065969944
288,99334.281,6.558290958404541,0.005073511507362127,-0.9962132573127747,4.13973969898289e-05,0.13878630101680756,-0.00014249127707444131,-7.31375666873646e-06,0.13889706531148635,-0.00014607266885217763,-0.00035504437798126955,trajectory,GOAL_DIRECT,3.7393457889556885,6.558289433801136,0.012605288065969944
289,99334.515,6.586597919464111,0.005044466815888882,-0.9962132573127747,4.139657067010715e-05,0.13878630101680756,-0.00014222341997083277,-7.31375666873646e-06,0.13889706544809405,-0.00014574140559208462,-0.00035504437798126955,trajectory,GOAL_DIRECT,3.7393460273742676,6.586596407195772,0.012605288065969944
290,99334.765,6.61448860168457,0.005015916656702757,-0.9962132573127747,4.139591560666734e-05,0.13878630101680756,-0.00014183703751768917,-7.31375666873646e-06,0.13889706558453824,-0.00014546578594896932,-0.00035504437798126955,trajectory,GOAL_DIRECT,3.739345073699951,6.614487101512639,0.012605288065969944
291,99334.984,6.639881610870361,0.004989992827177048,-0.9962132573127747,4.1395897471810734e-05,0.13878630101680756,-0.0001414709258824587,-7.31375666873646e-06,0.1388970657188513,-0.0001454153274728794,-0.00035504437798126955,trajectory,GOAL_DIRECT,3.739345073699951,6.639880121655434,0.012605288065969944
292,99335.203,6.664858341217041,0.004964559338986874,-0.9962132573127747,4.139589758150162e-05,0.13878630101680756,-0.00014113186625763774,-7.31375666873646e-06,0.1388970658407882,-0.00014517219999531016,-0.00035504437798126955,trajectory,GOAL_DIRECT,3.7393453121185303,6.664856862727037,0.012605288065969944
293,99335.437,6.690251350402832,0.00493876077234745,-0.9962132573127747,4.139589769503469e-05,0.13878630101680756,-0.00014081754488870502,-7.31375666873646e-06,0.13889706596052676,-0.00014484342250315534,-0.00035504437798126955,trajectory,GOAL_DIRECT,3.739344596862793,6.690249882767839,0.012605288065969944
294,99335.64,6.714395523071289,0.00491428142413497,-0.9962132573127747,4.1395897744973534e-05,0.13878630101680756,-0.00014053982158657163,-7.31375666873646e-06,0.13889706608222205,-0.0001446816021348134,-0.00035504437798126955,trajectory,GOAL_DIRECT,3.7393438816070557,6.714394065714746,0.012605288065969944
295,99335.859,6.741037368774414,0.004887325689196587,-0.9962132573127747,4.139589775985218e-05,0.13878630101680756,-0.00014024112897459418,-7.31375666873646e-06,0.13889706619770298,-0.00014414187932999491,-0.00035504437798126955,trajectory,GOAL_DIRECT,3.7393441200256348,6.741035922712035,0.012605288065969944
296,99336.078,6.766014099121094,0.004862107336521149,-0.9962132573127747,4.139589781466497e-05,0.13878630101680756,-0.00013997576024848968,-7.31375666873646e-06,0.1388970663252279,-0.00014400610183132404,-0.00035504437798126955,trajectory,GOAL_DIRECT,3.739345073699951,6.766012663602137,0.012605288065969944
297,99336.312,6.791407108306885,0.004836514592170715,-0.9962132573127747,4.139589790156485e-05,0.13878630101680756,-0.00013972523447591811,-7.31375666873646e-06,0.13889706644467373,-0.0001436700599447486,-0.00035504437798126955,trajectory,GOAL_DIRECT,3.7393441200256348,6.791405683466374,0.012605288065969944
298,99336.531,6.817216396331787,0.004810546524822712,-0.9962132573127747,4.139589779116535e-05,0.13878630101680756,-0.00013948585547041148,-7.31375666873646e-06,0.13889706656613418,-0.0001433271723900243,-0.00035504437798126955,trajectory,GOAL_DIRECT,3.7393438816070557,6.817214982304668,0.012605288065969944
299,99336.765,6.844690799713135,0.004782956093549728,-0.9962132573127747,4.139589775056907e-05,0.13878630101680756,-0.00013920586206950247,-7.31375666873646e-06,0.13889706668947258,-0.00014285166713959904,-0.00035504437798126955,trajectory,GOAL_DIRECT,3.739344596862793,6.84468939715031,0.012605288065969944
300,99336.937,6.870916366577148,0.004756671376526356,-0.9962132573127747,4.139589767185648e-05,0.13878630101680756,-0.00013892738206777722,-7.31375666873646e-06,0.13889706682079597,-0.00014265903777094696,-0.00035504437798126955,trajectory,GOAL_DIRECT,3.739344596862793,6.870914974912253,0.012605288065969944
301,99337.25,6.897974491119385,0.004729610867798328,-0.9962132573127747,4.139589754054907e-05,0.13878630101680756,-0.00013859930913895369,-7.31375666873646e-06,0.13889706694590465,-0.00014226892364009767,-0.00035504437798126955,trajectory,GOAL_DIRECT,3.7393436431884766,6.897973110648721,0.012605288065969944
302,99337.468,6.926281452178955,0.0047013727016747,-0.9962132573127747,4.1395897560800334e-05,0.13878630101680756,-0.00013822768232785165,-7.31375666873646e-06,0.13889706707476723,-0.00014182927266907092,-0.00035504437798126955,trajectory,GOAL_DIRECT,3.7393434047698975,6.926280083360902,0.012605288065969944
303,99337.703,6.951674461364746,0.0046761068515479565,-0.9962132573127747,4.139589752286938e-05,0.13878630101680756,-0.00013789776130579412,-7.31375666873646e-06,0.1388970672095671,-0.00014180224708806622,-0.00035504437798126955,trajectory,GOAL_DIRECT,3.7393441200256348,6.951673102947188,0.012605288065969944
304,99337.921,6.97790002822876,0.004650078248232603,-0.9962132573127747,4.1395897586836284e-05,0.13878630101680756,-0.00013754470273852348,-7.31375666873646e-06,0.13889706733008428,-0.0001414252566647014,-0.00035504437798126955,trajectory,GOAL_DIRECT,3.7393436431884766,6.977898680500237,0.012605288065969944
305,99338.171,7.00620698928833,0.004622054751962423,-0.9962132573127747,4.139589763241579e-05,0.13878630101680756,-0.0001371905382256955,-7.31375666873646e-06,0.1388970674543653,-0.00014090918076271284,-0.00035504437798126955,trajectory,GOAL_DIRECT,3.7393436431884766,7.006205653039799,0.012605288065969944
306,99338.39,7.032432556152344,0.004596155136823654,-0.9962132573127747,4.139589767984461e-05,0.13878630101680756,-0.00013687534374184906,-7.31375666873646e-06,0.13889706758852452,-0.00014079214621705476,-0.00035504437798126955,trajectory,GOAL_DIRECT,3.7393434047698975,7.03243123048799,0.012605288065969944
307,99338.609,7.057825565338135,0.004571132827550173,-0.9962132573127747,4.139589778346877e-05,0.13878630101680756,-0.00013659230899065733,-7.31375666873646e-06,0.13889706771268195,-0.0001405691052776754,-0.00035504437798126955,trajectory,GOAL_DIRECT,3.7393434047698975,7.05782424987637,0.012605288065969944
308,99338.828,7.084051132202148,0.004545341245830059,-0.9962132573127747,4.139589775766079e-05,0.13878630101680756,-0.00013631924230139703,-7.31375666873646e-06,0.13889706783278474,-0.00014018402458161667,-0.00035504437798126955,trajectory,GOAL_DIRECT,3.7393441200256348,7.084049827233806,0.012605288065969944
309,99338.984,7.110276699066162,0.004519603680819273,-0.9962132573127747,4.139589767972916e-05,0.13878630101680756,-0.00013602424587588757,-7.31375666873646e-06,0.13889706795673085,-0.00013987518257170423,-0.00035504437798126955,trajectory,GOAL_DIRECT,3.7393431663513184,7.110275404545748,0.012605288065969944
310,99339.171,7.124430179595947,0.004505738150328398,-0.9962132573127747,4.139589766453432e-05,0.13878630101680756,-0.00013585294072981924,-7.31375666873646e-06,0.1388970680810082,-0.00014078768614284793,-0.00035504437798126955,trajectory,GOAL_DIRECT,3.7393441200256348,7.124428890693996,0.012605288065969944
311,99339.39,7.151904582977295,0.004478868097066879,-0.9962132573127747,4.139589798146615e-05,0.13878630101680756,-0.0001355654385406524,-7.31375666873646e-06,0.13889706814737646,-0.00013927231842791779,-0.00035504437798126955,trajectory,GOAL_DIRECT,3.7393436431884766,7.151903304943789,0.012605288065969944
312,99339.64,7.178130149841309,0.0044532641768455505,-0.9962132573127747,4.139562864000395e-05,0.13878630101680756,-0.00013536923506762832,-7.31375666873646e-06,0.138897068277334,-0.00013906454478570976,-0.00035504437798126955,trajectory,GOAL_DIRECT,3.7393429279327393,7.178128882141858,0.012605288065969944
313,99339.859,7.203106880187988,0.004428922198712826,-0.9962132573127747,4.1395391775082976e-05,0.13878630101680756,-0.00013506952382158488,-7.31375666873646e-06,0.13889706840108382,-0.00013887984466376648,-0.00035504437798126955,trajectory,GOAL_DIRECT,3.73934268951416,7.203105622292698,0.012605288065969944
314,99340.078,7.229748725891113,0.004403023049235344,-0.9962132573127747,4.139539186052598e-05,0.13878630101680756,-0.00013471009151544422,-7.31375666873646e-06,0.13889706851871522,-0.00013842140635099694,-0.00035504437798126955,trajectory,GOAL_DIRECT,3.73934268951416,7.229747478401828,0.012605288065969944
315,99340.328,7.25680685043335,0.004376786760985851,-0.9962132573127747,4.139539188653692e-05,0.13878630101680756,-0.00013436646258924156,-7.31375666873646e-06,0.13889706864408694,-0.00013806708742645772,-0.00035504437798126955,trajectory,GOAL_DIRECT,3.73934268951416,7.256805613459116,0.012605288065969944
316,99340.562,7.283032417297363,0.004351423121988773,-0.9962132573127747,4.139539173066098e-05,0.13878630101680756,-0.0001340182643616572,-7.31375666873646e-06,0.13889706877122038,-0.00013783361117618276,-0.00035504437798126955,trajectory,GOAL_DIRECT,3.7393436431884766,7.283031190463022,0.012605288065969944
317,99340.781,7.308841705322266,0.004326528869569302,-0.9962132573127747,4.139539184023671e-05,0.13878630101680756,-0.00013366724306251854,-7.31375666873646e-06,0.13889706889420073,-0.00013756890544628871,-0.00035504437798126955,trajectory,GOAL_DIRECT,3.739342212677002,7.308840488415146,0.012605288065969944
318,99341.0,7.336732387542725,0.00429969746619463,-0.9962132573127747,4.1395391905329084e-05,0.13878630101680756,-0.0001333103864453733,-7.31375666873646e-06,0.13889706901495452,-0.00013705899098714243,-0.00035504437798126955,trajectory,GOAL_DIRECT,3.7393431663513184,7.33673118130814,0.012605288065969944
319,99341.234,7.36337423324585,0.004274132661521435,-0.9962132573127747,4.139539190905656e-05,0.13878630101680756,-0.0001329790975432843,-7.31375666873646e-06,0.13889706914541036,-0.0001368538371927427,-0.00035504437798126955,trajectory,GOAL_DIRECT,3.7393436431884766,7.3633730371542025,0.012605288065969944
320,99341.484,7.391264915466309,0.004247438628226519,-0.9962132573127747,4.1395391900139584e-05,0.13878630101680756,-0.0001326193887507543,-7.31375666873646e-06,0.13889706926970946,-0.00013641696534279405,-0.00035504437798126955,trajectory,GOAL_DIRECT,3.7393429279327393,7.3912637299385375,0.012605288065969944
321,99341.718,7.417906761169434,0.004222008399665356,-0.9962132573127747,4.139539202163378e-05,0.13878630101680756,-0.0001322880998486653,-7.31375666873646e-06,0.13889706939979676,-0.000136210834163114,-0.00035504437798126955,trajectory,GOAL_DIRECT,3.73934268951416,7.417905585679171,0.012605288065969944
322,99341.921,7.442883491516113,0.00419822009280324,-0.9962132573127747,4.139539196585871e-05,0.13878630101680756,-0.0001320067822234705,-7.31375666873646e-06,0.13889706952396552,-0.0001360563051568703,-0.00035504437798126955,trajectory,GOAL_DIRECT,3.7393436431884766,7.442882325393389,0.012605288065969944
323,99342.078,7.46994161605835,0.004172510001808405,-0.9962132573127747,4.139539203645536e-05,0.13878630101680756,-0.00013168848818168044,-7.31375666873646e-06,0.13889706964010393,-0.00013555412094762406,-0.00035504437798126955,trajectory,GOAL_DIRECT,3.7393431663513184,7.469940460035548,0.012605288065969944
324,99342.281,7.483678817749023,0.004159480798989534,-0.9962132573127747,4.139539191246772e-05,0.13878630101680756,-0.0001315273839281872,-7.31375666873646e-06,0.13889706976639665,-0.0001365357137335055,-0.00035504437798126955,trajectory,GOAL_DIRECT,3.7393429279327393,7.483677666834981,0.012605288065969944
325,99342.5,7.5090718269348145,0.004135437309741974,-0.9962132573127747,4.139539229613446e-05,0.13878630101680756,-0.00013124301040079445,-7.31375666873646e-06,0.1388970697654549,-0.00013404899936890867,-0.00035504437798126955,trajectory,GOAL_DIRECT,3.7393441200256348,7.509070685431382,0.012605288065969944
326,99342.718,7.534881114959717,0.004111046902835369,-0.9962132573127747,4.139530458720882e-05,0.13878630101680756,-0.00013101544755045325,-7.31375666873646e-06,0.1388970699479034,-0.0001348769435623919,-0.00035504437798126955,trajectory,GOAL_DIRECT,3.7393434047698975,7.534879982981404,0.012605288065969944
327,99342.953,7.562771797180176,0.004084755200892687,-0.9962132573127747,4.139566087370905e-05,0.13878630101680756,-0.00013057675096206367,-7.31375666873646e-06,0.13889707006726493,-0.0001343736602601148,-0.00035504437798126955,trajectory,GOAL_DIRECT,3.7393436431884766,7.562770675443466,0.012605288065969944
328,99343.156,7.58608341217041,0.00406284537166357,-0.9962132573127747,4.139648688383427e-05,0.13878630101680756,-0.00013025940279476345,-7.31375666873646e-06,0.13889707019658062,-0.0001344888307962619,-0.00035504437798126955,trajectory,GOAL_DIRECT,3.7393431663513184,7.586082298945634,0.012605288065969944
329,99343.375,7.6106438636779785,0.004039817024022341,-0.9962132573127747,4.1397130961725626e-05,0.13878630101680756,-0.00012994672579225153,-7.31375666873646e-06,0.1388970703041845,-0.00013408993290612686,-0.00035504437798126955,trajectory,GOAL_DIRECT,3.7393434047698975,7.610642759378763,0.012605288065969944
330,99343.593,7.6347880363464355,0.004017227329313755,-0.9962132573127747,4.1397589452782175e-05,0.13878630101680756,-0.00012968207010999322,-7.31375666873646e-06,0.13889707041761984,-0.00013383308234784705,-0.00035504437798126955,trajectory,GOAL_DIRECT,3.73934268951416,7.634786940782975,0.012605288065969944
331,99343.828,7.662262439727783,0.003991579171270132,-0.9962132573127747,4.139800787310363e-05,0.13878630101680756,-0.00012939660518895835,-7.31375666873646e-06,0.1388970705289836,-0.00013321766737882962,-0.00035504437798126955,trajectory,GOAL_DIRECT,3.739341974258423,7.662261354059144,0.012605288065969944
332,99344.062,7.6905694007873535,0.003965210635215044,-0.9962132573127747,4.139800767485188e-05,0.13878630101680756,-0.00012910710938740522,-7.31375666873646e-06,0.13889707065574003,-0.00013280212188056663,-0.00035504437798126955,trajectory,GOAL_DIRECT,3.7393431663513184,7.690568325266216,0.012605288065969944
333,99344.296,7.715546131134033,0.003941998817026615,-0.9962132573127747,4.1398007476070394e-05,0.13878630101680756,-0.00012878485722467303,-7.31375666873646e-06,0.13889707078628608,-0.00013278215585278515,-0.00035504437798126955,trajectory,GOAL_DIRECT,3.739342212677002,7.715545064523289,0.012605288065969944
334,99344.515,7.740939140319824,0.00391846289858222,-0.9962132573127747,4.13980075541531e-05,0.13878630101680756,-0.00012843127478845417,-7.31375666873646e-06,0.13889707090115583,-0.00013244469641963323,-0.00035504437798126955,trajectory,GOAL_DIRECT,3.7393429279327393,7.740938082720868,0.012605288065969944
335,99344.718,7.76466703414917,0.00389652606099844,-0.9962132573127747,4.139800767684901e-05,0.13878630101680756,-0.0001281420700252056,-7.31375666873646e-06,0.13889707101796323,-0.00013229731679003507,-0.00035504437798126955,trajectory,GOAL_DIRECT,3.7393429279327393,7.764665984929023,0.012605288065969944
336,99344.953,7.790476322174072,0.0038727184291929007,-0.9962132573127747,4.139800778005032e-05,0.13878630101680756,-0.00012784887803718448,-7.31375666873646e-06,0.13889707112686447,-0.00013180966414432177,-0.00035504437798126955,trajectory,GOAL_DIRECT,3.7393429279327393,7.790475282025817,0.012605288065969944
337,99345.109,7.818367004394531,0.00384705001488328,-0.9962132573127747,4.139800787248036e-05,0.13878630101680756,-0.00012755596253555268,-7.31375666873646e-06,0.1388970712453063,-0.00013129482032544972,-0.00035504437798126955,trajectory,GOAL_DIRECT,3.739342212677002,7.818365974002644,0.012605288065969944
338,99345.234,7.833353042602539,0.0038332815747708082,-0.9962132573127747,4.1398007719216995e-05,0.13878630101680756,-0.00012740815873257816,-7.31375666873646e-06,0.13889707137378945,-0.00013217805827845855,-0.00035504437798126955,trajectory,GOAL_DIRECT,3.7393417358398438,7.833352017433679,0.012605288065969944
339,99345.343,7.847090244293213,0.0038206756580621004,-0.9962132573127747,4.139800773456678e-05,0.13878630101680756,-0.00012725076521746814,-7.31375666873646e-06,0.1388970714425579,-0.00013211181338697054,-0.00035504437798126955,trajectory,GOAL_DIRECT,3.739342451095581,7.847089223899978,0.012605288065969944
340,99345.468,7.861243724822998,0.003807703498750925,-0.9962132573127747,4.1398007952138526e-05,0.13878630101680756,-0.0001271103392355144,-7.31375666873646e-06,0.13889707150559716,-0.00013190092198552702,-0.00035504437798126955,trajectory,GOAL_DIRECT,3.739342212677002,7.861242709337643,0.012605288065969944
341,99345.671,7.8758134841918945,0.0037943627685308456,-0.9962132573127747,4.139800812640152e-05,0.13878630101680756,-0.00012699452054221183,-7.31375666873646e-06,0.13889707157062164,-0.00013168207213863127,-0.00035504437798126955,trajectory,GOAL_DIRECT,3.7393410205841064,7.875812473747561,0.012605288065969944
342,99345.828,7.902871608734131,0.003769617062062025,-0.9962132573127747,4.1398008113687056e-05,0.13878630101680756,-0.00012680944928433746,-7.31375666873646e-06,0.13889707163736467,-0.00013030923960880098,-0.00035504437798126955,trajectory,GOAL_DIRECT,3.739341974258423,7.902870607624174,0.012605288065969944
343,99346.031,7.917025089263916,0.0037566868122667074,-0.9962132573127747,4.139800780109749e-05,0.13878630101680756,-0.00012669852003455162,-7.31375666873646e-06,0.13889707176221328,-0.00013118904539908765,-0.00035504437798126955,trajectory,GOAL_DIRECT,3.739342451095581,7.917024093023283,0.012605288065969944
344,99346.25,7.944499492645264,0.003731631441041827,-0.9962132573127747,4.1397836784450627e-05,0.13878650963306427,-0.0001263772719539702,-7.31375666873646e-06,0.1388970551374312,-0.0001297560265364695,-0.00035504437798126955,trajectory,GOAL_DIRECT,3.7393417358398438,7.9444985058214215,0.012605288065969944
345,99346.484,7.9715576171875,0.003707014722749591,-0.9962132573127747,4.139651609743496e-05,0.13878650963306427,-0.00012609269469976425,-7.31375666873646e-06,0.13889705526376145,-0.00012945277915255547,-0.00035504437798126955,trajectory,GOAL_DIRECT,3.7393431663513184,7.971556639591295,0.012605288065969944
346,99346.703,7.99653434753418,0.003684347728267312,-0.9962132573127747,4.139459868931786e-05,0.13878650963306427,-0.00012575341679621488,-7.31375666873646e-06,0.13889705538800184,-0.00012931657288414624,-0.00035504437798126955,trajectory,GOAL_DIRECT,3.7393460273742676,7.996533378412753,0.012605288065969944
347,99346.921,8.021952629089355,0.003661368740722537,-0.9962132573127747,4.139453307320585e-05,0.13878650963306427,-0.00012537064321804792,-7.31375666873646e-06,0.1388970555024198,-0.00012897498855824803,-0.00035504437798126955,trajectory,GOAL_DIRECT,3.7393460273742676,8.021951668532669,0.012605288065969944
348,99347.171,8.050292015075684,0.003635836998000741,-0.9962132573127747,4.1394780620675634e-05,0.13878650963306427,-0.00012494422844611108,-7.31375666873646e-06,0.13889705561806318,-0.00012839755712500646,-0.00035504437798126955,trajectory,GOAL_DIRECT,3.739346504211426,8.050291064006242,0.012605288065969944
349,99347.406,8.077381134033203,0.003611508524045348,-0.9962132573127747,4.139480245255342e-05,0.13878650963306427,-0.0001245697058038786,-7.31375666873646e-06,0.1388970557468995,-0.0001281695148872964,-0.00035504437798126955,trajectory,GOAL_DIRECT,3.739345073699951,8.077380191976939,0.012605288065969944
350,99347.625,8.102803230285645,0.00358874280937016,-0.9962132573127747,4.139480251168759e-05,0.13878650963306427,-0.00012423578300513327,-7.31375666873646e-06,0.13889705586987305,-0.00012799262472498193,-0.00035504437798126955,trajectory,GOAL_DIRECT,3.7393453121185303,8.1028022966401,0.012605288065969944
351,99347.765,8.129475593566895,0.003564920974895358,-0.9962132573127747,4.1394802587975006e-05,0.13878650963306427,-0.00012390280608087778,-7.31375666873646e-06,0.1388970559850037,-0.00012756402092440212,-0.00035504437798126955,trajectory,GOAL_DIRECT,3.7393453121185303,8.129474668698577,0.012605288065969944
352,99347.906,8.143645286560059,0.003552292240783572,-0.9962132573127747,4.139480238718713e-05,0.13878650963306427,-0.00012371364573482424,-7.31375666873646e-06,0.13889705610616537,-0.00012838839400159822,-0.00035504437798126955,trajectory,GOAL_DIRECT,3.7393455505371094,8.143644366334964,0.012605288065969944
353,99348.109,8.158231735229492,0.0035393130965530872,-0.9962132573127747,4.139471527308095e-05,0.13878650963306427,-0.00012350323959253728,-7.31375666873646e-06,0.138897056170098,-0.00012817605895443072,-0.00035504437798126955,trajectory,GOAL_DIRECT,3.739344835281372,8.158230819769052,0.012605288065969944
354,99348.265,8.18615436553955,0.0035145191941410303,-0.9962132573127747,4.1394228066523624e-05,0.13878650963306427,-0.00012321282702032477,-7.31375666873646e-06,0.13889705623559928,-0.00012676443978874957,-0.00035504437798126955,trajectory,GOAL_DIRECT,3.7393462657928467,8.1861534591612,0.012605288065969944
355,99348.375,8.200324058532715,0.0035019584465771914,-0.9962132573127747,4.1394060464457135e-05,0.13878650963306427,-0.0001230681809829548,-7.31375666873646e-06,0.13889705636227417,-0.00012767645442870757,-0.00035504437798126955,trajectory,GOAL_DIRECT,3.7393462657928467,8.2003231567462,0.012605288065969944
356,99348.578,8.214493751525879,0.0034894137643277645,-0.9962132573127747,4.1393936910007125e-05,0.13878650963306427,-0.0001228968903888017,-7.31375666873646e-06,0.13889705642623218,-0.00012749862540051044,-0.00035504437798126955,trajectory,GOAL_DIRECT,3.7393457889556885,8.214492854318863,0.012605288065969944
357,99348.812,8.241582870483398,0.0034654750488698483,-0.9962132573127747,4.1393871635032944e-05,0.13878650963306427,-0.00012263985991012305,-7.31375666873646e-06,0.13889705648988285,-0.0001261329643227812,-0.00035504437798126955,trajectory,GOAL_DIRECT,3.7393457889556885,8.24158198199751,0.012605288065969944
358,99349.031,8.26700496673584,0.003443049965426326,-0.9962132573127747,4.139387140153461e-05,0.13878650963306427,-0.0001224248844664544,-7.31375666873646e-06,0.1388970566124357,-0.00012593820144825242,-0.00035504437798126955,trajectory,GOAL_DIRECT,3.7393460273742676,8.267004086400103,0.012605288065969944
359,99349.25,8.291593551635742,0.0034214057959616184,-0.9962132573127747,4.139387124878997e-05,0.13878650963306427,-0.0001221310958499089,-7.31375666873646e-06,0.13889705672723815,-0.000125694607207783,-0.00035504437798126955,trajectory,GOAL_DIRECT,3.7393453121185303,8.2915926791471,0.012605288065969944
360,99349.468,8.317015647888184,0.003399086417630315,-0.9962132573127747,4.1393871091028304e-05,0.13878650963306427,-0.00012178290489828214,-7.31375666873646e-06,0.13889705683805506,-0.00012531347114485192,-0.00035504437798126955,trajectory,GOAL_DIRECT,3.7393457889556885,8.3170147834699,0.012605288065969944
361,99349.687,8.342437744140625,0.003376835025846958,-0.9962132573127747,4.139387093343007e-05,0.13878650963306427,-0.0001213895229739137,-7.31375666873646e-06,0.13889705695237162,-0.00012500183465247503,-0.00035504437798126955,trajectory,GOAL_DIRECT,3.7393457889556885,8.342436887745023,0.012605288065969944
362,99349.906,8.370360374450684,0.003352480474859476,-0.9962132573127747,4.1393870941036306e-05,0.13878650963306427,-0.00012094131670892239,-7.31375666873646e-06,0.1388970570662506,-0.00012446699959842205,-0.00035504437798126955,trajectory,GOAL_DIRECT,3.739346504211426,8.370359526808485,0.012605288065969944
363,99350.14,8.397449493408203,0.0033289368730038404,-0.9962132573127747,4.1393871114136244e-05,0.13878650963306427,-0.00012053539103362709,-7.31375666873646e-06,0.13889705719123493,-0.00012419969596592142,-0.00035504437798126955,trajectory,GOAL_DIRECT,3.7393462657928467,8.397448654200689,0.012605288065969944
364,99350.375,8.424538612365723,0.0033054687082767487,-0.9962132573127747,4.139387117532723e-05,0.13878650963306427,-0.00012015707034152001,-7.31375666873646e-06,0.13889705731217847,-0.00012386472689947275,-0.00035504437798126955,trajectory,GOAL_DIRECT,3.7393457889556885,8.42453778154017,0.012605288065969944
365,99350.609,8.449127197265625,0.00328423036262393,-0.9962132573127747,4.139313627312713e-05,0.13878633081912994,-0.00011981891293544322,-7.31375666873646e-06,0.13889707173809457,-0.00012375206732552282,-0.00035504437798126955,trajectory,GOAL_DIRECT,3.7393457889556885,8.449126374003693,0.012605288065969944
366,99350.828,8.475799560546875,0.003261259291321039,-0.9962132573127747,4.1394042274948886e-05,0.13878633081912994,-0.0001194624273921363,-7.31375666873646e-06,0.1388970718474482,-0.00012325985697854747,-0.00035504437798126955,trajectory,GOAL_DIRECT,3.7393462657928467,8.475798745442281,0.012605288065969944
367,99351.062,8.501221656799316,0.003239423269405961,-0.9962132573127747,4.13951519314919e-05,0.13878633081912994,-0.00011918245581910014,-7.31375666873646e-06,0.13889707196607504,-0.00012303334079027402,-0.00035504437798126955,trajectory,GOAL_DIRECT,3.739344835281372,8.501220849427384,0.012605288065969944
368,99351.281,8.527477264404297,0.003216924611479044,-0.9962132573127747,4.139615966392511e-05,0.13878633081912994,-0.0001188986498164013,-7.31375666873646e-06,0.13889707207894705,-0.00012263543230504062,-0.00035504437798126955,trajectory,GOAL_DIRECT,3.739346742630005,8.527476464978498,0.012605288065969944
369,99351.515,8.554566383361816,0.003193770069628954,-0.9962132573127747,4.1396177694853225e-05,0.13878633081912994,-0.00011856988567160442,-7.31375666873646e-06,0.1388970721953639,-0.00012222934481352247,-0.00035504437798126955,trajectory,GOAL_DIRECT,3.7393457889556885,8.55456559209103,0.012605288065969944
370,99351.734,8.582905769348145,0.0031696183141320944,-0.9962132573127747,4.1396177721060424e-05,0.13878633081912994,-0.00011821107182186097,-7.31375666873646e-06,0.13889707231543244,-0.00012177727294544158,-0.00035504437798126955,trajectory,GOAL_DIRECT,3.739344358444214,8.582904986557736,0.012605288065969944
371,99351.984,8.609994888305664,0.00314659858122468,-0.9962132573127747,4.139617772439159e-05,0.13878633081912994,-0.00011788323172368109,-7.31375666873646e-06,0.1388970724410338,-0.00012152803420674835,-0.00035504437798126955,trajectory,GOAL_DIRECT,3.7393455505371094,8.60999411357373,0.012605288065969944
372,99352.234,8.637084007263184,0.0031236428767442703,-0.9962132573127747,4.139617771864868e-05,0.13878633081912994,-0.000117549228889402,-7.31375666873646e-06,0.13889707256089084,-0.00012118402519396795,-0.00035504437798126955,trajectory,GOAL_DIRECT,3.7393441200256348,8.637083240543628,0.012605288065969944
373,99352.437,8.663339614868164,0.0031014583073556423,-0.9962132573127747,4.1396177673354546e-05,0.13878633081912994,-0.00011720681504812092,-7.31375666873646e-06,0.1388970726806009,-0.00012091415466560094,-0.00035504437798126955,trajectory,GOAL_DIRECT,3.739344358444214,8.663338855868748,0.012605288065969944
374,99352.578,8.687511444091797,0.0030810912139713764,-0.9962132573127747,4.1396177638186314e-05,0.13878633081912994,-0.00011689301754813641,-7.31375666873646e-06,0.13889707279652863,-0.00012076290393628095,-0.00035504437798126955,trajectory,GOAL_DIRECT,3.7393453121185303,8.68751069215994,0.012605288065969944
375,99352.781,8.700847625732422,0.0030698778573423624,-0.9962132573127747,4.139617758200514e-05,0.13878633081912994,-0.00011671094398479909,-7.31375666873646e-06,0.13889707290346565,-0.00012139962840824902,-0.00035504437798126955,trajectory,GOAL_DIRECT,3.7393441200256348,8.700846877683404,0.012605288065969944
376,99353.015,8.72918701171875,0.0030461072456091642,-0.9962132573127747,4.139617793179766e-05,0.13878633081912994,-0.00011634745897026733,-7.31375666873646e-06,0.1388970729022619,-0.00011893433184228931,-0.00035504437798126955,trajectory,GOAL_DIRECT,3.739344358444214,8.729186271880963,0.012605288065969944
377,99353.156,8.754192352294922,0.0030251857824623585,-0.9962132573127747,4.139583927893579e-05,0.13878633081912994,-0.00011609856301220134,-7.31375666873646e-06,0.13889707308647956,-0.00011984572329686885,-0.00035504437798126955,trajectory,GOAL_DIRECT,3.739344835281372,8.754191619663612,0.012605288065969944
378,99353.359,8.768778800964355,0.0030130071099847555,-0.9962132573127747,4.139507509831032e-05,0.13878633081912994,-0.00011586270557017997,-7.31375666873646e-06,0.1388970731966616,-0.00012043065253879228,-0.00035504437798126955,trajectory,GOAL_DIRECT,3.7393438816070557,8.768778072518757,0.012605288065969944
379,99353.578,8.795451164245605,0.0029908004216849804,-0.9962132573127747,4.139403866445369e-05,0.13878633081912994,-0.00011547646136023104,-7.31375666873646e-06,0.138897073260101,-0.0001192033540562135,-0.00035504437798126955,trajectory,GOAL_DIRECT,3.7393441200256348,8.795450443412642,0.012605288065969944
380,99353.812,8.823790550231934,0.002967274282127619,-0.9962145686149597,4.139264169992722e-05,0.13878633081912994,-0.00011517199163790792,-1.0140510312339757e-05,0.1388970733771371,-0.00011871347477745067,-0.00035475267258052833,trajectory,GOAL_DIRECT,3.739344358444214,8.823789837439062,0.012605288065969944
381,99354.062,8.851296424865723,0.002944502979516983,-0.9962168335914612,4.13935109684518e-05,0.13878633081912994,-0.00011482326226541772,-8.498239367327187e-06,0.1388970735013233,-0.00011842083340067918,-0.00035471322044780204,trajectory,GOAL_DIRECT,3.739346742630005,8.851295719831143,0.012605288065969944
382,99354.265,8.875468254089355,0.002924553118646145,-0.9962168335914612,4.139368551736696e-05,0.13878633081912994,-0.00011448049917817116,-6.7644241426023655e-06,0.13889707362159737,-0.00011835578807911432,-0.0003547524606947427,trajectory,GOAL_DIRECT,3.7393507957458496,8.875467555831039,0.012605288065969944
383,99354.515,8.903807640075684,0.0029012407176196575,-0.9962168335914612,4.1393834770530534e-05,0.13878633081912994,-0.0001140708482125774,-6.376746569003444e-06,0.138897073726798,-0.00011769325549956577,-0.00035478347490063066,trajectory,GOAL_DIRECT,3.739351272583008,8.903806949710557,0.012605288065969944
384,99354.734,8.927979469299316,0.002881420310586691,-0.9962168335914612,4.1393343622097344e-05,0.13878633081912994,-0.00011374543100828305,-6.435402610804886e-06,0.13889707385038183,-0.00011768465223981205,-0.00035477878241728654,trajectory,GOAL_DIRECT,3.7393500804901123,8.927978785623882,0.012605288065969944
385,99354.968,8.955068588256836,0.002859273226931691,-0.9962168335914612,4.139259807992413e-05,0.13878633081912994,-0.00011341330537106842,-6.435402610804886e-06,0.13889707395545348,-0.00011712391873425489,-0.00035477878241728654,trajectory,GOAL_DIRECT,3.739352226257324,8.955067912033869,0.012605288065969944
386,99355.187,8.980907440185547,0.0028382055461406708,-0.9962168335914612,4.1393944024580826e-05,0.13878633081912994,-0.00011310969421174377,-6.435402610804886e-06,0.13889707407330448,-0.00011687703054457552,-0.00035477878241728654,trajectory,GOAL_DIRECT,3.7393510341644287,8.980906771030671,0.012605288065969944
387,99355.406,9.007996559143066,0.0028161832597106695,-0.9962168335914612,4.139536265045792e-05,0.13878633081912994,-0.00011275079305050895,-6.435402610804886e-06,0.1388970741852593,-0.00011643802449302454,-0.00035477878241728654,trajectory,GOAL_DIRECT,3.739351511001587,9.007995897353752,0.012605288065969944
388,99355.625,9.034252166748047,0.00279490789398551,-0.9962168335914612,4.1396421475865305e-05,0.13878633081912994,-0.00011238919978495687,-6.435402610804886e-06,0.13889707430254247,-0.00011615951555315409,-0.00035477878241728654,trajectory,GOAL_DIRECT,3.739351511001587,9.03425151205144,0.012605288065969944
389,99355.875,9.061341285705566,0.0027730229776352644,-0.9962168335914612,4.139611212728594e-05,0.13878633081912994,-0.00011205815826542675,-6.435402610804886e-06,0.13889707441608753,-0.00011574727613759264,-0.00035477878241728654,trajectory,GOAL_DIRECT,3.7393505573272705,9.061340638281932,0.012605288065969944
390,99356.078,9.086763381958008,0.0027525469195097685,-0.9962168335914612,4.1395562809721746e-05,0.13878633081912994,-0.00011171577352797613,-6.435402610804886e-06,0.1388970745331991,-0.00011553532514749665,-0.00035477878241728654,trajectory,GOAL_DIRECT,3.739349603652954,9.086762741317813,0.012605288065969944
391,99356.328,9.114269256591797,0.002730462234467268,-0.9962168335914612,4.1395501025450226e-05,0.13878633081912994,-0.00011135910608572885,-6.435402610804886e-06,0.13889707464286588,-0.00011503046489300592,-0.00035477878241728654,trajectory,GOAL_DIRECT,3.739351511001587,9.114268623244474,0.012605288065969944
392,99356.546,9.140108108520508,0.0027097794227302074,-0.9962168335914612,4.1395500937063646e-05,0.13878633081912994,-0.0001110249650082551,-6.435402610804886e-06,0.13889707476147053,-0.00011481005890042647,-0.00035477878241728654,trajectory,GOAL_DIRECT,3.7393507957458496,9.140107481981293,0.012605288065969944
393,99356.781,9.166363716125488,0.002688830951228738,-0.9962168335914612,4.139550095088228e-05,0.13878633081912994,-0.00011064897262258455,-6.435402610804886e-06,0.13889707487253916,-0.00011444085689874767,-0.00035477878241728654,trajectory,GOAL_DIRECT,3.739351511001587,9.166363096459541,0.012605288065969944
394,99357.015,9.1922025680542,0.002668282249942422,-0.9962168335914612,4.139602125136828e-05,0.13878633081912994,-0.00011030356836272404,-6.435402610804886e-06,0.13889707498532336,-0.00011413280733665637,-0.00035477878241728654,trajectory,GOAL_DIRECT,3.7393510341644287,9.192201955108425,0.012605288065969944
395,99357.156,9.220541954040527,0.0026458173524588346,-0.9962168335914612,4.1397752928589576e-05,0.13878633081912994,-0.00010993376054102555,-6.435402610804886e-06,0.13889707509598825,-0.0001135887734409698,-0.00035477878241728654,trajectory,GOAL_DIRECT,3.7393505573272705,9.22054134841721,0.012605288065969944
396,99357.281,9.234711647033691,0.0026346135418862104,-0.9962168335914612,4.139861867100874e-05,0.13878633081912994,-0.0001097461354220286,-6.435402610804886e-06,0.13889707521781372,-0.00011438033216208267,-0.00035477878241728654,trajectory,GOAL_DIRECT,3.739351511001587,9.234711045052688,0.012605288065969944
397,99357.484,9.248881340026855,0.0026234290562570095,-0.9962168335914612,4.1399484713494664e-05,0.13878633081912994,-0.00010955460311379284,-6.435402610804886e-06,0.13889707527833645,-0.00011419325109966666,-0.00035477878241728654,trajectory,GOAL_DIRECT,3.739351987838745,9.248880741675467,0.012605288065969944
398,99357.718,9.275136947631836,0.0026027492713183165,-0.9962168335914612,4.1400361877186396e-05,0.13878633081912994,-0.00010929542622761801,-6.435402610804886e-06,0.13889707533858517,-0.00011300991621786815,-0.00035477878241728654,trajectory,GOAL_DIRECT,3.739351272583008,9.275136355975462,0.012605288065969944
399,99357.937,9.300975799560547,0.00258243759162724,-0.9962168335914612,4.140036162767989e-05,0.13878633081912994,-0.00010909360571531579,-6.435402610804886e-06,0.13889707545113736,-0.00011268467526304705,-0.00035477878241728654,trajectory,GOAL_DIRECT,3.7393507957458496,9.300975214461822,0.012605288065969944
400,99358.171,9.327231407165527,0.002561845351010561,-0.9962168335914612,4.1400361476676245e-05,0.13878633081912994,-0.00010880621266551316,-6.435402610804886e-06,0.13889707556183067,-0.00011230219312914734,-0.00035477878241728654,trajectory,GOAL_DIRECT,3.739351749420166,9.32723082869567,0.012605288065969944
401,99358.406,9.354320526123047,0.0025406598579138517,-0.9962168335914612,4.140036132068135e-05,0.13878633081912994,-0.00010846406075870618,-6.435402610804886e-06,0.13889707567422113,-0.00011188360526959795,-0.00035477878241728654,trajectory,GOAL_DIRECT,3.7393507957458496,9.354319954451185,0.012605288065969944
402,99358.625,9.380159378051758,0.0025205188430845737,-0.9962168335914612,4.1400361171699315e-05,0.13878633081912994,-0.0001080945148714818,-6.435402610804886e-06,0.13889707579006708,-0.00011162638647822067,-0.00035477878241728654,trajectory,GOAL_DIRECT,3.7393507957458496,9.380158812820877,0.012605288065969944
403,99358.843,9.40516471862793,0.0025010963436216116,-0.9962168335914612,4.140036102734939e-05,0.13878633081912994,-0.0001076967382687144,-6.435402610804886e-06,0.1388970759002383,-0.00011135480563805696,-0.00035477878241728654,trajectory,GOAL_DIRECT,3.739351272583008,9.405164159587109,0.012605288065969944
404,99359.062,9.433087348937988,0.0024794945493340492,-0.9962168335914612,4.1400361087335654e-05,0.13878633081912994,-0.00010725050378823653,-6.435402610804886e-06,0.1388970760064017,-0.00011079375222655342,-0.00035477878241728654,trajectory,GOAL_DIRECT,3.739351511001587,9.433086796756438,0.012605288065969944
405,99359.296,9.4589262008667,0.002459581708535552,-0.9962168335914612,4.140036119648024e-05,0.13878633081912994,-0.00010686722816899419,-6.435402610804886e-06,0.13889707612494975,-0.0001105924028914791,-0.00035477878241728654,trajectory,GOAL_DIRECT,3.7393507957458496,9.45892565498497,0.012605288065969944
406,99359.515,9.48518180847168,0.0024394195061177015,-0.9962168335914612,4.14003611749367e-05,0.13878633081912994,-0.00010648590978235006,-6.435402610804886e-06,0.1388970762342653,-0.00011021706706703482,-0.00035477878241728654,trajectory,GOAL_DIRECT,3.7393507957458496,9.485181268946437,0.012605288065969944
407,99359.75,9.510603904724121,0.0024199646431952715,-0.9962168335914612,4.140036130598677e-05,0.13878633081912994,-0.0001061295552062802,-6.435402610804886e-06,0.13889707634520418,-0.00010993408044996582,-0.00035477878241728654,trajectory,GOAL_DIRECT,3.7393510341644287,9.510603371311294,0.012605288065969944
408,99359.968,9.536026000976562,0.0024005742743611336,-0.9962168335914612,4.140036123384121e-05,0.13878633081912994,-0.00010578479850664735,-6.435402610804886e-06,0.13889707645241403,-0.00010959422255191104,-0.00035477878241728654,trajectory,GOAL_DIRECT,3.7393510341644287,9.536025473635421,0.012605288065969944
409,99360.187,9.562698364257812,0.0023802982177585363,-0.9962168335914612,4.140036136474545e-05,0.13878633081912994,-0.00010542291420279071,-6.435402610804886e-06,0.13889707655938202,-0.00010915501223204596,-0.00035477878241728654,trajectory,GOAL_DIRECT,3.7393507957458496,9.562697843243924,0.012605288065969944
410,99360.328,9.588953971862793,0.0023604051675647497,-0.9962168335914612,4.140036127078369e-05,0.13878633081912994,-0.00010508087143534794,-6.435402610804886e-06,0.13889707667155946,-0.00010882893161187377,-0.00035477878241728654,trajectory,GOAL_DIRECT,3.7393510341644287,9.588953457035137,0.012605288065969944
411,99360.453,9.603123664855957,0.0023496970534324646,-0.9962168335914612,4.1400361202709185e-05,0.13878633081912994,-0.00010487759573152289,-6.435402610804886e-06,0.13889707678227128,-0.00010942567092475833,-0.00035477878241728654,trajectory,GOAL_DIRECT,3.7393510341644287,9.603123153349333,0.012605288065969944
412,99360.656,9.617293357849121,0.0023390098940581083,-0.9962168335914612,4.140036140606844e-05,0.13878633081912994,-0.00010468006075825542,-6.435402610804886e-06,0.1388970768416602,-0.00010923386397634652,-0.00035477878241728654,trajectory,GOAL_DIRECT,3.7393503189086914,9.617292849650607,0.012605288065969944
413,99360.875,9.64521598815918,0.002317998558282852,-0.9962168335914612,4.1400361805466666e-05,0.13878633081912994,-0.000104404884041287,-6.435402610804886e-06,0.13889707690072373,-0.00010795668682012597,-0.00035477878241728654,trajectory,GOAL_DIRECT,3.739349842071533,9.645215486447341,0.012605288065969944
414,99361.109,9.668971061706543,0.0023001611698418856,-0.9962168335914612,4.140022698341767e-05,0.13878633081912994,-0.0001042085568769835,-6.435402610804886e-06,0.1388970770182263,-0.00010789255063555641,-0.00035477878241728654,trajectory,GOAL_DIRECT,3.7393510341644287,9.668970565485154,0.012605288065969944
415,99361.328,9.694393157958984,0.002281118417158723,-0.9962168335914612,4.140029950523612e-05,0.13878633081912994,-0.00010390017268946394,-6.435402610804886e-06,0.13889707711787638,-0.00010743551315499239,-0.00035477878241728654,trajectory,GOAL_DIRECT,3.7393507957458496,9.694392667581432,0.012605288065969944
416,99361.546,9.720232009887695,0.002261824207380414,-0.9962168335914612,4.1402103821230456e-05,0.13878633081912994,-0.00010355513222748414,-6.435402610804886e-06,0.1388970772245095,-0.00010705596704185115,-0.00035477878241728654,trajectory,GOAL_DIRECT,3.739349126815796,9.720231525411055,0.012605288065969944
417,99361.687,9.745237350463867,0.0022432163823395967,-0.9962168335914612,4.1403835377240625e-05,0.13878633081912994,-0.00010318776912754402,-6.435402610804886e-06,0.1388970773326063,-0.00010677030486510595,-0.00035477878241728654,trajectory,GOAL_DIRECT,3.739351511001587,9.745236871658273,0.012605288065969944
418,99361.89,9.758990287780762,0.0022330114152282476,-0.9962168335914612,4.1404632097731774e-05,0.13878633081912994,-0.00010297490371158347,-6.435402610804886e-06,0.13889707743750274,-0.00010729889513886439,-0.00035477878241728654,trajectory,GOAL_DIRECT,3.7393505573272705,9.75898981207665,0.012605288065969944
419,99362.046,9.78732967376709,0.002212048275396228,-0.9962168335914612,4.140416305989881e-05,0.13878633081912994,-0.00010255214147036895,-6.435402610804886e-06,0.13889707749407776,-0.00010598985092340706,-0.00035477878241728654,trajectory,GOAL_DIRECT,3.7393503189086914,9.787329204414814,0.012605288065969944
420,99362.156,9.801499366760254,0.0022015967406332493,-0.9962168335914612,4.1403791933613965e-05,0.13878633081912994,-0.00010237825335934758,-6.435402610804886e-06,0.13889707761288397,-0.00010668718482227576,-0.00035477878241728654,trajectory,GOAL_DIRECT,3.739351511001587,9.801498900565448,0.012605288065969944
421,99362.375,9.815669059753418,0.002191163832321763,-0.9962168335914612,4.140342092463998e-05,0.13878633081912994,-0.00010218354873359203,-6.435402610804886e-06,0.13889707767185694,-0.00010649108551563682,-0.00035477878241728654,trajectory,GOAL_DIRECT,3.739351272583008,9.815668596704398,0.012605288065969944
422,99362.593,9.843591690063477,0.002170658204704523,-0.9962168335914612,4.140302822418251e-05,0.13878633081912994,-0.00010185869177803397,-6.435402610804886e-06,0.1388970777303647,-0.00010523905202964859,-0.00035477878241728654,trajectory,GOAL_DIRECT,3.7393505573272705,9.843591233179872,0.012605288065969944
423,99362.828,9.869013786315918,0.0021520412992686033,-0.9962168335914612,4.1402984398762714e-05,0.13878633081912994,-0.000101596669992432,-6.435402610804886e-06,0.1388970778468102,-0.00010503717268371487,-0.00035477878241728654,trajectory,GOAL_DIRECT,3.739351272583008,9.869013335010715,0.012605288065969944
424,99363.046,9.894852638244629,0.002133174566552043,-0.9962168335914612,4.14029842997793e-05,0.13878633081912994,-0.00010126028792001307,-6.435402610804886e-06,0.13889707795250827,-0.00010465171471559762,-0.00035477878241728654,trajectory,GOAL_DIRECT,3.739351749420166,9.894852192573504,0.012605288065969944
425,99363.265,9.92110824584961,0.002114070812240243,-0.9962168335914612,4.1402984199438684e-05,0.13878633081912994,-0.00010088919225381687,-6.435402610804886e-06,0.1388970780598106,-0.00010426277430143029,-0.00035477878241728654,trajectory,GOAL_DIRECT,3.7393510341644287,9.921107805862363,0.012605288065969944
426,99363.5,9.94694709777832,0.0020953412167727947,-0.9962168335914612,4.14029841009263e-05,0.13878633081912994,-0.00010049511183751747,-6.435402610804886e-06,0.138897078168625,-0.00010393311339956217,-0.00035477878241728654,trajectory,GOAL_DIRECT,3.7393510341644287,9.946946663342473,0.012605288065969944
427,99363.734,9.97361946105957,0.002076087286695838,-0.9962168335914612,4.140298399948108e-05,0.13878633081912994,-0.00010005830699810758,-6.435402610804886e-06,0.13889707827532377,-0.00010351764637091441,-0.00035477878241728654,trajectory,GOAL_DIRECT,3.739351511001587,9.973619032307887,0.012605288065969944
428,99363.968,9.99987506866455,0.0020572177600115538,-0.9962168335914612,4.1402984128473864e-05,0.13878633081912994,-9.962423064280301e-05,-6.435402610804886e-06,0.1388970783852058,-0.00010318500139671167,-0.00035477878241728654,trajectory,GOAL_DIRECT,3.739351749420166,9.999874645460652,0.012605288065969944
429,99364.187,10.02779769897461,0.0020372362341731787,-0.9962168335914612,4.1402984184728276e-05,0.13878633081912994,-9.920046431943774e-05,-6.435402610804886e-06,0.13889707849301292,-0.00010269956311631344,-0.00035477878241728654,trajectory,GOAL_DIRECT,3.7393524646759033,10.027797281621186,0.012605288065969944
430,99364.421,10.055303573608398,0.0020176335237920284,-0.9962168335914612,4.1402984249237425e-05,0.13878633081912994,-9.88023602985777e-05,-6.435402610804886e-06,0.13889707860750167,-0.00010234398315090355,-0.00035477878241728654,trajectory,GOAL_DIRECT,3.739351749420166,10.055303161970908,0.012605288065969944
431,99364.656,10.081559181213379,0.0019989924039691687,-0.9962168335914612,4.1402984166789996e-05,0.13878633081912994,-9.844425949268043e-05,-6.435402610804886e-06,0.13889707872013987,-0.00010205266383675171,-0.00035477878241728654,trajectory,GOAL_DIRECT,3.739351987838745,10.081558774990086,0.012605288065969944
432,99364.89,10.10781478881836,0.001980422530323267,-0.9962168335914612,4.140298423608513e-05,0.13878633081912994,-9.806051821215078e-05,-6.435402610804886e-06,0.13889707882733907,-0.00010168752561108275,-0.00035477878241728654,trajectory,GOAL_DIRECT,3.7393524646759033,10.107814387967505,0.012605288065969944
433,99365.125,10.135737419128418,0.00196075183339417,-0.9962168335914612,4.1402511340545773e-05,0.13878633081912994,-9.76677329163067e-05,-6.435402610804886e-06,0.1388970789342975,-0.0001011982768292731,-0.00035477878241728654,trajectory,GOAL_DIRECT,3.739352226257324,10.135737023945435,0.012605288065969944
434,99365.328,10.162826538085938,0.001941742724739015,-0.9962168335914612,4.140088141815401e-05,0.13878633081912994,-9.728714940138161e-05,-6.435402610804886e-06,0.13889707904796705,-0.0001008680855903409,-0.00035477878241728654,trajectory,GOAL_DIRECT,3.739351272583008,10.162826148357857,0.012605288065969944
435,99365.578,10.189082145690918,0.0019233914790675044,-0.9962168335914612,4.139961548559205e-05,0.13878633081912994,-9.69008106039837e-05,-6.435402610804886e-06,0.1388970791580818,-0.00010054977742842844,-0.00035477878241728654,trajectory,GOAL_DIRECT,3.739352226257324,10.189081761207671,0.012605288065969944
436,99365.796,10.21408748626709,0.0019059800542891026,-0.9962168335914612,4.140044860102233e-05,0.13878633081912994,-9.655567555455491e-05,-6.435402610804886e-06,0.13889707926468503,-0.00010027049278272883,-0.00035477878241728654,trajectory,GOAL_DIRECT,3.739351749420166,10.214087106740738,0.012605288065969944
437,99365.937,10.24075984954834,0.0018874768866226077,-0.9962168335914612,4.140184559323133e-05,0.13878633081912994,-9.618278272682801e-05,-6.435402610804886e-06,0.13889707936575169,-9.979719264623381e-05,-0.00035477878241728654,trajectory,GOAL_DIRECT,3.7393524646759033,10.240759475269176,0.012605288065969944
438,99366.14,10.254929542541504,0.00187767599709332,-0.9962168335914612,4.1402587671316064e-05,0.13878633081912994,-9.598225733498111e-05,-6.435402610804886e-06,0.1388970794740009,-0.00010032151876601808,-0.00035477878241728654,trajectory,GOAL_DIRECT,3.7393527030944824,10.25492917103311,0.012605288065969944
439,99366.375,10.283268928527832,0.0018581391777843237,-0.9962168335914612,4.140402482007451e-05,0.13878633081912994,-9.555988071952015e-05,-6.435402610804886e-06,0.13889707953039968,-9.910298764070143e-05,-0.00035477878241728654,trajectory,GOAL_DIRECT,3.7393529415130615,10.283268562524235,0.012605288065969944
440,99366.625,10.309107780456543,0.0018403916619718075,-0.9962168335914612,4.14040430883247e-05,0.13878633081912994,-9.527456131763756e-05,-6.435402610804886e-06,0.13889707964481893,-9.887419198658103e-05,-0.00035477878241728654,trajectory,GOAL_DIRECT,3.7393527030944824,10.309107419433396,0.012605288065969944
441,99366.843,10.336196899414062,0.0018218447221443057,-0.9962168335914612,4.1404042990679584e-05,0.13878633081912994,-9.494194819126278e-05,-6.435402610804886e-06,0.13889707974888155,-9.841232910765209e-05,-0.00035477878241728654,trajectory,GOAL_DIRECT,3.739352226257324,10.33619654357592,0.012605288065969944
442,99367.093,10.36453628540039,0.0018025141907855868,-0.9962168335914612,4.1404042933667484e-05,0.13878633081912994,-9.456380212213844e-05,-6.435402610804886e-06,0.1388970798578835,-9.793455327560426e-05,-0.00035477878241728654,trajectory,GOAL_DIRECT,3.739352226257324,10.364535934943836,0.012605288065969944
443,99367.312,10.390791893005371,0.0017846737755462527,-0.9962168335914612,4.1404042923290965e-05,0.13878633081912994,-9.422021685168147e-05,-6.435402610804886e-06,0.1388970799719883,-9.767419141329143e-05,-0.00035477878241728654,trajectory,GOAL_DIRECT,3.7393531799316406,10.390791547494787,0.012605288065969944
444,99367.468,10.4191312789917,0.0017654948169365525,-0.9962168335914612,4.1403915439812086e-05,0.13878633081912994,-9.379745461046696e-05,-6.435402610804886e-06,0.13889708007722926,-9.715162832416529e-05,-0.00035477878241728654,trajectory,GOAL_DIRECT,3.7393510341644287,10.419130938775464,0.012605288065969944
445,99367.765,10.443303108215332,0.0017492064507678151,-0.9962168335914612,4.140391548063223e-05,0.13878633081912994,-9.341893019154668e-05,-6.435402610804886e-06,0.13889708019091088,-9.70403639329569e-05,-0.00035477878241728654,trajectory,GOAL_DIRECT,3.739351987838745,10.44330277247618,0.012605288065969944
446,99368.0,10.470392227172852,0.0017310273833572865,-0.9962168335914612,4.140391561464391e-05,0.13878633081912994,-9.303391561843455e-05,-6.435402610804886e-06,0.13889708028742112,-9.648748074784298e-05,-0.00035477878241728654,trajectory,GOAL_DIRECT,3.739352226257324,10.470391896409588,0.012605288065969944
447,99368.218,10.495814323425293,0.0017140342388302088,-0.9962168335914612,4.140391552226153e-05,0.13878633081912994,-9.267751011066139e-05,-6.435402610804886e-06,0.13889708039559073,-9.621207937125972e-05,-0.00035477878241728654,trajectory,GOAL_DIRECT,3.739352226257324,10.495813997293837,0.012605288065969944
448,99368.468,10.524153709411621,0.0016951703000813723,-0.9962168335914612,4.140391558590073e-05,0.13878633081912994,-9.225925168721005e-05,-6.435402610804886e-06,0.1388970804966689,-9.564243114246779e-05,-0.00035477878241728654,trajectory,GOAL_DIRECT,3.7393531799316406,10.524153388399453,0.012605288065969944
449,99368.625,10.55249309539795,0.0016763898311182857,-0.9962168335914612,4.140391555683672e-05,0.13878633081912994,-9.185523231280968e-05,-6.435402610804886e-06,0.13889708060933736,-9.523181099766724e-05,-0.00035477878241728654,trajectory,GOAL_DIRECT,3.739352226257324,10.552492779458838,0.012605288065969944
450,99368.828,10.566662788391113,0.001667030737735331,-0.9962168335914612,4.1403915460776754e-05,0.13878633081912994,-9.165189112536609e-05,-6.435402610804886e-06,0.13889708072244855,-9.579653597738311e-05,-0.00035477878241728654,trajectory,GOAL_DIRECT,3.739351511001587,10.566662474971306,0.012605288065969944
451,99369.046,10.593751907348633,0.0016491992864757776,-0.9962168335914612,4.140391563444871e-05,0.13878633081912994,-9.12399118533358e-05,-6.435402610804886e-06,0.1388970807778954,-9.470218048656942e-05,-0.00035477878241728654,trajectory,GOAL_DIRECT,3.7393524646759033,10.593751598712108,0.012605288065969944
452,99369.265,10.618340492248535,0.0016330763464793563,-0.9962168335914612,4.140378108667281e-05,0.13878633081912994,-9.094018605537713e-05,-6.435402610804886e-06,0.13889708088531796,-9.4473572094438e-05,-0.00035477878241728654,trajectory,GOAL_DIRECT,3.7393527030944824,10.618340187918832,0.012605288065969944
453,99369.484,10.643762588500977,0.0016164652770385146,-0.9962168335914612,4.140333713099217e-05,0.13878633081912994,-9.059377043740824e-05,-6.435402610804886e-06,0.13889708098246106,-9.405414880608908e-05,-0.00035477878241728654,trajectory,GOAL_DIRECT,3.739351511001587,10.643762288590796,0.012605288065969944
454,99369.718,10.668351173400879,0.0016004607314243913,-0.9962168335914612,4.1403086081484554e-05,0.13878633081912994,-9.024328028317541e-05,-6.435402610804886e-06,0.13889708108287907,-9.373667150630786e-05,-0.00035477878241728654,trajectory,GOAL_DIRECT,3.7393529415130615,10.668350877731196,0.012605288065969944
455,99369.953,10.69419002532959,0.0015837106620892882,-0.9962168335914612,4.140308607741041e-05,0.13878633081912994,-8.985757449408993e-05,-6.435402610804886e-06,0.13889708117970465,-9.329065636943304e-05,-0.00035477878241728654,trajectory,GOAL_DIRECT,3.7393534183502197,10.694189734079002,0.012605288065969944
456,99370.171,10.722529411315918,0.0015654219314455986,-0.9962168335914612,4.14030861516576e-05,0.13878633081912994,-8.944372530095279e-05,-6.435402610804886e-06,0.13889708128122846,-9.274132480701914e-05,-0.00035477878241728654,trajectory,GOAL_DIRECT,3.739351987838745,10.722529124867924,0.012605288065969944
457,99370.406,10.749201774597168,0.0015482824528589845,-0.9962168335914612,4.140308609006266e-05,0.13878633081912994,-8.908635209081694e-05,-6.435402610804886e-06,0.13889708139265808,-9.243204959656832e-05,-0.00035477878241728654,trajectory,GOAL_DIRECT,3.739351749420166,10.74920149262913,0.012605288065969944
458,99370.625,10.775457382202148,0.0015314801130443811,-0.9962168335914612,4.140308603888609e-05,0.13878633081912994,-8.87110800249502e-05,-6.435402610804886e-06,0.1388970814972515,-9.206357945653572e-05,-0.00035477878241728654,trajectory,GOAL_DIRECT,3.739351987838745,10.775457104606268,0.012605288065969944
459,99370.781,10.80087947845459,0.0015152813866734505,-0.9962168335914612,4.140308588229631e-05,0.13878633081912994,-8.831716695567593e-05,-6.435402610804886e-06,0.13889708159999162,-9.173050515814412e-05,-0.00035477878241728654,trajectory,GOAL_DIRECT,3.739351511001587,10.800879205054768,0.012605288065969944
460,99370.984,10.815882682800293,0.0015057562850415707,-0.9962168335914612,4.1403085890673713e-05,0.13878633081912994,-8.807049744063988e-05,-6.435402610804886e-06,0.13889708169971887,-9.204501386419301e-05,-0.00035477878241728654,trajectory,GOAL_DIRECT,3.739351272583008,10.815882411858809,0.012605288065969944
461,99371.203,10.840888023376465,0.001489939633756876,-0.9962168335914612,4.1403086163864146e-05,0.13878633081912994,-8.767534018261358e-05,-6.435402610804886e-06,0.13889708175762375,-9.116042283329739e-05,-0.00035477878241728654,trajectory,GOAL_DIRECT,3.7393527030944824,10.840887756502184,0.012605288065969944
462,99371.437,10.867977142333984,0.0014728750102221966,-0.9962168335914612,4.140308618867819e-05,0.13878633081912994,-8.7341497419402e-05,-6.435402610804886e-06,0.13889708185498734,-9.064389031301818e-05,-0.00035477878241728654,trajectory,GOAL_DIRECT,3.739351749420166,10.867976879828088,0.012605288065969944
463,99371.578,10.892982482910156,0.0014571823412552476,-0.9962168335914612,4.1403086073694704e-05,0.13878633081912994,-8.701398473931476e-05,-6.435402610804886e-06,0.13889708196044512,-9.037059058511128e-05,-0.00035477878241728654,trajectory,GOAL_DIRECT,3.739351511001587,10.892982224403795,0.012605288065969944
464,99371.781,10.90673542022705,0.0014485775027424097,-0.9962168335914612,4.140308599819758e-05,0.13878633081912994,-8.681549661559984e-05,-6.435402610804886e-06,0.13889708205809465,-9.072916811488412e-05,-0.00035477878241728654,trajectory,GOAL_DIRECT,3.7393524646759033,10.906735163906372,0.012605288065969944
465,99372.0,10.935074806213379,0.0014309099642559886,-0.9962168335914612,4.140308621299647e-05,0.13878633081912994,-8.640326996101066e-05,-6.435402610804886e-06,0.13889708205672927,-8.887805861480676e-05,-0.00035477878241728654,trajectory,GOAL_DIRECT,3.739351749420166,10.935074554363325,0.012605288065969944
466,99372.234,10.959663391113281,0.0014156433753669262,-0.9962168335914612,4.140290039136958e-05,0.13878633081912994,-8.608723874203861e-05,-6.435402610804886e-06,0.1388970822208616,-8.937907471948758e-05,-0.00035477878241728654,trajectory,GOAL_DIRECT,3.739351272583008,10.959663143108436,0.012605288065969944
467,99372.453,10.984668731689453,0.0014001879608258605,-0.9962168335914612,4.140246360472177e-05,0.13878633081912994,-8.562676521250978e-05,-6.435402610804886e-06,0.13889708231570386,-8.89861724541729e-05,-0.00035477878241728654,trajectory,GOAL_DIRECT,3.739352226257324,10.984668487559375,0.012605288065969944
468,99372.687,11.010924339294434,0.0013840498868376017,-0.9962168335914612,4.140200527647074e-05,0.13878633081912994,-8.514471119269729e-05,-6.435402610804886e-06,0.13889708241189366,-8.853440541428598e-05,-0.00035477878241728654,trajectory,GOAL_DIRECT,3.739351749420166,11.010924099189433,0.012605288065969944
469,99372.921,11.039263725280762,0.0013667313614860177,-0.9962168335914612,4.140151057310953e-05,0.13878633081912994,-8.464352140435949e-05,-6.435402610804886e-06,0.1384874288237437,-8.774496105874884e-05,-0.00035477878241728654,trajectory,GOAL_DIRECT,3.739351272583008,11.039263489471757,0.012605288065969944
470,99373.156,11.064269065856934,0.0013515339232981205,-0.9962168335914612,4.1401287246711476e-05,0.13877986371517181,-8.421311213169247e-05,-6.435402610804886e-06,0.13742521924397297,-8.684949563949218e-05,-0.00035477878241728654,trajectory,GOAL_DIRECT,3.7393507957458496,11.064268833797893,0.012605288065969944
471,99373.375,11.090909957885742,0.001335409819148481,-0.9962168335914612,4.140337034730178e-05,0.1387045979499817,-8.373740274691954e-05,-6.514083906949963e-06,0.13649354025642707,-8.577396360069089e-05,-0.00035477248791359494,trajectory,GOAL_DIRECT,3.739415407180786,11.090909729786707,0.012605288065969944
472,99373.593,11.118352890014648,0.0013188828015699983,-0.9962168335914612,4.1403277713570697e-05,0.13846100866794586,-8.318533218698576e-05,-6.691470389341703e-06,0.13551399397183636,-8.469892826333093e-05,-0.0003547582969950036,trajectory,GOAL_DIRECT,3.7389962673187256,11.118352665953607,0.012605288065969944
473,99373.812,11.142830848693848,0.0013042079517617822,-0.9962168335914612,4.140457819791282e-05,0.1381070762872696,-8.261638868134469e-05,-6.904620022396557e-06,0.1345131986321044,-8.383925106232553e-05,-0.0003547412450243592,trajectory,GOAL_DIRECT,3.7384285926818848,11.142830628200752,0.012605288065969944
474,99374.062,11.17094898223877,0.0012874287785962224,-0.9962168335914612,4.1405311983135345e-05,0.13755390048027039,-8.186820923583582e-05,-7.240797913254937e-06,0.13363952926718323,-8.269516149947197e-05,-0.00035471435079309054,trajectory,GOAL_DIRECT,3.738284111022949,11.17094876580488,0.012605288065969944
475,99374.296,11.198533058166504,0.0012710520531982183,-0.9962168335914612,4.140325348811795e-05,0.13688898086547852,-8.107332541840151e-05,-7.380989700322971e-06,0.1326382928526557,-8.168188473886459e-05,-0.00035470313545012507,trajectory,GOAL_DIRECT,3.7378034591674805,11.198532845673103,0.012605288065969944
476,99374.437,11.22270679473877,0.0012567671947181225,-0.9962168335914612,4.140146010917606e-05,0.13624487817287445,-8.032473124330863e-05,-7.551222552137915e-06,0.13165541824466304,-8.087184544021219e-05,-0.0003546895168219799,trajectory,GOAL_DIRECT,3.737448215484619,11.22270658566528,0.012605288065969944
477,99374.64,11.235769271850586,0.0012490765657275915,-0.9962168335914612,4.140110459429618e-05,0.13586421310901642,-7.98934415797703e-05,-7.810151146259159e-06,0.13077935634990573,-8.06573943029919e-05,-0.0003546688025344502,trajectory,GOAL_DIRECT,3.737278699874878,11.2357690646114,0.012605288065969944
478,99374.875,11.26298999786377,0.0012331126490607858,-0.9962168335914612,4.140083124052065e-05,0.1349686086177826,-7.895068119978532e-05,-8.144894309225492e-06,0.13085100470601868,-7.902667121603903e-05,-0.0003546420230814129,trajectory,GOAL_DIRECT,3.737053871154785,11.262989794416795,0.012605288065969944
479,99375.093,11.287609100341797,0.001218738965690136,-0.9962168335914612,4.14014239267871e-05,0.13412120938301086,-7.814056880306453e-05,-7.744338290649466e-06,0.13875070143263232,-8.428715847529462e-05,-0.000354674067562899,trajectory,GOAL_DIRECT,3.7366232872009277,11.287608900292197,0.012605288065969944
480,99375.234,11.313688278198242,0.0012035880936309695,-0.9962168335914612,4.140195439714383e-05,0.13350756466388702,-7.730826473562047e-05,-5.642873929900816e-06,0.1393193950920995,8.249866152518078e-06,-0.00035484218471175887,trajectory,STRAIGHT,3.736776113510132,11.313688081711296,0.012605288065969944
481,99375.546,11.338953971862793,0.001189207541756332,-0.9962168335914612,4.140099947510299e-05,0.13402068614959717,-7.267727050930262e-05,-8.368055205210112e-06,0.13927834535793343,7.80082203960914e-06,-0.0003546241702097341,trajectory,STRAIGHT,3.7391815185546875,11.338953778719286,0.012605288065969944
482,99375.765,11.36599063873291,0.0011760253692045808,-0.9962168335914612,4.139900896320083e-05,0.13500623404979706,-5.7796380133368075e-05,-8.403816536883824e-06,0.13919950147668864,6.501185776673536e-06,-0.00035462130930320024,trajectory,STRAIGHT,3.736152172088623,11.36599044844231,0.012605288065969944
483,99376.015,11.39240837097168,0.0011662596371024847,-0.9962168335914612,4.140022603994088e-05,0.13592419028282166,-4.2623240005923435e-05,-7.639916475454811e-06,0.13912606492786206,4.94586408386564e-06,-0.0003546824213081145,trajectory,STRAIGHT,3.7358808517456055,11.392408182457896,0.012605288065969944
484,99376.25,11.419403076171875,0.0011591524817049503,-0.9962168335914612,4.140190554065094e-05,0.1366848200559616,-2.9656834158231504e-05,-7.047672625049017e-06,0.13906521450312231,3.647578503720599e-06,-0.00035472980081614704,trajectory,STRAIGHT,3.736104726791382,11.419402888544719,0.012605288065969944
485,99376.484,11.446939468383789,0.0011542575666680932,-0.9962168335914612,4.1402707501550395e-05,0.13727231323719025,-1.954054278030526e-05,-6.762992597941775e-06,0.13901821501515896,2.6213384819797867e-06,-0.0003547525752183156,trajectory,STRAIGHT,3.7367684841156006,11.44693928089606,0.012605288065969944
486,99376.718,11.472513198852539,0.00115130131598562,-0.9962168335914612,4.140248861088322e-05,0.13767613470554352,-1.2587488527060486e-05,-6.565571311512031e-06,0.13898590927468876,1.8645384145798308e-06,-0.00035476836892123,trajectory,STRAIGHT,3.737420082092285,11.472513010971653,0.012605288065969944
487,99376.937,11.496496200561523,0.0011495513608679175,-0.9962168335914612,4.140319238054311e-05,0.1379583328962326,-7.757651474094018e-06,-6.446833140216768e-06,0.13896333340345604,1.3517877670450724e-06,-0.0003547778679749336,trajectory,STRAIGHT,3.7379462718963623,11.496496011969136,0.012605288065969944
488,99377.156,11.522175788879395,0.0011484797578305006,-0.9962168335914612,4.1405783261982726e-05,0.138182133436203,-3.964260486100102e-06,-6.403914085240103e-06,0.13894542934771123,9.880935581946097e-07,-0.0003547813014993317,trajectory,STRAIGHT,3.738347291946411,11.522175599248516,0.012605288065969944
489,99377.406,11.550385475158691,0.001147991162724793,-0.9962168335914612,4.1410110655865796e-05,0.13835929334163666,-1.0043622751254588e-06,-6.358135124173714e-06,0.13893125654548666,7.03950267760196e-07,-0.000354784963816217,trajectory,STRAIGHT,3.7386372089385986,11.550385284139715,0.012605288065969944
490,99377.64,11.578621864318848,0.001148010022006929,-0.9962168335914612,4.1413569820175966e-05,0.13848476111888885,1.0664452929631807e-06,-6.346690042846603e-06,0.13892121911645525,4.882013651141472e-07,-0.0003547858794227232,trajectory,STRAIGHT,3.7388460636138916,11.578621671717077,0.012605288065969944
491,99377.796,11.60689640045166,0.0011483838316053152,-0.9962168335914612,4.14152818446113e-05,0.13857342302799225,2.5136012027360266e-06,-6.33810623185127e-06,0.1389141261589391,3.375841195055628e-07,-0.0003547865661276028,trajectory,STRAIGHT,3.7389938831329346,11.606896206118456,0.012605288065969944
492,99378.0,11.621033668518066,0.0011486689327284694,-0.9962168335914612,4.141493656408535e-05,0.13860729336738586,3.057851699850289e-06,-6.33810623185127e-06,0.13891141652998742,2.446786668217336e-07,-0.0003547865661276028,trajectory,STRAIGHT,3.7390501499176025,11.621033473274885,0.012605288065969944
493,99378.218,11.648476600646973,0.001149358693510294,-0.9962168335914612,4.141338795295793e-05,0.1386580914258957,3.860301603708649e-06,-6.3295224208559375e-06,0.1389073526826512,1.9538924091887002e-07,-0.00035478725283248245,trajectory,STRAIGHT,3.739140510559082,11.648476403568628,0.012605288065969944
494,99378.453,11.674256324768066,0.0011501285480335355,-0.9962168335914612,4.141041447942676e-05,0.13869255781173706,4.387705757835647e-06,-6.3295224208559375e-06,0.13890459537003863,1.3851564504485982e-07,-0.00035478725283248245,trajectory,STRAIGHT,3.7392024993896484,11.674256125895909,0.012605288065969944
495,99378.656,11.700451850891113,0.0011509961914271116,-0.9962168335914612,4.140723618903894e-05,0.13871806859970093,4.776185960508883e-06,-6.32666115052416e-06,0.13890255450571592,9.944159322305808e-08,-0.000354787481734109,trajectory,STRAIGHT,3.739225149154663,11.700451650137536,0.012605288065969944
496,99378.89,11.724984169006348,0.0011518662795424461,-0.9962168335914612,4.140382085035511e-05,0.1387355923652649,5.042756583861774e-06,-6.32666115052416e-06,0.1389011526035889,7.102005526337706e-08,-0.000354787481734109,trajectory,STRAIGHT,3.739262819290161,11.72498396644307,0.012605288065969944
497,99379.109,11.750348091125488,0.0011528088944032788,-0.9962168335914612,4.139868456389722e-05,0.1387489289045334,5.2460636652540416e-06,-6.32666115052416e-06,0.13890008567977472,5.1092202036471515e-08,-0.000354787481734109,trajectory,STRAIGHT,3.739288330078125,11.750347886646924,0.012605288065969944
498,99379.343,11.777392387390137,0.0011538472026586533,-0.9962168335914612,4.1392012831845395e-05,0.13875916600227356,5.3949856919643935e-06,-6.323799880192382e-06,0.13889926671146233,3.6660972783856284e-08,-0.00035478771063573555,trajectory,STRAIGHT,3.7393076419830322,11.777392180823982,0.012605288065969944
499,99379.562,11.804898262023926,0.0011549262562766671,-0.9962168335914612,4.138490806275217e-05,0.1387666016817093,5.498850441654213e-06,-6.323799880192382e-06,0.13889867185676405,2.6157333593824757e-08,-0.00035478771063573555,trajectory,STRAIGHT,3.739320755004883,11.804898053289632,0.012605288065969944
500,99379.796,11.833237648010254,0.0011560556013137102,-0.9962168335914612,4.137452542609084e-05,0.13877208530902863,5.5696937124594115e-06,-6.323799880192382e-06,0.13889823316634453,1.9111461647789116e-08,-0.00035478771063573555,trajectory,STRAIGHT,3.739328384399414,11.833237436995919,0.012605288065969944
501,99380.046,11.859076499938965,0.0011570960050448775,-0.9962168335914612,4.136307674755566e-05,0.13877566158771515,5.613020675809821e-06,-6.323799880192382e-06,0.13889794706390615,1.4155349798927993e-08,-0.00035478771063573555,trajectory,STRAIGHT,3.739335775375366,11.85907628680561,0.012605288065969944
502,99380.265,11.885332107543945,0.0011581601575016975,-0.9962168335914612,4.135011466230556e-05,0.1387781947851181,5.649313607136719e-06,-6.323799880192382e-06,0.13889774440799407,1.0582654446494381e-08,-0.00035478771063573555,trajectory,STRAIGHT,3.7393386363983154,11.885331892218435,0.012605288065969944
503,99380.484,11.910337448120117,0.0011591799557209015,-0.9962168335914612,4.1337170763343306e-05,0.13877998292446136,5.676684395439224e-06,-6.323799880192382e-06,0.1388976013567558,7.486568209523334e-09,-0.00035478771063573555,trajectory,STRAIGHT,3.7393429279327393,11.910337230669489,0.012605288065969944
504,99380.64,11.935759544372559,0.0011602212907746434,-0.9962168335914612,4.132301177848621e-05,0.13878120481967926,5.697302640328417e-06,-6.323799880192382e-06,0.13889750360507053,5.338529401829194e-09,-0.00035478771063573555,trajectory,STRAIGHT,3.7393434047698975,11.935759324723772,0.012605288065969944
505,99380.843,11.950762748718262,0.0011608373606577516,-0.9962168335914612,4.131436795686453e-05,0.13878220319747925,5.706072897737613e-06,-6.323799880192382e-06,0.1388974237348176,3.452273514512681e-09,-0.00035478771063573555,trajectory,STRAIGHT,3.7393460273742676,11.95076252775426,0.012605288065969944
506,99381.062,11.977018356323242,0.0011619154829531908,-0.9962168335914612,4.1298779246437955e-05,0.13878333568572998,5.715344286727486e-06,-6.323799880192382e-06,0.13889733313572672,3.47814061272407e-09,-0.00035478771063573555,trajectory,STRAIGHT,3.7393457889556885,11.977018133025899,0.012605288065969944
507,99381.296,12.003273963928223,0.00116299360524863,-0.9962168335914612,4.128312142108125e-05,0.1387842744588852,5.7172292144969106e-06,-6.323799880192382e-06,0.13889725803386835,3.1224041324976304e-09,-0.00035478771063573555,trajectory,STRAIGHT,3.7393484115600586,12.003273738256263,0.012605288065969944
508,99381.453,12.03161334991455,0.001164157292805612,-0.9962168335914612,4.127247665245675e-05,0.13878528773784637,5.7202137213607784e-06,-6.323799880192382e-06,0.13889717697154166,2.283292256634568e-09,-0.00035478771063573555,trajectory,STRAIGHT,3.7393500804901123,12.031613121631933,0.012605288065969944
509,99381.562,12.045783042907715,0.0011647414648905396,-0.9962168335914612,4.126833658593696e-05,0.13878579437732697,5.732837507821387e-06,-6.323799880192382e-06,0.13889713644034088,4.247386008879917e-11,-0.00035478771063573555,trajectory,STRAIGHT,3.739349842071533,12.045782813299896,0.012605288065969944
510,99381.687,12.059952735900879,0.0011653272667899728,-0.9962168335914612,4.12658154677546e-05,0.13878630101680756,5.736500497732777e-06,-6.323799880192382e-06,0.13889709590917107,-6.053330437327746e-10,-0.00035478771063573555,trajectory,STRAIGHT,3.7393500804901123,12.059952504954321,0.012605288065969944
511,99381.89,12.074122428894043,0.001165913068689406,-0.9962168335914612,4.1264483988609224e-05,0.13878661394119263,5.748518105974654e-06,-6.32666115052416e-06,0.1388970708751806,-1.701342543276597e-09,-0.000354787481734109,trajectory,STRAIGHT,3.739348888397217,12.074122196595665,0.012605288065969944
512,99382.125,12.101211547851562,0.001167032984085381,-0.9962168335914612,4.126181378934972e-05,0.13878661394119263,5.752174274675781e-06,-6.32666115052416e-06,0.13889707087516848,-1.9968494342208507e-09,-0.000354787481734109,trajectory,STRAIGHT,3.739351987838745,12.101211312931706,0.012605288065969944
513,99382.375,12.128717422485352,0.0011681701289489865,-0.9962168335914612,4.125839052853887e-05,0.13878661394119263,5.7322413340443745e-06,-6.32666115052416e-06,0.13889707087523434,-3.7766948166606134e-10,-0.000354787481734109,trajectory,STRAIGHT,3.739353656768799,12.12871718485263,0.012605288065969944
514,99382.578,12.153722763061523,0.0011691987747326493,-0.9962168335914612,4.125424330335961e-05,0.13878661394119263,5.693452749255812e-06,-6.32666115052416e-06,0.1388970708753619,3.274504030824981e-09,-0.000354787481734109,trajectory,STRAIGHT,3.7393527030944824,12.153722522918768,0.012605288065969944
515,99382.828,12.182478904724121,0.001170370844192803,-0.9962168335914612,4.1249317479983124e-05,0.13878661394119263,5.632730335491942e-06,-6.3295224208559375e-06,0.13889707087556274,9.272579531037183e-09,-0.00035478725283248245,trajectory,STRAIGHT,3.739352226257324,12.182478661643803,0.012605288065969944
516,99383.062,12.20956802368164,0.0011714643333107233,-0.9962168335914612,4.12443115828182e-05,0.13878661394119263,5.5852219702501316e-06,-6.3295224208559375e-06,0.1388970708757193,1.3993794807951537e-08,-0.00035478725283248245,trajectory,STRAIGHT,3.7393534183502197,12.209567777782684,0.012605288065969944
517,99383.312,12.238324165344238,0.0011726162629202008,-0.9962168335914612,4.123932378478901e-05,0.13878661394119263,5.554218660108745e-06,-6.3295224208559375e-06,0.13889707087582143,1.7433998786635073e-08,-0.00035478725283248245,trajectory,STRAIGHT,3.739352226257324,12.23832391639597,0.012605288065969944
518,99383.531,12.265413284301758,0.0011736995074898005,-0.9962168335914612,4.1237821163782403e-05,0.13878661394119263,5.5741356845828705e-06,-6.3295224208559375e-06,0.13889707087575578,1.5465180240059253e-08,-0.00035478725283248245,trajectory,STRAIGHT,3.7393531799316406,12.26541303242266,0.012605288065969944
519,99383.765,12.292919158935547,0.0011748059187084436,-0.9962168335914612,4.123917467352687e-05,0.13878661394119263,5.588080057350453e-06,-6.3295224208559375e-06,0.13889707087570902,1.3484712915967669e-08,-0.00035478725283248245,trajectory,STRAIGHT,3.7393524646759033,12.292918904017249,0.012605288065969944
520,99384.015,12.320008277893066,0.0011758925393223763,-0.9962168335914612,4.124059367528325e-05,0.13878661394119263,5.543764473259216e-06,-6.3295224208559375e-06,0.13889707087585615,1.7303403922601977e-08,-0.00035478725283248245,trajectory,STRAIGHT,3.7393524646759033,12.320008019921524,0.012605288065969944
521,99384.234,12.345013618469238,0.0011768832337111235,-0.9962168335914612,4.1241878045947074e-05,0.13878661394119263,5.451584002003074e-06,-6.3295224208559375e-06,0.13889707087616035,2.5707773374515255e-08,-0.00035478725283248245,trajectory,STRAIGHT,3.7393531799316406,12.34501335762909,0.012605288065969944
522,99384.39,12.372102737426758,0.0011779377236962318,-0.9962168335914612,4.124138647861727e-05,0.13878661394119263,5.381662049330771e-06,-6.3295224208559375e-06,0.13889707087639103,3.368666768779227e-08,-0.00035478725283248245,trajectory,STRAIGHT,3.7393531799316406,12.37210247342534,0.012605288065969944
523,99384.546,12.386272430419922,0.001178487902507186,-0.9962168335914612,4.124120445005789e-05,0.13878661394119263,5.403806426329538e-06,-6.3295224208559375e-06,0.13889707087631775,2.9031498133175463e-08,-0.00035478725283248245,trajectory,STRAIGHT,3.7393527030944824,12.386272164739275,0.012605288065969944
524,99384.796,12.41419506072998,0.0011795805767178535,-0.9962168335914612,4.124096065111713e-05,0.13878634572029114,5.4676061154168565e-06,-6.3295224208559375e-06,0.1388970923337793,2.639865750676271e-08,-0.00035478725283248245,trajectory,STRAIGHT,3.7393531799316406,12.41419479168218,0.012605288065969944
525,99385.046,12.4412841796875,0.001180652529001236,-0.9962168335914612,4.1239818375052576e-05,0.13878634572029114,5.529172995011322e-06,-6.3295224208559375e-06,0.13889709233357572,2.0182089783320284e-08,-0.00035478725283248245,trajectory,STRAIGHT,3.7393524646759033,12.441283907296892,0.012605288065969944
526,99385.265,12.46753978729248,0.0011817015474662185,-0.9962168335914612,4.123815587662512e-05,0.13878634572029114,5.56994427824975e-06,-6.3295224208559375e-06,0.1388970923334416,1.5805581966021017e-08,-0.00035478725283248245,trajectory,STRAIGHT,3.7393524646759033,12.46753951158855,0.012605288065969944
527,99385.5,12.493378639221191,0.0011827409034594893,-0.9962168335914612,4.123590038704623e-05,0.13878634572029114,5.593429705186281e-06,-6.3295224208559375e-06,0.1388970923333644,1.3202800125904064e-08,-0.00035478725283248245,trajectory,STRAIGHT,3.739352226257324,12.493378360185037,0.012605288065969944
528,99385.734,12.520051002502441,0.0011838155332952738,-0.9962168335914612,4.123330282018471e-05,0.13878634572029114,5.613622306555044e-06,-6.3295224208559375e-06,0.13889709233329772,1.1495505737424628e-08,-0.00035478725283248245,trajectory,STRAIGHT,3.739353656768799,12.52005071995245,0.012605288065969944
529,99385.968,12.546723365783691,0.001184896333143115,-0.9962168335914612,4.123052341402131e-05,0.13878634572029114,5.647940724884393e-06,-6.3295224208559375e-06,0.13889709233318442,8.112942175449224e-09,-0.00035478725283248245,trajectory,STRAIGHT,3.7393524646759033,12.546723079640005,0.012605288065969944
530,99386.187,12.572562217712402,0.0011859501246362925,-0.9962168335914612,4.122757672418649e-05,0.13878634572029114,5.664373020408675e-06,-6.3295224208559375e-06,0.13889709233313005,6.038980699652846e-09,-0.00035478725283248245,trajectory,STRAIGHT,3.739351987838745,12.572561928008248,0.012605288065969944
531,99386.328,12.598401069641113,0.0011870039161294699,-0.9962168335914612,4.122583412620895e-05,0.13878634572029114,5.6706799114181194e-06,-6.3295224208559375e-06,0.1388970923331095,5.3901696560191e-09,-0.00035478725283248245,trajectory,STRAIGHT,3.7393510341644287,12.598400776299417,0.012605288065969944
532,99386.453,12.612570762634277,0.0011875818017870188,-0.9962168335914612,4.1225957960639e-05,0.13878634572029114,5.664068339683581e-06,-6.3295224208559375e-06,0.13889709233313083,5.217505014491584e-09,-0.00035478725283248245,trajectory,STRAIGHT,3.7393524646759033,12.612570467264172,0.012605288065969944
533,99386.703,12.640910148620605,0.0011887308210134506,-0.9962168335914612,4.122620562871085e-05,0.13878634572029114,5.583031907008262e-06,-6.3295224208559375e-06,0.1388970923333986,1.2994047879556052e-08,-0.00035478725283248245,trajectory,STRAIGHT,3.739351987838745,12.640909849123561,0.012605288065969944
534,99387.015,12.667999267578125,0.0011898066150024533,-0.9962168335914612,4.1226354708368846e-05,0.13878634572029114,5.45200282431324e-06,-6.3295224208559375e-06,0.1388970923338304,2.56564395651268e-08,-0.00035478725283248245,trajectory,STRAIGHT,3.739352226257324,12.667998964053416,0.012605288065969944
535,99387.218,12.693004608154297,0.001190781593322754,-0.9962168335914612,4.1226543574615056e-05,0.13878634572029114,5.402845090429764e-06,-6.3295224208559375e-06,0.13889709233399242,3.1078557040334006e-08,-0.00035478725283248245,trajectory,STRAIGHT,3.739351749420166,12.693004300836668,0.012605288065969944
536,99387.453,12.718009948730469,0.0011917554074898362,-0.9962168335914612,4.1225815892960106e-05,0.13878634572029114,5.4248412197921425e-06,-6.3295224208559375e-06,0.13889709233391997,2.95170378297445e-08,-0.00035478725283248245,trajectory,STRAIGHT,3.7393524646759033,12.718009637536987,0.012605288065969944
537,99387.687,12.746766090393066,0.0011928799794986844,-0.9962168335914612,4.122506298242704e-05,0.13878634572029114,5.423416951089166e-06,-6.3295224208559375e-06,0.13889709233392497,3.001017697316649e-08,-0.00035478725283248245,trajectory,STRAIGHT,3.739351749420166,12.746765774633007,0.012605288065969944
538,99387.921,12.772604942321777,0.0011938856914639473,-0.9962168335914612,4.1225950532111984e-05,0.13878634572029114,5.4046704462962225e-06,-6.3295224208559375e-06,0.13889709233398684,3.121745809242458e-08,-0.00035478725283248245,trajectory,STRAIGHT,3.739352226257324,12.772604622359914,0.012605288065969944
539,99388.14,12.798860549926758,0.0011949094478040934,-0.9962168335914612,4.12282059054788e-05,0.13878634572029114,5.4404422371590044e-06,-6.3295224208559375e-06,0.1388970923338689,2.8163572681666042e-08,-0.00035478725283248245,trajectory,STRAIGHT,3.7393524646759033,12.798860225592813,0.012605288065969944
540,99388.39,12.828033447265625,0.0011960597475990653,-0.9962168335914612,4.1228718852440185e-05,0.13878634572029114,5.515523298527114e-06,-6.3295224208559375e-06,0.13889709233362055,2.1711638743863136e-08,-0.00035478725283248245,trajectory,STRAIGHT,3.739351749420166,12.828033117942226,0.012605288065969944
541,99388.609,12.853455543518066,0.0011970746563747525,-0.9962168335914612,4.1227831297913044e-05,0.13878634572029114,5.573901944444515e-06,-6.3295224208559375e-06,0.1388970923334287,1.524431601260354e-08,-0.00035478725283248245,trajectory,STRAIGHT,3.739352226257324,12.853455209728654,0.012605288065969944
542,99388.828,12.880961418151855,0.0011981810675933957,-0.9962168335914612,4.122834060306446e-05,0.13878634572029114,5.604020316241076e-06,-6.3295224208559375e-06,0.13889709233332936,1.2142938026103082e-08,-0.00035478725283248245,trajectory,STRAIGHT,3.739351749420166,12.880961079404424,0.012605288065969944
543,99389.062,12.906800270080566,0.001199226826429367,-0.9962168335914612,4.122886814691277e-05,0.13878634572029114,5.625817266263766e-06,-6.3295224208559375e-06,0.1388970923332565,9.596958815678934e-09,-0.00035478725283248245,trajectory,STRAIGHT,3.7393507957458496,12.906799926552702,0.012605288065969944
544,99389.296,12.934306144714355,0.00120034150313586,-0.9962168335914612,4.122910825692644e-05,0.13878634572029114,5.647247235174291e-06,-6.3295224208559375e-06,0.1388970923331868,7.89578993295205e-09,-0.00035478725283248245,trajectory,STRAIGHT,3.739352226257324,12.934305795964807,0.012605288065969944
545,99389.515,12.959311485290527,0.001201361301355064,-0.9962168335914612,4.122932652744079e-05,0.13878634572029114,5.665690878231544e-06,-6.3295224208559375e-06,0.1388970923331255,5.603821457391402e-09,-0.00035478725283248245,trajectory,STRAIGHT,3.7393524646759033,12.959311131667512,0.012605288065969944
546,99389.75,12.985150337219238,0.0012024150928482413,-0.9962168335914612,4.1229552148592874e-05,0.13878634572029114,5.680998128809733e-06,-6.3295224208559375e-06,0.1388970923330753,4.41877815468746e-09,-0.00035478725283248245,trajectory,STRAIGHT,3.739352226257324,12.985149978432686,0.012605288065969944
547,99389.984,13.011405944824219,0.0012034912360832095,-0.9962168335914612,4.122978129561269e-05,0.13878634572029114,5.69286203244701e-06,-6.3295224208559375e-06,0.07999998328529899,-5.1714136196264234e-05,-0.00035478725283248245,trajectory,STRAIGHT,3.739351987838745,13.011405580649585,0.012605288065969944
548,99390.203,13.037637710571289,0.0012045535258948803,-0.9962179660797119,4.122748453322436e-05,0.13799923658370972,4.958887075190432e-06,-5.5873482779134065e-05,0.07999998283608094,-5.240445357265916e-05,-0.0003507671115912836,trajectory,STRAIGHT,3.739351987838745,13.037637340876797,0.012605288065969944
549,99390.421,13.064244270324707,0.001204882632009685,-0.9962537288665771,4.121944197314202e-05,0.12985818088054657,-2.4779376417427557e-06,-0.00025228262529708445,0.07999998238250207,-5.309236628920697e-05,-0.0003332165083610061,trajectory,STRAIGHT,3.7246580123901367,13.064243895344022,0.012605288065969944
550,99390.656,13.088221549987793,0.00120352313388139,-0.9962997436523438,4.1219975045559835e-05,0.11992768198251724,-1.1650306078081485e-05,-0.00017993444635067135,0.079999982003749,-5.3660039477146586e-05,-0.0003351331238450262,trajectory,STRAIGHT,3.7081494331359863,13.088221171160479,0.012605288065969944
551,99390.875,13.109699249267578,0.0012005732860416174,-0.9963240027427673,4.122326574114308e-05,0.11124598979949951,-1.9888697352143936e-05,-7.621008990099654e-05,0.07999998170224012,-5.410768193670293e-05,-0.000340197408427223,trajectory,STRAIGHT,3.7076778411865234,13.109698868011826,0.012605288065969944
552,99391.093,13.129077911376953,0.0011963715078309178,-0.9963310360908508,4.122677092959289e-05,0.10432221740484238,-2.658181074366439e-05,-6.894593298056861e-06,0.07999998146686875,-5.4454574267580264e-05,-0.00034432565856104216,trajectory,STRAIGHT,3.711770534515381,13.129077528863794,0.012605288065969944
553,99391.343,13.14822769165039,0.00119078962597996,-0.9963283538818359,4.123055821296148e-05,0.09857165068387985,-3.226398621336557e-05,3.108772943960503e-05,0.07999998127019024,-5.4742754849354815e-05,-0.00034718948992064076,trajectory,STRAIGHT,3.717496156692505,13.148227308779402,0.012605288065969944
554,99391.562,13.167547225952148,0.0011838130885735154,-0.996320366859436,4.1233250051186235e-05,0.09389550238847733,-3.696723797474988e-05,4.933001036988571e-05,0.07999998110696603,-5.498077008135034e-05,-0.0003491660109807449,trajectory,STRAIGHT,3.7226834297180176,13.167546843564864,0.012605288065969944
555,99391.796,13.184964179992676,0.0011764857918024063,-0.996309220790863,4.1234995659245574e-05,0.09056113660335541,-4.042396176373586e-05,5.4023636039346457e-05,0.07999998098780195,-5.5153887687499345e-05,-0.00035044954936102154,trajectory,STRAIGHT,3.7268550395965576,13.184963798700291,0.012605288065969944
556,99392.031,13.202359199523926,0.0011683044722303748,-0.9962975978851318,4.123733960121112e-05,0.08795090764760971,-4.330594674684107e-05,5.179484287509695e-05,0.07999998089262803,-5.5291763856975315e-05,-0.00035134186355209265,trajectory,STRAIGHT,3.730055809020996,13.20235881987767,0.012605288065969944
557,99392.171,13.220083236694336,0.0011592243099585176,-0.9962865114212036,4.123829128183101e-05,0.08590538799762726,-4.571082172333263e-05,4.69310070911888e-05,0.07999998081673877,-5.540145691697824e-05,-0.00035201749223739753,trajectory,STRAIGHT,3.73246693611145,13.220082859204533,0.012605288065969944
558,99392.296,13.228802680969238,0.0011545068118721247,-0.9962824583053589,4.1239527814053365e-05,0.08508893847465515,-4.673776857089251e-05,4.0908431401476264e-05,0.07999998078658978,-5.5444975125297315e-05,-0.00035222519683299035,trajectory,STRAIGHT,3.7334368228912354,13.228802304702342,0.012605288065969944
559,99392.515,13.237444877624512,0.001149699673987925,-0.9962784051895142,4.12409085847842e-05,0.08438524603843689,-4.749169238493778e-05,3.77311953343451e-05,0.07999998076051944,-5.5482578540461335e-05,-0.00035235166368804196,trajectory,STRAIGHT,3.734276294708252,13.237444502654906,0.012605288065969944
560,99392.75,13.254536628723145,0.0011398651404306293,-0.9962702989578247,4.124127820789986e-05,0.08325608819723129,-4.892214201390743e-05,3.563831342034973e-05,0.0799999807186999,-5.554284513659515e-05,-0.0003527675346676418,trajectory,STRAIGHT,3.7356159687042236,13.25453625653189,0.012605288065969944
561,99392.984,13.2709379196167,0.0011300444602966309,-0.9962624311447144,4.1241746492147495e-05,0.08243882656097412,-5.026314829592593e-05,3.0691473511978984e-05,0.07999998069007076,-5.5584065204392614e-05,-0.0003531211580270499,trajectory,STRAIGHT,3.7366151809692383,13.270937550341252,0.012605288065969944
562,99393.218,13.287198066711426,0.0011200089938938618,-0.9962561726570129,4.124141067259902e-05,0.08182667940855026,-5.0955328333657235e-05,2.5329798518214375e-05,0.07999998067088916,-5.561166568801422e-05,-0.0003533506583121382,trajectory,STRAIGHT,3.7373549938201904,13.287197700521972,0.012605288065969944
563,99393.468,13.303104400634766,0.0011100312694907188,-0.9962522983551025,4.124137602432105e-05,0.08137419819831848,-5.137861080584116e-05,2.088080691464711e-05,0.07999998065700942,-5.5631628768747175e-05,-0.0003534632914994784,trajectory,STRAIGHT,3.737901210784912,13.303104037569033,0.012605288065969944
564,99393.687,13.318694114685059,0.001100126188248396,-0.9962484836578369,4.124293465898515e-05,0.08103831857442856,-5.179527579457499e-05,1.844744838308543e-05,0.07999998064722677,-5.5645694738887364e-05,-0.0003536294951307462,trajectory,STRAIGHT,3.738121509552002,13.318693754763194,0.012605288065969944
565,99393.906,13.33374309539795,0.0010904546361416578,-0.9962447881698608,4.124477932944874e-05,0.08079144358634949,-5.219411468715407e-05,1.565502861922141e-05,0.07999998064126529,-5.565426469837117e-05,-0.00035375839589977365,trajectory,STRAIGHT,3.738468885421753,13.333742738582867,0.012605288065969944
566,99394.062,13.348519325256348,0.0010808673687279224,-0.9962411522865295,4.124631029736979e-05,0.0806059017777443,-5.258239616523497e-05,1.3144426702638157e-05,0.07999998063838983,-5.565839787958349e-05,-0.00035390162686579354,trajectory,STRAIGHT,3.7387282848358154,13.348518971551288,0.012605288065969944
567,99394.281,13.357695579528809,0.0010748596396297216,-0.9962388873100281,4.1246643743036224e-05,0.08051300048828125,-5.280970799503848e-05,1.0868435310840141e-05,0.07999998063843969,-5.565832619521363e-05,-0.0003539924638331204,trajectory,STRAIGHT,3.7388319969177246,13.357695227790389,0.012605288065969944
568,99394.515,13.37362003326416,0.0010643714340403676,-0.9962364435195923,4.1247426504991325e-05,0.08038423210382462,-5.3100749937584624e-05,8.779838935879525e-06,0.07999998064065225,-5.5655145887511186e-05,-0.00035404703061601707,trajectory,STRAIGHT,3.7389907836914062,13.373619684979488,0.012605288065969944
569,99394.765,13.390268325805664,0.0010533658787608147,-0.9962364435195923,4.124816816318037e-05,0.08028403669595718,-5.31839432369452e-05,7.086072400852572e-06,0.0799999806444213,-5.564972790670519e-05,-0.00035401884676198756,trajectory,STRAIGHT,3.7391135692596436,13.390267981158301,0.012605288065969944
570,99395.015,13.40734577178955,0.0010420475155115128,-0.9962364435195923,4.124688462536837e-05,0.08020813018083572,-5.307337414706126e-05,7.10896074451739e-06,0.07999998064950069,-5.5642425484701834e-05,-0.0003540206778294808,trajectory,STRAIGHT,3.739206314086914,13.407345430892295,0.012605288065969944
571,99395.25,13.423447608947754,0.001031394931487739,-0.9962364435195923,4.124537462752638e-05,0.08015520125627518,-5.2918203437002376e-05,7.131849997676909e-06,0.07999998065372854,-5.5636346558501433e-05,-0.00035402250896973355,trajectory,STRAIGHT,3.7392756938934326,13.423447271573812,0.012605288065969944
572,99395.484,13.43858814239502,0.0010214055655524135,-0.9962364435195923,4.1243999131202216e-05,0.08011777698993683,-5.278949538478628e-05,7.131849997676909e-06,0.07999998065680841,-5.5631917811171746e-05,-0.00035402250896973355,trajectory,STRAIGHT,3.739328622817993,13.438587808316214,0.012605288065969944
573,99395.718,13.453728675842285,0.001011438318528235,-0.9962364435195923,4.124262374690464e-05,0.08008937537670135,-5.268678069114685e-05,7.131849997676909e-06,0.0799999806591511,-5.562854887169282e-05,-0.00035402250896973355,trajectory,STRAIGHT,3.7393667697906494,13.453728345044143,0.012605288065969944
574,99395.953,13.46886920928955,0.0010014879517257214,-0.9962364435195923,4.1241248440655174e-05,0.08006782829761505,-5.2610143029596657e-05,7.131849997676909e-06,0.0799999806609252,-5.5625997460776536e-05,-0.00035402250896973355,trajectory,STRAIGHT,3.7393922805786133,13.46886888176103,0.012605288065969944
575,99396.187,13.485211372375488,0.0009907608618959785,-0.9962364435195923,4.123976404899299e-05,0.08005037158727646,-5.255670112092048e-05,7.131849997676909e-06,0.07999998066240115,-5.5623874757633245e-05,-0.00035402250896973355,trajectory,STRAIGHT,3.7394142150878906,13.485211048367583,0.012605288065969944
576,99396.421,13.500832557678223,0.0009805170120671391,-0.9962364435195923,4.123834524941153e-05,0.08003788441419601,-5.250713002169505e-05,7.131849997676909e-06,0.0799999806634698,-5.5622337754830394e-05,-0.00035402250896973355,trajectory,STRAIGHT,3.739431142807007,13.50083223702908,0.012605288065969944
577,99396.671,13.516213417053223,0.0009704399853944778,-0.9962364435195923,4.124086270263498e-05,0.08002863079309464,-5.245785359875299e-05,7.131849997676909e-06,0.07999998066397881,-5.562160566826278e-05,-0.00035402250896973355,trajectory,STRAIGHT,3.739443063735962,13.516213099705137,0.012605288065969944
578,99396.875,13.531353950500488,0.0009605293744243681,-0.9962364435195923,4.1243110930128e-05,0.08002172410488129,-5.2417104598134756e-05,7.131849997676909e-06,0.0799999806641665,-5.5621335718757645e-05,-0.00035402250896973355,trajectory,STRAIGHT,3.7394464015960693,13.531353636396018,0.012605288065969944
579,99397.109,13.54625415802002,0.0009507819195277989,-0.9962364435195923,4.124421686980041e-05,0.08001655340194702,-5.239398524281569e-05,7.131849997676909e-06,0.07999998066419547,-5.5621294018558627e-05,-0.00035402250896973355,trajectory,STRAIGHT,3.7394535541534424,13.546253847103856,0.012605288065969944
580,99397.281,13.563076972961426,0.0009397818939760327,-0.9962364435195923,4.1245075422464216e-05,0.08001217991113663,-5.2374951337696984e-05,7.131849997676909e-06,0.07999998066405223,-5.562150007021365e-05,-0.00035402250896973355,trajectory,STRAIGHT,3.739459991455078,13.563076665641585,0.012605288065969944
581,99397.484,13.571488380432129,0.000934283307287842,-0.9962364435195923,4.124482076535769e-05,0.08001044392585754,-5.237399454927072e-05,7.131849997676909e-06,0.07999998066396227,-5.562162945885736e-05,-0.00035402250896973355,trajectory,STRAIGHT,3.7394609451293945,13.571488074909515,0.012605288065969944
582,99397.718,13.587590217590332,0.000923757441341877,-0.9962364435195923,4.124433327109802e-05,0.08000775426626205,-5.2371273341123015e-05,7.131849997676909e-06,0.07999998066378661,-5.562188212067394e-05,-0.00035402250896973355,trajectory,STRAIGHT,3.739464044570923,13.58758991550813,0.012605288065969944
583,99397.937,13.602009773254395,0.0009143300703726709,-0.9962364435195923,4.124389671112051e-05,0.08000591397285461,-5.2380692068254575e-05,7.131849997676909e-06,0.07999998066367395,-5.562204413796028e-05,-0.00035402250896973355,trajectory,STRAIGHT,3.739468574523926,13.602009474253954,0.012605288065969944
584,99398.078,13.616189002990723,0.0009050568332895637,-0.9962364435195923,4.1243467428170414e-05,0.08000458031892776,-5.240089740254916e-05,7.131849997676909e-06,0.07999998066368054,-5.562203466141285e-05,-0.00035402250896973355,trajectory,STRAIGHT,3.7394697666168213,13.616188707022637,0.012605288065969944
585,99398.265,13.624119758605957,0.0008998683770187199,-0.9962364435195923,4.124322732106725e-05,0.08000385016202927,-5.241693361313082e-05,7.131849997676909e-06,0.07999998066375402,-5.5621928968556026e-05,-0.00035402250896973355,trajectory,STRAIGHT,3.7394704818725586,13.624119464335067,0.012605288065969944
586,99398.484,13.639500617980957,0.0008898006635718048,-0.9962364435195923,4.124276166196358e-05,0.08000289648771286,-5.245245847618207e-05,7.131849997676909e-06,0.07999998066411329,-5.562141224014805e-05,-0.00035402250896973355,trajectory,STRAIGHT,3.739471197128296,13.639500327005031,0.012605288065969944
587,99398.718,13.654160499572754,0.00088019750546664,-0.9962364435195923,4.1242317825013814e-05,0.08000214397907257,-5.2504783525364473e-05,7.131849997676909e-06,0.07999998066476734,-5.562047151729128e-05,-0.00035402250896973355,trajectory,STRAIGHT,3.739471673965454,13.654160211742159,0.012605288065969944
588,99398.937,13.66882038116455,0.0008705832879059017,-0.9962364435195923,4.124187399726019e-05,0.08000168949365616,-5.2557730668922886e-05,7.131849997676909e-06,0.07999998066589734,-5.561884621695335e-05,-0.00035402250896973355,trajectory,STRAIGHT,3.739468574523926,13.668820096486522,0.012605288065969944
589,99399.156,13.683480262756348,0.0008609661017544568,-0.9962364435195923,4.124160842917745e-05,0.08000123500823975,-5.253165727481246e-05,7.131849997676909e-06,0.07999998066716739,-5.561701938154384e-05,-0.00035402250896973355,trajectory,STRAIGHT,3.7394745349884033,13.683479981232825,0.012605288065969944
590,99399.39,13.698380470275879,0.0008511989144608378,-0.9962364435195923,4.124160842790632e-05,0.08000077307224274,-5.24912538821809e-05,7.131849997676909e-06,0.079999980668145,-5.561561316721748e-05,-0.00035402250896973355,trajectory,STRAIGHT,3.7394752502441406,13.698380191953566,0.012605288065969944
591,99399.625,13.714001655578613,0.0008409665897488594,-0.9962364435195923,4.124160842722989e-05,0.08000071346759796,-5.2453855460043997e-05,7.131849997676909e-06,0.0799999806688712,-5.561456851950091e-05,-0.00035402250896973355,trajectory,STRAIGHT,3.739471197128296,13.714001380607524,0.012605288065969944
592,99399.859,13.73034381866455,0.0008302687201648951,-0.9962364435195923,4.1241608426715124e-05,0.08000071346759796,-5.242987026576884e-05,7.131849997676909e-06,0.0799999806693559,-5.561387133101535e-05,-0.00035402250896973355,trajectory,STRAIGHT,3.7394726276397705,13.730343547194966,0.012605288065969944
593,99400.093,13.746445655822754,0.0008197325514629483,-0.9962364435195923,4.124160842679316e-05,0.08000071346759796,-5.240700556896627e-05,7.131849997676909e-06,0.0799999806696515,-5.561344609478332e-05,-0.00035402250896973355,trajectory,STRAIGHT,3.739471197128296,13.746445387800316,0.012605288065969944
594,99400.328,13.763028144836426,0.0008088861941359937,-0.9962364435195923,4.124160842661814e-05,0.08000071346759796,-5.2387047617230564e-05,7.131849997676909e-06,0.07999998066976959,-5.561327623585431e-05,-0.00035402250896973355,trajectory,STRAIGHT,3.739471673965454,13.763027880361207,0.012605288065969944
595,99400.562,13.777207374572754,0.0007996148196980357,-0.9962364435195923,4.1241608426693244e-05,0.08000071346759796,-5.237243385636248e-05,7.131849997676909e-06,0.07999998066973452,-5.561332669008804e-05,-0.00035402250896973355,trajectory,STRAIGHT,3.7394702434539795,13.777207113128672,0.012605288065969944
596,99400.781,13.79234790802002,0.0007897173636592925,-0.9962364435195923,4.1241608426495824e-05,0.08000071346759796,-5.235963180894032e-05,7.131849997676909e-06,0.07999998066958167,-5.561354656644521e-05,-0.00035402250896973355,trajectory,STRAIGHT,3.7394731044769287,13.79234764981095,0.012605288065969944
597,99401.0,13.806767463684082,0.0007802933687344193,-0.9962364435195923,4.1241608426311666e-05,0.08000071346759796,-5.23523885931354e-05,7.131849997676909e-06,0.07999998066933209,-5.5613905553254464e-05,-0.00035402250896973355,trajectory,STRAIGHT,3.739471912384033,13.806767208554568,0.012605288065969944
598,99401.218,13.821427345275879,0.0007707136683166027,-0.9962364435195923,4.1241608426466964e-05,0.08000071346759796,-5.234569471213035e-05,7.131849997676909e-06,0.0799999806690079,-5.561437191719002e-05,-0.00035402250896973355,trajectory,STRAIGHT,3.739471912384033,13.821427093276355,0.012605288065969944
599,99401.453,13.836567878723145,0.000760820577852428,-0.9962364435195923,4.124160842644171e-05,0.08000071346759796,-5.2335159125505015e-05,7.131849997676909e-06,0.0799999806686311,-5.5614913938658924e-05,-0.00035402250896973355,trajectory,STRAIGHT,3.739469051361084,13.836567629955779,0.012605288065969944
600,99401.703,13.852910041809082,0.0007501455256715417,-0.9962364435195923,4.124160842643165e-05,0.08000071346759796,-5.2325151045806706e-05,7.131849997676909e-06,0.07999998066805784,-5.5615738500234166e-05,-0.00035402250896973355,trajectory,STRAIGHT,3.7394700050354004,13.852909796528298,0.012605288065969944
601,99401.921,13.86925220489502,0.0007394704734906554,-0.9962364435195923,4.1241608426349396e-05,0.08000071346759796,-5.231871546129696e-05,7.131849997676909e-06,0.07999998066746805,-5.561658689580057e-05,-0.00035402250896973355,trajectory,STRAIGHT,3.739469528198242,13.869251963100817,0.012605288065969944
602,99402.14,13.883431434631348,0.0007302109734155238,-0.9962364435195923,4.124160842628743e-05,0.08000071346759796,-5.231602335697971e-05,7.131849997676909e-06,0.07999998066680894,-5.561753496659838e-05,-0.00035402250896973355,trajectory,STRAIGHT,3.7394750118255615,13.883431195860517,0.012605288065969944
603,99402.375,13.898571968078613,0.0007203245186246932,-0.9962364435195923,4.1241608426222775e-05,0.08000071346759796,-5.231611430644989e-05,7.131849997676909e-06,0.07999998066604559,-5.561863294932324e-05,-0.00035402250896973355,trajectory,STRAIGHT,3.7394702434539795,13.898571732535599,0.012605288065969944
604,99402.609,13.91491413116455,0.0007096519111655653,-0.9962364435195923,4.124160842614799e-05,0.08000071346759796,-5.231965042185038e-05,7.131849997676909e-06,0.07999998066527533,-5.561974088061291e-05,-0.00035402250896973355,trajectory,STRAIGHT,3.7394702434539795,13.91491389910652,0.012605288065969944
605,99402.843,13.93029499053955,0.0006996048032306135,-0.9962364435195923,4.124160842606984e-05,0.08000071346759796,-5.232624607742764e-05,7.131849997676909e-06,0.07999998066464847,-5.56206424850612e-05,-0.00035402250896973355,trajectory,STRAIGHT,3.739469289779663,13.930294761763008,0.012605288065969944
606,99403.062,13.945195198059082,0.0006898716674186289,-0.9962364435195923,4.124160842599887e-05,0.08000071346759796,-5.2335646614665166e-05,7.131849997676909e-06,0.07999998066402378,-5.562154098855661e-05,-0.00035402250896973355,trajectory,STRAIGHT,3.7394745349884033,13.945194972461481,0.012605288065969944
607,99403.296,13.960095405578613,0.000680135446600616,-0.9962364435195923,4.1241608425934194e-05,0.08000071346759796,-5.234801210463047e-05,7.131849997676909e-06,0.07999998066354617,-5.5622227910585306e-05,-0.00035402250896973355,trajectory,STRAIGHT,3.7394731044769287,13.960095183161972,0.012605288065969944
608,99403.453,13.975716590881348,0.0006699258810840547,-0.9962364435195923,4.1241608425890683e-05,0.08000071346759796,-5.236416473053396e-05,7.131849997676909e-06,0.07999998066315205,-5.562279479410199e-05,-0.00035402250896973355,trajectory,STRAIGHT,3.7394728660583496,13.975716371801045,0.012605288065969944
609,99403.578,13.983647346496582,0.0006647414993494749,-0.9962364435195923,4.124160842586944e-05,0.08000071346759796,-5.237361619947478e-05,7.131849997676909e-06,0.07999998066300551,-5.562300552660701e-05,-0.00035402250896973355,trajectory,STRAIGHT,3.7394707202911377,13.983647129110809,0.012605288065969944
610,99403.781,13.99229907989502,0.0006590841803699732,-0.9962364435195923,4.1241608425817066e-05,0.08000071346759796,-5.238488665781915e-05,7.131849997676909e-06,0.07999998066293301,-5.5623109810964574e-05,-0.00035402250896973355,trajectory,STRAIGHT,3.7394723892211914,13.99229886435889,0.012605288065969944
611,99403.937,14.008160591125488,0.0006487095379270613,-0.9962364435195923,4.124160842570501e-05,0.08000071346759796,-5.240814425633289e-05,7.131849997676909e-06,0.07999998066295892,-5.562307254296986e-05,-0.00035402250896973355,trajectory,STRAIGHT,3.7394721508026123,14.008160378982264,0.012605288065969944
612,99404.14,14.016331672668457,0.0006433631642721593,-0.9962364435195923,4.1241608425669195e-05,0.08000071346759796,-5.2421437430894e-05,7.131849997676909e-06,0.07999998066307783,-5.562290153318172e-05,-0.00035402250896973355,trajectory,STRAIGHT,3.739473819732666,14.01633146227431,0.012605288065969944
613,99404.296,14.032673835754395,0.0006326661678031087,-0.9962364435195923,4.124160842565607e-05,0.08000071346759796,-5.245069769443944e-05,7.131849997676909e-06,0.07999998066356598,-5.5622199431835775e-05,-0.00035402250896973355,trajectory,STRAIGHT,3.7394745349884033,14.03267362886118,0.012605288065969944
614,99404.421,14.040844917297363,0.0006273151957429945,-0.9962364435195923,4.124160842562781e-05,0.08000071346759796,-5.2466668421402574e-05,7.131849997676909e-06,0.07999998066395975,-5.562163307572261e-05,-0.00035402250896973355,trajectory,STRAIGHT,3.739470958709717,14.040844712156234,0.012605288065969944
615,99404.625,14.049015998840332,0.0006219625938683748,-0.9962364435195923,4.1241644805522446e-05,0.08000071346759796,-5.2483115723589435e-05,7.131849997676909e-06,0.07999998066445359,-5.562092279203588e-05,-0.00035402250896973355,trajectory,STRAIGHT,3.7394721508026123,14.049015795452354,0.012605288065969944
616,99404.781,14.06535816192627,0.0006112558767199516,-0.9962364435195923,4.124188127520111e-05,0.08000071346759796,-5.247865556157194e-05,7.131849997676909e-06,0.0799999806655482,-5.561934837273364e-05,-0.00035402250896973355,trajectory,STRAIGHT,3.7394731044769287,14.065357962045582,0.012605288065969944
617,99404.984,14.073529243469238,0.0006059037405066192,-0.9962364435195923,4.124188127545291e-05,0.08000071346759796,-5.246510045253672e-05,7.131849997676909e-06,0.07999998066604336,-5.561863617528038e-05,-0.00035402250896973355,trajectory,STRAIGHT,3.739468812942505,14.073529045341395,0.012605288065969944
618,99405.218,14.088910102844238,0.0005958327674306929,-0.9962364435195923,4.1241881275214324e-05,0.08000071346759796,-5.243589112069458e-05,7.131849997676909e-06,0.07999998066677749,-5.561758020235324e-05,-0.00035402250896973355,trajectory,STRAIGHT,3.7394752502441406,14.088909908013493,0.012605288065969944
619,99405.453,14.104531288146973,0.0005856104544363916,-0.9962364435195923,4.1241881275081204e-05,0.08000071346759796,-5.240865721134469e-05,7.131849997676909e-06,0.07999998066717506,-5.561700833217569e-05,-0.00035402250896973355,trajectory,STRAIGHT,3.7394747734069824,14.104531096660903,0.012605288065969944
620,99405.656,14.118950843811035,0.000576178717892617,-0.9962364435195923,4.124188127508968e-05,0.08000071346759796,-5.238803714746609e-05,7.131849997676909e-06,0.07999998066728661,-5.561684787351996e-05,-0.00035402250896973355,trajectory,STRAIGHT,3.7394700050354004,14.118950655409584,0.012605288065969944
621,99405.812,14.133370399475098,0.0005667502991855145,-0.9962364435195923,4.124188127518717e-05,0.08000071346759796,-5.237095319898799e-05,7.131849997676909e-06,0.07999998066718896,-5.561698834997775e-05,-0.00035402250896973355,trajectory,STRAIGHT,3.739469289779663,14.133370214156095,0.012605288065969944
622,99406.125,14.148510932922363,0.0005568528431467712,-0.9962364435195923,4.124188127506228e-05,0.08000071346759796,-5.235659045865759e-05,7.131849997676909e-06,0.07999998066692716,-5.5617364917527503e-05,-0.00035402250896973355,trajectory,STRAIGHT,3.7394747734069824,14.148510750838373,0.012605288065969944
623,99406.265,14.164132118225098,0.0005466449656523764,-0.9962364435195923,4.124188127478597e-05,0.08000071346759796,-5.234406853560358e-05,7.131849997676909e-06,0.07999998066639537,-5.561812985223707e-05,-0.00035402250896973355,trajectory,STRAIGHT,3.739473342895508,14.164131939476343,0.012605288065969944
624,99406.468,14.172303199768066,0.0005413054605014622,-0.9962364435195923,4.124188127480158e-05,0.08000071346759796,-5.2339026296976954e-05,7.131849997676909e-06,0.07999998066610918,-5.5618541473444175e-05,-0.00035402250896973355,trajectory,STRAIGHT,3.739471197128296,14.172303022763897,0.012605288065969944
625,99406.703,14.1879243850708,0.0005311007844284177,-0.9962364435195923,4.1241881274960614e-05,0.08000071346759796,-5.2331495680846274e-05,7.131849997676909e-06,0.0799999806653268,-5.561966683308097e-05,-0.00035402250896973355,trajectory,STRAIGHT,3.739470958709717,14.187924211399773,0.012605288065969944
626,99406.937,14.204266548156738,0.0005204257322475314,-0.9962364435195923,4.124188127465496e-05,0.08000071346759796,-5.232465991866775e-05,7.131849997676909e-06,0.07999998066443284,-5.562095264322621e-05,-0.00035402250896973355,trajectory,STRAIGHT,3.7394678592681885,14.204266377972292,0.012605288065969944
627,99407.171,14.219887733459473,0.000510221638251096,-0.9962364435195923,4.1241881274894796e-05,0.08000071346759796,-5.231969043961726e-05,7.131849997676909e-06,0.07999998066354329,-5.5622232085422106e-05,-0.00035402250896973355,trajectory,STRAIGHT,3.739474058151245,14.219887566607788,0.012605288065969944
628,99407.421,14.236710548400879,0.0004992351750843227,-0.9962364435195923,4.124188127464749e-05,0.08000071346759796,-5.231398972682655e-05,7.131849997676909e-06,0.0799999806623579,-5.5623936944236076e-05,-0.00035402250896973355,trajectory,STRAIGHT,3.7394747734069824,14.236710385136647,0.012605288065969944
629,99407.593,14.25329303741455,0.0004884071531705558,-0.9962364435195923,4.124188127483658e-05,0.08000071346759796,-5.231077375356108e-05,7.131849997676909e-06,0.07999998066102602,-5.562585245312356e-05,-0.00035402250896973355,trajectory,STRAIGHT,3.7394723892211914,14.253292877685546,0.012605288065969944
630,99407.812,14.26146411895752,0.00048307160614058375,-0.9962364435195923,4.1241881274864845e-05,0.08000071346759796,-5.230860915617086e-05,7.131849997676909e-06,0.07999998066034773,-5.562682796296672e-05,-0.00035402250896973355,trajectory,STRAIGHT,3.739469289779663,14.26146396097051,0.012605288065969944
631,99407.953,14.277806282043457,0.0004724005120806396,-0.9962364435195923,4.124188127456452e-05,0.08000071346759796,-5.2306026191217825e-05,7.131849997676909e-06,0.07999998065894505,-5.5628845205608e-05,-0.00035402250896973355,trajectory,STRAIGHT,3.739468574523926,14.277806127540437,0.012605288065969944
632,99408.078,14.285977363586426,0.0004670649650506675,-0.9962364435195923,4.124188127470169e-05,0.08000071346759796,-5.230553506407887e-05,7.131849997676909e-06,0.0799999806582196,-5.562988845411913e-05,-0.00035402250896973355,trajectory,STRAIGHT,3.7394721508026123,14.285977210825402,0.012605288065969944
633,99408.281,14.294148445129395,0.00046172941802069545,-0.9962364435195923,4.1241881274838255e-05,0.08000071346759796,-5.2304563723737374e-05,7.131849997676909e-06,0.07999998065747735,-5.563095585634496e-05,-0.00035402250896973355,trajectory,STRAIGHT,3.7394750118255615,14.294148294110366,0.012605288065969944
634,99408.5,14.309769630432129,0.00045152922393754125,-0.9962364435195923,4.124188127464784e-05,0.08000071346759796,-5.23030903423205e-05,7.131849997676909e-06,0.079999980656,-5.5633080311438944e-05,-0.00035402250896973355,trajectory,STRAIGHT,3.7394745349884033,14.309769482743308,0.012605288065969944
635,99408.718,14.324189186096191,0.00044211436761543155,-0.9962364435195923,4.1241881274519384e-05,0.08000071346759796,-5.230322858551517e-05,7.131849997676909e-06,0.0799999806545174,-5.563521226261291e-05,-0.00035402250896973355,trajectory,STRAIGHT,3.7394731044769287,14.324189041480945,0.012605288065969944
636,99408.937,14.33836841583252,0.0004328558570705354,-0.9962364435195923,4.1241881274506794e-05,0.08000071346759796,-5.230424358160235e-05,7.131849997676909e-06,0.07999998065304421,-5.563733055972431e-05,-0.00035402250896973355,trajectory,STRAIGHT,3.739469528198242,14.338368274239995,0.012605288065969944
637,99409.171,14.353508949279785,0.0004229694022797048,-0.9962364435195923,4.124188127468997e-05,0.08000071346759796,-5.23060662089847e-05,7.131849997676909e-06,0.07999998065142115,-5.563966428780765e-05,-0.00035402250896973355,trajectory,STRAIGHT,3.739473819732666,14.353508810915073,0.012605288065969944
638,99409.312,14.368168830871582,0.0004133968031965196,-0.9962364435195923,4.1241881274761134e-05,0.08000071346759796,-5.2307841542642564e-05,7.131849997676909e-06,0.07999998064977543,-5.5642030505616445e-05,-0.00035402250896973355,trajectory,STRAIGHT,3.739473819732666,14.368168695632212,0.012605288065969944
639,99409.515,14.376580238342285,0.00040790432831272483,-0.9962364435195923,4.1241881274543385e-05,0.08000071346759796,-5.230882015894167e-05,7.131849997676909e-06,0.07999998064879617,-5.564343841555337e-05,-0.00035402250896973355,trajectory,STRAIGHT,3.7394707202911377,14.376580104896144,0.012605288065969944
640,99409.671,14.39220142364502,0.0003977040178142488,-0.9962364435195923,4.124187763652782e-05,0.08000071346759796,-5.231306204223074e-05,6.8943804762966465e-06,0.07999998064690578,-5.5646156200286364e-05,-0.0003540035114080231,trajectory,STRAIGHT,3.7394704818725586,14.39220129352916,0.012605288065969944
641,99409.859,14.400372505187988,0.0003923674812540412,-0.9962364435195923,4.1241757583219634e-05,0.08000071346759796,-5.2316594519652426e-05,4.552583504846552e-06,0.0799999806459761,-5.5647492752784015e-05,-0.0003538161676503071,trajectory,STRAIGHT,3.7394728660583496,14.400372376814769,0.012605288065969944
642,99410.062,14.416474342346191,0.00038185043376870453,-0.9962364435195923,4.124200496547838e-05,0.08000071346759796,-5.233146293903701e-05,5.136249455972575e-06,0.07999998064412914,-5.565014792720786e-05,-0.00035386286092639716,trajectory,STRAIGHT,3.7394726276397705,14.416474217407607,0.012605288065969944
643,99410.328,14.431374549865723,0.0003721142711583525,-0.9962364435195923,4.124245607456385e-05,0.08000071346759796,-5.235769276623614e-05,5.615476311504608e-06,0.07999998064270356,-5.565219723328851e-05,-0.00035390119907483973,trajectory,STRAIGHT,3.7394721508026123,14.431374428108056,0.012605288065969944
644,99410.562,14.446274757385254,0.0003623721422627568,-0.9962364435195923,4.124290718364086e-05,0.08000071346759796,-5.239592064754106e-05,5.9702456383092795e-06,0.07999998064180222,-5.565349290244793e-05,-0.00035392958062098413,trajectory,STRAIGHT,3.7394752502441406,14.446274638812408,0.012605288065969944
645,99410.796,14.461895942687988,0.00035214980016462505,-0.9962364435195923,4.124338012056735e-05,0.08000071346759796,-5.2448889618972316e-05,6.342181222862564e-06,0.07999998064171733,-5.565361491576651e-05,-0.0003539593354677484,trajectory,STRAIGHT,3.7394726276397705,14.46189582745984,0.012605288065969944
646,99411.015,14.47679615020752,0.00034238852094858885,-0.9962364435195923,4.124430052962538e-05,0.08000071346759796,-5.2506318752421066e-05,6.779927389288787e-06,0.07999998064274912,-5.5652131715820625e-05,-0.0003539943551610625,trajectory,STRAIGHT,3.7394731044769287,14.476796038176724,0.012605288065969944
647,99411.234,14.49169635772705,0.000332617579260841,-0.9962364435195923,4.124730186248176e-05,0.08000071346759796,-5.255129508441314e-05,7.0588830567430705e-06,0.07999998064478646,-5.564920297792102e-05,-0.00035401667161445884,trajectory,STRAIGHT,3.739471435546875,14.491696248899931,0.012605288065969944
648,99411.468,14.506596565246582,0.00032284154440276325,-0.9962364435195923,4.124752741826743e-05,0.08000071346759796,-5.255502401269041e-05,6.983059392950963e-06,0.07999998064768567,-5.5645034985489305e-05,-0.00035401060572135543,trajectory,STRAIGHT,3.7394704818725586,14.50659645962647,0.012605288065969944
649,99411.687,14.522698402404785,0.00031228127772919834,-0.9962364435195923,4.124790213032251e-05,0.08000071346759796,-5.251854963717051e-05,6.983059392950963e-06,0.0799999806505308,-5.5640944453273823e-05,-0.00035401060572135543,trajectory,STRAIGHT,3.739470958709717,14.522698300247589,0.012605288065969944
650,99411.921,14.538800239562988,0.00030172790866345167,-0.9962364435195923,4.124887710833317e-05,0.08000071346759796,-5.249027526588179e-05,6.983059392950963e-06,0.0799999806527103,-5.563781068676791e-05,-0.00035401060572135543,trajectory,STRAIGHT,3.739469528198242,14.538800140864193,0.012605288065969944
651,99412.156,14.553940773010254,0.00029180850833654404,-0.9962364435195923,4.1249793878734795e-05,0.08000071346759796,-5.2476472774287686e-05,6.983059392950963e-06,0.07999998065441814,-5.563535496719026e-05,-0.00035401060572135543,trajectory,STRAIGHT,3.739474058151245,14.553940677560826,0.012605288065969944
652,99412.375,14.568840980529785,0.0002820486843120307,-0.9962364435195923,4.125017586693061e-05,0.08000071346759796,-5.246347427600995e-05,6.983059392950963e-06,0.07999998065597409,-5.563311757432922e-05,-0.00035401060572135543,trajectory,STRAIGHT,3.7394723892211914,14.568840888276755,0.012605288065969944
653,99412.609,14.584221839904785,0.0002719785552471876,-0.9962364435195923,4.125037959357314e-05,0.08000071346759796,-5.2433766541071236e-05,6.983059392950963e-06,0.0799999806571035,-5.5631493489813416e-05,-0.00035401060572135543,trajectory,STRAIGHT,3.739470958709717,14.5842217509483,0.012605288065969944
654,99412.843,14.59936237335205,0.00026207047631032765,-0.9962364435195923,4.125037959339517e-05,0.08000071346759796,-5.241356120677665e-05,6.983059392950963e-06,0.07999998065765868,-5.563069509726805e-05,-0.00035401060572135543,trajectory,STRAIGHT,3.7394702434539795,14.599362287637526,0.012605288065969944
655,99413.062,14.61474323272705,0.00025200832169502974,-0.9962364435195923,4.125037959344155e-05,0.08000071346759796,-5.239833626546897e-05,6.983059392950963e-06,0.07999998065780595,-5.56304833159201e-05,-0.00035401060572135543,trajectory,STRAIGHT,3.739468812942505,14.614743150303855,0.012605288065969944
656,99413.312,14.63060474395752,0.00024163453781511635,-0.9962364435195923,4.1250379593401294e-05,0.08000071346759796,-5.238595258560963e-05,6.983059392950963e-06,0.07999998065754703,-5.563085567087039e-05,-0.00035401060572135543,trajectory,STRAIGHT,3.7394747734069824,14.630604664926668,0.012605288065969944
657,99413.546,14.645745277404785,0.00023173422960098833,-0.9962364435195923,4.1250379593334494e-05,0.08000071346759796,-5.237727236817591e-05,6.983059392950963e-06,0.07999998065697357,-5.5631680315890146e-05,-0.00035401060572135543,trajectory,STRAIGHT,3.739474296569824,14.64574520161081,0.012605288065969944
658,99413.687,14.661847114562988,0.00022120686480775476,-0.9962364435195923,4.12503795932509e-05,0.08000071346759796,-5.237140067038126e-05,6.983059392950963e-06,0.07999998065605492,-5.5633001358336215e-05,-0.00035401060572135543,trajectory,STRAIGHT,3.739473342895508,14.661847042210402,0.012605288065969944
659,99413.89,14.670018196105957,0.00021586488583125174,-0.9962364435195923,4.125037959321394e-05,0.08000071346759796,-5.2369745390024036e-05,6.983059392950963e-06,0.07999998065550962,-5.563378550064453e-05,-0.00035401060572135543,trajectory,STRAIGHT,3.739469051361084,14.670018125499572,0.012605288065969944
660,99414.125,14.685639381408691,0.00020565227896440774,-0.9962364435195923,4.1250379593148065e-05,0.08000071346759796,-5.236906508798711e-05,6.983059392950963e-06,0.07999998065438817,-5.563539805472853e-05,-0.00035401060572135543,trajectory,STRAIGHT,3.739468574523926,14.685639314140635,0.012605288065969944
661,99414.359,14.702462196350098,0.00019465408695396036,-0.9962364435195923,4.125037959306723e-05,0.08000071346759796,-5.2371986384969205e-05,6.983059392950963e-06,0.07999998065304877,-5.563732401272958e-05,-0.00035401060572135543,trajectory,STRAIGHT,3.739474296569824,14.702462132677164,0.012605288065969944
662,99414.593,14.717122077941895,0.00018506938067730516,-0.9962364435195923,4.125037959300075e-05,0.08000071346759796,-5.2377614338183776e-05,6.983059392950963e-06,0.07999998065186326,-5.563902863650098e-05,-0.00035401060572135543,trajectory,STRAIGHT,3.7394747734069824,14.717122017402225,0.012605288065969944
663,99414.828,14.731301307678223,0.00017579762788955122,-0.9962364435195923,4.125037959293537e-05,0.08000071346759796,-5.238578887656331e-05,6.983059392950963e-06,0.0799999806508625,-5.564046752266027e-05,-0.00035401060572135543,trajectory,STRAIGHT,3.7394704818725586,14.731301250169937,0.012605288065969944
664,99415.046,14.747162818908691,0.00016542388766538352,-0.9962364435195923,4.125037959288745e-05,0.08000071346759796,-5.2398117986740544e-05,6.983059392950963e-06,0.07999998065003888,-5.564165169666647e-05,-0.00035401060572135543,trajectory,STRAIGHT,3.739468812942505,14.74716276479272,0.012605288065969944
665,99415.281,14.762784004211426,0.00015520457236561924,-0.9962364435195923,4.12503795928256e-05,0.08000071346759796,-5.2413553930819035e-05,6.983059392950963e-06,0.07999998064976584,-5.564204428626165e-05,-0.00035401060572135543,trajectory,STRAIGHT,3.7394752502441406,14.76278395343817,0.012605288065969944
666,99415.437,14.77672290802002,0.00014608300989493728,-0.9962364435195923,4.1250379592769645e-05,0.08000071346759796,-5.2430077630560845e-05,6.983059392950963e-06,0.07999998065018492,-5.564144174454037e-05,-0.00035401060572135543,trajectory,STRAIGHT,3.739474058151245,14.77672286023132,0.012605288065969944
667,99415.671,14.792824745178223,0.00013554217002820224,-0.9962364435195923,4.1250379592659056e-05,0.08000071346759796,-5.245240026852116e-05,6.983059392950963e-06,0.07999998065177655,-5.5639153276702684e-05,-0.00035401060572135543,trajectory,STRAIGHT,3.739471435546875,14.792824700839727,0.012605288065969944
668,99415.859,14.800995826721191,0.00013019127072766423,-0.9962364435195923,4.1250379592600604e-05,0.08000071346759796,-5.2465053158812225e-05,6.983059392950963e-06,0.07999998065319057,-5.5637120128765757e-05,-0.00035401060572135543,trajectory,STRAIGHT,3.7394702434539795,14.800995784134734,0.012605288065969944
669,99416.078,14.81685733795166,0.0001198003301396966,-0.9962364435195923,4.125037959255852e-05,0.08000071346759796,-5.2492159738903865e-05,6.983059392950963e-06,0.07999998065748032,-5.563095160594789e-05,-0.00035401060572135543,trajectory,STRAIGHT,3.7394683361053467,14.81685729876877,0.012605288065969944
670,99416.312,14.831517219543457,0.00011019277008017525,-0.9962364435195923,4.1248647915236716e-05,0.08000071346759796,-5.2501665777526796e-05,6.983059392950963e-06,0.07999998066351757,-5.5622269055027136e-05,-0.00035401060572135543,trajectory,STRAIGHT,3.739474058151245,14.83151718350878,0.012605288065969944
671,99416.531,14.846417427062988,0.00010042746725957841,-0.9962364435195923,4.124661792330779e-05,0.08000071346759796,-5.2497300202958286e-05,6.983059392950963e-06,0.0799999806709173,-5.561162520534916e-05,-0.00035401060572135543,trajectory,STRAIGHT,3.7394721508026123,14.84641739422829,0.012605288065969944
672,99416.687,14.86083698272705,9.097888687392697e-05,-0.9962364435195923,4.124465341498543e-05,0.08000071346759796,-5.248301022220403e-05,6.983059392950963e-06,0.07999998067887801,-5.560017219351096e-05,-0.00035401060572135543,trajectory,STRAIGHT,3.7394700050354004,14.860836952987983,0.012605288065969944
673,99416.812,14.869488716125488,8.53112869663164e-05,-0.9962364435195923,4.124347470996377e-05,0.08000071346759796,-5.246968430583365e-05,6.983059392950963e-06,0.07999998068382667,-5.559305136510445e-05,-0.00035401060572135543,trajectory,STRAIGHT,3.7394728660583496,14.869488688242784,0.012605288065969944
674,99417.0,14.877179145812988,8.027477451832965e-05,-0.9962364435195923,4.1242426972196405e-05,0.08000071346759796,-5.245484135230072e-05,6.983059392950963e-06,0.07999998068818953,-5.558677271546369e-05,-0.00035401060572135543,trajectory,STRAIGHT,3.739469528198242,14.8771791195795,0.012605288065969944
675,99417.218,14.891358375549316,7.099299546098337e-05,-0.9962364435195923,4.124049520567958e-05,0.08000071346759796,-5.24201022926718e-05,6.983059392950963e-06,0.07999998069563459,-5.557605682667685e-05,-0.00035401060572135543,trajectory,STRAIGHT,3.7394750118255615,14.891358352353764,0.012605288065969944
676,99417.375,14.90697956085205,6.077526995795779e-05,-0.9962364435195923,4.123883264900596e-05,0.08000071346759796,-5.237740697339177e-05,6.983059392950963e-06,0.07999998070164142,-5.556740951096071e-05,-0.00035401060572135543,trajectory,STRAIGHT,3.7394747734069824,14.906979540998172,0.012605288065969944
677,99417.484,14.91515064239502,5.5433254601666704e-05,-0.9962364435195923,4.123877444127563e-05,0.08000071346759796,-5.236572906142101e-05,6.983059392950963e-06,0.07999998070387586,-5.556419250309095e-05,-0.00035401060572135543,trajectory,STRAIGHT,3.7394704818725586,14.915150624287367,0.012605288065969944
678,99417.609,14.923321723937988,5.009244705433957e-05,-0.9962364435195923,4.124021508098503e-05,0.08000071346759796,-5.2353974751895294e-05,6.983059392950963e-06,0.07667827393098293,-5.325467560768222e-05,-0.00035401060572135543,trajectory,STRAIGHT,3.7394723892211914,14.923321707575772,0.012605288065969944
679,99417.734,14.931492805480957,4.475330206332728e-05,-0.9962364435195923,4.124124037370422e-05,0.07996402680873871,-5.231693648966029e-05,6.850018507975619e-06,0.0685071926151014,-4.757862370095524e-05,-0.0003539999624505574,trajectory,STRAIGHT,3.739469528198242,14.931492790863093,0.012605288065969944
680,99417.953,14.939635276794434,3.942384500987828e-05,-0.9962364435195923,4.1241058096665655e-05,0.07970728725194931,-5.2134375437162817e-05,4.535399511951255e-06,0.060364721528350415,-4.1913350032355955e-05,-0.00035381479293087546,trajectory,STRAIGHT,3.739470958709717,14.939635263920694,0.012605288065969944
681,99418.171,14.955737113952637,2.8894583010696806e-05,-0.9962368011474609,4.1240510578331464e-05,0.0778614729642868,-5.090663398732431e-05,-1.1947307029913645e-05,0.04426288481809521,-3.072000700587147e-05,-0.00035247829501409365,trajectory,STRAIGHT,3.7361817359924316,14.955737104521521,0.012605288065969944
682,99418.406,14.9703950881958,1.9312899894430302e-05,-0.9962416291236877,4.124110677636714e-05,0.07450910657644272,-4.869771873927675e-05,-4.88824698550161e-05,0.029604910982537407,-2.0533839206482143e-05,-0.000349266378181341,trajectory,STRAIGHT,3.7309391498565674,14.970395081896372,0.012605288065969944
683,99418.625,14.983785629272461,1.056126166076865e-05,-0.9962544441223145,4.124159159216094e-05,0.06919734179973602,-4.521318987826817e-05,-0.00010143771942239255,0.016214370278186566,-1.1229968107066482e-05,-0.0003442091908462541,trajectory,STRAIGHT,3.7241122722625732,14.983785625832912,0.012605288065969944
684,99418.843,14.996010780334473,2.575518237790675e-06,-0.9962777495384216,4.1241119882445524e-05,0.06196064129471779,-4.047477341373451e-05,-0.00015575249562971294,0.0,0.0,-0.0003381359756078728,trajectory,STRAIGHT,3.7218856811523438,14.99601077950307,0.012605288065969944
685,99419.109,15.007526397705078,-4.946336503053317e-06,-0.9963127970695496,4.124313370531393e-05,0.05232071876525879,-3.416941763134673e-05,-0.00021276103507261723,0.0,0.0,-0.000330799473693586,trajectory,STRAIGHT,3.7150185108184814,14.99247360066956,0.012605288065969944
686,99419.328,15.016571044921875,-1.0852004379557911e-05,-0.9963520169258118,4.124376952276324e-05,0.04190349951386452,-2.7372829208616167e-05,-0.00015604009968228638,-0.016571044460203355,1.153545672764342e-05,-0.00033183706615921404,trajectory,STRAIGHT,3.708355665206909,14.98342895152476,0.012605288065969944
687,99419.546,15.023193359375,-1.517720829724567e-05,-0.9963743686676025,4.1245101882594276e-05,0.032925184816122055,-2.150759428332094e-05,-0.00013312423834577203,-0.023193358729286708,1.6133820754486527e-05,-0.0001706316275522113,trajectory,GOAL_DIRECT,3.7067394256591797,14.976806635659191,0.012605288065969944
688,99419.765,15.028533935546875,-1.8669858036446385e-05,-0.9963989853858948,4.1247131055909106e-05,0.022755280137062073,-1.4861880117678083e-05,-0.00012086448259651661,-0.028533934752524158,1.9846800999273717e-05,-0.0001703815720975399,trajectory,GOAL_DIRECT,3.7077879905700684,14.971466058345248,0.012605288065969944
689,99419.984,15.031900405883789,-2.086994754790794e-05,-0.9964170455932617,4.124759206554983e-05,0.012998710386455059,-8.491448170389049e-06,-6.904738256707788e-05,-0.03190040499581688,2.2185762458401136e-05,-0.00017362392973154785,trajectory,GOAL_DIRECT,3.707150459289551,14.968099587289423,0.012605288065969944
690,99420.203,15.033452987670898,-2.1884521629544906e-05,-0.9964244365692139,4.1246571046693253e-05,0.004399691242724657,-2.8748215754603734e-06,-1.6796839190647006e-05,-0.03345298673978052,2.3264342643229683e-05,-0.0001774344244040549,trajectory,GOAL_DIRECT,3.7085041999816895,14.966547005170813,0.012605288065969944
691,99420.421,15.033548355102539,-2.1947078494122252e-05,-0.9964231848716736,4.1245020865689584e-05,-0.003141058376058936,2.05318656298914e-06,2.9967584850965068e-05,-0.03354835416879594,2.333078108127607e-05,-0.000181238163204398,trajectory,GOAL_DIRECT,3.7111976146698,14.966451637718656,0.012605288065969944
692,99420.64,15.032317161560059,-2.114191920554731e-05,-0.9964136481285095,4.124351927523309e-05,-0.00988231971859932,6.460242730099708e-06,6.879821739858016e-05,-0.03231716066060524,2.2474792662911032e-05,-0.00018482145096641034,trajectory,GOAL_DIRECT,3.7148032188415527,14.96768283152441,0.012605288065969944
693,99420.859,15.029953002929688,-1.959760265890509e-05,-0.9963977932929993,4.124273090954128e-05,-0.015299015678465366,9.998256246035453e-06,9.400009003002197e-05,-0.029953002095954376,2.083294628164928e-05,-0.0001876303425524384,trajectory,GOAL_DIRECT,3.7193472385406494,14.970046990659169,0.012605288065969944
694,99421.078,15.02676773071289,-1.7514941646368243e-05,-0.9963796138763428,4.124233633627156e-05,-0.019305603578686714,1.2621477253560442e-05,0.00010517833288758993,-0.026767729967768487,1.8618905384179216e-05,-0.00018943357281386852,trajectory,GOAL_DIRECT,3.7242400646209717,14.973232263556831,0.012605288065969944
695,99421.296,15.02283763885498,-1.4943384485377464e-05,-0.9963601231575012,4.1242428578029134e-05,-0.02208002842962742,1.4441471648751758e-05,0.00010476347233634442,-0.022837638219256298,1.5885264161768924e-05,-0.00019037491991184653,trajectory,GOAL_DIRECT,3.726489305496216,14.977162356256057,0.012605288065969944
696,99421.437,15.018928527832031,-1.2387053175189067e-05,-0.9963431358337402,4.12425808263254e-05,-0.02346276491880417,1.5349180102930404e-05,9.67967789620161e-05,-0.018928527305058965,1.3167714503468772e-05,-0.0001905869506299496,trajectory,GOAL_DIRECT,3.7312510013580322,14.981071468114852,0.012605288065969944
697,99421.734,15.014655113220215,-9.596073141437955e-06,-0.9963273406028748,4.124095214606405e-05,-0.02371068485081196,1.549314401927404e-05,8.075612277025357e-05,-0.014655112812000824,1.0200463956116082e-05,-0.00019009345967788252,trajectory,GOAL_DIRECT,3.7359604835510254,14.985344883638062,0.012605288065969944
698,99421.953,15.010091781616211,-6.621647116844542e-06,-0.9963124990463257,4.123957314736707e-05,-0.022961443290114403,1.501320002716966e-05,6.66996420477517e-05,-0.010091781334555478,7.037827877244835e-06,-0.00018971101904753597,trajectory,GOAL_DIRECT,3.7384870052337646,14.989908216211417,0.012605288065969944
699,99422.171,15.005946159362793,-3.873025434586452e-06,-0.9963014125823975,4.123852202558658e-05,-0.021502571180462837,1.4482485312328208e-05,5.1232615078333765e-05,0.0,0.0,-0.00018902798008639367,trajectory,GOAL_DIRECT,3.735175848007202,14.994053839375862,0.012605288065969944
