frame,time_s,x,y,z,yaw,vx,vy,vz,cmd_vx,cmd_vy,cmd_vz,command_source,family,min_distance_m,goal_progress_m,lateral_deviation_m
1,94778.187,0.0,0.0,-0.8529255986213684,0.0,0.0,0.0,0.137240931391716,0.0,0.0,0.0,trajectory_no_feasible,STRAIGHT,3.4920315742492676,0.0,0.0
2,94778.312,0.0,0.0,-0.8367834687232971,0.0,0.0,0.0,0.030813967809081078,0.0,0.0,0.0,trajectory_no_feasible,STRAIGHT,3.4630467891693115,0.0,0.0
3,94778.453,0.0,0.0,-0.8359339833259583,0.0,0.0,0.0,-0.00940943043678999,0.15,0.0,-0.013909223153515459,trajectory,STRAIGHT,3.435993194580078,0.0,0.0
4,94778.546,1.7118130926974118e-05,6.634378147831019e-16,-0.8375955820083618,1.6202442507154835e-10,0.0011819206411018968,7.026590274255076e-14,-0.022758858278393745,0.14990544634871183,-1.6192532766635162e-11,-0.01346706013597556,trajectory,STRAIGHT,3.4205663204193115,1.7118130926974118e-05,6.634378147831019e-16
5,94778.671,0.0005111782811582088,1.0066567127401879e-13,-0.840334415435791,5.612291828309325e-10,0.00946121197193861,2.6879091400561217e-12,-0.03027130849659443,0.14924310304224492,-5.58945361034355e-11,-0.012766427046302415,trajectory,STRAIGHT,3.4188127517700195,0.0005111782811582088,1.0066567127401879e-13
6,94778.781,0.0017672085668891668,5.893333238950194e-13,-0.8431413769721985,9.322686936294254e-10,0.01970631815493107,9.260342492822815e-12,-0.0337982103228569,0.1484234945476055,-3.6306822794570034e-11,-0.012150684707062678,trajectory,STRAIGHT,3.388278007507324,0.0017672085668891668,5.893333238950194e-13
7,94779.0,0.0075581870041787624,4.496707693701918e-12,-0.8498292565345764,2.7452067804508668e-09,0.04364218935370445,3.60336135929451e-11,-0.03978028893470764,0.14650862485170363,-2.1020095670863782e-10,-0.01133772443999572,trajectory,STRAIGHT,3.3534293174743652,0.0075581870041787624,4.496707693701918e-12
8,94779.093,0.012330020777881145,8.825512369525779e-12,-0.8537152409553528,3.8583016537182686e-09,0.05560402572154999,5.425072543974174e-11,-0.03947307541966438,0.145551677942276,-9.707834006387942e-11,-0.010751042523883805,trajectory,STRAIGHT,3.3534293174743652,0.012330020777881145,8.825512369525779e-12
9,94779.218,0.018003428354859352,1.4674835999151092e-11,-0.8573477864265442,4.969017272756917e-09,0.06622567772865295,7.117131189948722e-11,-0.03840597718954086,0.14470194578170775,-1.975761856214474e-10,-0.010654783108734116,trajectory,STRAIGHT,3.35851788520813,0.018003428354859352,1.4674835999151092e-11
10,94779.328,0.024843713268637657,2.221487403752942e-11,-0.8610481023788452,6.011605825077869e-09,0.07607857137918472,8.509180859928023e-11,-0.038156792521476746,0.1439137142896652,-7.111974343125275e-11,-0.010159530730555644,trajectory,STRAIGHT,3.3699305057525635,0.024843713268637657,2.221487403752942e-11
11,94779.437,0.03282899409532547,3.110197863143149e-11,-0.8648058772087097,6.9485010312181814e-09,0.08503321558237076,9.319873345292606e-11,-0.03745397925376892,0.14319734275341034,-1.4947717200903452e-10,-0.010027867050479044,trajectory,STRAIGHT,3.3847851753234863,0.03282899409532547,3.110197863143149e-11
12,94779.562,0.04108712077140808,3.984355900765735e-11,-0.8682709336280823,7.404002526607517e-09,0.09238924831151962,9.355014679579554e-11,-0.036683425307273865,0.14260886013507842,6.930017991645094e-12,-0.009588741335449655,trajectory,STRAIGHT,3.400447130203247,0.04108712077140808,3.984355900765735e-11
13,94779.671,0.05028180778026581,4.85322164400781e-11,-0.8717793822288513,7.847760648453292e-09,0.0990014597773552,8.61468396617937e-11,-0.03600737825036049,0.14207988321781156,-2.2709001418760247e-11,-0.009467402669964273,trajectory,STRAIGHT,3.4161345958709717,0.05028180778026581,4.85322164400781e-11
14,94779.781,0.059753257781267166,5.5916427738056385e-11,-0.8750973343849182,8.24220063083927e-09,0.10454541444778442,7.140425750673529e-11,-0.03504218906164169,0.14163636684417724,3.084654162141787e-11,-0.009072483256291251,trajectory,STRAIGHT,3.431256055831909,0.059753257781267166,5.5916427738056385e-11
15,94779.89,0.06904963403940201,6.128524770998567e-11,-0.8781315684318542,8.939560760316179e-09,0.10905493795871735,5.095114261055578e-11,-0.03426086902618408,0.1412756049633026,1.1953825214864273e-11,-0.00883757144414246,trajectory,STRAIGHT,3.445557117462158,0.06904963403940201,6.128524770998567e-11
16,94780.015,0.08007150143384933,6.485374737241756e-11,-0.8814910054206848,9.768434952837404e-09,0.11348702758550644,1.9705775206046994e-11,-0.03333223983645439,0.14092103779315948,-4.655863027532792e-11,-0.008743889929879307,trajectory,STRAIGHT,3.458963394165039,0.08007150143384933,6.485374737241756e-11
17,94780.109,0.0918513759970665,6.483771852749953e-11,-0.8848599195480347,1.078750930234788e-08,0.11737813800573349,-2.1557824969598016e-11,-0.03234211355447769,0.14060974895954131,1.382376502446152e-11,-0.008373880417699842,trajectory,STRAIGHT,3.471409797668457,0.0918513759970665,6.485374737241756e-11
18,94780.234,0.1039971187710762,6.01366387242841e-11,-0.8880849480628967,1.1480189412515986e-08,0.12067703157663345,-7.219623510135165e-11,-0.030958987772464752,0.1403458374738693,-2.6629359991468596e-11,-0.008323279054517773,trajectory,STRAIGHT,3.4829599857330322,0.1039971187710762,6.485374737241756e-11
19,94780.343,0.11534272879362106,5.095899396900805e-11,-0.8909164667129517,1.2147041490081075e-08,0.12324360758066177,-1.2643014413171727e-10,-0.029825979843735695,0.1401405113935469,7.789214499053539e-11,-0.007982775050500181,trajectory,STRAIGHT,3.4936904907226562,0.11534272879362106,6.485374737241756e-11
20,94780.453,0.12653352320194244,3.694888145444608e-11,-0.8935582041740417,1.2769281533659007e-08,0.12538233399391174,-1.8606026441769785e-10,-0.02879433147609234,0.13996941328048693,4.5155139828753194e-11,-0.007933220046857146,trajectory,STRAIGHT,3.5035855770111084,0.12653352320194244,6.485374737241756e-11
21,94780.562,0.1386670470237732,1.5732318225936126e-11,-0.8962857127189636,1.343847995135413e-08,0.12734216451644897,-2.5720831020592527e-10,-0.027892349287867546,0.13981262683868395,1.089869010170168e-10,-0.007628648709547761,trajectory,STRAIGHT,3.5127320289611816,0.1386670470237732,6.485374737241756e-11
22,94780.671,0.15020090341567993,-1.0678164082122965e-11,-0.8987672328948975,1.4361286762975536e-08,0.12891995906829834,-3.3076000272025396e-10,-0.026993926614522934,0.139686403274536,5.412890538948397e-11,-0.0075764465146186365,trajectory,STRAIGHT,3.5127320289611816,0.15020090341567993,6.485374737241756e-11
23,94780.796,0.16538938879966736,-5.5438920815165105e-11,-0.9018775224685669,1.5396806886084385e-08,0.1306525021791458,-4.361918881645721e-10,-0.026068540289998055,0.1395477998256682,1.2013533966940593e-10,-0.007266211830902432,trajectory,STRAIGHT,3.5211987495422363,0.16538938879966736,6.485374737241756e-11
24,94780.906,0.17720022797584534,-9.863065919546443e-11,-0.9041907787322998,1.589459518413319e-08,0.13177652657032013,-5.246222345434148e-10,-0.025000611320137978,0.13945787787437425,1.828457371141611e-10,-0.007099396990014552,trajectory,STRAIGHT,3.5364558696746826,0.17720022797584534,9.863065919546443e-11
25,94781.015,0.1891050785779953,-1.5006147713325646e-10,-0.9064067602157593,1.65919940204355e-08,0.132745623588562,-6.192584223185804e-10,-0.024051334708929062,0.13938035011291489,1.5503444170706944e-10,-0.007064540044738292,trajectory,STRAIGHT,3.5364558696746826,0.1891050785779953,1.5006147713325646e-10
26,94781.125,0.19988907873630524,-2.0384952059693262e-10,-0.9083288311958313,1.7439674512143355e-08,0.13350296020507812,-7.096037646370235e-10,-0.023203298449516296,0.1393197631835936,1.8244585540726384e-10,-0.006837380864313954,trajectory,STRAIGHT,3.543362617492676,0.19988907873630524,2.0384952059693262e-10
27,94781.25,0.2139526903629303,-2.848159486035229e-10,-0.9107196927070618,1.812532061387702e-08,0.13434527814388275,-8.339125501244382e-10,-0.022301048040390015,0.13925237774848925,1.6669698396740988e-10,-0.006790017821482534,trajectory,STRAIGHT,3.549842119216919,0.2139526903629303,2.848159486035229e-10
28,94781.343,0.2268822342157364,-3.706092099875491e-10,-0.9128364324569702,1.8681814717559384e-08,0.1349978893995285,-9.54452739065914e-10,-0.02151406556367874,0.1392001688480376,2.5520131372139567e-10,-0.006557739804688446,trajectory,STRAIGHT,3.5558927059173584,0.2268822342157364,3.706092099875491e-10
29,94781.468,0.23946309089660645,-4.6504197714902773e-10,-0.9147987365722656,1.9062204599074128e-08,0.13553853332996368,-1.0772895908672808e-09,-0.020577484741806984,0.1391569173336028,2.65838879313487e-10,-0.0065345510646734155,trajectory,STRAIGHT,3.5615556240081787,0.23946309089660645,4.6504197714902773e-10
30,94781.593,0.2524985671043396,-5.747968767622069e-10,-0.9167471528053284,1.942616080594719e-08,0.13601596653461456,-1.2102168156502557e-09,-0.019837377592921257,0.13911872267723083,3.081015832716037e-10,-0.006317210264509572,trajectory,STRAIGHT,3.5668962001800537,0.2524985671043396,5.747968767622069e-10
31,94781.687,0.2643488347530365,-6.855204182087959e-10,-0.9184533357620239,1.9651585276707697e-08,0.1363879144191742,-1.3358817385622501e-09,-0.019175488501787186,0.13908896684646607,3.3310719915226275e-10,-0.006199288811341545,trajectory,STRAIGHT,3.5719339847564697,0.2643488347530365,6.855204182087959e-10
32,94781.796,0.27828025817871094,-8.295542586189697e-10,-0.92037034034729,2.0485182727716968e-08,0.1367608904838562,-1.4893386524050811e-09,-0.018347827717661858,0.1390591287612915,3.156606499952761e-10,-0.006169651444808265,trajectory,STRAIGHT,3.5766735076904297,0.27828025817871094,8.295542586189697e-10
33,94781.906,0.2922467589378357,-9.895750885391408e-10,-0.9222100973129272,2.1504292771608464e-08,0.13707593083381653,-1.6493171273168628e-09,-0.017593814060091972,0.1390339255332947,3.1188809680741723e-10,-0.005978874762890344,trajectory,STRAIGHT,3.581167221069336,0.2922467589378357,9.895750885391408e-10
34,94782.031,0.305006742477417,-1.1499657892599657e-09,-0.9238079190254211,2.2530443223272587e-08,0.1373201310634613,-1.800768312243406e-09,-0.016782954335212708,0.1390143895149231,3.3374497165899694e-10,-0.0058830607237446595,trajectory,STRAIGHT,3.5854108333587646,0.305006742477417,1.1499657892599657e-09
35,94782.125,0.31737518310546875,-1.3188253822349338e-09,-0.9252912998199463,2.343213365345166e-08,0.1375230848789215,-1.9524020178351975e-09,-0.016149701550602913,0.13899815320968628,3.130111063971631e-10,-0.005859551906787186,trajectory,STRAIGHT,3.5894393920898438,0.31737518310546875,1.3188253822349338e-09
36,94782.156,0.32026368379592896,-1.3602055037864602e-09,-0.9256299734115601,2.3594156401239526e-08,0.13756626844406128,-1.9885098012650815e-09,-0.016109982505440712,0.1389946985244751,4.134924994394779e-10,-0.0057104867451581625,trajectory,STRAIGHT,3.5894393920898438,0.32026368379592896,1.3602055037864602e-09
37,94782.25,0.3309999704360962,-1.5206063075368093e-09,-0.9268600344657898,2.4310353155400483e-08,0.13771399855613708,-2.1248600656775807e-09,-0.015446008183062077,0.13898288011550902,4.032973619043481e-10,-0.005702101638236967,trajectory,STRAIGHT,3.593233346939087,0.3309999704360962,1.5206063075368093e-09
38,94782.359,0.3442285656929016,-1.7328511958680792e-09,-0.9283211827278137,2.5035932464515097e-08,0.1378713995218277,-2.297728896039075e-09,-0.014956602826714516,0.1389702880382538,4.082100830077031e-10,-0.005668196653643575,trajectory,STRAIGHT,3.59682297706604,0.3442285656929016,1.7328511958680792e-09
39,94782.468,0.3570570945739746,-1.9545347562655024e-09,-0.9296941161155701,2.58977160216087e-08,0.13800182938575745,-2.4703885603827302e-09,-0.01445847935974598,0.1389598536491394,4.5275861998628767e-10,-0.0055063445227966626,trajectory,STRAIGHT,3.59682297706604,0.3570570945739746,1.9545347562655024e-09
40,94782.578,0.3703112304210663,-2.200465365476134e-09,-0.9310640692710876,2.6667914345658615e-08,0.13811704516410828,-2.653937292151909e-09,-0.013968121260404587,0.13895063638687133,4.898977102467716e-10,-0.005416784035496719,trajectory,STRAIGHT,3.600233793258667,0.3703112304210663,2.200465365476134e-09
41,94782.796,0.39518916606903076,-2.7101771937765307e-09,-0.9335145354270935,2.827642078865707e-08,0.13828973472118378,-3.012546656577797e-09,-0.013370050117373466,0.1389368212223053,4.993484478644602e-10,-0.0053421064191389155,trajectory,STRAIGHT,3.606614112854004,0.39518916606903076,2.7101771937765307e-09
42,94782.906,0.4084688723087311,-3.0088893598900768e-09,-0.9347769021987915,2.934483794404102e-08,0.13836301863193512,-3.21132120895129e-09,-0.012649019248783588,0.1389309585094452,5.437235092801075e-10,-0.005168899318817711,trajectory,STRAIGHT,3.6096062660217285,0.4084688723087311,3.0088893598900768e-09
43,94783.015,0.4217551052570343,-3.3269347277098404e-09,-0.9359605312347412,3.0255919744772897e-08,0.13842539489269257,-3.4153657679780736e-09,-0.011992151848971844,0.1389259684085846,5.523878227026137e-10,-0.005162267259005165,trajectory,STRAIGHT,3.612478733062744,0.4217551052570343,3.3269347277098404e-09
44,94783.14,0.43504688143730164,-3.6648226675595197e-09,-0.9370913505554199,3.1361875125685055e-08,0.13847851753234863,-3.624674338453815e-09,-0.011513994075357914,0.13892171859741212,6.022883834016251e-10,-0.005036564598589085,trajectory,STRAIGHT,3.615288257598877,0.43504688143730164,3.6648226675595197e-09
45,94783.25,0.4475121796131134,-4.000060727094024e-09,-0.9381141662597656,3.2834179384757644e-08,0.13852114975452423,-3.8256446899254115e-09,-0.011129644699394703,0.13891830801963806,5.639677134872113e-10,-0.005016171763448856,trajectory,STRAIGHT,3.6179163455963135,0.4475121796131134,4.000060727094024e-09
46,94783.359,0.4612281024456024,-4.3899675006287e-09,-0.9391975998878479,3.4297079648325504e-08,0.1385612040758133,-4.051982749331273e-09,-0.01070909108966589,0.1389151036739349,6.440804529152877e-10,-0.004901068888319159,trajectory,STRAIGHT,3.62040376663208,0.4612281024456024,4.3899675006287e-09
47,94783.468,0.47536349296569824,-4.815418286341355e-09,-0.9402727484703064,3.575293140012157e-08,0.13859611749649048,-4.2909422681702836e-09,-0.010307841934263706,0.13891231060028073,6.871908480971928e-10,-0.004831833107960921,trajectory,STRAIGHT,3.622783899307251,0.47536349296569824,4.815418286341355e-09
48,94783.578,0.4895021617412567,-5.265537783571972e-09,-0.9413020014762878,3.71712097315667e-08,0.13862556219100952,-4.53571757930149e-09,-0.009870807640254498,0.1389099550247192,6.803299128271492e-10,-0.004815333201182586,trajectory,STRAIGHT,3.625062942504883,0.4895021617412567,5.265537783571972e-09
49,94783.765,0.5023956298828125,-5.697943450400089e-09,-0.9422025680541992,3.833352935717422e-08,0.1386483758687973,-4.76395811688235e-09,-0.009490972384810448,0.13890812993049617,7.827409943599448e-10,-0.004708278264590075,trajectory,STRAIGHT,3.6272530555725098,0.5023956298828125,5.697943450400089e-09
50,94783.906,0.5265241861343384,-6.564932153452219e-09,-0.943835973739624,4.0094623158699324e-08,0.1386827528476715,-5.204005226744357e-09,-0.009201238863170147,0.13890537977218625,8.471915411986636e-10,-0.004649786662050058,trajectory,STRAIGHT,3.631345510482788,0.5265241861343384,6.564932153452219e-09
51,94784.015,0.5402549505233765,-7.092856968426986e-09,-0.9447322487831116,4.1022101427391746e-08,0.13869835436344147,-5.461779473137085e-09,-0.008738920092582703,0.1389041316509247,9.084893302642254e-10,-0.004530680666374657,trajectory,STRAIGHT,3.631345510482788,0.5402549505233765,7.092856968426986e-09
52,94784.125,0.5527384877204895,-7.595152062833677e-09,-0.9455015063285828,4.173125483534569e-08,0.13871046900749207,-5.700820260301498e-09,-0.00833132117986679,0.13890316247940063,9.505601111098755e-10,-0.004485466366061417,trajectory,STRAIGHT,3.633296251296997,0.5527384877204895,7.595152062833677e-09
53,94784.234,0.5660555958747864,-8.154880326571856e-09,-0.9462850689888,4.222205848097377e-08,0.1387215107679367,-5.960740789845431e-09,-0.007993705570697784,0.13890227913856507,1.0405701485483564e-09,-0.004473297481784073,trajectory,STRAIGHT,3.635200023651123,0.5660555958747864,8.154880326571856e-09
54,94784.359,0.5793735980987549,-8.739803547541669e-09,-0.947040855884552,4.3069728695261445e-08,0.13873089849948883,-6.225744808574518e-09,-0.007720983121544123,0.13890152812004092,1.0071533324109225e-09,-0.004389134842754127,trajectory,STRAIGHT,3.637021064758301,0.5793735980987549,8.739803547541669e-09
55,94784.468,0.5931088328361511,-9.369912845613726e-09,-0.9477958679199219,4.4147501090516365e-08,0.13873916864395142,-6.5043423980171156e-09,-0.007478817366063595,0.1389008665084839,1.0587386715371736e-09,-0.004370757501424075,trajectory,STRAIGHT,3.638735771179199,0.5931088328361511,9.369912845613726e-09
56,94784.578,0.6060116291046143,-9.987189741877955e-09,-0.9484813213348389,4.5260505780516074e-08,0.1387457549571991,-6.770943361544823e-09,-0.007220797706395388,0.138900339603424,1.0528776416003914e-09,-0.004290780650240444,trajectory,STRAIGHT,3.6403770446777344,0.6060116291046143,9.987189741877955e-09
57,94784.687,0.6180834174156189,-1.0587279497542568e-08,-0.9491000175476074,4.634298912185235e-08,0.1387510746717453,-7.024636872188239e-09,-0.006976885721087456,0.13889991402626028,1.094309665515895e-09,-0.004279358798426651,trajectory,STRAIGHT,3.641961097717285,0.6180834174156189,1.0587279497542568e-08
58,94784.796,0.6309880614280701,-1.1253371567931936e-08,-0.949739933013916,4.774953681433701e-08,0.1387559473514557,-7.300426041467745e-09,-0.006757910363376141,0.1388995242118836,1.1016501758440566e-09,-0.004207610170378608,trajectory,STRAIGHT,3.6434872150421143,0.6309880614280701,1.1253371567931936e-08
59,94784.906,0.6451415419578552,-1.2013686934153611e-08,-0.9504193663597107,4.927114270362631e-08,0.1387605369091034,-7.608365493183555e-09,-0.006566651165485382,0.13889915704727177,1.1387643137541109e-09,-0.004188939238920134,trajectory,STRAIGHT,3.644953727722168,0.6451415419578552,1.2013686934153611e-08
60,94785.031,0.658878743648529,-1.2781954161766862e-08,-0.9510684609413147,5.0734043554887896e-08,0.13876426219940186,-7.912753119398985e-09,-0.00656030373647809,0.1388988590240479,1.196457035859679e-09,-0.004099053958505033,trajectory,STRAIGHT,3.646366834640503,0.658878743648529,1.2781954161766862e-08
61,94785.14,0.6722001433372498,-1.3555969680112412e-08,-0.9516999125480652,5.158878024282439e-08,0.1387673318386078,-8.213046243099598e-09,-0.006596166640520096,0.13889861345291143,1.2918072351164127e-09,-0.004064612345844148,trajectory,STRAIGHT,3.6477301120758057,0.6722001433372498,1.3555969680112412e-08
62,94785.328,0.6842739582061768,-1.4282518279173928e-08,-0.952275276184082,5.261725173855056e-08,0.13876973092556,-8.489535296973827e-09,-0.006630466785281897,0.13889842152595516,1.2966341789958314e-09,-0.003976865798811521,trajectory,STRAIGHT,3.649070978164673,0.6842739582061768,1.4282518279173928e-08
63,94785.468,0.7109196186065674,-1.597220311566616e-08,-0.9535549879074097,5.46859151691162e-08,0.13877402245998383,-9.114337728988176e-09,-0.006696957163512707,0.13889807820320127,1.4799166168362052e-09,-0.003907560982386674,trajectory,STRAIGHT,3.6504175662994385,0.7109196186065674,1.597220311566616e-08
64,94785.578,0.7234097719192505,-1.6805968172661778e-08,-0.9541588425636292,5.566976460117681e-08,0.13877560198307037,-9.414135249130595e-09,-0.006723715458065271,0.13889795184135437,1.425703179481649e-09,-0.003793763157195776,trajectory,STRAIGHT,3.6517701148986816,0.7234097719192505,1.6805968172661778e-08
65,94785.687,0.7367326021194458,-1.772528790411343e-08,-0.9548056721687317,5.684382277611216e-08,0.13877703249454498,-9.738791106883582e-09,-0.0067495983093976974,0.1388978374004364,1.5164412359498701e-09,-0.003759351048834054,trajectory,STRAIGHT,3.6531336307525635,0.7367326021194458,1.772528790411343e-08
66,94785.796,0.7500554323196411,-1.8676015400842516e-08,-0.9554548263549805,5.79122055139499e-08,0.13877810537815094,-1.0068469613599973e-08,-0.006772777531296015,0.13889775156974798,1.513823185794926e-09,-0.00367011601523757,trajectory,STRAIGHT,3.6544997692108154,0.7500554323196411,1.8676015400842516e-08
67,94785.906,0.7625455856323242,-1.959627837777589e-08,-0.95606529712677,5.901347217813136e-08,0.13877899944782257,-1.0382098736272383e-08,-0.006792405154556036,0.13889768004417424,1.5413627115046662e-09,-0.0036095150825752893,trajectory,STRAIGHT,3.6558730602264404,0.7625455856323242,1.959627837777589e-08
68,94786.015,0.7754520773887634,-2.0577077819439182e-08,-0.9566978812217712,6.022042492053669e-08,0.1387799233198166,-1.0710819786652337e-08,-0.006810867693275213,0.13889760613441474,1.637680436115727e-09,-0.0035764088747276945,trajectory,STRAIGHT,3.6572511196136475,0.7754520773887634,2.0577077819439182e-08
69,94786.125,0.7883585691452026,-2.1588673959627158e-08,-0.9573320150375366,6.143678882648093e-08,0.13878068327903748,-1.1044263281689837e-08,-0.006827447097748518,0.13889754533767706,1.6244567893573844e-09,-0.0034887878849520467,trajectory,STRAIGHT,3.658635139465332,0.7883585691452026,2.1588673959627158e-08
70,94786.234,0.8008487224578857,-2.2597369309096393e-08,-0.9579471349716187,6.227508007297332e-08,0.13878124952316284,-1.1371429131656896e-08,-0.006841655820608139,0.13889750003814705,1.7558448489156373e-09,-0.003456895190419176,trajectory,STRAIGHT,3.6600229740142822,0.8008487224578857,2.2597369309096393e-08
71,94786.343,0.8150042295455933,-2.3776411950393594e-08,-0.9586459398269653,6.331292725195635e-08,0.13878175616264343,-1.1747546047047308e-08,-0.006856365595012903,0.13889745950698837,1.7464802275870097e-09,-0.003365917999149086,trajectory,STRAIGHT,3.6614136695861816,0.8150042295455933,2.3776411950393594e-08
72,94786.468,0.8291597366333008,-2.4994108116516145e-08,-0.9593459367752075,6.435077443091024e-08,0.13878226280212402,-1.212932065897121e-08,-0.0068696001544594765,0.13889741897582994,1.8990933534645e-09,-0.003329859386981251,trajectory,STRAIGHT,3.6628077030181885,0.8291597366333008,2.4994108116516145e-08
73,94786.593,0.8424825668334961,-2.6176005363254262e-08,-0.9600058794021606,6.536515947809701e-08,0.13878273963928223,-1.2493805989777229e-08,-0.006880819797515869,0.1388973808288575,1.8290650639571591e-09,-0.003234537212047926,trajectory,STRAIGHT,3.6642065048217773,0.8424825668334961,2.6176005363254262e-08
74,94786.703,0.8562217354774475,-2.743173865837889e-08,-0.9606878161430359,6.646413458690196e-08,0.13878323137760162,-1.2874944665952626e-08,-0.0068912263959646225,0.13889734148979196,1.874916176789432e-09,-0.003170626895553955,trajectory,STRAIGHT,3.6656057834625244,0.8562217354774475,2.743173865837889e-08
75,94786.812,0.8691282272338867,-2.864597270502145e-08,-0.9613289833068848,6.721321006798056e-08,0.13878369331359863,-1.3237854368242097e-08,-0.006899963598698378,0.1388973045349122,2.0465618642526476e-09,-0.0031378695611428108,trajectory,STRAIGHT,3.667009115219116,0.8691282272338867,2.864597270502145e-08
76,94786.921,0.882451057434082,-2.993501979631219e-08,-0.9619917869567871,6.832859877308566e-08,0.13878417015075684,-1.361740498140307e-08,-0.00690801115706563,0.13889726638793956,1.9564254993208494e-09,-0.0030459823258708694,trajectory,STRAIGHT,3.6684155464172363,0.882451057434082,2.993501979631219e-08
77,94787.046,0.8953575491905212,-3.1218750251582605e-08,-0.962634801864624,6.942752420210884e-08,0.13878463208675385,-1.3989875924380613e-08,-0.00691493833437562,0.1388972294330598,2.1079779759353537e-09,-0.0030132774062942244,trajectory,STRAIGHT,3.6698241233825684,0.8953575491905212,3.1218750251582605e-08
78,94787.14,0.9082640409469604,-3.253733993346941e-08,-0.9632778167724609,7.051939394155879e-08,0.13878509402275085,-1.4367052436625727e-08,-0.006921244319528341,0.13889719247818,2.046015244319852e-09,-0.002923278008761856,trajectory,STRAIGHT,3.6698241233825684,0.9082640409469604,3.253733993346941e-08
79,94787.265,0.9211705327033997,-3.389122227304142e-08,-0.963921844959259,7.161126368100597e-08,0.13878555595874786,-1.4748935406316832e-08,-0.006927001755684614,0.13889715552330026,2.208726847065081e-09,-0.0028906160045294492,trajectory,STRAIGHT,3.6712324619293213,0.9211705327033997,3.389122227304142e-08
80,94787.375,0.9336606860160828,-3.523545188954813e-08,-0.9645459055900574,7.26679118159522e-08,0.13878600299358368,-1.5122981977810923e-08,-0.006932068150490522,0.13889711976051342,2.13618316447638e-09,-0.002802488000337138,trajectory,STRAIGHT,3.672642469406128,0.9336606860160828,3.523545188954813e-08
81,94787.484,0.9469835758209229,-3.670663062393942e-08,-0.9652115702629089,7.379500315989199e-08,0.13878647983074188,-1.5526820718037015e-08,-0.006936982739716768,0.13889708161354075,2.3151398018993372e-09,-0.0027688115995564604,trajectory,STRAIGHT,3.6740529537200928,0.9469835758209229,3.670663062393942e-08
82,94787.593,0.9598919153213501,-3.816903415554407e-08,-0.9658564329147339,7.52813448573846e-08,0.13878661394119263,-1.592282927731503e-08,-0.006941248197108507,0.13889707088470457,2.204451676998847e-09,-0.0026795897818401976,trajectory,STRAIGHT,3.675468683242798,0.9598919153213501,3.816903415554407e-08
83,94787.718,0.9732166528701782,-3.971747730702191e-08,-0.9665228128433228,7.677243297640777e-08,0.13878661394119263,-1.633657475963446e-08,-0.006945276632905006,0.13889707088470457,2.3640642637261457e-09,-0.0026459485105470347,trajectory,STRAIGHT,3.676882028579712,0.9732166528701782,3.971747730702191e-08
84,94787.812,0.9857085943222046,-4.120543550811817e-08,-0.9671486616134644,7.884116397600894e-08,0.13878661394119263,-1.6729027052519996e-08,-0.0069486829452216625,0.13889707088470474,2.2541006597838932e-09,-0.0025568012012956373,trajectory,STRAIGHT,3.6782984733581543,0.9857085943222046,4.120543550811817e-08
85,94787.937,0.9994497299194336,-4.28832223065001e-08,-0.9678370952606201,8.206986309767321e-08,0.13878661394119263,-1.7165834975685357e-08,-0.006952164229005575,0.13889707088470474,2.2866086625578613e-09,-0.0025221010162351366,trajectory,STRAIGHT,3.6797163486480713,0.9994497299194336,4.28832223065001e-08
86,94788.046,1.0131908655166626,-4.460451563659262e-08,-0.9685255289077759,8.547942376883114e-08,0.13878661394119263,-1.7608003943792028e-08,-0.00695523526519537,0.13889707088470457,2.306343999596511e-09,-0.0024297177927620223,trajectory,STRAIGHT,3.681133985519409,1.0131908655166626,4.460451563659262e-08
87,94788.156,1.0273483991622925,-4.6424048605331336e-08,-0.969234824180603,8.899230446038614e-08,0.13878661394119263,-1.806917993008028e-08,-0.006958053447306156,0.1388970708847046,2.343724822978726e-09,-0.002394027574551802,trajectory,STRAIGHT,3.682551622390747,1.0273483991622925,4.6424048605331336e-08
88,94788.281,1.0410895347595215,-4.823532151476684e-08,-0.9699232578277588,9.240186513165678e-08,0.13878661394119263,-1.8522232636541958e-08,-0.006960523314774036,0.13889707088470477,2.474851849238795e-09,-0.0022980279456418285,trajectory,STRAIGHT,3.6839709281921387,1.0410895347595215,4.823532151476684e-08
89,94788.39,1.0544142723083496,-5.003478520393401e-08,-0.9705908298492432,9.578323145612787e-08,0.13878661394119263,-1.896667889411674e-08,-0.00696259830147028,0.13889707088470477,2.522035380317835e-09,-0.00226448334563191,trajectory,STRAIGHT,3.685389518737793,1.0544142723083496,5.003478520393401e-08
90,94788.578,1.0677390098571777,-5.187716212162741e-08,-0.9712592959403992,9.840615736694824e-08,0.13878661394119263,-1.94161646760449e-08,-0.006964551284909248,0.13889707088470468,2.698958486535057e-09,-0.0021713556947115468,trajectory,STRAIGHT,3.68680739402771,1.0677390098571777,5.187716212162741e-08
91,94788.703,1.091057300567627,-5.520601220609933e-08,-0.9724308848381042,1.009845180637813e-07,0.13878661394119263,-2.02148573436034e-08,-0.006967200431972742,0.1388970708847047,3.1054444276599607e-09,-0.002112564318061213,trajectory,STRAIGHT,3.689648389816284,1.091057300567627,5.520601220609933e-08
92,94788.828,1.104382038116455,-5.716887585549557e-08,-0.9731003642082214,1.0188628209565234e-07,0.13878661394119263,-2.06781454181737e-08,-0.006968660745769739,0.13889707088470482,3.027358560010435e-09,-0.0019981687054441036,trajectory,STRAIGHT,3.689648389816284,1.104382038116455,5.716887585549557e-08
93,94788.937,1.118123173713684,-5.9239923189124966e-08,-0.9737907648086548,1.028162262535521e-07,0.13878661394119263,-2.1161165264516058e-08,-0.006970096845179796,0.13889707088470482,3.0898459813841154e-09,-0.0019341340360170842,trajectory,STRAIGHT,3.6910712718963623,1.118123173713684,5.9239923189124966e-08
94,94789.046,1.1310315132141113,-6.122925100271459e-08,-0.9744393229484558,1.0368981015948819e-07,0.13878661394119263,-2.161976553338718e-08,-0.006971225142478943,0.13889707088470482,3.382854464561083e-09,-0.0019016158652431013,trajectory,STRAIGHT,3.692493438720703,1.1310315132141113,6.122925100271459e-08
95,94789.156,1.1439398527145386,-6.326143164869791e-08,-0.9750878810882568,1.0456339406545362e-07,0.13878661394119263,-2.2083066042455357e-08,-0.0069721052423119545,0.13889707088470482,3.178438888753027e-09,-0.0018103180473612488,trajectory,STRAIGHT,3.693915843963623,1.1439398527145386,6.326143164869791e-08
96,94789.281,1.1572645902633667,-6.540460617543431e-08,-0.975757360458374,1.0520679764510362e-07,0.13878661394119263,-2.256624931362694e-08,-0.006972822826355696,0.13889707088470485,3.5152301333743316e-09,-0.0017767866721318903,trajectory,STRAIGHT,3.695338249206543,1.1572645902633667,6.540460617543431e-08
97,94789.39,1.170172929763794,-6.752527070830183e-08,-0.976405918598175,1.0566000314941073e-07,0.13878661394119263,-2.3039111951561608e-08,-0.006973493378609419,0.13889707088470463,3.3193999034976574e-09,-0.001686424360289378,trajectory,STRAIGHT,3.696760654449463,1.170172929763794,6.752527070830183e-08
98,94789.484,1.1830812692642212,-6.969012389390628e-08,-0.9770544767379761,1.054956404350636e-07,0.13878661394119263,-2.351667305333649e-08,-0.006973848678171635,0.13889707088470463,3.7246666633514895e-09,-0.0016539680293343496,trajectory,STRAIGHT,3.698183298110962,1.1830812692642212,6.969012389390628e-08
99,94789.609,1.18724524974823,-7.039796656727049e-08,-0.9772636890411377,1.0544867357099143e-07,0.13878661394119263,-2.367172236006354e-08,-0.0069740209728479385,0.13889707088470463,3.1839165123907983e-09,-0.001586531612162865,trajectory,STRAIGHT,3.698183298110962,1.18724524974823,7.039796656727049e-08
100,94789.718,1.211396336555481,-7.459577489044023e-08,-0.9784771203994751,1.0517626575941103e-07,0.13878661394119263,-2.4580641522220503e-08,-0.006975020281970501,0.13889707088470463,3.954525816576631e-09,-0.0015257800995161896,trajectory,STRAIGHT,3.7010278701782227,1.211396336555481,7.459577489044023e-08
101,94789.843,1.22513747215271,-7.705523330514552e-08,-0.9791675209999084,1.0502127510802357e-07,0.13878661394119263,-2.5105119760837624e-08,-0.006975509226322174,0.13889707088470463,3.5802094187839426e-09,-0.0014287464821097005,trajectory,STRAIGHT,3.7024526596069336,1.22513747215271,7.705523330514552e-08
102,94789.953,1.238878607749939,-7.956687397836504e-08,-0.9798579216003418,1.0486628445665716e-07,0.13878661394119263,-2.563491818818875e-08,-0.00697598559781909,0.13889707088470465,3.625877693850029e-09,-0.0013638698486828026,trajectory,STRAIGHT,3.7038748264312744,1.238878607749939,7.956687397836504e-08
103,94790.14,1.2517869472503662,-8.197429934853062e-08,-0.9805064797401428,1.0472068717811998e-07,0.13878661394119263,-2.613744776169824e-08,-0.006976433098316193,0.13889707088470463,3.6441814707311568e-09,-0.001301087647967567,trajectory,STRAIGHT,3.7052969932556152,1.2517869472503662,8.197429934853062e-08
104,94790.296,1.2771872282028198,-8.684904884148636e-08,-0.9817826747894287,1.0443418930750424e-07,0.13878661394119263,-2.7139988034718954e-08,-0.006976637523621321,0.13889707088470463,4.502224417148056e-09,-0.001237261541478862,trajectory,STRAIGHT,3.706719398498535,1.2771872282028198,8.684904884148636e-08
105,94790.39,1.290511965751648,-8.94801246431598e-08,-0.9824521541595459,1.042838953426198e-07,0.13878661394119263,-2.7673179303633333e-08,-0.006976810283958912,0.13889707088470465,3.788803572403436e-09,-0.001119249466719883,trajectory,STRAIGHT,3.708141565322876,1.290511965751648,8.94801246431598e-08
106,94790.5,1.2955087423324585,-9.048000038092141e-08,-0.9827032089233398,1.0422753510579322e-07,0.13878661394119263,-2.787441566454163e-08,-0.006976949982345104,0.13889707088470465,3.961905387133345e-09,-0.00110668555265929,trajectory,STRAIGHT,3.708141565322876,1.2955087423324585,9.048000038092141e-08
107,94790.625,1.317577838897705,-9.498326392076706e-08,-0.9838120341300964,1.0408897220979425e-07,0.13878661394119263,-2.8771617976985908e-08,-0.006977357901632786,0.13889707088470465,4.151319519780159e-09,-0.0010107870005311836,trajectory,STRAIGHT,3.710986375808716,1.317577838897705,9.498326392076706e-08
108,94790.734,1.3300697803497314,-9.759586561131073e-08,-0.9844396710395813,1.051339106043608e-07,0.13878661394119263,-2.928555353776119e-08,-0.0069775632582604885,0.13889707088470468,3.798237635261856e-09,-0.0009306953881834768,trajectory,STRAIGHT,3.712409257888794,1.3300697803497314,9.759586561131073e-08
109,94790.843,1.335066556930542,-9.865389216656695e-08,-0.9846907258033752,1.0584303226636722e-07,0.13878661394119263,-2.9492364106431523e-08,-0.006977659650146961,0.13889707088470468,3.911319526743313e-09,-0.0009181349386428616,trajectory,STRAIGHT,3.712409257888794,1.335066556930542,9.865389216656695e-08
110,94790.968,1.355886459350586,-1.0314290221913325e-07,-0.9857367873191833,1.0889552391280249e-07,0.13878661394119263,-3.036167584014038e-08,-0.006978025194257498,0.1388970708847047,4.008364608985548e-09,-0.0008272154455420842,trajectory,STRAIGHT,3.715254068374634,1.355886459350586,1.0314290221913325e-07
111,94791.078,1.369627594947815,-1.0617745971330805e-07,-0.9864271879196167,1.1057678174853262e-07,0.13878661394119263,-3.094213951726488e-08,-0.006978057324886322,0.13889707088470493,3.990372351968247e-09,-0.0007467557334255269,trajectory,STRAIGHT,3.716676712036133,1.369627594947815,1.0617745971330805e-07
112,94791.187,1.3825359344482422,-1.090806733827776e-07,-0.9870729446411133,1.1093365187064334e-07,0.13878661394119263,-3.149220972886724e-08,-0.00686057610437274,0.13889707088470493,4.436661931412179e-09,-0.0007238663949917844,trajectory,STRAIGHT,3.7181010246276855,1.3825359344482422,1.090806733827776e-07
113,94791.296,1.3875327110290527,-1.102182736190116e-07,-0.9873190522193909,1.1101814962431187e-07,0.13878661394119263,-3.1706388625707405e-08,-0.006797563750296831,0.13889707088470493,3.929921273111872e-09,-0.0006579255239630554,trajectory,STRAIGHT,3.7181010246276855,1.3875327110290527,1.102182736190116e-07
114,94791.406,1.4096018075942993,-1.1533536081742568e-07,-0.9883350133895874,1.1139134803626675e-07,0.13878661394119263,-3.266052672756814e-08,-0.0061348131857812405,0.13889707088470493,4.7308019159635444e-09,-0.000660147510614476,trajectory,STRAIGHT,3.720942258834839,1.4096018075942993,1.1533536081742568e-07
115,94791.515,1.4237593412399292,-1.1869833826949616e-07,-0.9889289736747742,1.116307583382058e-07,0.13878661394119263,-3.327970432565053e-08,-0.005477570928633213,0.13889707088470482,4.372203079686985e-09,-0.0006276059480402351,trajectory,STRAIGHT,3.722308874130249,1.4237593412399292,1.1869833826949616e-07
116,94791.64,1.4370840787887573,-1.2192143117317755e-07,-0.9894319772720337,1.1185608568115745e-07,0.13878661394119263,-3.3867724624769835e-08,-0.005025493912398815,0.13889707088470482,4.870887359644009e-09,-0.0006386219294760108,trajectory,STRAIGHT,3.7235889434814453,1.4370840787887573,1.2192143117317755e-07
117,94791.75,1.4495760202407837,-1.2499457113790413e-07,-0.9898706674575806,1.1206733006513077e-07,0.13878661394119263,-3.442358220695496e-08,-0.004692833870649338,0.13889707088470485,4.424345609071129e-09,-0.0005951277675438982,trajectory,STRAIGHT,3.7247769832611084,1.4495760202407837,1.2499457113790413e-07
118,94791.859,1.4629007577896118,-1.2832796869588492e-07,-0.9903051853179932,1.1229265740798888e-07,0.13878661394119263,-3.50213511524089e-08,-0.004354560282081366,0.13889707088470485,4.935384436194847e-09,-0.0006004637616087061,trajectory,STRAIGHT,3.7258429527282715,1.4629007577896118,1.2832796869588492e-07
119,94791.968,1.47622549533844,-1.3171883495033399e-07,-0.9905235171318054,1.12560276286117e-07,0.13878630101680756,-3.562078987329187e-08,0.001204541651532054,0.13889709591865568,4.5617174924634465e-09,-0.0009959289617556288,trajectory,STRAIGHT,3.7258429527282715,1.47622549533844,1.3171883495033399e-07
120,94792.093,1.4891338348388672,-1.350589826643045e-07,-0.9902892112731934,1.126565406601301e-07,0.13878630101680756,-3.620840871576547e-08,0.0032156347297132015,0.13889709591865568,4.617296683720962e-09,-0.0011589438012282805,trajectory,STRAIGHT,3.7268285751342773,1.4891338348388672,1.350589826643045e-07
121,94792.187,1.5016257762908936,-1.38343594358048e-07,-0.9899846315383911,1.1301573425589125e-07,0.13878630101680756,-3.6782637380383676e-08,0.0034666976425796747,0.13889709591865568,5.101407131565301e-09,-0.0011942578209977106,trajectory,STRAIGHT,3.727736711502075,1.5016257762908936,1.38343594358048e-07
122,94792.312,1.5149505138397217,-1.4190450770001917e-07,-0.9898386001586914,1.133913556033909e-07,0.13878630101680756,-3.74040709516521e-08,-0.0024939607828855515,0.13889709591865568,4.720919225869492e-09,-0.0007483715265653611,trajectory,STRAIGHT,3.7278573513031006,1.5149505138397217,1.4190450770001917e-07
123,94792.421,1.527442455291748,-1.4529726399814535e-07,-0.9902055859565735,1.1374350061670011e-07,0.13878630101680756,-3.798897907358878e-08,-0.0046670204028487206,0.1388970959186557,5.218239775425e-09,-0.0005561774670742037,trajectory,STRAIGHT,3.7272393703460693,1.527442455291748,1.4529726399814535e-07
124,94792.546,1.5424327850341797,-1.4943806547762506e-07,-0.9904782176017761,1.1416607463270731e-07,0.13878625631332397,-3.869101306008815e-08,0.0012594525469467044,0.13889709949493442,4.905817069269488e-09,-0.0010069606511186268,trajectory,STRAIGHT,3.726551055908203,1.5424327850341797,1.4943806547762506e-07
125,94792.671,1.5561739206314087,-1.5330074631947355e-07,-0.9902298450469971,1.1455343414741521e-07,0.13878625631332397,-3.9342463509228764e-08,0.0031452495604753494,0.1388970994949345,4.924214022479468e-09,-0.0011582705984207286,trajectory,STRAIGHT,3.7270257472991943,1.5561739206314087,1.5330074631947355e-07
126,94792.781,1.5699150562286377,-1.5722822865882335e-07,-0.98990398645401,1.1494079366215624e-07,0.13878625631332397,-4.000035502826904e-08,0.003355637891218066,0.1388970994949345,4.9881585838630684e-09,-0.0012023017138584004,trajectory,STRAIGHT,3.727882146835327,1.569915056228636,1.5722822865882335e-07
127,94792.89,1.582406997680664,-1.6085550669231452e-07,-0.9897234439849854,1.1529293867558592e-07,0.13878625631332397,-4.0606686013688886e-08,-0.0017645197222009301,0.13889709949493453,5.512595346964956e-09,-0.0008017162282361134,trajectory,STRAIGHT,3.727595567703247,1.5824069976806623,1.6085550669231452e-07
128,94793.0,1.5953153371810913,-1.6466130148273805e-07,-0.9900848865509033,1.1565682185615867e-07,0.13878625631332397,-4.123630503727327e-08,-0.004797360394150019,0.13889709949493448,5.076515501973957e-09,-0.0005632551197189405,trajectory,STRAIGHT,3.7269468307495117,1.5953153371810895,1.6466130148273805e-07
129,94793.109,1.6082236766815186,-1.685256165728788e-07,-0.9903550744056702,1.1602070503676068e-07,0.13878625631332397,-4.186476232348468e-08,0.0006754687638022006,0.13889709949493448,5.137153986352716e-09,-0.0009716995442313913,trajectory,STRAIGHT,3.726332664489746,1.6082236766815168,1.685256165728788e-07
130,94793.218,1.6219648122787476,-1.7270373575684062e-07,-0.9901363253593445,1.164080645516272e-07,0.13878625631332397,-4.2541358880043845e-08,0.0029970926698297262,0.1388970994949345,5.735116408714381e-09,-0.0011683669090298775,trajectory,STRAIGHT,3.72697377204895,1.6219648122787458,1.7270373575684062e-07
131,94793.328,1.6361223459243774,-1.7707890265228343e-07,-0.989811360836029,1.1680716223364553e-07,0.13878625631332397,-4.324548541490003e-08,0.00327383354306221,0.1388970994949345,5.319514188031018e-09,-0.0012044955032110317,trajectory,STRAIGHT,3.7276313304901123,1.6361223459243757,1.7707890265228343e-07
132,94793.453,1.6486142873764038,-1.809994216728228e-07,-0.9897825717926025,1.1715930724722032e-07,0.13878625631332397,-4.3876404731690855e-08,-0.003441858571022749,0.13889709949493453,5.314112631509252e-09,-0.000682950192106585,trajectory,STRAIGHT,3.7271900177001953,1.648614287376402,1.809994216728228e-07
133,94793.64,1.661939024925232,-1.8524397660257819e-07,-0.9902157783508301,1.175349285950636e-07,0.13878625631332397,-4.455012003745651e-08,-0.004787194076925516,0.13889709949493453,5.916155132237882e-09,-0.0005536630237229867,trajectory,STRAIGHT,3.7265422344207764,1.6619390249252302,1.8524397660257819e-07
134,94793.796,1.6881721019744873,-1.9379008620035165e-07,-0.9907557964324951,1.1827443312372111e-07,0.13878625631332397,-4.588438784480786e-08,0.0019125950057059526,0.1388970994949346,6.074871029471096e-09,-0.0010448855139136158,trajectory,STRAIGHT,3.7265737056732178,1.6881721019744855,1.9379008620035165e-07
135,94793.89,1.7014968395233154,-1.9822797980850737e-07,-0.9904961585998535,1.1865005447165688e-07,0.13878625631332397,-4.657111318806528e-08,0.003115421626716852,0.1388970994949346,5.607374114385538e-09,-0.001130378992121105,trajectory,STRAIGHT,3.727522611618042,1.7014968395233137,1.9822797980850737e-07
136,94794.0,1.706077218055725,-1.9976877752014843e-07,-0.990391731262207,1.1877917431001699e-07,0.13878625631332397,-4.680857301764263e-08,0.0032032127492129803,0.1388970994949346,5.823549699604904e-09,-0.0011426236488031195,trajectory,STRAIGHT,3.727522611618042,1.7060772180557233,1.9976877752014843e-07
137,94794.14,1.7285627126693726,-2.0744685969020793e-07,-0.9898651242256165,1.194130353347473e-07,0.13878625631332397,-4.798312147613615e-08,0.003254238748922944,0.13889709949493462,6.137408999235264e-09,-0.0011890237659613377,trajectory,STRAIGHT,3.7282779216766357,1.7285627126693708,2.0744685969020793e-07
138,94794.25,1.7423038482666016,-2.1223327451025398e-07,-0.9897327423095703,1.1980039484990394e-07,0.13878625631332397,-4.8712450961829745e-08,-0.0027706706896424294,0.13889709949493462,5.831652818944796e-09,-0.0007367757124550621,trajectory,STRAIGHT,3.7276628017425537,1.7423038482665998,2.1223327451025398e-07
139,94794.359,1.754795789718628,-2.166474217801806e-07,-0.9901247024536133,1.2015253986371145e-07,0.13878625631332397,-4.9377614885770527e-08,-0.004934575408697128,0.13889709949493462,6.445553726091061e-09,-0.0005440653277285379,trajectory,STRAIGHT,3.726999282836914,1.7547957897186262,2.166474217801806e-07
140,94794.468,1.7664549350738525,-2.2082129191858257e-07,-0.9904467463493347,1.2048120854328984e-07,0.13878625631332397,-4.999760960799904e-08,-0.000592090655118227,0.13889709949493464,5.862490578006421e-09,-0.0008639627040429199,trajectory,STRAIGHT,3.726339340209961,1.7664549350738508,2.2082129191858257e-07
141,94794.578,1.7797796726226807,-2.256553699453434e-07,-0.9902944564819336,1.208568298914086e-07,0.13878625631332397,-5.071209585594261e-08,0.0027303879614919424,0.13889709949493464,6.531142128480113e-09,-0.0011373754867417896,trajectory,STRAIGHT,3.726787805557251,1.7797796726226789,2.256553699453434e-07
142,94794.687,1.792271614074707,-2.3024995243758895e-07,-0.9900231957435608,1.2120897490529827e-07,0.13878625631332397,-5.138851832953151e-08,0.00316414562985301,0.13889709949493464,6.032509944690336e-09,-0.0011781844992965384,trajectory,STRAIGHT,3.7277474403381348,1.7922716140747053,2.3024995243758895e-07
143,94794.781,1.806012749671936,-2.3537457138900209e-07,-0.9897060990333557,1.2159633442060852e-07,0.13878625631332397,-5.213798104364287e-08,0.0032147911842912436,0.13889709949493467,6.738064778766281e-09,-0.001198090979161851,trajectory,STRAIGHT,3.7275869846343994,1.8060127496719343,2.3537457138900209e-07
144,94794.89,1.809760332107544,-2.367850981954689e-07,-0.989619791507721,1.217019779247898e-07,0.13878625631332397,-5.234358368966241e-08,0.0028662695549428463,0.13889709949493467,5.714828797055146e-09,-0.001200361960084061,trajectory,STRAIGHT,3.7275869846343994,1.8097603321075422,2.367850981954689e-07
145,94795.015,1.8343278169631958,-2.461707140355429e-07,-0.9902411699295044,1.2239452978559467e-07,0.13878625631332397,-5.370619504674323e-08,-0.005806441884487867,0.13889709949493467,7.0017855531647904e-09,-0.0004754761238404314,trajectory,STRAIGHT,3.726330518722534,1.834327816963194,2.461707140355429e-07
146,94795.14,1.847236156463623,-2.5119868496403797e-07,-0.9905028343200684,1.2275841296673798e-07,0.13878625631332397,-5.4420109307784514e-08,0.0009508102666586637,0.1388970994949347,6.341452691798196e-09,-0.0009794757857353442,trajectory,STRAIGHT,3.7263386249542236,1.8472361564636213,2.5119868496403797e-07
147,94795.218,1.8593116998672485,-2.559626750553434e-07,-0.9903128147125244,1.2309881981364046e-07,0.13878625631332397,-5.5095675577376824e-08,0.002868577605113387,0.1388970994949347,6.990723744032551e-09,-0.0011423981531889192,trajectory,STRAIGHT,3.727400302886963,1.8593116998672468,2.559626750553434e-07
148,94795.328,1.8626428842544556,-2.5728724040163797e-07,-0.990242063999176,1.231927251507215e-07,0.13878625631332397,-5.5283063460365156e-08,0.0030144553165882826,0.1388970994949347,5.954545416310866e-09,-0.0011544596716890588,trajectory,STRAIGHT,3.727400302886963,1.8626428842544538,2.5728724040163797e-07
149,94795.468,1.8863775730133057,-2.668556930984778e-07,-0.989700973033905,1.2386180067748034e-07,0.13878625631332397,-5.6627946776188764e-08,0.003206120803952217,0.13889709949493473,7.25370748780275e-09,-0.0011968474589417232,trajectory,STRAIGHT,3.7274012565612793,1.8863775730133021,2.668556930984778e-07
150,94795.578,1.899285912513733,-2.7215665454605187e-07,-0.9895598292350769,1.2422568385874154e-07,0.13878625631332397,-5.7370712625015585e-08,-0.0024792335461825132,0.13889709949493456,6.622984974882037e-09,-0.0007759449305607602,trajectory,STRAIGHT,3.7274012565612793,1.8992859125137294,2.7215665454605187e-07
151,94795.703,1.913027048110962,-2.7787575618276605e-07,-0.9899884462356567,1.246130433743098e-07,0.13878625631332397,-5.816375292511111e-08,-0.005038019735366106,0.13889709949493456,6.741073140960854e-09,-0.0005560094235950773,trajectory,STRAIGHT,3.7267603874206543,1.9130270481109584,2.7787575618276605e-07
152,94795.796,1.9255189895629883,-2.831431231697934e-07,-0.9904395937919617,1.2496518838849148e-07,0.13878625631332397,-5.88871849060979e-08,-0.004745213780552149,0.1388970994949346,7.450969396708197e-09,-0.0005568765221649473,trajectory,STRAIGHT,3.726107597351074,1.9255189895629847,2.831431231697934e-07
153,94795.921,1.9388437271118164,-2.8883349045827345e-07,-0.9906888604164124,1.2534080973698212e-07,0.13878625631332397,-5.965931393348001e-08,0.0008800297509878874,0.13889709949493476,6.862879587801675e-09,-0.0009557983846978135,trajectory,STRAIGHT,3.726343870162964,1.9388437271118129,2.8883349045827345e-07
154,94796.031,1.9521684646606445,-2.945982657820423e-07,-0.9904754757881165,1.2571643108550397e-07,0.13878625631332397,-6.04394045922163e-08,0.002924144035205245,0.13889709949493478,7.636387075053138e-09,-0.001129996758849997,trajectory,STRAIGHT,3.727353572845459,1.952168464660641,2.945982657820423e-07
155,94796.14,1.9650768041610718,-3.002546407060436e-07,-0.990187406539917,1.2608031426691417e-07,0.13878625631332397,-6.120130535691715e-08,0.0031862063333392143,0.13889709949493478,6.987959537853198e-09,-0.0011637894705687735,trajectory,STRAIGHT,3.7282660007476807,1.9650768041610682,3.002546407060436e-07
156,94796.265,1.9788179397583008,-3.06354053236646e-07,-0.9898707866668701,1.2646767378264102e-07,0.13878625631332397,-6.201774027658757e-08,0.003206972498446703,0.13889709949493478,7.803061409302301e-09,-0.0011812817574297163,trajectory,STRAIGHT,3.7280521392822266,1.9788179397582972,3.06354053236646e-07
157,94796.375,1.9904770851135254,-3.115929700925335e-07,-0.9897238612174988,1.2679634246267768e-07,0.13878634572029114,-6.271899621879129e-08,-0.001924436422996223,0.13889709234237743,7.064186295504127e-09,-0.0008046698459626088,trajectory,STRAIGHT,3.7274444103240967,1.9904770851135218,3.115929700925335e-07
158,94796.468,2.0042169094085693,-3.178433303219208e-07,-0.9901291728019714,1.271837019784658e-07,0.13878634572029114,-6.354786563633752e-08,-0.004963499493896961,0.13889709234237743,7.896296537129501e-09,-0.000541279221066917,trajectory,STRAIGHT,3.7267932891845703,2.004216909408566,3.178433303219208e-07
159,94796.5,2.0079634189605713,-3.1956219004314335e-07,-0.9902642965316772,1.272893454827774e-07,0.13878634572029114,-6.377396033485638e-08,-0.004755226895213127,0.1388970923423773,6.724209372046089e-09,-0.0005398379832752386,trajectory,STRAIGHT,3.7267932891845703,2.0079634189605677,3.1956219004314335e-07
160,94796.609,2.0183703899383545,-3.243687274334661e-07,-0.9903478026390076,1.2758279966143363e-07,0.13878634572029114,-6.43993161020262e-08,0.0013829268282279372,0.13889709234237732,7.361689341456112e-09,-0.0010267149757840076,trajectory,STRAIGHT,3.7263529300689697,2.018370389938351,3.243687274334661e-07
161,94796.703,2.0325238704681396,-3.3098143603638164e-07,-0.9900972247123718,1.2798189734443667e-07,0.13878634572029114,-6.526048679234009e-08,0.0029981837142258883,0.13889709234237735,7.444310152664054e-09,-0.0011588634357869677,trajectory,STRAIGHT,3.7271761894226074,2.032523870468136,3.3098143603638164e-07
162,94796.812,2.045428514480591,-3.3708755609040963e-07,-0.9898074269294739,1.283457805260289e-07,0.13878634572029114,-6.605169033946368e-08,0.003174160374328494,0.13889709234237735,8.252010967212328e-09,-0.0011874314577400736,trajectory,STRAIGHT,3.7276127338409424,2.0454285144805873,3.3708755609040963e-07
163,94796.937,2.059581995010376,-3.438697717683681e-07,-0.9898114800453186,1.2889760216843656e-07,0.1387864500284195,-6.693124987577903e-08,-0.003945956006646156,0.13889708399772713,7.591113613650677e-09,-0.0006413497395707324,trajectory,STRAIGHT,3.7271111011505127,2.0595819950103706,3.438697717683681e-07
164,94797.046,2.07331919670105,-3.505383858737332e-07,-0.9902791976928711,1.291465479502134e-07,0.1387864500284195,-6.778513039762402e-08,-0.004832379519939423,0.13889708399772716,8.48191847447346e-09,-0.0005470499761296466,trajectory,STRAIGHT,3.726475238800049,2.0733191967010445,3.505383858737332e-07
165,94797.156,2.0858075618743896,-3.566740360838594e-07,-0.9904795289039612,1.2911606570062775e-07,0.1387864500284195,-6.856007672695341e-08,0.0010789891239255667,0.13889708399772716,7.696229073966954e-09,-0.000989225400607594,trajectory,STRAIGHT,3.7266151905059814,2.0858075618743843,3.566740360838594e-07
166,94797.265,2.097879648208618,-3.626717273164104e-07,-0.9902850985527039,1.291160657344324e-07,0.1387864500284195,-6.931683316224735e-08,0.0028740623965859413,0.13889708399772716,8.512408738350844e-09,-0.0011425527799832902,trajectory,STRAIGHT,3.7266151905059814,2.097879648208613,3.626717273164104e-07
167,94797.39,2.1124494075775146,-3.699984176819271e-07,-0.9899619221687317,1.293532022551075e-07,0.1387864500284195,-7.02372844330057e-08,0.003173561068251729,0.13889708399772718,7.95260038143345e-09,-0.00118241236049046,trajectory,STRAIGHT,3.727593183517456,2.1124494075775093,3.699984176819271e-07
168,94797.484,2.1249377727508545,-3.76355728803901e-07,-0.9898278117179871,1.2961377251444645e-07,0.1387864500284195,-7.103619026338492e-08,-0.0023428380955010653,0.13889708399772718,7.893526548565407e-09,-0.0007619980308014106,trajectory,STRAIGHT,3.7278034687042236,2.124937772750849,3.76355728803901e-07
169,94797.609,2.1390912532806396,-3.8364785837075033e-07,-0.9902543425559998,1.2936259569231553e-07,0.1387864500284195,-7.194358886408736e-08,-0.004862591158598661,0.13889708399772718,8.900439699515365e-09,-0.0005390912438529682,trajectory,STRAIGHT,3.727255344390869,2.1390912532806343,3.8364785837075033e-07
170,94797.734,2.1528284549713135,-3.9081399449969467e-07,-0.9905752539634705,1.2887426817574108e-07,0.13878628611564636,-7.28226652313424e-08,0.0004198752576485276,0.13889709711074905,8.199175249004658e-09,-0.000932801535512593,trajectory,STRAIGHT,3.726614475250244,2.152828454971308,3.9081399449969467e-07
171,94797.828,2.1657330989837646,-3.9762531400810985e-07,-0.990390419960022,1.2818626388105742e-07,0.13878628611564636,-7.365563448047396e-08,0.0028215148486196995,0.13889709711074905,9.172581009264909e-09,-0.0011341744029627109,trajectory,STRAIGHT,3.7269206047058105,2.1657330989837593,3.9762531400810985e-07
172,94797.937,2.171144723892212,-4.005048026556324e-07,-0.9902753829956055,1.278810715803361e-07,0.13878628611564636,-7.400704760129884e-08,0.0030445875599980354,0.13889709711074905,7.728087461286478e-09,-0.001151796317331143,trajectory,STRAIGHT,3.7269206047058105,2.171144723892205,4.005048026556324e-07
173,94798.046,2.191542387008667,-4.1148189211526187e-07,-0.9898108839988708,1.2673073136998757e-07,0.13878628611564636,-7.533966339678955e-08,0.0031926974188536406,0.13889709711074905,9.292546131803578e-09,-0.0011868700558763223,trajectory,STRAIGHT,3.7279160022735596,2.19154238700866,4.1148189211526187e-07
174,94798.171,2.2061121463775635,-4.194432676740689e-07,-0.9897624850273132,1.2590905979122808e-07,0.13878628611564636,-7.630519149870452e-08,-0.0036813514307141304,0.13889709711074913,8.564122567744144e-09,-0.0006648160415896952,trajectory,STRAIGHT,3.727339029312134,2.2061121463775564,4.194432676740689e-07
175,94798.296,2.219433069229126,-4.2681111267484084e-07,-0.9902167916297913,1.2515781720497754e-07,0.13878628611564636,-7.718853112237412e-08,-0.004941364284604788,0.13889709711074916,8.54332810147543e-09,-0.0005434250925366057,trajectory,STRAIGHT,3.726694345474243,2.219433069229119,4.2681111267484084e-07
176,94798.484,2.2327539920806885,-4.3426373963484366e-07,-0.9905045628547668,1.244065746187692e-07,0.13878628611564636,-7.807046387142691e-08,0.0006058884900994599,0.13889709711074916,9.590649016358832e-09,-0.0009728167532641664,trajectory,STRAIGHT,3.7262861728668213,2.2327539920806814,4.3426373963484366e-07
177,94798.625,2.258979558944702,-4.4918510866409633e-07,-0.9900190234184265,1.2292756577729475e-07,0.13878628611564636,-7.982920635640767e-08,0.0031611165031790733,0.13889709711074916,9.713611630394952e-09,-0.001168924100601878,trajectory,STRAIGHT,3.7279322147369385,2.258979558944695,4.4918510866409633e-07
178,94798.734,2.2731330394744873,-4.573766432258708e-07,-0.9896949529647827,1.2212937052958283e-07,0.13878628611564636,-8.078767166352918e-08,0.0031882394105196,0.13889709711074916,8.890832821736814e-09,-0.0012086196046722775,trajectory,STRAIGHT,3.7275757789611816,2.2731330394744784,4.573766432258708e-07
179,94798.859,2.285621404647827,-4.646860247703444e-07,-0.9896577000617981,1.2142508060517067e-07,0.13878628611564636,-8.164447251601814e-08,-0.00345166795887053,0.13889709711074916,8.832735901228688e-09,-0.0006935210036327843,trajectory,STRAIGHT,3.726956605911255,2.2856214046478183,4.646860247703444e-07
180,94798.953,2.2985260486602783,-4.7232052224899235e-07,-0.9900871515274048,1.2069731434998373e-07,0.13878628611564636,-8.252931138486019e-08,-0.0049568889662623405,0.13889709711074916,9.886515792481106e-09,-0.000551630749761105,trajectory,STRAIGHT,3.7263081073760986,2.2985260486602694,4.7232052224899235e-07
181,94799.062,2.3101818561553955,-4.792865979652561e-07,-0.990352213382721,1.2003997708726827e-07,0.13878628611564636,-8.332618506301515e-08,0.00022583793906960636,0.13889709711074916,8.901144597831746e-09,-0.0009357726644291409,trajectory,STRAIGHT,3.7263243198394775,2.3101818561553866,4.792865979652561e-07
182,94799.171,2.3226702213287354,-4.868248879574821e-07,-0.9901846051216125,1.1933568716296608e-07,0.13878628611564636,-8.418712837965359e-08,0.0027551164384931326,0.13889709711074916,9.934668249352654e-09,-0.001146495357438443,trajectory,STRAIGHT,3.7263243198394775,2.3226702213287265,4.868248879574821e-07
183,94799.281,2.335991144180298,-4.949514504914987e-07,-0.9898954629898071,1.1858425273054596e-07,0.13878628611564636,-8.511257476584433e-08,0.0031447908841073513,0.13889709711074916,9.171400288376268e-09,-0.0011878468084221038,trajectory,STRAIGHT,3.7273011207580566,2.335991144180289,4.949514504914987e-07
184,94799.39,2.3484795093536377,-5.026511757932894e-07,-0.9898161292076111,1.1787974964349966e-07,0.13878628611564636,-8.599111112062019e-08,-0.002978974487632513,0.13889709711074918,9.17573167744333e-09,-0.0007146097566011999,trajectory,STRAIGHT,3.7275328636169434,2.348479509353627,5.026511757932894e-07
185,94799.5,2.361384153366089,-5.106907110530301e-07,-0.9902268648147583,1.1715176312025744e-07,0.13878628611564636,-8.689917763149424e-08,-0.004884755238890648,0.13889709711074918,1.0267317456634733e-08,-0.0005416105161431882,trajectory,STRAIGHT,3.7269887924194336,2.361384153366078,5.106907110530301e-07
186,94799.609,2.37428879737854,-5.188146587897791e-07,-0.9905316829681396,1.164237765970548e-07,0.13878628611564636,-8.780492066762235e-08,0.00025647031725384295,0.13889709711074916,9.352469704118957e-09,-0.0009231143571967537,trajectory,STRAIGHT,3.7264363765716553,2.3742887973785294,5.188146587897791e-07
187,94799.734,2.387193441390991,-5.27023132690374e-07,-0.9903538823127747,1.1569579007389174e-07,0.13878628611564636,-8.871792545050994e-08,0.002795898588374257,0.13889709711074916,1.0459435223225954e-08,-0.0011351586516546363,trajectory,STRAIGHT,3.727139472961426,2.3871934413909806,5.27023132690374e-07
188,94799.828,2.4005143642425537,-5.355857979338907e-07,-0.9900624752044678,1.1494432011453913e-07,0.13878628611564636,-8.966755871142595e-08,0.0031574920285493135,0.13889709711074913,9.534150283150832e-09,-0.0011730785914056074,trajectory,STRAIGHT,3.7279739379882812,2.400514364242543,5.355857979338907e-07
189,94799.937,2.4142515659332275,-5.445118063107657e-07,-0.9897472262382507,1.1416936671900094e-07,0.13878628611564636,-9.065244199746303e-08,0.0031907749362289906,0.13889709711074913,1.0730237343292738e-08,-0.0011915036723308336,trajectory,STRAIGHT,3.7276604175567627,2.414251565933215,5.445118063107657e-07
190,94800.062,2.4271562099456787,-5.529860231945349e-07,-0.9896986484527588,1.1344138019596048e-07,0.13878628611564636,-9.158925706742593e-08,-0.00341731496155262,0.13889709711074918,9.653281596784402e-09,-0.0006919262770376065,trajectory,STRAIGHT,3.7270429134368896,2.4271562099456663,5.529860231945349e-07
191,94800.156,2.440477132797241,-5.618251748273906e-07,-0.9901395440101624,1.1268991023673441e-07,0.13878628611564636,-9.255576571831625e-08,-0.004927751142531633,0.13889709711074918,1.083046456489264e-08,-0.0005490466046891072,trajectory,STRAIGHT,3.7263920307159424,2.4404771327972288,5.618251748273906e-07
192,94800.265,2.452965497970581,-5.701960503756709e-07,-0.9903832077980042,1.1198540714999829e-07,0.13878628611564636,-9.345914975256164e-08,0.0007453941507264972,0.1388970971107491,9.767484410163702e-09,-0.0009734866587664659,trajectory,STRAIGHT,3.726405382156372,2.4529654979705686,5.701960503756709e-07
193,94800.375,2.465453863143921,-5.786485530734353e-07,-0.9901942610740662,1.1128090406329922e-07,0.13878628611564636,-9.437057002514848e-08,0.0028368940111249685,0.1388970971107491,1.0886368428555136e-08,-0.0011502539837952431,trajectory,STRAIGHT,3.726405382156372,2.4654538631439067,5.786485530734353e-07
194,94800.5,2.4787747859954834,-5.877552666788688e-07,-0.9899015426635742,1.1052943410419443e-07,0.13878628611564636,-9.534957712276082e-08,0.0031559753697365522,0.13889709711074905,9.988217505990332e-09,-0.0011880135487073572,trajectory,STRAIGHT,3.727374792098999,2.478774785995469,5.877552666788688e-07
195,94800.593,2.490846872329712,-5.960897055956593e-07,-0.9897464513778687,1.0984841445379214e-07,0.13878628611564636,-9.624671548635888e-08,-0.001916036126203835,0.13889709711074905,1.1085675910027456e-08,-0.0007900071933174046,trajectory,STRAIGHT,3.727600336074829,2.4908468723296977,5.960897055956593e-07
196,94800.687,2.5033352375030518,-6.047939109521394e-07,-0.9901042580604553,1.0914391136720555e-07,0.13878628611564636,-9.717671645148585e-08,-0.004874057602137327,0.1388970971107492,1.006312531144867e-08,-0.0005551404128960568,trajectory,STRAIGHT,3.7270569801330566,2.5033352375030375,6.047939109521394e-07
197,94800.812,2.5170724391937256,-6.144650797068607e-07,-0.9903608560562134,1.0836895797200309e-07,0.13878628611564636,-9.81951870926423e-08,0.0010124576510861516,0.1388970971107492,1.132851177861072e-08,-0.0010132317333660323,trajectory,STRAIGHT,3.726419448852539,2.5170724391937096,6.144650797068607e-07
198,94800.937,2.5299770832061768,-6.236422791516816e-07,-0.9901523590087891,1.0764097144927802e-07,0.13878628611564636,-9.916059440229219e-08,0.0028976041357964277,0.1388970971107492,1.0257400243614702e-08,-0.0011474871223583981,trajectory,STRAIGHT,3.726869821548462,2.5299770832061608,6.236422791516816e-07
199,94801.046,2.5432980060577393,-6.332100497274951e-07,-0.9898573160171509,1.0688950149037752e-07,0.13878628611564636,-1.0016383100719395e-07,0.003162231994792819,0.1388970971107492,1.1502656662569335e-08,-0.0011834095006600187,trajectory,STRAIGHT,3.727656364440918,2.5432980060577233,6.332100497274951e-07
200,94801.156,2.5566189289093018,-6.428746246456285e-07,-0.989740788936615,1.061450871906449e-07,0.1387864351272583,-1.0117873472381689e-07,-0.00281512294895947,0.13889708518982025,1.0455112612042704e-08,-0.0007331600927577997,trajectory,STRAIGHT,3.727308750152588,2.5566189289092858,6.428746246456285e-07
201,94801.265,2.5703561305999756,-6.529434131152811e-07,-0.990179181098938,1.053138374222873e-07,0.1387864351272583,-1.0222631630085743e-07,-0.004962840583175421,0.13889708518982025,1.1763258107788321e-08,-0.0005394230739043736,trajectory,STRAIGHT,3.726689100265503,2.570356130599958,6.529434131152811e-07
202,94801.375,2.5845096111297607,-6.634255669268896e-07,-0.99043208360672,1.0382743179283395e-07,0.1387864351272583,-1.0330219168963595e-07,0.001157184480689466,0.13889708518982002,1.0760770362866459e-08,-0.0010022454577337768,trajectory,STRAIGHT,3.7263824939727783,2.584509611129743,6.634255669268896e-07
203,94801.5,2.598663091659546,-6.740179401276691e-07,-0.990190863609314,1.0231052256092226e-07,0.1387864351272583,-1.0438834863180091e-07,0.0029728624504059553,0.13889708518982002,1.218440709190997e-08,-0.0011595606951813964,trajectory,STRAIGHT,3.7272777557373047,2.598663091659528,6.740179401276691e-07
204,94801.609,2.611567735671997,-6.837725550212781e-07,-0.9899020195007324,1.0092745826121303e-07,0.1387864351272583,-1.0538514771951668e-07,0.003172556171193719,0.13889708518982025,1.0795411999969666e-08,-0.0011894653684226429,trajectory,STRAIGHT,3.7277820110321045,2.6115677356719775,6.837725550212781e-07
205,94801.734,2.625304937362671,-6.9425902893272e-07,-0.989891529083252,9.953732399865119e-08,0.1387864351272583,-1.0645923254060108e-07,-0.0037526418454945087,0.13889708518982025,1.2188507571538002e-08,-0.0006359740479616082,trajectory,STRAIGHT,3.727299213409424,2.6253049373626514,6.9425902893272e-07
206,94801.843,2.6386258602142334,-7.045293273222342e-07,-0.9903359413146973,9.80157678586075e-08,0.1387864351272583,-1.074995950034463e-07,-0.004786734003573656,0.13889708518982016,1.099797982200813e-08,-0.0005441711449212948,trajectory,STRAIGHT,3.726665735244751,2.638625860214214,7.045293273222342e-07
207,94801.937,2.6502816677093506,-7.135976147765177e-07,-0.9905719757080078,9.65740340492492e-08,0.13878637552261353,-1.0840716413440532e-07,0.0004884732188656926,0.13889708995819175,1.221622388318969e-08,-0.0009543860030509154,trajectory,STRAIGHT,3.7267978191375732,2.6502816677093293,7.135976147765177e-07
208,94802.046,2.663602590560913,-7.240550417009217e-07,-0.9903759360313416,9.499606077487644e-08,0.13878637552261353,-1.0945312567400833e-07,0.0028546545654535294,0.1388970899581917,1.114106631058644e-08,-0.001123601123298793,trajectory,STRAIGHT,3.7267978191375732,2.6636025905608918,7.240550417009217e-07
209,94802.171,2.676090955734253,-7.3395040089963e-07,-0.9901010394096375,9.351671083014933e-08,0.13878637552261353,-1.104403395402187e-07,0.0031597577035427094,0.13889708995819167,1.2455905697687386e-08,-0.0011617542054311325,trajectory,STRAIGHT,3.7277636528015137,2.6760909557342316,7.3395040089963e-07
210,94802.281,2.6898281574249268,-7.44938347452262e-07,-0.9897856116294861,9.188942589094654e-08,0.13878637552261353,-1.1153167633892735e-07,0.003191915340721607,0.13889708995819178,1.1330527643428644e-08,-0.0012007790669004003,trajectory,STRAIGHT,3.727969169616699,2.6898281574249037,7.44938347452262e-07
211,94802.406,2.703981637954712,-7.563726853732078e-07,-0.9896504282951355,9.019407803854419e-08,0.13878637552261353,-1.126685305052888e-07,-0.0028616623021662235,0.13889708995819178,1.2840948338581192e-08,-0.0007232520221869032,trajectory,STRAIGHT,3.727421522140503,2.703981637954689,7.563726853732078e-07
212,94802.515,2.7173025608062744,-7.67240464938368e-07,-0.9900801777839661,8.853162126792096e-08,0.13878637552261353,-1.1373964525773772e-07,-0.005028290208429098,0.13889708995819156,1.145308617067395e-08,-0.0005482226094912477,trajectory,STRAIGHT,3.726778030395508,2.7173025608062513,7.67240464938368e-07
213,94802.703,2.730623483657837,-7.782110742482473e-07,-0.9904120564460754,8.704766700677885e-08,0.13878630101680756,-1.1480732098334556e-07,0.00019224893185310066,0.13889709591865604,1.2881458617950362e-08,-0.000949271807608355,trajectory,STRAIGHT,3.726141929626465,2.730623483657812,7.782110742482473e-07
214,94802.843,2.7551839351654053,-7.987080152815906e-07,-0.9899846911430359,8.427704067761824e-08,0.13878630101680756,-1.1679654221552482e-07,0.0031347537878900766,0.13889709591865623,1.2813188229471855e-08,-0.001172594055967252,trajectory,STRAIGHT,3.7276694774627686,2.7551839351653786,7.987080152815906e-07
215,94802.953,2.768921136856079,-8.103268100967398e-07,-0.989875316619873,8.2727368324049e-08,0.13878630101680756,-1.1792543830324576e-07,-0.002924341708421707,0.1388970959186562,1.1783040070936068e-08,-0.0007121026119641415,trajectory,STRAIGHT,3.7275214195251465,2.7689211368560525,8.103268100967398e-07
216,94803.062,2.782658338546753,-8.220576432904636e-07,-0.9903112649917603,8.117769597050064e-08,0.13878630101680756,-1.1905488150887322e-07,-0.004860962741076946,0.1388970959186562,1.3293626840680102e-08,-0.0005353755107573621,trajectory,STRAIGHT,3.726925849914551,2.7826583385467245,8.220576432904636e-07
217,94803.171,2.796811819076538,-8.34260731608083e-07,-0.9905372858047485,7.958106384868475e-08,0.13878630101680756,-1.2021459383504407e-07,0.0013139140792191029,0.13889709591865618,1.199335537312252e-08,-0.001003723337401067,trajectory,STRAIGHT,3.726651191711426,2.7968118190765097,8.34260731608083e-07
218,94803.343,2.8101327419281006,-8.458543447886768e-07,-0.990307092666626,7.807835126346651e-08,0.13878630101680756,-1.2131604876230995e-07,0.002964596264064312,0.13889709591865615,1.3476300578213596e-08,-0.0011472875690948115,trajectory,STRAIGHT,3.72754168510437,2.8101327419280704,8.458543447886768e-07
219,94803.5,2.833444356918335,-8.662670438752684e-07,-0.9897794127464294,7.591092467636593e-08,0.13878630101680756,-1.191175442727399e-07,0.003190481336787343,0.13889709591865615,1.280720844955708e-08,-0.0011919255958692176,trajectory,STRAIGHT,3.7274961471557617,2.8334443569183048,8.662670438752684e-07
220,94803.609,2.8467652797698975,-8.77218781170086e-07,-0.9896636009216309,7.48588097995523e-08,0.13878630101680756,-1.0760269475440509e-07,-0.0028648758307099342,0.13889709591865596,1.0739469825373507e-08,-0.0007364603344722854,trajectory,STRAIGHT,3.7274961471557617,2.8467652797698655,8.77218781170086e-07
221,94803.718,2.86008620262146,-8.867814926816209e-07,-0.9900931715965271,7.4466734908526e-08,0.13878630101680756,-9.27849299614536e-08,-0.005022157449275255,0.13889709591865587,1.064384839542062e-08,-0.0005423992712422476,trajectory,STRAIGHT,3.7268600463867188,2.860086202621428,8.867814926816209e-07
222,94803.843,2.874239683151245,-8.955724979387014e-07,-0.9904221296310425,7.47061192439615e-08,0.13878630101680756,-7.893439146755554e-08,0.000548908778000623,0.1388970959186558,8.10510344624166e-09,-0.0009578581517044815,trajectory,STRAIGHT,3.7262094020843506,2.8742396831512114,8.955724979387014e-07
223,94803.953,2.8871443271636963,-9.021867413139262e-07,-0.990232527256012,7.492438140607369e-08,0.13878630101680756,-6.272705377341481e-08,0.0028322136495262384,0.13889709591865568,7.547534059788212e-09,-0.0011500026601780565,trajectory,STRAIGHT,3.7266314029693604,2.8871443271636625,9.021867413139262e-07
224,94804.078,2.900465250015259,-9.072807074517186e-07,-0.9899401664733887,7.499483807209827e-08,0.13878630101680756,-4.351151261516861e-08,0.0031561926007270813,0.13889709591865557,4.915832495323083e-09,-0.001184419302184435,trajectory,STRAIGHT,3.7276363372802734,2.900465250015225,9.072807074517186e-07
225,94804.171,2.9137861728668213,-9.106764764510444e-07,-0.9897878766059875,7.491983734384743e-08,0.13878630101680756,-2.8000131990779664e-08,-0.002358225407078862,0.13889709591865548,4.120866521677251e-09,-0.0007508803549300157,trajectory,STRAIGHT,3.7275893688201904,2.9137861728667875,9.106764764510444e-07
226,94804.296,2.9279396533966064,-9.12917016648862e-07,-0.9902166724205017,7.484014907903096e-08,0.13878630101680756,-1.6852512274567744e-08,-0.00489311246201396,0.1388970959186554,2.51709168417046e-09,-0.000546176144132523,trajectory,STRAIGHT,3.727005958557129,2.9279396533965727,9.12917016648862e-07
227,94804.406,2.9395954608917236,-9.140943575403071e-07,-0.9905110597610474,7.477452345592643e-08,0.13878630101680756,-1.1803478194849504e-08,-0.00016756044351495802,0.13889709591865537,2.3237998362456074e-09,-0.0009095009385851604,trajectory,STRAIGHT,3.7264297008514404,2.939595460891688,9.140943575403071e-07
228,94804.515,2.952500104904175,-9.150963933279854e-07,-0.9903509020805359,7.47018665232685e-08,0.13878630101680756,-1.0491879365304158e-08,0.0027320049703121185,0.13889709591865537,1.8726273794180415e-09,-0.0011177159374500334,trajectory,STRAIGHT,3.727090835571289,2.9525001049041393,9.150963933279854e-07
229,94804.625,2.96665358543396,-9.163114782495541e-07,-0.9900431632995605,7.462217828319375e-08,0.13878630101680756,-1.4240230328255166e-08,0.00315470271743834,0.1388970959186554,2.4066015216376175e-09,-0.0011669186962688983,trajectory,STRAIGHT,3.727931499481201,2.9666535854339244,9.163114782495541e-07
230,94804.734,2.980807065963745,-9.181860605167458e-07,-0.9897190928459167,7.454249005224888e-08,0.13878630101680756,-2.342432203761291e-08,0.003188587026670575,0.13889709591865546,3.0025144980169863e-09,-0.0012063803327158362,trajectory,STRAIGHT,3.7276203632354736,2.9808070659637096,9.181860605167458e-07
231,94804.859,2.994544267654419,-9.211657925334293e-07,-0.9897141456604004,7.446514560140444e-08,0.13878630101680756,-3.764083800206208e-08,-0.0038824076764285564,0.13889709591865554,4.546869476994042e-09,-0.0006409481157437235,trajectory,STRAIGHT,3.7270045280456543,2.9945442676543834,9.211657925334293e-07
232,94804.968,3.007032632827759,-9.253003554476891e-07,-0.9901424050331116,7.439483247160208e-08,0.13878630101680756,-5.4931231119326185e-08,-0.004931288305670023,0.13889709591865562,5.733891766523678e-09,-0.0005500732925681851,trajectory,STRAIGHT,3.7263553142547607,3.0070326328277233,9.253003554476891e-07
233,94805.062,3.01993727684021,-9.314055660070153e-07,-0.9903988838195801,7.432217557822676e-08,0.13878630101680756,-7.708131022354792e-08,0.0007583125261589885,0.13889709591865576,8.218697522838675e-09,-0.0009924174197910806,trajectory,STRAIGHT,3.726370096206665,3.0199372768401744,9.314055660070153e-07
234,94805.187,3.032841920852661,-9.396312066201062e-07,-0.9902008175849915,7.476820740342613e-08,0.13878630101680756,-9.82583827635608e-08,0.002862138906493783,0.1388970959186559,9.565261445007333e-09,-0.0011405570106896056,trajectory,STRAIGHT,3.7273507118225098,3.032841920852624,9.396312066201062e-07
235,94805.312,3.047827959060669,-9.510185350336542e-07,-0.9898689985275269,7.535977966477676e-08,0.13878630101680756,-1.103316620287842e-07,0.0031680765096098185,0.13889709591865598,1.1730965428204268e-08,-0.0011816229718121184,trajectory,STRAIGHT,3.7273507118225098,3.0478279590606316,9.510185350336542e-07
236,94805.406,3.060316324234009,-9.610022289052722e-07,-0.9897534847259521,7.585275659090493e-08,0.13878630101680756,-1.0992621213290477e-07,-0.002608975861221552,0.13889709591865598,1.068008223828688e-08,-0.0007485040404591236,trajectory,STRAIGHT,3.7276549339294434,3.0603163242339697,9.610022289052722e-07
237,94805.515,3.0648953914642334,-9.645917771194945e-07,-0.9898697137832642,7.603351480667176e-08,0.13878630101680756,-1.0738830980017156e-07,-0.0042405580170452595,0.13889709591865596,1.0854977987711008e-08,-0.0006121660151276264,trajectory,STRAIGHT,3.7276549339294434,3.0648953914641943,9.645917771194945e-07
238,94805.656,3.087374448776245,-9.801965461520012e-07,-0.9906485080718994,7.618855018677792e-08,0.13878630101680756,-8.421905306477129e-08,-0.0047876546159386635,0.13889709591865582,9.299676453859033e-09,-0.000529427162793522,trajectory,STRAIGHT,3.7264842987060547,3.0873744487762043,9.801965461520012e-07
239,94805.765,3.1006953716278076,-9.875885780274984e-07,-0.9909540414810181,7.611351694473274e-08,0.13878630101680756,-6.980528866051827e-08,0.0003462103195488453,0.13889709591865573,7.277600911245055e-09,-0.0008906594421197089,trajectory,STRAIGHT,3.726710319519043,3.1006953716277668,9.875885780274984e-07
240,94805.875,3.113600015640259,-9.934301488101482e-07,-0.9907714128494263,7.604082849147713e-08,0.13878630101680756,-5.580832507234845e-08,0.0028276843950152397,0.13889709591865565,6.846493849339327e-09,-0.0010983087997366104,trajectory,STRAIGHT,3.7276904582977295,3.113600015640218,9.934301488101482e-07
241,94805.984,3.12650465965271,-9.97968186311482e-07,-0.9904871582984924,7.596814003819756e-08,0.13878630101680756,-4.1783188464705745e-08,0.003175741294398904,0.13889709591865557,4.745228825068135e-09,-0.0011349687958031151,trajectory,STRAIGHT,3.728668451309204,3.1265046596526673,9.97968186311482e-07
242,94806.093,3.1398255825042725,-1.0012844313678215e-06,-0.9901798963546753,7.58931067960774e-08,0.13878630101680756,-2.7305514294084787e-08,0.0032089410815387964,0.13889709591865548,4.026309428705988e-09,-0.0011529878759651635,trajectory,STRAIGHT,3.7286641597747803,3.13982558250423,1.0012844313678215e-06
243,94806.218,3.153146505355835,-1.0032110822066898e-06,-0.9898726940155029,7.581807355393169e-08,0.13878630101680756,-1.2832117590733105e-08,0.003196652280166745,0.1388970959186554,2.1695352845182756e-09,-0.001193340951262003,trajectory,STRAIGHT,3.728081703186035,3.1531465053557923,1.0032110822066898e-06
244,94806.312,3.165634870529175,-1.0037538231699727e-06,-0.9897069931030273,7.574772988939692e-08,0.13878630101680756,8.108881344170982e-10,-0.0019369625952094793,0.13889709591865532,9.320537225610098e-10,-0.0008044273979334871,trajectory,STRAIGHT,3.7274324893951416,3.165634870529132,1.0037538231699727e-06
245,94806.421,3.171046495437622,-1.003607508209825e-06,-0.9898313879966736,7.57172476347582e-08,0.13878630101680756,6.720935807891237e-09,-0.004125162493437529,0.13889709591865526,4.882654635599518e-10,-0.000623151661392931,trajectory,STRAIGHT,3.7274324893951416,3.1710464954375794,1.0037538231699727e-06
246,94806.546,3.1931092739105225,-1.0006330057876767e-06,-0.9906009435653687,7.559297382734142e-08,0.13878630101680756,3.0681267304544235e-08,-0.004847721662372351,0.13889709591865512,-1.7334436046420994e-09,-0.0005286830764160521,trajectory,STRAIGHT,3.7263121604919434,3.19310927391048,1.0037538231699727e-06
247,94806.656,3.2072627544403076,-9.967241112462943e-07,-0.9908398389816284,7.551325100745227e-08,0.13878630101680756,4.594453884010363e-08,0.0012229395797476172,0.13889709591865504,-3.113186363763851e-09,-0.0009685966722977923,trajectory,STRAIGHT,3.7271080017089844,3.207262754440265,1.0037538231699727e-06
248,94806.765,3.2214162349700928,-9.912565701597487e-07,-0.9905949234962463,7.543352818753429e-08,0.13878630101680756,6.126821006091632e-08,0.0029936200007796288,0.13889709591865493,-4.7720951812026955e-09,-0.0011224968802494573,trajectory,STRAIGHT,3.728121042251587,3.221416234970052,1.0037538231699727e-06
249,94806.89,3.2347371578216553,-9.846816055869567e-07,-0.9902949929237366,7.535849494523223e-08,0.13878630101680756,7.57079732238708e-08,0.003188046393916011,0.13889709591865484,-5.76954838012964e-09,-0.0011533118877489867,trajectory,STRAIGHT,3.7285988330841064,3.2347371578216144,1.0037538231699727e-06
250,94807.078,3.2476418018341064,-9.769902362677385e-07,-0.9899975061416626,7.528580649172776e-08,0.13878630101680756,8.969447407025655e-08,0.00319804553873837,0.13889709591865476,-7.554086761870482e-09,-0.001168986158438474,trajectory,STRAIGHT,3.7281079292297363,3.2476418018340656,1.0037538231699727e-06
251,94807.203,3.272618532180786,-9.584041436028201e-07,-0.9897683262825012,7.514511916229621e-08,0.13878630101680756,1.1686179846037703e-07,-0.0039570992812514305,0.13889709591865462,-1.0171467422320072e-08,-0.0006342687606699182,trajectory,STRAIGHT,3.7274703979492188,3.272618532180747,1.0037538231699727e-06
252,94807.312,3.2859394550323486,-9.464916388424172e-07,-0.9902264475822449,7.507008591989602e-08,0.13878630101680756,1.3129992737503926e-07,-0.0049047707580029964,0.13889709591865454,-1.0754245096156585e-08,-0.0005456132621166731,trajectory,STRAIGHT,3.7268176078796387,3.2859394550323096,1.0037538231699727e-06
253,94807.437,3.2988440990448,-9.336336574961024e-07,-0.9904969334602356,7.499739746629649e-08,0.13878615200519562,1.4518349189529545e-07,0.0006134017603471875,0.13889710783958342,-1.3047582850127358e-08,-0.0009735427696851518,trajectory,STRAIGHT,3.7262046337127686,3.2988440990447625,1.0037538231699727e-06
254,94807.546,3.311748743057251,-9.194839662995946e-07,-0.9903047680854797,7.4924709012673e-08,0.13878615200519562,1.5911284378944401e-07,0.0028397266287356615,0.1388971078395833,-1.3208159143371142e-08,-0.0011292607171963487,trajectory,STRAIGHT,3.726809024810791,3.3117487430572154,1.0037538231699727e-06
255,94807.671,3.325485944747925,-9.029961915985041e-07,-0.9900023937225342,7.484733098137004e-08,0.13878615200519562,1.739671944278598e-07,0.003157947678118944,0.13889710783958323,-1.5935686546785162e-08,-0.0011698371192942893,trajectory,STRAIGHT,3.727797269821167,3.3254859447478893,1.0037538231699727e-06
256,94807.781,3.3392231464385986,-8.850377639646467e-07,-0.989687979221344,7.476995295003995e-08,0.13878615200519562,1.8882070662584738e-07,0.003182816319167614,0.13889710783958314,-1.5960885773469138e-08,-0.0012092647268236968,trajectory,STRAIGHT,3.727734088897705,3.339223146438565,1.0037538231699727e-06
257,94807.89,3.352544069290161,-8.662171353535086e-07,-0.9895394444465637,7.469491970751212e-08,0.13878615200519562,2.033064134820961e-07,-0.0025055333971977234,0.13889710783958306,-1.8895737493226155e-08,-0.0007616234882534833,trajectory,STRAIGHT,3.727149724960327,3.352544069290129,1.0037538231699727e-06
258,94808.0,3.3658649921417236,-8.460056051262654e-07,-0.9899572134017944,7.461988646495875e-08,0.13878615200519562,2.1773935543478729e-07,-0.005068901460617781,0.13889710783958298,-1.8504901005729755e-08,-0.0005559957120077885,trajectory,STRAIGHT,3.72650408744812,3.3658649921416934,1.0037538231699727e-06
259,94808.109,3.378769636154175,-8.251072358689271e-07,-0.9904240965843201,7.454719801121083e-08,0.13878615200519562,2.3167366691723146e-07,-0.004748635925352573,0.1388971078395829,-2.1606917379230014e-08,-0.0005582727957027234,trajectory,STRAIGHT,3.7259278297424316,3.3787696361541464,1.0037538231699727e-06
260,94808.14,3.382932424545288,-8.180894610632095e-07,-0.9905647039413452,7.452375009486665e-08,0.13878615200519562,2.3616620126176713e-07,-0.004553535953164101,0.13889710783958287,-1.8734276969009883e-08,-0.0005280015019211959,trajectory,STRAIGHT,3.7259278297424316,3.3829324245452597,1.0037538231699727e-06
261,94808.25,3.394171953201294,-7.984725698406692e-07,-0.990638792514801,7.423259786921114e-08,0.13878603279590607,2.4820766952871054e-07,0.001599022070877254,0.13889711737632596,-2.155008892916919e-08,-0.0010165017151717137,trajectory,STRAIGHT,3.726623058319092,3.3941719532012673,1.0037538231699727e-06
262,94808.359,3.407076597213745,-7.747422046122665e-07,-0.9904054403305054,7.377240783215434e-08,0.13878603279590607,2.621152361825807e-07,0.0029937615618109703,0.13889711737632587,-2.23819493626133e-08,-0.0011303202514022202,trajectory,STRAIGHT,3.7276525497436523,3.4070765972137185,1.0037538231699727e-06
263,94808.468,3.4203975200653076,-7.488888513762504e-07,-0.9901058077812195,7.339678654178355e-08,0.13878603279590607,2.764857356396533e-07,0.003183847526088357,0.13889711737632582,-2.5986246425637577e-08,-0.0011605087560087057,trajectory,STRAIGHT,3.7282471656799316,3.4203975200652827,1.0037538231699727e-06
264,94808.593,3.43371844291687,-7.216559083644825e-07,-0.9897989630699158,7.302116525142105e-08,0.13878603279590607,2.9085398978168087e-07,0.0031934091821312904,0.13889711737632573,-2.5046034996960087e-08,-0.001200021602252569,trajectory,STRAIGHT,3.7278006076812744,3.433718442916847,1.0037538231699727e-06
265,94808.687,3.4478719234466553,-6.912061394359625e-07,-0.989700973033905,7.262206763041997e-08,0.13878603279590607,3.062128257624863e-07,-0.0032212326768785715,0.13889711737632565,-2.918198627305573e-08,-0.0006917497553323171,trajectory,STRAIGHT,3.7271692752838135,3.447871923446634,1.0037538231699727e-06
266,94808.812,3.461609125137329,-6.60155478726665e-07,-0.9901461005210876,7.22347081747514e-08,0.13878603279590607,3.210452916846407e-07,-0.004912558943033218,0.13889711737632557,-2.7848709698388207e-08,-0.0005519653345121666,trajectory,STRAIGHT,3.7265162467956543,3.4616091251373096,1.0037538231699727e-06
267,94808.921,3.4745137691497803,-6.296543233474949e-07,-0.9903874397277832,7.187082504973748e-08,0.13878591358661652,3.348613120124355e-07,0.0008904124260880053,0.13889712691306866,-3.187951251943998e-08,-0.0010041360837070867,trajectory,STRAIGHT,3.726321220397949,3.4745137691497625,1.0037538231699727e-06
268,94809.031,3.4878346920013428,-5.968201435280207e-07,-0.9901755452156067,7.149520375940866e-08,0.13878591358661652,3.4917894708996755e-07,0.002899009035900235,0.13889712691306857,-3.029113123709341e-08,-0.00114527279936517,trajectory,STRAIGHT,3.727240800857544,3.487834692001327,1.0037538231699727e-06
269,94809.14,3.500739336013794,-5.636998139380012e-07,-0.9898899793624878,7.113132063441054e-08,0.13878591358661652,3.630700575740775e-07,0.0031589784193784,0.1388971269130685,-3.459079715929092e-08,-0.001180348642699368,trajectory,STRAIGHT,3.7276651859283447,3.5007393360137797,1.0037538231699727e-06
270,94809.25,3.5144765377044678,-5.270197220852424e-07,-0.989800751209259,7.074396117877592e-08,0.13878591358661652,3.7795271623508597e-07,-0.0031601761002093554,0.1388971269130684,-3.2982846909573594e-08,-0.0007011233374426462,trajectory,STRAIGHT,3.7276651859283447,3.5144765377044553,1.0037538231699727e-06
271,94809.375,3.528630018234253,-4.876889079241664e-07,-0.990261435508728,7.034486355782827e-08,0.13878591358661652,3.932080687718553e-07,-0.004897220991551876,0.13889712691306833,-3.446922459768764e-08,-0.0005430439275225583,trajectory,STRAIGHT,3.727163314819336,3.5286300182342423,1.0037538231699727e-06
272,94809.484,3.541534662246704,-4.5047684693599876e-07,-0.9905505180358887,6.998098043285474e-08,0.13878582417964935,4.070072066042485e-07,0.0004365067579783499,0.13889713406562565,-3.5378096906944446e-08,-0.0009350573695086639,trajectory,STRAIGHT,3.726527690887451,3.541534662246695,1.0037538231699727e-06
273,94809.593,3.554023027420044,-4.1324321387037344e-07,-0.9903737306594849,6.962883547321037e-08,0.13878582417964935,4.2039943082272657e-07,0.0027955034747719765,0.1388971340656256,-4.005503287143329e-08,-0.0011326164756723443,trajectory,STRAIGHT,3.7267520427703857,3.554023027420037,1.0037538231699727e-06
274,94809.718,3.5677602291107178,-3.708921667566756e-07,-0.9900728464126587,6.924147601760996e-08,0.13878582417964935,4.35159790868056e-07,0.0031598983332514763,0.13889713406562548,-3.8145254797791186e-08,-0.0011718809081256443,trajectory,STRAIGHT,3.727735757827759,3.5677602291107124,1.0037538231699727e-06
275,94809.828,3.580664873123169,-3.2977666819533624e-07,-0.9897767901420593,6.887759289266005e-08,0.13878582417964935,4.490254923439352e-07,0.0031902228947728872,0.13889713406562543,-4.3245328396969045e-08,-0.0011891096865773254,trajectory,STRAIGHT,3.727916717529297,3.5806648731231636,1.0037538231699727e-06
276,94809.953,3.5939857959747314,-2.859798655663326e-07,-0.9896432161331177,6.850197160239731e-08,0.13878582417964935,4.634230492683855e-07,-0.0026655923575162888,0.13889713406562554,-4.056414292051375e-08,-0.0007535374217200052,trajectory,STRAIGHT,3.7273647785186768,3.593985795974728,1.0037538231699727e-06
277,94810.046,3.6068904399871826,-2.422337956886622e-07,-0.9900503158569336,6.813808847746321e-08,0.13878582417964935,4.773154955728387e-07,-0.005017862655222416,0.13889713406562548,-4.59303523940499e-08,-0.0005450008117127192,trajectory,STRAIGHT,3.7267215251922607,3.606890439987181,1.0037538231699727e-06
278,94810.078,3.6118857860565186,-2.24953524252669e-07,-0.9902321696281433,6.799723049361984e-08,0.13878582417964935,4.826746362596168e-07,-0.004785825498402119,0.13889713406562545,-3.9538981142097795e-08,-0.0005424593916900488,trajectory,STRAIGHT,3.7267215251922607,3.611885786056517,1.0037538231699727e-06
279,94810.187,3.622709035873413,-1.8685545910557266e-07,-0.9903126358985901,6.769203819529655e-08,0.13878574967384338,4.941958877680008e-07,0.0014832630986347795,0.13889714002608988,-4.417024513040883e-08,-0.0010399631659306619,trajectory,STRAIGHT,3.7261242866516113,3.6227090358734113,1.0037538231699727e-06
280,94810.312,3.6360299587249756,-1.3872697479655471e-07,-0.9900758266448975,6.731641690506e-08,0.13878574967384338,5.084660301690747e-07,0.002977674826979637,0.1388971400260898,-4.461549228493838e-08,-0.001159836952731964,trajectory,STRAIGHT,3.726781129837036,3.6360299587249756,1.0037538231699727e-06
281,94810.421,3.6501834392547607,-8.608827783973538e-08,-0.9897586703300476,6.691731928419276e-08,0.13878574967384338,5.236434503785858e-07,0.003171349875628948,0.13889714002608955,-4.627775104048089e-08,-0.0012015880968430025,trajectory,STRAIGHT,3.7275898456573486,3.6501834392547607,1.0037538231699727e-06
282,94810.531,3.6639206409454346,-3.351445343469095e-08,-0.9896343350410461,6.652995982865409e-08,0.13878574967384338,5.3846395076107e-07,-0.002875481266528368,0.1388971400260895,-5.259549306461193e-08,-0.0007240583699204906,trajectory,STRAIGHT,3.7272427082061768,3.6639206409454346,1.0037538231699727e-06
283,94810.64,3.6780741214752197,2.2186291914749745e-08,-0.9900937080383301,6.613086220780531e-08,0.13878574967384338,5.536664957617177e-07,-0.0050365254282951355,0.13889714002608944,-4.899564454368184e-08,-0.0005475940039782667,trajectory,STRAIGHT,3.7266249656677246,3.6780741214752197,1.0037538231699727e-06
284,94810.765,3.6913950443267822,7.602147888974287e-08,-0.9903760552406311,6.575524091760323e-08,0.1387857049703598,5.678516004081757e-07,0.0007067881524562836,0.13889714360236805,-4.9956421554698484e-08,-0.0009727686636883026,trajectory,STRAIGHT,3.7260890007019043,3.6913950443267822,1.0037538231699727e-06
285,94810.875,3.703883409500122,1.2772927959758817e-07,-0.9901884198188782,6.540309595804631e-08,0.1387857049703598,5.811950813949807e-07,0.0028321321588009596,0.138897143602368,-5.082333312946554e-08,-0.0011397788613883464,trajectory,STRAIGHT,3.7268359661102295,3.703883409500122,1.0037538231699727e-06
286,94811.0,3.7167880535125732,1.8242383248434635e-07,-0.9899054169654846,6.50392128331785e-08,0.1387857049703598,5.95007236370293e-07,0.0031536039896309376,0.13889714360236793,-5.728193628744863e-08,-0.0011796467505244225,trajectory,STRAIGHT,3.727672815322876,3.7167880535125715,1.0037538231699727e-06
287,94811.093,3.7309415340423584,2.438915771563188e-07,-0.9897873401641846,6.464011521236465e-08,0.1387857049703598,6.102487191128603e-07,-0.0029717208817601204,0.13889714360236788,-5.4117584056205376e-08,-0.0007161923748693688,trajectory,STRAIGHT,3.7273452281951904,3.7309415340423566,1.0037538231699727e-06
288,94811.218,3.744262456893921,3.031629205452191e-07,-0.9902036190032959,6.42644939221955e-08,0.1387857049703598,6.245292070161668e-07,-0.004825154319405556,0.13889714360236782,-6.10686911658861e-08,-0.0005471037579021674,trajectory,STRAIGHT,3.726729154586792,3.7442624568939173,1.0037538231699727e-06
289,94811.343,3.758415937423706,3.676343851566344e-07,-0.9904300570487976,6.386539630139986e-08,0.1387857049703598,6.395740683728945e-07,0.0013072930742055178,0.13889714360236774,-5.677368208067342e-08,-0.0010132822984232025,trajectory,STRAIGHT,3.7264928817749023,3.7584159374237007,1.0037538231699727e-06
290,94811.546,3.783808946609497,4.871591272603837e-07,-0.9899307489395142,6.314936821705467e-08,0.1387857049703598,6.666905960628355e-07,0.003167583141475916,0.13889714360236766,-7.067248383504002e-08,-0.0011870709092690068,trajectory,STRAIGHT,3.72776198387146,3.7838089466094864,1.0037538231699727e-06
291,94811.671,3.7979624271392822,5.559379587793956e-07,-0.9898495078086853,6.275027059628516e-08,0.1387857049703598,6.81910364619398e-07,-0.0032963415142148733,0.1388971436023676,-6.060528184272072e-08,-0.0006860019048713704,trajectory,STRAIGHT,3.72776198387146,3.797962427139268,1.0037538231699727e-06
292,94811.781,3.8108670711517334,6.199996960276621e-07,-0.9902690649032593,6.238638747147409e-08,0.1387857049703598,6.957168352528242e-07,-0.004852707497775555,0.13889714360236755,-6.800363265693864e-08,-0.0005405147714578173,trajectory,STRAIGHT,3.727247476577759,3.8108670711517156,1.0037538231699727e-06
293,94811.89,3.824187994003296,6.874704467918491e-07,-0.9905845522880554,6.201076618135469e-08,0.1387857049703598,7.098617516021477e-07,0.0002804027171805501,0.13889714360236746,-6.27273523803331e-08,-0.0009205322937338367,trajectory,STRAIGHT,3.7266085147857666,3.8241879940032746,1.0037538231699727e-06
294,94812.015,3.8375089168548584,7.562987320852699e-07,-0.9903974533081055,6.163514489124358e-08,0.1387857049703598,7.240408308462065e-07,0.0028271751943975687,0.1388971436023674,-7.062951225065134e-08,-0.0011336290409086958,trajectory,STRAIGHT,3.7268283367156982,3.8375089168548335,1.0037538231699727e-06
295,94812.109,3.8499972820281982,8.220631002586742e-07,-0.9901235699653625,6.128299993177194e-08,0.1387857049703598,7.373600396931579e-07,0.003156779333949089,0.13889714360236738,-6.477307670078086e-08,-0.0011680534458491532,trajectory,STRAIGHT,3.727806806564331,3.849997282028168,1.0037538231699727e-06
296,94812.234,3.8629019260406494,8.912791145121446e-07,-0.9898273944854736,6.091911680699226e-08,0.1387857049703598,7.511234798585065e-07,0.0031928836833685637,0.13889714360236735,-7.268524564789731e-08,-0.001185750567797157,trajectory,STRAIGHT,3.727980852127075,3.862901926040614,1.0037538231699727e-06
297,94812.343,3.874974012374878,9.571901955496287e-07,-0.9896875023841858,6.057871001285054e-08,0.1387857049703598,7.640765602445754e-07,-0.002195162931457162,0.13889714360236727,-6.693746438414474e-08,-0.000786735206397412,trajectory,STRAIGHT,3.7274272441864014,3.874974012374837,1.0037538231699727e-06
298,94812.453,3.887878656387329,1.028893279908516e-06,-0.9900755286216736,6.021482688808593e-08,0.1387857049703598,7.778736517138896e-07,-0.00497812032699585,0.13889714360236724,-7.510192615950549e-08,-0.0005446973028799273,trajectory,STRAIGHT,3.7267842292785645,3.887878656387281,1.028893279908516e-06
299,94812.562,3.9007833003997803,1.1018748864444206e-06,-0.990437924861908,5.985094376332907e-08,0.1387857049703598,7.915555215731729e-07,-0.00044174649519845843,0.13889714360236743,-6.984446212079428e-08,-0.0008785907480799516,trajectory,STRAIGHT,3.726242780685425,3.900783300399725,1.1018748864444206e-06
300,94812.656,3.9149367809295654,1.1833808457595296e-06,-0.9902648329734802,5.945179640464545e-08,0.1387857049703598,8.065825909397972e-07,0.002778954105451703,0.13889714360236738,-7.907811064274155e-08,-0.0011449013905533512,trajectory,STRAIGHT,3.726980686187744,3.9149367809295015,1.1833808457595296e-06
301,94812.781,3.9286739826202393,1.263957983610453e-06,-0.9899650812149048,5.9064319709725364e-08,0.1387857049703598,8.2120357092208e-07,0.003153434954583645,0.13889714360236735,-7.297833128214839e-08,-0.001181534268829598,trajectory,STRAIGHT,3.7277936935424805,3.9286739826201664,1.263957983610453e-06
302,94812.953,3.9407460689544678,1.3359665445022983e-06,-0.9899123311042786,5.8723809886924075e-08,0.1387857049703598,8.341473858308746e-07,-0.003111391793936491,0.13889714360236732,-8.111399808834926e-08,-0.0006829856344792983,trajectory,STRAIGHT,3.727447986602783,3.940746068954388,1.3359665445022983e-06
303,94813.109,3.9669716358184814,1.4962658951844787e-06,-0.9908406734466553,5.798408165120682e-08,0.1387857049703598,8.620755238553102e-07,-0.004958575591444969,0.13889714360236724,-8.412614868011002e-08,-0.0005042737040593104,trajectory,STRAIGHT,3.7268292903900146,3.96697163581838,1.4962658951844787e-06
304,94813.203,3.9798762798309326,1.5770764321132447e-06,-0.9911584854125977,5.762008839237363e-08,0.1387857049703598,8.757207297094283e-07,0.00010796326387207955,0.13889714360236718,-7.738820850384126e-08,-0.0008529386635399582,trajectory,STRAIGHT,3.7268710136413574,3.979876279830819,1.5770764321132447e-06
305,94813.312,3.984039068222046,1.6034147165555623e-06,-0.9911311268806458,5.750267121210651e-08,0.1387857049703598,8.801240483080619e-07,0.001566236256621778,0.13889714360236718,-8.034007876150137e-08,-0.0009709684295575294,trajectory,STRAIGHT,3.7268710136413574,3.9840390682219287,1.6034147165555623e-06
306,94813.453,4.007350921630859,1.7533567415739526e-06,-0.9906634092330933,5.684513500262565e-08,0.1387857049703598,9.048724223248428e-07,0.0031909679528325796,0.1388971436023671,-8.655458275062175e-08,-0.0011115777738403476,trajectory,STRAIGHT,3.7289252281188965,4.007350921630719,1.7533567415739526e-06
307,94813.578,4.021920680999756,1.8491825812816387e-06,-0.9903260469436646,5.6434174871712996e-08,0.1387857049703598,9.203474178320903e-07,0.00321453670039773,0.13889714360236707,-8.246047760991883e-08,-0.0011508709046455568,trajectory,STRAIGHT,3.7291390895843506,4.0219206809995995,1.8491825812816387e-06
308,94813.703,4.03565788269043,1.941020855156239e-06,-0.9900084733963013,5.60466981768616e-08,0.1387857049703598,9.349333822683548e-07,0.0031990506686270237,0.13889714360236705,-8.324047937832896e-08,-0.0011803257451647486,trajectory,STRAIGHT,3.728585720062256,4.035657882690257,1.941020855156239e-06
309,94813.812,4.048978805541992,2.0314550965849776e-06,-0.9897021651268005,5.567096320004441e-08,0.1387857049703598,9.49072273215279e-07,0.0031815303955227137,0.138897143602367,-8.423936693190064e-08,-0.0012081855727369682,trajectory,STRAIGHT,3.727937698364258,4.048978805541804,2.0314550965849776e-06
310,94813.921,4.061883449554443,2.1203597952990094e-06,-0.9895632266998291,5.530696994126068e-08,0.1387857049703598,9.628497537050862e-07,-0.0025036437436938286,0.13889714360236696,-9.412879047825395e-08,-0.0007603185629482167,trajectory,STRAIGHT,3.727281093597412,4.061883449554237,2.1203597952990094e-06
311,94814.046,4.0760369300842285,2.2193407858139835e-06,-0.9900139570236206,5.490775152841004e-08,0.1387857049703598,9.779004130905378e-07,-0.005114087834954262,0.13889714360236693,-8.740286379789948e-08,-0.0005484992387732091,trajectory,STRAIGHT,3.7266268730163574,4.076036930084003,2.2193407858139835e-06
312,94814.171,4.090190410614014,2.3198515464173397e-06,-0.9903528094291687,5.450853311556877e-08,0.1387857049703598,9.928223789756885e-07,0.0004983548424206674,0.1388971436023669,-8.875459557526313e-08,-0.0009607585034404053,trajectory,STRAIGHT,3.7259957790374756,4.090190410613767,2.3198515464173397e-06
313,94814.281,4.1039276123046875,2.418861413389095e-06,-0.9901489615440369,5.41210564207612e-08,0.1387857049703598,1.0073459861814626e-06,0.00286154099740088,0.13889714360236688,-8.977467241790756e-08,-0.0011451253069216182,trajectory,STRAIGHT,3.7265541553497314,4.103927612304419,2.418861413389095e-06
314,94814.39,4.116415977478027,2.51011965701764e-06,-0.9898746609687805,5.376880488003469e-08,0.1387857049703598,1.02057208550832e-06,0.0031456693541258574,0.13889714360236682,-9.986060601912898e-08,-0.0011815706042224339,trajectory,STRAIGHT,3.7275500297546387,4.116415977477738,2.51011965701764e-06
315,94814.515,4.131402015686035,2.6212048851448344e-06,-0.9897969365119934,5.33461030311725e-08,0.1387857049703598,1.0365429261582904e-06,-0.003494484117254615,0.1388971436023668,-9.331744792534081e-08,-0.0006752421282466947,trajectory,STRAIGHT,3.727410316467285,4.131402015685719,2.6212048851448344e-06
316,94814.64,4.145139217376709,2.7245466753811343e-06,-0.9902540445327759,5.295862633639139e-08,0.1387857049703598,1.0511071195651311e-06,-0.004888265393674374,0.13889714360236677,-9.37232585630092e-08,-0.000544297444101699,trajectory,STRAIGHT,3.7268178462982178,4.145139217376368,2.7245466753811343e-06
317,94814.765,4.159292697906494,2.832522341122967e-06,-0.9904991984367371,5.2559407923595834e-08,0.1387857049703598,1.065995093085803e-06,0.0011856635101139545,0.13889714360236674,-1.0560253220099038e-07,-0.001017954061206706,trajectory,STRAIGHT,3.7263596057891846,4.159292697906125,2.832522341122967e-06
318,94814.875,4.172613620758057,2.93553466690355e-06,-0.9902744889259338,5.2183672946855615e-08,0.1387857049703598,1.0800613381434232e-06,0.002943140920251608,0.1388971436023667,-9.601966483668453e-08,-0.0011389483535238156,trajectory,STRAIGHT,3.7271628379821777,4.172613620757659,2.93553466690355e-06
319,94815.0,4.185518264770508,3.036616817553295e-06,-0.9899868965148926,5.181967968814645e-08,0.1387857049703598,1.0937055776594207e-06,0.0031681149266660213,0.13889714360236669,-9.692604403778698e-08,-0.0011811938667200704,trajectory,STRAIGHT,3.7279441356658936,4.1855182647700815,3.036616817553295e-06
320,94815.109,4.19883918762207,3.1422930533153703e-06,-0.9898333549499512,5.1443944711422565e-08,0.1387857049703598,1.1078703892053454e-06,-0.0023343537468463182,0.13889714360236666,-1.0852540756222992e-07,-0.0007486734510861537,trajectory,STRAIGHT,3.7275874614715576,4.198839187621614,3.1422930533153703e-06
321,94815.218,4.212160110473633,3.249329211030272e-06,-0.9902330636978149,5.1068209734706977e-08,0.1387857049703598,1.1219862017242122e-06,-0.004864837042987347,0.13889714360236666,-9.978990784438258e-08,-0.000545621461869593,trajectory,STRAIGHT,3.7269675731658936,4.212160110473144,3.249329211030272e-06
322,94815.328,4.226313591003418,3.3645337680354714e-06,-0.9905356764793396,5.066899132195575e-08,0.1387857049703598,1.136854621108796e-06,0.0007436233572661877,0.13889714360236663,-1.1239316525665597e-07,-0.000979167654813643,trajectory,STRAIGHT,3.726560592651367,4.226313591002892,3.3645337680354714e-06
323,94815.453,4.240467071533203,3.4812553622032283e-06,-0.990311861038208,5.026977290921388e-08,0.1387857049703598,1.1517685152284685e-06,0.0029235980473458767,0.1388971436023666,-1.0314443149881576e-07,-0.001133914408543355,trajectory,STRAIGHT,3.727383852005005,4.24046707153264,3.4812553622032283e-06
324,94815.562,4.254204273223877,3.596000851757708e-06,-0.9900060296058655,4.988229621450279e-08,0.1387857049703598,1.1662664292089175e-06,0.0031707524321973324,0.13889714360236624,-1.0411475533464713e-07,-0.0011788070405910932,trajectory,STRAIGHT,3.7279889583587646,4.254204273223275,3.596000851757708e-06
325,94815.687,4.267941474914551,3.7121810692042345e-06,-0.9896913170814514,4.9494819519800515e-08,0.1387857049703598,1.18076218313945e-06,0.0031861390452831984,0.1388971436023662,-1.167905320750827e-07,-0.0011957735958586656,trajectory,STRAIGHT,3.7275421619415283,4.2679414749139095,3.7121810692042345e-06
326,94815.796,4.281678676605225,3.829801244137343e-06,-0.9896664619445801,4.9107342825107063e-08,0.1387857049703598,1.1953568446188e-06,-0.003764543915167451,0.13889714360236616,-1.067391258706008e-07,-0.0006682125004435291,trajectory,STRAIGHT,3.72691011428833,4.281678676604541,3.829801244137343e-06
327,94816.0,4.294999599456787,3.945233402191661e-06,-0.9901198744773865,4.8731607848443045e-08,0.1387857049703598,1.2094212706870167e-06,-0.004947020206600428,0.13889714360236616,-1.193096951511705e-07,-0.0005509437704885711,trajectory,STRAIGHT,3.726261854171753,4.294999599456061,3.945233402191661e-06
328,94816.14,4.319976329803467,4.165299742453499e-06,-0.9907564520835876,4.8027104767220365e-08,0.1387857049703598,1.2356543948044418e-06,0.0011833470780402422,0.1388971436023661,-1.2013534125048244e-07,-0.0009907244534212512,trajectory,STRAIGHT,3.7263221740722656,4.319976329802655,4.165299742453499e-06
329,94816.25,4.333713531494141,4.28834619015106e-06,-0.9905222058296204,4.7639628072560325e-08,0.1387857049703598,1.2500986485974863e-06,0.002973536029458046,0.1388971436023661,-1.1167940952083281e-07,-0.0011176969903604948,trajectory,STRAIGHT,3.727307081222534,4.333713531493279,4.28834619015106e-06
330,94816.359,4.3474507331848145,4.412824637256563e-06,-0.9902135133743286,4.725215137805665e-08,0.1387857049703598,1.264561205971404e-06,0.0031877413857728243,0.13889714360236607,-1.2518543430111304e-07,-0.0011502680416302646,trajectory,STRAIGHT,3.728311061859131,4.3474507331839,4.412824637256563e-06
331,94816.484,4.360771656036377,4.534898380370578e-06,-0.9899064898490906,4.687641640161523e-08,0.1387857049703598,1.278583340535988e-06,0.003198046935722232,0.13889714360236607,-1.138735622242494e-07,-0.0011902864624562491,trajectory,STRAIGHT,3.728288412094116,4.360771656035411,4.534898380370578e-06
332,94816.609,4.374925136566162,4.666079348680796e-06,-0.9897688031196594,4.6477197989155355e-08,0.1387857049703598,1.293565674131969e-06,-0.0027916093822568655,0.13889714360236605,-1.28089506750494e-07,-0.000717998293489479,trajectory,STRAIGHT,3.727705478668213,4.374925136565137,4.666079348680796e-06
333,94816.703,4.387829780578613,4.787016678164946e-06,-0.9901753067970276,4.611320473074426e-08,0.1387857049703598,1.3071713738099788e-06,-0.004929559305310249,0.13889714360236605,-1.1605954778807987e-07,-0.0005461662775990018,trajectory,STRAIGHT,3.7270572185516357,4.387829780577533,4.787016678164946e-06
334,94816.828,4.401150703430176,4.913176780974027e-06,-0.990450382232666,4.573746975432811e-08,0.1387857049703598,1.321094259765232e-06,0.0007355858106166124,0.13889714360236602,-1.2969554552126237e-07,-0.0009856241150912293,trajectory,STRAIGHT,3.7264087200164795,4.401150703429037,4.913176780974027e-06
335,94816.953,4.415304183959961,5.048687398812035e-06,-0.9902275204658508,4.5338251341895084e-08,0.1387857049703598,1.335938918600732e-06,0.002917976351454854,0.13889714360236602,-1.1981869993088504e-07,-0.0011414273429010001,trajectory,STRAIGHT,3.7268612384796143,4.415304183958757,5.048687398812035e-06
336,94817.062,4.428625106811523,5.177611910767155e-06,-0.9899317026138306,4.496251636549613e-08,0.1387857049703598,1.3499321767085348e-06,0.0031640133820474148,0.138897143602366,-1.2029034525090056e-07,-0.0011856880276040636,trajectory,STRAIGHT,3.727785110473633,4.428625106810255,5.177611910767155e-06
337,94817.187,4.443611145019531,5.324262019712478e-06,-0.9898718595504761,4.453981451705728e-08,0.1387857049703598,1.3657727322424762e-06,-0.0036005359143018723,0.138897143602366,-1.3611883914288474e-07,-0.0006475162370638454,trajectory,STRAIGHT,3.727572441101074,4.443611145018188,5.324262019712478e-06
338,94817.312,4.456515789031982,5.4519132390851155e-06,-0.9903067350387573,4.417582125868783e-08,0.1387857049703598,1.3793410289508756e-06,-0.004901472944766283,0.138897143602366,-1.2252851980308425e-07,-0.0005373161181718034,trajectory,STRAIGHT,3.72697114944458,4.456515789030572,5.4519132390851155e-06
339,94817.421,4.470252990722656,5.589182364929002e-06,-0.9906363487243652,4.378834456430314e-08,0.1387857049703598,1.3936820550952689e-06,0.0002886698057409376,0.138897143602366,-1.373086160004634e-07,-0.0009360468539319855,trajectory,STRAIGHT,3.726480484008789,4.470252990721173,5.589182364929002e-06
340,94817.546,4.483573913574219,5.723647518607322e-06,-0.9904485940933228,4.341260958793858e-08,0.1387857049703598,1.4076204024604522e-06,0.0028275030199438334,0.13889714360236594,-1.2547874049461972e-07,-0.0011149691973808195,trajectory,STRAIGHT,3.727266311645508,4.483573913572661,5.723647518607322e-06
341,94817.671,4.496894836425781,5.859452357981354e-06,-0.9901557564735413,4.303687461158236e-08,0.1387857049703598,1.421585920979851e-06,0.0031622492242604494,0.13889714360236632,-1.267346227908931e-07,-0.0011646358973181358,trajectory,STRAIGHT,3.7281622886657715,4.496894836424147,5.859452357981354e-06
342,94817.781,4.510632038116455,6.000905159453396e-06,-0.9898402690887451,4.2649397917223746e-08,0.1387857049703598,1.4359877695824252e-06,0.0031917334999889135,0.13889714360236632,-1.284534355657245e-07,-0.001195628782377357,trajectory,STRAIGHT,3.727914571762085,4.510632038114739,6.000905159453396e-06
343,94817.906,4.523536682128906,6.135085641290061e-06,-0.9896657466888428,4.228540465889494e-08,0.1387857049703598,1.4495888081000885e-06,-0.0019540968351066113,0.13889714360236632,-1.4287314108532395e-07,-0.0007926884755648321,trajectory,STRAIGHT,3.7273049354553223,4.52353668212711,6.135085641290061e-06
344,94818.0,4.537690162658691,6.283706170506775e-06,-0.9900870323181152,4.188618624654331e-08,0.1387857049703598,1.4644621160186944e-06,-0.005004141014069319,0.13889714360236632,-1.3145476051884133e-07,-0.0005491391210281837,trajectory,STRAIGHT,3.726656913757324,4.537690162656805,6.283706170506775e-06
345,94818.046,4.541020393371582,6.318895884760423e-06,-0.9902085065841675,4.1792252502461945e-08,0.1387857049703598,1.4679505966341821e-06,-0.005020464770495892,0.13889714360236632,-1.352306751165657e-07,-0.0005417595072114456,trajectory,STRAIGHT,3.726656913757324,4.5410203933696724,6.318895884760423e-06
346,94818.156,4.553925037384033,6.456041319324868e-06,-0.9902849793434143,4.1428259244151555e-08,0.1387857049703598,1.4813621191933635e-06,0.0018560662865638733,0.13889714360236632,-1.3167367995913087e-07,-0.001064223405743424,trajectory,STRAIGHT,3.726249933242798,4.553925037382038,6.456041319324868e-06
347,94818.265,4.566413402557373,6.589954409719212e-06,-0.9900511503219604,4.107600770385864e-08,0.1387857049703598,1.4944185977583402e-06,0.00299854832701385,0.1388971436023663,-1.46027350477668e-07,-0.0011673134200521152,trajectory,STRAIGHT,3.72709059715271,4.566413402555291,6.589954409719212e-06
348,94818.39,4.580150604248047,6.738616775692208e-06,-0.9897431135177612,4.068853100954489e-08,0.1387857049703598,1.50879122884362e-06,0.0031673163175582886,0.1388971436023663,-1.3502313366283063e-07,-0.0012031268974966257,trajectory,STRAIGHT,3.727537155151367,4.580150604245867,6.738616775692208e-06
349,94818.484,4.594304084777832,6.893275440233992e-06,-0.9896473288536072,4.028931259723091e-08,0.1387857049703598,1.5236920489769545e-06,-0.003256469964981079,0.1388971436023663,-1.3681695867883643e-07,-0.0007075404641684024,trajectory,STRAIGHT,3.7270381450653076,4.594304084775549,6.893275440233992e-06
350,94818.609,4.608457565307617,7.049452506180387e-06,-0.9901112914085388,3.989009418492634e-08,0.1387857049703598,1.538516926302691e-06,-0.004961369559168816,0.13889714360236632,-1.5352927274887226e-07,-0.0005479503688868015,trajectory,STRAIGHT,3.7264041900634766,4.608457565305226,7.049452506180387e-06
351,94818.734,4.622611045837402,7.207134785858216e-06,-0.9903267621994019,3.949087577263119e-08,0.1387857049703598,1.5532173165411223e-06,0.0013925132807344198,0.13889714360236632,-1.3949133659298777e-07,-0.001029319163736524,trajectory,STRAIGHT,3.726212501525879,4.6226110458348995,7.207134785858216e-06
352,94818.843,4.636348247528076,7.361615189438453e-06,-0.9900849461555481,3.910339907835372e-08,0.1387857049703598,1.567547542435932e-06,0.002980506047606468,0.13889714360236632,-1.559981807376543e-07,-0.0011684493872789758,trajectory,STRAIGHT,3.727139472961426,4.636348247525461,7.361615189438453e-06
353,94818.968,4.648836612701416,7.503283995902166e-06,-0.9898057579994202,3.875114753810916e-08,0.1387857049703598,1.580589582772518e-06,0.003165937028825283,0.13889714360236632,-1.4010017983965469e-07,-0.0011984002082464928,trajectory,STRAIGHT,3.7275710105895996,4.648836612698696,7.503283995902166e-06
354,94819.062,4.6621575355529785,7.65569529903587e-06,-0.9897469282150269,3.8375412561856386e-08,0.1387857049703598,1.5945955738061457e-06,-0.0033787235151976347,0.13889714360236632,-1.5637773731012076e-07,-0.0006777688539443249,trajectory,STRAIGHT,3.7270700931549072,4.6621575355501435,7.65569529903587e-06
355,94819.187,4.675478458404541,7.80944901634939e-06,-0.9901857972145081,3.799967758561195e-08,0.1387857049703598,1.6085218703665305e-06,-0.004903716035187244,0.13889714360236632,-1.435470238223111e-07,-0.0005486698405555323,trajectory,STRAIGHT,3.7264344692230225,4.675478458401587,7.80944901634939e-06
356,94819.296,4.689215660095215,7.969401849550195e-06,-0.9904719591140747,3.7612200891368594e-08,0.1387857049703598,1.6227714922933956e-06,0.0007576633943244815,0.13889714360236632,-1.6059667884095767e-07,-0.0009872720999381378,trajectory,STRAIGHT,3.7264344692230225,4.689215660092135,7.969401849550195e-06
357,94819.421,4.703369140625,8.135678399412427e-06,-0.9902475476264954,3.7212982479127156e-08,0.1387857049703598,1.6375017821701476e-06,0.002926506334915757,0.13889714360236635,-1.471220359957204e-07,-0.0011401608488211523,trajectory,STRAIGHT,3.726573944091797,4.703369140621787,8.135678399412427e-06
358,94819.546,4.717106342315674,8.298503416881431e-06,-0.989941418170929,3.682550578490181e-08,0.1387857049703598,1.651821094128536e-06,0.0031722374260425568,0.13889714360236635,-1.6446559760231463e-07,-0.0011751258088896167,trajectory,STRAIGHT,3.727555274963379,4.717106342312325,8.298503416881431e-06
359,94819.671,4.73167610168457,8.472748959320597e-06,-0.9898502230644226,3.6414545654672496e-08,0.1387857049703598,1.6671016282998607e-06,-0.0032904602121561766,0.13889714360236635,-1.5029422790692205e-07,-0.0006859681138853778,trajectory,STRAIGHT,3.7277791500091553,4.731676101681074,8.472748959320597e-06
360,94819.781,4.745413303375244,8.638506187708117e-06,-0.9903004765510559,3.602706896046542e-08,0.1387857049703598,1.6814362879813416e-06,-0.004874181933701038,0.13889714360236638,-1.5060238372347985e-07,-0.0005407624756658324,trajectory,STRAIGHT,3.7272324562072754,4.745413303371606,8.638506187708117e-06
361,94819.906,4.759150505065918,8.805678589851595e-06,-0.990599513053894,3.563959226626721e-08,0.1387857049703598,1.6956618082986097e-06,0.0006223406526260078,0.13889714360236638,-1.6837479344971876e-07,-0.0009655324574300894,trajectory,STRAIGHT,3.726590633392334,4.7591505050621326,8.805678589851595e-06
362,94820.031,4.7737202644348145,8.984521628008224e-06,-0.9903720021247864,3.5228632136066684e-08,0.1387857049703598,1.7107948906414094e-06,0.0029338074382394552,0.1388971436023664,-1.5426433334095157e-07,-0.0011289207638009858,trajectory,STRAIGHT,3.7268550395965576,4.773720264430867,8.984521628008224e-06
363,94820.125,4.786208629608154,9.139082067122217e-06,-0.9900938868522644,3.487638059590274e-08,0.1387857049703598,1.723787704577262e-06,0.0031710080802440643,0.1388971436023664,-1.5289305278045795e-07,-0.0011717935733827302,trajectory,STRAIGHT,3.727839946746826,4.786208629604065,9.139082067122217e-06
364,94820.234,4.79120397567749,9.201234206557274e-06,-0.9899794459342957,3.473547997983922e-08,0.1387857049703598,1.7289841025558417e-06,0.003188452450558543,0.1388971436023664,-1.5949427728744636e-07,-0.001178911168906326,trajectory,STRAIGHT,3.727839946746826,4.791203975673344,9.201234206557274e-06
365,94820.359,4.814099311828613,9.488492651144043e-06,-0.9897148609161377,3.408968548956306e-08,0.1387857049703598,1.7528924445286975e-06,-0.003431234508752823,0.13889714360236644,-1.6843611820845745e-07,-0.0006798043130574305,trajectory,STRAIGHT,3.7274622917175293,4.814099311824194,9.488492651144043e-06
366,94820.484,4.8270039558410645,9.652140761318151e-06,-0.9901412725448608,3.3725692231418263e-08,0.1387857049703598,1.7663287508185022e-06,-0.00493494002148509,0.13889714360236646,-1.5721673843408813e-07,-0.0005498063697246469,trajectory,STRAIGHT,3.7268190383911133,4.827003955836485,9.652140761318151e-06
367,94820.593,4.84115743637085,9.833058356889524e-06,-0.9904779195785522,3.332647381926845e-08,0.1387857049703598,1.7809569499149802e-06,0.00042000276152975857,0.13889714360236646,-1.763966111597465e-07,-0.0009613694406812645,trajectory,STRAIGHT,3.72619366645813,4.841157436366091,9.833058356889524e-06
368,94820.718,4.854062080383301,9.999312169384211e-06,-0.9902936220169067,3.2962480561140066e-08,0.1387857049703598,1.7943262946573668e-06,0.002815699903294444,0.1388971436023665,-1.597265709003242e-07,-0.0011287308648469318,trajectory,STRAIGHT,3.7267584800720215,4.854062080378373,9.999312169384211e-06
369,94820.812,4.867383003234863,1.0172234397032298e-05,-0.9900015592575073,3.258674558501573e-08,0.1387857049703598,1.8081533426084206e-06,0.0031562584917992353,0.1388971436023665,-1.7804863205530707e-07,-0.0011705786898972858,trajectory,STRAIGHT,3.727750539779663,4.867383003229758,1.0172234397032298e-05
370,94820.843,4.871129512786865,1.0221108823316172e-05,-0.9899160265922546,3.2481070122982276e-08,0.1387857049703598,1.8120424556400394e-06,0.00317547214217484,0.13889714360236652,-1.4946746981222273e-07,-0.0011973114691081021,trajectory,STRAIGHT,3.727750539779663,4.8711295127817085,1.0221108823316172e-05
371,94820.953,4.882785320281982,1.0373832992627285e-05,-0.9898017644882202,3.2152302018882375e-08,0.1387857049703598,1.8242220676256693e-06,-0.002371261827647686,0.13889714360236652,-1.65647676225821e-07,-0.0007592858567240212,trajectory,STRAIGHT,3.7276933193206787,4.882785320276664,1.0373832992627285e-05
372,94821.078,4.895689964294434,1.0544114957156125e-05,-0.9901891350746155,3.178830876077923e-08,0.1387857049703598,1.8376479147264035e-06,-0.00486614927649498,0.13889714360236655,-1.636096675970594e-07,-0.0005491001889456425,trajectory,STRAIGHT,3.7271082401275635,4.895689964288932,1.0544114957156125e-05
373,94821.187,4.909427165985107,1.0726748769229744e-05,-0.9905112981796265,3.140083206667802e-08,0.1387857049703598,1.851818524301052e-06,0.00041019966010935605,0.13889714360236657,-1.829296160676196e-07,-0.00095509994862344,trajectory,STRAIGHT,3.72648024559021,4.909427165979405,1.0726748769229744e-05
374,94821.312,4.923164367675781,1.0910785931628197e-05,-0.9903103113174438,3.1013355372585685e-08,0.1387857049703598,1.8660255136637716e-06,0.002862766617909074,0.13889714360236657,-1.6726006916064098e-07,-0.0011301959374153503,trajectory,STRAIGHT,3.727008819580078,4.923164367669875,1.0910785931628197e-05
375,94821.421,4.936901569366455,1.1096230991824996e-05,-0.9900068044662476,3.0625878678502216e-08,0.1387857049703598,1.8802585373123293e-06,0.0031650366727262735,0.1388971436023666,-1.685443352150028e-07,-0.0011783790917945392,trajectory,STRAIGHT,3.7279114723205566,4.936901569360337,1.1096230991824996e-05
376,94821.546,4.950638771057129,1.128308485931484e-05,-0.989692211151123,3.023840198442761e-08,0.1387857049703598,1.894490310405672e-06,0.0031874084379523993,0.13889714360236663,-1.8829281142200228e-07,-0.0011958984987688547,trajectory,STRAIGHT,3.7276699542999268,4.950638771050794,1.128308485931484e-05
377,94821.656,4.964375972747803,1.1471298421383835e-05,-0.9895511865615845,2.985092828646154e-08,0.1387857049703598,1.9009326024388429e-06,-0.0027156933210790157,0.13889714360236669,-1.7048477963985777e-07,-0.0007578450546317794,trajectory,STRAIGHT,3.7270631790161133,4.964375972741246,1.1471298421383835e-05
378,94821.765,4.976448059082031,1.1632961104623973e-05,-0.9899339079856873,2.9632541430813177e-08,0.1387857049703598,1.8168489077652339e-06,-0.005066948011517525,0.1388971436023669,-1.7986946576489812e-07,-0.0005506086081915595,trajectory,STRAIGHT,3.72641658782959,4.976448059075281,1.1632961104623973e-05
379,94821.89,4.990601539611816,1.1813505807367619e-05,-0.9904453754425049,2.94799042865299e-08,0.1387857049703598,1.7225669353138073e-06,-0.004739800002425909,0.13889714360236716,-1.5547552591599806e-07,-0.0005405931166638,trajectory,STRAIGHT,3.725955009460449,4.990601539604844,1.1813505807367619e-05
380,94822.015,5.004755020141602,1.1984358934569173e-05,-0.9907549619674683,2.9562121194083643e-08,0.1387857049703598,1.6284930097754113e-06,0.0005597535637207329,0.13889714360236738,-1.650002763851051e-07,-0.0009490780757073624,trajectory,STRAIGHT,3.7267861366271973,5.004755020134416,1.1984358934569173e-05
381,94822.109,5.018908500671387,1.2145889741077553e-05,-0.9905380010604858,2.9641990499229068e-08,0.1387857049703598,1.5395479522339883e-06,0.0029162957798689604,0.13889714360236757,-1.389538392626793e-07,-0.001112393446331017,trajectory,STRAIGHT,3.7278079986572266,5.018908500663997,1.2145889741077553e-05
382,94822.234,5.033061981201172,1.2298613910388667e-05,-0.9902219772338867,2.972185979532087e-08,0.1387857049703598,1.4558374914486194e-06,0.003185229143127799,0.13889714360236777,-1.474943396640003e-07,-0.0011497093067216802,trajectory,STRAIGHT,3.7284274101257324,5.033061981193583,1.2298613910388667e-05
383,94822.359,5.047215461730957,1.2443071682355367e-05,-0.9898958206176758,2.9801729082359036e-08,0.1387857049703598,1.37752851969708e-06,0.0031993016600608826,0.13889714360236793,-1.242829815635062e-07,-0.0011905486170821166,trajectory,STRAIGHT,3.7279937267303467,5.047215461723178,1.2443071682355367e-05
384,94822.484,5.061368942260742,1.2579798749356996e-05,-0.989896297454834,2.988153974056787e-08,0.1387857049703598,1.3041274087299826e-06,-0.0038906564004719257,0.1388971436023681,-1.1763681724061142e-07,-0.0006376510862174365,trajectory,STRAIGHT,3.7273614406585693,5.061368942252781,1.2579798749356996e-05
385,94822.609,5.075522422790527,1.2709329894278198e-05,-0.9903724193572998,2.9961348613366234e-08,0.1387857049703598,1.236602997778391e-06,-0.004771233536303043,0.13889714360236824,-1.2515255494367295e-07,-0.0005433988202276563,trajectory,STRAIGHT,3.7267098426818848,5.07552242278239,1.2709329894278198e-05
386,94822.718,5.0896759033203125,1.2832271750085056e-05,-0.9905900955200195,3.004115747711097e-08,0.1387857049703598,1.1749405075534014e-06,0.00134457484818995,0.13889714360236838,-1.0592134572010157e-07,-0.0010008501589359952,trajectory,STRAIGHT,3.7267093658447266,5.0896759033120045,1.2832271750085056e-05
387,94822.859,5.103829383850098,1.2949192750966176e-05,-0.9903406500816345,3.0120966331802073e-08,0.1387857049703598,1.1184193908775342e-06,0.002998152282088995,0.13889714360236852,-1.0079657182899265e-07,-0.0011360495183462894,trajectory,STRAIGHT,3.7276623249053955,5.103829383841626,1.2949192750966176e-05
388,94823.093,5.130471229553223,1.3154804946680088e-05,-0.9897346496582031,3.0271194739601094e-08,0.1387857049703598,1.0265706578138634e-06,0.0031884079799056053,0.13889714360236874,-1.139423869561967e-07,-0.001181569995343188,trajectory,STRAIGHT,3.727597713470459,5.130471229544456,1.3154804946680088e-05
389,94823.187,5.143792152404785,1.3251449672679882e-05,-0.9896776676177979,3.0346308931470874e-08,0.1387857049703598,9.875788009594544e-07,-0.0034299863036721945,0.13889714360236882,-8.830093330164775e-08,-0.0006925139037555438,trajectory,STRAIGHT,3.7269625663757324,5.143792152395877,1.3251449672679882e-05
390,94823.296,5.1467061042785645,1.3272107025841251e-05,-0.989760160446167,3.036274015987334e-08,0.1387857049703598,9.79713490778522e-07,-0.004354612436145544,0.13889714360236882,-8.973003504831009e-08,-0.0006144191717392189,trajectory,STRAIGHT,3.7269625663757324,5.146706104269626,1.3272107025841251e-05
391,94823.421,5.170017719268799,1.343192343483679e-05,-0.9905787706375122,3.049418997327765e-08,0.1387857049703598,9.253288908439572e-07,-0.004851901438087225,0.13889714360236896,-8.961143765456578e-08,-0.0005325852523422459,trajectory,STRAIGHT,3.726412296295166,5.170017719259622,1.343192343483679e-05
392,94823.546,5.183754920959473,1.3522248991648667e-05,-0.9908726811408997,3.057165145896125e-08,0.1387857049703598,9.003195486911864e-07,0.0006553446291945875,0.13889714360236902,-8.068443617485292e-08,-0.0009225206780069272,trajectory,STRAIGHT,3.726412296295166,5.183754920950159,1.3522248991648667e-05
393,94823.656,5.1974921226501465,1.3610352652904112e-05,-0.9906601309776306,3.064911293611595e-08,0.1387857049703598,8.80329821484338e-07,0.0029102955013513565,0.13889714360236904,-7.886210198775817e-08,-0.0011006373671953828,trajectory,STRAIGHT,3.7273952960968018,5.197492122640698,1.3610352652904112e-05
394,94823.765,5.209980487823486,1.3688932085642591e-05,-0.9903822541236877,3.071953245346957e-08,0.1387857049703598,8.665511472827347e-07,0.0031779655255377293,0.1388971436023691,-8.558555100878982e-08,-0.0011359448118274363,trajectory,STRAIGHT,3.728393077850342,5.209980487813915,1.3688932085642591e-05
395,94823.89,5.2241339683532715,1.3776738342130557e-05,-0.9900562763214111,3.079934123139934e-08,0.1387857049703598,8.560350011066475e-07,0.0032026665285229683,0.1388971436023691,-7.688585416464202e-08,-0.0011757565659185987,trajectory,STRAIGHT,3.728560447692871,5.224133968343564,1.3776738342130557e-05
396,94824.0,5.237038612365723,1.3856088116881438e-05,-0.9897587895393372,3.0872108050444744e-08,0.1387857049703598,8.511732971783204e-07,0.0031897430308163166,0.1388971436023691,-7.56535099924514e-08,-0.0012039121285439458,trajectory,STRAIGHT,3.7280025482177734,5.2370386123558905,1.3856088116881438e-05
397,94824.125,5.2507758140563965,1.39403018692974e-05,-0.9896721839904785,3.094956949470512e-08,0.13878576457500458,8.509557005709212e-07,-0.0032503013499081135,0.1388971388339975,-8.402174744993558e-08,-0.0006930388555289235,trajectory,STRAIGHT,3.727356195449829,5.250775814046429,1.39403018692974e-05
398,94824.234,5.263680458068848,1.4019614354765508e-05,-0.9901024103164673,3.1022336298207914e-08,0.13878576457500458,8.554085297873826e-07,-0.005037636496126652,0.1388971388339975,-7.598673769655092e-08,-0.0005454078926281536,trajectory,STRAIGHT,3.7267041206359863,5.263680458058754,1.4019614354765508e-05
399,94824.343,5.276585102081299,1.409954893460963e-05,-0.9904472231864929,3.104814370813481e-08,0.13878576457500458,8.639874522486934e-07,-0.00019089493434876204,0.13889713883399749,-8.46287038550472e-08,-0.000915906574069103,trajectory,STRAIGHT,3.726123094558716,5.276585102071076,1.409954893460963e-05
400,94824.453,5.28948974609375,1.4180214748193976e-05,-0.9902884364128113,3.105282720511287e-08,0.13878576457500458,8.702232889845618e-07,0.002721899189054966,0.13889713883399746,-7.730006502956072e-08,-0.0011228341000206288,trajectory,STRAIGHT,3.7268195152282715,5.289489746083396,1.4180214748193976e-05
401,94824.562,5.30197811126709,1.4258584087656345e-05,-0.9900193214416504,3.112564955170238e-08,0.13878576457500458,8.707146434971946e-07,0.003132360056042671,0.13889713883399746,-8.514381621263148e-08,-0.0011691267179376895,trajectory,STRAIGHT,3.7277679443359375,5.301978111256608,1.4258584087656345e-05
402,94824.671,5.316131591796875,1.4347266187542118e-05,-0.9896961450576782,3.1205519507505075e-08,0.13878576457500458,8.674268769937044e-07,0.003182370215654373,0.13889713883399746,-7.787970992167185e-08,-0.0012080773769420638,trajectory,STRAIGHT,3.727557897567749,5.316131591786247,1.4347266187542118e-05
403,94824.781,5.33028507232666,1.4435402590606827e-05,-0.9896617531776428,3.128538946562465e-08,0.13878585398197174,8.600079013376671e-07,-0.00376134249381721,0.1388971316814401,-7.723062213469753e-08,-0.0006684920350600498,trajectory,STRAIGHT,3.726956367492676,5.330285072315885,1.4435402590606827e-05
404,94824.906,5.344438552856445,1.4522577657771762e-05,-0.9901448488235474,3.1365259426058985e-08,0.13878585398197174,8.485529292556748e-07,-0.0049535310827195644,0.13889713168144013,-8.499432549236894e-08,-0.0005489621656526345,trajectory,STRAIGHT,3.7263095378875732,5.344438552845524,1.4522577657771762e-05
405,94825.031,5.357759475708008,1.4603378076571971e-05,-0.9903469681739807,3.1440431155593544e-08,0.13878585398197174,8.341552302226773e-07,0.0012874945532530546,0.13889713168144016,-7.442901694800494e-08,-0.0010184337147375066,trajectory,STRAIGHT,3.726241111755371,5.35775947569695,1.4603378076571971e-05
406,94825.14,5.371496677398682,1.4685068890685216e-05,-0.9901097416877747,3.151795200378702e-08,0.13878585398197174,8.154556212502939e-07,0.002967963693663478,0.1388971316814402,-8.106562091130952e-08,-0.0011647325702806432,trajectory,STRAIGHT,3.7272071838378906,5.3714966773874835,1.4685068890685216e-05
407,94825.265,5.386898994445801,1.4774212104384787e-05,-0.9897642731666565,3.160486932096997e-08,0.13878585398197174,7.898912031123473e-07,0.0031749240588396788,0.13889713168144027,-7.171472582661544e-08,-0.0012001045326024474,trajectory,STRAIGHT,3.7275943756103516,5.386898994434448,1.4774212104384787e-05
408,94825.39,5.401052474975586,1.4853394532110542e-05,-0.9897697567939758,3.1684739290480124e-08,0.1387859433889389,7.619378834533563e-07,-0.003979971632361412,0.13889712452888295,-6.848462379705382e-08,-0.0006426097215296988,trajectory,STRAIGHT,3.7270824909210205,5.401052474964095,1.4853394532110542e-05
409,94825.515,5.415205955505371,1.492952105763834e-05,-0.99025559425354,3.176460926225924e-08,0.1387859433889389,7.300798756659788e-07,-0.00486724590882659,0.13889712452888303,-6.56293931243351e-08,-0.000547095096504222,trajectory,STRAIGHT,3.7264459133148193,5.415205955493743,1.492952105763834e-05
410,94825.64,5.429359436035156,1.5002204236225225e-05,-0.990461528301239,3.18444792363073e-08,0.1387859433889389,6.943988637431175e-07,0.001435109879821539,0.13889712452888311,-6.242957764645448e-08,-0.0010196516209139972,trajectory,STRAIGHT,3.726457357406616,5.4293594360233985,1.5002204236225225e-05
411,94825.75,5.443512916564941,1.5071033885760698e-05,-0.9902084469795227,3.192434921262432e-08,0.1387859433889389,6.544743200720404e-07,0.0030072203371673822,0.13889712452888323,-5.8849261417637145e-08,-0.0011490310637166966,trajectory,STRAIGHT,3.727428436279297,5.443512916553058,1.5071033885760698e-05
412,94825.875,5.457666397094727,1.5135580724745523e-05,-0.9898895621299744,3.2004219191210296e-08,0.1387859433889389,6.104181125010655e-07,0.0031814544927328825,0.13889712452888334,-5.489548392687678e-08,-0.001190027940408187,trajectory,STRAIGHT,3.7278409004211426,5.457666397082724,1.5135580724745523e-05
413,94826.0,5.471819877624512,1.5195407286228146e-05,-0.9898908138275146,3.208408917206523e-08,0.13878603279590607,5.619349394692108e-07,-0.0038910924922674894,0.13889711737632607,-5.6961063017778454e-08,-0.000624161596731143,trajectory,STRAIGHT,3.727334499359131,5.471819877612395,1.5195407286228146e-05
414,94826.125,5.485973358154297,1.5250095202645753e-05,-0.9903669357299805,3.2163959155189114e-08,0.13878603279590607,5.096713380225992e-07,-0.0047717951238155365,0.1388971173763262,-4.5847849821701206e-08,-0.0005438479445287203,trajectory,STRAIGHT,3.7266957759857178,5.485973358142074,1.5250095202645753e-05
415,94826.25,5.499710559844971,1.5297900972655043e-05,-0.9905518293380737,3.2241480023332136e-08,0.13878603279590607,4.5543990268015477e-07,0.0014588912017643452,0.13889711737632635,-4.0821257162454816e-08,-0.001012149586249228,trajectory,STRAIGHT,3.726698875427246,5.4997105598326534,1.5297900972655043e-05
416,94826.359,5.513031482696533,1.533893373562023e-05,-0.9903156161308289,3.2316651775818926e-08,0.13878603279590607,3.989337074017385e-07,0.002985297702252865,0.13889711737632648,-3.562363330993515e-08,-0.0011379532840111238,trajectory,STRAIGHT,3.727651357650757,5.5130314826841325,1.533893373562023e-05
417,94826.484,5.526768684387207,1.5375379007309675e-05,-0.9900068640708923,3.239417264741608e-08,0.13878603279590607,3.367973420154158e-07,0.0031809986103326082,0.13889711737632665,-3.4259538836714295e-08,-0.0011690469596543295,trajectory,STRAIGHT,3.728012800216675,5.52676868437473,1.5375379007309675e-05
418,94826.609,5.540505886077881,1.540548873890657e-05,-0.9896906614303589,3.247169352115062e-08,0.13878603279590607,2.7080807285528863e-07,0.003189417300745845,0.13889711737632682,-2.427823465341462e-08,-0.0012094623824563146,trajectory,STRAIGHT,3.7274951934814453,5.540505886065336,1.540548873890657e-05
419,94826.718,5.554243087768555,1.542885547678452e-05,-0.9896450638771057,3.254921439702254e-08,0.13878613710403442,2.004850898629229e-07,-0.003614711109548807,0.13889710903167674,-2.0951140908314866e-08,-0.000667411987295401,trajectory,STRAIGHT,3.7268548011779785,5.554243087755953,1.542885547678452e-05
420,94826.843,5.567564010620117,1.54446970555e-05,-0.9900959134101868,3.262438615748502e-08,0.13878613710403442,1.2900032686502527e-07,-0.0049745007418096066,0.1388971090316769,-1.1506017501272344e-08,-0.0005519745604412729,trajectory,STRAIGHT,3.726203680038452,5.567564010607473,1.54446970555e-05
421,94826.953,5.582133769989014,1.5453984815394506e-05,-0.9903631806373596,3.2706605272792135e-08,0.13878613710403442,4.728148184085512e-08,0.0011568841291591525,0.13889710903167712,-4.308725839102029e-09,-0.0010093232245162475,trajectory,STRAIGHT,3.726351737976074,5.582133769976334,1.5453984815394506e-05
422,94827.062,5.5958709716796875,1.545467421237845e-05,-0.9901312589645386,3.278412615514099e-08,0.13878613710403442,-3.403976833737943e-08,0.0029530394822359085,0.13889710903167735,2.1662922558167013e-09,-0.0011646117364034403,trajectory,STRAIGHT,3.726351737976074,5.595870971666988,1.545467421237845e-05
423,94827.187,5.610024452209473,1.5446752513526008e-05,-0.9898149371147156,3.286633934712701e-08,0.13878613710403442,-1.2196200316338945e-07,0.0031715892255306244,0.13889710903167757,1.0952337510820409e-08,-0.0011963596313095204,trajectory,STRAIGHT,3.7273480892181396,5.610024452196768,1.545467421237845e-05
424,94827.328,5.624177932739258,1.5429817722178996e-05,-0.9897566437721252,3.302599172720349e-08,0.13878624141216278,-2.093042752449037e-07,-0.0035289102233946323,0.13889710068702754,1.8835283450233617e-08,-0.0006771254109864077,trajectory,STRAIGHT,3.7275781631469727,5.624177932726562,1.545467421237845e-05
425,94827.437,5.637915134429932,1.5405215890496038e-05,-0.9902173280715942,3.3089388677958346e-08,0.13878624141216278,-2.8444571853469824e-07,-0.004918710794299841,0.13889710068702774,2.5622344667423045e-08,-0.0005454670645963089,trajectory,STRAIGHT,3.7270348072052,5.637915134417257,1.545467421237845e-05
426,94827.562,5.652484893798828,1.537213393021375e-05,-0.9904975891113281,3.310581485242406e-08,0.13878624141216278,-3.414351681385597e-07,0.0010513343149796128,0.13889710068702787,3.353649336525369e-08,-0.0010090576213519708,trajectory,STRAIGHT,3.726395606994629,5.652484893786188,1.545467421237845e-05
427,94827.687,5.667054653167725,1.533441900392063e-05,-0.9902516007423401,3.318796016288198e-08,0.13878624141216278,-3.724515522662841e-07,0.002978845499455929,0.13889710068702796,3.3976238919013743e-08,-0.0011430198015192614,trajectory,STRAIGHT,3.7266242504119873,5.667054653155127,1.545467421237845e-05
428,94827.812,5.680791854858398,1.5297136997105554e-05,-0.9899433255195618,3.3265411555336104e-08,0.13878624141216278,-3.767322880321444e-07,0.003179035848006606,0.13889710068702799,3.427407846672377e-08,-0.0011852512099016664,trajectory,STRAIGHT,3.7276179790496826,5.680791854845843,1.545467421237845e-05
429,94827.921,5.694529056549072,1.526062987977639e-05,-0.9898711442947388,3.33334866323855e-08,0.13878628611564636,-3.5673747333930805e-07,-0.003288694890215993,0.13889709711074924,3.6365037865443086e-08,-0.0006714418120850084,trajectory,STRAIGHT,3.7278404235839844,5.69452905653656,1.545467421237845e-05
430,94828.062,5.709098815917969,1.5225024981191382e-05,-0.9903480410575867,3.3333548131007576e-08,0.13878628611564636,-3.1977540970729024e-07,-0.004845646675676107,0.13889709711074916,2.9561181810592343e-08,-0.0005397483287484195,trajectory,STRAIGHT,3.72729229927063,5.709098815905493,1.545467421237845e-05
431,94828.171,5.723252296447754,1.5194576917565428e-05,-0.9906079173088074,3.3340580226759944e-08,0.13878628611564636,-2.776038456886454e-07,0.0010726762702688575,0.13889709711074905,2.5669776557950928e-08,-0.0009792777404516472,trajectory,STRAIGHT,3.726651906967163,5.7232522964353105,1.545467421237845e-05
432,94828.312,5.73782205581665,1.5167378478508908e-05,-0.9903608560562134,3.334051890834494e-08,0.13878628611564636,-2.420891860310803e-07,0.002984552411362529,0.13889709711074893,2.250573779746921e-08,-0.0011331685976867622,trajectory,STRAIGHT,3.726869583129883,5.737822055804232,1.545467421237845e-05
433,94828.515,5.752391815185547,1.5143408745643683e-05,-0.990032970905304,3.328412937870826e-08,0.13878628611564636,-2.1497164937045454e-07,0.0031850829254835844,0.13889709711074888,2.0018388820953427e-08,-0.0011764548307076261,trajectory,STRAIGHT,3.727846384048462,5.752391815173148,1.545467421237845e-05
434,94828.656,5.777784824371338,1.5108675142982975e-05,-0.9894492626190186,3.36222960702888e-08,0.13878628611564636,-1.633873125683749e-07,0.003178035607561469,0.13889709711074874,1.696921081786077e-08,-0.001219475322901946,trajectory,STRAIGHT,3.7275123596191406,5.777784824358962,1.545467421237845e-05
435,94828.781,5.791522026062012,1.509389312559506e-05,-0.9893128275871277,3.385479065643629e-08,0.13878628611564636,-1.353821375005282e-07,-0.002858654363080859,0.13889709711074866,1.270791674195776e-08,-0.000768995046892693,trajectory,STRAIGHT,3.7268691062927246,5.791522026049641,1.545467421237845e-05
436,94828.906,5.805675506591797,1.5081496712809894e-05,-0.9897921085357666,3.409433052771755e-08,0.13878628611564636,-1.0797972294085412e-07,-0.00532460818067193,0.1388970971107486,1.0280866511910603e-08,-0.0005537461498115202,trajectory,STRAIGHT,3.7262165546417236,5.805675506579428,1.545467421237845e-05
437,94829.031,5.820661544799805,1.5071328562044073e-05,-0.9903539419174194,3.434796097373791e-08,0.13878628611564636,-8.053545741404378e-08,-0.004848880227655172,0.13889709711074852,7.867124685790697e-09,-0.0005426654055893576,trajectory,STRAIGHT,3.7255682945251465,5.820661544787432,1.545467421237845e-05
438,94829.14,5.83481502532959,1.5064370018080808e-05,-0.9906556606292725,3.458750083382846e-08,0.13878628611564636,-5.61420456790529e-08,0.0006888852803967893,0.13889709711074844,5.596239079543672e-09,-0.0009459281628139926,trajectory,STRAIGHT,3.725879669189453,5.83481502531721,1.545467421237845e-05
439,94829.265,5.848968505859375,1.5059834368003067e-05,-0.9904334545135498,3.482704068848353e-08,0.13878628611564636,-3.30294547268295e-08,0.0029305117204785347,0.13889709711074838,3.5079410353688886e-09,-0.0011231188026587869,trajectory,STRAIGHT,3.7269513607025146,5.848968505846983,1.545467421237845e-05
440,94829.39,5.862705707550049,1.5057622476888355e-05,-0.9901264905929565,3.5059535248097775e-08,0.13878628611564636,-1.185481934840027e-08,0.0031836347188800573,0.13889709711074832,2.0629822765326976e-09,-0.0011587168385605718,trajectory,STRAIGHT,3.7279694080352783,5.862705707537643,1.545467421237845e-05
441,94829.515,5.877275466918945,1.5057493328640703e-05,-0.9897907972335815,3.530612038148722e-08,0.13878628611564636,9.205640694176509e-09,0.003198005957528949,0.13889709711074827,-3.0475435029520013e-10,-0.001199889363865143,trajectory,STRAIGHT,3.7281246185302734,5.877275466906518,1.545467421237845e-05
442,94829.625,5.8901801109313965,1.5059172255860176e-05,-0.9896323084831238,3.5524524351964897e-08,0.13878628611564636,2.6755307303005793e-08,-0.002213893225416541,0.1388970971107482,-1.8898892251214187e-09,-0.0007896036224665459,trajectory,STRAIGHT,3.7275664806365967,5.8901801109189496,1.545467421237845e-05
443,94829.75,5.904749870300293,1.5062961210787762e-05,-0.9900821447372437,3.5771109474492784e-08,0.13878628611564636,4.514392770715858e-08,-0.005055295769125223,0.13889709711074816,-3.5657874211084407e-09,-0.0005467595367403043,trajectory,STRAIGHT,3.7269208431243896,5.904749870287819,1.545467421237845e-05
444,94829.875,5.9180707931518555,1.5068045286170673e-05,-0.9903505444526672,3.5996558724334904e-08,0.13878628611564636,6.054916212860917e-08,0.0008387496927753091,0.1388970971107481,-4.927268399531481e-09,-0.0009851089211643793,trajectory,STRAIGHT,3.7262685298919678,5.918070793139355,1.545467421237845e-05
445,94829.968,5.930975437164307,1.5074329894559924e-05,-0.990149199962616,3.621496268047676e-08,0.13878628611564636,7.438347182642246e-08,0.0028726926539093256,0.13889709711074807,-6.634864437623552e-09,-0.001157891582557664,trajectory,STRAIGHT,3.7265007495880127,5.930975437151778,1.545467421237845e-05
446,94830.109,5.945128917694092,1.5082637219165917e-05,-0.9898360371589661,3.645450249800912e-08,0.13878628611564636,8.828393305293503e-08,0.003164036897942424,0.13889709711074805,-7.461054476342814e-09,-0.0011939125756189827,trajectory,STRAIGHT,3.727496385574341,5.945128917681529,1.545467421237845e-05
447,94830.234,5.959282398223877,1.5092295143404044e-05,-0.9897009134292603,3.669404231010612e-08,0.13878628611564636,1.008991006301585e-07,-0.002827658550813794,0.138897097110748,-8.602329225712728e-09,-0.000735085467205525,trajectory,STRAIGHT,3.72745418548584,5.959282398211279,1.545467421237845e-05
448,94830.359,5.974268436431885,1.5103844816621859e-05,-0.9901881217956543,3.694767269346093e-08,0.13878628611564636,1.1271814059909957e-07,-0.005023466423153877,0.13889709711074796,-9.732185262677548e-09,-0.00054099428987336,trajectory,STRAIGHT,3.726872205734253,5.974268436419248,1.545467421237845e-05
449,94830.484,5.98842191696167,1.5115845599211752e-05,-0.9905322790145874,3.718721249436748e-08,0.13878628611564636,1.2240235491844942e-07,0.00039146619383245707,0.13889709711074794,-1.0550701774710103e-08,-0.0009355855995059857,trajectory,STRAIGHT,3.7262449264526367,5.988421916948992,1.545467421237845e-05
450,94830.609,6.002575397491455,1.5128767699934542e-05,-0.9903233051300049,3.742675228983866e-08,0.13878628611564636,1.3075343474611145e-07,0.0028867863584309816,0.1388970971107479,-1.130792135439813e-08,-0.0011305464662970032,trajectory,STRAIGHT,3.7267894744873047,6.002575397478736,1.545467421237845e-05
451,94830.718,6.017145156860352,1.5142886695684865e-05,-0.989999532699585,3.767333736782246e-08,0.13878628611564636,1.379464009687581e-07,0.003175900550559163,0.13889709711074788,-1.1999097608015316e-08,-0.0011790411755201945,trajectory,STRAIGHT,3.7278051376342773,6.017145156847588,1.545467421237845e-05
452,94830.843,6.030882358551025,1.5156823792494833e-05,-0.9898703098297119,3.790583186465662e-08,0.13878628611564636,1.4343918053327798e-07,-0.002729009138420224,0.13889709711074785,-1.3800486995391417e-08,-0.000713109543895496,trajectory,STRAIGHT,3.7278318405151367,6.030882358538218,1.545467421237845e-05
453,94830.953,6.043787002563477,1.5170357073657215e-05,-0.990267813205719,3.812423578126076e-08,0.13878628611564636,1.474093096476281e-07,-0.004824804607778788,0.13889709711074785,-1.2695425623002244e-08,-0.0005454637317628874,trajectory,STRAIGHT,3.727257251739502,6.043787002550628,1.545467421237845e-05
454,94831.062,6.056275367736816,1.5183755749603733e-05,-0.9905550479888916,3.833559440593026e-08,0.13878628611564636,1.5014832399629086e-07,0.0002677773591130972,0.13889709711074782,-1.4225055892740717e-08,-0.0009385085499556079,trajectory,STRAIGHT,3.7266149520874023,6.056275367723927,1.545467421237845e-05
455,94831.187,6.070428848266602,1.5199176232272293e-05,-0.9903512001037598,3.857513417542653e-08,0.13878628611564636,1.5198115477232932e-07,0.0028701454866677523,0.13889709711074782,-1.324160141585363e-08,-0.0011268205631588823,trajectory,STRAIGHT,3.727055788040161,6.070428848253666,1.545467421237845e-05
456,94831.312,6.084582328796387,1.5214715858746786e-05,-0.9900378584861755,3.881467393948649e-08,0.13878628611564636,1.5245609574776608e-07,0.003170590614899993,0.13889709711074782,-1.3288512455060997e-08,-0.0011754751016940877,trajectory,STRAIGHT,3.727975606918335,6.084582328783405,1.545467421237845e-05
457,94831.437,6.0995683670043945,1.5231143152050208e-05,-0.9896933436393738,3.906830427197404e-08,0.13878628611564636,1.514736283070306e-07,0.0031889884267002344,0.13889709711074782,-1.3293663129719342e-08,-0.0012079328624776797,trajectory,STRAIGHT,3.7277846336364746,6.099568366991361,1.545467421237845e-05
458,94831.546,6.113305568695068,1.5246038856275845e-05,-0.9895702600479126,3.930079873808231e-08,0.13878628611564636,1.4921513979970769e-07,-0.0029174075461924076,0.13889709711074782,-1.295968980140649e-08,-0.000740704509820783,trajectory,STRAIGHT,3.7271828651428223,6.113305568681991,1.545467421237845e-05
459,94831.671,6.126626491546631,1.5260211512213573e-05,-0.9900044202804565,3.9526247912452255e-08,0.13878628611564636,1.4580682261566835e-07,-0.005075800698250532,0.13889709711074782,-1.4071369483620316e-08,-0.0005463250460289359,trajectory,STRAIGHT,3.726534366607666,6.126626491533509,1.545467421237845e-05
460,94831.781,6.140363693237305,1.5274423276423477e-05,-0.9903397560119629,3.975874236847844e-08,0.13878628611564636,1.4106282719694718e-07,0.0003526108921505511,0.13889709711074785,-1.2233397200544479e-08,-0.0009501704581573245,trajectory,STRAIGHT,3.7259562015533447,6.140363693224138,1.545467421237845e-05
461,94831.89,6.154933452606201,1.528891152702272e-05,-0.9901243448257446,4.0005327392001834e-08,0.13878628611564636,1.3461381342949608e-07,0.0028922061901539564,0.13889709711074785,-1.3129596313677136e-08,-0.0011641086413085098,trajectory,STRAIGHT,3.726654529571533,6.154933452592987,1.545467421237845e-05
462,94832.015,6.167421817779541,1.5300734958145767e-05,-0.9898484349250793,4.021668597895233e-08,0.13878628611564636,1.2792530412752967e-07,0.0031556840986013412,0.13889709711074788,-1.0940757276195344e-08,-0.001193715960548658,trajectory,STRAIGHT,3.727573871612549,6.167421817766288,1.545467421237845e-05
463,94832.125,6.180326461791992,1.5312267350964248e-05,-0.9897071123123169,4.043508984765964e-08,0.13878628611564636,1.198466890173222e-07,-0.002408505417406559,0.1388970971107479,-1.1414670024416333e-08,-0.0007556469299061485,trajectory,STRAIGHT,3.7273168563842773,6.1803264617787,1.545467421237845e-05
464,94832.25,6.193647384643555,1.5323324987548403e-05,-0.990114152431488,4.0660538997714796e-08,0.13878628611564636,1.1034619262773049e-07,-0.004946027882397175,0.13889709711074794,-9.450390377413778e-09,-0.0005506156214214097,trajectory,STRAIGHT,3.7267093658447266,6.193647384630223,1.545467421237845e-05
465,94832.359,6.20780086517334,1.5334015188273042e-05,-0.9904409050941467,4.0900078714372904e-08,0.13878628611564636,9.901938824441459e-08,0.0005545326857827604,0.13889709711074796,-9.576353548882435e-09,-0.0009743228337428699,trajectory,STRAIGHT,3.7263057231903076,6.207800865159967,1.545467421237845e-05
466,94832.468,6.221954345703125,1.5343477571150288e-05,-0.9902252554893494,4.113961842559564e-08,0.13878628611564636,8.629499603785007e-08,0.0029016127809882164,0.13889709711074802,-7.358795874756472e-09,-0.0011406476884677354,trajectory,STRAIGHT,3.7271461486816406,6.221954345689715,1.545467421237845e-05
467,94832.5,6.225700855255127,1.5345758583862334e-05,-0.9901449084281921,4.120302599530361e-08,0.13878628611564636,8.269268647609351e-08,0.0030372082255780697,0.13889709711074802,-6.3769469968458316e-09,-0.0011649827893395414,trajectory,STRAIGHT,3.7271461486816406,6.225700855241708,1.545467421237845e-05
468,94832.609,6.2365241050720215,1.5351786714745685e-05,-0.9899011850357056,4.138620341676508e-08,0.13878628611564636,7.17461503541017e-08,0.0031729426700621843,0.13889709711074805,-6.075459186994572e-09,-0.0011880277145225992,trajectory,STRAIGHT,3.727800130844116,6.2365241050585745,1.545467421237845e-05
469,94832.734,6.250261306762695,1.5358153177658096e-05,-0.9897563457489014,4.161869783192149e-08,0.13878628611564636,5.661137691959084e-08,-0.002589621115475893,0.1388970971107481,-4.669545081297319e-09,-0.0007484959193822493,trajectory,STRAIGHT,3.7273690700531006,6.250261306749216,1.545467421237845e-05
470,94832.843,6.2644147872924805,1.5363077181973495e-05,-0.9902007579803467,4.1858237527030136e-08,0.13878628611564636,3.9729396661414285e-08,-0.0049655744805932045,0.13889709711074816,-3.1707142126011146e-09,-0.0005425595617513767,trajectory,STRAIGHT,3.7267398834228516,6.264414787278971,1.545467421237845e-05
471,94832.953,6.278568267822266,1.5366216757684015e-05,-0.9904541373252869,4.2097777216703304e-08,0.13878628611564636,2.1635809588360644e-08,0.0011550264898687601,0.1388970971107482,-1.9985571618118187e-09,-0.0010195386721413245,trajectory,STRAIGHT,3.7264320850372314,6.278568267808728,1.545467421237845e-05
472,94833.078,6.292721748352051,1.53674409375526e-05,-0.9902130365371704,4.233731690094098e-08,0.13878628611564636,2.1021915319607842e-09,0.0029735390562564135,0.1388970971107483,2.1544187934687094e-10,-0.0011464316532670581,trajectory,STRAIGHT,3.7273197174072266,6.29272174833849,1.545467421237845e-05
473,94833.187,6.306458950042725,1.536666059109848e-05,-0.9899049997329712,4.2569811295150105e-08,0.13878628611564636,-1.8190300821174787e-08,0.0031766737811267376,0.13889709711074835,1.9550159051278312e-09,-0.001178084271466645,trajectory,STRAIGHT,3.7278265953063965,6.306458950029144,1.545467421237845e-05
474,94833.312,6.32061243057251,1.5363671991508454e-05,-0.9899057149887085,4.280935096867669e-08,0.13878628611564636,-4.060246538983847e-08,-0.0038797000888735056,0.13889709711074844,4.059001420936979e-09,-0.000637653619568812,trajectory,STRAIGHT,3.727344512939453,6.320612430558912,1.545467421237845e-05
475,94833.437,6.335182189941406,1.535814044473227e-05,-0.9903947114944458,4.3055935921041115e-08,0.13878628611564636,-6.495573501297258e-08,-0.004758581053465605,0.13889709711074852,6.6015774480590524e-09,-0.0005428933171145789,trajectory,STRAIGHT,3.726708173751831,6.335182189927796,1.545467421237845e-05
476,94833.562,6.349335670471191,1.5350256944657303e-05,-0.990592896938324,4.329547558353687e-08,0.13878628611564636,-8.982050303529832e-08,0.0014639426954090595,0.1388970971107486,8.492019912089196e-09,-0.001009280571082939,trajectory,STRAIGHT,3.7267537117004395,6.349335670457572,1.545467421237845e-05
477,94833.671,6.362656593322754,1.5340454410761595e-05,-0.9903562664985657,4.352092467268522e-08,0.13878628611564636,-1.1457473902964921e-07,0.002987995045259595,0.13889709711074869,1.0664870091318288e-08,-0.0011343330960891418,trajectory,STRAIGHT,3.7277073860168457,6.362656593309131,1.545467421237845e-05
478,94833.796,6.376393795013428,1.532779606350232e-05,-0.9900473952293396,4.364537800240207e-08,0.13878628611564636,-1.4102360523793322e-07,0.0031831134110689163,0.1388970971107488,1.4095672893539821e-08,-0.0011653861288151912,trajectory,STRAIGHT,3.72810435295105,6.376393794999807,1.545467421237845e-05
479,94833.906,6.38971471786499,1.5313195035560057e-05,-0.9897406101226807,4.357019047431662e-08,0.13878628611564636,-1.6233354926953325e-07,0.003191580530256033,0.13889709711074846,1.4996100596892633e-08,-0.0012053581067185614,trajectory,STRAIGHT,3.7275948524475098,6.389714717851373,1.545467421237845e-05
480,94834.109,6.403451919555664,1.5296291167032905e-05,-0.9896931648254395,4.349265337526279e-08,0.13878628611564636,-1.7812367048009037e-07,-0.0035817306488752365,0.13889709711074852,1.801623341805303e-08,-0.0006658654772501204,trajectory,STRAIGHT,3.7269556522369385,6.403451919542055,1.545467421237845e-05
481,94834.234,6.427596092224121,1.526395499240607e-05,-0.9905995726585388,4.3356376146243145e-08,0.13878628611564636,-1.9023272557205928e-07,-0.005202298518270254,0.13889709711074857,1.905192524852703e-08,-0.0005064554540209797,trajectory,STRAIGHT,3.7263033390045166,6.427596092210532,1.545467421237845e-05
482,94834.343,6.442582130432129,1.5243470443238039e-05,-0.9909247159957886,4.327179034190324e-08,0.13878612220287323,-1.8783097743835242e-07,0.0008927388116717339,0.1388971102237708,1.762868088123111e-08,-0.0009379969626262131,trajectory,STRAIGHT,3.7264487743377686,6.442582130418552,1.545467421237845e-05
483,94834.468,6.456735610961914,1.5224723938445095e-05,-0.990693211555481,4.319190379255593e-08,0.13878612220287323,-1.7858032208550867e-07,0.002962291706353426,0.13889711022377077,1.670975142504085e-08,-0.0011008579578673694,trajectory,STRAIGHT,3.7275359630584717,6.456735610948348,1.545467421237845e-05
484,94834.593,6.470889091491699,1.5207268916128669e-05,-0.9903748035430908,4.311201728556267e-08,0.13878612220287323,-1.6253554235845513e-07,0.0031954250298440456,0.13889711022377071,1.529602075669541e-08,-0.0011455953914103433,trajectory,STRAIGHT,3.728604793548584,6.470889091478142,1.545467421237845e-05
485,94834.718,6.485042572021484,1.5191800230240915e-05,-0.9900485277175903,4.303213082091785e-08,0.13878612220287323,-1.3970665690976602e-07,0.0032044830732047558,0.13889711022377063,1.5084472560849303e-08,-0.0011626338261542246,trajectory,STRAIGHT,3.7286276817321777,6.4850425720079325,1.545467421237845e-05
486,94834.828,6.498779773712158,1.5179200090642553e-05,-0.9897318482398987,4.307435871139041e-08,0.13878612220287323,-1.1623379236880282e-07,0.0031886829528957605,0.13889711022377055,1.1091916532578187e-08,-0.0012055146621832535,trajectory,STRAIGHT,3.7280497550964355,6.498779773698606,1.545467421237845e-05
487,94834.953,6.512516975402832,1.5168458048719913e-05,-0.9896653294563293,4.342423241420874e-08,0.13878612220287323,-1.0229913272041813e-07,-0.003434952115640044,0.1388971102237705,9.764934649621216e-09,-0.0006928565693357179,trajectory,STRAIGHT,3.7273995876312256,6.512516975389278,1.545467421237845e-05
488,94835.062,6.525421619415283,1.5159379472606815e-05,-0.9901037216186523,4.371543489213289e-08,0.13878612220287323,-9.300234182774147e-08,-0.005055451765656471,0.13889711022377046,9.959975173969814e-09,-0.0005412969892182539,trajectory,STRAIGHT,3.726747512817383,6.525421619401724,1.545467421237845e-05
489,94835.171,6.538742542266846,1.5150862054724712e-05,-0.9904004335403442,4.4016031004402575e-08,0.13878603279590607,-8.466071221846505e-08,0.0005580265424214303,0.13889711737632743,8.141877395586899e-09,-0.0009592090800277253,trajectory,STRAIGHT,3.726113796234131,6.538742542253281,1.545467421237845e-05
490,94835.296,6.552063465118408,1.5143087694013957e-05,-0.9902022480964661,4.431662712282995e-08,0.13878603279590607,-7.749545005708569e-08,0.00285216118209064,0.1388971173763274,7.498088610115544e-09,-0.0011396192121833947,trajectory,STRAIGHT,3.726670503616333,6.552063465104837,1.545467421237845e-05
491,94835.406,6.564968109130859,1.513615916337585e-05,-0.9899186491966248,4.46078296184455e-08,0.13878603279590607,-7.16900103725493e-08,0.0031515934970229864,0.13889711737632737,7.758572161467475e-09,-0.001177753742370048,trajectory,STRAIGHT,3.7276532649993896,6.564968109117279,1.545467421237845e-05
492,94835.531,6.578705310821533,1.5129318853723817e-05,-0.9898102879524231,4.491781937815509e-08,0.13878603279590607,-6.67232313844579e-08,-0.0029685962945222855,0.1388971173763274,6.551312290686482e-09,-0.0007147138676054498,trajectory,STRAIGHT,3.7275006771087646,6.578705310807942,1.545467421237845e-05
493,94835.625,6.591193675994873,1.5123474440770224e-05,-0.9902073740959167,4.519962825626724e-08,0.13878603279590607,-6.334128954676999e-08,-0.004903233610093594,0.1388971173763274,6.1818566847894896e-09,-0.0005448471888015471,trajectory,STRAIGHT,3.7269058227539062,6.591193675981273,1.545467421237845e-05
494,94835.734,6.596189022064209,1.5121213436941616e-05,-0.9903846979141235,4.5312351809018464e-08,0.13878603279590607,-6.228893312254513e-08,-0.0048555005341768265,0.13889711737632737,6.336523615951443e-09,-0.0005397996439645491,trajectory,STRAIGHT,3.7269058227539062,6.596189022050606,1.545467421237845e-05
495,94835.859,6.618251800537109,1.5111559150682297e-05,-0.9902873039245605,4.581021417727626e-08,0.13878603279590607,-5.968785643517549e-08,0.002884628949686885,0.13889711737632737,6.3003663956148884e-09,-0.0011386548619854685,trajectory,STRAIGHT,3.7272446155548096,6.6182518005234865,1.545467421237845e-05
496,94835.984,6.632821559906006,1.5105300008144695e-05,-0.9899641275405884,4.613899122211866e-08,0.13878603279590607,-5.977516792654569e-08,0.003169792937114835,0.13889711737632737,5.954549187276067e-09,-0.0011819037939348152,trajectory,STRAIGHT,3.7279140949249268,6.6328215598923705,1.545467421237845e-05
497,94836.093,6.64655876159668,1.5099322808964644e-05,-0.9898359775543213,4.644898101396365e-08,0.13878603279590607,-6.119033457707701e-08,-0.002754119923338294,0.1388971173763274,6.7021847881315435e-09,-0.0007143982644119195,trajectory,STRAIGHT,3.727492570877075,6.646558761583034,1.545467421237845e-05
498,94836.218,6.660712242126465,1.5092950889084022e-05,-0.9902745485305786,4.6768364442692005e-08,0.13878603279590607,-6.398614260660906e-08,-0.0048358626663684845,0.1388971173763274,6.3096022281808925e-09,-0.000545750000394477,trajectory,STRAIGHT,3.726865291595459,6.660712242112806,1.545467421237845e-05
499,94836.328,6.674449443817139,1.5086427993082907e-05,-0.9904865026473999,4.7078354247771934e-08,0.13878603279590607,-6.79723086705053e-08,0.0013063016813248396,0.13889711737632743,7.318339141540205e-09,-0.0010265254423688786,trajectory,STRAIGHT,3.726590633392334,6.67444944380347,1.545467421237845e-05
500,94836.453,6.6881866455078125,1.5079449440236203e-05,-0.9902478456497192,4.738834405936152e-08,0.13878603279590607,-7.325961348669807e-08,0.0029746906366199255,0.13889711737632743,7.118870928280962e-09,-0.0011433620219819575,trajectory,STRAIGHT,3.727468252182007,6.6881866454941346,1.545467421237845e-05
501,94836.578,6.702756404876709,1.5071401321620215e-05,-0.9899209141731262,4.771712113936449e-08,0.13878603279590607,-8.027839015767313e-08,0.003177301725372672,0.13889711737632746,7.793525658639564e-09,-0.001186397949864756,trajectory,STRAIGHT,3.727883815765381,6.70275640486302,1.545467421237845e-05
502,94836.703,6.716909885406494,1.5062802958709653e-05,-0.9899004697799683,4.8036504595433976e-08,0.13878603279590607,-8.853834998490129e-08,-0.0037437465507537127,0.1388971173763275,8.512297989666566e-09,-0.0006480932907585124,trajectory,STRAIGHT,3.7273776531219482,6.716909885392798,1.545467421237845e-05
503,94836.812,6.731063365936279,1.5053296920086723e-05,-0.9903704524040222,4.8355888058413546e-08,0.13878603279590607,-9.811317625008087e-08,-0.004765906371176243,0.13889711737632754,9.373049777291718e-09,-0.0005437191761610482,trajectory,STRAIGHT,3.726741075515747,6.7310633659225765,1.545467421237845e-05
504,94836.937,6.7452168464660645,1.504274860053556e-05,-0.9905884265899658,4.867527152830321e-08,0.13878603279590607,-1.0897436908408054e-07,0.0013431793777272105,0.1388971173763276,1.1337729378875139e-08,-0.0010215473267761444,trajectory,STRAIGHT,3.7267422676086426,6.745216846452358,1.545467421237845e-05
505,94837.14,6.758954048156738,1.5031381735752802e-05,-0.9903480410575867,4.898526137333374e-08,0.13878603279590607,-1.2086510992048716e-07,0.002983922604471445,0.13889711737632762,1.1386065936264944e-08,-0.001134614885317936,trajectory,STRAIGHT,3.727687358856201,6.75895404814303,1.545467421237845e-05
506,94837.281,6.783514499664307,1.5008153241069522e-05,-0.9897904992103577,4.943608433388114e-08,0.13878603279590607,-1.3858694103419111e-07,0.0031900741159915924,0.1388971173763277,1.4035022751942031e-08,-0.0011895404730319515,trajectory,STRAIGHT,3.7280871868133545,6.7835144996506,1.545467421237845e-05
507,94837.39,6.797667980194092,1.4993955119280145e-05,-0.9896742701530457,4.967556345608307e-08,0.13878603279590607,-1.3846917568116623e-07,-0.003050129162147641,0.1388971173763277,1.309524848354632e-08,-0.0007206197515281232,trajectory,STRAIGHT,3.7275779247283936,6.797667980180387,1.545467421237845e-05
508,94837.515,6.811821460723877,1.4980180822021794e-05,-0.9901390075683594,4.991504260147398e-08,0.13878603279590607,-1.302108216805209e-07,-0.005013105925172567,0.13889711737632768,1.2395195563257351e-08,-0.0005454488632365073,trajectory,STRAIGHT,3.7269387245178223,6.811821460710174,1.545467421237845e-05
509,94837.64,6.8251423835754395,1.4968348295951728e-05,-0.9904683828353882,5.014043475933067e-08,0.13878603279590607,-1.1510749686749477e-07,0.00020651337399613112,0.13889711737632762,1.2417256166778215e-08,-0.0009465496438185628,trajectory,STRAIGHT,3.7262885570526123,6.825142383561737,1.545467421237845e-05
510,94837.781,6.84096097946167,1.4956527593312785e-05,-0.9902330040931702,5.0149776583737564e-08,0.13878603279590607,-9.363684938534789e-08,0.0029364638030529022,0.13889711737632757,9.308221020250135e-09,-0.001141841672892675,trajectory,STRAIGHT,3.7265219688415527,6.840960979447962,1.545467421237845e-05
511,94837.89,6.855114459991455,1.4947540876164567e-05,-0.9899172186851501,5.022253119086906e-08,0.13878603279590607,-8.307983279109976e-08,0.003171848366037011,0.1388971173763275,8.166480108009862e-09,-0.0011867982128272003,trajectory,STRAIGHT,3.7275283336639404,6.85511445997774,1.545467421237845e-05
512,94838.015,6.869684219360352,1.4939591892471071e-05,-0.9898466467857361,5.0302345881081756e-08,0.13878603279590607,-6.72426949677174e-08,-0.0034634836483746767,0.13889711737632746,7.760714428688848e-09,-0.0006595002466449684,trajectory,STRAIGHT,3.7277653217315674,6.869684219346626,1.545467421237845e-05
513,94838.14,6.883837699890137,1.4933505553926807e-05,-0.9903149008750916,4.9982997110998454e-08,0.13878603279590607,-5.2775849468389424e-08,-0.004849473480135202,0.1388971173763274,5.488335376651522e-09,-0.0005421749857036694,trajectory,STRAIGHT,3.7272214889526367,6.883837699876398,1.545467421237845e-05
514,94838.25,6.896742343902588,1.4929069038771559e-05,-0.9905826449394226,4.969182618350478e-08,0.13878603279590607,-4.3214015477133216e-08,0.0006280419183894992,0.13889711737632737,4.545737892638564e-09,-0.0009464259403474584,trajectory,STRAIGHT,3.726581335067749,6.896742343888835,1.545467421237845e-05
515,94838.375,6.911312103271484,1.4924925380910281e-05,-0.9903548955917358,4.936308482521466e-08,0.13878603279590607,-3.644726120910491e-08,0.002932061208412051,0.13889711737632734,4.519484094179306e-09,-0.001142134950933601,trajectory,STRAIGHT,3.726802110671997,6.911312103257714,1.545467421237845e-05
516,94838.5,6.925881862640381,1.4921265574230347e-05,-0.9900293350219727,4.903434347911234e-08,0.13878603279590607,-3.3985429581662174e-08,0.003178178798407316,0.1388971173763273,3.733553587843977e-09,-0.0011763460446319752,trajectory,STRAIGHT,3.727781057357788,6.925881862626593,1.545467421237845e-05
517,94838.609,6.940035343170166,1.4917745829734486e-05,-0.9897037744522095,4.8714994754542205e-08,0.13878603279590607,-3.5730714387227636e-08,0.003188464790582657,0.1388971173763273,3.8521920147701704e-09,-0.0012077437333376318,trajectory,STRAIGHT,3.727994680404663,6.94003534315636,1.545467421237845e-05
518,94838.75,6.95377254486084,1.4913963241269812e-05,-0.9896379709243774,4.8405038650453304e-08,0.13878603279590607,-4.1365506575630206e-08,-0.003449363401159644,0.13889711737632732,4.322425423335531e-09,-0.0006943044352333194,trajectory,STRAIGHT,3.727447032928467,6.953772544847018,1.545467421237845e-05
519,94838.875,6.967509746551514,1.4909433048160281e-05,-0.9901062846183777,4.8095082557170306e-08,0.13878603279590607,-5.0813810048566666e-08,-0.005051404237747192,0.13889711737632734,5.149182965516165e-09,-0.0005456152027661853,trajectory,STRAIGHT,3.7268052101135254,6.967509746537676,1.545467421237845e-05
520,94838.984,6.981663227081299,1.4903587725711986e-05,-0.9904334545135498,4.7775733866353036e-08,0.13878603279590607,-6.447094591521818e-08,0.0005601213779300451,0.13889711737632743,6.372210444413572e-09,-0.000957613065740812,trajectory,STRAIGHT,3.726153612136841,6.981663227067449,1.545467421237845e-05
521,94839.109,6.994984149932861,1.4896629181748722e-05,-0.9902350306510925,4.7475170403254666e-08,0.13878603279590607,-8.108655435989931e-08,0.002857404528185725,0.13889711737632748,8.48684864809098e-09,-0.0011513169108841302,trajectory,STRAIGHT,3.726442337036133,6.994984149919,1.545467421237845e-05
522,94839.218,7.0091376304626465,1.4887294128129724e-05,-0.9899225831031799,4.721451781249907e-08,0.13878603279590607,-1.0243478243410209e-07,0.0031643048860132694,0.13889711737632754,9.745395440967499e-09,-0.0011858375185497493,trajectory,STRAIGHT,3.727463483810425,7.0091376304487785,1.545467421237845e-05
523,94839.343,7.022042274475098,1.4876853128953371e-05,-0.9898326396942139,4.706891261159273e-08,0.13878603279590607,-1.2196609588954743e-07,-0.002963092876598239,0.13889711737632762,1.242547899176699e-08,-0.0007001428679891319,trajectory,STRAIGHT,3.7276992797851562,7.022042274461227,1.545467421237845e-05
524,94839.468,7.0357794761657715,1.4863806427456439e-05,-0.9902711510658264,4.691391352889434e-08,0.13878603279590607,-1.4142428028662835e-07,-0.004882045090198517,0.13889711737632804,1.3219438745446476e-08,-0.0005423718596830618,trajectory,STRAIGHT,3.727156639099121,7.035779476151901,1.545467421237845e-05
525,94839.578,7.049516677856445,1.484889980929438e-05,-0.9906203746795654,4.675891444840018e-08,0.13878603279590607,-1.5947904330460005e-07,7.043396180961281e-05,0.13889711737632812,1.6232281313040355e-08,-0.0009211090031567613,trajectory,STRAIGHT,3.7265186309814453,7.049516677842579,1.545467421237845e-05
526,94839.703,7.064086437225342,1.4831241969659459e-05,-0.9904161691665649,4.669319214529112e-08,0.13878603279590607,-1.7565230336913373e-07,0.0028722076676785946,0.13889711737632818,1.641100035241983e-08,-0.0011208683053335034,trajectory,STRAIGHT,3.726970672607422,7.064086437211483,1.545467421237845e-05
527,94839.812,7.078656196594238,1.4812352674198337e-05,-0.9900929927825928,4.6693254060374545e-08,0.13878603279590607,-1.8245562216634426e-07,0.0031754819210618734,0.1388971173763282,1.7071833794642168e-08,-0.001170256617195593,trajectory,STRAIGHT,3.7279601097106934,7.078656196580389,1.545467421237845e-05
528,94839.937,7.092809677124023,1.4793817172176205e-05,-0.98976731300354,4.669331415759218e-08,0.13878603279590607,-1.794319501868813e-07,0.0031918997410684824,0.1388971173763282,1.6792617885123636e-08,-0.0012020461126227011,trajectory,STRAIGHT,3.7280142307281494,7.092809677110185,1.545467421237845e-05
529,94840.062,7.106963157653809,1.4776078387512825e-05,-0.9896511435508728,4.6693374206733856e-08,0.13878603279590607,-1.668245772634691e-07,-0.0030630705878138542,0.13889711737632815,1.5704357071892898e-08,-0.0007217589747874364,trajectory,STRAIGHT,3.7274439334869385,7.106963157639978,1.545467421237845e-05
530,94840.187,7.120284080505371,1.4760979865968693e-05,-0.9900874495506287,4.6693420066840476e-08,0.13878603279590607,-1.4636526657341165e-07,-0.005019865930080414,0.13889711737632807,1.3799700401214458e-08,-0.0005485015534352044,trajectory,STRAIGHT,3.726797342300415,7.120284080491546,1.545467421237845e-05
531,94840.312,7.134021282196045,1.4747683962923475e-05,-0.9904170632362366,4.669342847088186e-08,0.13878603279590607,-1.2248175096374325e-07,0.00038188393227756023,0.13889711737632798,1.3282752425516094e-08,-0.0009641608581434467,trajectory,STRAIGHT,3.72615122795105,7.1340212821822195,1.545467421237845e-05
532,94840.406,7.146925926208496,1.4737292076461017e-05,-0.9902344346046448,4.6693436371517253e-08,0.13878603279590607,-1.0114840875985465e-07,0.0028073478024452925,0.1388971173763279,9.70974851770926e-09,-0.0011336945341151284,trajectory,STRAIGHT,3.7266178131103516,7.146925926194668,1.545467421237845e-05
533,94840.515,7.160246849060059,1.472859366913326e-05,-0.9899430871009827,4.669344453303736e-08,0.13878603279590607,-8.026392350757305e-08,0.003152663353830576,0.13889711737632782,8.97102969252873e-09,-0.0011758871534090565,trajectory,STRAIGHT,3.7276244163513184,7.160246849046223,1.545467421237845e-05
534,94840.64,7.173984050750732,1.4721669685968664e-05,-0.9898717999458313,4.669345295601603e-08,0.13878603279590607,-5.984984596807408e-08,-0.0032896860502660275,0.13889711737632776,6.062960817161414e-09,-0.000684877912787497,trajectory,STRAIGHT,3.7275750637054443,7.173984050736886,1.545467421237845e-05
535,94840.75,7.187304973602295,1.471682026021881e-05,-0.9903028607368469,4.66934611299697e-08,0.13878603279590607,-4.137953979466147e-08,-0.004821256268769503,0.13889711737632768,4.375936958720084e-09,-0.0005439297848463108,trajectory,STRAIGHT,3.726991891860962,7.187304973588434,1.545467421237845e-05
536,94840.875,7.20145845413208,1.4713537893840112e-05,-0.9905797243118286,4.669346982150245e-08,0.13878603279590607,-2.321430159213378e-08,0.000935109332203865,0.1388971173763276,3.3170412909121115e-09,-0.0009905958541750958,trajectory,STRAIGHT,3.7265307903289795,7.2014584541182,1.545467421237845e-05
537,94841.0,7.215611934661865,1.4712040865560994e-05,-0.9903475046157837,4.6693478519945385e-08,0.13878603279590607,-6.342517622215382e-09,0.0029509325977414846,0.13889711737632754,1.241623103051858e-09,-0.0011323846617586274,trajectory,STRAIGHT,3.7273216247558594,7.215611934647963,1.545467421237845e-05
538,94841.125,7.230597972869873,1.4712255506310612e-05,-0.9900115728378296,4.6693487737564804e-08,0.13878603279590607,1.006901051425757e-08,0.003182018408551812,0.13889711737632748,-2.278899007144481e-11,-0.0011676681155211588,trajectory,STRAIGHT,3.7280921936035156,7.230597972855944,1.545467421237845e-05
539,94841.25,7.244751453399658,1.4714012650074437e-05,-0.9896857142448425,4.6693496450040694e-08,0.13878603279590607,2.4169052537104108e-08,0.003188726492226124,0.13889711737632743,-1.524719490937494e-09,-0.001209447694610678,trajectory,STRAIGHT,3.727734088897705,7.2447514533857,1.545467421237845e-05
540,94841.359,7.258488655090332,1.471703035349492e-05,-0.9895628094673157,4.669350491287546e-08,0.13878603279590607,3.662751879573989e-08,-0.00292268767952919,0.13889711737632737,-2.759024064557107e-09,-0.0007266797997465957,trajectory,STRAIGHT,3.727111577987671,7.258488655076343,1.545467421237845e-05
541,94841.484,7.272225856781006,1.4721218576596584e-05,-0.990013062953949,4.669351338221979e-08,0.13878603279590607,4.775101913878643e-08,-0.005090039223432541,0.13889711737632734,-3.6563282687358375e-09,-0.0005504861536731775,trajectory,STRAIGHT,3.726461887359619,7.272225856766984,1.545467421237845e-05
542,94841.593,7.286379337310791,1.4726610061188694e-05,-0.9903478622436523,4.669352211501933e-08,0.13878603279590607,5.778715461701722e-08,0.000522218644618988,0.13889711737632732,-4.932280744917372e-09,-0.0009827268186321314,trajectory,STRAIGHT,3.725947856903076,7.286379337296733,1.545467421237845e-05
543,94841.734,7.2997002601623535,1.4732562704011798e-05,-0.9901512265205383,4.669353034043708e-08,0.13878603279590607,6.601899826819135e-08,0.0028492454439401627,0.13889711737632726,-5.2961520881194385e-09,-0.0011442456662565392,trajectory,STRAIGHT,3.726731300354004,7.29970026014826,1.545467421237845e-05
544,94841.859,7.314686298370361,1.4740131518919952e-05,-0.9898201823234558,4.669353960140856e-08,0.13878603279590607,7.385772704537885e-08,0.0031648497097194195,0.13889711737632726,-6.077092574211556e-09,-0.0011946813473625317,trajectory,STRAIGHT,3.7276065349578857,7.314686298356226,1.545467421237845e-05
545,94841.968,7.328007221221924,1.4747506611456629e-05,-0.9896695613861084,4.669354783992495e-08,0.13878603279590607,7.957705605576848e-08,-0.0024247399996966124,0.13889711737632723,-6.5230414661875316e-09,-0.000769582808250081,trajectory,STRAIGHT,3.7273032665252686,7.328007221207749,1.545467421237845e-05
546,94842.093,7.342160701751709,1.4755876691197045e-05,-0.9901089072227478,4.669355660005548e-08,0.13878603279590607,8.430966857986277e-08,-0.004999971948564053,0.1388971173763272,-6.997261623810891e-09,-0.0005482113810856436,trajectory,STRAIGHT,3.726691246032715,7.342160701737493,1.545467421237845e-05
547,94842.203,7.3554816246032715,1.476413308409974e-05,-0.9904568791389465,4.6693564851159395e-08,0.13878603279590607,8.749108815209183e-08,-7.29356543160975e-06,0.1388971173763272,-8.015215064175175e-09,-0.0009302270559263026,trajectory,STRAIGHT,3.726201295852661,7.3554816245890144,1.545467421237845e-05
548,94842.328,7.369218826293945,1.477290516049834e-05,-0.9902734160423279,4.6693573366512414e-08,0.13878603279590607,8.951690233516274e-08,0.002810051431879401,0.13889711737632718,-7.45598351034063e-09,-0.0011302132630940254,trajectory,STRAIGHT,3.726987361907959,7.369218826279646,1.545467421237845e-05
549,94842.437,7.382956027984619,1.478181638958631e-05,-0.9899720549583435,4.669358188838114e-08,0.13878603279590607,9.026486225138797e-08,0.0031601106747984886,0.13889711737632718,-7.529735466903718e-09,-0.0011813427193844617,trajectory,STRAIGHT,3.727825403213501,7.382956027970276,1.545467421237845e-05
550,94842.562,7.397109508514404,1.4791007743042428e-05,-0.9898341298103333,4.669359067529723e-08,0.13878612220287323,8.968797260422434e-08,-0.0027454050723463297,0.13889711022376983,-7.509652559468243e-09,-0.0007290317931657964,trajectory,STRAIGHT,3.7274978160858154,7.397109508500017,1.545467421237845e-05
551,94842.671,7.410846710205078,1.479980619478738e-05,-0.990264356136322,4.6693599210376265e-08,0.13878612220287323,8.782603089230179e-08,-0.004883907735347748,0.13889711022376983,-8.176399204671683e-09,-0.0005364402638262445,trajectory,STRAIGHT,3.7268805503845215,7.410846710190647,1.545467421237845e-05
552,94842.781,7.425000190734863,1.4808610103500541e-05,-0.9905300736427307,4.669360801091113e-08,0.13878612220287323,8.458845002223825e-08,0.0010477559408172965,0.13889711022376983,-7.062946062964688e-09,-0.0009848512663309494,trajectory,STRAIGHT,3.726569414138794,7.425000190720389,1.545467421237845e-05
553,94842.906,7.439153671264648,1.4817015653534327e-05,-0.990293025970459,4.669361681839622e-08,0.13878612220287323,7.997607553988928e-08,0.00296346889808774,0.13889711022376985,-7.468424158599184e-09,-0.0011499606865261712,trajectory,STRAIGHT,3.7274458408355713,7.43915367125013,1.545467421237845e-05
554,94843.031,7.453307151794434,1.4824880054220557e-05,-0.9899758100509644,4.6693625632791426e-08,0.13878612220287323,7.399351886760996e-08,0.0031795694958418608,0.13889711022376988,-6.121400548691586e-09,-0.0011818505131872736,trajectory,STRAIGHT,3.727977991104126,7.453307151779873,1.545467421237845e-05
555,94843.14,7.467460632324219,1.4832061424385756e-05,-0.9898931980133057,4.669363445405372e-08,0.13878628611564636,6.659819007381884e-08,-0.0032688130158931017,0.13889709711074805,-5.461470471051634e-09,-0.0006840408450814072,trajectory,STRAIGHT,3.7275021076202393,7.467460632309616,1.545467421237845e-05
556,94843.265,7.481614112854004,1.4838421520835254e-05,-0.9903424978256226,4.6693643282171566e-08,0.13878628611564636,5.787601864426506e-08,-0.004753869958221912,0.13889709711074807,-5.333619416830436e-09,-0.0005427712990792577,trajectory,STRAIGHT,3.7268688678741455,7.481614112839361,1.545467421237845e-05
557,94843.375,7.495351314544678,1.4843684766674414e-05,-0.9905290007591248,4.669365185724705e-08,0.13878628611564636,4.8181629352939126e-08,0.0014494281494989991,0.13889709711074813,-3.798276696219837e-09,-0.0010136071457034256,trajectory,STRAIGHT,3.726703643798828,7.495351314529998,1.545467421237845e-05
558,94843.5,7.509921073913574,1.4848138562228996e-05,-0.9902662634849548,4.6693660959137366e-08,0.13878628611564636,3.6447776352588335e-08,0.0030219273176044226,0.13889709711074816,-2.7747358502588287e-09,-0.0011443537877415134,trajectory,STRAIGHT,3.7276012897491455,7.509921073898857,1.545467421237845e-05
559,94843.625,7.524074554443359,1.4851216292299796e-05,-0.9899468421936035,4.669366980798534e-08,0.13878628611564636,2.3651100633514943e-08,0.0031829748768359423,0.1388970971107482,-1.615338866576055e-09,-0.0011847465936931677,trajectory,STRAIGHT,3.727966070175171,7.5240745544286085,1.545467421237845e-05
560,94843.75,7.537395477294922,1.4852854292257689e-05,-0.9899239540100098,4.659504673588065e-08,0.13878647983074188,1.026404561343952e-08,-0.0035884371027350426,0.1388970816135406,-6.374771175376821e-10,-0.0006441780445071765,trajectory,STRAIGHT,3.7274484634399414,7.537395477280141,1.545467421237845e-05
561,94843.875,7.551548957824707,1.4853124412184115e-05,-0.9903892874717712,4.6571570272023755e-08,0.13878647983074188,-5.198049990440268e-09,-0.004762761760503054,0.13889708161354067,9.741749781467777e-10,-0.0005419976969272589,trajectory,STRAIGHT,3.726810932159424,7.5515489578098975,1.545467421237845e-05
562,94843.984,7.566534996032715,1.4851619198452681e-05,-0.9905984997749329,4.642128612589038e-08,0.13878633081912994,-2.2929622645051495e-08,0.0015642427606508136,0.1388970935344697,2.5848979139806384e-09,-0.0010172626269025807,trajectory,STRAIGHT,3.7268106937408447,7.566534996017879,1.545467421237845e-05
563,94844.109,7.5806884765625,1.4848364116915036e-05,-0.9903397560119629,4.5953978007058546e-08,0.13878633081912994,-4.115398510862178e-08,0.003024797420948744,0.13889709353446977,4.239821367167857e-09,-0.0011378567655459314,trajectory,STRAIGHT,3.727755546569824,7.580688476547642,1.545467421237845e-05
564,94844.234,7.594841957092285,1.4843177268630825e-05,-0.9900200366973877,4.56346118442402e-08,0.13878633081912994,-6.076456315895484e-08,0.0031850014347583055,0.13889709353446983,5.983052183338215e-09,-0.001178021616576016,trajectory,STRAIGHT,3.7281157970428467,7.594841957077409,1.545467421237845e-05
565,94844.343,7.608162879943848,1.4836412447039038e-05,-0.9897134304046631,4.533403191851851e-08,0.13878633081912994,-8.046956168072938e-08,0.0031878468580543995,0.1388970935344699,8.322618594991397e-09,-0.001193579565075934,trajectory,STRAIGHT,3.727598190307617,7.608162879928958,1.545467421237845e-05
566,94844.546,7.631890773773193,1.4819429452472832e-05,-0.990038275718689,4.479862390715124e-08,0.13878633081912994,-1.1875652461412756e-07,-0.005542959086596966,0.13889709353447005,1.1856054857090679e-08,-0.0005063775058060959,trajectory,STRAIGHT,3.7263071537017822,7.631890773758291,1.545467421237845e-05
567,94844.671,7.645627975463867,1.4806527360633481e-05,-0.9904243350028992,4.455906556502479e-08,0.13878615200519562,-1.411289218822276e-07,0.00011024792911484838,0.13889710783958487,1.3160424955544101e-08,-0.00092506573199993,trajectory,STRAIGHT,3.7263071537017822,7.645627975448963,1.545467421237845e-05
568,94844.796,7.659781455993652,1.4791282410442363e-05,-0.9902277588844299,4.4232585620598316e-08,0.13878615200519562,-1.562121525466864e-07,0.0028433790430426598,0.13889710783958492,1.598275756249159e-08,-0.001153545027037617,trajectory,STRAIGHT,3.726365327835083,7.65978145597875,1.545467421237845e-05
569,94844.921,7.6751837730407715,1.4773522707400844e-05,-0.9898874163627625,4.3884965309027514e-08,0.13878615200519562,-1.6188448626053287e-07,0.0031670101452618837,0.13889710783958492,1.531633428837059e-08,-0.0011881316112176518,trajectory,STRAIGHT,3.727440595626831,7.675183773025873,1.545467421237845e-05
570,94845.062,7.690586090087891,1.4755758456885815e-05,-0.9898190498352051,4.3537345042307306e-08,0.13878615200519562,-1.5627061600298475e-07,-0.0036294511519372463,0.1388971078395849,1.4863284404542322e-08,-0.000662778954474309,trajectory,STRAIGHT,3.727670669555664,7.690586090072997,1.545467421237845e-05
571,94845.203,7.70598840713501,1.473924294259632e-05,-0.9903385639190674,4.3189724820480016e-08,0.13878615200519562,-1.3944070076377102e-07,-0.0048698666505515575,0.13889710783958484,1.338762255284006e-08,-0.0005405722820192549,trajectory,STRAIGHT,3.7271251678466797,7.705988407120118,1.545467421237845e-05
572,94845.328,7.720558166503906,1.4725803339388222e-05,-0.9905778765678406,4.323668853947744e-08,0.1387859731912613,-1.1657559895184022e-07,0.0013219586107879877,0.1388971221446986,1.1208358351571019e-08,-0.0010011385471205769,trajectory,STRAIGHT,3.7264840602874756,7.7205581664890115,1.545467421237845e-05
573,94845.453,7.735127925872803,1.4714674762217328e-05,-0.9903204441070557,4.340109039741723e-08,0.1387859731912613,-9.592871208496945e-08,0.003010569605976343,0.13889712214469851,9.315825847905748e-09,-0.0011385897903302112,trajectory,STRAIGHT,3.7277426719665527,7.735127925857901,1.545467421237845e-05
574,94845.578,7.7501139640808105,1.4705325156683102e-05,-0.9899821877479553,4.358193077338015e-08,0.1387859731912613,-7.766671217268595e-08,0.0031865048222243786,0.13889712214469846,7.679410391691388e-09,-0.0011808824047983767,trajectory,STRAIGHT,3.728037118911743,7.750113964065897,1.545467421237845e-05
575,94845.703,7.763434886932373,1.4698550330649596e-05,-0.9899378418922424,4.3772162770056335e-08,0.1387859731912613,-6.389679185758723e-08,-0.0034196649212390184,0.13889712214469932,6.314508289319462e-09,-0.0006694604262883663,trajectory,STRAIGHT,3.727505922317505,7.763434886917445,1.545467421237845e-05
576,94845.812,7.7780046463012695,1.4692508557345718e-05,-0.9904146790504456,4.410094859154486e-08,0.1387859731912613,-5.1681038115702904e-08,-0.00478229857981205,0.1388971221446993,5.976889200972325e-09,-0.0005366078756923675,trajectory,STRAIGHT,3.7268638610839844,7.778004646286324,1.545467421237845e-05
577,94845.937,7.792990684509277,1.468746722821379e-05,-0.990644097328186,4.4439128326000356e-08,0.1387859731912613,-4.219634419655449e-08,0.00145523133687675,0.13889712214469926,4.40602133677323e-09,-0.0010051467806621705,trajectory,STRAIGHT,3.726860523223877,7.7929906844943115,1.545467421237845e-05
578,94846.078,7.8071441650390625,1.4683502740808763e-05,-0.990389883518219,4.4758520327651836e-08,0.1387859731912613,-3.599743436666358e-08,0.0030136548448354006,0.13889712214469924,3.8046015584529185e-09,-0.0011324565972262379,trajectory,STRAIGHT,3.7278053760528564,7.807144165024075,1.545467421237845e-05
579,94846.203,7.821297645568848,1.4680032109026797e-05,-0.9900704622268677,4.507791235853836e-08,0.1387859731912613,-3.250912428143238e-08,0.0031856074929237366,0.1388971221446992,3.4801494080003557e-09,-0.0011733475078952282,trajectory,STRAIGHT,3.728205919265747,7.821297645553837,1.545467421237845e-05
580,94846.328,7.835451126098633,1.467677611799445e-05,-0.9897444248199463,4.539730441868777e-08,0.1387859731912613,-3.1740416517322956e-08,0.003188963746652007,0.1388971221446992,3.401186930946127e-09,-0.001203945056961414,trajectory,STRAIGHT,3.7276992797851562,7.8354511260835995,1.545467421237845e-05
581,94846.453,7.850853443145752,1.4673156329081394e-05,-0.9896200895309448,4.57448781644459e-08,0.1387859731912613,-3.401155623805607e-08,-0.00325954332947731,0.13889712214469924,3.6265035222172703e-09,-0.0007085989761585065,trajectory,STRAIGHT,3.7270593643188477,7.850853443130694,1.545467421237845e-05
582,94846.578,7.865006923675537,1.4669460142613389e-05,-0.9900935888290405,4.6064270285735495e-08,0.1387859731912613,-3.8930828338834544e-08,-0.005040578544139862,0.13889712214469924,4.028788643514753e-09,-0.0005479012974933416,trajectory,STRAIGHT,3.726407289505005,7.865006923660457,1.545467421237845e-05
583,94846.703,7.879992961883545,1.466484354750719e-05,-0.9904000163078308,4.640245021070093e-08,0.1387859731912613,-4.7047699069935334e-08,0.0010032410500571132,0.1388971221446993,4.7763970697744665e-09,-0.0009952920771348738,trajectory,STRAIGHT,3.726104974746704,7.879992961868442,1.545467421237845e-05
584,94846.828,7.893730163574219,1.4659704902442172e-05,-0.9901743531227112,4.6712448504040354e-08,0.1387859731912613,-5.719275009141711e-08,0.002932714531198144,0.13889712214469932,5.641097127200211e-09,-0.0011474765512944495,trajectory,STRAIGHT,3.727015256881714,7.8937301635590975,1.545467421237845e-05
585,94846.953,7.908299922943115,1.4653011930931825e-05,-0.989849328994751,4.704123460285896e-08,0.1387859731912613,-7.077048280734743e-08,0.0031704348511993885,0.13889712214469938,6.88888819455675e-09,-0.0011926552354113817,trajectory,STRAIGHT,3.7277379035949707,7.908299922927977,1.545467421237845e-05
586,94847.078,7.923285961151123,1.4644475413660984e-05,-0.9897130727767944,4.737941462256825e-08,0.1387859731912613,-8.784906668779513e-08,-0.003011059947311878,0.13889712214469943,8.444809885327372e-09,-0.0007192216857786436,trajectory,STRAIGHT,3.7273356914520264,7.923285961135971,1.545467421237845e-05
587,94847.187,7.9378557205200195,1.4634253602707759e-05,-0.9901898503303528,4.770820078429551e-08,0.1387859731912613,-1.0731340438496773e-07,-0.004996341187506914,0.13889712214469951,1.0173582856486991e-08,-0.0005425439121455133,trajectory,STRAIGHT,3.7267117500305176,7.9378557205048565,1.545467421237845e-05
588,94847.312,7.952425479888916,1.462191721657291e-05,-0.990477442741394,4.787027838637737e-08,0.1387859731912613,-1.264364755115821e-07,0.0010211920598521829,0.1388971221446996,1.193359259172721e-08,-0.000988629574969334,trajectory,STRAIGHT,3.726248264312744,7.952425479873748,1.545467421237845e-05
589,94847.437,7.9669952392578125,1.4608041965402663e-05,-0.9902330636978149,4.803472414336165e-08,0.1387859731912613,-1.362184320896631e-07,0.0029730007518082857,0.13889712214436267,-5.177818567183052e-07,-0.0011443637886765234,trajectory,GOAL_DIRECT,3.727057456970215,7.9669952392426415,1.545467421237845e-05
590,94847.562,7.981148719787598,1.459407212678343e-05,-0.9899156093597412,4.819212033742216e-08,0.1387859731912613,-1.3610679161502048e-07,0.003177606500685215,0.13889712214436048,-5.184030697848109e-07,-0.0011873367123703248,trajectory,GOAL_DIRECT,3.7278881072998047,7.981148719772425,1.545467421237845e-05
591,94847.687,7.9961347579956055,1.4579573871742468e-05,-0.9897778034210205,4.810761504459908e-08,0.1387859731912613,-1.3338474502688769e-07,-0.00296896998770535,0.13889712214436048,-5.170915210791135e-07,-0.0007025008902351148,trajectory,GOAL_DIRECT,3.727555990219116,7.996134757980431,1.545467421237845e-05
592,94847.812,8.010299682617188,1.4565860510629136e-05,-0.9902328848838806,4.802780620332659e-08,0.1387859731912613,-1.364020221217288e-07,-0.004923572763800621,0.13889712214435937,-5.195458543527135e-07,-0.0005433710541920833,trajectory,GOAL_DIRECT,3.7269387245178223,8.01029968260201,1.545467421237845e-05
593,94847.921,8.022802352905273,1.455329402233474e-05,-0.9905558228492737,4.7957386655339215e-08,0.1387859731912613,-1.4353113897414005e-07,-0.00015145867655519396,0.1388971221443594,-5.17652756289358e-07,-0.0009089932829020641,trajectory,GOAL_DIRECT,3.7263612747192383,8.022802352890096,1.545467421237845e-05
594,94848.046,8.036555290222168,1.4538495634042192e-05,-0.9903781414031982,4.787992517189377e-08,0.1387859731912613,-1.5627229288384115e-07,0.0027937141712754965,0.1388971221443584,-5.188616673307881e-07,-0.0011193249654654635,trajectory,GOAL_DIRECT,3.727032423019409,8.03655529020699,1.545467421237845e-05
595,94848.171,8.051141738891602,1.4521133380185347e-05,-0.9900583028793335,4.779776907521987e-08,0.1387859731912613,-1.754122109787204e-07,0.003165618283674121,0.1388971221443574,-5.175498971440097e-07,-0.0011728719858820646,trajectory,GOAL_DIRECT,3.727975368499756,8.051141738876428,1.545467421237845e-05
596,94848.296,8.065728187561035,1.450145646231249e-05,-0.9897235631942749,4.7715613001335e-08,0.1387859731912613,-2.0031735914471938e-07,0.0031898028682917356,0.1388971221443575,-5.157775167902059e-07,-0.0012055892378209686,trajectory,GOAL_DIRECT,3.7277867794036865,8.065728187545872,1.545467421237845e-05
597,94848.406,8.07948112487793,1.4480237950920127e-05,-0.9895817041397095,4.763815158112783e-08,0.1387859731912613,-2.2925557630060212e-07,-0.0026971709448844194,0.1388971221443566,-5.136827105563216e-07,-0.0007564241612213906,trajectory,GOAL_DIRECT,3.7271862030029297,8.079481124862781,1.545467421237845e-05
598,94848.546,8.094067573547363,1.4454315532930195e-05,-0.9900520443916321,4.7555995551518777e-08,0.1387859731912613,-2.654311686001165e-07,-0.00508594186976552,0.13889712214435673,-5.105679726940242e-07,-0.0005480351228235769,trajectory,GOAL_DIRECT,3.7265372276306152,8.094067573532236,1.545467421237845e-05
599,94848.671,8.109487533569336,1.4422454114537686e-05,-0.9904165863990784,4.746914491642593e-08,0.1387859731912613,-3.0960953267822333e-07,0.0006832632352598011,0.13889712214435693,-5.065823706812488e-07,-0.0009706897443583462,trajectory,GOAL_DIRECT,3.725999116897583,8.109487533554242,1.545467421237845e-05
600,94848.812,8.124490737915039,1.4386411749001127e-05,-0.9901780486106873,4.738464162023976e-08,0.1387859731912613,-3.5890329286303313e-07,0.002950135851278901,0.13889712214435712,-5.022173249937808e-07,-0.001147957817713582,trajectory,GOAL_DIRECT,3.726750373840332,8.124490737899988,1.545467421237845e-05
601,94848.906,8.138660430908203,1.4347187061503064e-05,-0.9898617267608643,4.73048329737574e-08,0.1387859731912613,-4.1113946736004436e-07,0.003173558972775936,0.13889712214435734,-4.975358009181756e-07,-0.001192122991878999,trajectory,GOAL_DIRECT,3.7277109622955322,8.138660430893204,1.545467421237845e-05
602,94849.031,8.152830123901367,1.4302338058769237e-05,-0.9897820353507996,4.72250243488033e-08,0.1387859731912613,-4.6920240492909215e-07,-0.0033421365078538656,0.13889712214435865,-4.919604763865763e-07,-0.0006887429923933075,trajectory,GOAL_DIRECT,3.727508783340454,8.15283012388643,1.545467421237845e-05
603,94849.171,8.166166305541992,1.4254483176046051e-05,-0.9902194142341614,4.7149910368470065e-08,0.1387859731912613,-5.285518227537978e-07,-0.004890646319836378,0.13889712214435893,-4.863416217628478e-07,-0.0005464928597492024,trajectory,GOAL_DIRECT,3.726907253265381,8.166166305527126,1.545467421237845e-05
604,94849.281,8.179919242858887,1.4198932149156462e-05,-0.9905681610107422,4.707949087859767e-08,0.1387859731912613,-5.942038114881143e-07,7.282973092515022e-05,0.13889712214436029,-4.795688604169842e-07,-0.0009069263955652007,trajectory,GOAL_DIRECT,3.726330041885376,8.179919242844107,1.545467421237845e-05
605,94849.421,8.19450569152832,1.4133071999822278e-05,-0.9903638362884521,4.6915150422372154e-08,0.1387859731912613,-6.581663569704688e-07,0.002871488919481635,0.13889712214436162,-4.72407341448815e-07,-0.001125720378716778,trajectory,GOAL_DIRECT,3.727006196975708,8.194505691513644,1.545467421237845e-05
606,94849.531,8.209092140197754,1.40611618917319e-05,-0.99004065990448,4.675080990054942e-08,0.1387859731912613,-7.09354424088815e-07,0.0031746048480272293,0.13889712214436403,-4.663644733043815e-07,-0.0011751012595903432,trajectory,GOAL_DIRECT,3.7279701232910156,8.209092140183197,1.545467421237845e-05
607,94849.656,8.224095344543457,1.3982311429572292e-05,-0.9896958470344543,4.658177386681074e-08,0.1387859731912613,-7.485219839509227e-07,0.003190543968230486,0.13889712214436642,-4.609635305673545e-07,-0.001207809113581767,trajectory,GOAL_DIRECT,3.7278389930725098,8.22409534452903,1.545467421237845e-05
608,94849.765,8.237431526184082,1.390923989674775e-05,-0.9896195530891418,4.643151955633755e-08,0.13878606259822845,-7.719971222286404e-07,-0.003283676691353321,0.13889711499181134,-4.578696153604892e-07,-0.0007088283911783689,trajectory,GOAL_DIRECT,3.727246046066284,8.237431526169779,1.545467421237845e-05
609,94849.89,8.251184463500977,1.3832084732712246e-05,-0.9900799989700317,4.628126617142367e-08,0.13878606259822845,-7.84751421178953e-07,-0.005040295422077179,0.13889711499181137,-4.490569479938605e-07,-0.0005452765986759655,trajectory,GOAL_DIRECT,3.726597309112549,8.251184463486801,1.545467421237845e-05
610,94850.015,8.264520645141602,1.375666124658892e-05,-0.9904264211654663,4.6431567282598996e-08,0.13878606259822845,-7.839071258786134e-07,8.358954801224172e-06,0.13889711499181476,-4.531423282523768e-07,-0.0009149780564591127,trajectory,GOAL_DIRECT,3.7260172367095947,8.264520645127554,1.545467421237845e-05
611,94850.14,8.278690338134766,1.3677468814421445e-05,-0.9902339577674866,4.65912615018742e-08,0.13878606259822845,-7.659139100724133e-07,0.0028345638420432806,0.1388971149918168,-4.5245257708233677e-07,-0.0011354847117603694,trajectory,GOAL_DIRECT,3.7267158031463623,8.27869033812085,1.545467421237845e-05
612,94850.265,8.293693542480469,1.3596431017504074e-05,-0.9899033308029175,4.67533122292642e-08,0.13878606259822845,-7.348140229623823e-07,0.0031676271464675665,0.13889711499181995,-4.5292113512264216e-07,-0.0011871130293855557,trajectory,GOAL_DIRECT,3.727696418762207,8.293693542466686,1.545467421237845e-05
613,94850.375,8.307863235473633,1.352288654743461e-05,-0.9897665977478027,4.691301704681124e-08,0.13878625631332397,-7.076099564073957e-07,-0.002787546021863818,0.13889709949461435,-4.5400614463489255e-07,-0.0007320550969535333,trajectory,GOAL_DIRECT,3.727546453475952,8.307863235459969,1.545467421237845e-05
614,94850.5,8.321616172790527,1.3454026884573977e-05,-0.990200400352478,4.7068024691828284e-08,0.13878625631332397,-6.839072170805593e-07,-0.004921507090330124,0.13889709949461534,-4.5473609220013617e-07,-0.0005456526244967486,trajectory,GOAL_DIRECT,3.726952075958252,8.321616172776976,1.545467421237845e-05
615,94850.625,8.335369110107422,1.3387377293838654e-05,-0.9905393719673157,4.72230323644137e-08,0.13878625631332397,-6.629294375670725e-07,0.0002335929893888533,0.13889709949461526,-4.496979764986924e-07,-0.0009411120501323844,trajectory,GOAL_DIRECT,3.7263569831848145,8.335369110093975,1.545467421237845e-05
616,94850.734,8.349538803100586,1.3320747711986769e-05,-0.9903370141983032,4.738273726803282e-08,0.13878625631332397,-6.439352659981523e-07,0.0028667375445365906,0.13889709949461942,-4.552307208890558e-07,-0.0011279456253610698,trajectory,GOAL_DIRECT,3.726996660232544,8.349538803087245,1.545467421237845e-05
617,94850.843,8.362874984741211,1.3259689694677945e-05,-0.9900426864624023,4.753304779228969e-08,0.13878625631332397,-6.28500231414364e-07,0.003166214795783162,0.13889709949461937,-4.503094801731792e-07,-0.0011666201922558394,trajectory,GOAL_DIRECT,3.727940082550049,8.362874984727966,1.545467421237845e-05
618,94850.968,8.376627922058105,1.3198150554671884e-05,-0.9897270202636719,4.768805554758025e-08,0.13878625631332397,-6.151016691546829e-07,0.0031908610835671425,0.13889709949462256,-4.5539321148945963e-07,-0.0012061868263736997,trajectory,GOAL_DIRECT,3.7277538776397705,8.376627922044957,1.545467421237845e-05
619,94851.078,8.38996410369873,1.3139629118086305e-05,-0.9896308183670044,4.781957965819181e-08,0.13878653943538666,-6.04488207045506e-07,-0.0030849778559058905,0.1388970768448575,-4.5033788188416574e-07,-0.0007089298060492309,trajectory,GOAL_DIRECT,3.727153778076172,8.38996410368567,1.545467421237845e-05
620,94851.218,8.404550552368164,1.3076643881504424e-05,-0.9901167154312134,4.798867966665666e-08,0.13878653943538666,-5.956947575214144e-07,-0.005068312399089336,0.13889707684486063,-4.543724428982124e-07,-0.0005440551091257396,trajectory,GOAL_DIRECT,3.726504325866699,8.4045505523552,1.545467421237845e-05
621,94851.343,8.419970512390137,1.3010890143050347e-05,-0.9904757142066956,4.8387916598978484e-08,0.13878634572029114,-5.89582271004474e-07,0.0007100616348907351,0.13889709234206932,-4.5335245010051927e-07,-0.0009670372392736037,trajectory,GOAL_DIRECT,3.726100444793701,8.419970512377272,1.545467421237845e-05
622,94851.453,8.4341402053833,1.295091806241544e-05,-0.9902532696723938,4.835036039352502e-08,0.13878634572029114,-5.8678568848336e-07,0.0029213521629571915,0.1388970923420703,-4.5288033640033203e-07,-0.0011392975103174574,trajectory,GOAL_DIRECT,3.7269697189331055,8.434140205370529,1.545467421237845e-05
623,94851.578,8.447059631347656,1.2896399312012363e-05,-0.9899663329124451,4.834096756126496e-08,0.13878634572029114,-5.856130087522615e-07,0.00316808233037591,0.1388970923420703,-4.474590002972451e-07,-0.0011733827617083914,trajectory,GOAL_DIRECT,3.7278623580932617,8.447059631334966,1.545467421237845e-05
624,94851.687,8.46081256866455,1.2838482689403463e-05,-0.9898379445075989,4.8343315942507374e-08,0.13878634572029114,-5.843668873239949e-07,-0.002749496139585972,0.13889709234207356,-4.5094933924845815e-07,-0.0007287650528503097,trajectory,GOAL_DIRECT,3.7275774478912354,8.460812568651948,1.545467421237845e-05
625,94851.796,8.474462509155273,1.2781045370502397e-05,-0.9852729439735413,4.8687998994626716e-08,0.13626857101917267,-5.731243390982854e-07,0.07424527406692505,0.139098514318163,-4.460785265011609e-07,-0.007116596696074073,trajectory,GOAL_DIRECT,3.7269649505615234,8.474462509142757,1.545467421237845e-05
626,94851.921,8.488242149353027,1.2723528016067576e-05,-0.977432131767273,4.9154444560133776e-08,0.13416196405887604,-5.535744094231632e-07,0.07507319748401642,0.13926704287498984,-4.512405405593647e-07,-0.007780978304832918,trajectory,GOAL_DIRECT,3.7265281677246094,8.488242149340596,1.545467421237845e-05
627,94852.046,8.502281188964844,1.2666451766563114e-05,-0.9699764251708984,4.95687439289837e-08,0.13335183262825012,-5.345335694073583e-07,0.06683504581451416,0.13933185338944187,-4.5174417967807366e-07,-0.007839035673485418,trajectory,GOAL_DIRECT,3.7015106678009033,8.502281188952498,1.545467421237845e-05
628,94852.171,8.515867233276367,1.2612637874553911e-05,-0.9635612368583679,4.991770042304631e-08,0.13329437375068665,-5.215603664510127e-07,0.05906732752919197,0.13933645009964693,-4.47363740790839e-07,-0.0075383776262861685,trajectory,GOAL_DIRECT,3.694927453994751,8.5158672332641,1.545467421237845e-05
629,94852.296,8.52907657623291,1.2561410585476551e-05,-0.9580568671226501,5.015663567735792e-08,0.1335919201374054,-5.141928909324633e-07,0.052248384803533554,0.13931264638871138,-4.5193140502973235e-07,-0.00787721203042545,trajectory,GOAL_DIRECT,3.6865451335906982,8.529076576220717,1.545467421237845e-05
630,94852.39,8.541519165039062,1.2513727597252e-05,-0.9534704089164734,5.0149359219322466e-08,0.1340208500623703,-5.119611614645692e-07,0.04647866263985634,0.1392783319947152,-4.5151524358500543e-07,-0.007886677987364178,trajectory,GOAL_DIRECT,3.6749937534332275,8.54151916502694,1.545467421237845e-05
631,94852.515,8.554814338684082,1.2462955055525526e-05,-0.9491475820541382,4.996508303098736e-08,0.13453544676303864,-5.145753334545589e-07,0.04095255956053734,0.13923716425866173,-4.4614414667486323e-07,-0.007660731084135418,trajectory,GOAL_DIRECT,3.6616387367248535,8.554814338672031,1.545467421237845e-05
632,94852.64,8.568564414978027,1.24101034089108e-05,-0.9452405571937561,4.966019787014864e-08,0.1350671350955963,-5.226482926445897e-07,0.03572388365864754,0.1391946291920583,-4.481799775442363e-07,-0.007829033718755731,trajectory,GOAL_DIRECT,3.6507270336151123,8.568564414966055,1.545467421237845e-05
633,94852.765,8.582365036010742,1.235614763572812e-05,-0.9418737888336182,4.9549830065860136e-08,0.13556773960590363,-5.361448529583868e-07,0.030001716688275337,0.13915458083123602,-4.459112827886054e-07,-0.007711173236750731,trajectory,GOAL_DIRECT,3.6416313648223877,8.582365035998848,1.545467421237845e-05
634,94852.89,8.596627235412598,1.2299167792662047e-05,-0.9390186667442322,4.903023615850934e-08,0.13603420555591583,-5.477732543113234e-07,0.024282295256853104,0.13911726355523507,-4.3916566169327494e-07,-0.007396375626706252,trajectory,GOAL_DIRECT,3.6339547634124756,8.596627235400785,1.545467421237845e-05
635,94853.015,8.610523223876953,1.2243071068951394e-05,-0.9367914199829102,4.8180563000747046e-08,0.13643474876880646,-5.507677087734919e-07,0.019292090088129044,0.13908522009820617,-4.4209185877228253e-07,-0.007381751826837636,trajectory,GOAL_DIRECT,3.6275014877319336,8.610523223865224,1.545467421237845e-05
636,94853.125,8.62404727935791,1.2188724213046953e-05,-0.9350926876068115,4.7315415962196295e-08,0.13677449524402618,-5.458562668536615e-07,0.014983393251895905,0.1390580403801899,-4.4130634089974834e-07,-0.007219800792808022,trajectory,GOAL_DIRECT,3.6222782135009766,8.62404727934626,1.545467421237845e-05
637,94853.25,8.638014793395996,1.2133647032896988e-05,-0.9337618947029114,4.618696392006141e-08,0.13707733154296875,-5.327517555997474e-07,0.011122173629701138,0.1390338134762768,-4.409349055026924e-07,-0.007052041596539207,trajectory,GOAL_DIRECT,3.6181416511535645,8.638014793384425,1.545467421237845e-05
638,94853.359,8.65201187133789,1.2080027772753965e-05,-0.9328013062477112,4.557264960269551e-08,0.13733699917793274,-5.203532964515034e-07,0.0077712987549602985,0.13901304006547963,-4.3644628442606455e-07,-0.00683200102931995,trajectory,GOAL_DIRECT,3.614957332611084,8.652011871326398,1.545467421237845e-05
639,94853.484,8.666030883789062,1.2027375305478927e-05,-0.9321573376655579,4.535972802763658e-08,0.13755857944488525,-5.115553562973219e-07,0.004917277488857508,0.1389953136441261,-4.4036180968745586e-07,-0.006736502280384661,trajectory,GOAL_DIRECT,3.612596035003662,8.666030883777644,1.545467421237845e-05
640,94853.593,8.680070877075195,1.1975757843174506e-05,-0.9317814111709595,4.521487656387267e-08,0.137747123837471,-5.000453597858723e-07,0.002496530534699559,0.1389802300927192,-4.3604401148667366e-07,-0.006561638848781945,trajectory,GOAL_DIRECT,3.6109437942504883,8.680070877063848,1.545467421237845e-05
641,94853.718,8.694132804870605,1.1925453691219445e-05,-0.9316341280937195,4.486107167410989e-08,0.13790717720985413,-4.858243300986942e-07,0.0004342680040281266,0.13896742582293184,-4.405438716102585e-07,-0.0064488100296688725,trajectory,GOAL_DIRECT,3.609889507293701,8.69413280485933,1.545467421237845e-05
642,94853.843,8.708205223083496,1.1876738426508382e-05,-0.9316805601119995,4.4375794712884316e-08,0.13804280757904053,-4.6889343252587423e-07,-0.0013020150363445282,0.13895657539339804,-4.4102320871118814e-07,-0.006314053626144676,trajectory,GOAL_DIRECT,3.609339952468872,8.708205223072287,1.545467421237845e-05
643,94853.968,8.722289085388184,1.182980395242339e-05,-0.9318893551826477,4.387169334760071e-08,0.1381576508283615,-4.518154241850425e-07,-0.0027553585823625326,0.1389473879334523,-4.3758967687312863e-07,-0.006187346388930826,trajectory,GOAL_DIRECT,3.6092185974121094,8.722289085377039,1.545467421237845e-05
644,94854.078,8.736393928527832,1.1784472917497624e-05,-0.9322338104248047,4.32102035828924e-08,0.13825486600399017,-4.3746047140302835e-07,-0.00396354403346777,0.13893961071940436,-4.419363692676952e-07,-0.006062260658993105,trajectory,GOAL_DIRECT,3.609459400177002,8.736393928516748,1.545467421237845e-05
645,94854.203,8.750083923339844,1.1741746675397735e-05,-0.9326753616333008,4.2300335181668754e-08,0.13833485543727875,-4.261334538568917e-07,-0.00492869783192873,0.13893321156474142,-4.42177192910476e-07,-0.005947844266589212,trajectory,GOAL_DIRECT,3.610002279281616,8.750083923328814,1.545467421237845e-05
646,94854.328,8.764188766479492,1.1698763046297245e-05,-0.9332213997840881,4.1150289935145554e-08,0.1384047120809555,-4.1714622511790367e-07,-0.005749386735260487,0.1389276230332472,-4.384388336855137e-07,-0.005854887246783304,trajectory,GOAL_DIRECT,3.6107993125915527,8.764188766468518,1.545467421237845e-05
647,94854.437,8.77747631072998,1.1659021765808575e-05,-0.9338046312332153,3.98065045887969e-08,0.13846054673194885,-4.111742555323872e-07,-0.006365107838064432,0.13892315626117044,-4.418065835374193e-07,-0.005733098641211476,trajectory,GOAL_DIRECT,3.611802816390991,8.777476310719058,1.545467421237845e-05
648,94854.562,8.791613578796387,1.161729232990183e-05,-0.9344821572303772,3.786265637209492e-08,0.13851097226142883,-4.0746988361206604e-07,-0.006896093487739563,0.13891912221881195,-4.377060392867247e-07,-0.005656743489379372,trajectory,GOAL_DIRECT,3.61297607421875,8.791613578785517,1.545467421237845e-05
649,94854.687,8.806998252868652,1.1572142284421716e-05,-0.9352729916572571,3.5606987614370396e-08,0.13855695724487305,-4.065294376687234e-07,-0.007349476683884859,0.1389154434201384,-4.3955969894435583e-07,-0.005525565768440263,trajectory,GOAL_DIRECT,3.6142890453338623,8.806998252857841,1.545467421237845e-05
650,94854.812,8.821135520935059,1.1530598385434132e-05,-0.9360383749008179,3.4149158820748424e-08,0.13859239220619202,-4.0850443383533275e-07,-0.007636654656380415,0.13891260862323454,-4.386402484349514e-07,-0.005429593388559382,trajectory,GOAL_DIRECT,3.6157073974609375,8.821135520924301,1.545467421237845e-05
651,94854.921,8.835272789001465,1.1488713425933383e-05,-0.93682861328125,3.314222708142341e-08,0.13862232863903046,-4.1319836441289226e-07,-0.007845674641430378,0.1389102137086079,-4.3731171342584434e-07,-0.005339748563005646,trajectory,GOAL_DIRECT,3.6172118186950684,8.83527278899076,1.545467421237845e-05
652,94855.046,8.849410057067871,1.1446212738519534e-05,-0.9376365542411804,3.211416789220623e-08,0.13864760100841522,-4.206107178106322e-07,-0.007987533695995808,0.13890819191905845,-4.35787402366678e-07,-0.005253299985733139,trajectory,GOAL_DIRECT,3.6187820434570312,8.84941005705722,1.545467421237845e-05
653,94855.171,8.863131523132324,1.1404103133827448e-05,-0.9384319186210632,3.13708573195233e-08,0.13866838812828064,-4.304044409764174e-07,-0.00806269608438015,0.1389065289494692,-4.306848108990432e-07,-0.00520751877566825,trajectory,GOAL_DIRECT,3.620394468307495,8.863131523121728,1.545467421237845e-05
654,94855.359,8.876437187194824,1.1362229997757822e-05,-0.9392086863517761,3.085124090251109e-08,0.13868553936481476,-4.423465611580468e-07,-0.00809391587972641,0.13890515685054813,-4.3240576344610793e-07,-0.00509577469347477,trajectory,GOAL_DIRECT,3.622040271759033,8.876437187184283,1.545467421237845e-05
655,94855.5,8.900137901306152,1.1284364518360235e-05,-0.9406231045722961,3.05277959933685e-08,0.1387101411819458,-4.695860127412743e-07,-0.008338399231433868,0.1389031887051777,-4.223393206845723e-07,-0.005005495114312172,trajectory,GOAL_DIRECT,3.6253738403320312,8.900137901295714,1.545467421237845e-05
656,94855.625,8.913859367370605,1.12369461930939e-05,-0.94144606590271,3.038564742554085e-08,0.13872158527374268,-4.88841919832339e-07,-0.008136868476867676,0.1389022731778364,-4.258740538000016e-07,-0.004884245001132255,trajectory,GOAL_DIRECT,3.6253738403320312,8.913859367360232,1.545467421237845e-05
657,94855.734,8.927580833435059,1.1187490599695593e-05,-0.942245364189148,3.03303681045704e-08,0.13873125612735748,-5.10658878738468e-07,-0.007972009479999542,0.1389014995095484,-4.229936774918715e-07,-0.004821328994566781,trajectory,GOAL_DIRECT,3.6270737648010254,8.927580833424752,1.545467421237845e-05
658,94855.828,8.940054893493652,1.1140553397126496e-05,-0.9429587721824646,3.030975755733845e-08,0.13873879611492157,-5.32714352630137e-07,-0.007829886861145496,0.1389008963105433,-4.1649588843933737e-07,-0.004797028404409273,trajectory,GOAL_DIRECT,3.6287899017333984,8.940054893483412,1.545467421237845e-05
659,94855.859,8.94504451751709,1.1121207535325084e-05,-0.9432405233383179,3.04809021803654e-08,0.13874149322509766,-5.421299533736601e-07,-0.007811428047716618,0.13890068054173144,-4.2153399550708806e-07,-0.004717988038504107,trajectory,GOAL_DIRECT,3.6287899017333984,8.945044517506876,1.545467421237845e-05
660,94855.968,8.956271171569824,1.1076461305492558e-05,-0.943863034248352,3.076266740949288e-08,0.13874699175357819,-5.620321985588816e-07,-0.007601630408316851,0.13890024065945306,-4.1545755172495776e-07,-0.00470364630415438,trajectory,GOAL_DIRECT,3.6304750442504883,8.956271171559674,1.545467421237845e-05
661,94856.093,8.970824241638184,1.1016360076609999e-05,-0.9446583986282349,3.142234925455883e-08,0.13875308632850647,-5.815072086079454e-07,-0.00751577690243721,0.1388997530934598,-4.1301135283950245e-07,-0.004631036284675587,trajectory,GOAL_DIRECT,3.6321184635162354,8.970824241628119,1.545467421237845e-05
662,94856.203,8.984138488769531,1.0959932296827901e-05,-0.945374071598053,3.236325928906277e-08,0.13875780999660492,-5.930227189310244e-07,-0.0073618777096271515,0.13889937520001203,-4.0648650991915227e-07,-0.004607564571609485,trajectory,GOAL_DIRECT,3.6337270736694336,8.984138488759548,1.545467421237845e-05
663,94856.328,8.998308181762695,1.089909619622631e-05,-0.946118950843811,3.314790516461776e-08,0.13876210153102875,-5.986757400933129e-07,-0.007214861921966076,0.13889903187726094,-4.092364656541554e-07,-0.004515725649126378,trajectory,GOAL_DIRECT,3.6352908611297607,8.9983081817528,1.545467421237845e-05
664,94856.453,9.01247787475586,1.0838029083970468e-05,-0.9468497633934021,3.366014788752291e-08,0.13876572251319885,-5.975470571684127e-07,-0.00706623075529933,0.13889874219868933,-4.0800735303743165e-07,-0.004458364626990319,trajectory,GOAL_DIRECT,3.6368346214294434,9.01247787474605,1.545467421237845e-05
665,94856.578,9.026230812072754,1.0779192052723374e-05,-0.9475420117378235,3.39734329861564e-08,0.13876867294311523,-5.899662482988788e-07,-0.0068879276514053345,0.138898506164296,-4.0271078988980794e-07,-0.004438016458080769,trajectory,GOAL_DIRECT,3.6383464336395264,9.02623081206303,1.545467421237845e-05
666,94856.703,9.040817260742188,1.0717971235862933e-05,-0.9482577443122864,3.423620476683677e-08,0.13877128064632416,-5.749445790570462e-07,-0.006717173382639885,0.13889829754804123,-4.070771133660492e-07,-0.004353397376527463,trajectory,GOAL_DIRECT,3.639826774597168,9.040817260732549,1.545467421237845e-05
667,94856.828,9.054986953735352,1.0660362931957934e-05,-0.9489368200302124,3.4680354292451887e-08,0.13877344131469727,-5.534708407139988e-07,-0.0065495786257088184,0.13889812469457344,-4.0777179759219976e-07,-0.004301420240323648,trajectory,GOAL_DIRECT,3.6412763595581055,9.054986953725795,1.545467421237845e-05
668,94856.937,9.068323135375977,1.060831255017547e-05,-0.9495594501495361,3.461390596492458e-08,0.13877519965171814,-5.322297624843486e-07,-0.006380708422511816,0.13889798402761375,-4.087397190583292e-07,-0.0042539771817831935,trajectory,GOAL_DIRECT,3.642686367034912,9.06832313536649,1.545467421237845e-05
669,94857.046,9.082076072692871,1.055630582413869e-05,-0.950184166431427,3.4546868662526615e-08,0.13877667486667633,-5.196434926801885e-07,-0.006208206061273813,0.13889786601041706,-4.0449256179106473e-07,-0.00423654155658769,trajectory,GOAL_DIRECT,3.644066333770752,9.082076072683456,1.545467421237845e-05
670,94857.187,9.097079277038574,1.0500807547941804e-05,-0.9508529901504517,3.420561421097571e-08,0.1387779712677002,-5.078192089058575e-07,-0.006208487786352634,0.1388977622983373,-4.079424790500931e-07,-0.004148301426055409,trajectory,GOAL_DIRECT,3.645409107208252,9.097079277029234,1.545467421237845e-05
671,94857.296,9.110832214355469,1.0451123671373352e-05,-0.9514710307121277,3.394132937969121e-08,0.138778954744339,-4.956462476002343e-07,-0.0062782131135463715,0.13889768362020735,-4.0821069548273584e-07,-0.004082450412835125,trajectory,GOAL_DIRECT,3.6467151641845703,9.110832214346196,1.545467421237845e-05
672,94857.406,9.124585151672363,1.0402708539913874e-05,-0.9520961046218872,3.3655911618906006e-08,0.13877993822097778,-4.821980041924689e-07,-0.006349549163132906,0.1388976049420762,-4.0437377195260066e-07,-0.004045489833380226,trajectory,GOAL_DIRECT,3.647984743118286,9.124585151663155,1.545467421237845e-05
673,94857.531,9.138338088989258,1.0355690392316319e-05,-0.9527280330657959,3.3311784365266803e-08,0.13878072798252106,-4.6747462079110846e-07,-0.006414614152163267,0.138897541761155,-4.0850131736908804e-07,-0.0039540976479336045,trajectory,GOAL_DIRECT,3.649251937866211,9.13833808898011,1.545467421237845e-05
674,94857.656,9.152924537658691,1.0307484444638249e-05,-0.9534049034118652,3.3058025953208536e-08,0.13878144323825836,-4.5046542140880774e-07,-0.006476294714957476,0.13889748454069714,-4.0869990094744103e-07,-0.003887568958674621,trajectory,GOAL_DIRECT,3.650536298751831,9.152924537649607,1.545467421237845e-05
675,94857.781,9.167094230651855,1.0262436262564734e-05,-0.9540682435035706,3.2877674006252354e-08,0.13878194987773895,-4.3256864046270493e-07,-0.006529912352561951,0.13889744400953863,-4.05564467463533e-07,-0.003850112543080997,trajectory,GOAL_DIRECT,3.6518335342407227,9.167094230642828,1.545467421237845e-05
676,94857.906,9.181680679321289,1.0218037459708285e-05,-0.9547566175460815,3.2823550249827126e-08,0.13878247141838074,-4.1336980416417646e-07,-0.006579198408871889,0.13889740228628952,-4.101431735112122e-07,-0.00375289648606155,trajectory,GOAL_DIRECT,3.6531429290771484,9.181680679312317,1.545467421237845e-05
677,94858.031,9.196267127990723,1.0175373063248117e-05,-0.9554497599601746,3.2922110316120826e-08,0.13878299295902252,-4.007080462997692e-07,-0.00662310142070055,0.13889736056303922,-4.10525037249333e-07,-0.003684497625699252,trajectory,GOAL_DIRECT,3.6544642448425293,9.196267127981802,1.545467421237845e-05
678,94858.156,9.210436820983887,1.0134775038750377e-05,-0.9561273455619812,3.275591182044965e-08,0.1387834995985031,-3.966755173223646e-07,-0.006661177612841129,0.13889732003188077,-4.1032154116265517e-07,-0.003617133351587265,trajectory,GOAL_DIRECT,3.655796527862549,9.210436820975016,1.545467421237845e-05
679,94858.265,9.22460651397705,1.0094171557284426e-05,-0.9568086266517639,3.2441766631934494e-08,0.1387840062379837,-4.007908955827588e-07,-0.0066951788030564785,0.13889727950072345,-4.092590308359688e-07,-0.003550593470531794,trajectory,GOAL_DIRECT,3.657139778137207,9.22460651396823,1.545467421237845e-05
680,94858.39,9.238359451293945,1.0053970072476659e-05,-0.9574728012084961,3.1975585073678716e-08,0.1387844979763031,-4.125767532059399e-07,-0.00672468775883317,0.13889724016165791,-4.0421125495840257e-07,-0.00351502402623305,trajectory,GOAL_DIRECT,3.658493995666504,9.238359451285174,1.545467421237845e-05
681,94858.515,9.252945899963379,1.0009626748797018e-05,-0.9581805467605591,3.146122481433055e-08,0.13878501951694489,-4.3346420852685696e-07,-0.006752460729330778,0.13889719843840895,-4.046817710599286e-07,-0.003418330100667979,trajectory,GOAL_DIRECT,3.6598525047302246,9.252945899954662,1.545467421237845e-05
682,94858.625,9.266282081604004,9.96679318632232e-06,-0.958829939365387,3.109896467440964e-08,0.1387854963541031,-4.5996478093002224e-07,-0.006775295361876488,0.13889716029143762,-4.0178602458368387e-07,-0.0033529535138589394,trajectory,GOAL_DIRECT,3.661217451095581,9.266282081595342,1.545467421237845e-05
683,94858.734,9.280451774597168,9.918314390233718e-06,-0.9595221877098083,3.1078309286070434e-08,0.13878600299358368,-4.90562058530486e-07,-0.006797189824283123,0.13889711976027935,-3.9786012529404994e-07,-0.0032880718854362964,trajectory,GOAL_DIRECT,3.662590265274048,9.280451774588569,1.545467421237845e-05
684,94858.859,9.294621467590332,9.866715117823333e-06,-0.9602165222167969,3.105765389774668e-08,0.13878650963306427,-5.211630309531756e-07,-0.00681679230183363,0.13889707922912098,-3.9020630432183333e-07,-0.00325178696188283,trajectory,GOAL_DIRECT,3.6639678478240967,9.2946214675818,1.545467421237845e-05
685,94859.0,9.309207916259766,9.81033645075513e-06,-0.960933268070221,3.13509814422284e-08,0.13878664374351501,-5.526512723008636e-07,-0.006834676023572683,0.13889706850028827,-3.898926635358802e-07,-0.0031536280866753972,trajectory,GOAL_DIRECT,3.665350914001465,9.30920791625131,1.545467421237845e-05
686,94859.109,9.32296085357666,9.75432249106234e-06,-0.9616106152534485,3.127689591950535e-08,0.13878664374351501,-5.774189730800572e-07,-0.006849760189652443,0.13889706850028827,-3.866192632435687e-07,-0.0030870785658786135,trajectory,GOAL_DIRECT,3.6667368412017822,9.32296085356828,1.545467421237845e-05
687,94859.25,9.338380813598633,9.689171747595537e-06,-0.9623715281486511,3.138116341444032e-08,0.13878664374351501,-5.945491352576937e-07,-0.006864863447844982,0.1388970685002905,-3.8290532278400745e-07,-0.0030180793991109525,trajectory,GOAL_DIRECT,3.668128728866577,9.33838081359034,1.545467421237845e-05
688,94859.359,9.352550506591797,9.62814738159068e-06,-0.9630727171897888,3.1520135524603186e-08,0.13878664374351501,-6.003738235449418e-07,-0.006877030711621046,0.13889706850029265,-3.8117677081753906e-07,-0.002948631570666813,trajectory,GOAL_DIRECT,3.669525384902954,9.35255050658359,1.545467421237845e-05
689,94859.484,9.366303443908691,9.5688046712894e-06,-0.9637539982795715,3.1655020150120696e-08,0.13878664374351501,-5.969445169284882e-07,-0.006887861527502537,0.13889706850029265,-3.7548510908635927e-07,-0.002913701050907158,trajectory,GOAL_DIRECT,3.6709232330322266,9.366303443900566,1.545467421237845e-05
690,94859.609,9.380056381225586,9.510245945421048e-06,-0.9644365310668945,3.178990470706397e-08,0.13878664374351501,-5.845682267135999e-07,-0.006897530984133482,0.13889706850029576,-3.795329474187949e-07,-0.00281809057766092,trajectory,GOAL_DIRECT,3.6723239421844482,9.380056381217539,1.545467421237845e-05
691,94859.718,9.395059585571289,9.448294804315083e-06,-0.9651817679405212,3.194409743412161e-08,0.13878664374351501,-5.608698643300158e-07,-0.006906794849783182,0.13889706850029676,-3.7955348216408215e-07,-0.002750114640941711,trajectory,GOAL_DIRECT,3.6737265586853027,9.395059585563326,1.545467421237845e-05
692,94859.843,9.408395767211914,9.395615052198991e-06,-0.96584552526474,3.2225155444423204e-08,0.13878664374351501,-5.371718998503638e-07,-0.006914160680025816,0.13889706850029887,-3.8079871832514633e-07,-0.002683610915325986,trajectory,GOAL_DIRECT,3.6751315593719482,9.40839576720402,1.545467421237845e-05
693,94859.953,9.422565460205078,9.341941222373862e-06,-0.9665507674217224,3.252377960176838e-08,0.13878664374351501,-5.159483862371417e-07,-0.006921222433447838,0.13889706850029881,-3.771092797960686e-07,-0.002647783867203103,trajectory,GOAL_DIRECT,3.6765384674072266,9.422565460197255,1.545467421237845e-05
694,94860.078,9.434234619140625,9.299225894210394e-06,-0.9671323895454407,3.279788576250694e-08,0.13878664374351501,-5.015301667299354e-07,-0.006926460191607475,0.1388970685003019,-3.821002570622777e-07,-0.002558165017842867,trajectory,GOAL_DIRECT,3.677947759628296,9.434234619132855,1.545467421237845e-05
695,94860.187,9.448404312133789,9.248805326933507e-06,-0.9678396582603455,3.288056180773201e-08,0.13878664374351501,-4.877385890722508e-07,-0.006932282354682684,0.13889706850030187,-3.7812218898264244e-07,-0.002522335809051611,trajectory,GOAL_DIRECT,3.6793575286865234,9.448404312126085,1.545467421237845e-05
696,94860.296,9.461740493774414,9.202450200973544e-06,-0.968505322933197,3.2410263548325036e-08,0.13878664374351501,-4.784813540936739e-07,-0.006937229540199041,0.13889706850030392,-3.813491239285405e-07,-0.002432055997023409,trajectory,GOAL_DIRECT,3.680769205093384,9.461740493766769,1.545467421237845e-05
697,94860.328,9.466324806213379,9.18669957172824e-06,-0.9687341451644897,3.224859851670503e-08,0.13878664374351501,-4.761328682434396e-07,-0.00693880207836628,0.1388970685003039,-3.7993300015892955e-07,-0.0024204890824053938,trajectory,GOAL_DIRECT,3.680769205093384,9.466324806205753,1.545467421237845e-05
698,94860.437,9.477993965148926,9.146893717115745e-06,-0.9693166017532349,3.183708751570159e-08,0.13878664374351501,-4.720800461655017e-07,-0.006942566018551588,0.13889706850030512,-3.8091945904361637e-07,-0.0023517843266735077,trajectory,GOAL_DIRECT,3.6821835041046143,9.477993965141351,1.545467421237845e-05
699,94860.562,9.49216365814209,9.098837836063467e-06,-0.9700253009796143,3.1337395563871714e-08,0.13878664374351501,-4.7087459620343e-07,-0.00694664940237999,0.1388970685003051,-3.761220647567293e-07,-0.0023160226946482656,trajectory,GOAL_DIRECT,3.683598279953003,9.492163658134574,1.545467421237845e-05
700,94860.687,9.505916595458984,9.052117093233392e-06,-0.97071373462677,3.085240041101353e-08,0.13878664374351501,-4.7360214239233756e-07,-0.0069502354599535465,0.1388970685003075,-3.778357274398691e-07,-0.0022246138591691124,trajectory,GOAL_DIRECT,3.6850125789642334,9.505916595451527,1.545467421237845e-05
701,94860.796,9.520086288452148,9.003497325466014e-06,-0.9714230298995972,3.0437239748882154e-08,0.13878664374351501,-4.803457613888895e-07,-0.006953550036996603,0.13889706850030872,-3.7590384540803265e-07,-0.002158651813153778,trajectory,GOAL_DIRECT,3.686429023742676,9.520086288444752,1.545467421237845e-05
702,94860.921,9.534255981445312,8.954342774813995e-06,-0.9721323251724243,3.168693107620998e-08,0.13878664374351501,-4.806058768735966e-07,-0.0069563128054142,0.13889706850030997,-3.747235954426262e-07,-0.0020918177870948565,trajectory,GOAL_DIRECT,3.68784761428833,9.534255981437978,1.545467421237845e-05
703,94861.046,9.548425674438477,8.905840331863146e-06,-0.9728416204452515,3.2398802440576724e-08,0.13878664374351501,-4.6945234544182313e-07,-0.006958931218832731,0.13889706850030997,-3.707820001312635e-07,-0.002056143550380016,trajectory,GOAL_DIRECT,3.689265489578247,9.548425674431202,1.545467421237845e-05
704,94861.171,9.56259536743164,8.85875488165766e-06,-0.9735509157180786,3.309658522288441e-08,0.13878664374351501,-4.5285571559361415e-07,-0.006961388513445854,0.1388970685003116,-3.752249212403022e-07,-0.001958185721281168,trajectory,GOAL_DIRECT,3.6906845569610596,9.562595367424425,1.545467421237845e-05
705,94861.281,9.577181816101074,8.812276973912958e-06,-0.9742810726165771,3.311053216294033e-08,0.13878664374351501,-4.3257810489194526e-07,-0.006963643245398998,0.13889706850031247,-3.759118000515813e-07,-0.001890349256855706,trajectory,GOAL_DIRECT,3.692103385925293,9.577181816093914,1.545467421237845e-05
706,94861.421,9.591768264770508,8.767864528635982e-06,-0.9750133156776428,3.3007085959165064e-08,0.13878664374351501,-4.136311986258079e-07,-0.006965647917240858,0.1388970685003135,-3.765800285614234e-07,-0.001821512364377231,trajectory,GOAL_DIRECT,3.69352126121521,9.5917682647634,1.545467421237845e-05
707,94861.546,9.606771469116211,8.724176041141618e-06,-0.9757664799690247,3.29006841474281e-08,0.13878664374351501,-3.9564753251397633e-07,-0.006967494264245033,0.13889706850031455,-3.771076382240221e-07,-0.001751550463896595,trajectory,GOAL_DIRECT,3.6949398517608643,9.606771469109155,1.545467421237845e-05
708,94861.671,9.620941162109375,8.684623935550917e-06,-0.9764778017997742,3.2800193545450924e-08,0.13878664374351501,-3.8006393765499524e-07,-0.00696896854788065,0.1388970685003156,-3.778482931817191e-07,-0.001682791709284196,trajectory,GOAL_DIRECT,3.6963610649108887,9.620941162102365,1.545467421237845e-05
709,94861.781,9.63386058807373,8.64989124238491e-06,-0.9771263599395752,3.270856975944571e-08,0.13878664374351501,-3.670414798762067e-07,-0.006969920825213194,0.1388970685003167,-3.7858008160749285e-07,-0.0016190503841891331,trajectory,GOAL_DIRECT,3.697784423828125,9.63386058806676,1.545467421237845e-05
710,94861.906,9.648030281066895,8.613126738055144e-06,-0.9778376817703247,3.260807915359012e-08,0.13878664374351501,-3.540596651419037e-07,-0.00697109242901206,0.13889706850031666,-3.7588716821401194e-07,-0.0015833905643477485,trajectory,GOAL_DIRECT,3.699207305908203,9.648030281059963,1.545467421237845e-05
711,94862.031,9.662199974060059,8.577617336413823e-06,-0.9785490036010742,3.250758854579927e-08,0.13878664374351501,-3.4243876712025667e-07,-0.006972090806812048,0.13889706850031774,-3.791233670862076e-07,-0.001488026357448311,trajectory,GOAL_DIRECT,3.7006289958953857,9.662199974053166,1.545467421237845e-05
712,94862.156,9.677203178405762,8.541224815417081e-06,-0.979302167892456,3.240118672367606e-08,0.13878664374351501,-3.3161768442369066e-07,-0.006972912233322859,0.13889706850031777,-3.792785837623807e-07,-0.0014190651928400132,trajectory,GOAL_DIRECT,3.7020514011383057,9.677203178398909,1.545467421237845e-05
713,94862.281,9.691789627075195,8.506893209414557e-06,-0.9800344109535217,3.2297740505642875e-08,0.13878664374351501,-3.2255991300189635e-07,-0.006973689887672663,0.13889706850031885,-3.7960873601528806e-07,-0.0013493161070546045,trajectory,GOAL_DIRECT,3.7034738063812256,9.691789627068378,1.545467421237845e-05
714,94862.406,9.70595932006836,8.474379683320876e-06,-0.9807457327842712,3.219724989192848e-08,0.13878664374351501,-3.1514187526227033e-07,-0.006974352523684502,0.13889706850031885,-3.7984647021787663e-07,-0.001281541026484971,trajectory,GOAL_DIRECT,3.7048962116241455,9.705959320061577,1.545467421237845e-05
715,94862.515,9.719712257385254,8.443483238806948e-06,-0.9814361333847046,3.209971488268969e-08,0.13878664374351501,-3.092435179041786e-07,-0.006974607240408659,0.13889706850031885,-3.799947441984803e-07,-0.0012157633832069635,trajectory,GOAL_DIRECT,3.706320285797119,9.719712257378504,1.545467421237845e-05
716,94862.64,9.734715461730957,8.410366717725992e-06,-0.9821892976760864,3.1993313052349936e-08,0.13878664374351501,-3.0427108299591055e-07,-0.00697502912953496,0.13889706850031996,-3.797220823649164e-07,-0.001147752923822418,trajectory,GOAL_DIRECT,3.707742214202881,9.734715461724239,1.545467421237845e-05
717,94862.781,9.748885154724121,8.379510290978942e-06,-0.9829006195068359,3.1892822432774196e-08,0.13878664374351501,-3.0097589842625894e-07,-0.006975519936531782,0.13889706850031996,-3.7975633415389715e-07,-0.0010790728473410558,trajectory,GOAL_DIRECT,3.70916485786438,9.748885154717435,1.545467421237845e-05
718,94862.89,9.763471603393555,8.348023584403563e-06,-0.9836328625679016,3.1789376204711685e-08,0.13878664374351501,-2.9900533604632074e-07,-0.006976025179028511,0.13889706850032105,-3.794340229256414e-07,-0.0010111830389696263,trajectory,GOAL_DIRECT,3.7105865478515625,9.7634716033869,1.545467421237845e-05
719,94863.015,9.777641296386719,8.317557330883574e-06,-0.9843441843986511,3.1688885581201874e-08,0.13878664374351501,-2.9847203109056863e-07,-0.006976580247282982,0.13889706850032107,-3.7916377906135066e-07,-0.0009434165638205827,trajectory,GOAL_DIRECT,3.7120094299316406,9.777641296380095,1.545467421237845e-05
720,94863.14,9.792227745056152,8.286181582661811e-06,-0.9850764274597168,3.158543934909674e-08,0.13878664374351501,-2.9934457757008204e-07,-0.00697687640786171,0.13889706850032107,-3.7590127909519015e-07,-0.0009067807179210008,trajectory,GOAL_DIRECT,3.713432788848877,9.79222774504956,1.545467421237845e-05
721,94863.265,9.805980682373047,8.256450200860854e-06,-0.9857668280601501,3.1487904328376786e-08,0.13878664374351501,-3.0148817131703254e-07,-0.0069770608097314835,0.13889706850032224,-3.7818106887440717e-07,-0.0008088527216802001,trajectory,GOAL_DIRECT,3.714855670928955,9.805980682366485,1.545467421237845e-05
722,94863.39,9.820150375366211,8.225528290495276e-06,-0.9864781498908997,3.138741369907893e-08,0.13878664374351501,-3.0503764492095797e-07,-0.006977071985602379,0.13889706850032227,-3.773755424802976e-07,-0.0007429672423876365,trajectory,GOAL_DIRECT,3.716277837753296,9.820150375359681,1.545467421237845e-05
723,94863.5,9.834736824035645,8.193245776055846e-06,-0.9872046113014221,3.1279270784338895e-08,0.13878636062145233,-3.101122558746283e-07,-0.006807655096054077,0.13889709115008841,-3.7640237188893157e-07,-0.00068896028710697,trajectory,GOAL_DIRECT,3.717700481414795,9.834736824029147,1.545467421237845e-05
724,94863.625,9.84807300567627,8.163202437572181e-06,-0.9878407716751099,3.111424147105319e-08,0.13878636062145233,-3.1601172167938785e-07,-0.006344897672533989,0.13889709115008844,-3.756861878976146e-07,-0.0006622707815791295,trajectory,GOAL_DIRECT,3.719123363494873,9.848073005669802,1.545467421237845e-05
725,94863.75,9.862242698669434,8.130593414534815e-06,-0.9884666800498962,3.098557081259729e-08,0.13878636062145233,-3.2360026125388686e-07,-0.005865368060767651,0.13889709115008847,-3.717630299756289e-07,-0.0006693377317811178,trajectory,GOAL_DIRECT,3.720546007156372,9.862242698663,1.545467421237845e-05
726,94863.875,9.877245903015137,8.095144039543811e-06,-0.9890762567520142,3.104824976783789e-08,0.13878636062145233,-3.3311803804281226e-07,-0.005381213966757059,0.13889709115008966,-3.727964721148939e-07,-0.0006221682953093243,trajectory,GOAL_DIRECT,3.721937894821167,9.877245903008742,1.545467421237845e-05
727,94864.0,9.890582084655762,8.062707820499782e-06,-0.9895749688148499,3.110396438418585e-08,0.13878636062145233,-3.4285866945538146e-07,-0.0049612740986049175,0.1388970911500897,-3.717666926196507e-07,-0.0006040587169024059,trajectory,GOAL_DIRECT,3.723240613937378,9.8905820846494,1.545467421237845e-05
728,94864.125,9.905585289001465,8.02502290753182e-06,-0.9900903701782227,3.1166643315728135e-08,0.13878636062145233,-3.552581233634555e-07,-0.0045656426809728146,0.13889709115008972,-3.6696497344329394e-07,-0.0006099391621443339,trajectory,GOAL_DIRECT,3.724442720413208,9.905585288995145,1.545467421237845e-05
729,94864.25,9.91933822631836,7.989236110006459e-06,-0.9903367161750793,3.1224098991953767e-08,0.13878615200519562,-3.6789302271245106e-07,0.0011476859217509627,0.13889710783939135,-3.682124286664921e-07,-0.0010101540184668423,trajectory,GOAL_DIRECT,3.725550651550293,9.919338226312078,1.545467421237845e-05
730,94864.375,9.933924674987793,7.949840437504463e-06,-0.9900652170181274,3.122398026887003e-08,0.13878615200519562,-3.8274478697530867e-07,0.003286489052698016,0.13889710783939244,-3.6597449800370243e-07,-0.0011840151024353628,trajectory,GOAL_DIRECT,3.7265682220458984,9.933924674981554,1.545467421237845e-05
731,94864.5,9.947677612304688,7.911198736110236e-06,-0.9897263050079346,3.107713002589169e-08,0.13878615200519562,-3.9809438590054924e-07,0.0034803703892976046,0.13889710783939355,-3.639994535948551e-07,-0.001228393918906725,trajectory,GOAL_DIRECT,3.727499485015869,9.947677612298493,1.545467421237845e-05
732,94864.625,9.961430549621582,7.870969966461416e-06,-0.9895745515823364,3.074476076385395e-08,0.13878615200519562,-4.1483536961095524e-07,-0.00264296168461442,0.13889710783939363,-3.616061762589935e-07,-0.0007609981249466502,trajectory,GOAL_DIRECT,3.7273969650268555,9.961430549615434,1.545467421237845e-05
733,94864.75,9.976433753967285,7.825117791071534e-06,-0.9900480508804321,3.038473794640631e-08,0.13878615200519562,-4.3448594055917056e-07,-0.004925519227981567,0.1388971078393948,-3.5845909677066615e-07,-0.000561382709635001,trajectory,GOAL_DIRECT,3.7267444133758545,9.97643375396119,1.545467421237845e-05
734,94864.875,9.992270469665527,7.774327968945727e-06,-0.9903692603111267,3.0004713870277464e-08,0.13878604769706726,-4.5671581005990447e-07,0.0011973570799455047,0.13889711618404632,-3.5498173250497203e-07,-0.001014358928779726,trajectory,GOAL_DIRECT,3.7260422706604004,9.992270469659493,1.545467421237845e-05
735,94865.0,10.006023406982422,7.728091986791696e-06,-0.990123450756073,2.9674692969521545e-08,0.13878604769706726,-4.77466471693333e-07,0.0031367142219096422,0.13889711618404751,-3.523933812777447e-07,-0.001167692274490606,trajectory,GOAL_DIRECT,3.726461172103882,10.006023406976443,1.545467421237845e-05
736,94865.125,10.020193099975586,7.678243491682224e-06,-0.9897880554199219,2.941449888825926e-08,0.13878604769706726,-5.000553073841729e-07,0.0033552951645106077,0.13889711618404982,-3.4890576974734127e-07,-0.0012127430835678775,trajectory,GOAL_DIRECT,3.7274606227874756,10.020193099969667,1.545467421237845e-05
737,94865.218,10.033529281616211,7.629414540133439e-06,-0.9896213412284851,2.947014056942131e-08,0.13878604769706726,-5.155887379260093e-07,-0.002292080083861947,0.13889711618405098,-3.46331626380363e-07,-0.0007840174414877788,trajectory,GOAL_DIRECT,3.727537155151367,10.03352928161035,1.545467421237845e-05
738,94865.343,10.047282218933105,7.577992619189899e-06,-0.9900332689285278,2.9527521101749397e-08,0.13878604769706726,-5.214756697569101e-07,-0.0048806979320943356,0.13889711618405098,-3.406828951649823e-07,-0.0005563316286270514,trajectory,GOAL_DIRECT,3.7269339561462402,10.047282218927307,1.545467421237845e-05
739,94865.453,10.06061840057373,7.528048627136741e-06,-0.9903044104576111,2.958316287715791e-08,0.1387859433889389,-5.174306352273561e-07,0.000825436320155859,0.13889712452870343,-3.4314756394801134e-07,-0.0009884969004836507,trajectory,GOAL_DIRECT,3.726253032684326,10.060618400567993,1.545467421237845e-05
740,94865.593,10.075204849243164,7.4744266385096125e-06,-0.9900610446929932,2.9644021122057528e-08,0.1387859433889389,-5.019899163016817e-07,0.0030536451376974583,0.13889712452870553,-3.4252992839720137e-07,-0.0011670148900795884,trajectory,GOAL_DIRECT,3.7264528274536133,10.075204849237492,1.545467421237845e-05
741,94865.703,10.088957786560059,7.425752301060129e-06,-0.9897435903549194,2.9630939536298943e-08,0.1387859433889389,-4.818984962184913e-07,0.0032778254244476557,0.13889712452870656,-3.4304894537099273e-07,-0.0012115092793161563,trajectory,GOAL_DIRECT,3.7274169921875,10.088957786554445,1.545467421237845e-05
742,94865.828,10.103127479553223,7.377446763712214e-06,-0.9896374344825745,2.9610197717080565e-08,0.1387859433889389,-4.661435752950638e-07,-0.0031615691259503365,0.13889712452870653,-3.394350132069716e-07,-0.0007016655089015656,trajectory,GOAL_DIRECT,3.7273452281951904,10.103127479547666,1.545467421237845e-05
743,94865.937,10.116880416870117,7.3318374234077055e-06,-0.9900919795036316,2.959006592631335e-08,0.1387859433889389,-4.561184994145151e-07,-0.004998046439141035,0.1388971245287087,-3.4262163264986467e-07,-0.0005506226398851223,trajectory,GOAL_DIRECT,3.7267377376556396,10.116880416864614,1.545467421237845e-05
744,94866.046,10.130216598510742,7.288318101927871e-06,-0.9904165863990784,2.9570544166241053e-08,0.13878577947616577,-4.513275655426696e-07,0.0002797491033561528,0.13889713764173053,-3.386118312043849e-07,-0.0009566159385125583,trajectory,GOAL_DIRECT,3.7260892391204834,10.130216598505289,1.545467421237845e-05
745,94866.171,10.135634422302246,7.270731657627039e-06,-0.9903685450553894,2.9579058581664468e-08,0.13878577947616577,-4.5041281282465206e-07,0.0019551869481801987,0.13889713764173273,-3.4341766130980524e-07,-0.0010588370832305782,trajectory,GOAL_DIRECT,3.7260892391204834,10.135634422296812,1.545467421237845e-05
746,94866.296,10.157722473144531,7.200000254670158e-06,-0.9899072051048279,2.9791013448362044e-08,0.13878577947616577,-4.376203719402838e-07,0.003229850437492132,0.1388971376417327,-3.373208410904443e-07,-0.001183877159903609,trajectory,GOAL_DIRECT,3.7276294231414795,10.157722473139177,1.545467421237845e-05
747,94866.406,10.171058654785156,7.1583990575163625e-06,-0.9897661805152893,2.962130325678628e-08,0.13878577947616577,-4.296551310289942e-07,-0.0025300285778939724,0.1388971376417348,-3.4025578637228556e-07,-0.0007525072166462142,trajectory,GOAL_DIRECT,3.7275631427764893,10.17105865477985,1.545467421237845e-05
748,94866.531,10.184394836425781,7.117386758181965e-06,-0.990173876285553,2.9451593068349435e-08,0.13878577947616577,-4.253311942647997e-07,-0.004875517915934324,0.13889713764173695,-3.3949313373843084e-07,-0.0005506762842893752,trajectory,GOAL_DIRECT,3.7269647121429443,10.184394836420521,1.545467421237845e-05
749,94866.64,10.198147773742676,7.075343546603108e-06,-0.9904769062995911,2.9276579439823065e-08,0.13878560066223145,-4.2466660943318857e-07,0.0006245076074264944,0.1388971519468517,-3.352863910804196e-07,-0.0009755268254563364,trajectory,GOAL_DIRECT,3.7263758182525635,10.198147773737464,1.545467421237845e-05
750,94866.765,10.21190071105957,7.033174824755406e-06,-0.9902639985084534,2.9101565814605868e-08,0.13878560066223145,-4.2783509002219944e-07,0.0029310386162251234,0.1388971519468529,-3.3686016204435463e-07,-0.0011394836347911495,trajectory,GOAL_DIRECT,3.7270350456237793,10.211900711054405,1.545467421237845e-05
751,94866.89,10.226487159729004,6.987893357290886e-06,-0.9899358749389648,2.8915945306617795e-08,0.13878560066223145,-4.3539560579120007e-07,0.003213925752788782,0.1388971519468529,-3.316687500894063e-07,-0.0011785207841906685,trajectory,GOAL_DIRECT,3.7278714179992676,10.226487159723888,1.545467421237845e-05
752,94867.015,10.240656852722168,6.942959316802444e-06,-0.989850640296936,2.9043205638408994e-08,0.13878560066223145,-4.452486166428571e-07,-0.0032606287859380245,0.13889715194685517,-3.32737075296362e-07,-0.0006885771937863948,trajectory,GOAL_DIRECT,3.7275502681732178,10.240656852717104,1.545467421237845e-05
753,94867.14,10.255660057067871,6.894672424095916e-06,-0.9903395771980286,2.9443973429711418e-08,0.13878560066223145,-4.4714602154272143e-07,-0.004833003506064415,0.13889715194685626,-3.3103097118227894e-07,-0.0005420833950334802,trajectory,GOAL_DIRECT,3.7269251346588135,10.255660057062862,1.545467421237845e-05
754,94867.25,10.269829750061035,6.84938777339994e-06,-0.9905980229377747,2.9801340966093836e-08,0.13878540694713593,-4.3920789494222845e-07,0.0010974898468703032,0.13889716744406488,-3.3066893997173065e-07,-0.000982129230023363,trajectory,GOAL_DIRECT,3.726511001586914,10.269829750056076,1.545467421237845e-05
755,94867.375,10.28316593170166,6.807907993788831e-06,-0.9903749227523804,2.9753686762808265e-08,0.13878540694713593,-4.247502261023328e-07,0.002962030004709959,0.13889716744406588,-3.3095289487831477e-07,-0.001131097975219849,trajectory,GOAL_DIRECT,3.727337598800659,10.283165931696747,1.545467421237845e-05
756,94867.5,10.296918869018555,6.766599653929006e-06,-0.9900655746459961,2.9578673387060686e-08,0.13878540694713593,-4.089058620593278e-07,0.0032024977263063192,0.13889716744406583,-3.2803360585931986e-07,-0.0011658027982667718,trajectory,GOAL_DIRECT,3.728135824203491,10.296918869013687,1.545467421237845e-05
757,94867.625,10.31025505065918,6.728199423378101e-06,-0.9897568225860596,2.9521619029587482e-08,0.13878540694713593,-3.920563642623165e-07,0.0032146493904292583,0.13889716744406908,-3.315070019493181e-07,-0.0012055946550955366,trajectory,GOAL_DIRECT,3.727790355682373,10.310255050654353,1.545467421237845e-05
758,94867.75,10.324841499328613,6.687615041300887e-06,-0.9896291494369507,2.9500293668924464e-08,0.13878540694713593,-3.8262669477262534e-07,-0.0030515077523887157,0.13889716744406908,-3.31004660737272e-07,-0.0007242443871836412,trajectory,GOAL_DIRECT,3.7271652221679688,10.324841499323831,1.545467421237845e-05
759,94867.859,10.338594436645508,6.64988101561903e-06,-0.9900831580162048,2.938393066947117e-08,0.13878540694713593,-3.7911024719505804e-07,-0.005062325857579708,0.13889716744407016,-3.305089066558172e-07,-0.0005462851931755952,trajectory,GOAL_DIRECT,3.7265098094940186,10.338594436640765,1.545467421237845e-05
760,94867.968,10.352347373962402,6.61265312373871e-06,-0.9904302358627319,2.9131413673886804e-08,0.1387852281332016,-3.7190358170846594e-07,0.00020500511163845658,0.13889718174918486,-3.27300486112222e-07,-0.0009503177783866934,trajectory,GOAL_DIRECT,3.7261009216308594,10.352347373957699,1.545467421237845e-05
761,94868.109,10.366933822631836,6.574278813786805e-06,-0.9902198910713196,2.925570671779366e-08,0.1387852281332016,-3.588828860756621e-07,0.0028920520562678576,0.13889718174918708,-3.300782722613667e-07,-0.0011406195837553523,trajectory,GOAL_DIRECT,3.7269644737243652,10.366933822627171,1.545467421237845e-05
762,94868.234,10.381937026977539,6.536065484397113e-06,-0.9898859262466431,2.977150812902481e-08,0.1387852281332016,-3.497777356642473e-07,0.0031835553236305714,0.13889718174918816,-3.2993446930570944e-07,-0.001189875241192696,trajectory,GOAL_DIRECT,3.7277779579162598,10.381937026972913,1.545467421237845e-05
763,94868.343,10.396106719970703,6.500587460323004e-06,-0.9897481203079224,3.069714709194756e-08,0.1387852281332016,-3.4675667848205194e-07,-0.0027884452138096094,0.13889718174918808,-3.2969433061069484e-07,-0.0007336713433697062,trajectory,GOAL_DIRECT,3.7274272441864014,10.396106719966113,1.545467421237845e-05
764,94868.468,10.409859657287598,6.466187187470496e-06,-0.9901840090751648,3.156938592924973e-08,0.1387852281332016,-3.490335416245216e-07,-0.004945090506225824,0.138897181749189,-3.289989085896725e-07,-0.0005453969398548453,trajectory,GOAL_DIRECT,3.7268056869506836,10.409859657283043,1.545467421237845e-05
765,94868.593,10.423612594604492,6.431310339394258e-06,-0.99053955078125,3.240170289837158e-08,0.13878510892391205,-3.5638217354971857e-07,4.1677107219584286e-05,0.1388971912859322,-3.249516176307141e-07,-0.0009265612636262178,trajectory,GOAL_DIRECT,3.7263386249542236,10.423612594599973,1.545467421237845e-05
766,94868.718,10.437782287597656,6.39434529148275e-06,-0.9903448224067688,3.325924156797796e-08,0.13878510892391205,-3.693177177410689e-07,0.002850698074325919,0.13889719128593295,-3.2585903852929097e-07,-0.0011262642048232019,trajectory,GOAL_DIRECT,3.7271387577056885,10.437782287593176,1.545467421237845e-05
767,94868.843,10.45278549194336,6.353452135954285e-06,-0.9900126457214355,3.41672236601747e-08,0.13878510892391205,-3.889659012656921e-07,0.0031801380682736635,0.13889719128593395,-3.2316517096641494e-07,-0.001177779608619577,trajectory,GOAL_DIRECT,3.7279880046844482,10.452785491938922,1.545467421237845e-05
768,94868.953,10.467371940612793,6.31135890216683e-06,-0.9896770715713501,3.4981860272679034e-08,0.13878510892391205,-4.1328249267280626e-07,0.0031961651984602213,0.13889719128593386,-3.2021654337208045e-07,-0.0012104278097977538,trajectory,GOAL_DIRECT,3.727675676345825,10.467371940608398,1.545467421237845e-05
769,94869.078,10.481958389282227,6.266719992709113e-06,-0.9895718097686768,3.570018343470037e-08,0.13878510892391205,-4.3652715930875274e-07,-0.0032916399650275707,0.13889719128593594,-3.1708982493011495e-07,-0.000711403007568,trajectory,GOAL_DIRECT,3.7270588874816895,10.481958389277882,1.545467421237845e-05
770,94869.203,10.49654483795166,6.219793249329086e-06,-0.9900622367858887,3.643024872043648e-08,0.13878510892391205,-4.56792577097076e-07,-0.005061164032667875,0.13889719128593603,-3.1078661422112467e-07,-0.0005453197312961799,trajectory,GOAL_DIRECT,3.726407766342163,10.496544837947365,1.545467421237845e-05
771,94869.328,10.510297775268555,6.173736892378656e-06,-0.9904104471206665,3.731183087984608e-08,0.1387849897146225,-4.731485034881189e-07,0.0001938545610755682,0.13889720082268112,-3.115515833905122e-07,-0.000931396421974272,trajectory,GOAL_DIRECT,3.725944757461548,10.51029777526431,1.545467421237845e-05
772,94869.453,10.524884223937988,6.123263119661715e-06,-0.9902012348175049,3.8098256123565355e-08,0.1387849897146225,-4.877568926531239e-07,0.002882712986320257,0.13889720082268214,-3.086321714709302e-07,-0.001141674280597691,trajectory,GOAL_DIRECT,3.726771831512451,10.5248842239338,1.545467421237845e-05
773,94869.578,10.539887428283691,6.069905339245452e-06,-0.9898682236671448,3.8886414352167005e-08,0.1387849897146225,-4.997932592232246e-07,0.0031753091607242823,0.13889720082268311,-3.058669394483903e-07,-0.0011909199543968729,trajectory,GOAL_DIRECT,3.7277073860168457,10.539887428279561,1.545467421237845e-05
774,94869.703,10.554473876953125,6.017037776473444e-06,-0.9897406697273254,3.944032695762322e-08,0.1387849897146225,-5.059921477368334e-07,-0.0029923964757472277,0.13889720082268414,-3.037481823922983e-07,-0.0007185051687184585,trajectory,GOAL_DIRECT,3.7274699211120605,10.554473876949054,1.545467421237845e-05
775,94869.812,10.569060325622559,5.963898274785606e-06,-0.9902169704437256,3.99942395406432e-08,0.1387849897146225,-5.049759579378588e-07,-0.004986943211406469,0.13889720082268622,-3.0207708254511157e-07,-0.0005407278424172234,trajectory,GOAL_DIRECT,3.7268638610839844,10.569060325618544,1.545467421237845e-05
776,94869.937,10.583646774291992,5.911240805289708e-06,-0.9905032515525818,4.0548152101238234e-08,0.13878493010997772,-4.968234179614228e-07,0.001031641149893403,0.13889720559105984,-3.010247203437515e-07,-0.0009869840994595146,trajectory,GOAL_DIRECT,3.7262866497039795,10.583646774288036,1.545467421237845e-05
777,94870.078,10.597816467285156,5.86126134294318e-06,-0.9902667999267578,4.1086238567222526e-08,0.13878493010997772,-4.819960395252565e-07,0.0029639913700520992,0.13889720559106083,-3.007411108202054e-07,-0.001140822849518409,trajectory,GOAL_DIRECT,3.72696590423584,10.597816467281255,1.545467421237845e-05
778,94870.203,10.613653182983398,5.807635261589894e-06,-0.9899111390113831,4.1687629298261046e-08,0.13878493010997772,-4.573725504997128e-07,0.003186737187206745,0.13889720559106172,-3.0071144575571935e-07,-0.0011868091801407153,trajectory,GOAL_DIRECT,3.7279036045074463,10.613653182979554,1.545467421237845e-05
779,94870.343,10.627822875976562,5.76233605897869e-06,-0.9898294806480408,4.202146020939992e-08,0.13878493010997772,-4.310816166253062e-07,-0.003308000275865197,0.13889720559106267,-3.0191912983954773e-07,-0.0006869317192212474,trajectory,GOAL_DIRECT,3.727687358856201,10.627822875972765,1.545467421237845e-05
780,94870.468,10.643242835998535,5.715935458283639e-06,-0.9903447031974792,4.234642430269228e-08,0.13878493010997772,-4.055065687680326e-07,-0.004925142042338848,0.1388972055910647,-3.0241075621070914e-07,-0.0005353852243888356,trajectory,GOAL_DIRECT,3.7270829677581787,10.643242835994785,1.545467421237845e-05
781,94870.593,10.6574125289917,5.675645297742449e-06,-0.990676999092102,4.2645039980993066e-08,0.13878493010997772,-3.8498771459671843e-07,0.00045136455446481705,0.1388972055910657,-3.032470723128188e-07,-0.0009262652939799675,trajectory,GOAL_DIRECT,3.7264506816864014,10.65741252898799,1.545467421237845e-05
782,94870.718,10.671998977661133,5.636208243231522e-06,-0.9904563426971436,4.295243849837698e-08,0.13878493010997772,-3.6663860214503075e-07,0.002920048078522086,0.13889720559106666,-3.036209533984991e-07,-0.0011202002373950036,trajectory,GOAL_DIRECT,3.726985216140747,10.671998977657463,1.545467421237845e-05
783,94870.859,10.687002182006836,5.597497874987312e-06,-0.9901213645935059,4.3268619857019296e-08,0.13878493010997772,-3.5072793025392457e-07,0.003185770707204938,0.13889720559106658,-3.038616177145112e-07,-0.001167896935054309,trajectory,GOAL_DIRECT,3.7279915809631348,10.687002182003203,1.545467421237845e-05
784,94871.0,10.703255653381348,5.55730412088451e-06,-0.9897472262382507,4.361114969251338e-08,0.13878493010997772,-3.3692592182887893e-07,0.0031936403829604387,0.13889720559106758,-3.0377804651263555e-07,-0.0012019437726007898,trajectory,GOAL_DIRECT,3.7281687259674072,10.703255653377754,1.545467421237845e-05
785,94871.109,10.717842102050781,5.522444098460255e-06,-0.989721953868866,4.3918548289656766e-08,0.13878493010997772,-3.275220024079317e-07,-0.0038646708708256483,0.13889720559106963,-3.0403797440242575e-07,-0.0006549725334904055,trajectory,GOAL_DIRECT,3.727613925933838,10.717842102047221,1.545467421237845e-05
786,94871.234,10.732011795043945,5.489382147061406e-06,-0.9902083873748779,4.421716409413325e-08,0.13878493010997772,-3.2119800152941025e-07,-0.004921118263155222,0.13889720559106958,-3.038639909456656e-07,-0.0005472448864807776,trajectory,GOAL_DIRECT,3.7263166904449463,10.732011795040414,1.545467421237845e-05
787,94871.359,10.74618148803711,5.4568236009799875e-06,-0.990436851978302,4.451577992253289e-08,0.13878493010997772,-3.1762115781930333e-07,0.0013036420568823814,0.13889720559107063,-3.03405169936078e-07,-0.0010124410706230103,trajectory,GOAL_DIRECT,3.72646164894104,10.74618148803361,1.545467421237845e-05
788,94871.484,10.761184692382812,5.422593403636711e-06,-0.9901712536811829,4.48319614139868e-08,0.13878493010997772,-3.1677637934990344e-07,0.003015421563759446,0.13889720559107058,-3.0253189252414693e-07,-0.0011526304714460057,trajectory,GOAL_DIRECT,3.7274534702301025,10.761184692379345,1.545467421237845e-05
789,94871.625,10.776187896728516,5.388289082475239e-06,-0.9898331165313721,4.514814293228331e-08,0.13878493010997772,-3.1897656072032987e-07,0.0031813473906368017,0.13889720559107163,-3.0153978877144596e-07,-0.0011944749716957838,trajectory,GOAL_DIRECT,3.727755308151245,10.776187896725078,1.545467421237845e-05
790,94871.75,10.79035758972168,5.3555249905912206e-06,-0.9897943735122681,4.5446758835371956e-08,0.13878493010997772,-3.238879457967414e-07,-0.0036648130044341087,0.13889720559107163,-3.0048381147261136e-07,-0.0006635683642281765,trajectory,GOAL_DIRECT,3.727224349975586,10.790357589718273,1.545467421237845e-05
791,94871.875,10.804527282714844,5.322122888173908e-06,-0.9902738928794861,4.574537476235804e-08,0.13878493010997772,-3.314906962259556e-07,-0.004894265905022621,0.1388972055910727,-2.9901042807852757e-07,-0.0005429375383255253,trajectory,GOAL_DIRECT,3.7265844345092773,10.804527282711469,1.545467421237845e-05
792,94872.0,10.818696975708008,5.287807653076015e-06,-0.990571141242981,4.604399071325001e-08,0.13878493010997772,-3.4174269103459665e-07,0.0007780067971907556,0.13889720559107377,-2.9725368310611916e-07,-0.000960799154950076,trajectory,GOAL_DIRECT,3.726506471633911,10.818696975704665,1.545467421237845e-05
793,94872.109,10.832866668701172,5.252308710623765e-06,-0.9903457164764404,4.634260668809054e-08,0.13878493010997772,-3.5474670312396483e-07,0.002932583214715123,0.13889720559107377,-2.951889135168241e-07,-0.0011313830379741363,trajectory,GOAL_DIRECT,3.7274651527404785,10.83286666869786,1.545467421237845e-05
794,94872.218,10.847036361694336,5.215343662712257e-06,-0.9900296330451965,4.6641222686879616e-08,0.13878493010997772,-3.704921880398615e-07,0.0031778356060385704,0.13889720559107382,-2.9019280374990626e-07,-0.0011668074008422068,trajectory,GOAL_DIRECT,3.728059768676758,10.84703636169106,1.545467421237845e-05
795,94872.359,10.8612060546875,5.176633749215398e-06,-0.9897039532661438,4.693983870961726e-08,0.13878493010997772,-3.8895950638107024e-07,0.003190008457750082,0.138897205591076,-2.900678655480838e-07,-0.0012078451985181502,trajectory,GOAL_DIRECT,3.7276086807250977,10.861206054684263,1.545467421237845e-05
796,94872.484,10.875375747680664,5.1358974815229885e-06,-0.989589512348175,4.723845475630345e-08,0.13878493010997772,-4.102813591089216e-07,-0.003101532580330968,0.13889720559107713,-2.869670198596737e-07,-0.0007245459772120644,trajectory,GOAL_DIRECT,3.7269766330718994,10.875375747677467,1.545467421237845e-05
797,94872.593,10.889545440673828,5.092969331599306e-06,-0.9900624752044678,4.7112068063278576e-08,0.13878493010997772,-4.301382148241828e-07,-0.005095810629427433,0.13889720559107718,-2.83798140870636e-07,-0.0005463811890085656,trajectory,GOAL_DIRECT,3.7263262271881104,10.889545440670673,1.545467421237845e-05
798,94872.718,10.903715133666992,5.048426373832626e-06,-0.9903955459594727,4.6931672862875045e-08,0.13878493010997772,-4.418517676185729e-07,0.0005347413825802505,0.1388972055910772,-2.7832447911604734e-07,-0.0009801718122189362,trajectory,GOAL_DIRECT,3.726097583770752,10.90371513366388,1.545467421237845e-05
799,94872.843,10.918301582336426,5.001765657652868e-06,-0.9901722073554993,4.674597184629084e-08,0.13878493010997772,-4.454552140487067e-07,0.002915440360084176,0.13889720559108162,-2.7893472696108706e-07,-0.0011463982184088239,trajectory,GOAL_DIRECT,3.7270419597625732,10.918301582333362,1.545467421237845e-05
800,94872.984,10.93288803100586,4.955179974786006e-06,-0.9898478984832764,4.65602707537255e-08,0.13878493010997772,-4.4044520564057166e-07,0.0031712218187749386,0.13889720559108276,-2.775420845683675e-07,-0.00119288394836377,trajectory,GOAL_DIRECT,3.727708101272583,10.93288803100284,1.545467421237845e-05
801,94873.078,10.947057723999023,4.910857114737155e-06,-0.9896773099899292,4.637987533389911e-08,0.13878504931926727,-4.2723402771116525e-07,-0.002409466542303562,0.13889719605434067,-2.7701872156303587e-07,-0.0007692001175043095,trajectory,GOAL_DIRECT,3.7272791862487793,10.947057723996048,1.545467421237845e-05
802,94873.218,10.960810661315918,4.869514668826014e-06,-0.9900986552238464,4.6211839103161687e-08,0.13878504931926727,-4.0687470459488395e-07,-0.0049642217345535755,0.1388971960543406,-2.7443496812100784e-07,-0.0005437524404284466,trajectory,GOAL_DIRECT,3.726651191711426,10.960810661312983,1.545467421237845e-05
803,94873.328,10.974563598632812,4.830110810871702e-06,-0.9904448390007019,4.626456849455505e-08,0.13878504931926727,-3.901822935858945e-07,0.00019166566198691726,0.13889719605434284,-2.7721779980202617e-07,-0.0009279024240103616,trajectory,GOAL_DIRECT,3.726245880126953,10.974563598629913,1.545467421237845e-05
804,94873.453,10.988733291625977,4.791182163899066e-06,-0.9902445077896118,4.648342650393244e-08,0.13878504931926727,-3.7264001662151713e-07,0.002858034335076809,0.1388971960543428,-2.7727635857086185e-07,-0.0011360260428318768,trajectory,GOAL_DIRECT,3.7270848751068115,10.988733291623115,1.545467421237845e-05
805,94873.593,11.00331974029541,4.753127086587483e-06,-0.9899224042892456,4.6708721495114917e-08,0.13878504931926727,-3.5170918977200927e-07,0.00316891772672534,0.13889719605434486,-2.777222174814802e-07,-0.0011857993041244385,trajectory,GOAL_DIRECT,3.7278072834014893,11.003319740292584,1.545467421237845e-05
806,94873.703,11.017489433288574,4.718386662716512e-06,-0.989767849445343,4.669039815013496e-08,0.138785257935524,-3.3007944466589834e-07,-0.002577596576884389,0.13877268910407295,-2.7827114923301003e-07,-0.0007479508679183977,trajectory,GOAL_DIRECT,3.727405548095703,11.017489433285778,1.545467421237845e-05
807,94873.828,11.031242370605469,4.686311058321735e-06,-0.9901964068412781,4.6628096738879343e-08,0.13878434896469116,-3.196772979663365e-07,-0.004951772280037403,0.13877276182173953,-2.7582619162108665e-07,-0.0005365889418694036,trajectory,GOAL_DIRECT,3.726781129837036,11.031242370602701,1.545467421237845e-05
808,94873.953,11.047079086303711,4.6501568249368574e-06,-0.9905465841293335,4.702065169788702e-08,0.13877646625041962,-3.1575640946357453e-07,0.0008781742071732879,0.1377262938022542,-2.750269357940707e-07,-0.0009734431524417185,trajectory,GOAL_DIRECT,3.726438283920288,11.047079086300975,1.545467421237845e-05
809,94874.078,11.062494277954102,4.61501849713386e-06,-0.9902904629707336,4.749815504368351e-08,0.1387486606836319,-3.1844362524680037e-07,0.002987528219819069,0.13713464140891315,-2.7270903067648724e-07,-0.0011396197233541916,trajectory,GOAL_DIRECT,3.727341890335083,11.062494277951398,1.545467421237845e-05
810,94874.218,11.076215744018555,4.5831475290469825e-06,-0.9899819493293762,4.808812604209008e-08,0.1386692076921463,-3.262723282659863e-07,0.0031773638911545277,0.13656292796134237,-2.702974130889249e-07,-0.0011814796533589566,trajectory,GOAL_DIRECT,3.728085994720459,11.076215744015878,1.545467421237845e-05
811,94874.328,11.090768814086914,4.548205652099568e-06,-0.9898342490196228,4.911809831456803e-08,0.13852675259113312,-3.402590209589107e-07,-0.0027454448863863945,0.13605976939200648,-2.6700999484525115e-07,-0.0007285881427044715,trajectory,GOAL_DIRECT,3.727494478225708,11.090768814084267,1.545467421237845e-05
812,94874.468,11.106134414672852,4.5094375309417956e-06,-0.9903215765953064,4.992610377759888e-08,0.13831615447998047,-3.574665470296168e-07,-0.004898520652204752,0.13553087711333517,-2.6323939809813047e-07,-0.0005384618657690232,trajectory,GOAL_DIRECT,3.726526975631714,11.10613441467024,1.545467421237845e-05
813,94874.578,11.121476173400879,4.4690841605188325e-06,-0.9906324148178101,5.0689861009696547e-08,0.138056680560112,-3.685139802200865e-07,0.0010442824568599463,0.13497542500495202,-2.599104724281344e-07,-0.0009769435295909666,trajectory,GOAL_DIRECT,3.725715398788452,11.121476173398303,1.545467421237845e-05
814,94874.703,11.13554573059082,4.431218258105218e-06,-0.9903956055641174,5.128427100420405e-08,0.13777950406074524,-3.7304340594346286e-07,0.0029631771612912416,0.13442228317260027,-2.573955193421791e-07,-0.0011286453100986349,trajectory,GOAL_DIRECT,3.7261626720428467,11.13554573058828,1.545467421237845e-05
815,94874.828,11.149995803833008,4.392048595036613e-06,-0.9900688529014587,5.1953407864526477e-08,0.13745824992656708,-3.720514314409229e-07,0.0031806747429072857,0.13392037510871171,-2.5507492701488745e-07,-0.001172782074237454,trajectory,GOAL_DIRECT,3.726839065551758,11.149995803830503,1.545467421237845e-05
816,94874.953,11.16358757019043,4.355480086815078e-06,-0.9897529482841492,5.2905637289649875e-08,0.13712725043296814,-3.6585197449312545e-07,0.0031879476737231016,0.13340497732161755,-2.535186905109527e-07,-0.0012035082703964316,trajectory,GOAL_DIRECT,3.7263808250427246,11.163587570187957,1.545467421237845e-05
817,94875.078,11.178375244140625,4.316595095588127e-06,-0.9896774888038635,5.435392850741859e-08,0.13673758506774902,-3.531757215569087e-07,-0.0035789008252322674,0.13343615055083508,-2.5068715087601483e-07,-0.0006659333644942844,trajectory,GOAL_DIRECT,3.725569009780884,11.178375244138188,1.545467421237845e-05
818,94875.218,11.193120956420898,4.2794040382432286e-06,-0.9901958703994751,5.6191654051331924e-08,0.13633516430854797,-3.3466326954112446e-07,-0.0050378539599478245,0.13240411520003526,-2.5175739306759227e-07,-0.0005404845339398134,trajectory,GOAL_DIRECT,3.7247579097747803,11.193120956418493,1.545467421237845e-05
819,94875.312,11.205376625061035,4.249895482644206e-06,-0.9905508756637573,5.729583343678481e-08,0.13601022958755493,-3.2232884450422716e-07,-0.0006150068948045373,0.13187714576720416,-2.5150670766181773e-07,-0.0008537976450555017,trajectory,GOAL_DIRECT,3.7240352630615234,11.205376625058655,1.545467421237845e-05
820,94875.437,11.211087226867676,4.236430413584458e-06,-0.9905231595039368,5.769595078851576e-08,0.1358516365289688,-3.190992572399409e-07,0.0016141338273882866,0.13188983321189104,-2.5041958787532345e-07,-0.0010335147108219555,trajectory,GOAL_DIRECT,3.7240352630615234,11.211087226865308,1.545467421237845e-05
821,94875.593,11.236285209655762,4.178305061941501e-06,-0.9900001883506775,5.897097273438341e-08,0.1351003795862198,-3.024395596185059e-07,0.0031743482686579227,0.13127619862555662,-2.4776682737528444e-07,-0.0011701077354650557,trajectory,GOAL_DIRECT,3.7257821559906006,11.236285209653442,1.545467421237845e-05
822,94875.703,11.2508544921875,4.146438641328132e-06,-0.9896568655967712,5.9075761971139234e-08,0.1346707046031952,-2.88855318331116e-07,0.0031847739592194557,0.13036564826964522,-2.4800819780024653e-07,-0.0012110738667284015,trajectory,GOAL_DIRECT,3.7256171703338623,11.250854492185207,1.545467421237845e-05
823,94875.843,11.265375137329102,4.11563769375789e-06,-0.9895839691162109,5.950010294239448e-08,0.13423025608062744,-2.827705998242891e-07,-0.003641383955255151,0.1392273998260416,-2.6481016450199753e-07,-0.0006837028532150791,trajectory,GOAL_DIRECT,3.724942684173584,11.265375137326833,1.545467421237845e-05
824,94875.953,11.279044151306152,4.086787612322951e-06,-0.9900749325752258,5.956487209711506e-08,0.13390442728996277,-2.840381227997568e-07,-0.005075148306787014,0.13928764581680436,2.6321080365707322e-08,-0.0005476547337111325,trajectory,STRAIGHT,3.7243916988372803,11.279044151303907,1.545467421237845e-05
825,94876.187,11.293502807617188,4.055873432662338e-06,-0.9903443455696106,5.940034389171147e-08,0.13402292132377625,-2.856452852029179e-07,0.0012625395320355892,0.13927816629409928,2.6682259127824267e-08,-0.0010196387698659893,trajectory,STRAIGHT,3.723731517791748,11.293502807614969,1.545467421237845e-05
826,94876.328,11.320921897888184,4.000980425189482e-06,-0.98978191614151,5.963325743398842e-08,0.13483239710330963,-2.5002015036079683e-07,0.003171144751831889,0.13921340823173645,2.627436999254756e-08,-0.0011886175622944062,trajectory,STRAIGHT,3.727092742919922,11.320921897886008,1.545467421237845e-05
827,94876.453,11.335104942321777,3.975683284807019e-06,-0.9897562861442566,6.009143714853852e-08,0.13532553613185883,-2.3204120225273073e-07,-0.0038386567030102015,0.13917395710945243,2.1782972675250253e-08,-0.0006538136685889594,trajectory,STRAIGHT,3.723978281021118,11.33510494231962,1.545467421237845e-05
828,94876.671,11.348526000976562,3.953490249841707e-06,-0.9902247786521912,6.076488199528729e-08,0.13576890528202057,-2.1651069914696564e-07,-0.0048925126902759075,0.1391384875774394,2.278444553772738e-08,-0.0005460805642109745,trajectory,STRAIGHT,3.723085880279541,11.348526000974422,1.545467421237845e-05
829,94876.906,11.37712574005127,3.911126896127826e-06,-0.9908380508422852,6.210966209438156e-08,0.1365819126367569,-1.8794867173710372e-07,0.0020112739875912666,0.1390734469890604,1.999402762880472e-08,-0.0010482718695898406,trajectory,STRAIGHT,3.7234015464782715,11.37712574004916,1.545467421237845e-05
830,94877.046,11.402173042297363,3.878651114064269e-06,-0.9903032183647156,6.302018953343447e-08,0.13714009523391724,-1.6770759714290762e-07,0.003199239494279027,0.13902879238128749,1.742238939090988e-08,-0.0011431192843331262,trajectory,STRAIGHT,3.7259063720703125,11.402173042295273,1.545467421237845e-05
831,94877.171,11.416589736938477,3.861560344375903e-06,-0.9899673461914062,6.380262976184486e-08,0.13739967346191406,-1.5806793385308993e-07,0.0032024553511291742,0.1390080261230477,1.5069566796923513e-08,-0.0011836569822183019,trajectory,STRAIGHT,3.726186513900757,11.416589736936396,1.545467421237845e-05
832,94877.296,11.430617332458496,3.845857463602442e-06,-0.9898467659950256,6.469817670203323e-08,0.13761502504348755,-1.500401083376346e-07,-0.0029408722184598446,0.13899079799652178,1.4286973332273594e-08,-0.0007129693946820336,trajectory,STRAIGHT,3.7258927822113037,11.430617332456425,1.545467421237845e-05
833,94877.421,11.445070266723633,3.830472905974602e-06,-0.9903146028518677,6.563298197409321e-08,0.13780172169208527,-1.4323570951546571e-07,-0.004897367674857378,0.13897586226463324,1.3722237947490342e-08,-0.0005383531162886656,trajectory,STRAIGHT,3.725534439086914,11.445070266721569,1.545467421237845e-05
834,94877.531,11.459142684936523,3.816140178969363e-06,-0.9906148910522461,6.678931918449194e-08,0.13795365393161774,-1.380506375880941e-07,0.0007615368813276291,0.13896370768547062,1.3192785159711998e-08,-0.0009555063192374935,trajectory,STRAIGHT,3.725144386291504,11.459142684934466,1.545467421237845e-05
835,94877.656,11.473628997802734,3.8018640680093085e-06,-0.9903813004493713,6.781581036630119e-08,0.13808611035346985,-1.341166182555753e-07,0.002945500425994396,0.13895311117172243,1.2901685260810857e-08,-0.0011287159717884388,trajectory,STRAIGHT,3.72558856010437,11.473628997800684,1.545467421237845e-05
836,94877.765,11.487724304199219,3.7883246477576904e-06,-0.9900648593902588,6.868547283338272e-08,0.13819482922554016,-1.3110751240219543e-07,0.003176408587023616,0.1389444136619568,1.4036211126872832e-08,-0.0011630106776264037,trajectory,STRAIGHT,3.7267658710479736,11.487724304197176,1.545467421237845e-05
837,94877.906,11.50141429901123,3.7758338748972164e-06,-0.9897494912147522,6.906742134111932e-08,0.13828426599502563,-1.193489964634864e-07,0.0031874170526862144,0.13893725872039792,1.1617430429482508e-08,-0.0012038140466323365,trajectory,STRAIGHT,3.727154016494751,11.501414299009193,1.545467421237845e-05
838,94878.015,11.515933990478516,3.764182110899128e-06,-0.9896635413169861,6.884238791388721e-08,0.13836495578289032,-1.0255572391315582e-07,-0.0034230623859912157,0.13893080353736867,1.025412459559804e-08,-0.0006931223749000502,trajectory,STRAIGHT,3.726748466491699,11.515933990476482,1.545467421237845e-05
839,94878.156,11.5304536819458,3.754291583391023e-06,-0.9901525378227234,6.856801144201579e-08,0.1384323686361313,-8.584962074564828e-08,-0.004984013736248016,0.13892541050910928,8.74338127364281e-09,-0.0005475708754952724,trajectory,STRAIGHT,3.7262253761291504,11.530453681943769,1.545467421237845e-05
840,94878.281,11.545002937316895,3.7461486499523744e-06,-0.9904208183288574,6.78803399238799e-08,0.13848848640918732,-6.927339768481033e-08,0.001153206336311996,0.1389209210872647,7.275744793126202e-09,-0.0010036604922366032,trajectory,STRAIGHT,3.725677728652954,11.545002937314864,1.545467421237845e-05
841,94878.406,11.559971809387207,3.7395907384052407e-06,-0.9901624321937561,6.767338261999544e-08,0.13853707909584045,-5.2156465812913666e-08,0.0029964400455355644,0.13891703367233235,5.700325391692326e-09,-0.001152257131654757,trajectory,STRAIGHT,3.7260005474090576,11.559971809385175,1.545467421237845e-05
842,94878.609,11.57369327545166,3.7352047002059408e-06,-0.9898539185523987,6.765601137931419e-08,0.13857467472553253,-3.6446085260877226e-08,0.0031737410463392735,0.1389140260219569,4.1988945128970944e-09,-0.0011932137529880194,trajectory,STRAIGHT,3.7273647785186768,11.573693275449624,1.545467421237845e-05
843,94878.75,11.600720405578613,3.731120841621305e-06,-0.9896274209022522,6.768997530051745e-08,0.1386333405971527,-5.387942980661364e-09,-0.004274159204214811,0.1389093327522271,1.7696984739378853e-09,-0.0006222547915121346,trajectory,STRAIGHT,3.7268741130828857,11.600720405576565,1.545467421237845e-05
844,94878.875,11.615273475646973,3.731430751940934e-06,-0.9901512861251831,6.731913421933389e-08,0.13865786790847778,1.1275966826929107e-08,-0.00501656997948885,0.13890737056732103,-5.126805265167917e-11,-0.000546615165451848,trajectory,STRAIGHT,3.7262766361236572,11.615273475644916,1.545467421237845e-05
845,94879.0,11.629410743713379,3.7334018543333514e-06,-0.9904207587242126,6.638304331865165e-08,0.1386776566505432,2.7349750908456372e-08,0.0010368824005126953,0.1389057874679557,-1.3584653586710359e-09,-0.0010174177259004945,trajectory,STRAIGHT,3.725679636001587,11.629410743711311,1.545467421237845e-05
846,94879.218,11.643548011779785,3.7370139125414426e-06,-0.9901846051216125,6.536949134179312e-08,0.1386944055557251,4.3485943734822285e-08,0.002958306111395359,0.13890444755554107,-2.9210009002123588e-09,-0.0011481003880298968,trajectory,STRAIGHT,3.726256847381592,11.643548011777705,1.545467421237845e-05
847,94879.359,11.669743537902832,3.74806245417858e-06,-0.9895912408828735,6.299538085468368e-08,0.13871894776821136,7.342779184682513e-08,0.0031862054020166397,0.138902484178542,-5.87755451255446e-09,-0.0012063710752015266,trajectory,STRAIGHT,3.7275686264038086,11.669743537900723,1.545467421237845e-05
848,94879.468,11.683880805969238,3.756379555852618e-06,-0.9894606471061707,6.139002335305262e-08,0.1387294977903366,8.968229536776562e-08,-0.0029765632934868336,0.13890164017677264,-7.077640756258908e-09,-0.0007459364733207052,trajectory,STRAIGHT,3.727041006088257,11.68388080596711,1.545467421237845e-05
849,94879.593,11.698433876037598,3.7666084153897827e-06,-0.9899504780769348,5.989438258798198e-08,0.13873852789402008,1.035693131257176e-07,-0.005196071229875088,0.1389009177684779,-8.4069295350662e-09,-0.0005496192307041669,trajectory,STRAIGHT,3.7264153957366943,11.698433876035448,1.545467421237845e-05
850,94879.734,11.712986946105957,3.777700840146281e-06,-0.9904817342758179,5.866171752081014e-08,0.13874603807926178,1.0640415126772496e-07,-0.004718591924756765,0.13890031695365856,-8.761810790374386e-09,-0.0005397441564232851,trajectory,STRAIGHT,3.725780487060547,11.712986946103786,1.545467421237845e-05
851,94879.859,11.727540016174316,3.7889869872742565e-06,-0.9907708764076233,5.733277518026304e-08,0.13875222206115723,1.0903193725653182e-07,0.0008853512699715793,0.13889982223510694,-8.998434673568713e-09,-0.000950272734693942,trajectory,STRAIGHT,3.726088285446167,11.727540016172123,1.545467421237845e-05
852,94879.968,11.741265296936035,3.800013018917525e-06,-0.9905486106872559,5.6108357169601526e-08,0.13875722885131836,1.1414597622660949e-07,0.0029414694290608168,0.13889942169189404,-9.411993953366187e-09,-0.0011131779846310307,trajectory,STRAIGHT,3.727144241333008,11.74126529693382,1.545467421237845e-05
853,94880.093,11.755851745605469,3.8124053389765322e-06,-0.9902216196060181,5.468548547349675e-08,0.1387617141008377,1.2236876045790268e-07,0.0031932496931403875,0.13889906287193246,-1.1104722833270543e-08,-0.001149669959819286,trajectory,STRAIGHT,3.7281458377838135,11.755851745603229,1.545467421237845e-05
854,94880.218,11.770021438598633,3.825410658464534e-06,-0.9898953437805176,5.354031674338177e-08,0.1387653946876526,1.331086139089166e-07,0.0032027068082243204,0.13889876842498722,-1.1164475748633433e-08,-0.001190860575788506,trajectory,STRAIGHT,3.7283341884613037,11.770021438596368,1.545467421237845e-05
855,94880.328,11.783774375915527,3.839211331069237e-06,-0.9897854328155518,5.28161191013356e-08,0.13876837491989136,1.458979141943928e-07,-0.0029808999970555305,0.1388985300064081,-1.232050639290343e-08,-0.0007159957704488151,trajectory,STRAIGHT,3.727785348892212,11.783774375913236,1.545467421237845e-05
856,94880.453,11.797110557556152,3.8537068576260936e-06,-0.990213930606842,5.243536991291456e-08,0.13877084851264954,1.5526889285411016e-07,-0.004932679235935211,0.1388983321189874,-1.3180940341426178e-08,-0.00054325521037064,trajectory,STRAIGHT,3.7271440029144287,11.797110557553834,1.545467421237845e-05
857,94880.562,11.810446739196777,3.868868589051999e-06,-0.9905668497085571,5.2233036063846214e-08,0.13877297937870026,1.5978771727986896e-07,-0.00015203475777525455,0.1388981616497033,-1.4971234302673232e-08,-0.0009080608135376821,trajectory,STRAIGHT,3.7264957427978516,11.81044673919443,1.545467421237845e-05
858,94880.687,11.824199676513672,3.884711532009533e-06,-0.9903892278671265,5.204421600638032e-08,0.13877488672733307,1.5942323727813346e-07,0.0027936073020100594,0.1388980090618127,-1.3669900773725208e-08,-0.0011182778553685902,trajectory,STRAIGHT,3.7267208099365234,11.824199676511295,1.545467421237845e-05
859,94880.796,11.837535858154297,3.8998041418381035e-06,-0.9900978803634644,5.1940498659282616e-08,0.13877631723880768,1.5418468990446854e-07,0.003156986553221941,0.13889789462089475,-1.468172560626344e-08,-0.001161915570648646,trajectory,STRAIGHT,3.7277164459228516,11.837535858151892,1.545467421237845e-05
860,94880.921,11.850038528442383,3.913295131496852e-06,-0.9898114800453186,5.177926991772701e-08,0.13877758383750916,1.4490112221210438e-07,0.003190650139003992,0.13889779329299867,-1.228546379696967e-08,-0.0011995231574310071,trajectory,STRAIGHT,3.72794508934021,11.850038528439953,1.545467421237845e-05
861,94881.046,11.864208221435547,3.927320449292893e-06,-0.9896758198738098,5.13503748393643e-08,0.1387788951396942,1.291649738277556e-07,-0.0028468212112784386,0.13889768838882394,-1.2318744821655953e-08,-0.0007233084579838522,trajectory,STRAIGHT,3.727402448654175,11.864208221433088,1.545467421237845e-05
862,94881.156,11.878377914428711,3.939464477298316e-06,-0.9901353716850281,5.050115086318132e-08,0.13878001272678375,1.080529941077657e-07,-0.005039159674197435,0.13889759898185688,-9.141477322431147e-09,-0.0005434783025008538,trajectory,STRAIGHT,3.7267627716064453,11.878377914426226,1.545467421237845e-05
863,94881.281,11.893381118774414,3.949671281588962e-06,-0.990477979183197,4.9521576716040694e-08,0.13878077268600464,7.998171014378386e-08,0.000711370725184679,0.13889753818511932,-6.697150177851775e-09,-0.0009662094404102139,trajectory,STRAIGHT,3.7261643409729004,11.893381118771902,1.545467421237845e-05
864,94881.406,11.907550811767578,3.956236014346359e-06,-0.9902557730674744,4.880151389409469e-08,0.13878127932548523,4.7795737145861494e-08,0.0029195460956543684,0.138897497653961,-3.797156795766509e-09,-0.0011389283902080993,trajectory,STRAIGHT,3.7268221378326416,11.907550811765047,1.545467421237845e-05
865,94881.531,11.922137260437012,3.959264176955912e-06,-0.9899309873580933,4.795874155798382e-08,0.13878180086612701,8.925737482456952e-09,0.0031736891251057386,0.13889745593070982,-3.3017921208653806e-10,-0.0011852571551962854,trajectory,STRAIGHT,3.7278048992156982,11.922137260434464,1.545467421237845e-05
866,94881.671,11.936723709106445,3.957899480155902e-06,-0.9898024201393127,4.711596923326439e-08,0.13878263533115387,-3.598344022748279e-08,-0.0029594148509204388,0.13889738917350783,3.6912578674542517e-09,-0.0007152999514065726,trajectory,STRAIGHT,3.727654218673706,11.936723709103887,1.545467421237845e-05
867,94881.781,11.951726913452148,3.951256985601503e-06,-0.990291178226471,4.6533224804041336e-08,0.1387833058834076,-8.798999573400579e-08,-0.004962276201695204,0.13889733552932773,8.636803448855514e-09,-0.0005306331389866813,trajectory,STRAIGHT,3.7270593643188477,11.951726913449587,1.545467421237845e-05
868,94881.906,11.965479850769043,3.940069291274995e-06,-0.9905800819396973,4.628329418463524e-08,0.13878348469734192,-1.3788748276510887e-07,0.0007500179344788194,0.13889732122421317,1.2752282788191184e-08,-0.0009573539363179784,trajectory,STRAIGHT,3.726428270339966,11.965479850766485,1.545467421237845e-05
869,94882.031,11.980899810791016,3.9216970435518306e-06,-0.9903290271759033,4.6192951474148334e-08,0.13878370821475983,-1.9196220080175408e-07,0.002978811739012599,0.13889730334281994,1.899462215312735e-08,-0.001148210178870378,trajectory,STRAIGHT,3.726964235305786,11.980899810788468,1.545467421237845e-05
870,94882.156,11.99506950378418,3.899914645444369e-06,-0.9900111556053162,4.6252328220997826e-08,0.13878421485424042,-2.3377563707072113e-07,0.0031814754474908113,0.13889726281166165,2.1453418675416334e-08,-0.0011786547420612613,trajectory,STRAIGHT,3.7279605865478516,11.995069503781648,1.545467421237845e-05
871,94882.281,12.009655952453613,3.873496552841971e-06,-0.9896758794784546,4.6275888927398495e-08,0.1387847363948822,-2.670192031928309e-07,0.0031882617622613907,0.029999999999973,-4.024831910357631e-08,-0.0011959614535859862,trajectory,STRAIGHT,3.727903127670288,12.009655952451105,1.545467421237845e-05
872,94882.406,12.023804664611816,3.845505943900207e-06,-0.9895450472831726,4.621024716112291e-08,0.13781361281871796,-2.777537133624719e-07,-0.0030346494168043137,0.02999999999997313,-4.014894404192836e-08,-0.0007333527256858318,trajectory,STRAIGHT,3.7273173332214355,12.023804664609333,1.545467421237845e-05
873,94882.531,12.037586212158203,3.817583547061076e-06,-0.9900470972061157,4.635262019739996e-08,0.13170410692691803,-2.68020102112132e-07,-0.005697442684322596,0.029999999999973263,-4.00507775564441e-08,-0.0005009721789668575,trajectory,STRAIGHT,3.726670026779175,12.037586212155743,1.545467421237845e-05
874,94882.656,12.05131721496582,3.789370339291054e-06,-0.9904602766036987,4.724518203211596e-08,0.12231043726205826,-2.542055028698087e-07,-2.9890987207181752e-05,0.02999999999997337,-3.9970539532038933e-08,-0.00091167014876676,trajectory,STRAIGHT,3.7260196208953857,12.051317214963385,1.545467421237845e-05
875,94882.781,12.06363296508789,3.763446557059069e-06,-0.9903168082237244,4.8424721579194835e-08,0.112233467400074,-2.393205704720458e-07,0.002074567833915353,0.029999999999973465,-3.990277032883974e-08,-0.0010690557687305213,trajectory,STRAIGHT,3.691535711288452,12.063632965085478,1.545467421237845e-05
876,94882.89,12.074892044067383,3.739163048521732e-06,-0.9900777339935303,4.952984908752044e-08,0.10230103880167007,-2.2297030000117957e-07,0.0024060001596808434,0.029999999999973548,-3.9834870329449895e-08,-0.0011138243869696829,trajectory,STRAIGHT,3.675243854522705,12.074892044064992,1.545467421237845e-05
877,94883.109,12.085698127746582,3.715445927809924e-06,-0.9898015856742859,5.100388849677339e-08,0.09254245460033417,-2.040878968045945e-07,0.0025612281169742346,0.02999999999997363,-3.977714209019788e-08,-0.0011505488289630782,trajectory,STRAIGHT,3.6697418689727783,12.085698127744214,1.545467421237845e-05
878,94883.25,12.102023124694824,3.6797000575461425e-06,-0.9897021055221558,5.348517960426591e-08,0.07799997925758362,-1.6736855457111233e-07,-0.004734417423605919,0.02999999999997373,-3.9696992448953884e-08,-0.0005839980672974887,trajectory,STRAIGHT,3.672569513320923,12.102023124692488,1.545467421237845e-05
879,94883.375,12.109643936157227,3.66371136806265e-06,-0.9902439117431641,5.41304412523328e-08,0.07156050205230713,-1.4590905550448952e-07,-0.005230358801782131,0.029999999999973794,-3.9650834009282246e-08,-0.0005216010522228475,trajectory,STRAIGHT,3.6768264770507812,12.109643936154905,1.545467421237845e-05
880,94883.515,12.11665153503418,3.649976633823826e-06,-0.9905501008033752,5.447581189544675e-08,0.06596316397190094,-1.2319688380557636e-07,0.0006978849414736032,0.029999999999973843,-3.9610710554255556e-08,-0.0009567580305902024,trajectory,STRAIGHT,3.681542158126831,12.11665153503187,1.545467421237845e-05
881,94883.625,12.123307228088379,3.638298949226737e-06,-0.9903307557106018,5.519558712595239e-08,0.06093687564134598,-1.0037956599262543e-07,0.00278788642026484,0.029999999999973867,-3.959838603022355e-08,-0.0011214793099413988,trajectory,STRAIGHT,3.687401056289673,12.123307228086079,1.545467421237845e-05
882,94883.75,12.129302024841309,3.6286965041654184e-06,-0.9900292754173279,5.512607643913388e-08,0.0567009411752224,-8.886425462151237e-08,0.003045344026759267,0.02999999999997389,-3.9575185403807345e-08,-0.0011667823303241876,trajectory,STRAIGHT,3.6933155059814453,12.129302024839015,1.545467421237845e-05
883,94883.89,12.135054588317871,3.619805738708237e-06,-0.989706814289093,5.457635766514901e-08,0.05293251946568489,-8.030674081282996e-08,0.003087867284193635,0.029999999999973936,-3.954173795549387e-08,-0.001199546558481578,trajectory,STRAIGHT,3.6979267597198486,12.135054588315585,1.545467421237845e-05
884,94884.031,12.140584945678711,3.6116764476901153e-06,-0.9896824955940247,5.389397440223319e-08,0.049581579864025116,-6.998011059522469e-08,-0.003956677857786417,0.029999999999973985,-3.95092872271798e-08,-0.0006513595527596649,trajectory,STRAIGHT,3.701350212097168,12.14058494567643,1.545467421237845e-05
885,94884.14,12.145501136779785,3.605094207159709e-06,-0.9901824593544006,5.3615547909446424e-08,0.046876635402441025,-5.886126785981105e-08,-0.0050329044461250305,0.029999999999973995,-3.949701759708028e-08,-0.0005413311773632633,trajectory,STRAIGHT,3.704214572906494,12.145501136777508,1.545467421237845e-05
886,94884.343,12.15002727508545,3.5998516523250146e-06,-0.9904581308364868,5.337132428014883e-08,0.04462280124425888,-4.683904819557938e-08,0.0008573035011067986,0.029999999999974002,-3.949467766494681e-08,-0.0009768086554206889,trajectory,STRAIGHT,3.709559202194214,12.150027275083175,1.545467421237845e-05
887,94884.484,12.157990455627441,3.5935029245592887e-06,-0.9899750351905823,5.247472877750005e-08,0.04115455970168114,-2.0647386023142644e-08,0.003135006409138441,0.02999999999997399,-3.950693915146494e-08,-0.0011710737363780199,trajectory,STRAIGHT,3.7128987312316895,12.15799045562517,1.545467421237845e-05
888,94884.593,12.16186809539795,3.592233497329289e-06,-0.9898240566253662,5.2347591373519406e-08,0.03968917950987816,-6.375690642101972e-09,-0.0023569001350551844,0.02999999999997394,-3.95415328702673e-08,-0.0007604849724354666,trajectory,STRAIGHT,3.715214252471924,12.161868095395675,1.545467421237845e-05
889,94884.734,12.165962219238281,3.59190312337887e-06,-0.9902662634849548,5.2705647837518265e-08,0.03830919414758682,-1.7958153852859482e-09,-0.004890193697065115,0.02999999999997386,-3.9603631391265515e-08,-0.0005423412700677011,trajectory,STRAIGHT,3.716426372528076,12.165962219236004,1.545467421237845e-05
890,94884.859,12.169919967651367,3.591627091736882e-06,-0.9905856847763062,5.264223752343668e-08,0.037134524434804916,-4.402697761918262e-09,0.0007329004001803696,0.02999999999997379,-3.96519758549319e-08,-0.0009567985064255902,trajectory,STRAIGHT,3.7172932624816895,12.169919967649088,1.545467421237845e-05
891,94884.984,12.173656463623047,3.5908142308471724e-06,-0.9903628826141357,5.250770876931169e-08,0.03615004941821098,-1.24408163770795e-08,0.0029186264146119356,0.029999999999973746,-3.9689645006079185e-08,-0.001128769517266781,trajectory,STRAIGHT,3.718858480453491,12.173656463620766,1.545467421237845e-05
892,94885.109,12.177617073059082,3.588665094866883e-06,-0.9900193810462952,5.2572652553078645e-08,0.03523066267371178,-2.736462434427267e-08,0.003174163866788149,0.0299999999999737,-3.9722234883670965e-08,-0.0011761718039883073,trajectory,STRAIGHT,3.720956325531006,12.177617073056801,1.545467421237845e-05
893,94885.234,12.181381225585938,3.5846476293954765e-06,-0.9896760582923889,5.259899416449427e-08,0.034467969089746475,-4.8054239698558376e-08,0.003182271495461464,0.02999999999997369,-3.9731206388162145e-08,-0.0012090712000918512,trajectory,REJOIN_SOFT,3.722019910812378,12.181381225583658,1.545467421237845e-05
894,94885.359,12.185067176818848,3.5780587950284826e-06,-0.9896446466445923,5.2860309978902233e-08,0.03381219878792763,-7.50099644619695e-08,-0.003919248003512621,0.029999999999973707,-3.9718784611174754e-08,-0.0006575970181805146,trajectory,REJOIN_SOFT,3.7222955226898193,12.185067176816574,1.545467421237845e-05
895,94885.484,12.188287734985352,3.5695065889740363e-06,-0.9901072978973389,5.317482176752798e-08,0.03331294655799866,-1.0394560945314879e-07,-0.004985842388123274,0.029999999999973756,-3.968064869723131e-08,-0.0005505163268732848,trajectory,REJOIN_SOFT,3.722372055053711,12.188287734983085,1.545467421237845e-05
896,94885.609,12.191761016845703,3.556706360541284e-06,-0.9903740882873535,5.3648504667978646e-08,0.03284469619393349,-1.405207399329811e-07,0.0011597659904509783,0.029999999999973853,-3.960522097628569e-08,-0.0010085084485652728,trajectory,REJOIN_SOFT,3.723118543624878,12.19176101684345,1.545467421237845e-05
897,94885.734,12.195089340209961,3.5405241760599893e-06,-0.9901332855224609,5.3986608823609826e-08,0.03245193883776665,-1.7655156625551172e-07,0.0029671755619347095,0.029999999999974013,-3.948737309417899e-08,-0.0011534254259347864,trajectory,REJOIN_SOFT,3.723118543624878,12.195089340207726,1.545467421237845e-05
898,94885.859,12.198477745056152,3.520097834552871e-06,-0.9898069500923157,5.39453106263226e-08,0.03210367634892464,-2.1228328250799677e-07,0.003172473516315222,0.029999999999974238,-3.93131999898361e-08,-0.0011967407307180932,trajectory,REJOIN_SOFT,3.7245922088623047,12.19847774505394,1.545467421237845e-05
899,94886.062,12.201737403869629,3.49677156918915e-06,-0.9897487759590149,5.393980816539191e-08,0.03181082755327225,-2.4346877580683213e-07,-0.003536207601428032,0.029999999999974505,-3.91068656872546e-08,-0.0006772857562972621,trajectory,REJOIN_SOFT,3.72501540184021,12.201737403867444,1.545467421237845e-05
900,94886.203,12.207802772521973,3.447251629040693e-06,-0.9907374382019043,5.3569535625811635e-08,0.031367696821689606,-2.6350681991971214e-07,-0.005078347399830818,0.029999999999975106,-3.864513905923138e-08,-0.0005044814602805691,trajectory,REJOIN_SOFT,3.7246663570404053,12.207802772519845,1.545467421237845e-05
901,94886.328,12.210896492004395,3.4215581763419323e-06,-0.9910280704498291,5.2668954348383273e-08,0.03118467517197132,-2.5322063379462634e-07,0.000766647222917527,0.029999999999975446,-3.838284235179845e-08,-0.0009166876370840471,trajectory,REJOIN_SOFT,3.7250611782073975,12.210896492002295,1.545467421237845e-05
902,94886.453,12.213980674743652,3.3974574762396514e-06,-0.9908103346824646,5.217444037695059e-08,0.031025657430291176,-2.3349510058778833e-07,0.0029333860147744417,0.029999999999975744,-3.8149230803547805e-08,-0.0010881506025114196,trajectory,REJOIN_SOFT,3.7263550758361816,12.213980674741581,1.545467421237845e-05
903,94886.562,12.217040061950684,3.3752860417735064e-06,-0.9905022978782654,5.1872555196585115e-08,0.030887728556990623,-2.1461670485223294e-07,0.0031958448234945536,0.029999999999976004,-3.794138647106413e-08,-0.001134110872139048,trajectory,REJOIN_SOFT,3.7276062965393066,12.217040061948637,1.545467421237845e-05
904,94886.687,12.220462799072266,3.3525686831126222e-06,-0.9901456236839294,5.1510263040760936e-08,0.03075496479868889,-1.9496562231324788e-07,0.0032092095352709293,0.029999999999976275,-3.7730130479577584e-08,-0.001153013758797955,trajectory,REJOIN_SOFT,3.7279539108276367,12.220462799070244,1.545467421237845e-05
905,94886.812,12.2236909866333,3.3330079531879164e-06,-0.9898096919059753,5.1070332110759345e-08,0.030647698789834976,-1.7785642114631628e-07,0.0031918359454721212,0.0299999999999765,-3.754763925568666e-08,-0.001197610812025186,trajectory,REJOIN_SOFT,3.7275326251983643,12.2236909866313,1.545467421237845e-05
906,94886.937,12.226712226867676,3.3161459214170463e-06,-0.9897215962409973,5.095651263489064e-08,0.030559998005628586,-1.6294671922878479e-07,-0.0032188817858695984,0.029999999999976688,-3.740105547317185e-08,-0.0006891581767667497,trajectory,REJOIN_SOFT,3.72700834274292,12.226712226865693,1.545467421237845e-05
907,94887.046,12.229641914367676,3.3011451705533545e-06,-0.9901594519615173,5.047969478224191e-08,0.030486606061458588,-1.4977955231643136e-07,-0.004960629623383284,0.029999999999976858,-3.726224438996032e-08,-0.0005465464533259666,trajectory,REJOIN_SOFT,3.7264554500579834,12.22964191436571,1.545467421237845e-05
908,94887.171,12.232937812805176,3.2857001315278467e-06,-0.9904775023460388,5.010445663376196e-08,0.030415980145335197,-1.3650516450525174e-07,0.0008838035864755511,0.029999999999977028,-3.712611478050839e-08,-0.0009789704414788214,trajectory,REJOIN_SOFT,3.7258970737457275,12.232937812803225,1.545467421237845e-05
909,94887.296,12.23595905303955,3.272733920312021e-06,-0.9902570843696594,4.958679530534715e-08,0.030360134318470955,-1.2563177165247907e-07,0.0029174748342484236,0.02999999999997717,-3.700879167559174e-08,-0.0011387180641802652,trajectory,REJOIN_SOFT,3.7262003421783447,12.235959053037613,1.545467421237845e-05
910,94887.406,12.2389497756958,3.260782932557049e-06,-0.9899517893791199,4.863475971880341e-08,0.030311699956655502,-1.1601739657862709e-07,0.0031655707862228155,0.029999999999977323,-3.688885392485938e-08,-0.001173830489865194,trajectory,REJOIN_SOFT,3.727269411087036,12.238949775693875,1.545467421237845e-05
911,94887.531,12.242030143737793,3.2493992421223084e-06,-0.9898514151573181,4.797524495699713e-08,0.03026832826435566,-1.0739510969415278e-07,-0.003124801442027092,0.029999999999977444,-3.678481308140131e-08,-0.0006987057659833318,trajectory,REJOIN_SOFT,3.727513551712036,12.242030143735878,1.545467421237845e-05
912,94887.656,12.245110511779785,3.2388256840931717e-06,-0.9903117418289185,4.736036386337459e-08,0.030231129378080368,-1.001706095848931e-07,-0.004893723875284195,0.029999999999977562,-3.6690744950713676e-08,-0.0005341756377427464,trajectory,REJOIN_SOFT,3.7270114421844482,12.245110511777881,1.545467421237845e-05
913,94887.781,12.248100280761719,3.2292002742906334e-06,-0.9906288981437683,4.6636151288411754e-08,0.030200181528925896,-9.450099014429725e-08,0.00044414360309019685,0.02999999999997767,-3.660240519434273e-08,-0.0009295401423658711,trajectory,REJOIN_SOFT,3.7264139652252197,12.248100280759825,1.545467421237845e-05
914,94887.906,12.251361846923828,3.2192638173000887e-06,-0.9904000163078308,4.5934706067241584e-08,0.03017105720937252,-8.975475651595843e-08,0.0029298937879502773,0.029999999999977774,-3.651468308988255e-08,-0.0011259165355008015,trajectory,REJOIN_SOFT,3.7267613410949707,12.251361846921943,1.545467421237845e-05
915,94888.015,12.254532814025879,3.210017894161865e-06,-0.990074634552002,4.5076952480915925e-08,0.030146760866045952,-8.659015549028481e-08,0.0031775885727256536,0.029999999999977885,-3.642850155053075e-08,-0.0011720524031521118,trajectory,REJOIN_SOFT,3.727783203125,12.254532814024003,1.545467421237845e-05
916,94888.14,12.257522583007812,3.2015382203098852e-06,-0.9897587299346924,4.443729898147778e-08,0.030127016827464104,-8.492444436569713e-08,0.0031883849296718836,0.02999999999997797,-3.6354791714727e-08,-0.0012030002709189623,trajectory,REJOIN_SOFT,3.727989435195923,12.257522583005944,1.545467421237845e-05
917,94888.265,12.260602951049805,3.19290711559006e-06,-0.9896436929702759,4.3834199282922995e-08,0.03010934591293335,-8.454615141317845e-08,-0.003071242244914174,0.029999999999978058,-3.628155757504548e-08,-0.0007218546911397117,trajectory,REJOIN_SOFT,3.7274599075317383,12.260602951047943,1.545467421237845e-05
918,94888.39,12.263592720031738,3.184500656061573e-06,-0.9900975227355957,4.348809570133218e-08,0.030094599351286888,-8.548054353241241e-08,-0.005052213557064533,0.02999999999997814,-3.621721614956452e-08,-0.0005406854979016916,trajectory,REJOIN_SOFT,3.726836681365967,12.263592720029886,1.545467421237845e-05
919,94888.5,12.266763687133789,3.1754127576277824e-06,-0.9904255270957947,4.316343130312024e-08,0.03008122555911541,-8.785438865288597e-08,0.0007069680723361671,0.029999999999978218,-3.614823131042265e-08,-0.0009701419445692426,trajectory,REJOIN_SOFT,3.7262039184570312,12.266763687131945,1.545467421237845e-05
920,94888.625,12.26993465423584,3.166000169585459e-06,-0.9901949167251587,4.289512930407802e-08,0.030069706961512566,-9.167514747332461e-08,0.0029327210504561663,0.029999999999978308,-3.607723178522775e-08,-0.0011453286030383382,trajectory,REJOIN_SOFT,3.7264552116394043,12.269934654234003,1.545467421237845e-05
921,94888.75,12.27310562133789,3.1561105515720556e-06,-0.9898698925971985,4.26808408985023e-08,0.030059807002544403,-9.694247182778781e-08,0.0031707787420600653,0.029999999999978398,-3.6002458206299904e-08,-0.0011907515293204008,trajectory,REJOIN_SOFT,3.7274844646453857,12.273105621336065,1.545467421237845e-05
922,94888.875,12.276276588439941,3.145589971609297e-06,-0.9898005723953247,4.2353833302090767e-08,0.030051259323954582,-1.0369549130473388e-07,-0.003495348384603858,0.0299999999999785,-3.591719429110724e-08,-0.0006609273692809759,trajectory,REJOIN_SOFT,3.7276928424835205,12.276276588438126,1.545467421237845e-05
923,94889.0,12.279266357421875,3.1349543405667646e-06,-0.9902578592300415,4.2125155156935275e-08,0.030044350773096085,-1.1134987687455578e-07,-0.004885109607130289,0.0299999999999786,-3.5831133373860846e-08,-0.0005441995047082804,trajectory,REJOIN_SOFT,3.7271533012390137,12.279266357420068,1.545467421237845e-05
924,94889.125,12.282336235046387,3.1231400043907342e-06,-0.990538477897644,4.170054196626027e-08,0.030038246884942055,-1.2050989539602597e-07,0.000920137157663703,0.029999999999978724,-3.572702515306711e-08,-0.000974506858350015,trajectory,REJOIN_SOFT,3.72652006149292,12.282336235044593,1.545467421237845e-05
925,94889.234,12.285384178161621,3.1103215860639466e-06,-0.9903070330619812,4.1588230606419245e-08,0.030032966285943985,-1.3106236451676523e-07,0.0029467903077602386,0.029999999999978853,-3.5620705098728824e-08,-0.0011358881657236675,trajectory,REJOIN_SOFT,3.726752281188965,12.28538417815984,1.545467421237845e-05
926,94889.359,12.288521766662598,3.095926786045311e-06,-0.9899809956550598,4.1770691857261255e-08,0.030028285458683968,-1.4336352194277424e-07,0.0031781517900526524,0.029999999999978988,-3.550668858428143e-08,-0.001180862704198169,trajectory,REJOIN_SOFT,3.7277445793151855,12.28852176666083,1.545467421237845e-05
927,94889.468,12.291390419006348,3.081569730056799e-06,-0.9898984432220459,4.20078970346389e-08,0.030024563893675804,-1.5595743718677113e-07,-0.0031026238575577736,0.029999999999979123,-3.539106645190185e-08,-0.0006825282740400307,trajectory,REJOIN_SOFT,3.727969169616699,12.291390419004594,1.545467421237845e-05
928,94889.593,12.294169425964355,3.0664562018500874e-06,-0.9903085827827454,4.213810879650916e-08,0.030021434649825096,-1.6924808221574494e-07,-0.004810710903257132,0.029999999999979272,-3.526246043060396e-08,-0.0005433172896325434,trajectory,REJOIN_SOFT,3.7274279594421387,12.294169425962618,1.545467421237845e-05
929,94889.718,12.297038078308105,3.049505266972119e-06,-0.9906370639801025,4.2229732164250034e-08,0.0300186425447464,-1.8403204649075633e-07,9.899707220029086e-05,0.02999999999997945,-3.511315419855851e-08,-0.0009196698678012781,trajectory,REJOIN_SOFT,3.7267906665802,12.297038078306386,1.545467421237845e-05
930,94889.828,12.300175666809082,3.029495019291062e-06,-0.9904317259788513,4.2149313427567594e-08,0.030015995725989342,-1.9544334861620882e-07,0.0028739869594573975,0.029999999999979668,-3.49277253634469e-08,-0.0011194999082745406,trajectory,REJOIN_SOFT,3.7270047664642334,12.300175666807382,1.545467421237845e-05
931,94889.968,12.3034029006958,3.0082221655902686e-06,-0.9900990128517151,4.2178144250675326e-08,0.030013663694262505,-1.9671480799843266e-07,0.0031761873979121447,0.029999999999979897,-3.473221447691558e-08,-0.0011693288845861971,trajectory,REJOIN_SOFT,3.727977991104126,12.303402900694124,1.545467421237845e-05
932,94890.078,12.306092262268066,2.9907794214523165e-06,-0.9898117780685425,4.218261694483443e-08,0.03001198172569275,-1.8963987713505048e-07,0.003191273892298341,0.029999999999980077,-3.457151248523702e-08,-0.0011995084240478426,trajectory,REJOIN_SOFT,3.7281529903411865,12.306092262266407,1.545467421237845e-05
933,94890.203,12.308871269226074,2.973784830828663e-06,-0.9896872043609619,4.2162574294948984e-08,0.030010448768734932,-1.7445363198476116e-07,-0.0026471619494259357,0.029999999999980258,-3.44158535848353e-08,-0.0007386622420889288,trajectory,REJOIN_SOFT,3.72760272026062,12.308871269224431,1.545467421237845e-05
934,94890.328,12.311919212341309,2.957022388727637e-06,-0.9901387691497803,4.2230986498145514e-08,0.03000899776816368,-1.5527245977864368e-07,-0.005031295120716095,0.029999999999980428,-3.426841975441236e-08,-0.0005434376511870586,trajectory,REJOIN_SOFT,3.7269628047943115,12.311919212339681,1.545467421237845e-05
935,94890.453,12.31523609161377,2.9405916848190827e-06,-0.990497350692749,4.2317467986033953e-08,0.030007658526301384,-1.4211718735168688e-07,0.000706103106494993,0.029999999999980587,-3.4128186311133875e-08,-0.000964670257980883,trajectory,REJOIN_SOFT,3.726317882537842,12.31523609161216,1.545467421237845e-05
936,94890.578,12.31855297088623,2.9251823434606194e-06,-0.9902488589286804,4.2281939588959026e-08,0.030006516724824905,-1.36269832751168e-07,0.0029689345974475145,0.029999999999980737,-3.39953662156703e-08,-0.0011423744900386135,trajectory,REJOIN_SOFT,3.7268292903900146,12.318552970884635,1.545467421237845e-05
937,94890.703,12.321511268615723,2.9120135422999738e-06,-0.9899411201477051,4.237491536604332e-08,0.030005643144249916,-1.292545164233161e-07,0.00317424931563437,0.02999999999998086,-3.3886806094971334e-08,-0.0011850989608697205,trajectory,REJOIN_SOFT,3.7278425693511963,12.32151126861414,1.545467421237845e-05
938,94890.828,12.324917793273926,2.8979302442166954e-06,-0.9898611903190613,4.289246682641534e-08,0.030004778876900673,-1.175134229924879e-07,-0.003594368463382125,0.029999999999980972,-3.3785927529067726e-08,-0.000661120178551594,trajectory,REJOIN_SOFT,3.7278354167938232,12.324917793272355,1.545467421237845e-05
939,94891.062,12.328234672546387,2.885580215661321e-06,-0.9903813600540161,4.370927416721816e-08,0.030004063621163368,-1.0503107006343271e-07,-0.004866315983235836,0.029999999999981056,-3.371210534118099e-08,-0.0005368659566950562,trajectory,REJOIN_SOFT,3.7272586822509766,12.328234672544829,1.545467421237845e-05
940,94891.203,12.334061622619629,2.866823933800333e-06,-0.9910698533058167,4.5500075474489425e-08,0.03000306710600853,-8.61613429492536e-08,0.0012322957627475262,0.029999999999981153,-3.362558215748368e-08,-0.0009674873179248922,trajectory,REJOIN_SOFT,3.727966070175171,12.334061622618087,1.545467421237845e-05
941,94891.328,12.337288856506348,2.858025027308031e-06,-0.9908055663108826,4.5801273061171236e-08,0.030002618208527565,-7.778946553571586e-08,0.0030347013380378485,0.029999999999981212,-3.357458350021276e-08,-0.001094659379984978,trajectory,REJOIN_SOFT,3.727966070175171,12.337288856504813,1.545467421237845e-05
942,94891.453,12.340426445007324,2.850028522516368e-06,-0.9904744625091553,4.6129329572780644e-08,0.030002249404788017,-7.54722648821371e-08,0.003206700086593628,0.029999999999981257,-3.3532212658402906e-08,-0.0011365804615816012,trajectory,REJOIN_SOFT,3.728951930999756,12.340426445005797,1.545467421237845e-05
943,94891.562,12.343295097351074,2.8426818516891217e-06,-0.9901657700538635,4.647220834603276e-08,0.03000195138156414,-7.83893625566634e-08,0.00320733105763793,0.0299999999999813,-3.349425213707162e-08,-0.001166605770302439,trajectory,REJOIN_SOFT,3.729036569595337,12.343295097349554,1.545467421237845e-05
944,94891.687,12.346163749694824,2.8348238174658036e-06,-0.9898586869239807,4.681508732677045e-08,0.030001701787114143,-8.61172679833544e-08,0.0031911134719848633,0.029999999999981347,-3.345040666619302e-08,-0.0011942185485031875,trajectory,REJOIN_SOFT,3.7284622192382812,12.34616374969331,1.545467421237845e-05
945,94891.812,12.349211692810059,2.8253955406398745e-06,-0.989741325378418,4.716060966939102e-08,0.030001463368535042,-9.96885347603893e-08,-0.0030147326178848743,0.02999999999998142,-3.3390916113223474e-08,-0.0007036189385917456,trajectory,REJOIN_SOFT,3.727813720703125,12.349211692808552,1.545467421237845e-05
946,94891.921,12.352349281311035,2.8139495498180622e-06,-0.9902166128158569,4.7453441754034645e-08,0.030001267790794373,-1.1927382104204298e-07,-0.004970772657543421,0.029999999999981507,-3.3307902000415613e-08,-0.0005420105756280757,trajectory,REJOIN_SOFT,3.7271597385406494,12.35234928130954,1.545467421237845e-05
947,94892.046,12.35539722442627,2.800666607072344e-06,-0.9905232191085815,4.735287557075021e-08,0.03000107780098915,-1.4047894580926368e-07,0.0007301811710931361,0.02999999999998164,-3.319095230778182e-08,-0.0009618846283509097,trajectory,REJOIN_SOFT,3.7265095710754395,12.355397224424786,1.545467421237845e-05
948,94892.171,12.358355522155762,2.7859364308824297e-06,-0.9903092980384827,4.716177219442242e-08,0.030000930652022362,-1.5624415539150505e-07,0.0028976004105061293,0.02999999999998179,-3.3053513715124175e-08,-0.0011325098049234084,trajectory,REJOIN_SOFT,3.7267374992370605,12.358355522154293,1.545467421237845e-05
949,94892.296,12.361313819885254,2.7698965823219623e-06,-0.9900047779083252,4.697301699091483e-08,0.030000807717442513,-1.6693036286596907e-07,0.003163150977343321,0.029999999999981958,-3.290096020020174e-08,-0.001168979856778257,trajectory,REJOIN_SOFT,3.7277324199676514,12.3613138198838,1.545467421237845e-05
950,94892.421,12.364720344543457,2.750460680545075e-06,-0.9896425604820251,4.6645290190830665e-08,0.03000066615641117,-1.7290547305037762e-07,0.0031800922006368637,0.029999999999982166,-3.2710578463921817e-08,-0.0012112130343376515,trajectory,REJOIN_SOFT,3.7279653549194336,12.364720344542022,1.545467421237845e-05
951,94892.562,12.368037223815918,2.7312469228490954e-06,-0.9896241426467896,4.6170640812518685e-08,0.03000055067241192,-1.7220074255419604e-07,-0.0040748100727796555,0.029999999999982378,-3.251679343605367e-08,-0.0006476482871016087,trajectory,REJOIN_SOFT,3.7274231910705566,12.3680372238145,1.545467421237845e-05
952,94892.671,12.37099552154541,2.7144562864123145e-06,-0.9901113510131836,4.574939929099245e-08,0.030000489205121994,-1.6615278752851736e-07,-0.00502259936183691,0.029999999999982558,-3.234758653244787e-08,-0.0005482735329221777,trajectory,REJOIN_SOFT,3.7267823219299316,12.370995521544009,1.545467421237845e-05
953,94892.89,12.374043464660645,2.698049001992331e-06,-0.99034583568573,4.531539281400926e-08,0.03000042587518692,-1.5465309388673631e-07,0.0012785219587385654,0.02999999999998273,-3.2183075568745565e-08,-0.0010406390049408963,trajectory,REJOIN_SOFT,3.7263801097869873,12.374043464659259,1.545467421237845e-05
954,94893.015,12.379422187805176,2.6729778710432583e-06,-0.9898588061332703,4.4664567639420706e-08,0.030000314116477966,-1.215654066299976e-07,0.003156568855047226,0.029999999999983,-3.193980540862708e-08,-0.001183541553482631,trajectory,REJOIN_SOFT,3.727404832839966,12.379422187803812,1.545467421237845e-05
955,94893.125,12.382380485534668,2.661812004589592e-06,-0.9897154569625854,4.455330709406417e-08,0.03000025264918804,-1.0503382696924746e-07,-0.002617703750729561,0.0299999999999831,-3.184308027179868e-08,-0.0007501547898366856,trajectory,REJOIN_SOFT,3.7276358604431152,12.382380485533314,1.545467421237845e-05
956,94893.265,12.385518074035645,2.6513969260122394e-06,-0.9901713728904724,4.44353035411131e-08,0.03000018745660782,-9.45560003628998e-08,-0.004951322916895151,0.029999999999983193,-3.175664206941844e-08,-0.0005469645458188787,trajectory,REJOIN_SOFT,3.7270936965942383,12.3855180740343,1.545467421237845e-05
957,94893.39,12.388386726379395,2.6425238957017427e-06,-0.9904829263687134,4.4327414628646774e-08,0.03000018000602722,-9.130870637363842e-08,0.0003928226651623845,0.029999999999983266,-3.1684897469208785e-08,-0.0009388972667922745,trajectory,REJOIN_SOFT,3.7264535427093506,12.388386726378059,1.545467421237845e-05
958,94893.5,12.391524314880371,2.632825498949387e-06,-0.9902653694152832,4.4209411185577644e-08,0.03000018000602722,-9.462333139254042e-08,0.002902393927797675,0.02999999999998335,-3.160632880830919e-08,-0.0011368591469522703,trajectory,REJOIN_SOFT,3.7267696857452393,12.391524314879042,1.545467421237845e-05
959,94893.64,12.394661903381348,2.622402462293394e-06,-0.9899412393569946,4.4058530943907053e-08,0.03000018000602722,-1.0502005665102843e-07,0.003172703552991152,0.029999999999983443,-3.1518249032557685e-08,-0.0011842442921045672,trajectory,REJOIN_SOFT,3.7277629375457764,12.394661903380028,1.545467421237845e-05
960,94893.765,12.397889137268066,2.6102732135768747e-06,-0.9898602366447449,4.3937155973604893e-08,0.03000018000602722,-1.2013742889394052e-07,-0.0034463731572031975,0.029999999999983557,-3.1412219249775885e-08,-0.0006730022517632383,trajectory,REJOIN_SOFT,3.727829933166504,12.397889137266757,1.545467421237845e-05
961,94893.906,12.401206016540527,2.595932301119319e-06,-0.9903770089149475,4.3812409462093024e-08,0.03000018000602722,-1.3877198057343776e-07,-0.0048838392831385136,0.029999999999983692,-3.1281337548985134e-08,-0.0005357235296441221,trajectory,REJOIN_SOFT,3.7272613048553467,12.40120601653923,1.545467421237845e-05
962,94894.031,12.404343605041504,2.580311047495343e-06,-0.9906526207923889,4.369440599195598e-08,0.03000018000602722,-1.592170519870706e-07,0.0010723609011620283,0.02999999999998385,-3.113347418089999e-08,-0.0009757452321138448,trajectory,REJOIN_SOFT,3.726618528366089,12.404343605040221,1.545467421237845e-05
963,94894.156,12.407570838928223,2.5619515326980036e-06,-0.9903964996337891,4.3812452099445626e-08,0.03000018000602722,-1.7983586531045148e-07,0.0030006729066371918,0.029999999999984022,-3.0961681630265533e-08,-0.001130712934000735,trajectory,REJOIN_SOFT,3.7270209789276123,12.407570838926956,1.545467421237845e-05
964,94894.281,12.410439491271973,2.5440092485951027e-06,-0.9900965690612793,4.378674474963426e-08,0.03000018000602722,-1.9315392307817092e-07,0.0031841618474572897,0.029999999999984206,-3.078589202275701e-08,-0.0011716359721218217,trajectory,REJOIN_SOFT,3.728018283843994,12.410439491270722,1.545467421237845e-05
965,94894.484,12.413666725158691,2.5225942863471573e-06,-0.9897513389587402,4.3749910281326015e-08,0.03000018000602722,-2.0239289710843877e-07,0.003191552124917507,0.02999999999998442,-3.0573161170493856e-08,-0.0012026599556162608,trajectory,REJOIN_SOFT,3.7282333374023438,12.413666725157462,1.545467421237845e-05
966,94894.625,12.41931438446045,2.4839032448653597e-06,-0.9895030856132507,4.368544999436574e-08,0.03000015951693058,-2.0390770316680573e-07,-0.004129695240408182,0.02999999999998481,-3.0185486077467434e-08,-0.0006445333892570725,trajectory,REJOIN_SOFT,3.7263882160186768,12.419314384459254,1.545467421237845e-05
967,94894.75,12.4221830368042,2.464594899720396e-06,-0.989985466003418,4.357518802617478e-08,0.03000013157725334,-1.9754152447148954e-07,-0.005165207665413618,0.029999999999985014,-2.998960510438463e-08,-0.0005484752600786868,trajectory,REJOIN_SOFT,3.7263882160186768,12.422183036803021,1.545467421237845e-05
968,94894.875,12.425141334533691,2.4455698621750344e-06,-0.9904798269271851,4.327136355834942e-08,0.03000013157725334,-1.8595204664961784e-07,-0.00469630490988493,0.029999999999985205,-2.9791780906959783e-08,-0.0005400860129913687,trajectory,REJOIN_SOFT,3.7257566452026367,12.42514133453253,1.545467421237845e-05
969,94895.015,12.42836856842041,2.4264268176921178e-06,-0.9907965064048767,4.298090789358553e-08,0.03000013157725334,-1.6757161347413785e-07,0.000743590178899467,0.029999999999985403,-2.9595507041570872e-08,-0.000937734107521202,trajectory,REJOIN_SOFT,3.7263152599334717,12.428368568419266,1.545467421237845e-05
970,94895.125,12.431595802307129,2.409595253993757e-06,-0.9905537366867065,4.277027455026941e-08,0.03000013157725334,-1.4324666608445114e-07,0.00297591183334589,0.029999999999985563,-2.9428155532690524e-08,-0.001114551552328562,trajectory,REJOIN_SOFT,3.7273733615875244,12.431595802306,1.545467421237845e-05
971,94895.25,12.434643745422363,2.396118361502886e-06,-0.9902350306510925,4.2857490108663926e-08,0.03000013157725334,-1.21888575677076e-07,0.0031933984719216824,0.029999999999985684,-2.930660902167935e-08,-0.0011585468595958126,trajectory,REJOIN_SOFT,3.728349208831787,12.434643745421244,1.545467421237845e-05
972,94895.359,12.437512397766113,2.3851823698350927e-06,-0.9899279475212097,4.265801585710406e-08,0.03000013157725334,-1.0674344252947776e-07,0.003201768035069108,0.029999999999985785,-2.920396185834176e-08,-0.0011745705811417474,trajectory,REJOIN_SOFT,3.7284865379333496,12.437512397765003,1.545467421237845e-05
973,94895.5,12.440560340881348,2.3748948478896637e-06,-0.9898268580436707,4.243066346800819e-08,0.03000013157725334,-9.585928495425833e-08,-0.00313826953060925,0.029999999999985878,-2.9109811929536074e-08,-0.0006999031742747908,trajectory,REJOIN_SOFT,3.72792649269104,12.440560340880246,1.545467421237845e-05
974,94895.609,12.443697929382324,2.365167802054202e-06,-0.9903056621551514,4.252392928450126e-08,0.03000013157725334,-9.038053860876971e-08,-0.0049323225393891335,0.029999999999985948,-2.9032623010035966e-08,-0.0005324387279983644,trajectory,REJOIN_SOFT,3.727278232574463,12.44369792938123,1.545467421237845e-05
975,94895.734,12.446925163269043,2.355440983592416e-06,-0.9906187057495117,4.2740587932189076e-08,0.03000013157725334,-9.075484541654077e-08,0.000911020499188453,0.02999999999998602,-2.895991375995657e-08,-0.0009676668986889313,trajectory,REJOIN_SOFT,3.7266273498535156,12.446925163267956,1.545467421237845e-05
976,94895.859,12.449793815612793,2.3465058802685235e-06,-0.9904050827026367,4.293317339701862e-08,0.03000013157725334,-9.6195314824854e-08,0.002911409130319953,0.029999999999986086,-2.8891714790936575e-08,-0.0011246320355199424,trajectory,REJOIN_SOFT,3.726937770843506,12.449793815611713,1.545467421237845e-05
977,94895.968,12.452662467956543,2.33681635108951e-06,-0.9901089072227478,4.312575886205352e-08,0.03000013157725334,-1.0645386083751873e-07,0.0031713517382740974,0.0,0.0,0.0,trajectory_no_feasible,REJOIN_SOFT,3.7279350757598877,12.45266246795547,1.545467421237845e-05
978,94896.078,12.455350875854492,2.32668207900133e-06,-0.9898222088813782,4.319836623105735e-08,0.029702559113502502,-1.1786000442270961e-07,0.0031818216666579247,0.029999999999986246,-2.8726240572906853e-08,-0.0011977962004811825,trajectory,REJOIN_SOFT,3.7281577587127686,12.455350875853428,1.545467421237845e-05
979,94896.203,12.458137512207031,2.315214260306675e-06,-0.9897074103355408,4.3328805642450474e-08,0.02837521955370903,-1.1881724049089826e-07,-0.002848211210221052,0.02999999999998634,-2.8624878068619877e-08,-0.0007337236689623172,trajectory,REJOIN_SOFT,3.7276113033294678,12.458137512205976,1.545467421237845e-05
980,94896.328,12.46107006072998,2.3031104774418054e-06,-0.9901810884475708,4.399433562082463e-08,0.027606651186943054,-1.1263585975029855e-07,-0.005022796802222729,0.029999999999986426,-2.8533386951210345e-08,-0.0005360729160006816,trajectory,REJOIN_SOFT,3.7266287803649902,12.461070060728936,1.545467421237845e-05
981,94896.437,12.463704109191895,2.2923813958186656e-06,-0.9905108213424683,4.437729589543369e-08,0.027376560494303703,-1.1097394292391982e-07,0.00020629704522434622,0.029999999999986513,-2.8446231661198567e-08,-0.0009221538161335141,trajectory,REJOIN_SOFT,3.7161450386047363,12.463704109190859,1.545467421237845e-05
982,94896.562,12.466328620910645,2.281802608194994e-06,-0.9903271198272705,4.4683060732133335e-08,0.02738886885344982,-1.0940938466319494e-07,0.0028104756493121386,0.029999999999986593,-2.8358233274458196e-08,-0.001125193174430218,trajectory,REJOIN_SOFT,3.722860813140869,12.466328620909618,1.545467421237845e-05
983,94896.687,12.469124794006348,2.2707279185851803e-06,-0.9900164604187012,4.473794947549717e-08,0.027540484443306923,-1.077378328773193e-07,0.003160309512168169,0.029999999999986694,-2.8258454783148213e-08,-0.001168712853887167,trajectory,REJOIN_SOFT,3.72664213180542,12.469124794005328,1.545467421237845e-05
984,94896.796,12.471945762634277,2.2598237592319492e-06,-0.9896924495697021,4.5365900061881016e-08,0.02775721438229084,-1.0606386524614209e-07,0.0031854789704084396,0.029999999999986766,-2.817793044173723e-08,-0.001208636491684676,trajectory,REJOIN_SOFT,3.727536678314209,12.471945762633268,1.545467421237845e-05
985,94896.921,12.47470760345459,2.2494041331810877e-06,-0.9896071553230286,4.628379944925868e-08,0.02798919752240181,-1.0442828113355063e-07,-0.003288829233497381,0.029999999999986832,-2.8111013163263698e-08,-0.0007091852735691307,trajectory,REJOIN_SOFT,3.7260961532592773,12.474707603453588,1.545467421237845e-05
986,94897.046,12.47757339477539,2.23883762373589e-06,-0.9900853633880615,4.756693472118423e-08,0.028224332258105278,-1.0275241635326893e-07,-0.005071789957582951,0.029999999999986877,-2.8054196548501125e-08,-0.0005426380123906371,trajectory,REJOIN_SOFT,3.725083112716675,12.477573394774398,1.545467421237845e-05
987,94897.171,12.480374336242676,2.2287449610303156e-06,-0.9904171228408813,4.915871078382335e-08,0.028437025845050812,-1.0113947723766614e-07,0.0003752692136913538,0.029999999999986923,-2.801138134316282e-08,-0.0009445602184680701,trajectory,REJOIN_SOFT,3.7244465351104736,12.48037433624169,1.545467421237845e-05
988,94897.281,12.483119010925293,2.2191104562807595e-06,-0.990226149559021,5.0645925188784746e-08,0.028626136481761932,-9.957251023706704e-08,0.0028316103853285313,0.02999999999998696,-2.7970097506568414e-08,-0.0011360471755277313,trajectory,REJOIN_SOFT,3.7252488136291504,12.483119010924314,1.545467421237845e-05
989,94897.39,12.48613166809082,2.2087453999120044e-06,-0.9899053573608398,5.2773315623406174e-08,0.02881174348294735,-9.785686927443749e-08,0.00316346506588161,0.02999999999998699,-2.7941923653357224e-08,-0.0011786351598810352,trajectory,REJOIN_SOFT,3.726314067840576,12.48613166808985,1.545467421237845e-05
990,94897.531,12.489169120788574,2.1985604234942002e-06,-0.9898353219032288,5.5144932957541035e-08,0.028976067900657654,-9.613199125624305e-08,-0.0034693419001996517,0.029999999999987006,-2.792326687565422e-08,-0.000673986223941242,trajectory,REJOIN_SOFT,3.7262461185455322,12.489169120787611,1.545467421237845e-05
991,94897.64,12.491950988769531,2.189407041441882e-06,-0.9902847409248352,5.737419027864624e-08,0.02910720184445381,-9.456464056256664e-08,-0.004963453859090805,0.029999999999987016,-2.7909793375546023e-08,-0.0005350618777554249,trajectory,REJOIN_SOFT,3.7257933616638184,12.491950988768576,1.545467421237845e-05
992,94897.765,12.49493408203125,2.1798457510158187e-06,-0.9905501008033752,5.982671719854672e-08,0.029228126630187035,-9.291409952538743e-08,0.00105545565020293,0.02999999999998703,-2.7900051705729566e-08,-0.0009835707003098438,trajectory,REJOIN_SOFT,3.7254738807678223,12.494934082030301,1.545467421237845e-05
993,94897.89,12.497917175292969,2.1704527171095833e-06,-0.9903127551078796,6.237547483602766e-08,0.029333490878343582,-9.125893285499842e-08,0.0029648258350789547,0.02999999999998703,-2.789501568539746e-08,-0.001148187599874706,trajectory,REJOIN_SOFT,3.7264180183410645,12.497917175292027,1.545467421237845e-05
994,94898.015,12.500996589660645,2.1609594114124775e-06,-0.9899858236312866,6.473765689882037e-08,0.029427455738186836,-8.955441188618352e-08,0.0031814631074666977,0.029999999999987037,-2.788398399740938e-08,-0.0011806349308529805,trajectory,REJOIN_SOFT,3.7273268699645996,12.50099658965971,1.545467421237845e-05
995,94898.125,12.503923416137695,2.152173237846e-06,-0.9898934364318848,6.705971978140667e-08,0.029504578560590744,-8.79385950725009e-08,-0.0030988939106464386,0.029999999999987047,-2.7878464736719322e-08,-0.0006971827126999919,trajectory,REJOIN_SOFT,3.7270781993865967,12.503923416136768,1.545467421237845e-05
996,94898.25,12.507027626037598,2.143029178114375e-06,-0.9903632402420044,6.982579298414481e-08,0.0295749232172966,-8.623509017979814e-08,-0.004843566101044416,0.029999999999987037,-2.7883617667172145e-08,-0.0005381758707826443,trajectory,REJOIN_SOFT,3.726548910140991,12.507027626036678,1.545467421237845e-05
997,94898.39,12.5101318359375,2.134063151970622e-06,-0.9906202554702759,7.279851925000411e-08,0.029634898528456688,-8.45465280008284e-08,0.0012004110030829906,0.02999999999998703,-2.789692122088345e-08,-0.0009882121486973936,trajectory,REJOIN_SOFT,3.726163864135742,12.510131835936585,1.545467421237845e-05
998,94898.515,12.513236045837402,2.125274477293715e-06,-0.9903678894042969,7.563270289849068e-08,0.029686635360121727,-8.28530346552725e-08,0.0029977895319461823,0.02999999999998702,-2.7908018604794286e-08,-0.001133334077586804,trajectory,REJOIN_SOFT,3.727023124694824,12.513236045836495,1.545467421237845e-05
999,94898.625,12.516167640686035,2.1171510979911545e-06,-0.9900586605072021,7.821541718844804e-08,0.02972874976694584,-8.125567063643757e-08,0.003182872897014022,0.029999999999987006,-2.7917645973965402e-08,-0.0011746846834249313,trajectory,REJOIN_SOFT,3.727884292602539,12.516167640685133,1.545467421237845e-05
1000,94898.75,12.519305229187012,2.1087078039272455e-06,-0.9897231459617615,8.085467603973448e-08,0.029767269268631935,-7.956310099643815e-08,0.0031892068218439817,0.029999999999987002,-2.7927058215434616e-08,-0.0012055467107353545,trajectory,REJOIN_SOFT,3.727600336074829,12.519305229186116,1.545467421237845e-05
1001,94898.89,12.522442817687988,2.1004425434512086e-06,-0.9896181225776672,8.358081939045387e-08,0.029800498858094215,-7.786184852420774e-08,-0.003270808607339859,0.029999999999986985,-2.7941056044745392e-08,-0.0007087305488217167,trajectory,REJOIN_SOFT,3.7270259857177734,12.522442817687098,1.545467421237845e-05
1002,94899.015,12.52575969696045,2.091898977596429e-06,-0.9901464581489563,8.661949456713124e-08,0.029830381274223328,-7.607363272654766e-08,-0.005115978419780731,0.029999999999986968,-2.796272155840366e-08,-0.0005393122189211619,trajectory,REJOIN_SOFT,3.7264151573181152,12.525759696959565,1.545467421237845e-05
1003,94899.125,12.528717994689941,2.084446123262751e-06,-0.9904956817626953,8.947460726426757e-08,0.029853083193302155,-7.449190775332681e-08,0.00019222281116526574,0.029999999999986943,-2.7988264048849707e-08,-0.0009233056234552793,trajectory,REJOIN_SOFT,3.725890636444092,12.528717994689062,1.545467421237845e-05
1004,94899.25,12.531676292419434,2.077149474644102e-06,-0.9903038740158081,9.221230239167622e-08,0.029872791841626167,-7.290744008514594e-08,0.002834577113389969,0.029999999999986923,-2.801203844968553e-08,-0.001144284354977616,trajectory,REJOIN_SOFT,3.726654291152954,12.53167629241856,1.545467421237845e-05
1005,94899.375,12.53481388092041,2.069582251351676e-06,-0.9899827241897583,9.478343190523247e-08,0.02989085577428341,-7.122469014575472e-08,0.003166505368426442,0.029999999999986905,-2.8029214924295108e-08,-0.0011799832911927898,trajectory,REJOIN_SOFT,3.727708339691162,12.534813880919542,1.545467421237845e-05
1006,94899.5,12.537951469421387,2.06219215215242e-06,-0.9898908138275146,9.769979250764697e-08,0.02990645542740822,-6.95326747290892e-08,-0.0032650043722242117,0.029999999999986877,-2.8058753767031358e-08,-0.0006841611159527395,trajectory,REJOIN_SOFT,3.727681875228882,12.537951469420523,1.545467421237845e-05
1007,94899.625,12.541089057922363,2.0549796317936853e-06,-0.9903748035430908,1.0102007505795232e-07,0.02991976961493492,-6.785020900679228e-08,-0.004920375533401966,0.02999999999998684,-2.8102428928672196e-08,-0.0005315681211062884,trajectory,REJOIN_SOFT,3.727116107940674,12.541089057921504,1.545467421237845e-05
1008,94899.75,12.544316291809082,2.0477446014410816e-06,-0.9906843304634094,1.0462105021749099e-07,0.029931413009762764,-6.613380776343547e-08,0.0009302591206505895,0.029999999999986787,-2.8155020155559973e-08,-0.0009628884535937632,trajectory,REJOIN_SOFT,3.7265403270721436,12.544316291808228,1.545467421237845e-05
1009,94899.89,12.5475435256958,2.040694880633964e-06,-0.990434467792511,1.0799660547467889e-07,0.02994140237569809,-6.441307220939052e-08,0.0029863512609153986,0.029999999999986746,-2.820296970513853e-08,-0.0011262762848117179,trajectory,REJOIN_SOFT,3.7271924018859863,12.547543525694952,1.545467421237845e-05
1010,94900.015,12.551039695739746,2.0332674921519356e-06,-0.9900681972503662,1.1118574265837285e-07,0.02995060756802559,-6.254769857605424e-08,0.0031909861136227846,0.0299999999999867,-2.8243295225860434e-08,-0.0011719331569454991,trajectory,REJOIN_SOFT,3.728193521499634,12.551039695738902,1.545467421237845e-05
1011,94900.156,12.554266929626465,2.026604988714098e-06,-0.989722728729248,1.1424896432226861e-07,0.029957808554172516,-6.08273822422234e-08,0.003189586801454425,0.029999999999986666,-2.828633451801827e-08,-0.0012051791708516234,trajectory,REJOIN_SOFT,3.7281386852264404,12.554266929625625,1.545467421237845e-05
1012,94900.281,12.557583808898926,2.0199518075969536e-06,-0.9897229075431824,1.172571117289875e-07,0.029964156448841095,-5.904924904598374e-08,-0.004138813819736242,0.029999999999986624,-2.832861759033435e-08,-0.0006340692060489594,trajectory,REJOIN_SOFT,3.7275612354278564,12.557583808898091,1.545467421237845e-05
1013,94900.406,12.560811042785645,2.0136671992077027e-06,-0.9902495741844177,1.2011370728235646e-07,0.029969388619065285,-5.73312775031809e-08,-0.004917771555483341,0.029999999999986583,-2.836984671643947e-08,-0.0005454114026296886,trajectory,REJOIN_SOFT,3.726275682449341,12.560811042784813,1.545467421237845e-05
1014,94900.531,12.564038276672363,2.0075672182429116e-06,-0.9904870390892029,1.2298901849452992e-07,0.029973812401294708,-5.562661442581884e-08,0.001426365808583796,0.029999999999986544,-2.8413793257794652e-08,-0.0010179409232399094,trajectory,REJOIN_SOFT,3.72652006149292,12.564038276671535,1.545467421237845e-05
1015,94900.671,12.567086219787598,2.0019754174427362e-06,-0.9902341961860657,1.258265570968161e-07,0.02997741475701332,-5.4011120909081e-08,0.0030045455787330866,0.029999999999986503,-2.846094178378108e-08,-0.0011464093330404877,trajectory,REJOIN_SOFT,3.727532386779785,12.567086219786773,1.545467421237845e-05
1016,94900.812,12.570313453674316,1.99623445951147e-06,-0.9898964166641235,1.2837784645497055e-07,0.029980717226862907,-5.229986754784477e-08,0.003181655891239643,0.02999999999998646,-2.8499384696916212e-08,-0.0011885705659099776,trajectory,REJOIN_SOFT,3.7279531955718994,12.570313453673496,1.545467421237845e-05
1017,94900.937,12.573271751403809,1.991134695344954e-06,-0.9897348284721375,1.3091120166547163e-07,0.029983345419168472,-5.0723503619565236e-08,-0.0023847860284149647,0.029999999999986423,-2.8542387568352986e-08,-0.0007661679901244355,trajectory,REJOIN_SOFT,3.7274508476257324,12.573271751402991,1.545467421237845e-05
1018,94901.046,12.576498985290527,1.9857491224684054e-06,-0.9902036786079407,1.3365034417926652e-07,0.029985805973410606,-4.9011060099246606e-08,-0.005013345740735531,0.029999999999986374,-2.8590673408228958e-08,-0.0005395367467855394,trajectory,REJOIN_SOFT,3.726815700531006,12.576498985289714,1.545467421237845e-05
1019,94901.187,12.579636573791504,1.980689830816118e-06,-0.9904947280883789,1.3618385564889524e-07,0.029987800866365433,-4.736167369401301e-08,0.0010061860084533691,0.02999999999998633,-2.863583496492174e-08,-0.0009859575636847206,trajectory,REJOIN_SOFT,3.726442337036133,12.579636573790694,1.545467421237845e-05
1020,94901.312,12.582684516906738,1.9759406768571353e-06,-0.9902598857879639,1.3854008652960477e-07,0.02998947538435459,-4.575468537382221e-08,0.0029549775645136833,0.02999999999998629,-2.867853769045192e-08,-0.0011408217544062425,trajectory,REJOIN_SOFT,3.727306842803955,12.58268451690593,1.545467421237845e-05
1021,94901.421,12.586091041564941,1.9708268155227415e-06,-0.9899049997329712,1.40675949812356e-07,0.02999117597937584,-4.395730002215714e-08,0.0031804810278117657,0.029999999999986256,-2.8713664733754467e-08,-0.0011869192812213791,trajectory,REJOIN_SOFT,3.7279982566833496,12.586091041564137,1.545467421237845e-05
1022,94901.546,12.589138984680176,1.9664253159135114e-06,-0.9898440837860107,1.4272683208509495e-07,0.029992396011948586,-4.233973172063088e-08,-0.0034714248031377792,0.029999999999986225,-2.8751386204487562e-08,-0.0006733972025625578,trajectory,REJOIN_SOFT,3.7275824546813965,12.589138984679373,1.545467421237845e-05
1023,94901.703,12.592545509338379,1.9617011730588274e-06,-0.9903735518455505,1.4526885557653015e-07,0.02999367006123066,-4.054334468150955e-08,-0.004868998657912016,0.02999999999998617,-2.8803402191837053e-08,-0.0005377929754258382,trajectory,REJOIN_SOFT,3.726956605911255,12.59254550933758,1.545467421237845e-05
1024,94901.812,12.595593452453613,1.9576471004256746e-06,-0.9907020926475525,1.4790452879595668e-07,0.029994715005159378,-3.8948208214151236e-08,0.00046450900845229626,0.029999999999986114,-2.8862877455989185e-08,-0.0009247953028948164,trajectory,REJOIN_SOFT,3.7265515327453613,12.595593452452816,1.545467421237845e-05
1025,94901.937,12.598641395568848,1.953755827344139e-06,-0.9904895424842834,1.5086645478754492e-07,0.029995473101735115,-3.734996667503765e-08,0.0028995333705097437,0.029999999999986045,-2.8934124404331693e-08,-0.0011302247600228643,trajectory,REJOIN_SOFT,3.7273929119110107,12.598641395568052,1.545467421237845e-05
1026,94902.062,12.601689338684082,1.9500275811878964e-06,-0.9901746511459351,1.5349030436716715e-07,0.029996169731020927,-3.5749788906969115e-08,0.0031786090694367886,0.029999999999985982,-2.8997223570122173e-08,-0.001163201729335297,trajectory,REJOIN_SOFT,3.7283387184143066,12.60168933868329,1.545467421237845e-05
1027,94902.156,12.60446834564209,1.9467706806608476e-06,-0.9898775815963745,1.557887253781175e-07,0.029996804893016815,-3.429173034419364e-08,0.003195174504071474,0.02999999999998593,-2.9053686259686398e-08,-0.0011932086900638128,trajectory,REJOIN_SOFT,3.7281737327575684,12.6044683456413,1.545467421237845e-05
1028,94902.203,12.605454444885254,1.945647454704158e-06,-0.989772617816925,1.5660346210129624e-07,0.029997030273079872,-3.3774096408478727e-08,0.002850084798410535,0.029999999999985913,-2.9074096007529094e-08,-0.0011708497025834108,trajectory,REJOIN_SOFT,3.7281737327575684,12.605454444884463,1.545467421237845e-05
1029,94902.421,12.610922813415527,1.9397307369217742e-06,-0.9904158711433411,1.6115671953991548e-07,0.02999825030565262,-3.0895794367324925e-08,-0.005727240350097418,0.029999999999985795,-2.919219092743684e-08,-0.000597851569950586,trajectory,GOAL_DIRECT,3.7269253730773926,12.61092281341474,1.545467421237845e-05
1030,94902.562,12.614150047302246,1.9364847503311466e-06,-0.9908010363578796,1.6361643399811026e-07,0.029998665675520897,-2.9217687824711902e-08,0.0006554756546393037,0.029999999999985733,-2.925811418711742e-08,-0.001052931101992731,trajectory,GOAL_DIRECT,3.7265172004699707,12.614150047301461,1.545467421237845e-05
1031,94902.687,12.617377281188965,1.9334199805598473e-06,-0.9905626773834229,1.6599629743392478e-07,0.029998868703842163,-2.7534802882200893e-08,0.002961160847917199,0.02999999999998567,-2.9323902332625345e-08,-0.0012275805480778212,trajectory,GOAL_DIRECT,3.727391481399536,12.61737728118818,1.545467421237845e-05
1032,94902.812,12.620335578918457,1.9307706224935828e-06,-0.9902545809745789,1.6805314811652972e-07,0.029999053105711937,-2.5990624763494452e-08,0.003185465931892395,0.029999999999985608,-2.938247131741154e-08,-0.001274373221397398,trajectory,GOAL_DIRECT,3.7285101413726807,12.620335578917674,1.545467421237845e-05
1033,94902.921,12.623473167419434,1.928127403516555e-06,-0.9899188280105591,1.7023465641627695e-07,0.029999257996678352,-2.4354051220143447e-08,0.0031961582135409117,0.029999999999985545,-2.9446685814919272e-08,-0.001309392889589073,trajectory,GOAL_DIRECT,3.728405475616455,12.623473167418652,1.545467421237845e-05
1034,94903.062,12.62661075592041,1.925656306411838e-06,-0.9898277521133423,1.7241616471603926e-07,0.029999518766999245,-2.270871313214684e-08,-0.0033136392012238503,0.029999999999985483,-2.9513072704924298e-08,-0.0008120993584394588,trajectory,GOAL_DIRECT,3.7278125286102295,12.626610755919629,1.545467421237845e-05
1035,94903.171,12.629658699035645,1.9234209958085557e-06,-0.9902974367141724,1.7451647224375572e-07,0.029999760910868645,-2.1119401338864918e-08,-0.0049196574836969376,0.02999999999998542,-2.957908968697761e-08,-0.000665270346403115,trajectory,GOAL_DIRECT,3.727163553237915,12.629658699034865,1.545467421237845e-05
1036,94903.296,12.632616996765137,1.921406010296778e-06,-0.9905992150306702,1.767563587301336e-07,0.02999994531273842,-1.9589514010931453e-08,0.0006070970557630062,0.029999999999985347,-2.965117186112422e-08,-0.0010658315822481966,trajectory,GOAL_DIRECT,3.726527452468872,12.632616996764357,1.545467421237845e-05
1037,94903.421,12.635664939880371,1.9194883407180896e-06,-0.990381121635437,1.7919467138968075e-07,0.03000013530254364,-1.8009362889870317e-08,0.0029075704514980316,0.029999999999985264,-2.9731377219673314e-08,-0.0012607741236686564,trajectory,GOAL_DIRECT,3.727062702178955,12.635664939879591,1.545467421237845e-05
1038,94903.546,12.638802528381348,1.9176829937350703e-06,-0.9900568127632141,1.8171176903995308e-07,0.03000033088028431,-1.638097302247843e-08,0.0031729349866509438,0.029999999999985184,-2.981631640168593e-08,-0.0012934989005327269,trajectory,GOAL_DIRECT,3.728058338165283,12.63880252838057,1.545467421237845e-05
1039,94903.671,12.641940116882324,1.916048404382309e-06,-0.9897230267524719,1.8433225067106444e-07,0.03000052645802498,-1.4753782195953136e-08,0.0031854393891990185,0.029999999999985094,-2.9906554621663316e-08,-0.0013294795736670285,trajectory,GOAL_DIRECT,3.7280325889587402,12.641940116881546,1.545467421237845e-05
1040,94903.781,12.644988059997559,1.914624363053008e-06,-0.9896473288536072,1.8693025073861326e-07,0.030000656843185425,-1.3164132894871727e-08,-0.003440425032749772,0.029999999999985,-2.999790313785207e-08,-0.0008220208458602461,trajectory,GOAL_DIRECT,3.7274527549743652,12.64498805999678,1.545467421237845e-05
1041,94903.921,12.648125648498535,1.9133276509819552e-06,-0.9901425838470459,1.8983239153043862e-07,0.030000761151313782,-1.1537570010489162e-08,-0.005029023624956608,0.029999999999984896,-3.010096498819218e-08,-0.0006744395703077032,trajectory,GOAL_DIRECT,3.7268075942993164,12.648125648497757,1.545467421237845e-05
1042,94904.046,12.651263236999512,1.9122012417938095e-06,-0.9905006885528564,1.9291763919275248e-07,0.030000800266861916,-9.923662780408904e-09,0.0003947769000660628,0.029999999999984785,-3.021173803455016e-08,-0.0010625059953890813,trajectory,GOAL_DIRECT,3.7261688709259033,12.651263236998734,1.545467421237845e-05
1043,94904.171,12.654400825500488,1.9112439986201935e-06,-0.9902833700180054,1.9604298987758158e-07,0.030000779777765274,-8.306764165411096e-09,0.0029009105637669563,0.029999999999984667,-3.032592652171993e-08,-0.0011350604329204827,trajectory,STRAIGHT,3.7266857624053955,12.65440082549971,1.545467421237845e-05
1044,94904.296,12.657269477844238,1.9105177671008278e-06,-0.9899879097938538,1.9876304695940923e-07,0.0300007201731205,-6.826662790615501e-09,0.0031650790479034185,0.029999999999984563,-3.0428160662310676e-08,-0.0011805103250844562,trajectory,STRAIGHT,3.7277069091796875,12.65726947784346,1.545467421237845e-05
1045,94904.406,12.66022777557373,1.909917727971333e-06,-0.9898249506950378,2.0151723850919852e-07,0.030000658705830574,-5.292638771692282e-09,-0.0023337923921644688,0.02999999999998446,-3.053402558398197e-08,-0.0007617235085475272,trajectory,STRAIGHT,3.727900505065918,12.66022777557295,1.545467421237845e-05
1046,94904.531,12.663365364074707,1.9094470644631656e-06,-0.9902670383453369,2.0456045041351232e-07,0.03000059351325035,-3.6723375451686024e-09,-0.004889915697276592,0.02999999999998434,-3.06521618056938e-08,-0.0005351292616236037,trajectory,STRAIGHT,3.7273507118225098,12.663365364073927,1.545467421237845e-05
1047,94904.656,12.666413307189941,1.909152388179791e-06,-0.9905534386634827,2.079053019149508e-07,0.030000530183315277,-2.112818808797101e-09,0.0008916078368201852,0.029999999999984206,-3.078073904178562e-08,-0.0009710733795077687,trajectory,STRAIGHT,3.7267086505889893,12.66641330718916,1.545467421237845e-05
1048,94904.781,12.669730186462402,1.9090120986220427e-06,-0.9902965426445007,2.1160168732679393e-07,0.030000461265444756,-4.108240136968533e-10,0.0029895619954913855,0.02999999999998406,-3.092475955965538e-08,-0.0011391774293071988,trajectory,STRAIGHT,3.7269697189331055,12.66973018646162,1.545467421237845e-05
1049,94904.906,12.672778129577637,1.9090498426521663e-06,-0.9899782538414001,2.149983658133674e-07,0.03000039793550968,1.154326190189181e-09,0.0031795466784387827,0.029999999999983918,-3.105933438018051e-08,-0.001181572065818064,trajectory,STRAIGHT,3.7279438972473145,12.672778129576853,1.545467421237845e-05
1050,94905.046,12.676005363464355,1.9092642560281092e-06,-0.9898768663406372,2.1859484891681362e-07,0.03000033088028431,2.820305766704223e-09,-0.0032709117513149977,0.02999999999998377,-3.1204170712988164e-08,-0.0006845822124122447,trajectory,STRAIGHT,3.727966547012329,12.67600536346357,1.545467421237845e-05
1051,94905.14,12.678874015808105,1.909605771288625e-06,-0.9903084635734558,2.2181986028113262e-07,0.030000299215316772,4.293243538455727e-09,-0.004834827035665512,0.029999999999983634,-3.133579516116003e-08,-0.000542341494228844,trajectory,STRAIGHT,3.727391004562378,12.67887401580732,1.545467421237845e-05
1052,94905.265,12.681742668151855,1.9100882582279155e-06,-0.9906068444252014,2.2511052580236163e-07,0.030000248923897743,5.754142495817405e-09,0.00046131847193464637,0.02999999999998349,-3.147129982165227e-08,-0.0009511140922495763,trajectory,STRAIGHT,3.7267470359802246,12.681742668151069,1.545467421237845e-05
1053,94905.375,12.684700965881348,1.910732407850446e-06,-0.9904035925865173,2.2848468009133527e-07,0.03000018745660782,7.264063128786802e-09,0.0028714570216834545,0.02999999999998334,-3.161245348039447e-08,-0.0011220312549835786,trajectory,STRAIGHT,3.7269628047943115,12.684700965880559,1.545467421237845e-05
1054,94905.5,12.68765926361084,1.9115261693514185e-06,-0.9900997877120972,2.3185883438030947e-07,0.030000125989317894,8.775862703203074e-09,0.003167816437780857,0.029999999999983193,-3.1755650350241755e-08,-0.0011698559243973482,trajectory,STRAIGHT,3.7279345989227295,12.68765926361005,1.545467421237845e-05
1055,94905.625,12.690707206726074,1.9125009202980436e-06,-0.9897745847702026,2.3531643479903006e-07,0.030000099912285805,1.0332440680826949e-08,0.0031890657264739275,0.029999999999983033,-3.1904773718654295e-08,-0.0011878160145875204,trajectory,STRAIGHT,3.728109836578369,12.690707206725282,1.545467421237845e-05
1056,94905.734,12.693665504455566,1.9135986804030836e-06,-0.9897068738937378,2.3869759503596735e-07,0.030000099912285805,1.1852086423402852e-08,-0.0034046268556267023,0.029999999999982877,-3.205235644609448e-08,-0.000691328621312025,trajectory,STRAIGHT,3.7275564670562744,12.693665504454772,1.545467421237845e-05
1057,94905.875,12.696892738342285,1.914968152050278e-06,-0.990212619304657,2.423779790350485e-07,0.030000099912285805,1.3499536599681505e-08,-0.004982851445674896,0.029999999999982704,-3.221548570669826e-08,-0.0005427568626977252,trajectory,STRAIGHT,3.7269127368927,12.69689273834149,1.545467421237845e-05
1058,94905.984,12.69994068145752,1.9164237983204657e-06,-0.9905515313148499,2.4585389725639994e-07,0.030000099912285805,1.504322888479237e-08,0.0004135993658564985,0.029999999999982534,-3.237180440124726e-08,-0.0009353178460675648,trajectory,STRAIGHT,3.7262799739837646,12.69994068145672,1.545467421237845e-05
1059,94906.125,12.703078269958496,1.918087036756333e-06,-0.9903330206871033,2.494320483666118e-07,0.030000099912285805,1.663550719399609e-08,0.0029057494830340147,0.029999999999982357,-3.2535017143650186e-08,-0.0011307322861560543,trajectory,STRAIGHT,3.726829767227173,12.703078269957695,1.545467421237845e-05
1060,94906.234,12.705946922302246,1.9197539131710073e-06,-0.990037202835083,2.5270350081023145e-07,0.030000099912285805,1.8093039955147106e-08,0.0031680348329246044,0.029999999999982194,-3.2686285874307256e-08,-0.0011761017589585541,trajectory,STRAIGHT,3.7278435230255127,12.705946922301443,1.545467421237845e-05
1061,94906.359,12.709174156188965,1.9217961835238384e-06,-0.9896938800811768,2.563838848093007e-07,0.030000099912285805,1.9731594136374042e-08,0.0031870908569544554,0.029999999999982006,-3.285880966760661e-08,-0.0011947923785762548,trajectory,STRAIGHT,3.727989673614502,12.709174156188158,1.545467421237845e-05
1062,94906.468,12.712132453918457,1.9238241293351166e-06,-0.9895528554916382,2.59757570141778e-07,0.030000099912285805,2.124127540525933e-08,-0.0027161084581166506,0.02999999999998183,-3.301915421052237e-08,-0.0007576551071874305,trajectory,STRAIGHT,3.727431535720825,12.712132453917649,1.545467421237845e-05
1063,94906.609,12.715270042419434,1.926138338603778e-06,-0.9900220632553101,2.6338287286282663e-07,0.030000099912285805,2.28348859820926e-08,-0.0050830356776714325,0.029999999999981635,-3.319294348321684e-08,-0.0005510335446388991,trajectory,STRAIGHT,3.7267885208129883,12.715270042418622,1.545467421237845e-05
1064,94906.734,12.718228340148926,1.928473011503229e-06,-0.9903757572174072,2.6667964903940085e-07,0.030000099912285805,2.4324441127987484e-08,0.0001572060282342136,0.029999999999981455,-3.335533245826576e-08,-0.0009319632289970692,trajectory,STRAIGHT,3.72613787651062,12.71822834014811,1.545467421237845e-05
1065,94906.859,12.721545219421387,1.9312660697323736e-06,-0.9901514053344727,2.7019962090684265e-07,0.030000099912285805,2.599768400557423e-08,0.0029112452175468206,0.02999999999998126,-3.3534617971004705e-08,-0.0011479717178044502,trajectory,STRAIGHT,3.7264251708984375,12.721545219420568,1.545467421237845e-05
1066,94906.984,12.724503517150879,1.9339136088092346e-06,-0.9898462295532227,2.731671884273728e-07,0.030000099912285805,2.7491934062595647e-08,0.0031655323691666126,0.02999999999998108,-3.369160890248601e-08,-0.0011934257461322295,trajectory,STRAIGHT,3.7274436950683594,12.724503517150056,1.545467421237845e-05
1067,94907.093,12.727641105651855,1.936883563757874e-06,-0.9897384643554688,2.7617036836119357e-07,0.030000099912285805,2.9085374109172335e-08,-0.003186908084899187,0.0299999999999809,-3.385611880723797e-08,-0.00070402036579834,trajectory,STRAIGHT,3.7276530265808105,12.72764110565103,1.545467421237845e-05
1068,94907.218,12.730778694152832,1.9400206383579643e-06,-0.9902195930480957,2.792817213182239e-07,0.030000099912285805,3.0670189943293735e-08,-0.004962102975696325,0.029999999999980702,-3.4026289072035546e-08,-0.0005426807785273879,trajectory,STRAIGHT,3.727104902267456,12.730778694152002,1.545467421237845e-05
1069,94907.343,12.73400592803955,1.9434207843005424e-06,-0.9905188679695129,2.8270937947334667e-07,0.030000099912285805,3.2286607165588066e-08,0.0010361832100898027,0.02999999999998049,-3.421066181393119e-08,-0.0009864514734620998,trajectory,STRAIGHT,3.7264633178710938,12.734005928038718,1.545467421237845e-05
1070,94907.468,12.737143516540527,1.946893462445587e-06,-0.9902734160423279,2.860418249019426e-07,0.030000099912285805,3.3862484372093604e-08,0.002977974945679307,0.029999999999980285,-3.4392349838711355e-08,-0.0011409249449894742,trajectory,STRAIGHT,3.726736307144165,12.737143516539689,1.545467421237845e-05
1071,94907.593,12.740191459655762,1.9504257124935975e-06,-0.9899556040763855,2.892790576040113e-07,0.030000099912285805,3.539437898325559e-08,0.003181043080985546,0.029999999999980077,-3.4571172082730384e-08,-0.0011838398559773267,trajectory,STRAIGHT,3.7277374267578125,12.74019145965492,1.545467421237845e-05
1072,94907.718,12.743149757385254,1.9540032099030213e-06,-0.989902913570404,2.9242107757955245e-07,0.030000099912285805,3.6890213550577755e-08,-0.0034352366346865892,0.029999999999979873,-3.4746928357389105e-08,-0.0006571720040226281,trajectory,STRAIGHT,3.72741961479187,12.743149757384408,1.545467421237845e-05
1073,94907.843,12.746197700500488,1.9578444607759593e-06,-0.9903675317764282,2.956583102816291e-07,0.030000099912285805,3.8421571701974244e-08,-0.004805776756256819,0.029999999999979664,-3.493030210684171e-08,-0.0005405682592655291,trajectory,STRAIGHT,3.72741961479187,12.746197700499637,1.545467421237845e-05
1074,94907.953,12.749335289001465,1.961961061169859e-06,-0.9906207919120789,2.989907557102415e-07,0.030000099912285805,3.998505349045445e-08,0.001214509829878807,0.029999999999979442,-3.512147754951359e-08,-0.0009891247728056828,trajectory,STRAIGHT,3.726776599884033,12.749335289000609,1.545467421237845e-05
1075,94908.171,12.752472877502441,1.9662418253574288e-06,-0.9903676509857178,3.023232011388583e-07,0.030000099912285805,4.1553406049388286e-08,0.003000488504767418,0.02999999999997921,-3.531509889059048e-08,-0.0011335383588483184,trajectory,STRAIGHT,3.7269935607910156,12.752472877501582,1.545467421237845e-05
1076,94908.328,12.758389472961426,1.9747624264709884e-06,-0.989741861820221,3.086072410899757e-07,0.030000099912285805,4.451137414207551e-08,0.0031908811070024967,0.029999999999978773,-3.568692644846215e-08,-0.0011911757445700498,trajectory,STRAIGHT,3.7281744480133057,12.758389472960555,1.545467421237845e-05
1077,94908.437,12.761258125305176,1.979104581550928e-06,-0.989664614200592,3.116540483390078e-07,0.030000099912285805,4.5953441940582707e-08,-0.0032566534355282784,0.029999999999978554,-3.5870382113829474e-08,-0.0007067164866593922,trajectory,STRAIGHT,3.727625608444214,12.761258125304302,1.545467421237845e-05
1078,94908.562,12.764395713806152,1.98401244233537e-06,-0.9901518225669861,3.149864937676407e-07,0.030000099912285805,4.752113369477229e-08,-0.005013368558138609,0.029999999999978315,-3.6073435909415936e-08,-0.0005452111375446166,trajectory,STRAIGHT,3.7269821166992188,12.764395713805271,1.545467421237845e-05
1079,94908.671,12.767354011535645,1.9887895632564323e-06,-0.9904457330703735,3.1812851374321287e-07,0.030000099912285805,4.8986567691144955e-08,0.0007239710539579391,0.029999999999978075,-3.626716363309272e-08,-0.000989502781342968,trajectory,STRAIGHT,3.7263293266296387,12.767354011534758,1.545467421237845e-05
1080,94908.796,12.770312309265137,1.9937122033297783e-06,-0.9902318716049194,3.212705337187887e-07,0.030000099912285805,5.0455987832265237e-08,0.0029000199865549803,0.029999999999977836,-3.646311322906396e-08,-0.0011399774416962116,trajectory,STRAIGHT,3.726567268371582,12.770312309264245,1.545467421237845e-05
1081,94908.921,12.773449897766113,1.9990920918644406e-06,-0.9899080991744995,3.2460297914743396e-07,0.030000099912285805,5.201600927762229e-08,0.003170238807797432,0.029999999999977586,-3.667337490683766e-08,-0.0011871751561862121,trajectory,STRAIGHT,3.7275750637054443,12.773449897765216,1.545467421237845e-05
1082,94909.046,12.776408195495605,2.0043148651893716e-06,-0.9897989630699158,3.277449991230176e-07,0.030000099912285805,5.349511766894466e-08,-0.002973119029775262,0.029999999999977336,-3.687393459989676e-08,-0.0007153815902758442,trajectory,STRAIGHT,3.7278101444244385,12.776408195494703,1.545467421237845e-05
1083,94909.171,12.77945613861084,2.009848685702309e-06,-0.9902557134628296,3.3098223182513806e-07,0.030000099912285805,5.501094335613743e-08,-0.004928389564156532,0.02999999999997708,-3.7082932202367547e-08,-0.0005361224278796516,trajectory,STRAIGHT,3.7272651195526123,12.77945613860993,1.545467421237845e-05
1084,94909.296,12.782235145568848,2.0150287127762567e-06,-0.990578293800354,3.339338263476632e-07,0.030000099912285805,5.638148081743566e-08,5.596685514319688e-05,0.02999999999997684,-3.7275576051925846e-08,-0.00090347666898549,trajectory,STRAIGHT,3.726624011993408,12.782235145567933,1.545467421237845e-05
1085,94909.421,12.785552024841309,2.0213778952893335e-06,-0.9903574585914612,3.374566972293911e-07,0.030000099912285805,5.8020329873897936e-08,0.0029099781531840563,0.029999999999976552,-3.750810440655769e-08,-0.001128673427391903,trajectory,STRAIGHT,3.72684645652771,12.785552024840387,1.545467421237845e-05
1086,94909.546,12.78886890411377,2.027909431490116e-06,-0.9900137186050415,3.4097485010816265e-07,0.030000142753124237,5.966129634771278e-08,0.003179942024871707,0.029999999999976254,-3.7743345891888077e-08,-0.001177155371128421,trajectory,STRAIGHT,3.7278366088867188,12.788868904112839,1.545467421237845e-05
1087,94909.671,12.791916847229004,2.0340719402156537e-06,-0.989687979221344,3.442120828188363e-07,0.030000150203704834,6.116800221889207e-08,0.0031887569930404425,0.02999999999997598,-3.7962168740253995e-08,-0.0012092426558782032,trajectory,STRAIGHT,3.728062629699707,12.791916847228066,1.545467421237845e-05
1088,94909.796,12.79505443572998,2.0405764189490583e-06,-0.9896440505981445,3.475445282562809e-07,0.030000150203704834,6.27279277409798e-08,-0.003766534384340048,0.029999999999975692,-3.81899657351675e-08,-0.0006693204101888761,trajectory,STRAIGHT,3.72751522064209,12.795054435729035,1.545467421237845e-05
1089,94909.921,12.7982816696167,2.0474371922318824e-06,-0.9901629090309143,3.509721864204953e-07,0.030000150203704834,6.4321859838401e-08,-0.004997325595468283,0.02999999999997539,-3.842697382688721e-08,-0.0005468432885992968,trajectory,STRAIGHT,3.7268741130828857,12.798281669615747,1.545467421237845e-05
1090,94910.062,12.801508903503418,2.054469632639666e-06,-0.9903687834739685,3.5439984458469505e-07,0.030000150203704834,6.590231294012483e-08,0.0016126343980431557,0.02999999999997508,-3.86667183697905e-08,-0.0010425610350519442,trajectory,STRAIGHT,3.726464033126831,12.801508903502459,1.545467421237845e-05
1091,94910.187,12.804556846618652,2.0612681055354187e-06,-0.9901085495948792,3.5763707729531486e-07,0.030000150203704834,6.740066282873158e-08,0.0030235163867473602,0.029999999999974786,-3.8895654946383005e-08,-0.0011594024457311435,trajectory,STRAIGHT,3.727475643157959,12.804556846617684,1.545467421237845e-05
1092,94910.312,12.807873725891113,2.0688403310487047e-06,-0.9897607564926147,3.611599481862687e-07,0.030000150203704834,6.903158578097646e-08,0.0031808195635676384,0.029999999999974453,-3.914758802548955e-08,-0.0012008043566675353,trajectory,STRAIGHT,3.7277042865753174,12.807873725890136,1.545467421237845e-05
1093,94910.437,12.810921669006348,2.0759584913321305e-06,-0.9897662997245789,3.6450501285505365e-07,0.030000150203704834,7.053965589420841e-08,-0.003982099238783121,0.029999999999974145,-3.938491111744384e-08,-0.0006427667989409235,trajectory,STRAIGHT,3.727161407470703,12.810921669005364,1.545467421237845e-05
1094,94910.562,12.813969612121582,2.0832301288464805e-06,-0.9902524352073669,3.679016913453739e-07,0.030000150203704834,7.20368262818738e-08,-0.004869735334068537,0.02999999999997383,-3.962627082252333e-08,-0.0005472057097494498,trajectory,STRAIGHT,3.7265207767486572,12.813969612120589,1.545467421237845e-05
1095,94910.687,12.817017555236816,2.090653879349702e-06,-0.9904584884643555,3.712983698357016e-07,0.030000150203704834,7.352173980734733e-08,0.0014347692485898733,0.029999999999973506,-3.9870110400042134e-08,-0.0010199150897192831,trajectory,STRAIGHT,3.726532459259033,12.817017555235815,1.545467421237845e-05
1096,94910.828,12.82006549835205,2.098229288094444e-06,-0.9902054667472839,3.7469504832603677e-07,0.030000150203704834,7.50122097770145e-08,0.00300734955817461,0.029999999999973177,-4.011643399375309e-08,-0.0011493239054703652,trajectory,STRAIGHT,3.7275047302246094,12.820065498351042,1.545467421237845e-05
1097,94910.953,12.823203086853027,2.1061864572402555e-06,-0.9898770451545715,3.7812083065637107e-07,0.030000150203704834,7.65471028785214e-08,0.003182658227160573,0.029999999999972837,-4.0370491567445905e-08,-0.001190880962894456,trajectory,STRAIGHT,3.727915048599243,12.823203086852008,1.545467421237845e-05
1098,94911.125,12.82660961151123,2.115008101100102e-06,-0.989798903465271,3.818274763206468e-07,0.030000150203704834,7.82222144835032e-08,-0.0036351969465613365,0.029999999999972455,-4.06489549754899e-08,-0.0006637820542686834,trajectory,STRAIGHT,3.727409839630127,12.826609611510202,1.545467421237845e-05
1099,94911.312,12.832257270812988,2.1300531898305053e-06,-0.9907370209693909,3.881189343389041e-07,0.030000150203704834,8.098028558833903e-08,-0.0049196952022612095,0.029999999999971813,-4.1121971917528915e-08,-0.0005175478601090577,trajectory,STRAIGHT,3.726500988006592,12.832257270811942,1.545467421237845e-05
1100,94911.453,12.83557415008545,2.1391317659436027e-06,-0.9910426139831543,3.918153197567022e-07,0.030000150203704834,8.258767536517553e-08,0.0010868159588426352,0.029999999999971425,-4.140387122802793e-08,-0.0009415922817864453,trajectory,STRAIGHT,3.7274398803710938,12.835574150084392,1.545467421237845e-05
1101,94911.578,12.838801383972168,2.14813599086483e-06,-0.9907846450805664,3.9541180286591563e-07,0.030000150203704834,8.415572239073299e-08,0.0030211969278752804,0.029999999999971043,-4.168102935624924e-08,-0.0010958212858400618,trajectory,STRAIGHT,3.728473424911499,12.8388013839711,1.545467421237845e-05
1102,94911.703,12.842118263244629,2.1575669961748645e-06,-0.9904348254203796,3.991081882837232e-07,0.030000150203704834,8.576824228612168e-08,0.003208995796740055,0.02999999999997064,-4.196886996039798e-08,-0.0011396647150650275,trajectory,STRAIGHT,3.729100465774536,12.84211826324355,1.545467421237845e-05
1103,94911.828,12.845255851745605,2.166652848245576e-06,-0.9900971055030823,4.026047690843562e-07,0.030000150203704834,8.72922214512073e-08,0.0032070211600512266,0.02999999999997026,-4.224394512377323e-08,-0.0011717548430285009,trajectory,STRAIGHT,3.7286572456359863,12.845255851744517,1.545467421237845e-05
1104,94911.968,12.848572731018066,2.1764321900263894e-06,-0.9897421598434448,4.06301154502173e-07,0.030000150203704834,8.890157943142185e-08,0.0031875523272901773,0.02999999999996984,-4.2537709043954555e-08,-0.0012027753700777056,trajectory,STRAIGHT,3.728022336959839,12.848572731016965,1.545467421237845e-05
1105,94912.078,12.851531028747559,2.1853047655895352e-06,-0.9896004796028137,4.095979306856352e-07,0.030000150203704834,9.0344123293562e-08,-0.0026932689361274242,0.029999999999969468,-4.280229202334896e-08,-0.0007549808890041565,trajectory,STRAIGHT,3.727367639541626,12.851531028746447,1.545467421237845e-05
1106,94912.203,12.85448932647705,2.194320359194535e-06,-0.9900431036949158,4.1289936803677746e-07,0.030000150203704834,9.178009463539638e-08,-0.005093282554298639,0.029999999999969083,-4.306947150277439e-08,-0.0005470703906364926,trajectory,STRAIGHT,3.7267134189605713,12.854489326475928,1.545467421237845e-05
1107,94912.328,12.857806205749512,2.2045969672035426e-06,-0.9904078245162964,4.1659575346369e-07,0.030000150203704834,9.337596651448621e-08,0.0006789879989810288,0.02999999999996865,-4.337178755668504e-08,-0.0009711784444809357,trajectory,STRAIGHT,3.7261178493499756,12.857806205748378,1.545467421237845e-05
1108,94912.468,12.861123085021973,2.215050471932045e-06,-0.9901610016822815,4.2032939974561303e-07,0.030000150203704834,9.497518504986147e-08,0.002959895646199584,0.029999999999968198,-4.3678296304833517e-08,-0.001149975720115648,trajectory,STRAIGHT,3.726783275604248,12.861123085020825,1.545467421237845e-05
1109,94912.593,12.864171028137207,2.2248132154345512e-06,-0.9898446202278137,4.238053179602194e-07,0.030000150203704834,9.644595166946601e-08,0.003169121453538537,0.02999999999996779,-4.396403831761476e-08,-0.0011933719217749473,trajectory,STRAIGHT,3.727762460708618,12.864171028136049,1.545467421237845e-05
1110,94912.703,12.867308616638184,2.235020019725198e-06,-0.9897181391716003,4.27348481945071e-07,0.030000150203704834,9.796783473348114e-08,-0.0030157994478940964,0.029999999999967355,-4.425988405177205e-08,-0.000718795988431642,trajectory,STRAIGHT,3.7275891304016113,12.867308616637013,1.545467421237845e-05
1111,94912.843,12.870535850524902,2.245684527224512e-06,-0.9902105927467346,4.3088130042557615e-07,0.030000150203704834,9.95250886148824e-08,-0.0049992334097623825,0.029999999999966904,-4.456375764679171e-08,-0.0005410529261106421,trajectory,STRAIGHT,3.726989984512329,12.87053585052372,1.545467421237845e-05
1112,94912.953,12.873583793640137,2.255910658277571e-06,-0.9905356168746948,4.343105502044656e-07,0.030000150203704834,1.00983378104047e-07,0.0005704940995201468,0.029999999999966467,-4.48562559104948e-08,-0.0009487541417425981,trajectory,STRAIGHT,3.7263545989990234,12.87358379363894,1.545467421237845e-05
1113,94913.078,12.876542091369629,2.2659783098788466e-06,-0.9903278350830078,4.3768423553848616e-07,0.030000150203704834,1.0240184877829961e-07,0.002884048968553543,0.02999999999996603,-4.514404097665636e-08,-0.001129954397499223,trajectory,STRAIGHT,3.7268571853637695,12.876542091368421,1.545467421237845e-05
1114,94913.218,12.879769325256348,2.277121666338644e-06,-0.9899948239326477,4.413646195392292e-07,0.030000150203704834,1.0395095983994906e-07,0.00317388866096735,0.029999999999965554,-4.5460852581315944e-08,-0.001178916732757571,trajectory,STRAIGHT,3.7278707027435303,12.879769325255126,1.545467421237845e-05
1115,94913.343,12.882906913757324,2.2881163204147015e-06,-0.9898468852043152,4.4483024909927935e-07,0.030000150203704834,1.0546445849968222e-07,-0.002735834801569581,0.029999999999965086,-4.576837059722022e-08,-0.0007281597604195822,trajectory,STRAIGHT,3.727936267852783,12.882906913756088,1.545467421237845e-05
1116,94913.468,12.886134147644043,2.2995905055722687e-06,-0.9903184175491333,4.4818006018599535e-07,0.030000150203704834,1.0701379693500712e-07,-0.0048805116675794125,0.02999999999996461,-4.608120747423854e-08,-0.0005395056270090703,trajectory,STRAIGHT,3.7273645401000977,12.886134147642792,1.545467421237845e-05
1117,94913.593,12.889451026916504,2.3115569547371706e-06,-0.9906283020973206,4.517029310677631e-07,0.030000150203704834,1.0859257315587456e-07,0.0010490055428817868,0.029999999999964104,-4.640827794583926e-08,-0.000977665739956831,trajectory,STRAIGHT,3.7267203330993652,12.88945102691524,1.545467421237845e-05
1118,94913.734,12.89258861541748,2.323037961105001e-06,-0.9903822541236877,4.5503537649646675e-07,0.030000150203704834,1.1008972222725788e-07,0.0029807130340486765,0.02999999999996362,-4.672060782146736e-08,-0.001130896359388206,trajectory,STRAIGHT,3.7269821166992188,12.8925886154162,1.545467421237845e-05
1119,94913.875,12.895905494689941,2.335346152904094e-06,-0.9900355935096741,4.5855824737824377e-07,0.030000150203704834,1.1167335856043792e-07,0.003185802372172475,0.029999999999963098,-4.705391368942298e-08,-0.0011754415739974123,trajectory,STRAIGHT,3.7279622554779053,12.895905494688645,1.545467421237845e-05
1120,94914.0,12.89913272857666,2.3474901809095172e-06,-0.9896905422210693,4.6198590553349083e-07,0.030000150203704834,1.1321277071374425e-07,0.003187534399330616,0.029999999999962584,-4.7381307160637854e-08,-0.0012080560761743697,trajectory,STRAIGHT,3.7276368141174316,12.89913272857535,1.545467421237845e-05
1121,94914.125,12.902359962463379,2.3598011011927156e-06,-0.9896795749664307,4.654087604272064e-07,0.030000150203704834,1.1476097938611929e-07,-0.004038031678646803,0.029999999999962057,-4.7711634377466005e-08,-0.000645711855762705,trajectory,STRAIGHT,3.726996421813965,12.902359962462052,1.545467421237845e-05
1122,94914.25,12.905407905578613,2.371581103943754e-06,-0.9901720881462097,4.684953012290797e-07,0.030000150203704834,1.1621304452091863e-07,-0.004941258113831282,0.02999999999996156,-4.802206119892061e-08,-0.0005493097018190373,trajectory,STRAIGHT,3.7263448238372803,12.90540790557727,1.545467421237845e-05
1123,94914.375,12.908455848693848,2.3835084448364796e-06,-0.9903830885887146,4.7141267601825645e-07,0.030000150203704834,1.1765308727262891e-07,0.001412345445714891,0.029999999999961065,-4.8330161255845413e-08,-0.0010254195682455447,trajectory,STRAIGHT,3.726360559463501,12.90845584869249,1.545467421237845e-05
1124,94914.5,12.911503791809082,2.395582896497217e-06,-0.9901314377784729,4.74330050807427e-07,0.030000150203704834,1.190985585708404e-07,0.002998524345457554,0.029999999999960565,-4.86410182947402e-08,-0.0011556304734309786,trajectory,STRAIGHT,3.7273457050323486,12.911503791807707,1.545467421237845e-05
1125,94914.64,12.914551734924316,2.4078051410469925e-06,-0.9898132681846619,4.772475677051385e-07,0.030000150203704834,1.2054452724896692e-07,0.003175116376951337,0.02999999999996006,-4.895465847967005e-08,-0.0011967173974280663,trajectory,STRAIGHT,3.727766275405884,12.914551734922927,1.545467421237845e-05
1126,94914.781,12.917689323425293,2.420540795355919e-06,-0.9897062182426453,4.802517423949842e-07,0.030000150203704834,1.220409444613324e-07,-0.0032095839269459248,0.029999999999959528,-4.92804579710359e-08,-0.0007052660811549615,trajectory,STRAIGHT,3.7272636890411377,12.917689323423886,1.545467421237845e-05
1127,94914.906,12.920916557312012,2.433804183965549e-06,-0.9902112483978271,4.83282065050756e-07,0.030000150203704834,1.2357160983356152e-07,-0.005042423494160175,0.02999999999995897,-4.961688193397812e-08,-0.0005380884366519578,trajectory,STRAIGHT,3.726628065109253,12.920916557310587,1.545467421237845e-05
1128,94915.015,12.923874855041504,2.4461071461701067e-06,-0.9905698895454407,4.860357876274066e-07,0.030000150203704834,1.2496353463120613e-07,3.0486349714919925e-05,0.029999999999958456,-4.9927312059207564e-08,-0.0009038110957291966,trajectory,STRAIGHT,3.7263948917388916,12.923874855040063,1.545467421237845e-05
1129,94915.14,12.92701244354248,2.459305960655911e-06,-0.9903673529624939,4.890720788481388e-07,0.030000150203704834,1.2644196090150217e-07,0.002866472816094756,0.02999999999995789,-5.026291089153444e-08,-0.0011408168421869224,trajectory,STRAIGHT,3.7273335456848145,12.927012443541022,1.545467421237845e-05
1130,94915.265,12.930060386657715,2.4722767193452455e-06,-0.9900539517402649,4.921139407246904e-07,0.030000150203704834,1.278801704529542e-07,0.00317179667763412,0.02999999999995733,-5.0594560880300956e-08,-0.0011740575817145416,trajectory,STRAIGHT,3.728137969970703,12.930060386656239,1.545467421237845e-05
1131,94915.39,12.933197975158691,2.4857822609192226e-06,-0.9897188544273376,4.953628263243355e-07,0.030000150203704834,1.2935947779624257e-07,0.003190925344824791,0.02999999999995675,-5.094245764052885e-08,-0.0012061055517348816,trajectory,STRAIGHT,3.727787494659424,12.933197975157196,1.545467421237845e-05
1132,94915.515,12.93642520904541,2.499835773051018e-06,-0.9896038770675659,4.986555950445398e-07,0.030000150203704834,1.3088866523958131e-07,-0.0032711809035390615,0.029999999999956138,-5.130197709070729e-08,-0.0007096015005761346,trajectory,STRAIGHT,3.727166175842285,12.936425209043897,1.545467421237845e-05
1133,94915.64,12.939562797546387,2.5136571366601856e-06,-0.9900996685028076,5.016597697327021e-07,0.030000150203704834,1.3236738993782637e-07,-0.0051055490039289,0.02999999999995554,-5.1648682885815144e-08,-0.0005431116368148569,trajectory,STRAIGHT,3.7265164852142334,12.939562797544854,1.545467421237845e-05
1134,94915.75,12.942700386047363,2.5276331143686548e-06,-0.9904118180274963,5.046639444208614e-07,0.030000150203704834,1.338333817102466e-07,0.0008559274720028043,0.02999999999995493,-5.199842592028811e-08,-0.000982649919984877,trajectory,STRAIGHT,3.7261130809783936,12.94270038604581,1.545467421237845e-05
1135,94915.875,12.945748329162598,2.541357162044733e-06,-0.990183413028717,5.075822855464989e-07,0.030000150203704834,1.352612741811754e-07,0.0029358055908232927,0.029999999999954344,-5.2341088062768325e-08,-0.0011467525759147655,trajectory,STRAIGHT,3.726984739303589,12.945748329161026,1.545467421237845e-05
1136,94916.0,12.948796272277832,2.555227410994121e-06,-0.9898675680160522,5.105006266721337e-07,0.030000150203704834,1.366903035204814e-07,0.0031726176384836435,0.029999999999953734,-5.268664663688538e-08,-0.0011915200474447152,trajectory,STRAIGHT,3.7278330326080322,12.94879627227624,1.545467421237845e-05
1137,94916.125,12.951754570007324,2.568828904259135e-06,-0.9897972345352173,5.133331342352471e-07,0.030000150203704834,1.3808545418214635e-07,-0.003337550675496459,0.02999999999995314,-5.302481476348287e-08,-0.0006880933848356185,trajectory,STRAIGHT,3.7275052070617676,12.951754570005713,1.545467421237845e-05
1138,94916.25,12.954712867736816,2.5825681859714678e-06,-0.9902547001838684,5.16165641798358e-07,0.030000150203704834,1.394721920178199e-07,-0.0049392711371183395,0.029999999999952533,-5.3365736387763476e-08,-0.0005370824654733118,trajectory,STRAIGHT,3.726888418197632,12.954712867735186,1.545467421237845e-05
1139,94916.375,12.957671165466309,2.5964445740100928e-06,-0.9905576109886169,5.189981493614661e-07,0.030000150203704834,1.4084737642861e-07,0.0006058067665435374,0.029999999999951923,-5.3709413455235155e-08,-0.0009485424999714654,trajectory,STRAIGHT,3.7264833450317383,12.957671165464658,1.545467421237845e-05
1140,94916.484,12.96098804473877,2.612164735182887e-06,-0.9903128743171692,5.221739911746449e-07,0.030000150203704834,1.4239304846341838e-07,0.00296547869220376,0.029999999999951225,-5.4098021393503346e-08,-0.0011362509564640287,trajectory,STRAIGHT,3.727332592010498,12.960988044737096,1.545467421237845e-05
1141,94916.625,12.96430492401123,2.6280565634806408e-06,-0.9899668097496033,5.253498329878203e-07,0.030000150203704834,1.439399852642964e-07,0.0031848708167672157,0.029999999999950514,-5.449011507579598e-08,-0.001181853006682766,trajectory,STRAIGHT,3.728121042251587,12.964304924009534,1.545467421237845e-05
1142,94916.75,12.967352867126465,2.6428115234011784e-06,-0.9898462891578674,5.282681741134381e-07,0.030000150203704834,1.4536887249505526e-07,-0.002936149947345257,0.02999999999994985,-5.485350978224419e-08,-0.0007133945757222504,trajectory,STRAIGHT,3.727766275405884,12.967352867124747,1.545467421237845e-05
1143,94916.875,12.970490455627441,2.6581524252833333e-06,-0.9903115630149841,5.312723488015711e-07,0.030000150203704834,1.4683203630738717e-07,-0.004876677878201008,0.029999999999949158,-5.523070445557602e-08,-0.0005401812318591803,trajectory,STRAIGHT,3.727144718170166,12.9704904556257,1.545467421237845e-05
1144,94917.0,12.973448753356934,2.672757091204403e-06,-0.9906289577484131,5.341048563646652e-07,0.030000150203704834,1.4820003002569138e-07,0.00044240691931918263,0.029999999999948495,-5.558923752742417e-08,-0.0009294060799296865,trajectory,STRAIGHT,3.7265830039978027,12.973448753355171,1.545467421237845e-05
1145,94917.109,12.976407051086426,2.6874970444623614e-06,-0.9904261231422424,5.369042242075768e-07,0.030000125989317894,1.495706669629726e-07,0.002872578799724579,0.029999999999947825,-5.59495818884889e-08,-0.0011200233772229195,trajectory,STRAIGHT,3.7272748947143555,12.97640705108464,1.545467421237845e-05
1146,94917.234,12.97945499420166,2.7028256681660423e-06,-0.9901124835014343,5.395829134792737e-07,0.030000125989317894,1.5098449068773334e-07,0.0031733945943415165,0.02999999999994714,-5.631763536553613e-08,-0.0011597706228326798,trajectory,STRAIGHT,3.7282097339630127,12.979454994199852,1.545467421237845e-05
1147,94917.343,12.98232364654541,2.717384177230997e-06,-0.989806056022644,5.421040327938095e-07,0.030000125989317894,1.5231415773087065e-07,0.0031925479415804148,0.029999999999946483,-5.666678888488005e-08,-0.0011993048954572693,trajectory,STRAIGHT,3.728018045425415,12.98232364654358,1.545467421237845e-05
1148,94917.468,12.985461235046387,2.7334544938639738e-06,-0.9897580146789551,5.4486150704408e-07,0.030000125989317894,1.5377666784388566e-07,-0.003686818527057767,0.02999999999994575,-5.705175578618683e-08,-0.0006648142087384789,trajectory,STRAIGHT,3.7274162769317627,12.985461235044532,1.545467421237845e-05
1149,94917.593,12.988598823547363,2.749677832980524e-06,-0.99025958776474,5.476118758667551e-07,0.030000125989317894,1.552296708950962e-07,-0.004958802834153175,0.02999999999994501,-5.743973478915238e-08,-0.0005400865142681944,trajectory,STRAIGHT,3.7267673015594482,12.988598823545484,1.545467421237845e-05
1150,94917.718,12.991646766662598,2.7655830763251288e-06,-0.990526020526886,5.501324835826564e-07,0.030000125989317894,1.5662945429539832e-07,0.0010483642108738422,0.02999999999994429,-5.7815179584565375e-08,-0.001007338239763056,trajectory,STRAIGHT,3.7263596057891846,12.991646766660693,1.545467421237845e-05
1151,94917.843,12.994694709777832,2.7816313377115875e-06,-0.990289032459259,5.526507607183519e-07,0.030000125989317894,1.5803347253040556e-07,0.0029611389618366957,0.02999999999994356,-5.819360549420716e-08,-0.0011384831455267972,trajectory,STRAIGHT,3.7272214889526367,12.994694709775903,1.545467421237845e-05
1152,94917.968,12.997832298278809,2.798301238726708e-06,-0.9899624586105347,5.553562800848201e-07,0.030000125989317894,1.5947968279306224e-07,0.0031784961465746164,0.029999999999942788,-5.858976212074715e-08,-0.0011826075897163192,trajectory,STRAIGHT,3.7280654907226562,12.997832298276853,1.545467421237845e-05
1153,94918.078,13.0007905960083,2.8141580514784437e-06,-0.9898343086242676,5.579981348237205e-07,0.030000125989317894,1.608504334171812e-07,-0.0027549939695745707,0.029999999999942042,-5.896900788147424e-08,-0.0007286771580683037,trajectory,STRAIGHT,3.7277517318725586,13.00079059600632,1.545467421237845e-05
1154,94918.203,13.003928184509277,2.8311239930189913e-06,-0.990294873714447,5.609187496828461e-07,0.030000125989317894,1.6229692789693217e-07,-0.004902163054794073,0.029999999999941237,-5.937799536133625e-08,-0.0005338753767417713,trajectory,STRAIGHT,3.7271363735198975,13.00392818450727,1.545467421237845e-05
1155,94918.328,13.007155418395996,2.848732265192666e-06,-0.9905909299850464,5.639228106808086e-07,0.030000125989317894,1.6377164513414755e-07,0.0010442552156746387,0.029999999999940394,-5.980209625326855e-08,-0.0009801882315933397,trajectory,STRAIGHT,3.7265737056732178,13.00715541839396,1.545467421237845e-05
1156,94918.453,13.01020336151123,2.8655083497142186e-06,-0.9903541207313538,5.667599794011106e-07,0.030000125989317894,1.6516803214017273e-07,0.002962898463010788,0.029999999999939585,-6.020583271139729e-08,-0.0011325190353447111,trajectory,STRAIGHT,3.7272701263427734,13.010203361509166,1.545467421237845e-05
1157,94918.578,13.013161659240723,2.8819274575653253e-06,-0.9900464415550232,5.69513701982584e-07,0.030000125989317894,1.665242166382086e-07,0.003177796956151724,0.02999999999993879,-6.0600689556558e-08,-0.0011650948736125143,trajectory,STRAIGHT,3.7281742095947266,13.013161659238632,1.545467421237845e-05
1158,94918.703,13.0162992477417,2.899488436014508e-06,-0.9897114038467407,5.724343168417265e-07,0.030000125989317894,1.679613745864117e-07,0.00318814255297184,0.029999999999937937,-6.102271448483556e-08,-0.0012065852623206062,trajectory,STRAIGHT,3.727930784225464,13.01629924773958,1.545467421237845e-05
1159,94918.812,13.019347190856934,2.916692210419569e-06,-0.9895972013473511,5.752714855620405e-07,0.030000125989317894,1.6936475333295675e-07,-0.0030990878585726023,0.02999999999993709,-6.143588531401223e-08,-0.000724029917589063,trajectory,STRAIGHT,3.727323055267334,13.019347190854786,1.545467421237845e-05
1160,94918.953,13.022574424743652,2.935063776021707e-06,-0.9900964498519897,5.782755465600245e-07,0.030000125989317894,1.708424406388076e-07,-0.005068512167781591,0.029999999999936185,-6.187682634985232e-08,-0.0005465286761623512,trajectory,STRAIGHT,3.726673126220703,13.022574424741475,1.545467421237845e-05
1161,94919.078,13.025801658630371,2.953594503196655e-06,-0.9904056191444397,5.81279607558013e-07,0.030000125989317894,1.7230732396456006e-07,0.00099471234716475,0.029999999999935262,-6.232133298409037e-08,-0.0009942039991096185,trajectory,STRAIGHT,3.7260777950286865,13.025801658628161,1.545467421237845e-05
1162,94919.203,13.028580665588379,2.9696782348764827e-06,-0.9901977777481079,5.8386643786184e-07,0.030000125989317894,1.7357200476908474e-07,0.0028957496397197247,0.029999999999934465,-6.270696062361522e-08,-0.0011431020837777972,trajectory,STRAIGHT,3.726743459701538,13.028580665586142,1.545467421237845e-05
1163,94919.328,13.031628608703613,2.9874538540752837e-06,-0.9898837804794312,5.867036065821703e-07,0.030000125989317894,1.749600642142468e-07,0.0031668252777308226,0.029999999999933573,-6.313297074047386e-08,-0.001189615218099006,trajectory,STRAIGHT,3.72774076461792,13.031628608701347,1.545467421237845e-05
1164,94919.453,13.035035133361816,3.0074884307396132e-06,-0.9897856116294861,5.898745598578382e-07,0.030000125989317894,1.765193928804365e-07,-0.0034851576201617718,0.029999999999932556,-6.361291167063391e-08,-0.0006761540147559608,trajectory,STRAIGHT,3.7276246547698975,13.035035133359514,1.545467421237845e-05
1165,94919.578,13.038262367248535,3.0266323847172316e-06,-0.9902905821800232,5.928786208558441e-07,0.030000125989317894,1.7798816998038092e-07,-0.004925677087157965,0.02999999999993158,-6.407133069607287e-08,-0.0005399749511159656,trajectory,STRAIGHT,3.727031707763672,13.038262367246201,1.545467421237845e-05
1166,94919.703,13.041220664978027,3.0443197829299606e-06,-0.9905585646629333,5.956323434373535e-07,0.030000125989317894,1.793231518831817e-07,0.0009153345017693937,0.029999999999930672,-6.449473965590146e-08,-0.0009716813005317993,trajectory,STRAIGHT,3.7264139652252197,13.041220664975661,1.545467421237845e-05
1167,94919.843,13.044537544250488,3.064308202738175e-06,-0.9903004169464111,5.987198505742018e-07,0.030000125989317894,1.8082451447298808e-07,0.0029952398035675287,0.029999999999929642,-6.49731071991187e-08,-0.0011392128339231832,trajectory,STRAIGHT,3.726991891860962,13.044537544248087,1.545467421237845e-05
1168,94919.968,13.047764778137207,3.083916681134724e-06,-0.9899627566337585,6.017239115722209e-07,0.030000125989317894,1.8228611509130133e-07,0.0031852286774665117,0.02999999999992862,-6.544226711175116e-08,-0.001182631348671912,trajectory,STRAIGHT,3.7279887199401855,13.047764778134772,1.545467421237845e-05
1169,94920.093,13.0507230758667,3.1020299502415583e-06,-0.9898520708084106,6.044776341537424e-07,0.030000125989317894,1.8363307674462703e-07,-0.0029391732532531023,0.02999999999992767,-6.587556956099337e-08,-0.0007130416186707088,trajectory,STRAIGHT,3.727963447570801,13.05072307586423,1.545467421237845e-05
1170,94920.203,13.053502082824707,3.119166876786039e-06,-0.9902591109275818,6.070644644575994e-07,0.030000125989317894,1.8489188846615434e-07,-0.00485387584194541,0.0,0.0,0.0,trajectory_no_feasible,STRAIGHT,3.7273812294006348,13.053502082822208,1.545467421237845e-05
1171,94920.343,13.05636978149414,3.136975692541455e-06,-0.9905446171760559,6.097740913466372e-07,0.029704904183745384,1.8599983775402507e-07,0.0006011988734826446,0.029999999999925822,-6.671255162303008e-08,-0.000948629864210928,trajectory,STRAIGHT,3.7267355918884277,13.05636978149161,1.545467421237845e-05
1172,94920.453,13.059494972229004,3.1570923511026194e-06,-0.9903106093406677,6.132014386986684e-07,0.028196919709444046,1.865309258164416e-07,0.0029386666137725115,0.029999999999924722,-6.720435294497533e-08,-0.0011347898538487079,trajectory,STRAIGHT,3.7269532680511475,13.059494972226435,1.545467421237845e-05
1173,94920.593,13.062492370605469,3.177286998834461e-06,-0.9899752736091614,6.166558891067968e-07,0.02742885798215866,1.8751389063709212e-07,0.003179683117195964,0.029999999999923616,-6.769618486688983e-08,-0.0011811142627101978,trajectory,STRAIGHT,3.7277753353118896,13.062492370602863,1.545467421237845e-05
1174,94920.718,13.06528091430664,3.1964755180524662e-06,-0.9898551106452942,6.198216925674411e-07,0.027218518778681755,1.8876589535921084e-07,-0.0029327841475605965,0.02999999999992257,-6.815960635661167e-08,-0.0007128510804417209,trajectory,STRAIGHT,3.7173612117767334,13.065280914304001,1.545467421237845e-05
1175,94920.843,13.068233489990234,3.216942104700138e-06,-0.9903364777565002,6.233872414050655e-07,0.027278078719973564,1.9025887354473525e-07,-0.004891072865575552,0.02999999999992143,-6.86601720885714e-08,-0.0005373965059061092,trajectory,STRAIGHT,3.722808837890625,13.068233489987556,1.545467421237845e-05
1176,94920.968,13.070940017700195,3.2358486805605935e-06,-0.9906377792358398,6.266037342793185e-07,0.027456743642687798,1.9169408460584236e-07,0.0006083953194320202,0.029999999999920368,-6.912078799871223e-08,-0.0009411499628855047,trajectory,STRAIGHT,3.7252488136291504,13.070940017697481,1.545467421237845e-05
1177,94921.093,13.073755264282227,3.255478986829985e-06,-0.9904193878173828,6.298965992736751e-07,0.027694078162312508,1.932103685930997e-07,0.002912004478275776,0.02999999999991927,-6.959885074346664e-08,-0.0011231268078626278,trajectory,STRAIGHT,3.7267510890960693,13.073755264279475,1.545467421237845e-05
1178,94921.218,13.076593399047852,3.2752648166933795e-06,-0.9901041388511658,6.332977683482369e-07,0.02794581651687622,1.9473822021609521e-07,0.00317545048892498,0.029999999999918137,-7.00843064977166e-08,-0.0011695554542371044,trajectory,STRAIGHT,3.7267818450927734,13.076593399045063,1.545467421237845e-05
1179,94921.328,13.07953929901123,3.2957950679701753e-06,-0.9897689819335938,6.370265351129203e-07,0.02819732576608658,1.9630627434708003e-07,0.003189605427905917,0.029999999999916937,-7.05952403786356e-08,-0.0012012896487092984,trajectory,STRAIGHT,3.72658634185791,13.079539299008403,1.545467421237845e-05
1180,94921.468,13.082594871520996,3.3170836104545742e-06,-0.989713191986084,6.408975287496788e-07,0.028437891975045204,1.9791670524682559e-07,-0.0037144082598388195,0.02999999999991568,-7.112649932005654e-08,-0.0006664762492861609,trajectory,STRAIGHT,3.7259182929992676,13.082594871518127,1.545467421237845e-05
1181,94921.593,13.08568286895752,3.33854495693231e-06,-0.9902287125587463,6.448250261643155e-07,0.02865246683359146,1.9950235241594783e-07,-0.0049590966664254665,0.0299999999999144,-7.166437279718983e-08,-0.0005435751274138612,trajectory,STRAIGHT,3.725313663482666,13.085682868954608,1.545467421237845e-05
1182,94921.734,13.088786125183105,3.360175696798251e-06,-0.9904510378837585,6.487101750314791e-07,0.02884017303586006,2.0105963471905852e-07,0.0015198771143332124,0.029999999999913107,-7.220541318777493e-08,-0.0010281380127057649,trajectory,STRAIGHT,3.7247774600982666,13.088786125180151,1.545467421237845e-05
1183,94921.859,13.09182357788086,3.3813664686022094e-06,-0.9901856184005737,6.52533192703859e-07,0.029000358656048775,2.0256516108929645e-07,0.0030255166348069906,0.02999999999991182,-7.273721970252238e-08,-0.0011520968763413352,trajectory,STRAIGHT,3.7263708114624023,13.091823577877863,1.545467421237845e-05
1184,94921.984,13.094962120056152,3.4033271276712185e-06,-0.9898470640182495,6.563338700532422e-07,0.029143499210476875,2.041008144715306e-07,0.0031810649670660496,0.029999999999910487,-7.328465319768405e-08,-0.0011931241861495856,trajectory,STRAIGHT,3.7267472743988037,13.094962120053113,1.545467421237845e-05
1185,94922.187,13.09803295135498,3.4248364499944728e-06,-0.9898402690887451,6.603281544120068e-07,0.0292645376175642,2.0559107838380442e-07,-0.003924313932657242,0.029999999999909155,-7.383028287958328e-08,-0.0006399010163245177,trajectory,STRAIGHT,3.72634220123291,13.098032951351897,1.545467421237845e-05
1186,94922.328,13.103397369384766,3.462694621703122e-06,-0.9907848834991455,6.677813091026373e-07,0.02943599596619606,2.0814489687381865e-07,-0.004958972800523043,0.029999999999906737,-7.480550221023405e-08,-0.0005101959812885403,trajectory,STRAIGHT,3.7259466648101807,13.103397369381604,1.545467421237845e-05
1187,94922.453,13.106412887573242,3.4839974887290737e-06,-0.9910283088684082,6.718048074251615e-07,0.029513269662857056,2.095458313533527e-07,0.0012187344254925847,0.02999999999990537,-7.53509313025185e-08,-0.000950759162966821,trajectory,STRAIGHT,3.7259466648101807,13.106412887570038,1.545467421237845e-05
1188,94922.593,13.109517097473145,3.5060759273619624e-06,-0.9907738566398621,6.761887490669869e-07,0.029582133516669273,2.109860872678837e-07,0.0030188672244548798,0.02999999999990393,-7.592344564370423e-08,-0.001096802531419001,trajectory,STRAIGHT,3.7270867824554443,13.109517097469894,1.545467421237845e-05
1189,94922.718,13.112798690795898,3.5295802263135556e-06,-0.9904241561889648,6.811433412303444e-07,0.029644519090652466,2.125028828459108e-07,0.0032065073028206825,0.02999999999990235,-7.654246753877749e-08,-0.001140472864484464,trajectory,STRAIGHT,3.728515863418579,13.112798690792598,1.545467421237845e-05
1190,94922.843,13.115814208984375,3.5513269267539727e-06,-0.9900965690612793,6.86209231533751e-07,0.029693633317947388,2.1389034543517482e-07,0.003205243032425642,0.02999999999990085,-7.713049265464772e-08,-0.0011721079472724262,trajectory,STRAIGHT,3.7280304431915283,13.115814208981028,1.545467421237845e-05
1191,94922.968,13.119110107421875,3.575152959456318e-06,-0.9897418022155762,6.918728300805992e-07,0.029739417135715485,2.153938538640432e-07,0.0031860845629125834,0.029999999999899173,-7.777950626036479e-08,-0.0012026993878140701,trajectory,STRAIGHT,3.7274398803710938,13.119110107418477,1.545467421237845e-05
1192,94923.093,13.12215805053711,3.5971938814327586e-06,-0.9897273182868958,6.970840109079342e-07,0.029775692149996758,2.1677993800039985e-07,-0.0038757172878831625,0.029999999999897612,-7.838051781954558e-08,-0.0006540587916550611,trajectory,STRAIGHT,3.726834774017334,13.122158050533663,1.545467421237845e-05
1193,94923.218,13.125205993652344,3.6193760024616495e-06,-0.9902119636535645,7.02032745180722e-07,0.02980676107108593,2.1815318973494868e-07,-0.0049090334214270115,0.02999999999989604,-7.897736127807145e-08,-0.0005477972849532074,trajectory,STRAIGHT,3.7262253761291504,13.12520599364885,1.545467421237845e-05
1194,94923.343,13.128253936767578,3.6416972761799116e-06,-0.9904215335845947,7.066808341998863e-07,0.029833337292075157,2.195123158799106e-07,0.0014144631568342447,0.02999999999989448,-7.956887597730427e-08,-0.0010431985146625944,trajectory,STRAIGHT,3.7262327671051025,13.128253936764036,1.545467421237845e-05
1195,94923.453,13.131301879882812,3.6641574752138695e-06,-0.9901701807975769,7.113806503440757e-07,0.029856348410248756,2.2087417050897784e-07,0.0029958130326122046,0.029999999999892887,-8.016564749702535e-08,-0.0011517881304389122,trajectory,STRAIGHT,3.72723388671875,13.13130187987922,1.545467421237845e-05
1196,94923.578,13.134349822998047,3.6867563721898478e-06,-0.9898523688316345,7.158899838865759e-07,0.029876219108700752,2.222346466851377e-07,0.0031721158884465694,0.029999999999891294,-8.07604240480123e-08,-0.0011928209514937159,trajectory,STRAIGHT,3.7276787757873535,13.134349822994404,1.545467421237845e-05
1197,94923.703,13.137397766113281,3.7094946492288727e-06,-0.9898342490196228,7.203336061742637e-07,0.029893461614847183,2.2360171669788542e-07,-0.003793613985180855,0.029999999999889684,-8.135697801695287e-08,-0.000636468552204108,trajectory,STRAIGHT,3.727200746536255,13.137397766109586,1.545467421237845e-05
1198,94923.828,13.140445709228516,3.7323718515835935e-06,-0.9903095960617065,7.247936559779493e-07,0.02990822121500969,2.2495792961763073e-07,-0.004819926805794239,0.029999999999888047,-8.195778466401813e-08,-0.000545348400161857,trajectory,STRAIGHT,3.7265849113464355,13.14044570922477,1.545467421237845e-05
1199,94923.953,13.14349365234375,3.755386842385633e-06,-0.9905130863189697,7.292536487215514e-07,0.029920853674411774,2.2630163698522665e-07,0.0014409007271751761,0.02999999999988639,-8.25623495991913e-08,-0.0010151655335052122,trajectory,STRAIGHT,3.7265660762786865,13.143493652339952,1.545467421237845e-05
1200,94924.062,13.146541595458984,3.7785384847666137e-06,-0.9902598261833191,7.337491115978766e-07,0.02993178926408291,2.276492807595787e-07,0.0030056198593229055,0.029999999999884702,-8.317173878649088e-08,-0.0011440699284576128,trajectory,STRAIGHT,3.7275314331054688,13.146541595455133,1.545467421237845e-05
1201,94924.187,13.149589538574219,3.8018281429685885e-06,-0.9899411201477051,7.38397312578469e-07,0.029941223561763763,2.2899658347341756e-07,0.0031791420187801123,0.02999999999988299,-8.378951096382503e-08,-0.0011738870029948901,trajectory,STRAIGHT,3.7279515266418457,13.149589538570313,1.545467421237845e-05
1202,94924.312,13.152637481689453,3.825255134870531e-06,-0.9899407625198364,7.429888405416665e-07,0.029949413612484932,2.3035147478367435e-07,-0.003858917625620961,0.02999999999988125,-8.440939153325601e-08,-0.0006359776355337298,trajectory,STRAIGHT,3.7274563312530518,13.152637481685492,1.545467421237845e-05
1203,94924.437,13.155685424804688,3.848820142593468e-06,-0.9904131889343262,7.471695041797167e-07,0.02995641715824604,2.3169607743511733e-07,-0.0047362870536744595,0.029999999999879522,-8.502078473344173e-08,-0.0005421824655604279,trajectory,STRAIGHT,3.7268288135528564,13.155685424800671,1.545467421237845e-05
1204,94924.546,13.158733367919922,3.872522029269021e-06,-0.9906464219093323,7.510592999208405e-07,0.029962409287691116,2.3302960983073717e-07,0.0012342302361503243,0.029999999999877798,-8.562729099658089e-08,-0.0009874159010276671,trajectory,STRAIGHT,3.726834297180176,13.15873336791585,1.545467421237845e-05
1205,94924.671,13.161781311035156,3.8963598854024895e-06,-0.9904016852378845,7.547728810153805e-07,0.029967594891786575,2.3436703600054898e-07,0.002986814361065626,0.029999999999876067,-8.623235417388484e-08,-0.0011296171900710972,trajectory,STRAIGHT,3.727787494659424,13.161781311031026,1.545467421237845e-05
1206,94924.796,13.16482925415039,3.920334165741224e-06,-0.9900833368301392,7.579907305384761e-07,0.02997206710278988,2.3570480323087395e-07,0.003182622604072094,0.029999999999874353,-8.682641534117764e-08,-0.0011719467217742475,trajectory,STRAIGHT,3.7282602787017822,13.164829254146204,1.545467421237845e-05
1207,94924.921,13.167877197265625,3.944444415537873e-06,-0.9897574782371521,7.609340831684834e-07,0.02997591905295849,2.3704116358658212e-07,0.003188918810337782,0.02999999999987264,-8.741612340680486e-08,-0.0012027234113603702,trajectory,STRAIGHT,3.727775812149048,13.16787719726138,1.545467421237845e-05
1208,94925.062,13.17092514038086,3.9686915442871395e-06,-0.9897009134292603,7.641542631782074e-07,0.029979269951581955,2.3838498464101576e-07,-0.003574359929189086,0.02999999999987088,-8.801805242198795e-08,-0.0006787992209325089,trajectory,STRAIGHT,3.727144241333008,13.170925140376553,1.545467421237845e-05
1209,94925.187,13.173973083496094,3.993075551989023e-06,-0.9901883602142334,7.673579585080251e-07,0.02998216263949871,2.3972015128492785e-07,-0.005026783794164658,0.0299999999998691,-8.862342263494911e-08,-0.0005407169792635425,trajectory,STRAIGHT,3.726496458053589,13.173973083491727,1.545467421237845e-05
1210,94925.296,13.17711067199707,4.01831857743673e-06,-0.9905270338058472,7.706192930828076e-07,0.029984677210450172,2.4108365437314205e-07,0.0005805204855278134,0.029999999999867237,-8.924961344763523e-08,-0.0009509617332817121,trajectory,STRAIGHT,3.726386547088623,13.177110671992642,1.545467421237845e-05
1211,94925.421,13.180158615112305,4.042977252538549e-06,-0.9903103113174438,7.734005281096412e-07,0.029986795037984848,2.424109482035419e-07,0.002903872402384877,0.029999999999865447,-8.985030650363016e-08,-0.0011327933803743162,trajectory,STRAIGHT,3.727365016937256,13.180158615107814,1.545467421237845e-05
1212,94925.531,13.183206558227539,4.0677714423509315e-06,-0.9899957180023193,7.756224238712237e-07,0.029988590627908707,2.43739577854285e-07,0.0031704329885542393,0.0,0.0,0.0,trajectory_no_feasible,STRAIGHT,3.72804594039917,13.183206558222984,1.545467421237845e-05
1213,94925.656,13.18616008758545,4.091958544449881e-06,-0.9899623394012451,7.774202113825796e-07,0.029549615457654,2.446947462431126e-07,-0.0035703557077795267,0.029999999999861977,-9.100154288534294e-08,-0.0006555861155876851,trajectory,STRAIGHT,3.727628707885742,13.186160087580834,1.545467421237845e-05
1214,94925.765,13.189095497131348,4.116927357245004e-06,-0.9904374480247498,7.790178037256128e-07,0.02801157534122467,2.448248892505944e-07,-0.004827999509871006,0.029999999999860236,-9.157281673972097e-08,-0.0005326849798189703,trajectory,STRAIGHT,3.7270030975341797,13.189095497126669,1.545467421237845e-05
1215,94925.89,13.191906929016113,4.141930730838794e-06,-0.9906389117240906,7.808238208827843e-07,0.027219731360673904,2.4552312538617116e-07,0.0014552213251590729,0.029999999999858477,-9.214790366955011e-08,-0.001004405375220211,trajectory,STRAIGHT,3.719172239303589,13.191906929011369,1.545467421237845e-05
1216,94926.015,13.194665908813477,4.16702914662892e-06,-0.9903846979141235,7.827144201559021e-07,0.02697521448135376,2.46652973601158e-07,0.0030134879052639008,0.029999999999856693,-9.272671801122353e-08,-0.0011329302446991228,trajectory,STRAIGHT,3.720982313156128,13.194665908808668,1.545467421237845e-05
1217,94926.156,13.19742202758789,4.192256255919347e-06,-0.9900652766227722,7.846029129781252e-07,0.027022534981369972,2.480117018421879e-07,0.003184689674526453,0.02999999999985489,-9.330909846454686e-08,-0.0011737610850620504,trajectory,STRAIGHT,3.7255606651306152,13.197422027583016,1.545467421237845e-05
1218,94926.265,13.200182914733887,4.217628429614706e-06,-0.9897394776344299,7.863086721053092e-07,0.027215762063860893,2.4948425902948657e-07,0.003187668975442648,0.029999999999853078,-9.38902112563231e-08,-0.0012043165569743152,trajectory,STRAIGHT,3.727416753768921,13.200182914728945,1.545467421237845e-05
1219,94926.375,13.202971458435059,4.243154307914665e-06,-0.9896438121795654,7.882725932333125e-07,0.027473732829093933,2.5101553546846844e-07,-0.0032622588332742453,0.029999999999851208,-9.448435334603556e-08,-0.0006931056050201889,trajectory,STRAIGHT,3.7261617183685303,13.20297145843005,1.545467421237845e-05
1220,94926.515,13.205789566040039,4.26883707405068e-06,-0.990112841129303,7.902272101436072e-07,0.02774783968925476,2.5255263835788355e-07,-0.004995429422706366,0.029999999999849317,-9.508367923913328e-08,-0.0005495088474977305,trajectory,STRAIGHT,3.724865198135376,13.20578956603496,1.545467421237845e-05
1221,94926.625,13.208635330200195,4.294675363780698e-06,-0.9904218912124634,7.921421593933016e-07,0.028013259172439575,2.5407226189599896e-07,0.0007192896446213126,0.029999999999847402,-9.568723115764149e-08,-0.0009706367672141702,trajectory,STRAIGHT,3.724440097808838,13.208635330195047,1.545467421237845e-05
1222,94926.765,13.211590766906738,4.321434971643612e-06,-0.9901908040046692,7.937884144958121e-07,0.028268102556467056,2.5562627570252516e-07,0.00293351081199944,0.029999999999845425,-9.630435911979095e-08,-0.0011457570874398725,trajectory,STRAIGHT,3.725363254547119,13.211590766901518,1.545467421237845e-05
1223,94926.89,13.214569091796875,4.348357379058143e-06,-0.989865779876709,7.956036667934379e-07,0.028498481959104538,2.5716269647091394e-07,0.0031704185530543327,0.029999999999843402,-9.693210860035041e-08,-0.0011911089576719092,trajectory,STRAIGHT,3.7260794639587402,13.21456909179158,1.545467421237845e-05
1224,94927.015,13.217573165893555,4.3754398575401865e-06,-0.9897575378417969,7.969962315684447e-07,0.028703978285193443,2.586871516996325e-07,-0.0031773538794368505,0.029999999999841393,-9.75528512550046e-08,-0.0007029724881685506,trajectory,STRAIGHT,3.7257847785949707,13.217573165888185,1.545467421237845e-05
1225,94927.14,13.220425605773926,4.401120804686798e-06,-0.990211546421051,7.983884537839714e-07,0.028873682022094727,2.6009911380242556e-07,-0.0049829864874482155,0.029999999999839457,-9.814558704412673e-08,-0.0005405748291829948,trajectory,STRAIGHT,3.725324869155884,13.220425605768483,1.545467421237845e-05
1226,94927.265,13.223636627197266,4.430078661243897e-06,-0.9905785322189331,8.003966316446023e-07,0.029038140550255775,2.6165079702877847e-07,0.0005871228058822453,0.029999999999837212,-9.882900105330195e-08,-0.000947896791051802,trajectory,STRAIGHT,3.7251875400543213,13.223636627191741,1.545467421237845e-05
1227,94927.39,13.226696014404297,4.457629529497353e-06,-0.9903523325920105,8.025636279856753e-07,0.02917272225022316,2.6310468115298136e-07,0.0029280248563736677,0.02999999999983503,-9.948918274780952e-08,-0.0011303629936226256,trajectory,STRAIGHT,3.7262446880340576,13.226696014398694,1.545467421237845e-05
1228,94927.5,13.229766845703125,4.485332283366006e-06,-0.9900269508361816,8.049303708407541e-07,0.02928916923701763,2.645458891947783e-07,0.003178355749696493,0.029999999999832792,-1.0016047939836016e-07,-0.001176591962491984,trajectory,STRAIGHT,3.7271862030029297,13.229766845697442,1.545467421237845e-05
1229,94927.625,13.232574462890625,4.5107917685527354e-06,-0.9897204637527466,8.073451443693328e-07,0.02938148006796837,2.658516109477205e-07,0.003189642680808902,0.0299999999998307,-1.0078581647624918e-07,-0.0012071081994984034,trajectory,STRAIGHT,3.7269628047943115,13.23257446288487,1.545467421237845e-05
1230,94927.75,13.23567008972168,4.538781467999797e-06,-0.9896153211593628,8.099232855869301e-07,0.029469488188624382,2.672767607236892e-07,-0.0032709978986531496,0.029999999999828383,-1.0147342587694802e-07,-0.0006955140828106287,trajectory,STRAIGHT,3.7264552116394043,13.235670089715843,1.545467421237845e-05
1231,94927.875,13.23859691619873,4.5653082452190574e-06,-0.9900783896446228,8.128560146600488e-07,0.029540816321969032,2.6860456614485884e-07,-0.005078010261058807,0.029999999999826117,-1.0214144720066509e-07,-0.0005458761192997674,trajectory,STRAIGHT,3.725905418395996,13.238596916192813,1.545467421237845e-05
1232,94928.0,13.241789817810059,4.594395250023808e-06,-0.990422248840332,8.159687096319776e-07,0.029607310891151428,2.700325580917706e-07,0.0007082167430780828,0.02999999999982362,-1.0287233809752003e-07,-0.0009712459682574492,trajectory,STRAIGHT,3.7255892753601074,13.241789817804056,1.545467421237845e-05
1233,94928.125,13.244894027709961,4.622821961675072e-06,-0.9901913404464722,8.185727118587305e-07,0.029662881046533585,2.714167806061596e-07,0.002935532946139574,0.0299999999998212,-1.0357500765180965e-07,-0.0011458763310855302,trajectory,STRAIGHT,3.726534843444824,13.244894027703873,1.545467421237845e-05
1234,94928.25,13.247998237609863,4.6513941924786195e-06,-0.9898660182952881,8.214164788979601e-07,0.029710697010159492,2.7279622827336425e-07,0.003173493780195713,0.029999999999818727,-1.0428957507723176e-07,-0.001191319497421125,trajectory,STRAIGHT,3.7274434566497803,13.247998237603689,1.545467421237845e-05
1235,94928.375,13.251306533813477,4.681755854107905e-06,-0.989738404750824,8.238002117446527e-07,0.029754148796200752,2.742560525348381e-07,-0.0031753494404256344,0.029999999999816132,-1.05032643288074e-07,-0.0007040790278411179,trajectory,STRAIGHT,3.7271721363067627,13.25130653380721,1.545467421237845e-05
1236,94928.5,13.254533767700195,4.711451765615493e-06,-0.990235447883606,8.255016523454576e-07,0.029790062457323074,2.756642629719863e-07,-0.00497817387804389,0.02999999999981364,-1.0574258459921777e-07,-0.0005406049820633151,trajectory,STRAIGHT,3.7266030311584473,13.254533767693836,1.545467421237845e-05
1237,94928.625,13.25758171081543,4.739637915918138e-06,-0.9905407428741455,8.268952852012873e-07,0.0298189464956522,2.769793070456217e-07,0.0007442488567903638,0.029999999999811275,-1.0641133800818401e-07,-0.0009613067251689277,trajectory,STRAIGHT,3.7260868549346924,13.257581710808983,1.545467421237845e-05
1238,94928.75,13.260629653930664,4.767957761941943e-06,-0.99031662940979,8.281524934678158e-07,0.02984393760561943,2.7829463533635135e-07,0.0029279631562530994,0.029999999999808895,-1.0708050183403492e-07,-0.0011338027112415506,trajectory,STRAIGHT,3.726834535598755,13.260629653924129,1.545467421237845e-05
1239,94928.859,13.263408660888672,4.793894731847104e-06,-0.9900293350219727,8.291968794785156e-07,0.029863744974136353,2.794927240756806e-07,0.0031710872426629066,0.029999999999806713,-1.0769149961899756e-07,-0.0011676173575452043,trajectory,STRAIGHT,3.727832078933716,13.263408660882055,1.545467421237845e-05
1240,94928.984,13.266456604003906,4.822471055376809e-06,-0.989703893661499,8.304611925955062e-07,0.029882602393627167,2.8080364700144855e-07,0.0031903362832963467,0.029999999999804267,-1.0836956696675346e-07,-0.0012078874922902493,trajectory,STRAIGHT,3.7277026176452637,13.266456603997199,1.545467421237845e-05
1241,94929.109,13.26950454711914,4.851180619880324e-06,-0.9895893931388855,8.317795635670961e-07,0.029898958280682564,2.821196289914951e-07,-0.003100540954619646,0.029999999999801786,-1.0905382089158726e-07,-0.0007246338852326928,trajectory,STRAIGHT,3.72712779045105,13.26950454711234,1.545467421237845e-05
1242,94929.234,13.272821426391602,4.882575012743473e-06,-0.9901081919670105,8.327305554197599e-07,0.029914123937487602,2.835419934399397e-07,-0.0051047829911112785,0.029999999999799104,-1.0978915814861493e-07,-0.0005383545809071121,trajectory,STRAIGHT,3.726499080657959,13.2728214263847,1.545467421237845e-05
1243,94929.359,13.275869369506836,4.911561518383678e-06,-0.9904241561889648,8.331190244727058e-07,0.029925957322120667,2.8483620440056256e-07,0.0006981577607803047,0.029999999999796665,-1.1045510302453609e-07,-0.0009690371326224479,trajectory,STRAIGHT,3.725956439971924,13.27586936949984,1.545467421237845e-05
1244,94929.5,13.279006958007812,4.94154164698557e-06,-0.9901936650276184,8.334737284128915e-07,0.029936466366052628,2.8617054681490117e-07,0.0029359874315559864,0.029999999999794115,-1.111441588431748e-07,-0.001159588064351824,trajectory,STRAIGHT,3.726701498031616,13.279006958000718,1.545467421237845e-05
1245,94929.593,13.281965255737305,4.969936071574921e-06,-0.9898872375488281,8.336613693567092e-07,0.029945019632577896,2.8742894642164174e-07,0.0031717836391180754,0.029999999999791704,-1.1179393124202892e-07,-0.0011900196409876296,trajectory,STRAIGHT,3.7277071475982666,13.281965255730116,1.545467421237845e-05
1246,94929.718,13.284923553466797,4.998454187443713e-06,-0.9898166656494141,8.33790234106461e-07,0.02995246648788452,2.886941672386456e-07,-0.00332439667545259,0.02999999999978926,-1.1244632609130964e-07,-0.0006738538107926795,trajectory,STRAIGHT,3.727571725845337,13.284923553459514,1.545467421237845e-05
1247,94929.859,13.287881851196289,5.027096449339297e-06,-0.9902684688568115,8.342290090735957e-07,0.029958875849843025,2.8995106049478636e-07,-0.004884579684585333,0.029999999999786753,-1.1311243468530776e-07,-0.0005430046923788733,trajectory,STRAIGHT,3.726985454559326,13.287881851188908,1.545467421237845e-05
1248,94929.984,13.290840148925781,5.0558633120090235e-06,-0.9906005263328552,8.341372643255094e-07,0.029964378103613853,2.911975514052756e-07,0.0002698628231883049,0.029999999999784286,-1.1376707504055448e-07,-0.0009189165749669126,trajectory,STRAIGHT,3.726435661315918,13.290840148918303,1.545467421237845e-05
1249,94930.093,13.293798446655273,5.08475295646349e-06,-0.9904052019119263,8.337546517035653e-07,0.02996915578842163,2.924456339314929e-07,0.0028491669800132513,0.029999999999781812,-1.1441742786227996e-07,-0.0011204450402987997,trajectory,STRAIGHT,3.727146625518799,13.293798446647697,1.545467421237845e-05
1250,94930.234,13.29693603515625,5.115528892929433e-06,-0.9900830388069153,8.334937408489652e-07,0.029973523691296577,2.9377065402513836e-07,0.0031720795668661594,0.029999999999779134,-1.1511644041732037e-07,-0.0011709637475038536,trajectory,STRAIGHT,3.7281017303466797,13.296936035148567,1.545467421237845e-05
1251,94930.328,13.2998046875,5.143788712302921e-06,-0.9897767305374146,8.335226744665465e-07,0.029976971447467804,2.9498102094294154e-07,0.0031913199927657843,0.029999999999776625,-1.1576799455965026e-07,-0.0012019659784376468,trajectory,STRAIGHT,3.727945327758789,13.29980468749222,1.545467421237845e-05
1252,94930.375,13.300790786743164,5.15352985530626e-06,-0.9896712899208069,8.33576618956409e-07,0.0299780685454607,2.9539694423874607e-07,0.0030909590423107147,0.029999999999775758,-1.1599426736101246e-07,-0.0011992091332316246,trajectory,STRAIGHT,3.727945327758789,13.300790786735348,1.545467421237845e-05
1253,94930.484,13.303569793701172,5.181056167202769e-06,-0.9898180365562439,8.334728231402148e-07,0.029980871826410294,2.965776957353228e-07,-0.004566592164337635,0.029999999999773302,-1.1662698440502578e-07,-0.000597349389670988,trajectory,STRAIGHT,3.727351427078247,13.30356979369326,1.545467421237845e-05
1254,94930.609,13.306617736816406,5.211372354096966e-06,-0.9903404712677002,8.331591614264381e-07,0.029983527958393097,2.9786096433781495e-07,-0.00494795385748148,0.0299999999997706,-1.1731957002990251e-07,-0.0005407187186466655,trajectory,STRAIGHT,3.72670578956604,13.306617736808388,1.545467421237845e-05
1255,94930.734,13.309576034545898,5.240922291704919e-06,-0.9906363487243652,8.331000444658331e-07,0.029985757544636726,2.9909753607171297e-07,0.00064779695821926,0.029999999999767917,-1.1800379150453028e-07,-0.000944198247113146,trajectory,STRAIGHT,3.7262747287750244,13.309576034537773,1.545467421237845e-05
1256,94930.859,13.312713623046875,5.2723985390912276e-06,-0.9904074668884277,8.333373091305052e-07,0.029987769201397896,3.004122675065446e-07,0.00293764378875494,0.029999999999765,-1.1874351596827078e-07,-0.001125836819130459,trajectory,STRAIGHT,3.727144241333008,13.312713623038638,1.545467421237845e-05
1257,94930.984,13.315851211547852,5.3040103011881e-06,-0.9900814890861511,8.335578616906702e-07,0.02998949959874153,3.0172833476171945e-07,0.003181666601449251,0.029999999999762043,-1.1948788272185115e-07,-0.0011717087313376717,trajectory,STRAIGHT,3.7281494140625,13.3158512115395,1.545467421237845e-05
1258,94931.109,13.318988800048828,5.335761215974344e-06,-0.9897459745407104,8.338819261906647e-07,0.02999107912182808,3.030431798833888e-07,0.0031911185942590237,0.029999999999759035,-1.2024059221314147e-07,-0.0012035557213726066,trajectory,STRAIGHT,3.7280797958374023,13.31898880004036,1.545467421237845e-05
1259,94931.234,13.32194709777832,5.365825018088799e-06,-0.9896590113639832,8.343394021712901e-07,0.02999228611588478,3.042899265892629e-07,-0.003254510695114732,0.029999999999756145,-1.2095966696304673e-07,-0.0007069874402754284,trajectory,STRAIGHT,3.727494955062866,13.32194709776974,1.545467421237845e-05
1260,94931.343,13.325084686279297,5.39784650754882e-06,-0.99015212059021,8.348726502798426e-07,0.029993459582328796,3.0560460118067567e-07,-0.005068524740636349,0.029999999999753033,-1.2172891558393856e-07,-0.000541029786712085,trajectory,STRAIGHT,3.7268478870391846,13.3250846862706,1.545467421237845e-05
1261,94931.468,13.328132629394531,5.4290826483338606e-06,-0.9904634952545166,8.353695187273432e-07,0.029994547367095947,3.0687084517921903e-07,0.000717083050403744,0.029999999999749973,-1.2248058325193308e-07,-0.0009666551055756333,trajectory,STRAIGHT,3.726206064224243,13.328132629385717,1.545467421237845e-05
1262,94931.593,13.331270217895508,5.461374257720308e-06,-0.9902323484420776,8.359967291993837e-07,0.029995383694767952,3.081777606439573e-07,0.0029373003635555506,0.029999999999746764,-1.2326310055049653e-07,-0.0011421560152251196,trajectory,STRAIGHT,3.7267208099365234,13.331270217886571,1.545467421237845e-05
1263,94931.718,13.334318161010742,5.49287278772681e-06,-0.9899163842201233,8.365498156517512e-07,0.029996074736118317,3.0944849527259066e-07,0.0031728283502161503,0.02999999999974362,-1.2402666214828002e-07,-0.0011869471273045652,trajectory,STRAIGHT,3.7277493476867676,13.334318161001686,1.545467421237845e-05
1264,94931.859,13.337455749511719,5.525435426534386e-06,-0.9898260831832886,8.37170545793143e-07,0.02999679185450077,3.1076405093699577e-07,-0.00330847199074924,0.02999999999974033,-1.2481956799734577e-07,-0.0006868335153350567,trajectory,STRAIGHT,3.7277774810791016,13.337455749502537,1.545467421237845e-05
1265,94931.984,13.340593338012695,5.558134944294579e-06,-0.9903095364570618,8.377912759345223e-07,0.02999749220907688,3.1207218853523955e-07,-0.0049139042384922504,0.029999999999737,-1.2561787646265165e-07,-0.00053819178317406,trajectory,STRAIGHT,3.7272043228149414,13.340593338003387,1.545467421237845e-05
1266,94932.093,13.343730926513672,5.59097179575474e-06,-0.9906231164932251,8.383788664042361e-07,0.029998142272233963,3.1336981010099407e-07,0.0007718256092630327,0.029999999999733632,-1.2642063229456882e-07,-0.0009561406328587173,trajectory,STRAIGHT,3.7265617847442627,13.343730926504236,1.545467421237845e-05
1267,94932.218,13.346868515014648,5.623944161925465e-06,-0.9903889894485474,8.391749018452723e-07,0.02999858371913433,3.1467064331991423e-07,0.0029509970918297768,0.029999999999730187,-1.272350810061812e-07,-0.001128410040201545,trajectory,STRAIGHT,3.72696852684021,13.346868515005083,1.545467421237845e-05
1268,94932.343,13.349916458129883,5.656105713569559e-06,-0.9900718927383423,8.402936372114197e-07,0.029998784884810448,3.1593546623298607e-07,0.0031808270141482353,0.029999999999726752,-1.2804188823030722e-07,-0.0011729328065080624,trajectory,STRAIGHT,3.7279677391052246,13.34991645812019,1.545467421237845e-05
1269,94932.468,13.352605819702148,5.684591087629087e-06,-0.9897844195365906,8.411444695064032e-07,0.02999895252287388,3.1705067726761627e-07,0.0031921416521072388,0.029999999999723706,-1.2875402273476052e-07,-0.0011882116376323681,trajectory,STRAIGHT,3.7281455993652344,13.352605819692341,1.545467421237845e-05
1270,94932.578,13.35556411743164,5.7160400501743425e-06,-0.9896239638328552,8.420392417680149e-07,0.029999136924743652,3.1828346891416004e-07,-0.0024492444936186075,0.029999999999720316,-1.2954082921250148e-07,-0.0007714728259423375,trajectory,STRAIGHT,3.7275924682617188,13.355564117421705,1.545467421237845e-05
1271,94932.718,13.35879135131836,5.750488071498694e-06,-0.990097165107727,8.430153569624901e-07,0.02999933809041977,3.1962278512764897e-07,-0.005062074400484562,0.029999999999716576,-1.3040484837808384e-07,-0.0005458326776008615,trajectory,STRAIGHT,3.7269489765167236,13.358791351308286,1.545467421237845e-05
1272,94932.828,13.361839294433594,5.783154392702272e-06,-0.9904314875602722,8.439372435350403e-07,0.02999952808022499,3.2087623935694864e-07,0.000523690483532846,0.029999999999712992,-1.312263051841598e-07,-0.0009551974192365042,trajectory,STRAIGHT,3.72629714012146,13.361839294423385,1.545467421237845e-05
1273,94932.968,13.365066528320312,5.817881174152717e-06,-0.9901996850967407,8.44913358729495e-07,0.029999729245901108,3.2220674484051415e-07,0.002932277275249362,0.029999999999709148,-1.321018578981943e-07,-0.0011447929325188065,trajectory,STRAIGHT,3.726576566696167,13.365066528309962,1.545467421237845e-05
1274,94933.093,13.368114471435547,5.8508107940724585e-06,-0.9898841381072998,8.458352453020257e-07,0.029999904334545135,3.2346488865186984e-07,0.0031709575559943914,0.029999999999705474,-1.3293427076486751e-07,-0.001189844158990959,trajectory,STRAIGHT,3.7275900840759277,13.36811447142506,1.545467421237845e-05
1275,94933.203,13.371162414550781,5.883869107492501e-06,-0.9897661805152893,8.467571318745469e-07,0.030000030994415283,3.247296547215228e-07,-0.0029880045913159847,0.02999999999970175,-1.337720656952581e-07,-0.0007168821077779974,trajectory,STRAIGHT,3.7277519702911377,13.371162414540153,1.545467421237845e-05
1276,94933.343,13.3743896484375,5.919012892263709e-06,-0.990254819393158,8.477332470689709e-07,0.030000165104866028,3.260620076162013e-07,-0.004959738347679377,0.029999999999697755,-1.346650535350907e-07,-0.000539891494369522,trajectory,STRAIGHT,3.7271974086761475,13.374389648426725,1.545467421237845e-05
1277,94933.453,13.377437591552734,5.952335413894616e-06,-0.9905421733856201,8.486551336414727e-07,0.030000291764736176,3.2730955012993945e-07,0.0008942962740547955,0.02999999999969393,-1.3551401092373405e-07,-0.000972388305723717,trajectory,STRAIGHT,3.7265546321868896,13.377437591541817,1.545467421237845e-05
1278,94933.578,13.380575180053711,5.9867711570404936e-06,-0.9903028011322021,8.49604077689524e-07,0.03000042214989662,3.2859753673619707e-07,0.0029616528190672398,0.029999999999689945,-1.3639363180385317e-07,-0.001149745441995611,trajectory,STRAIGHT,3.7267794609069824,13.380575180042644,1.545467421237845e-05
1279,94933.703,13.383712768554688,6.021342414896935e-06,-0.9899761080741882,8.506346488914184e-07,0.03000052459537983,3.298867454759602e-07,0.0031805068720132113,0.029999999999685896,-1.3728152136407602e-07,-0.001181481332244575,trajectory,STRAIGHT,3.7277743816375732,13.383712768543472,1.545467421237845e-05
1280,94933.843,13.386940002441406,6.057043265172979e-06,-0.989955484867096,8.517785658747754e-07,0.0300005916506052,3.312203205041442e-07,-0.0038321237079799175,0.02999999999968166,-1.3820341229258071e-07,-0.0006358485595287277,trajectory,STRAIGHT,3.7280027866363525,13.386940002430034,1.545467421237845e-05
1281,94933.968,13.390167236328125,6.092887360864552e-06,-0.9904615879058838,8.529224828580912e-07,0.03000061772763729,3.3254508480240474e-07,-0.004763083532452583,0.02999999999967737,-1.391315313068339e-07,-0.0005369722763682271,trajectory,STRAIGHT,3.726815700531006,13.390167236316595,1.545467421237845e-05
1282,94934.093,13.39321517944336,6.126870630396297e-06,-0.9906592965126038,8.540028488978515e-07,0.03000061772763729,3.337862892749399e-07,0.0014679367886856198,0.029999999999673267,-1.400138216776779e-07,-0.0010033432856848578,trajectory,STRAIGHT,3.7270309925079346,13.393215179431678,1.545467421237845e-05
1283,94934.203,13.396263122558594,6.16098077443894e-06,-0.9904042482376099,8.550646839767452e-07,0.03000056929886341,3.350321833295311e-07,0.0030170839745551348,0.02999999999966911,-1.4090115990889705e-07,-0.0011313452293283143,trajectory,STRAIGHT,3.728006601333618,13.39626312254676,1.545467421237845e-05
1284,94934.343,13.399490356445312,6.197236416483065e-06,-0.9900655746459961,8.559644016102462e-07,0.03000050224363804,3.363520306720602e-07,0.0031895257998257875,0.02999999999966469,-1.4184011435758753e-07,-0.001162074254930655,trajectory,STRAIGHT,3.728286027908325,13.399490356433315,1.545467421237845e-05
1285,94934.453,13.402448654174805,6.230595772649394e-06,-0.9897488951683044,8.567803888862622e-07,0.030000440776348114,3.375608912392636e-07,0.003190308343619108,0.02999999999966058,-1.4270614442139908e-07,-0.0012040437422384809,trajectory,STRAIGHT,3.7277517318725586,13.402448654162654,1.545467421237845e-05
1286,94934.578,13.405496597290039,6.265091542445589e-06,-0.9897335171699524,8.576211030494333e-07,0.03000037744641304,3.3881406125146896e-07,-0.003865725826472044,0.029999999999656298,-1.436040455566356e-07,-0.0006542366820056532,trajectory,STRAIGHT,3.7271087169647217,13.40549659727773,1.545467421237845e-05
1287,94934.796,13.410964965820312,6.327300070552155e-06,-0.9906200766563416,8.591294431657186e-07,0.030000263825058937,3.4104522228517453e-07,-0.004896793980151415,0.02999999999964847,-1.4522940065721205e-07,-0.0005280985701955397,trajectory,STRAIGHT,3.7265117168426514,13.410964965807715,1.545467421237845e-05
1288,94934.921,13.414102554321289,6.363177362800343e-06,-0.9908966422080994,8.599948842160511e-07,0.030000198632478714,3.423156726967136e-07,0.0010754324030131102,0.029999999999643902,-1.4617037956581808e-07,-0.0009531157195797634,trajectory,STRAIGHT,3.7265117168426514,13.414102554308524,1.545467421237845e-05
1289,94935.046,13.417150497436523,6.398156983777881e-06,-0.990657389163971,8.608355983792342e-07,0.030000140890479088,3.43553523407536e-07,0.0029808932449668646,0.02999999999963941,-1.4709036146190818e-07,-0.0011053700426734581,trajectory,STRAIGHT,3.7275002002716064,13.417150497423592,1.545467421237845e-05
1290,94935.171,13.420377731323242,6.435332579712849e-06,-0.9903193116188049,8.617257663167257e-07,0.030000140890479088,3.44865242141168e-07,0.0031966855749487877,0.029999999999634583,-1.4807085106763825e-07,-0.0011500439482756862,trajectory,STRAIGHT,3.728501796722412,13.420377731310133,1.545467421237845e-05
1291,94935.39,13.423515319824219,6.4716109591245186e-06,-0.9899834394454956,8.62591207367068e-07,0.030000140890479088,3.461395010617707e-07,0.0032000532373785973,0.02999999999962983,-1.4903042600803283e-07,-0.0011819534256192188,trajectory,STRAIGHT,3.7287161350250244,13.423515319810935,1.545467421237845e-05
1292,94935.531,13.429162979125977,6.537249646498822e-06,-0.9897049069404602,8.641490012576925e-07,0.030000140890479088,3.484389026198187e-07,-0.0038481594529002905,0.02999999999962112,-1.5077350707132095e-07,-0.0006467726438605059,trajectory,STRAIGHT,3.7268662452697754,13.429162979112373,1.545467421237845e-05
1293,94935.75,13.432479858398438,6.5760018514993135e-06,-0.9902389049530029,8.650638960823501e-07,0.030000140890479088,3.49783789488356e-07,-0.004967522341758013,0.02999999999961591,-1.518067944735438e-07,-0.0005427552860686568,trajectory,STRAIGHT,3.7268662452697754,13.432479858384644,1.545467421237845e-05
1294,94935.89,13.438037872314453,6.6412721935193986e-06,-0.9909005761146545,8.665969630858386e-07,0.030000140890479088,3.520246423249773e-07,0.0011973569635301828,0.029999999999607018,-1.5355424478053756e-07,-0.0009794118967268604,trajectory,STRAIGHT,3.7266685962677,13.438037872300335,1.545467421237845e-05
1295,94936.0,13.440996170043945,6.676182238152251e-06,-0.9906653165817261,8.674129503618933e-07,0.030000140890479088,3.532177288434468e-07,0.0029783889185637236,0.0299999999996022,-1.5449254573165356e-07,-0.0011046005707236939,trajectory,STRAIGHT,3.7276828289031982,13.440996170029651,1.545467421237845e-05
1296,94936.125,13.444133758544922,6.713337370456429e-06,-0.9903370141983032,8.682783914122574e-07,0.030000140890479088,3.5448405810711847e-07,0.0031939654145389795,0.029999999999597023,-1.5549400442457144e-07,-0.0011485930790692232,trajectory,STRAIGHT,3.7286806106567383,13.444133758530437,1.545467421237845e-05
1297,94936.25,13.447181701660156,6.749557996954536e-06,-0.9900107383728027,8.691191055754717e-07,0.030000140890479088,3.55713268618274e-07,0.003199546132236719,0.029999999999591936,-1.5647307974362454e-07,-0.0011797705135685355,trajectory,STRAIGHT,3.728656053543091,13.447181701645487,1.545467421237845e-05
1298,94936.359,13.450408935546875,6.788046448491514e-06,-0.9896660447120667,8.700258717941687e-07,0.030000140890479088,3.5701353340300557e-07,0.003182270796969533,0.0,0.0,0.0,trajectory_no_feasible,STRAIGHT,3.7280707359313965,13.450408935532007,1.545467421237845e-05
1299,94936.5,13.453185081481934,6.8212957557989284e-06,-0.9896207451820374,8.713419113236114e-07,0.0296315960586071,3.5781940255219524e-07,-0.0034909348469227552,0.029999999999581632,-1.5843719230045808e-07,-0.0006934968837075161,trajectory,STRAIGHT,3.727421760559082,13.453185081466893,1.545467421237845e-05
1300,94936.625,13.45621395111084,6.858864253445063e-06,-0.9901309609413147,8.724570577597993e-07,0.0280542504042387,3.5770807471635635e-07,-0.0051412396132946014,0.02999999999957621,-1.5946026899174762e-07,-0.0005379510138555632,trajectory,STRAIGHT,3.7267696857452393,13.456213951095604,1.545467421237845e-05
1301,94936.734,13.458945274353027,6.894297257531434e-06,-0.9904801249504089,8.733556515845953e-07,0.02725428342819214,3.581914143069298e-07,0.00019454813445918262,0.029999999999571123,-1.6041324115920034e-07,-0.0009249500397352961,trajectory,STRAIGHT,3.7259764671325684,13.458945274337605,1.545467421237845e-05
1302,94936.859,13.461626052856445,6.9298034759412985e-06,-0.990288257598877,8.744045738388498e-07,0.02698790282011032,3.591418078485731e-07,0.0028309887275099754,0.02999999999956599,-1.613709990384903e-07,-0.0011301253442138049,trajectory,STRAIGHT,3.715993881225586,13.461626052840836,1.545467421237845e-05
1303,94936.984,13.46438217163086,6.966497949179029e-06,-0.9899769425392151,8.756265788181835e-07,0.02701570652425289,3.6038639450453047e-07,0.0031595134641975164,0.02999999999956061,-1.6236707299779794e-07,-0.0011719730761319013,trajectory,STRAIGHT,3.7224133014678955,13.464382171615057,1.545467421237845e-05
1304,94937.125,13.467223167419434,7.00441341905389e-06,-0.9898479580879211,8.7692977336516e-07,0.027207408100366592,3.6181643281452125e-07,-0.0029343855567276478,0.029999999999555004,-1.634005201916296e-07,-0.000713007305598351,trajectory,STRAIGHT,3.7261455059051514,13.467223167403429,1.545467421237845e-05
1305,94937.234,13.470011711120605,7.041393018880626e-06,-0.9903034567832947,8.781281849686259e-07,0.027461349964141846,3.6325866403785767e-07,-0.00492556719109416,0.029999999999549477,-1.6441143214371662e-07,-0.0005366021084334816,trajectory,STRAIGHT,3.727125644683838,13.470011711104402,1.545467421237845e-05
1306,94937.375,13.473077774047852,7.081802777975099e-06,-0.9905773997306824,8.794547955638206e-07,0.02775668352842331,3.648328856797889e-07,0.0013009438989683986,0.02999999999954337,-1.6552241578698836e-07,-0.001001022919084653,trajectory,STRAIGHT,3.7254133224487305,13.47307777403143,1.545467421237845e-05
1307,94937.484,13.476008415222168,7.120189366105478e-06,-0.9903209209442139,8.812091048910612e-07,0.028030045330524445,3.6632013689086307e-07,0.0030050065834075212,0.029999999999537418,-1.6659825508539502e-07,-0.0011381418466607507,trajectory,STRAIGHT,3.7252962589263916,13.476008415205534,1.545467421237845e-05
1308,94937.609,13.478880882263184,7.157627806009259e-06,-0.9900020956993103,8.831849934485576e-07,0.028276922181248665,3.6774878253709176e-07,0.0031811303924769163,0.029999999999531502,-1.6766058525238846e-07,-0.0011794361128568754,trajectory,STRAIGHT,3.7261483669281006,13.478880882246344,1.545467421237845e-05
1309,94937.718,13.481860160827637,7.196318620117381e-06,-0.9896680116653442,8.856339347219427e-07,0.028506392613053322,3.691962717766728e-07,0.0031850470695644617,0.029999999999525247,-1.687756534450532e-07,-0.0011964536487221822,trajectory,STRAIGHT,3.72619891166687,13.48186016081058,1.545467421237845e-05
1310,94937.859,13.48477840423584,7.234048098325729e-06,-0.989613950252533,8.883545304618704e-07,0.02870555967092514,3.705879976223514e-07,-0.003633425571024418,0.029999999999519023,-1.6987816352660678e-07,-0.0006823509947797856,trajectory,STRAIGHT,3.7257444858551025,13.484778404218572,1.545467421237845e-05
1311,94937.984,13.487804412841797,7.273034498211928e-06,-0.9901193380355835,8.910360745017e-07,0.02888457477092743,3.719890742104326e-07,-0.005056104157119989,0.02999999999951254,-1.7101865772871494e-07,-0.0005456413905493984,trajectory,STRAIGHT,3.725259780883789,13.487804412824307,1.545467421237845e-05
1312,94938.109,13.49084186553955,7.312165962503059e-06,-0.9903907775878906,8.935532263506336e-07,0.0290391743183136,3.733574658326688e-07,0.0011437745997682214,0.029999999999505998,-1.7216245703002657e-07,-0.001005865937437541,trajectory,STRAIGHT,3.7247800827026367,13.490841865521837,1.545467421237845e-05
1313,94938.25,13.4940767288208,7.353689397859853e-06,-0.9901235103607178,8.961998668905173e-07,0.029180770739912987,3.747880725768482e-07,0.0030085663311183453,0.02999999999949898,-1.7338129636809542e-07,-0.0011564925457696873,trajectory,STRAIGHT,3.7252371311187744,13.494076728802845,1.545467421237845e-05
1314,94938.359,13.497147560119629,7.393111900455551e-06,-0.9897953867912292,8.986841040034291e-07,0.029296137392520905,3.7612468872794125e-07,0.003177015809342265,0.029999999999492252,-1.7454211604618717e-07,-0.0011981115490897964,trajectory,STRAIGHT,3.7267894744873047,13.497147560101444,1.545467421237845e-05
1315,94938.484,13.500130653381348,7.431543963321019e-06,-0.9897788166999817,9.013880964962056e-07,0.029393590986728668,3.774166543735191e-07,-0.003828923450782895,0.029999999999485577,-1.756854693714499e-07,-0.0006384649128421615,trajectory,STRAIGHT,3.7263715267181396,13.500130653362937,1.545467421237845e-05
1316,94938.609,13.503142356872559,7.47010608392884e-06,-0.9902607798576355,9.044416182081372e-07,0.02947726659476757,3.7868719005018647e-07,-0.00487536983564496,0.02999999999947874,-1.7684901045814128e-07,-0.000545788042269697,trajectory,STRAIGHT,3.7258403301239014,13.50314235685392,1.545467421237845e-05
1317,94938.734,13.506157875061035,7.5087964432896115e-06,-0.9904672503471375,9.077463869262169e-07,0.029548969119787216,3.7993623891452444e-07,0.001431815791875124,0.02999999999947177,-1.780273715688946e-07,-0.00101887426914953,trajectory,STRAIGHT,3.726029872894287,13.506157875042163,1.545467421237845e-05
1318,94938.859,13.509262084960938,7.548758276243461e-06,-0.9902052283287048,9.10974757445634e-07,0.0296128299087286,3.81216892719749e-07,0.0030189615208655596,0.029999999999464535,-1.7924243014494492e-07,-0.0011498800110264727,trajectory,STRAIGHT,3.727092981338501,13.509262084941826,1.545467421237845e-05
1319,94938.968,13.512277603149414,7.587706477352185e-06,-0.9898859262466431,9.142724192558003e-07,0.029666302725672722,3.824526970674924e-07,0.0031818461138755083,0.029999999999457388,-1.8043467083222356e-07,-0.0011903824092251158,trajectory,STRAIGHT,3.7274606227874756,13.512277603130064,1.545467421237845e-05
1320,94939.093,13.51529312133789,7.626780188729754e-06,-0.9898874163627625,9.178895404696262e-07,0.0297127366065979,3.8368861510207353e-07,-0.003894438501447439,0.0,0.0,0.0,trajectory_no_feasible,STRAIGHT,3.7269914150238037,13.515293121318301,1.545467421237845e-05
1321,94939.218,13.518132209777832,7.663661563128699e-06,-0.9903329610824585,9.213340583552403e-07,0.02927575819194317,3.8440074945356173e-07,-0.0047748032957315445,0.029999999999443135,-1.8278871207725258e-07,-0.0005454552206080942,trajectory,STRAIGHT,3.7264041900634766,13.518132209758015,1.545467421237845e-05
1322,94939.343,13.520960807800293,7.701718459429685e-06,-0.9905558824539185,9.246324528892332e-07,0.02795686200261116,3.843229592348507e-07,0.0012201890349388123,0.029999999999436,-1.8395630372751307e-07,-0.0009943427316771636,trajectory,STRAIGHT,3.7265398502349854,13.520960807780241,1.545467421237845e-05
1323,94939.453,13.523773193359375,7.740944965917151e-06,-0.9903116226196289,9.280122437648924e-07,0.02731315605342388,3.849036431802233e-07,0.0029854741878807545,0.02999999999942864,-1.8515247404952685e-07,-0.0011379890884731059,trajectory,STRAIGHT,3.7190423011779785,13.523773193339078,1.545467421237845e-05
1324,94939.578,13.526546478271484,7.780255145917181e-06,-0.9899933934211731,9.316410202823921e-07,0.027140691876411438,3.859194066535565e-07,0.00318201445043087,0.029999999999421177,-1.8635779316684042e-07,-0.001180350281281376,trajectory,STRAIGHT,3.7228283882141113,13.526546478250943,1.545467421237845e-05
1325,94939.703,13.529393196105957,7.820844075467903e-06,-0.9899609088897705,9.352966957181834e-07,0.027220549061894417,3.872102638524666e-07,-0.0036930188070982695,0.029999999999413423,-1.8760210551248622e-07,-0.0006459466756862652,trajectory,STRAIGHT,3.7258291244506836,13.529393196085161,1.545467421237845e-05
1326,94939.828,13.53226375579834,7.861574886192102e-06,-0.9904418587684631,9.382999235024995e-07,0.027425985783338547,3.886095782945631e-07,-0.004732104483991861,0.029999999999405676,-1.8883675581788278e-07,-0.0005401988646853717,trajectory,STRAIGHT,3.7267727851867676,13.532263755777286,1.545467421237845e-05
1327,94940.031,13.535158157348633,7.90245394455269e-06,-0.9906712770462036,9.411201987504834e-07,0.027680208906531334,3.900443914517382e-07,0.0013558814534917474,0.029999999999397852,-1.9007607347649138e-07,-0.0009946462244374555,trajectory,STRAIGHT,3.725857734680176,13.535158157327317,1.545467421237845e-05
1328,94940.171,13.540008544921875,7.970530532475095e-06,-0.990197479724884,9.460880362099037e-07,0.02811495214700699,3.924402847133024e-07,0.003167581744492054,0.029999999999384568,-1.9216162427025254e-07,-0.001153197359212549,trajectory,STRAIGHT,3.726560354232788,13.540008544900118,1.545467421237845e-05
1329,94940.281,13.542807579040527,8.009450539248064e-06,-0.9898816347122192,9.490723822265681e-07,0.02834365889430046,3.937847452561982e-07,0.0031932457350194454,0.029999999999376817,-1.9336701494591625e-07,-0.0011918492305388506,trajectory,STRAIGHT,3.726560354232788,13.542807579018515,1.545467421237845e-05
1330,94940.39,13.545623779296875,8.048501513258088e-06,-0.9897541403770447,9.523688000159422e-07,0.028552837669849396,3.9511601812591834e-07,-0.0028072113636881113,0.029999999999368906,-1.9459072380800778e-07,-0.0007320575078685376,trajectory,STRAIGHT,3.726069450378418,13.545623779274605,1.545467421237845e-05
1331,94940.515,13.548456192016602,8.087683454505168e-06,-0.9901882410049438,9.560975690415654e-07,0.02873910777270794,3.9641921034672123e-07,-0.004924130160361528,0.0299999999993608,-1.9583634145403928e-07,-0.0005409989727397056,trajectory,STRAIGHT,3.725543260574341,13.54845619199407,1.545467421237845e-05
1332,94940.64,13.551314353942871,8.126993634505197e-06,-0.9905118346214294,9.597509064216283e-07,0.028902634978294373,3.9769028603586776e-07,0.0004056986654177308,0.02999999999935259,-1.970897762846922e-07,-0.000937741181892282,trajectory,STRAIGHT,3.7250418663024902,13.551314353920075,1.545467421237845e-05
1333,94940.765,13.554178237915039,8.166429324774072e-06,-0.9903112649917603,9.632239357268911e-07,0.029046714305877686,3.9894405290397117e-07,0.002859404543414712,0.029999999999344315,-1.9834559909102258e-07,-0.001129855730246908,trajectory,STRAIGHT,3.725518226623535,13.554178237891977,1.545467421237845e-05
1334,94940.875,13.557064056396484,8.205987796827685e-06,-0.9900079965591431,9.66691961913803e-07,0.029172956943511963,4.0018113622863893e-07,0.0031620922964066267,0.029999999999335922,-1.9961098933324154e-07,-0.001178042057056342,trajectory,STRAIGHT,3.726667642593384,13.55706405637315,1.545467421237845e-05
1335,94941.015,13.560134887695312,8.248075573646929e-06,-0.9896743893623352,9.705523208921136e-07,0.0292892437428236,4.014742955860129e-07,0.0031844021286815405,0.029999999999326867,-2.009675750368981e-07,-0.0012098250396068355,trajectory,STRAIGHT,3.7268753051757812,13.560134887671689,1.545467421237845e-05
1336,94941.125,13.563030242919922,8.287882337754127e-06,-0.9895339012145996,9.743845978419201e-07,0.02938476763665676,4.0268443513014063e-07,-0.0027282238006591797,0.029999999999318183,-2.0225986292443076e-07,-0.000758489515887143,trajectory,STRAIGHT,3.7264389991760254,13.563030242896021,1.545467421237845e-05
1337,94941.25,13.566216468811035,8.331443495990243e-06,-0.9900256395339966,9.787563185194358e-07,0.029474321752786636,4.039833356728195e-07,-0.005148235708475113,0.029999999999308524,-2.0368698568373356e-07,-0.0005403016472920197,trajectory,STRAIGHT,3.725909948348999,13.566216468786829,1.545467421237845e-05
1338,94941.375,13.569143295288086,8.37149673316162e-06,-0.9903662204742432,9.835082065772094e-07,0.029544487595558167,4.05151325821862e-07,0.00033034561784006655,0.029999999999299403,-2.0502589837909036e-07,-0.0009461341833693215,trajectory,STRAIGHT,3.7253684997558594,13.569143295263597,1.545467421237845e-05
1339,94941.5,13.572158813476562,8.4128841990605e-06,-0.9901604652404785,9.88390720237756e-07,0.02960721217095852,4.063465155468293e-07,0.002869098447263241,0.029999999999289893,-2.064126445646006e-07,-0.0011445657807597697,trajectory,STRAIGHT,3.725938081741333,13.572158813451779,1.545467421237845e-05
1340,94941.625,13.575085639953613,8.453171176370233e-06,-0.9898570775985718,9.931734160946746e-07,0.029659954831004143,4.074986463820096e-07,0.003160534892231226,0.029999999999280547,-2.07767396739841e-07,-0.001192085685825599,trajectory,STRAIGHT,3.727055072784424,13.57508563992854,1.545467421237845e-05
1341,94941.734,13.578012466430664,8.493570931022987e-06,-0.9896963834762573,9.977148679165968e-07,0.029705900698900223,4.0864827610676e-07,-0.002404795726761222,0.02999999999927113,-2.0912227711719017e-07,-0.0007682170135484567,trajectory,STRAIGHT,3.727163791656494,13.578012466405298,1.545467421237845e-05
1342,94941.843,13.5808687210083,8.532854735676665e-06,-0.9901062250137329,1.0025456521708569e-06,0.029744436964392662,4.097517773971049e-07,-0.004985884763300419,0.029999999999261787,-2.1045830170507856e-07,-0.0005482945916999748,trajectory,STRAIGHT,3.726651430130005,13.580868720982648,1.545467421237845e-05
1343,94941.968,13.584006309509277,8.575941137678456e-06,-0.9904155135154724,1.0084444104089175e-06,0.02978055737912655,4.1094034486377495e-07,0.0008595847757533193,0.0299999999992513,-2.119478100860701e-07,-0.0009824698049697889,trajectory,STRAIGHT,3.7260630130767822,13.584006309483307,1.545467421237845e-05
1344,94942.109,13.587233543395996,8.620388143754099e-06,-0.9901692867279053,1.0148397523993741e-06,0.029812486842274666,4.1215923829440726e-07,0.0029691308736801147,0.029999999999240308,-2.1349855082378735e-07,-0.0011499626286311181,trajectory,STRAIGHT,3.726564407348633,13.587233543369695,1.545467421237845e-05
1345,94942.234,13.590550422668457,8.666206667840015e-06,-0.9898234009742737,1.0209491716779988e-06,0.02984052710235119,4.1340635448250396e-07,0.00317928334698081,0.029999999999228956,-2.150878585938746e-07,-0.0011948820035331022,trajectory,STRAIGHT,3.727555751800537,13.590550422641815,1.545467421237845e-05
1346,94942.359,13.593598365783691,8.708432687853929e-06,-0.9897254109382629,1.0265973629703e-06,0.029862727969884872,4.1455336940998677e-07,-0.003200862556695938,0.029999999999218378,-2.1655778796663288e-07,-0.0007045591811234541,trajectory,STRAIGHT,3.727407693862915,13.59359836575673,1.545467421237845e-05
1347,94942.484,13.596735954284668,8.752022949920502e-06,-0.9902101159095764,1.032881745601001e-06,0.029882285743951797,4.157227238010819e-07,-0.004990904591977596,0.029999999999207255,-2.1809356830476821e-07,-0.0005414237384841348,trajectory,STRAIGHT,3.726836681365967,13.596735954257376,1.545467421237845e-05
1348,94942.609,13.599783897399902,8.794485438556876e-06,-0.9905657768249512,1.0390768837921942e-06,0.02989850379526615,4.1684538132358284e-07,0.00023375597083941102,0.029999999999196288,-2.195964809398204e-07,-0.0009203280339291496,trajectory,STRAIGHT,3.726217746734619,13.599783897372284,1.545467421237845e-05
1349,94942.734,13.602921485900879,8.838314897730015e-06,-0.990354597568512,1.045541573320734e-06,0.02991289645433426,4.179989900876535e-07,0.002890282543376088,0.029999999999184845,-2.2115475532548152e-07,-0.0011277905045949375,trajectory,STRAIGHT,3.7266998291015625,13.602921485872923,1.545467421237845e-05
1350,94942.859,13.605969429016113,8.881007488525938e-06,-0.9900400638580322,1.051443626485841e-06,0.029924947768449783,4.191174696188682e-07,0.003174931276589632,0.029999999999173667,-2.2266553394153238e-07,-0.001175562888579802,trajectory,STRAIGHT,3.7277331352233887,13.605969428987823,1.545467421237845e-05
1351,94942.984,13.609286308288574,8.92759817361366e-06,-0.989685595035553,1.0574949504129168e-06,0.029936186969280243,4.203300250082975e-07,0.0031908436212688684,0.02999999999916143,-2.2430794221317117e-07,-0.0012083718607623518,trajectory,STRAIGHT,3.7279372215270996,13.60928630825992,1.545467421237845e-05
1352,94943.093,13.611886024475098,8.96420988283353e-06,-0.9895483255386353,1.0619254407958403e-06,0.02994384802877903,4.2128306176891783e-07,-0.002271562349051237,0.029999999999151802,-2.255927887477154e-07,-0.000793809125957039,trajectory,STRAIGHT,3.7273976802825928,13.611886024446154,1.545467421237845e-05
1353,94943.218,13.615023612976074,9.008505912788678e-06,-0.9900007247924805,1.0672532614267184e-06,0.029951853677630424,4.224251881623786e-07,-0.0050875418819487095,0.029999999999140044,-2.2715101665694793e-07,-0.0005519389013803988,trajectory,STRAIGHT,3.7267661094665527,13.615023612946777,1.545467421237845e-05
1354,94943.343,13.618071556091309,9.051650522451382e-06,-0.9903039932250977,1.072549135931325e-06,0.029958482831716537,4.235212429648527e-07,0.0008193388348445296,0.029999999999128443,-2.2867689120412483e-07,-0.000989459117868886,trajectory,STRAIGHT,3.7261228561401367,13.618071556061665,1.545467421237845e-05
1355,94943.468,13.621209144592285,9.096180292544886e-06,-0.9900686144828796,1.0772575904898033e-06,0.02996436320245266,4.246500964200095e-07,0.0029441332444548607,0.029999999999116535,-2.3023419031596224e-07,-0.0011578937716205063,trajectory,STRAIGHT,3.7263715267181396,13.62120914456228,1.545467421237845e-05
1356,94943.609,13.62425708770752,9.139551366388332e-06,-0.9897528290748596,1.0818591793106781e-06,0.029969289898872375,4.2574515646265354e-07,0.0031692262273281813,0.029999999999104816,-2.3175648667831732e-07,-0.001202026985146296,trajectory,STRAIGHT,3.727391004562378,13.624257087677162,1.545467421237845e-05
1357,94943.718,13.627484321594238,9.18559635465499e-06,-0.9896374344825745,1.0869180165969971e-06,0.029973790049552917,4.269082012342551e-07,-0.003245023312047124,0.0299999999990922,-2.333833093782982e-07,-0.0007085242625787202,trajectory,STRAIGHT,3.727438449859619,13.6274843215635,1.545467421237845e-05
1358,94943.859,13.630711555480957,9.231765943695791e-06,-0.9901415109634399,1.0926016766428043e-06,0.02997761219739914,4.280624921193521e-07,-0.0050421240739524364,0.02999999999907928,-2.3503855969886762e-07,-0.0005446198561097925,trajectory,STRAIGHT,3.726872205734253,13.630711555449837,1.545467421237845e-05
1359,94943.984,13.633759498596191,9.275483535020612e-06,-0.9904347658157349,1.0983770819448345e-06,0.029980696737766266,4.2914109599223593e-07,0.0008718525059521198,0.029999999999066825,-2.3662299819528157e-07,-0.0009809390488231017,trajectory,STRAIGHT,3.72623348236084,13.633759498564705,1.545467421237845e-05
1360,94944.109,13.636897087097168,9.320603567175567e-06,-0.9901966452598572,1.1049146437873697e-06,0.029983459040522575,4.302525553612213e-07,0.002958262339234352,0.029999999999053704,-2.382809654477747e-07,-0.0011468797670236507,trajectory,STRAIGHT,3.726519823074341,13.636897087065302,1.545467421237845e-05
1361,94944.234,13.640034675598145,9.365839105157647e-06,-0.9898701310157776,1.1112736035484343e-06,0.029985841363668442,4.313627073315729e-07,0.0031794998794794083,0.029999999999040457,-2.399428678762805e-07,-0.0011913613919070898,trajectory,STRAIGHT,3.727538824081421,13.640034675565895,1.545467421237845e-05
1362,94944.359,13.642903327941895,9.407299330632668e-06,-0.9898093342781067,1.116929069161509e-06,0.029987692832946777,4.323820235185849e-07,-0.003333667293190956,0.02999999999902824,-2.4146577641700404e-07,-0.0006876865158083256,trajectory,STRAIGHT,3.727778673171997,13.64290332790929,1.545467421237845e-05
1363,94944.5,13.646130561828613,9.454060091229621e-06,-0.9903059601783752,1.123151036189362e-06,0.02998948097229004,4.3351943190828024e-07,-0.004894823767244816,0.029999999999014357,-2.4318430516001753e-07,-0.0005406325520943078,trajectory,STRAIGHT,3.7272372245788574,13.646130561795605,1.545467421237845e-05
1364,94944.718,13.651867866516113,9.537488949717954e-06,-0.9903905987739563,1.1339766382076385e-06,0.02999211847782135,4.3552225292842195e-07,0.002875187434256077,0.02999999999898929,-2.462571513392662e-07,-0.0011361925147758921,trajectory,STRAIGHT,3.727811574935913,13.651867866482377,1.545467421237845e-05
1365,94944.843,13.65500545501709,9.583277460478712e-06,-0.9900670647621155,1.1398095687816704e-06,0.029993291944265366,4.3661745507961314e-07,0.0031773694790899754,0.029999999998975357,-2.479485546016522e-07,-0.0011728269300352678,trajectory,STRAIGHT,3.727811574935913,13.655005454982948,1.545467421237845e-05
1366,94944.968,13.658143043518066,9.629180567571893e-06,-0.9897316694259644,1.1456734222694876e-06,0.02999444119632244,4.377100140118273e-07,0.0031932403799146414,0.02999999999896124,-2.496505390876254e-07,-0.001205074154778144,trajectory,STRAIGHT,3.7281124591827393,13.658143043483516,1.545467421237845e-05
1367,94945.093,13.661101341247559,9.672566193330567e-06,-0.9896640777587891,1.1509587235077234e-06,0.02999529056251049,4.3874425159629027e-07,-0.003428176511079073,0.02999999999894783,-2.512568791725514e-07,-0.0006934690550752786,trajectory,STRAIGHT,3.72758150100708,13.66110134121262,1.545467421237845e-05
1368,94945.218,13.664149284362793,9.717373359308112e-06,-0.9901450276374817,1.1562901814674994e-06,0.029995987191796303,4.3980148234368244e-07,-0.005028229672461748,0.02999999999893388,-2.5291758188778405e-07,-0.0005443855523671248,trajectory,STRAIGHT,3.7269389629364014,13.664149284327449,1.545467421237845e-05
1369,94945.328,13.667197227478027,9.762287845660467e-06,-0.9904534220695496,1.1614899900520562e-06,0.029996683821082115,4.4084828232371365e-07,0.0007298378623090684,0.029999999998919783,-2.5458361486477704e-07,-0.0009684906321858766,trajectory,STRAIGHT,3.726287603378296,13.667197227442275,1.545467421237845e-05
1370,94945.453,13.670245170593262,9.807307833398227e-06,-0.9902302622795105,1.1666425049124008e-06,0.029997380450367928,4.418962475938315e-07,0.002922635292634368,0.029999999998905538,-2.5625753154620934e-07,-0.0011415294750511595,trajectory,STRAIGHT,3.726571798324585,13.670245170557095,1.545467421237845e-05
1371,94945.578,13.673203468322754,9.851108188740909e-06,-0.989924430847168,1.171648250072493e-06,0.0299980565905571,4.429126647664816e-07,0.0031713531352579594,0.029999999998891535,-2.5789139669840113e-07,-0.0011865183912290445,trajectory,STRAIGHT,3.7275888919830322,13.673203468286182,1.545467421237845e-05
1372,94945.703,13.67634105682373,9.897670679492876e-06,-0.9898338913917542,1.177123635723044e-06,0.029998578131198883,4.4399473608791595e-07,-0.003301133867353201,0.02999999999887646,-2.5963895682958003e-07,-0.0006732464037908425,trajectory,STRAIGHT,3.7278225421905518,13.676341056786725,1.545467421237845e-05
1373,94945.828,13.679299354553223,9.941678399627563e-06,-0.9902854561805725,1.1823570956777903e-06,0.02999880164861679,4.450073731732118e-07,-0.00488682696595788,0.02999999999886205,-2.612980818559342e-07,-0.0005412190864009991,trajectory,STRAIGHT,3.7272789478302,13.679299354515804,1.545467421237845e-05
1374,94945.937,13.682526588439941,9.989797945308965e-06,-0.990595281124115,1.1880665623583595e-06,0.029999002814292908,4.461012679257692e-07,0.0009240521467290819,0.029999999998846148,-2.631182675259625e-07,-0.0009707679940040791,trajectory,STRAIGHT,3.7266366481781006,13.682526588402068,1.545467421237845e-05
1375,94946.078,13.68575382232666,1.0038037544291e-05,-0.9903457760810852,1.193778302772839e-06,0.029999203979969025,4.471958447993529e-07,0.0029835717286914587,0.02999999999883003,-2.64949359850566e-07,-0.0011343990516681868,trajectory,STRAIGHT,3.7269041538238525,13.685753822288326,1.545467421237845e-05
1376,94946.203,13.688712120056152,1.0082359040097799e-05,-0.9900369644165039,1.199011876347818e-06,0.0299993883818388,4.481985058646387e-07,0.0031825117766857147,0.029999999998815075,-2.6663730274716725e-07,-0.001176711690551273,trajectory,STRAIGHT,3.727893114089966,13.68871212001739,1.545467421237845e-05
1377,94946.312,13.691580772399902,1.0125432709173765e-05,-0.9897302389144897,1.2040868567841602e-06,0.029999567195773125,4.491685388074984e-07,0.0031914759892970324,0.029999999998800403,-2.6828289107446994e-07,-0.0012063263662181634,trajectory,STRAIGHT,3.728111743927002,13.691580772360723,1.545467421237845e-05
1378,94946.437,13.694718360900879,1.0172651855100412e-05,-0.9896641969680786,1.2096376166364088e-06,0.029999762773513794,4.502337560552405e-07,-0.003589177504181862,0.02999999999878417,-2.700927357058096e-07,-0.0006671761840604084,trajectory,STRAIGHT,3.7275638580322266,13.69471836086124,1.545467421237845e-05
1379,94946.562,13.697855949401855,1.0219981049885973e-05,-0.9901642799377441,1.215188376488656e-06,0.029999958351254463,4.512906457421195e-07,-0.005012258887290955,0.029999999998767724,-2.7191303509532154e-07,-0.0005446953651691755,trajectory,STRAIGHT,3.7269210815429688,13.697855949361749,1.545467421237845e-05
1380,94946.781,13.700993537902832,1.0267423022014555e-05,-0.9904325604438782,1.220739136340902e-06,0.030000153928995132,4.523368772879621e-07,0.0011576603865250945,0.029999999998751067,-2.7374392801268514e-07,-0.0010029140631524556,trajectory,STRAIGHT,3.7262682914733887,13.700993537862255,1.545467421237845e-05
1381,94946.921,13.706551551818848,1.0351732271374203e-05,-0.9899311661720276,1.230317479809642e-06,0.03000050038099289,4.5419238858812605e-07,0.0031656830105930567,0.029999999998721133,-2.770056554509253e-07,-0.0011768442225956854,trajectory,STRAIGHT,3.7278003692626953,13.706551551777425,1.545467421237845e-05
1382,94947.046,13.709599494934082,1.0398112863185816e-05,-0.9897940158843994,1.2353569899717482e-06,0.030000649392604828,4.552131258606096e-07,-0.002771664410829544,0.029999999998704487,-2.7880223464354084e-07,-0.0007307323468618421,trajectory,STRAIGHT,3.7278003692626953,13.709599494892188,1.545467421237845e-05
1383,94947.171,13.7128267288208,1.0447335625940468e-05,-0.9902753829956055,1.240644792193723e-06,0.03000076301395893,4.5628681277776195e-07,-0.004966472275555134,0.02999999999868666,-2.807141985641326e-07,-0.0005371022278724258,trajectory,STRAIGHT,3.7272560596466064,13.712826728778403,1.545467421237845e-05
1384,94947.296,13.716143608093262,1.0498044503037818e-05,-0.9905902147293091,1.2460794778106035e-06,0.030000826343894005,4.573787748540781e-07,0.0010346691124141216,0.029999999998668096,-2.8269123434596497e-07,-0.0009803130283705553,trajectory,STRAIGHT,3.726614475250244,13.716143608050341,1.545467421237845e-05
1385,94947.406,13.719101905822754,1.0543374628468882e-05,-0.9903624653816223,1.2511520708505773e-06,0.030000826343894005,4.5835327000531834e-07,0.002947532804682851,0.029999999998651265,-2.8447164500456624e-07,-0.0011309039601559178,trajectory,STRAIGHT,3.726879835128784,13.719101905779361,1.545467421237845e-05
1386,94947.531,13.722149848937988,1.059017904481152e-05,-0.9900456070899963,1.2561823723727088e-06,0.03000076860189438,4.593564710830833e-07,0.0031802430748939514,0.02999999999863377,-2.8631037532561245e-07,-0.0011753651609463622,trajectory,STRAIGHT,3.727879285812378,13.722149848894105,1.545467421237845e-05
1387,94947.656,13.725197792053223,1.0637084415066056e-05,-0.989719808101654,1.2613936633356882e-06,0.030000705271959305,4.603571710504184e-07,0.003190804971382022,0.029999999998616012,-2.881649819574017e-07,-0.0012064146880371139,trajectory,STRAIGHT,3.728109359741211,13.725197792008844,1.545467421237845e-05
1388,94947.781,13.7283353805542,1.0685478628147393e-05,-0.9896745085716248,1.2667335341062691e-06,0.03000064007937908,4.6139140863488137e-07,-0.003744513029232621,0.029999999998597517,-2.900844764553942e-07,-0.0006538542244894073,trajectory,STRAIGHT,3.72756028175354,13.728335380509305,1.545467421237845e-05
1389,94947.906,13.731472969055176,1.0733979252108838e-05,-0.9901782274246216,1.272121153344832e-06,0.03000057488679886,4.6241714812822465e-07,-0.0049890209920704365,0.029999999998578775,-2.920166229043336e-07,-0.0005454041950745924,trajectory,STRAIGHT,3.7269182205200195,13.731472969009761,1.545467421237845e-05
1390,94948.031,13.734341621398926,1.0778416253742762e-05,-0.9904358386993408,1.2770469766486656e-06,0.030000515282154083,4.6334551484505937e-07,0.0008921976550482213,0.029999999998561424,-2.937930566899053e-07,-0.0009809006370392846,trajectory,STRAIGHT,3.726266384124756,13.734341621353032,1.545467421237845e-05
1391,94948.156,13.737479209899902,1.0827122423506808e-05,-0.9901970028877258,1.2824345958872387e-06,0.03000045008957386,4.643625857170264e-07,0.0029568325262516737,0.029999999998542224,-2.9574695782960346e-07,-0.0011467003856053303,trajectory,STRAIGHT,3.726552963256836,13.737479209853477,1.545467421237845e-05
1392,94948.265,13.740527153015137,1.0874538929783739e-05,-0.9898803234100342,1.2878034567922969e-06,0.030000386759638786,4.653495011552877e-07,0.003174555255100131,0.029999999998523305,-2.976600673521737e-07,-0.0011904404972484528,trajectory,STRAIGHT,3.7275657653808594,13.740527152968191,1.545467421237845e-05
1393,94948.39,13.743664741516113,1.0923454283329193e-05,-0.9898309111595154,1.2933542166361413e-06,0.030000321567058563,4.663697268370015e-07,-0.0036321841180324554,0.02999999999850358,-2.9964153363148694e-07,-0.0006483719599237859,trajectory,STRAIGHT,3.7277934551239014,13.743664741468626,1.545467421237845e-05
1394,94948.5,13.746623039245605,1.096967298508389e-05,-0.9902899861335754,1.298671804780497e-06,0.03000026009976864,4.6732384362258017e-07,-0.0048462706618011,0.029999999998484732,-3.0152297430222427e-07,-0.0005443679680453017,trajectory,STRAIGHT,3.7272493839263916,13.746623039197601,1.545467421237845e-05
1395,94948.64,13.749402046203613,1.1013176845153794e-05,-0.9905574321746826,1.3037398503198128e-06,0.030000202357769012,4.6821131149954454e-07,0.0006314704660326242,0.029999999998466795,-3.0330206111479894e-07,-0.00094905497707784,trajectory,STRAIGHT,3.72660756111145,13.74940204615512,1.545467421237845e-05
1396,94948.765,13.752718925476074,1.1065209037042223e-05,-0.9903116822242737,1.309782646797028e-06,0.030000168830156326,4.692719244303589e-07,0.0029669106006622314,0.029999999998445135,-3.054373966622406e-07,-0.0011364329662832172,trajectory,STRAIGHT,3.726832151412964,13.752718925426992,1.545467421237845e-05
1397,94948.89,13.75585651397705,1.111453639168758e-05,-0.9899846911430359,1.3155824945080694e-06,0.030000168830156326,4.7027404548316554e-07,0.003181618871167302,0.029999999998424346,-3.074720060496662e-07,-0.0011807511313479057,trajectory,STRAIGHT,3.727813243865967,13.755856513927405,1.545467421237845e-05
1398,94949.015,13.758904457092285,1.1162554073962383e-05,-0.9899415373802185,1.3212143130730946e-06,0.030000168830156326,4.712516386007337e-07,-0.003561908844858408,0.029999999998403904,-3.0945983188259334e-07,-0.0006577862030319326,trajectory,STRAIGHT,3.728024959564209,13.758904457042087,1.545467421237845e-05
1399,94949.14,13.76195240020752,1.1210672710149083e-05,-0.9904069304466248,1.3268461316381308e-06,0.030000168830156326,4.722211315311142e-07,-0.004761366173624992,0.02999999999838322,-3.114590597405486e-07,-0.0005404550328593416,trajectory,STRAIGHT,3.7274773120880127,13.761952400156762,1.545467421237845e-05
1400,94949.265,13.765000343322754,1.1258889571763575e-05,-0.9906426668167114,1.3324897736346551e-06,0.030000168830156326,4.7318098950199783e-07,0.001226702006533742,0.029999999998362274,-3.1347006246708713e-07,-0.0009872762347094886,trajectory,STRAIGHT,3.7270500659942627,13.765000343271433,1.545467421237845e-05
1401,94949.39,13.768227577209473,1.1310048648738302e-05,-0.9903801679611206,1.3385388228986511e-06,0.030000168830156326,4.741988846035383e-07,0.003015002468600869,0.0299999999983398,-3.1561407652814984e-07,-0.0011331130049641392,trajectory,STRAIGHT,3.7270500659942627,13.768227577157548,1.545467421237845e-05
1402,94949.515,13.771454811096191,1.1361317774571944e-05,-0.9900416135787964,1.3445878721626323e-06,0.030000168830156326,4.752151596676413e-07,0.0031882186885923147,0.029999999998317022,-3.177710885918603e-07,-0.0011754254883282523,trajectory,STRAIGHT,3.7282166481018066,13.771454811043657,1.545467421237845e-05
1403,94949.64,13.774502754211426,1.1409840226406232e-05,-0.9897153973579407,1.3503008631341568e-06,0.030000168830156326,4.761724028412573e-07,0.003188792383298278,0.029999999998295244,-3.198203078664414e-07,-0.0012066495906250907,trajectory,STRAIGHT,3.7276663780212402,13.774502754158311,1.545467421237845e-05
1404,94949.765,13.777819633483887,1.146275462815538e-05,-0.9896941184997559,1.3565179415443297e-06,0.030000168830156326,4.772179522660736e-07,-0.004021065309643745,0.02999999999827125,-3.2206369653811476e-07,-0.0006452504914340639,trajectory,STRAIGHT,3.7270255088806152,13.777819633430132,1.545467421237845e-05
1405,94949.89,13.780867576599121,1.1511479897308163e-05,-0.9901854395866394,1.3622285450912832e-06,0.030000168830156326,4.781703637490864e-07,-0.004929100163280964,0.02999999999824891,-3.2413747591178834e-07,-0.0005489760960272438,trajectory,STRAIGHT,3.7263734340667725,13.780867576544773,1.545467421237845e-05
1406,94950.015,13.783915519714355,1.1560302482394036e-05,-0.9903958439826965,1.3679415360573975e-06,0.030000168830156326,4.791132255377306e-07,0.0014151502400636673,0.029999999998226307,-3.262232641259408e-07,-0.0010244198622647793,trajectory,STRAIGHT,3.726388454437256,13.78391551965941,1.545467421237845e-05
1407,94950.125,13.78696346282959,1.1609220564423595e-05,-0.9901440143585205,1.3736545270235286e-06,0.030000168830156326,4.800582473762915e-07,0.0029991769697517157,0.02999999999820342,-3.283210345543348e-07,-0.001154493709535006,trajectory,STRAIGHT,3.727370262145996,13.786963462774038,1.545467421237845e-05
1408,94950.265,13.790011405944824,1.1658235052891541e-05,-0.9898258447647095,1.3793675179896774e-06,0.030000168830156326,4.810017344425432e-07,0.003175461431965232,0.029999999998180257,-3.304309002956923e-07,-0.0011955638804874026,trajectory,STRAIGHT,3.727790355682373,13.790011405888661,1.545467421237845e-05
1409,94950.39,13.793059349060059,1.170734776678728e-05,-0.9897673726081848,1.3850112736779997e-06,0.030000168830156326,4.819486889573454e-07,-0.003523701336234808,0.02999999999815683,-3.32550921139467e-07,-0.000676526677795417,trajectory,STRAIGHT,3.7272868156433105,13.793059349003277,1.545467421237845e-05
1410,94950.531,13.79637622833252,1.1760902452806477e-05,-0.9902934432029724,1.3910779444019226e-06,0.030000168830156326,4.829709610021382e-07,-0.004961123690009117,0.029999999998131036,-3.3486968063944204e-07,-0.0005377971265075898,trajectory,STRAIGHT,3.7266533374786377,13.79637622827506,1.545467421237845e-05
1411,94950.656,13.799603462219238,1.1813117453129962e-05,-0.9906575679779053,1.3969550991660663e-06,0.030000168830156326,4.839558869207394e-07,0.00044054596219211817,0.029999999998105622,-3.371390309541842e-07,-0.0009286224116535379,trajectory,STRAIGHT,3.726536273956299,13.799603462161112,1.545467421237845e-05
1412,94950.781,13.802830696105957,1.1865438864333555e-05,-0.990428626537323,1.4028322539302022e-06,0.030000168830156326,4.849400738748955e-07,0.002935075433924794,0.029999999998079875,-3.3942233230963103e-07,-0.0011236415385701948,trajectory,STRAIGHT,3.7274980545043945,13.802830696047156,1.545467421237845e-05
1413,94950.906,13.805878639221191,1.1914950846403372e-05,-0.9901121258735657,1.4083829000963228e-06,0.030000165104866028,4.858692932430131e-07,0.0031814556568861008,0.029999999998055256,-3.415916856727266e-07,-0.0011692308041719812,trajectory,STRAIGHT,3.7283146381378174,13.805878639161747,1.545467421237845e-05
1414,94951.031,13.80910587310791,1.1967479622398969e-05,-0.9897670149803162,1.4143840871958922e-06,0.03000013530254364,4.868505243393884e-07,0.003192791249603033,0.029999999998028805,-3.439061714059162e-07,-0.001201292117210938,trajectory,STRAIGHT,3.727978467941284,13.809105873047779,1.545467421237845e-05
1415,94951.156,13.812243461608887,1.201865143229952e-05,-0.9896997213363647,1.420265107306005e-06,0.03000013530254364,4.878079380432609e-07,-0.003565688617527485,0.02999999999800275,-3.461714624851064e-07,-0.0006791337306319744,trajectory,STRAIGHT,3.7273597717285156,13.81224346154808,1.545467421237845e-05
1416,94951.265,13.815112113952637,1.206552315125009e-05,-0.9901583194732666,1.4257769862614146e-06,0.03000013530254364,4.886763349531975e-07,-0.005052425432950258,0.029999999997978602,-3.482584941171534e-07,-0.0005402200351939257,trajectory,STRAIGHT,3.7267093658447266,13.815112113891207,1.545467421237845e-05
1417,94951.406,13.818249702453613,1.2116885045543313e-05,-0.9904460310935974,1.4319842876022515e-06,0.03000013530254364,4.89616638787993e-07,0.0010238182730972767,0.029999999997951797,-3.5055966386718246e-07,-0.000991794911516215,trajectory,STRAIGHT,3.7262425422668457,13.818249702391494,1.545467421237845e-05
1418,94951.531,13.821566581726074,1.2171288290119264e-05,-0.9901837706565857,1.4385462918768423e-06,0.03000013530254364,4.906113986180571e-07,0.0029994973447173834,0.029999999997923098,-3.530072831885253e-07,-0.0011503275902696652,trajectory,STRAIGHT,3.7270736694335938,13.82156658166322,1.545467421237845e-05
1419,94951.656,13.824614524841309,1.2221378710819408e-05,-0.9898653030395508,1.4445762417507831e-06,0.03000013530254364,4.915243039249617e-07,0.0031777075491845608,0.029999999997896386,-3.5527015442710547e-07,-0.0011920247841304575,trajectory,STRAIGHT,3.72790789604187,13.824614524777772,1.545467421237845e-05
1420,94951.781,13.827662467956543,1.2271561899979133e-05,-0.9897292256355286,1.4506061916247171e-06,0.03000013530254364,4.924398808725527e-07,-0.002812794642522931,0.029999999997869342,-3.575462253819193e-07,-0.0007335737774289741,trajectory,STRAIGHT,3.7275779247283936,13.827662467892317,1.545467421237845e-05
1421,94951.906,13.83080005645752,1.2323317605478223e-05,-0.9901994466781616,1.4567769994861428e-06,0.03000013530254364,4.933759782943525e-07,-0.0049994103610515594,0.029999999997841177,-3.5990203218126457e-07,-0.0005411092185777522,trajectory,STRAIGHT,3.726961612701416,13.830800056392576,1.545467421237845e-05
1422,94952.031,13.833847999572754,1.2373689060041215e-05,-0.9905252456665039,1.4626484699041638e-06,0.03000013530254364,4.942757527715003e-07,0.0005669508827850223,0.029999999997813515,-3.622004548251968e-07,-0.000949478717170985,trajectory,STRAIGHT,3.7263646125793457,13.833847999507107,1.545467421237845e-05
1423,94952.156,13.836806297302246,1.2422667168721091e-05,-0.9903175830841064,1.4683472500158182e-06,0.03000013530254364,4.951494929628097e-07,0.002884581917896867,0.029999999997786343,-3.644441869755786e-07,-0.001130965078259355,trajectory,STRAIGHT,3.727013111114502,13.83680629723591,1.545467421237845e-05
1424,94952.265,13.839674949645996,1.2470243746065535e-05,-0.9900225400924683,1.473887664364964e-06,0.03000013530254364,4.95995948313066e-07,0.0031667002476751804,0.029999999997759673,-3.6663258763421196e-07,-0.0011774060615722158,trajectory,STRAIGHT,3.7279856204986572,13.839674949578987,1.545467421237845e-05
1425,94952.39,13.842991828918457,1.2525353668024763e-05,-0.9896687865257263,1.480285504848802e-06,0.03000013530254364,4.969719498149061e-07,0.003188180970028043,0.029999999997728465,-3.691777581443617e-07,-0.0011968121976975422,trajectory,STRAIGHT,3.7278330326080322,13.842991828850659,1.545467421237845e-05
1426,94952.515,13.846039772033691,1.257609164895257e-05,-0.989536702632904,1.4859984958181457e-06,0.03000013530254364,4.978714969183784e-07,-0.00293216691352427,0.02999999999769947,-3.7152601445199524e-07,-0.0007422800408711284,trajectory,STRAIGHT,3.727236747741699,13.846039771965163,1.545467421237845e-05
1427,94952.64,13.848998069763184,1.2625424460566137e-05,-0.9899865388870239,1.4915434576413312e-06,0.03000013530254364,4.987385864296812e-07,-0.0050913081504404545,0.029999999997670994,-3.7381850060446935e-07,-0.0005528573075254927,trajectory,STRAIGHT,3.7265872955322266,13.84899806969394,1.545467421237845e-05
1428,94952.75,13.851866722106934,1.267334482690785e-05,-0.9904685616493225,1.4969203903183587e-06,0.03000013530254364,4.995745825908671e-07,-0.004731711000204086,0.02999999999764305,-3.7605413633445377e-07,-0.0005377696746726234,trajectory,STRAIGHT,3.725977659225464,13.851866722036988,1.545467421237845e-05
1429,94952.875,13.854914665222168,1.2724347470793873e-05,-0.9907603859901428,1.5026333812876993e-06,0.03000013530254364,5.004559966437228e-07,0.0007315721013583243,0.02999999999761301,-3.784431730884877e-07,-0.0009390733894108071,trajectory,STRAIGHT,3.7266128063201904,13.85491466515147,1.545467421237845e-05
1430,94953.0,13.858141899108887,1.2778447853634134e-05,-0.9905184507369995,1.5086824305493534e-06,0.03000013530254364,5.013890813643229e-07,0.002972744405269623,0.029999999997580795,-3.80988209385798e-07,-0.0011304639363808767,trajectory,STRAIGHT,3.7276487350463867,13.858141899037385,1.545467421237845e-05
1431,94953.125,13.861189842224121,1.2829635124944616e-05,-0.9902000427246094,1.514395421518692e-06,0.03000013530254364,5.02269529079058e-07,0.00319134839810431,0.02999999999754999,-3.834065909987622e-07,-0.00116168180956411,trajectory,STRAIGHT,3.7285091876983643,13.861189842151854,1.545467421237845e-05
1432,94953.25,13.864148139953613,1.287940267502563e-05,-0.9898833632469177,1.5199403833418726e-06,0.03000013530254364,5.031217824580381e-07,0.0031996951438486576,0.029999999997519722,-3.857676418750541e-07,-0.0011921662040430003,trajectory,STRAIGHT,3.728241443634033,13.864148139880594,1.545467421237845e-05
1433,94953.359,13.867375373840332,1.2933791367686354e-05,-0.989783525466919,1.5259894326035231e-06,0.03000013530254364,5.040542419010308e-07,-0.003332793712615967,0.02999999999748629,-3.8835897362716887e-07,-0.0006884657579826314,trajectory,STRAIGHT,3.7276298999786377,13.867375373766485,1.545467421237845e-05
1434,94953.484,13.870333671569824,1.2983735359739512e-05,-0.9902369379997253,1.5315343944267019e-06,0.03000013530254364,5.049024025538529e-07,-0.004911415744572878,0.029999999997455253,-3.907487854953207e-07,-0.0005438896800110338,trajectory,STRAIGHT,3.7269790172576904,13.87033367149521,1.545467421237845e-05
1435,94953.609,13.8734712600708,1.3036798918619752e-05,-0.9905350208282471,1.5374154145421935e-06,0.03000013530254364,5.057928547103074e-07,0.0009089948143810034,0.029999999997421936,-3.932986627993582e-07,-0.000974707066590178,trajectory,STRAIGHT,3.7264180183410645,13.873471259995366,1.545467421237845e-05
1436,94953.75,13.87633991241455,1.3085395949019585e-05,-0.9903215169906616,1.5427923472192133e-06,0.03000013530254364,5.066074777460017e-07,0.002908003516495228,0.0299999999973911,-3.9564376173165674e-07,-0.0011322128409443132,trajectory,STRAIGHT,3.727123975753784,13.87633991233836,1.545467421237845e-05
1437,94953.859,13.879298210144043,1.3135591871105134e-05,-0.9900161623954773,1.5483373090423891e-06,0.03000013530254364,5.074464866083872e-07,0.003170279785990715,0.029999999997358924,-3.980760019716697e-07,-0.0011778385545373115,trajectory,STRAIGHT,3.7280449867248535,13.879298210067063,1.545467421237845e-05
1438,94953.968,13.882346153259277,1.3187395779823419e-05,-0.9896919131278992,1.5540503000117208e-06,0.03000013530254364,5.083084033685736e-07,0.0031871958635747433,0.02999999999732537,-4.005968248074247e-07,-0.00119540430412294,trajectory,STRAIGHT,3.727827548980713,13.882346153181476,1.545467421237845e-05
1439,94954.093,13.885214805603027,1.3236233826319221e-05,-0.9896161556243896,1.559427232688738e-06,0.03000013530254364,5.091226853437547e-07,-0.003288178239017725,0.02999999999729341,-4.0298329107487125e-07,-0.0007088108955526495,trajectory,STRAIGHT,3.7272233963012695,13.885214805524448,1.545467421237845e-05
1440,94954.218,13.888352394104004,1.3289740309119225e-05,-0.9901071786880493,1.5653082528042245e-06,0.03000013530254364,5.100060320728517e-07,-0.005051411688327789,0.02999999999725802,-4.056090635206229e-07,-0.0005465279079576247,trajectory,STRAIGHT,3.726576566696167,13.888352394024565,1.545467421237845e-05
1441,94954.343,13.89148998260498,1.3343338650884107e-05,-0.990398645401001,1.57118927291971e-06,0.03000013530254364,5.1087982910758e-07,0.0010047043906524777,0.029999999997222183,-4.0825118748530666e-07,-0.001016443858628463,trajectory,STRAIGHT,3.726116180419922,13.891489982524671,1.545467421237845e-05
1442,94954.468,13.894448280334473,1.3393957488005981e-05,-0.9901728630065918,1.5767342347428809e-06,0.03000013530254364,5.117046839586692e-07,0.0029347529634833336,0.029999999997187974,-4.1075741086449e-07,-0.0011477743341656666,trajectory,STRAIGHT,3.726943254470825,13.894448280253338,1.545467421237845e-05
1443,94954.578,13.897496223449707,1.3446196135191713e-05,-0.9898573160171509,1.5824472257122075e-06,0.03000013530254364,5.125528446114913e-07,0.0031708262395113707,0.02999999999715229,-4.1335505146609326e-07,-0.0011923526328373347,trajectory,STRAIGHT,3.7278077602386475,13.897496223367712,1.545467421237845e-05
1444,94954.718,13.900723457336426,1.3501600733434316e-05,-0.9897989630699158,1.5884962749738464e-06,0.03000013530254364,5.134540401741106e-07,-0.0036479963455349207,0.029999999997114033,-4.161226998033055e-07,-0.0006636215143667245,trajectory,STRAIGHT,3.7275009155273438,13.90072345725351,1.545467421237845e-05
1445,94954.843,13.903950691223145,1.355710355710471e-05,-0.9903131723403931,1.5945453242354845e-06,0.03000013530254364,5.143476755620213e-07,-0.0049356576055288315,0.02999999999707526,-4.1890826627418276e-07,-0.000537460681798293,trajectory,STRAIGHT,3.7268869876861572,13.9039506911393,1.545467421237845e-05
1446,94954.968,13.906998634338379,1.3609610505227465e-05,-0.9906119704246521,1.600258315204808e-06,0.03000013530254364,5.151829896021809e-07,0.0007759415311738849,0.02999999999703818,-4.215556039672069e-07,-0.0009568675425866323,trajectory,STRAIGHT,3.726424217224121,13.906998634253648,1.545467421237845e-05
1447,94955.093,13.910046577453613,1.3662203855346888e-05,-0.9903865456581116,1.6059713061741305e-06,0.03000013530254364,5.16018474172597e-07,0.0029349150136113167,0.029999999997000638,-4.2421916726824805e-07,-0.0011277351358235088,trajectory,STRAIGHT,3.7272396087646484,13.910046577367988,1.545467421237845e-05
1448,94955.203,13.913094520568848,1.3714881788473576e-05,-0.990070104598999,1.611684297143452e-06,0.03000013530254364,5.168529355614737e-07,0.0031803708989173174,0.029999999996962616,-4.268990424723062e-07,-0.0011730930417255248,trajectory,STRAIGHT,3.7281835079193115,13.913094520482318,1.545467421237845e-05
1449,94955.343,13.916321754455566,1.3770750229014084e-05,-0.9897250533103943,1.6177333464050855e-06,0.03000013530254364,5.177338380235597e-07,0.003191712312400341,0.029999999996921847,-4.2975447904835837e-07,-0.0012051492226942849,trajectory,STRAIGHT,3.7279908657073975,13.91632175436807,1.545467421237845e-05
1450,94955.468,13.91972827911377,1.3829826457367744e-05,-0.9896103739738464,1.6241184539590308e-06,0.03000013530254364,5.186659564060392e-07,-0.0034365078900009394,0.029999999996878236,-4.327887713417515e-07,-0.000695778276424298,trajectory,STRAIGHT,3.727388620376587,13.919728279025243,1.545467421237845e-05
1451,94955.593,13.922865867614746,1.3884331565350294e-05,-0.9901084303855896,1.6299994740745053e-06,0.03000013530254364,5.195176413508307e-07,-0.005065757781267166,0.029999999996837515,-4.3560200618728955e-07,-0.0005455715330716103,trajectory,STRAIGHT,3.7267396450042725,13.92286586752526,1.545467421237845e-05
1452,94955.734,13.926003456115723,1.3938925803813618e-05,-0.9903814196586609,1.6358804941899792e-06,0.03000013530254364,5.203601176617667e-07,0.0011398011120036244,0.02999999999679627,-4.38433137112531e-07,-0.0010064949572385973,trajectory,STRAIGHT,3.726095676422119,13.926003456025269,1.545467421237845e-05
1453,94955.859,13.9291410446167,1.3993610082252417e-05,-0.990132212638855,1.6417615143054518e-06,0.03000013530254364,5.212036171542422e-07,0.002982864622026682,0.029999999996754498,-4.412823469019981e-07,-0.0011544122425160628,trajectory,STRAIGHT,3.7266125679016113,13.929141044525267,1.545467421237845e-05
1454,94955.968,13.932099342346191,1.4045250281924382e-05,-0.9898242354393005,1.6473064761286108e-06,0.03000013530254364,5.219974354986334e-07,0.0031740807462483644,0.029999999996714613,-4.439853979809848e-07,-0.0011960521567498416,trajectory,STRAIGHT,3.727635145187378,13.932099342253828,1.545467421237845e-05
1455,94956.093,13.935236930847168,1.4100104635872412e-05,-0.9897167682647705,1.6531874962440813e-06,0.03000013530254364,5.228416171121353e-07,-0.003200660925358534,0.029999999996671786,-4.468700526812998e-07,-0.0007049708003157083,trajectory,STRAIGHT,3.72762393951416,13.935236930753808,1.545467421237845e-05
1456,94956.218,13.938464164733887,1.4156618817651179e-05,-0.9902166128158569,1.6592365455057069e-06,0.03000013530254364,5.237032496552274e-07,-0.0049975719302892685,0.029999999996627155,-4.498564440209151e-07,-0.0005409450434948748,trajectory,STRAIGHT,3.7270402908325195,13.938464164639491,1.545467421237845e-05
1457,94956.343,13.941422462463379,1.4208506399882026e-05,-0.9905254244804382,1.6647815073288627e-06,0.03000013530254364,5.244845624474692e-07,0.0005798403290100396,0.029999999996585716,-4.5261134326029707e-07,-0.0009497470923914275,trajectory,STRAIGHT,3.7263951301574707,13.941422462368024,1.545467421237845e-05
1458,94956.468,13.944470405578613,1.4262045624491293e-05,-0.9903082847595215,1.6704944982981741e-06,0.03000013530254364,5.252900336927269e-07,0.0029084321577101946,0.02999999999654249,-4.554671537768924e-07,-0.0011468914247332773,trajectory,STRAIGHT,3.7267181873321533,13.94447040548226,1.545467421237845e-05
1459,94956.578,13.94760799407959,1.4317244676931296e-05,-0.9899836778640747,1.6763755184136404e-06,0.03000013530254364,5.261176738713402e-07,0.0031769429333508015,0.029999999996497433,-4.5842562788730156e-07,-0.0011805769177272672,trajectory,STRAIGHT,3.727729082107544,13.947607993982201,1.545467421237845e-05
1460,94956.718,13.950655937194824,1.437095215806039e-05,-0.9899010062217712,1.6821513782026617e-06,0.030000099912285805,5.269241682981374e-07,-0.0032624162267893553,0.029999999996453062,-4.61319836551409e-07,-0.0006838166678868485,trajectory,STRAIGHT,3.7279605865478516,13.950655937096418,1.545467421237845e-05
1461,94956.937,13.953972816467285,1.4429489965550601e-05,-0.9904056787490845,1.6885409195393327e-06,0.030000099912285805,5.277947252579906e-07,-0.0048378645442426205,0.0299999999964041,-4.644931772701064e-07,-0.0005361776475694246,trajectory,STRAIGHT,3.72741436958313,13.953972816367761,1.545467421237845e-05
1462,94957.078,13.959710121154785,1.4530970474879723e-05,-0.9910803437232971,1.6996518752452777e-06,0.030000099912285805,5.292858986649662e-07,0.001230627647601068,0.02999999999631778,-4.700353655676849e-07,-0.000965761408149599,trajectory,STRAIGHT,3.7270331382751465,13.9597101210533,1.545467421237845e-05
1463,94957.203,13.96275806427002,1.458499718864914e-05,-0.9908339977264404,1.7057629975221115e-06,0.030000099912285805,5.300755105963617e-07,0.0030085539910942316,0.029999999996270982,-4.7301267535853183e-07,-0.0010906853415855078,trajectory,STRAIGHT,3.728010416030884,13.962758064167478,1.545467421237845e-05
1464,94957.312,13.965895652770996,1.4640700101153925e-05,-0.9905038475990295,1.712053858689427e-06,0.030000099912285805,5.308866093400866e-07,0.003206574358046055,0.02999999999622219,-4.760972859679942e-07,-0.001133852601667037,trajectory,STRAIGHT,3.7289955615997314,13.965895652667356,1.545467421237845e-05
1465,94957.453,13.968853950500488,1.4693297089252155e-05,-0.9901853203773499,1.71798524207574e-06,0.030000099912285805,5.316489932738477e-07,0.0032094568014144897,0.029999999996175603,-4.790240177232244e-07,-0.0011645078865054192,trajectory,STRAIGHT,3.7290384769439697,13.968853950395802,1.545467421237845e-05
1466,94957.562,13.971901893615723,1.4747565728612244e-05,-0.9898589253425598,1.7240915895034476e-06,0.030000099912285805,5.324317839949799e-07,0.003192107193171978,0.029999999996127,-4.820581106814111e-07,-0.0011934275855188315,trajectory,STRAIGHT,3.7284605503082275,13.97190189350995,1.545467421237845e-05
1467,94957.671,13.974770545959473,1.4798715710639954e-05,-0.9897245168685913,1.7298432339950924e-06,0.030000099912285805,5.33170521066495e-07,-0.0026259610895067453,0.02999999999608069,-4.849315012734659e-07,-0.0007347025466029589,trajectory,STRAIGHT,3.7278120517730713,13.974770545852666,1.545467421237845e-05
1468,94957.812,13.977997779846191,1.485634311393369e-05,-0.9901962876319885,1.736313834048211e-06,0.030000099912285805,5.339955464478408e-07,-0.004964702297002077,0.029999999996027926,-4.881846451252742e-07,-0.0005442505984501755,trajectory,STRAIGHT,3.7271554470062256,13.977997779738212,1.545467421237845e-05
1469,94957.937,13.981045722961426,1.4910851859895047e-05,-0.9905223846435547,1.742422568897078e-06,0.030000099912285805,5.347660021470801e-07,0.0005561263533309102,0.029999999995977442,-4.912772190985989e-07,-0.0009488945334217591,trajectory,STRAIGHT,3.726503849029541,13.981045722852327,1.545467421237845e-05
1470,94958.062,13.98409366607666,1.4965437003411353e-05,-0.9903069138526917,1.7485288026397722e-06,0.030000099912285805,5.355366283765761e-07,0.0028962295036762953,0.02999999999592632,-4.94389431235208e-07,-0.001132555986655932,trajectory,STRAIGHT,3.7267322540283203,13.984093665966432,1.545467421237845e-05
1471,94958.187,13.987141609191895,1.5020104001450818e-05,-0.9899929165840149,1.7547605466494807e-06,0.030000099912285805,5.363056061469251e-07,0.003165339818224311,0.029999999995874476,-4.975254614727826e-07,-0.0011792469350026323,trajectory,STRAIGHT,3.7277185916900635,13.987141609080524,1.545467421237845e-05
1472,94958.312,13.990189552307129,1.507484648755053e-05,-0.9898729920387268,1.7609528413257853e-06,0.030000099912285805,5.370768576540286e-07,-0.002926449291408062,0.02999999999582199,-5.006803534629105e-07,-0.0007116890194874947,trajectory,STRAIGHT,3.7279553413391113,13.990189552194607,1.545467421237845e-05
1473,94958.421,13.993416786193848,1.5132896805880591e-05,-0.9903532862663269,1.767509388630113e-06,0.030000099912285805,5.378872174333083e-07,-0.00487987045198679,0.029999999995765678,-5.040430394473548e-07,-0.0005366670237301652,trajectory,STRAIGHT,3.727414131164551,13.993416786080093,1.545467421237845e-05
1474,94958.562,13.99637508392334,1.5186185009952169e-05,-0.990619957447052,1.7735195569924188e-06,0.030000099912285805,5.386214070313144e-07,0.0009153409628197551,0.029999999995713386,-5.071456423438174e-07,-0.000965858569010477,trajectory,STRAIGHT,3.7267730236053467,13.996375083808447,1.545467421237845e-05
1475,94958.718,13.999781608581543,1.5247635928972159e-05,-0.9903530478477478,1.7804403569247768e-06,0.030000099912285805,5.39467748694733e-07,0.003005536738783121,0.02999999999565237,-5.107424117438803e-07,-0.0011347090194574329,trajectory,STRAIGHT,3.7269887924194336,13.999781608465323,1.545467421237845e-05
1476,94958.859,14.003188133239746,1.5309184163925238e-05,-0.989996075630188,1.7873611568571414e-06,0.030000099912285805,5.403116460911406e-07,0.0031843872275203466,0.02999999999559047,-5.143652742248996e-07,-0.0011785868310266391,trajectory,STRAIGHT,3.7279672622680664,14.003188133122185,1.545467421237845e-05
1477,94958.968,14.006415367126465,1.5367577361757867e-05,-0.9899752140045166,1.7939177041614923e-06,0.030000099912285805,5.411136498878477e-07,-0.0038238076958805323,0.02999999999553101,-5.178216084192909e-07,-0.0006346505213805653,trajectory,STRAIGHT,3.7275938987731934,14.006415367007621,1.545467421237845e-05
1478,94959.109,14.0094633102417,1.542281279398594e-05,-0.9904441833496094,1.8001099988378293e-06,0.030000099912285805,5.418639830168104e-07,-0.004710395820438862,0.029999999995474105,-5.211080407992479e-07,-0.0005411911288949456,trajectory,STRAIGHT,3.7269511222839355,14.009463310121632,1.545467421237845e-05
1479,94959.25,14.012511253356934,1.5478124623768963e-05,-0.9907438158988953,1.8063022935141712e-06,0.030000099912285805,5.426070401881589e-07,0.0006810944178141654,0.029999999995416464,-5.244159349111797e-07,-0.0009369342364783839,trajectory,STRAIGHT,3.7269468307495117,14.01251125323563,1.5478124623768963e-05
1480,94959.375,14.01564884185791,1.5535139027633704e-05,-0.9905133843421936,1.8126767145045287e-06,0.030000099912285805,5.433710157376481e-07,0.0029407439287751913,0.029999999995356352,-5.278436248726383e-07,-0.0011160696065158392,trajectory,STRAIGHT,3.7278852462768555,14.015648841735322,1.5535139027633704e-05
1481,94959.515,14.019055366516113,1.559712654852774e-05,-0.99015873670578,1.8195975144369229e-06,0.030000099912285805,5.441993948807067e-07,0.0031851923558861017,0.02999999999529018,-5.315911939328663e-07,-0.0011634771145634015,trajectory,STRAIGHT,3.7284843921661377,14.019055366392115,1.559712654852774e-05
1482,94959.625,14.022282600402832,1.5655947208870202e-05,-0.989813506603241,1.8261540617413022e-06,0.030000099912285805,5.449812761071371e-07,0.0031889332458376884,0.0299999999952266,-5.351672113323125e-07,-0.001196612011358621,trajectory,STRAIGHT,3.728041887283325,14.022282600277485,1.5655947208870202e-05
1483,94959.765,14.025778770446777,1.5719760995125398e-05,-0.9897491931915283,1.8332569879877194e-06,0.030000099912285805,5.45829948350729e-07,-0.0038272931706160307,0.029999999995156738,-5.390693100920712e-07,-0.0006536901242202864,trajectory,STRAIGHT,3.727410316467285,14.025778770319953,1.5719760995125398e-05
1484,94959.89,14.028916358947754,1.5777110093040392e-05,-0.9902564287185669,1.8396314089781e-06,0.030000099912285805,5.465847721097816e-07,-0.004968097433447838,0.029999999995093153,-5.425962908350819e-07,-0.0005398882885207057,trajectory,STRAIGHT,3.7267587184906006,14.02891635881959,1.5777110093040392e-05
1485,94960.015,14.031964302062988,1.5832903955015354e-05,-0.9905745387077332,1.8458237036544747e-06,0.030000099912285805,5.473104920383776e-07,0.0006034786929376423,0.029999999995030568,-5.460457882105801e-07,-0.0009474339606492188,trajectory,STRAIGHT,3.7262959480285645,14.03196430193351,1.5832903955015354e-05
1486,94960.14,14.035012245178223,1.5888770576566458e-05,-0.9903566837310791,1.8520159983308545e-06,0.030000099912285805,5.480352456288529e-07,0.0029064130503684282,0.02999999999496716,-5.495181647417908e-07,-0.0011425614580763844,trajectory,STRAIGHT,3.7271199226379395,14.035012245047417,1.5888770576566458e-05
1487,94960.265,14.038060188293457,1.59447081387043e-05,-0.990041971206665,1.8582082930072393e-06,0.030000099912285805,5.487593739417207e-07,0.0031704313587397337,0.02999999999490293,-5.530135811803648e-07,-0.0011750159152468008,trajectory,STRAIGHT,3.7280850410461426,14.03806018816131,1.59447081387043e-05
1488,94960.39,14.041377067565918,1.600566247361712e-05,-0.9896891117095947,1.864946966625664e-06,0.030000099912285805,5.495447226167016e-07,0.003184473142027855,0.029999999994832084,-5.568438683990805e-07,-0.00120760262874535,trajectory,STRAIGHT,3.7279245853424072,14.041377067432299,1.600566247361712e-05
1489,94960.515,14.044425010681152,1.606175283086486e-05,-0.9895753860473633,1.87113926130206e-06,0.030000099912285805,5.5026782774803e-07,-0.003114792052656412,0.029999999994766085,-5.603882554734083e-07,-0.0007248432917771108,trajectory,STRAIGHT,3.727327346801758,14.044425010546165,1.606175283086486e-05
1490,94960.64,14.047652244567871,1.61212283273926e-05,-0.9900804758071899,1.8776958086064846e-06,0.030000099912285805,5.510273126674292e-07,-0.005117337219417095,0.029999999994695256,-5.641672680390178e-07,-0.0005443793789929087,trajectory,STRAIGHT,3.7266809940338135,14.047652244431422,1.61212283273926e-05
1491,94960.765,14.05087947845459,1.6180782040464692e-05,-0.9904285073280334,1.8842523559109147e-06,0.030000125989317894,5.517781573871616e-07,0.0006906557828187943,0.02999999999462344,-5.679731143310623e-07,-0.0009694365545782668,trajectory,STRAIGHT,3.7260491847991943,14.050879478316663,1.6180782040464692e-05
1492,94960.875,14.053927421569824,1.6237099771387875e-05,-0.9902071952819824,1.8903945146964535e-06,0.03000015765428543,5.524872790374502e-07,0.0029138156678527594,0.029999999994554726,-5.715909305197939e-07,-0.001143071369626967,trajectory,STRAIGHT,3.7266111373901367,14.053927421430489,1.6237099771387875e-05
1493,94961.015,14.057154655456543,1.6296806279569864e-05,-0.9898733496665955,1.8968651147591872e-06,0.03000015765428543,5.532362479243602e-07,0.003171752905473113,0.029999999994481007,-5.754471873095801e-07,-0.0011803986294059432,trajectory,STRAIGHT,3.7276508808135986,14.057154655315701,1.6296806279569864e-05
1494,94961.156,14.06029224395752,1.6354939361917786e-05,-0.9897458553314209,1.9032381715130099e-06,0.03000015765428543,5.539660037356953e-07,-0.0029956235084682703,0.029999999994408295,-5.792256235145687e-07,-0.0007177626209614818,trajectory,STRAIGHT,3.7277252674102783,14.060292243815196,1.6354939361917786e-05
1495,94961.265,14.063340187072754,1.641148264752701e-05,-0.9902055263519287,1.9095875814006903e-06,0.03000015765428543,5.546694410440978e-07,-0.004967778455466032,0.029999999994336616,-5.829261490760347e-07,-0.0005426055050485369,trajectory,STRAIGHT,3.727159023284912,14.06334018692898,1.641148264752701e-05
1496,94961.39,14.06647777557373,1.646976306801662e-05,-0.9905263781547546,1.916121163965499e-06,0.03000015765428543,5.553850996875553e-07,0.0007388164522126317,0.029999999994261846,-5.867617592378307e-07,-0.0009830905075215335,trajectory,STRAIGHT,3.726515531539917,14.066477775428446,1.646976306801662e-05
1497,94961.515,14.069615364074707,1.652811624808237e-05,-0.9902938604354858,1.922654746530301e-06,0.03000015765428543,5.561008720178506e-07,0.0029432326555252075,0.02999999999418605,-5.906242635865657e-07,-0.0011367935372151338,trajectory,STRAIGHT,3.726740837097168,14.069615363927898,1.652811624808237e-05
1498,94961.625,14.072663307189941,1.6584872355451807e-05,-0.9899774193763733,1.9290016553075295e-06,0.03000015765428543,5.567943048845336e-07,0.0031765198800712824,0.029999999994111428,-5.944024379838535e-07,-0.001181489432665821,trajectory,STRAIGHT,3.7277379035949707,14.072663307041637,1.6584872355451807e-05
1499,94961.765,14.075531959533691,1.6638356100884266e-05,-0.989914059638977,1.9349752165096208e-06,0.03000015765428543,5.574491410698101e-07,-0.0032677603885531425,0.029999999994040287,-5.979821271700292e-07,-0.0006830113015055605,trajectory,STRAIGHT,3.727968454360962,14.075531959383964,1.6638356100884266e-05
1500,94961.875,14.078848838806152,1.670027631917037e-05,-0.990420937538147,1.9418821466495305e-06,0.03000015765428543,5.581993605119351e-07,-0.0048468150198459625,0.029999999993956916,-6.021501385209507e-07,-0.0005341254377347481,trajectory,STRAIGHT,3.7274229526519775,14.078848838654766,1.670027631917037e-05
1501,94962.0,14.081896781921387,1.6757250705268234e-05,-0.9906802773475647,1.948229055426738e-06,0.03000015765428543,5.588807994172384e-07,0.0010792551329359412,0.02999999999387924,-6.060078769672608e-07,-0.0009729848459578672,trajectory,STRAIGHT,3.726780414581299,14.08189678176846,1.6757250705268234e-05
1502,94962.125,14.084944725036621,1.6814294212963432e-05,-0.9904417991638184,1.9545932446026584e-06,0.03000013157725334,5.595627499133116e-07,0.0029717329889535904,0.029999999993800507,-6.098928308811351e-07,-0.0011249182444376515,trajectory,STRAIGHT,3.7270867824554443,14.084944724882138,1.6814294212963432e-05
1503,94962.25,14.087903022766113,1.6869724277057685e-05,-0.9901334643363953,1.9608360162327394e-06,0.03000013157725334,5.602227020062855e-07,0.0031828354112803936,0.029999999993723048,-6.136912195567612e-07,-0.0011572231795949504,trajectory,STRAIGHT,3.7280731201171875,14.087903022610107,1.6869724277057685e-05
1504,94962.359,14.09104061126709,1.6928584955167025e-05,-0.9897978901863098,1.9674571376586076e-06,0.03000013157725334,5.609201139122888e-07,0.0031922769267112017,0.02999999999363979,-6.177478495001679e-07,-0.0011987701463523957,trajectory,STRAIGHT,3.7282848358154297,14.091040611109449,1.6928584955167025e-05
1505,94962.5,14.094267845153809,1.698920277704019e-05,-0.9897618293762207,1.9742374206603684e-06,0.03000013157725334,5.616394105345535e-07,-0.0038326536305248737,0.029999999993552972,-6.219498662963117e-07,-0.0006533152629935679,trajectory,STRAIGHT,3.7277345657348633,14.094267844994471,1.698920277704019e-05
1506,94962.625,14.097405433654785,1.7048208974301815e-05,-0.9902592301368713,1.9808560409798017e-06,0.03000013157725334,5.623317633762781e-07,-0.004890755750238895,0.02999999999346736,-6.260657743535584e-07,-0.0005453806424234975,trajectory,STRAIGHT,3.727092742919922,14.097405433493782,1.7048208974301815e-05
1507,94962.75,14.100632667541504,1.7108983229263686e-05,-0.9905148148536682,1.987666337307607e-06,0.03000013157725334,5.630361670228012e-07,0.0013123656390234828,0.02999999999337806,-6.303306129350683e-07,-0.0010070080865751563,trajectory,STRAIGHT,3.726673126220703,14.100632667378768,1.7108983229263686e-05
1508,94962.968,14.103680610656738,1.716645056148991e-05,-0.9902668595314026,1.994098283839416e-06,0.03000013157725334,5.637010076497972e-07,0.0029912085738033056,0.029999999993292538,-6.343876883415643e-07,-0.0011424894507339057,trajectory,STRAIGHT,3.7276628017425537,14.10368061049235,1.716645056148991e-05
1509,94963.093,14.10905933380127,1.726802292978391e-05,-0.9897006750106812,2.0054487777190616e-06,0.03000013157725334,5.648702767757641e-07,0.003186616115272045,0.02999999999313879,-6.41617097045848e-07,-0.0011973200769217285,trajectory,STRAIGHT,3.727477788925171,14.109059333633926,1.726802292978391e-05
1510,94963.218,14.112107276916504,1.7325675798929296e-05,-0.9895867109298706,2.011880724250851e-06,0.03000013157725334,5.655331278831e-07,-0.0031050625257194042,0.029999999993050027,-6.457540270289422e-07,-0.0007245476149543438,trajectory,STRAIGHT,3.727477788925171,14.112107276747464,1.7325675798929296e-05
1511,94963.343,14.11524486541748,1.7385094906785525e-05,-0.9900752902030945,2.0186378151354195e-06,0.03000013157725334,5.66209791941219e-07,-0.005102844908833504,0.0299999999929573,-6.500474874519065e-07,-0.0005453007191889214,trajectory,STRAIGHT,3.7268383502960205,14.115244865246675,1.7385094906785525e-05
1512,94963.468,14.118382453918457,1.744458313623909e-05,-0.9903890490531921,2.025732783303173e-06,0.03000013157725334,5.668784979206976e-07,0.0008464346174150705,0.029999999992863055,-6.54382553410233e-07,-0.0009840994975218664,trajectory,STRAIGHT,3.7261908054351807,14.11838245374587,1.744458313623909e-05
1513,94963.593,14.121520042419434,1.750414230627939e-05,-0.9901523590087891,2.0328473056063937e-06,0.03000013157725334,5.675469765265007e-07,0.0029492469038814306,0.029999999992767472,-6.587500745151762e-07,-0.001150380466665134,trajectory,STRAIGHT,3.726430654525757,14.121520042245045,1.750414230627939e-05
1514,94963.718,14.124567985534668,1.7562066204845905e-05,-0.9898360967636108,2.0397585558438194e-06,0.03000013157725334,5.681948209712573e-07,0.0031715817749500275,0.029999999992673325,-6.630235982732514e-07,-0.0011943744580876436,trajectory,STRAIGHT,3.727454662322998,14.124567985358512,1.7562066204845905e-05
1515,94963.828,14.127615928649902,1.7620055587030947e-05,-0.989777147769928,2.0466698060812565e-06,0.03000013157725334,5.688440865014854e-07,-0.0035153094213455915,0.029999999992577894,-6.673277868705645e-07,-0.00067625906303035,trajectory,STRAIGHT,3.7276995182037354,14.127615928471961,1.7620055587030947e-05
1516,94963.953,14.130663871765137,1.7678110452834517e-05,-0.9902512431144714,2.0535810563187046e-06,0.03000013157725334,5.694874403161521e-07,-0.004903838038444519,0.029999999992481145,-6.716629628452531e-07,-0.0005440607131825937,trajectory,STRAIGHT,3.727158784866333,14.130663871585392,1.7678110452834517e-05
1517,94964.093,14.133801460266113,1.7737940652295947e-05,-0.9905120134353638,2.0608772501907166e-06,0.03000013157725334,5.701421628145908e-07,0.001186612993478775,0.029999999992380042,-6.761637875370035e-07,-0.000997438690744744,trajectory,STRAIGHT,3.726518154144287,14.133801460084495,1.7737940652295947e-05
1518,94964.218,14.136849403381348,1.7796128304325975e-05,-0.990269124507904,2.0682459762662875e-06,0.03000013157725334,5.707780132979678e-07,0.0029794913716614246,0.029999999992280254,-6.805765804438528e-07,-0.0011415618482017197,trajectory,STRAIGHT,3.7267467975616455,14.13684940319789,1.7796128304325975e-05
1519,94964.328,14.139897346496582,1.7854379620985128e-05,-0.9899513125419617,2.075713837264823e-06,0.03000013157725334,5.714123290090356e-07,0.003180570201948285,0.029999999992179026,-6.8502427644171e-07,-0.0011842050623206979,trajectory,STRAIGHT,3.727735996246338,14.139897346311267,1.7854379620985128e-05
1520,94964.484,14.143214225769043,1.7917845980264246e-05,-0.9899433255195618,2.0839370336111534e-06,0.03000013157725334,5.721038860428962e-07,-0.003969312179833651,0.029999999992067202,-6.899040871118126e-07,-0.0006126138228981382,trajectory,STRAIGHT,3.7279551029205322,14.143214225581687,1.7917845980264246e-05
1521,94964.593,14.146441459655762,1.797967343009077e-05,-0.9904530048370361,2.092113845725555e-06,0.03000013157725334,5.72770034068526e-07,-0.004754987545311451,0.02999999999195666,-6.946945334792813e-07,-0.0005385830786266465,trajectory,STRAIGHT,3.727410078048706,14.146441459466397,1.797967343009077e-05
1522,94964.718,14.14966869354248,1.8041571820504032e-05,-0.9906404614448547,2.1003565962101e-06,0.03000013157725334,5.734284513891907e-07,0.0016770379152148962,0.02999999999184444,-6.995239608576948e-07,-0.001021390049085039,trajectory,STRAIGHT,3.72698712348938,14.149668693351085,1.8041571820504032e-05
1523,94964.843,14.152716636657715,1.8100094166584313e-05,-0.9903765320777893,2.108134594897886e-06,0.03000013157725334,5.740507731388789e-07,0.003042110474780202,0.02999999999173693,-7.041191551372927e-07,-0.001135560287096843,trajectory,STRAIGHT,3.7279610633850098,14.152716636464383,1.8100094166584313e-05
1524,94964.984,14.15576457977295,1.8158680177293718e-05,-0.9900559782981873,2.115851430066642e-06,0.03000013157725334,5.746708211518126e-07,0.0031901467591524124,0.029999999991627977,-7.087462720460494e-07,-0.0011750211654571142,trajectory,STRAIGHT,3.728278160095215,14.155764579577662,1.8158680177293718e-05
1525,94965.109,14.158812522888184,1.8217329852632247e-05,-0.9897297024726868,2.123664671674853e-06,0.03000013157725334,5.752883680543164e-07,0.003190437564626336,0.029999999991517427,-7.134104056319941e-07,-0.001205435132077426,trajectory,STRAIGHT,3.727752447128296,14.158812522690921,1.8217329852632247e-05
1526,94965.234,14.161860466003418,1.8276041373610497e-05,-0.9896337985992432,2.131611836379076e-06,0.03000013157725334,5.759073360422917e-07,-0.003266005078330636,0.029999999991405228,-7.181129885737179e-07,-0.0007080431051473934,trajectory,STRAIGHT,3.7271111011505127,14.161860465804159,1.8276041373610497e-05
1527,94965.359,14.164908409118652,1.833481655921787e-05,-0.9901096224784851,2.1395590010832977e-06,0.03000013157725334,5.765205628449621e-07,-0.005049655679613352,0.029999999991291455,-7.228504455333301e-07,-0.0005457714193582585,trajectory,STRAIGHT,3.72645902633667,14.164908408917377,1.833481655921787e-05
1528,94965.484,14.168135643005371,1.8397116946289316e-05,-0.9904340505599976,2.147973646064238e-06,0.03000013157725334,5.771624387307384e-07,0.0008647531503811479,0.02999999999116924,-7.279049578523238e-07,-0.0009818072252571353,trajectory,STRAIGHT,3.726266384124756,14.168135642801941,1.8397116946289316e-05
1529,94965.609,14.171004295349121,1.845255246735178e-05,-0.9902228713035583,2.1554533304917393e-06,0.03000013157725334,5.777317824140482e-07,0.002898267237469554,0.029999999991059075,-7.324313226702525e-07,-0.0011408002666882834,trajectory,STRAIGHT,3.7272181510925293,14.171004295143755,1.845255246735178e-05
1530,94965.734,14.174141883850098,1.8513248505769297e-05,-0.9898992776870728,2.1636342353343177e-06,0.03000013157725334,5.783535357295477e-07,0.003169645555317402,0.029999999990936894,-7.374185588521805e-07,-0.0011786902129403908,trajectory,STRAIGHT,3.727876901626587,14.174141883642593,1.8513248505769297e-05
1531,94965.859,14.177189826965332,1.8572272892924957e-05,-0.9897626638412476,2.171581400038536e-06,0.03000013157725334,5.789585202364833e-07,-0.0027921684086322784,0.029999999990816508,-7.423002105138127e-07,-0.000732059991288062,trajectory,STRAIGHT,3.727444648742676,14.177189826755727,1.8572272892924957e-05
1532,94965.984,14.180237770080566,1.8631359125720337e-05,-0.9902135729789734,2.1795285647427538e-06,0.03000013157725334,5.795583888357214e-07,-0.004950232803821564,0.029999999990694404,-7.472186533459037e-07,-0.0005428686910424218,trajectory,STRAIGHT,3.7268166542053223,14.180237769868842,1.8631359125720337e-05
1533,94966.109,14.183554649353027,1.8695727703743614e-05,-0.9905470609664917,2.1881769498620477e-06,0.03000013157725334,5.802035616397916e-07,0.0008878130465745926,0.029999999990559557,-7.526133100961792e-07,-0.0009734365779551369,trajectory,STRAIGHT,3.726508617401123,14.183554649138971,1.8695727703743614e-05
1534,94966.234,14.186692237854004,1.8756682038656436e-05,-0.9903080463409424,2.1963578547046226e-06,0.03000013157725334,5.808123546557908e-07,0.002960885176435113,0.029999999990430064,-7.577573170071616e-07,-0.0011365881713792103,trajectory,STRAIGHT,3.727396249771118,14.186692237637718,1.8756682038656436e-05
1535,94966.343,14.189740180969238,1.881595562736038e-05,-0.9899908900260925,2.204305019408837e-06,0.03000013157725334,5.814025598738226e-07,0.003179011633619666,0.029999999990302447,-7.627929310076354e-07,-0.0011803922756448604,trajectory,STRAIGHT,3.7281076908111572,14.189740180750764,1.881595562736038e-05
1536,94966.468,14.192429542541504,1.8868304323405027e-05,-0.9898561835289001,2.2113172235596137e-06,0.03000013157725334,5.81924325615546e-07,-0.002329746726900339,0.02999999999018833,-7.672679921156249e-07,-0.0007603546451136357,trajectory,STRAIGHT,3.7277040481567383,14.192429542321081,1.8868304323405027e-05
1537,94966.578,14.195656776428223,1.8931186787085608e-05,-0.9903134107589722,2.219731868540545e-06,0.03000013157725334,5.825452831231814e-07,-0.004891740158200264,0.029999999990049472,-7.726780978863198e-07,-0.0005325338091060405,trajectory,STRAIGHT,3.7270777225494385,14.195656776205439,1.8931186787085608e-05
1538,94966.703,14.198615074157715,1.8988886949955486e-05,-0.990601122379303,2.227445293106397e-06,0.03000013157725334,5.83107407692296e-07,0.0007492314907722175,0.029999999989920333,-7.776760214178493e-07,-0.0009552626716249801,trajectory,STRAIGHT,3.726698398590088,14.198615073932743,1.8988886949955486e-05
1539,94966.843,14.201842308044434,1.9051896742894314e-05,-0.9903590083122253,2.2358599380873268e-06,0.03000013157725334,5.837192702529137e-07,0.002962671685963869,0.029999999989777388,-7.831710107401516e-07,-0.0011318089217675165,trajectory,STRAIGHT,3.7275383472442627,14.201842307817051,1.9051896742894314e-05
1540,94966.953,14.204890251159668,1.9111465007881634e-05,-0.9900417923927307,2.2438071027915364e-06,0.03000013157725334,5.842960604240943e-07,0.0031796349212527275,0.029999999989640373,-7.884020262945638e-07,-0.0011756590584742132,trajectory,STRAIGHT,3.7282090187072754,14.204890250929983,1.9111465007881634e-05
1541,94967.078,14.207938194274902,1.917109329951927e-05,-0.9897161722183228,2.2517542674957455e-06,0.03000013157725334,5.848702926414262e-07,0.0031885013449937105,0.02999999998950137,-7.936737395881635e-07,-0.0012065797120438858,trajectory,STRAIGHT,3.7277884483337402,14.207938194042894,1.917109329951927e-05
1542,94967.203,14.210806846618652,1.922726551129017e-05,-0.9895671606063843,2.2592339519232358e-06,0.03000013157725334,5.854113851455622e-07,-0.0024882762227207422,0.029999999989368697,-7.986728235690692e-07,-0.0007741874855663688,trajectory,STRAIGHT,3.7271602153778076,14.210806846384434,1.922726551129017e-05
1543,94967.312,14.213854789733887,1.928700839926023e-05,-0.9900131821632385,2.267181116627443e-06,0.03000013157725334,5.859817520104116e-07,-0.005073105916380882,0.029999999989225732,-8.040248172997976e-07,-0.0005451000322308451,trajectory,STRAIGHT,3.7265090942382812,14.213854789497297,1.928700839926023e-05
1544,94967.453,14.216992378234863,1.9348570276633836e-05,-0.9903116226196289,2.275362021470008e-06,0.03000013157725334,5.865611569788598e-07,0.0009707811987027526,0.029999999989076386,-8.095781760431567e-07,-0.0010006459799100154,trajectory,STRAIGHT,3.7261064052581787,14.216992377995807,1.9348570276633836e-05
1545,94967.578,14.22012996673584,1.941019218065776e-05,-0.9900699853897095,2.283542926312572e-06,0.03000013157725334,5.871401071999571e-07,0.0029589002951979637,0.029999999988924782,-8.151765538387219e-07,-0.0011586715504359247,trajectory,STRAIGHT,3.726966142654419,14.220129966494289,1.941019218065776e-05
1546,94967.703,14.223177909851074,1.9470111510599963e-05,-0.9897537231445312,2.291490091016777e-06,0.03000013157725334,5.877007538401813e-07,0.003168561030179262,0.029999999988775325,-8.206586255235596e-07,-0.001201868863408302,trajectory,STRAIGHT,3.7276368141174316,14.223177909607077,1.9470111510599963e-05
1547,94967.828,14.226405143737793,1.9533616068656556e-05,-0.98963862657547,2.299904735997698e-06,0.03000013157725334,5.88295051784371e-07,-0.003246746025979519,0.029999999988614672,-8.265105576753981e-07,-0.0007082875783308762,trajectory,STRAIGHT,3.7272112369537354,14.226405143491176,1.9533616068656556e-05
1548,94967.953,14.229363441467285,1.9591887394199148e-05,-0.9900974631309509,2.3076181605635416e-06,0.03000013157725334,5.888348937332921e-07,-0.005034812726080418,0.029999999988465198,-8.319183174592303e-07,-0.0005473548055791743,trajectory,STRAIGHT,3.7265822887420654,14.229363441218243,1.9591887394199148e-05
1549,94968.078,14.23241138458252,1.965197952813469e-05,-0.9904252290725708,2.3155653252677435e-06,0.03000013157725334,5.893841716897441e-07,0.0005583330057561398,0.02999999998830895,-8.37533830201471e-07,-0.0009582686579032796,trajectory,STRAIGHT,3.7261812686920166,14.232411384330952,1.965197952813469e-05
1550,94968.203,14.235548973083496,1.9713896108441986e-05,-0.9902007579803467,2.3237462301103032e-06,0.03000013157725334,5.899491952732205e-07,0.002920841798186302,0.029999999988145683,-8.433615314702037e-07,-0.0011440992875935696,trajectory,STRAIGHT,3.727044105529785,14.235548972829303,1.9713896108441986e-05
1551,94968.328,14.23859691619873,1.9774099200731143e-05,-0.9898855090141296,2.3316933948145027e-06,0.03000013157725334,5.904960858060804e-07,0.0031725417356938124,0.029999999987984697,-8.490689698988873e-07,-0.0011898552330391475,trajectory,STRAIGHT,3.7278542518615723,14.238596915941958,1.9774099200731143e-05
1552,94968.453,14.24182415008545,1.9837905711028725e-05,-0.9897670745849609,2.340108039795419e-06,0.03000013157725334,5.910757749916229e-07,-0.003160780994221568,0.029999999987811617,-8.551625236272391e-07,-0.00070295508957947,trajectory,STRAIGHT,3.7275047302246094,14.241824149825916,1.9837905711028725e-05
1553,94968.562,14.244872093200684,1.9898223399650306e-05,-0.9902322888374329,2.348055204499617e-06,0.03000013157725334,5.916183454246493e-07,-0.004951634909957647,0.029999999987645635,-8.609656142447012e-07,-0.0005416270346849106,trajectory,STRAIGHT,3.726884126663208,14.244872092938516,1.9898223399650306e-05
1554,94968.703,14.248099327087402,1.9962148144259118e-05,-0.9904935359954834,2.356469849480532e-06,0.03000013157725334,5.92185301684367e-07,0.0012964027700945735,0.02999999998746718,-8.671615886926426e-07,-0.0010079781096260787,trajectory,STRAIGHT,3.7264211177825928,14.248099326822416,1.9962148144259118e-05
1555,94968.812,14.251326560974121,2.002613473450765e-05,-0.9902279376983643,2.3648844944614452e-06,0.03000013157725334,5.927520305704093e-07,0.00301939039491117,0.029999999987285877,-8.734112817884906e-07,-0.0011476245353027857,trajectory,STRAIGHT,3.7272274494171143,14.251326560706284,2.002613473450765e-05
1556,94968.953,14.254464149475098,2.008840056078043e-05,-0.9898989796638489,2.373065399303999e-06,0.03000013157725334,5.933005695624161e-07,0.003185115521773696,0.02999999998710684,-8.795394293199916e-07,-0.0011889940237865403,trajectory,STRAIGHT,3.728020429611206,14.254464149204457,2.008840056078043e-05
1557,94969.062,14.257691383361816,2.0152509023319e-05,-0.9898185133934021,2.3814800442849106e-06,0.03000013157725334,5.938657068327302e-07,-0.003473808756098151,0.02999999998691977,-8.858971193819964e-07,-0.0006747493733792241,trajectory,STRAIGHT,3.7276670932769775,14.257691383088263,2.0152509023319e-05
1558,94969.203,14.260828971862793,2.0214898540871218e-05,-0.9903028011322021,2.3896609491274622e-06,0.03000013157725334,5.944094141341338e-07,-0.004869813099503517,0.029999999986735013,-8.921318275414358e-07,-0.0005423882629394994,trajectory,STRAIGHT,3.7270450592041016,14.260828971586374,2.0214898540871218e-05
1559,94969.312,14.263787269592285,2.027377558988519e-05,-0.9906330108642578,2.3973743736932963e-06,0.03000013157725334,5.949161163698591e-07,0.00028067309176549315,0.02999999998655816,-8.980591697754257e-07,-0.0009166494903212785,trajectory,STRAIGHT,3.7264649868011475,14.263787269313136,2.027377558988519e-05
1560,94969.453,14.266924858093262,2.033627242781222e-05,-0.9904198050498962,2.405555278535846e-06,0.03000013157725334,5.954520929662976e-07,0.0028974905144423246,0.029999999986367733,-9.043980868977591e-07,-0.001122154229069402,trajectory,STRAIGHT,3.727139949798584,14.266924857811187,2.033627242781222e-05
1561,94969.578,14.270062446594238,2.0398823835421354e-05,-0.9900953769683838,2.413736183378395e-06,0.03000013157725334,5.959864779470081e-07,0.003179177176207304,0.02999999998617431,-9.107916317322319e-07,-0.00117027336086414,trajectory,STRAIGHT,3.728123188018799,14.270062446309206,2.0398823835421354e-05
1562,94969.687,14.273200035095215,2.0461431631702e-05,-0.9897599220275879,2.4219170882209432e-06,0.03000013157725334,5.965183049738698e-07,0.0031927863601595163,0.02999999998597783,-9.172405868428943e-07,-0.0012023818909780637,trajectory,STRAIGHT,3.728095531463623,14.273200034807193,2.0461431631702e-05
1563,94969.812,14.276158332824707,2.0520510588539764e-05,-0.9896348714828491,2.429630512786773e-06,0.03000013157725334,5.970198913018976e-07,-0.0028774298261851072,0.029999999985789724,-9.2337230878662e-07,-0.0007377484090245445,trajectory,STRAIGHT,3.727511167526245,14.276158332533834,2.0520510588539764e-05
1564,94969.937,14.279385566711426,2.0585015590768307e-05,-0.9901286959648132,2.438045157767678e-06,0.03000013157725334,5.975621206744108e-07,-0.0050827753730118275,0.029999999985581307,-9.30119010078425e-07,-0.0005366295411802012,trajectory,STRAIGHT,3.7268645763397217,14.27938556641741,2.0585015590768307e-05
1565,94970.062,14.28243350982666,2.064599539153278e-05,-0.9904077649116516,2.445992322471865e-06,0.03000013157725334,5.980674586680834e-07,0.0009943351615220308,0.029999999985381325,-9.365469743136695e-07,-0.0009926504688092274,trajectory,STRAIGHT,3.7262167930603027,14.282433509529644,2.064599539153278e-05
1566,94970.203,14.285660743713379,2.0710620447061956e-05,-0.990155816078186,2.454406967452767e-06,0.03000013157725334,5.986015594316996e-07,0.002981611294671893,0.029999999985166198,-9.43413069670275e-07,-0.0011519748696974508,trajectory,STRAIGHT,3.7266860008239746,14.28566074341315,2.0710620447061956e-05
1567,94970.328,14.288798332214355,2.077350472973194e-05,-0.9898287653923035,2.462587872295311e-06,0.03000013157725334,5.991190050735895e-07,0.00317649869248271,0.02999999998495364,-9.501482775779659e-07,-0.0011949825650997648,trajectory,STRAIGHT,3.727700710296631,14.288798331910968,2.077350472973194e-05
1568,94970.437,14.291935920715332,2.0836441763094626e-05,-0.9897024035453796,2.4707687771378528e-06,0.03000013157725334,5.996367349325737e-07,-0.0030221829656511545,0.029999999984737655,-9.569432357892127e-07,-0.000719768343119701,trajectory,STRAIGHT,3.727654218673706,14.29193592040875,2.0836441763094626e-05
1569,94970.562,14.294894218444824,2.0895829948130995e-05,-0.9901487231254578,2.478482201703678e-06,0.03000013157725334,6.001203018968226e-07,-0.004979438614100218,0.029999999984530835,-9.6340532131573e-07,-0.0005464210106265566,trajectory,STRAIGHT,3.7270724773406982,14.2948942181352,2.0895829948130995e-05
1570,94970.687,14.297852516174316,2.095526178891305e-05,-0.9904909133911133,2.4861956262695018e-06,0.03000013157725334,6.005977866152534e-07,0.0002194115804741159,0.02999999998432086,-9.699217744824672e-07,-0.0009452195129097275,trajectory,STRAIGHT,3.7264273166656494,14.297852515861617,2.095526178891305e-05
1571,94970.812,14.30090045928955,2.1016550817876123e-05,-0.9902893304824829,2.494142790973683e-06,0.03000013157725334,6.010886863805354e-07,0.0028627270366996527,0.029999999984101154,-9.76693742240076e-07,-0.0011321369974064343,trajectory,STRAIGHT,3.726656913757324,14.300900458973647,2.1016550817876123e-05
1572,94970.937,14.304038047790527,2.1079697035020217e-05,-0.9899666905403137,2.5023236958162215e-06,0.03000013157725334,6.015922622282233e-07,0.0031705722212791443,0.029999999983871355,-9.837270142326323e-07,-0.0011817489917075696,trajectory,STRAIGHT,3.7276573181152344,14.304038047471291,2.1079697035020217e-05
1573,94971.046,14.30699634552002,2.113928167091217e-05,-0.9898207783699036,2.510037120382043e-06,0.03000013157725334,6.020672458362242e-07,-0.0025524324737489223,0.029999999983651243,-9.90416706013157e-07,-0.0007453727480065741,trajectory,STRAIGHT,3.7278919219970703,14.306996345197605,2.113928167091217e-05
1574,94971.156,14.309954643249512,2.1198908143560402e-05,-0.9902455806732178,2.5177505449478633e-06,0.03000013157725334,6.025380230312294e-07,-0.004907320253551006,0.02999999998342775,-9.971635914054288e-07,-0.0005357416104566969,trajectory,STRAIGHT,3.7273476123809814,14.309954642923886,2.1198908143560402e-05
1575,94971.281,14.312912940979004,2.1258576452964917e-05,-0.9905339479446411,2.5254639695136834e-06,0.03000013157725334,6.030025474501599e-07,0.0007467901450581849,0.029999999983200788,-1.0039684091618169e-06,-0.0009614047998350172,trajectory,STRAIGHT,3.7267062664031982,14.312912940650133,2.1258576452964917e-05
1576,94971.406,14.315960884094238,2.1320112864486873e-05,-0.9903098940849304,2.53341113421786e-06,0.03000013157725334,6.03479918481753e-07,0.002926622284576297,0.02999999998296325,-1.011041530943885e-06,-0.0011343306026636323,trajectory,STRAIGHT,3.7269229888916016,14.315960883761987,2.1320112864486873e-05
1577,94971.531,14.319008827209473,2.138169656973332e-05,-0.9899941682815552,2.5413582989220357e-06,0.03000013157725334,6.039559252712934e-07,0.0031752416398376226,0.029999999982721893,-1.0181779169923196e-06,-0.0011798456208927765,trajectory,STRAIGHT,3.7279052734375,14.319008826873802,2.138169656973332e-05
1578,94971.656,14.32214641571045,2.1445139282150194e-05,-0.9899017810821533,2.549539203764569e-06,0.03000013157725334,6.044460860721301e-07,-0.003257767064496875,0.029999999982469383,-1.0255911052972243e-06,-0.0006698242845161095,trajectory,STRAIGHT,3.7279231548309326,14.322146415371222,2.1445139282150194e-05
1579,94971.781,14.325194358825684,2.150681393686682e-05,-0.9903587102890015,2.557486368468743e-06,0.03000013157725334,6.049172611710674e-07,-0.0048024398274719715,0.02999999998222006,-1.0328582959043213e-06,-0.0005413260204251734,trajectory,STRAIGHT,3.7273478507995605,14.32519435848296,2.150681393686682e-05
1580,94971.906,14.32833194732666,2.1570351236732677e-05,-0.9906485080718994,2.565667273311275e-06,0.03000013157725334,6.053961101315508e-07,0.0009424751624464989,0.02999999998195918,-1.040408035183828e-06,-0.0009663635813074999,trajectory,STRAIGHT,3.726707935333252,14.328331946980299,2.1570351236732677e-05
1581,94972.015,14.331379890441895,2.163213321182411e-05,-0.9904159307479858,2.5736144380154472e-06,0.03000013157725334,6.05859952429455e-07,0.0029537903610616922,0.029999999981701556,-1.0478104038391218e-06,-0.001126171382092348,trajectory,STRAIGHT,3.727149724960327,14.331379890091958,2.163213321182411e-05
1582,94972.14,14.334338188171387,2.1692139853257686e-05,-0.9901083707809448,2.5813278625812605e-06,0.03000013157725334,6.063087312213611e-07,0.0031795604154467583,0.02999999998144748,-1.0550596777531669e-06,-0.0011698244668258229,trajectory,STRAIGHT,3.728123188018799,14.334338187817941,2.1692139853257686e-05
1583,94972.265,14.337296485900879,2.1752184693468735e-05,-0.9897921681404114,2.589041287147073e-06,0.03000013157725334,6.067548383725807e-07,0.003191637108102441,0.029999999981189383,-1.0623733362178296e-06,-0.0012001070303381566,trajectory,STRAIGHT,3.728168249130249,14.337296485543888,2.1752184693468735e-05
1584,94972.39,14.340254783630371,2.1812271370436065e-05,-0.9897236227989197,2.5967547117128845e-06,0.03000013157725334,6.072015708014078e-07,-0.0033927203621715307,0.029999999980927162,-1.0697524107606666e-06,-0.0006767856997908239,trajectory,STRAIGHT,3.727595567703247,14.340254783269796,2.1812271370436065e-05
1585,94972.515,14.343302726745605,2.1874237063457258e-05,-0.9902023673057556,2.604701876417054e-06,0.03000013157725334,6.076568865864829e-07,-0.00500368420034647,0.029999999980652586,-1.0774251073086713e-06,-0.0005408673249828744,trajectory,STRAIGHT,3.7269508838653564,14.343302726381296,2.1874237063457258e-05
1586,94972.625,14.346440315246582,2.193806903960649e-05,-0.9904883503913879,2.6128827812595797e-06,0.03000013157725334,6.081190804252401e-07,0.0010290241334587336,0.029999999980365188,-1.0853979104577377e-06,-0.000988161083517952,trajectory,STRAIGHT,3.72631573677063,14.346440314878384,2.193806903960649e-05
1587,94972.765,14.349577903747559,2.2001944671501406e-05,-0.990243673324585,2.6210636861021043e-06,0.03000013157725334,6.08580592142971e-07,0.0029720263555645943,0.029999999980072887,-1.0934472797700725e-06,-0.0011432763532777902,trajectory,STRAIGHT,3.7268669605255127,14.349577903375426,2.2001944671501406e-05
1588,94972.89,14.352805137634277,2.206769204349257e-05,-0.9899072647094727,2.6294783310829866e-06,0.03000013157725334,6.090527335800289e-07,0.003178235376253724,0.029999999979766996,-1.1018077372844038e-06,-0.0011873383400646553,trajectory,STRAIGHT,3.727870225906372,14.352805137258052,2.206769204349257e-05
1589,94973.031,14.356032371520996,2.213350308011286e-05,-0.9897883534431458,2.637892976063867e-06,0.03000013157725334,6.095249318605056e-07,-0.003151648212224245,0.02999999997945566,-1.1102524271083587e-06,-0.0007016663820077251,trajectory,STRAIGHT,3.727816343307495,14.356032371140627,2.213350308011286e-05
1590,94973.14,14.35908031463623,2.2195701603777707e-05,-0.9902505874633789,2.645840140768031e-06,0.03000013157725334,6.099662641645409e-07,-0.004921541549265385,0.029999999979156533,-1.118305764302829e-06,-0.0005421851250146546,trajectory,STRAIGHT,3.7272322177886963,14.359080314251901,2.2195701603777707e-05
1591,94973.265,14.362128257751465,2.2257938326220028e-05,-0.9905349612236023,2.6537873054721945e-06,0.03000013157725334,6.10401571066177e-07,0.0009040978038683534,0.02999999997885238,-1.1264355821389473e-06,-0.000973718878655675,trajectory,STRAIGHT,3.7265872955322266,14.36212825736313,2.2257938326220028e-05
1592,94973.375,14.365265846252441,2.2322048607748002e-05,-0.9902953505516052,2.661923872446542e-06,0.030000103637576103,6.108488719291927e-07,0.0029606882017105818,0.029999999978533955,-1.1348843817951917e-06,-0.0011502266440829067,trajectory,STRAIGHT,3.7268104553222656,14.365265845859936,2.2322048607748002e-05
1593,94973.515,14.368403434753418,2.2386220734915696e-05,-0.9899687767028809,2.669937657637116e-06,0.030000103637576103,6.112937853686162e-07,0.0031785196624696255,0.029999999978210075,-1.1434139527485107e-06,-0.0011820161114513873,trajectory,STRAIGHT,3.7277979850769043,14.36840343435669,2.2386220734915696e-05
1594,94973.64,14.371451377868652,2.244859751954209e-05,-0.9899063110351562,2.677722477536536e-06,0.030000103637576103,6.117263069427281e-07,-0.0034294682554900646,0.02999999997789001,-1.1517808851101979e-06,-0.00067084163973128,trajectory,STRAIGHT,3.727980136871338,14.371451377467777,2.244859751954209e-05
1595,94973.75,14.37423038482666,2.2505499146063812e-05,-0.9903269410133362,2.6848204015624823e-06,0.030000103637576103,6.121162527961133e-07,-0.004800971131771803,0.029999999977593433,-1.159479986247101e-06,-0.0005428330499222489,trajectory,STRAIGHT,3.7274293899536133,14.37423038442196,2.2505499146063812e-05
1596,94973.875,14.377367973327637,2.2569800421479158e-05,-0.9906325936317444,2.692834186753073e-06,0.030000103637576103,6.125508207333041e-07,0.0007995865307748318,0.02999999997725298,-1.1682556071958193e-06,-0.0009755950320055695,trajectory,STRAIGHT,3.7267873287200928,14.37736797291857,2.2569800421479158e-05
1597,94973.984,14.380326271057129,2.263046735606622e-05,-0.9904150366783142,2.700390041361348e-06,0.030000103637576103,6.129595817583322e-07,0.002916536992415786,0.029999999976926445,-1.1766108665490528e-06,-0.001123934688381024,trajectory,STRAIGHT,3.727003812789917,14.380326270643897,2.263046735606622e-05
1598,94974.125,14.383284568786621,2.269116521347314e-05,-0.9901090860366821,2.7079458959696284e-06,0.030000103637576103,6.133661827334436e-07,0.0031743180006742477,0.02999999997659445,-1.1850456134964859e-06,-0.0011694085733457004,trajectory,STRAIGHT,3.7279727458953857,14.383284568369177,2.269116521347314e-05
1599,94974.234,14.386242866516113,2.275191218359396e-05,-0.9897931218147278,2.715501750577914e-06,0.030000103637576103,6.137704531283816e-07,0.0031906506046652794,0.029999999976256832,-1.1935618865329192e-06,-0.001199949016356555,trajectory,STRAIGHT,3.7281811237335205,14.386242866094408,2.275191218359396e-05
1600,94974.343,14.389111518859863,2.2810858354205266e-05,-0.9896596670150757,2.7228286398950434e-06,0.030000103637576103,6.141626158751023e-07,-0.00265881372615695,0.029999999975923983,-1.2018987300403367e-06,-0.0007525399733393079,trajectory,STRAIGHT,3.7276341915130615,14.38911151843398,2.2810858354205266e-05
1601,94974.468,14.392069816589355,2.2871674445923418e-05,-0.9900912642478943,2.7303844945033388e-06,0.030000103637576103,6.145629072307202e-07,-0.004978923127055168,0.029999999975575026,-1.2105777066720755e-06,-0.0005512119404226723,trajectory,STRAIGHT,3.7269909381866455,14.392069816159115,2.2871674445923418e-05
1602,94974.578,14.395207405090332,2.293623037985526e-05,-0.9904178977012634,2.73839827969396e-06,0.030000103637576103,6.149813316369546e-07,0.0007052737637422979,0.029999999975198387,-1.2198757179175314e-06,-0.0009896160190180124,trajectory,STRAIGHT,3.726339101791382,14.395207404655414,2.293623037985526e-05
1603,94974.703,14.398344993591309,2.3000829969532788e-05,-0.990187406539917,2.746412064884587e-06,0.030000103637576103,6.153985623313929e-07,0.0029322735499590635,0.029999999974814905,-1.2292703754141892e-06,-0.0011460033521633207,trajectory,STRAIGHT,3.726663112640381,14.398344993151657,2.3000829969532788e-05
1604,94974.843,14.4013032913208,2.3061767933540978e-05,-0.9898813962936401,2.7539679194928974e-06,0.030000103637576103,6.157898724268307e-07,0.0031672553159296513,0.02999999997444695,-1.2382175692351122e-06,-0.0011902242753120606,trajectory,STRAIGHT,3.7276649475097656,14.401303290876632,2.3061767933540978e-05
1605,94974.968,14.40453052520752,2.312829928996507e-05,-0.9897826910018921,2.762210669974696e-06,0.030000103637576103,6.162167665024754e-07,-0.003332464024424553,0.029999999974038287,-1.2480796643726205e-06,-0.0006886202337641655,trajectory,STRAIGHT,3.727694272994995,14.404530524758362,2.312829928996507e-05
1606,94975.093,14.407757759094238,2.319487975910306e-05,-0.9902842044830322,2.7704534204565004e-06,0.030000103637576103,6.166384878270037e-07,-0.004947316367179155,0.029999999973621874,-1.2580490329786935e-06,-0.000538690951026547,trajectory,STRAIGHT,3.7271223068237305,14.407757758640031,2.319487975910306e-05
1607,94975.218,14.410895347595215,2.325964487681631e-05,-0.9906010031700134,2.7784672056471494e-06,0.030000103637576103,6.170428719087795e-07,0.0007604956044815481,0.02999999997320947,-1.2678453334101039e-06,-0.0009574523358133635,trajectory,STRAIGHT,3.726480007171631,14.410895347136034,2.325964487681631e-05
1608,94975.359,14.414122581481934,2.332630720047746e-05,-0.9903584122657776,2.7867099561289655e-06,0.030000103637576103,6.174573172756936e-07,0.0029652121011167765,0.029999999972777292,-1.2780307020019576e-06,-0.0011320471923006213,trajectory,STRAIGHT,3.726888656616211,14.414122581017573,2.332630720047746e-05
1609,94975.468,14.417170524597168,2.3389315174426883e-05,-0.9900409579277039,2.794494776028464e-06,0.030000103637576103,6.178466378514713e-07,0.003181129228323698,0.029999999972361503,-1.2877538011212498e-06,-0.0011758465012836126,trajectory,STRAIGHT,3.727895736694336,14.417170524127854,2.3389315174426883e-05
1610,94975.593,14.420218467712402,2.345235043321736e-05,-0.9897150993347168,2.802279595927968e-06,0.030000103637576103,6.182333436299814e-07,0.00318978657014668,0.029999999971938186,-1.2975780862674994e-06,-0.001206772819225781,trajectory,STRAIGHT,3.728118658065796,14.420218467238074,2.345235043321736e-05
1611,94975.812,14.423445701599121,2.3519143724115565e-05,-0.9896817207336426,2.810522346409801e-06,0.030000103637576103,6.186423888721038e-07,-0.0038882619701325893,0.029999999971481527,-1.3080934013884693e-06,-0.0006565077343968461,trajectory,STRAIGHT,3.7275681495666504,14.423445701119418,2.3519143724115565e-05
1612,94975.953,14.429272651672363,2.3639846403966658e-05,-0.9907195568084717,2.8254050903353477e-06,0.030000103637576103,6.193691319822392e-07,-0.005133352242410183,0.029999999970634416,-1.3273789530865322e-06,-0.0005064745084470135,trajectory,STRAIGHT,3.7262728214263916,14.429272651182776,2.3639846403966658e-05
1613,94976.078,14.432230949401855,2.3701193640590645e-05,-0.9910128116607666,2.83296094494371e-06,0.030000103637576103,6.197319066814089e-07,0.000758023583330214,0.029999999970192846,-1.337321634802198e-06,-0.000917545935141838,trajectory,STRAIGHT,3.7265124320983887,14.43223094890716,2.3701193640590645e-05
1614,94976.203,14.435458183288574,2.3768145183566958e-05,-0.9907689094543457,2.8412036954255646e-06,0.030000103637576103,6.201265136951406e-07,0.002984683495014906,0.02999999996970209,-1.3482857800318255e-06,-0.0010949957421417444,trajectory,STRAIGHT,3.727621555328369,14.435458182788235,2.3768145183566958e-05
1615,94976.328,14.438506126403809,2.383141327300109e-05,-0.9904493689537048,2.848988515325099e-06,0.030000103637576103,6.204969054124376e-07,0.003201065817847848,0.029999999969229706,-1.3587558498770002e-06,-0.0011389941598864894,trajectory,STRAIGHT,3.7287099361419678,14.438506125898073,2.383141327300109e-05
1616,94976.453,14.441643714904785,2.3896594939287752e-05,-0.9901121258735657,2.8570023005158026e-06,0.030000103637576103,6.208756531123072e-07,0.003207257017493248,0.02999999996873416,-1.3696534338743453e-06,-0.001170384023285358,trajectory,STRAIGHT,3.7289373874664307,14.44164371439342,2.3896594939287752e-05
1617,94976.578,14.444781303405762,2.396180025243666e-05,-0.9897762537002563,2.8650160857065113e-06,0.030000103637576103,6.212513312675583e-07,0.0031896857544779778,0.02999999996822905,-1.3806727447459076e-06,-0.0012005817416039244,trajectory,STRAIGHT,3.7283871173858643,14.444781302888696,2.396180025243666e-05
1618,94976.703,14.44800853729248,2.4028920961427502e-05,-0.9897842407226562,2.873258836188389e-06,0.030000103637576103,6.216374686118797e-07,-0.004103890620172024,0.029999999967699215,-1.3921375790382641e-06,-0.0006314458887237571,trajectory,STRAIGHT,3.727086305618286,14.448008536769475,2.4028920961427502e-05
1619,94976.828,14.451056480407715,2.409235094091855e-05,-0.9902772307395935,2.8810436560879453e-06,0.030000103637576103,6.219971737664309e-07,-0.004880376625806093,0.029999999967189037,-1.403088673667031e-06,-0.00054432676252816,trajectory,STRAIGHT,3.7264344692230225,14.451056479879025,2.409235094091855e-05
1620,94976.968,14.454283714294434,2.415953713352792e-05,-0.9904931783676147,2.8892864065698347e-06,0.030000103637576103,6.223726245480066e-07,0.0015396148664876819,0.02999999996663827,-1.414815817035517e-06,-0.0010254793643047632,trajectory,STRAIGHT,3.726667642593384,14.454283713759647,2.415953713352792e-05
1621,94977.078,14.457331657409668,2.422305078653153e-05,-0.9902359247207642,2.8970712264694017e-06,0.030000103637576103,6.227260769264831e-07,0.003014638787135482,0.029999999966107773,-1.4260201440037138e-06,-0.0011468607605561397,trajectory,STRAIGHT,3.7276675701141357,14.457331656869046,2.422305078653153e-05
1622,94977.203,14.46028995513916,2.4284710889332928e-05,-0.9899265170097351,2.9046295821883683e-06,0.030000152066349983,6.230668532225536e-07,0.003176405094563961,0.02999999996558316,-1.437014311925421e-06,-0.001186569577417441,trajectory,STRAIGHT,3.727963447570801,14.460289954592804,2.4284710889332928e-05
1623,94977.312,14.463248252868652,2.4346418285858817e-05,-0.9898748993873596,2.9121126772247947e-06,0.03000015579164028,6.234076295186242e-07,-0.003460173960775137,0.029999999965048773,-1.4481275542138186e-06,-0.0006718115726588158,trajectory,STRAIGHT,3.727431535720825,14.46324825231649,2.4346418285858817e-05
1624,94977.437,14.466385841369629,2.4411894628428854e-05,-0.9903520941734314,2.9200259632539242e-06,0.03000015579164028,6.237640945983003e-07,-0.004803904797881842,0.029999999964471034,-1.4600471920777484e-06,-0.0005404533663866905,trajectory,STRAIGHT,3.726793050765991,14.46638584081123,2.4411894628428854e-05
1625,94977.562,14.469254493713379,2.4471790311508812e-05,-0.9905629754066467,2.9270545383111367e-06,0.03000015579164028,6.240851462280261e-07,0.0012059290893375874,0.029999999963932964,-1.4710616115445953e-06,-0.000992007071136931,trajectory,STRAIGHT,3.7268364429473877,14.469254493149203,2.4471790311508812e-05
1626,94977.765,14.472212791442871,2.4533595933462493e-05,-0.9903284907341003,2.934316398757891e-06,0.03000015579164028,6.244152359613508e-07,0.0029634239617735147,0.02999999996336763,-1.4825458144923919e-06,-0.0011350701822515506,trajectory,STRAIGHT,3.7277870178222656,14.472212790872662,2.4533595933462493e-05
1627,94977.906,14.478129386901855,2.4657298126840033e-05,-0.98970627784729,2.948455403392595e-06,0.03000015579164028,6.250685373743181e-07,0.003185658948495984,0.029999999962204864,-1.5058910965135503e-06,-0.0011839596255298634,trajectory,STRAIGHT,3.7280778884887695,14.478129386319353,2.4657298126840033e-05
1628,94978.031,14.481266975402832,2.4722936359466985e-05,-0.989683210849762,2.9558962069223138e-06,0.03000015579164028,6.254134632399655e-07,-0.0038962634280323982,0.029999999961570115,-1.5184838480105333e-06,-0.0006561805018461942,trajectory,STRAIGHT,3.7275452613830566,14.481266974813682,2.4722936359466985e-05
1629,94978.156,14.484404563903809,2.478863825672306e-05,-0.9901905655860901,2.9634122711372435e-06,0.03000015579164028,6.25753443728172e-07,-0.004969603847712278,0.029999999960922088,-1.5312331079414665e-06,-0.0005459585036609415,trajectory,STRAIGHT,3.726905345916748,14.484404563307919,2.478863825672306e-05
1630,94978.359,14.487452507019043,2.48524738708511e-05,-0.9904221296310425,2.9707177873285565e-06,0.03000015579164028,6.260787017708935e-07,0.0012917714193463326,0.029999999960279786,-1.543765689336601e-06,-0.0010352903227780108,trajectory,STRAIGHT,3.726257085800171,14.487452506416517,2.48524738708511e-05
1631,94978.5,14.493279457092285,2.497462264727801e-05,-0.9898864030838013,2.9846842153413924e-06,0.03000015579164028,6.266961349865596e-07,0.003170583862811327,0.029999999959015415,-1.5681438492117733e-06,-0.0011799325075513055,trajectory,STRAIGHT,3.7275571823120117,14.493279456476825,2.497462264727801e-05
1632,94978.625,14.496058464050293,2.5032137273228727e-05,-0.9897971749305725,2.990787606068846e-06,0.03000015579164028,5.806313083667192e-07,-0.0029869056306779385,0.029999999958398357,-1.5799046584001098e-06,-0.0007153208388937771,trajectory,STRAIGHT,3.7277817726135254,14.496058463428586,2.5032137273228727e-05
1633,94978.75,14.499016761779785,2.5082259526243433e-05,-0.9902404546737671,2.9960870042349634e-06,0.03000015579164028,4.332492551384348e-07,-0.004930570721626282,0.02999999995776612,-1.5918645675625024e-06,-0.0005415820408189442,trajectory,STRAIGHT,3.727238893508911,14.4990167611519,2.5082259526243433e-05
1634,94978.875,14.502154350280762,2.5119590645772405e-05,-0.9905750751495361,3.0000401222154235e-06,0.03000015579164028,2.786947561617126e-07,0.0005934835062362254,0.02999999995713584,-1.603698709667367e-06,-0.0009667753552594926,trajectory,STRAIGHT,3.7265989780426025,14.502154349647038,2.5119590645772405e-05
1635,94979.0,14.505202293395996,2.5140314392047003e-05,-0.9903573989868164,3.0035300807200796e-06,0.03000015579164028,1.271402823022072e-07,0.0029093315824866295,0.029999999956562724,-1.6143842502403676e-06,-0.0011287660269272348,trajectory,STRAIGHT,3.7268669605255127,14.505202292757316,2.5140314392047003e-05
1636,94979.109,14.508339881896973,2.514533480280079e-05,-0.9900327920913696,3.0071196292725675e-06,0.03000015579164028,-3.202975307203815e-08,0.003176276106387377,0.029999999956015277,-1.6245256375074267e-06,-0.0011759110408325133,trajectory,STRAIGHT,3.727862596511841,14.50833988125396,2.514533480280079e-05
1637,94979.234,14.51147747039795,2.5133485905826092e-05,-0.9896976947784424,3.0105336443961606e-06,0.03000015579164028,-1.9411838536598225e-07,0.0031885674688965082,0.02999999995551409,-1.6337547054535e-06,-0.0012079041163352267,trajectory,STRAIGHT,3.72804856300354,14.511477469751416,2.514533480280079e-05
1638,94979.375,14.514615058898926,2.510442391212564e-05,-0.9896331429481506,3.0140811286879477e-06,0.03000015579164028,-3.6018008131577517e-07,-0.003611863125115633,0.029999999955061637,-1.6420418858069758e-06,-0.0006818128410506173,trajectory,STRAIGHT,3.727494716644287,14.514615058249717,2.514533480280079e-05
1639,94979.5,14.517752647399902,2.505779775674455e-05,-0.9901362061500549,3.0177418446066053e-06,0.03000015579164028,-5.282606139189738e-07,-0.0050377557054162025,0.029999999954660947,-1.6493462697066375e-06,-0.0005454230262071636,trajectory,STRAIGHT,3.7268524169921875,14.517752646748894,2.514533480280079e-05
1640,94979.625,14.520800590515137,2.4995519197545946e-05,-0.990409791469574,3.0212979686345382e-06,0.03000015579164028,-6.930658855708316e-07,0.0010171046014875174,0.029999999954323713,-1.6554688616371927e-06,-0.0009940408912062337,trajectory,STRAIGHT,3.726200819015503,14.52080058986324,2.514533480280079e-05
1641,94979.843,14.524027824401855,2.491107807145454e-05,-0.9901570677757263,3.0250632764209413e-06,0.03000015579164028,-8.712611929695413e-07,0.002984330290928483,0.029999999954025202,-1.660869605526862e-06,-0.0011520408095468404,trajectory,STRAIGHT,3.726487874984741,14.524027823749966,2.514533480280079e-05
1642,94979.968,14.529675483703613,2.471633706591092e-05,-0.9895628094673157,3.0316525662017906e-06,0.03000013157725334,-1.1909777413166012e-06,0.0031836924608796835,0.02999999995365742,-1.6674995657679295e-06,-0.0012088008953369035,trajectory,STRAIGHT,3.727201223373413,14.52967548305417,2.514533480280079e-05
1643,94980.093,14.532544136047363,2.4594015485490672e-05,-0.9894518852233887,3.034992458966623e-06,0.03000013157725334,-1.3580553286374197e-06,-0.002993951551616192,0.02999999995355037,-1.6694243763302706e-06,-0.0007462320539465006,trajectory,STRAIGHT,3.727201223373413,14.532544135400387,2.514533480280079e-05
1644,94980.218,14.535771369934082,2.4437096726614982e-05,-0.9899610877037048,3.038504017738777e-06,0.03000013157725334,-1.5480650290555786e-06,-0.005228362046182156,0.029999999953498193,-1.6703616865221734e-06,-0.0005420190903654154,trajectory,STRAIGHT,3.726559638977051,14.535771369290895,2.514533480280079e-05
1645,94980.343,14.538819313049316,2.426994251436554e-05,-0.9904794096946716,3.041778198462398e-06,0.03000013157725334,-1.729650875859079e-06,-0.0047290148213505745,0.02999999995351703,-1.6700234353416286e-06,-0.0005385606388885809,trajectory,STRAIGHT,3.7259113788604736,14.538819312410705,2.514533480280079e-05
1646,94980.468,14.54186725616455,2.4084474716801196e-05,-0.9907710552215576,3.044775665609875e-06,0.03000013157725334,-1.90476441730425e-06,0.0007348732324317098,0.029999999953603362,-1.66847184278185e-06,-0.0009383276334644463,trajectory,STRAIGHT,3.7262120246887207,14.541867255531479,2.514533480280079e-05
1647,94980.578,14.545004844665527,2.3875758415670134e-05,-0.9905375838279724,3.0475030130863646e-06,0.03000013157725334,-2.0666032014560187e-06,0.0029588534962385893,0.029999999953759182,-1.6656676796279334e-06,-0.0011151122004717563,trajectory,STRAIGHT,3.727263927459717,14.54500484403909,2.514533480280079e-05
1648,94980.718,14.548052787780762,2.3658234567847103e-05,-0.9902195930480957,3.049860878524201e-06,0.03000013157725334,-2.192525926147937e-06,0.003192554460838437,0.029999999953967252,-1.661916036534289e-06,-0.001159960561152803,trajectory,STRAIGHT,3.7282609939575195,14.54805278716154,2.514533480280079e-05
1649,94980.828,14.551100730895996,2.342979314562399e-05,-0.9898933172225952,3.0518121998492577e-06,0.03000013157725334,-2.2787148736824747e-06,0.0032020914368331432,0.029999999954218707,-1.6573706676235812e-06,-0.0011910016689474533,trajectory,STRAIGHT,3.728442668914795,14.551100730284551,2.514533480280079e-05
1650,94980.953,14.553969383239746,2.3208911443362013e-05,-0.989793062210083,3.0535802578954173e-06,0.03000013157725334,-2.315630808880087e-06,-0.0029820348136126995,0.029999999954479807,-1.652637785779025e-06,-0.0007156125103718026,trajectory,STRAIGHT,3.727888584136963,14.553969382635916,2.514533480280079e-05
1651,94981.078,14.557106971740723,2.2965807147556916e-05,-0.9902676939964294,3.0555070227041093e-06,0.03000013157725334,-2.306243686689413e-06,-0.004957139026373625,0.029999999954774068,-1.6472873801031206e-06,-0.0005338725840336068,trajectory,STRAIGHT,3.727243185043335,14.557106971145288,2.514533480280079e-05
1652,94981.203,14.560065269470215,2.2739535779692233e-05,-0.9905736446380615,3.0563101067435394e-06,0.03000013157725334,-2.260803512399434e-06,0.0005899344687350094,0.029999999955045195,-1.6423422184673146e-06,-0.0009459004188404485,trajectory,STRAIGHT,3.726590633392334,14.560065268882528,2.514533480280079e-05
1653,94981.312,14.562844276428223,2.2531949070980772e-05,-0.9903820157051086,3.0564042393895423e-06,0.03000013157725334,-2.2010178781783907e-06,0.0028440975584089756,0.029999999955284955,-1.637956844139235e-06,-0.001122379289068155,trajectory,STRAIGHT,3.7268643379211426,14.56284427584755,2.514533480280079e-05
1654,94981.437,14.5659818649292,2.2304635422187857e-05,-0.9900600910186768,3.056280320649413e-06,0.03000013157725334,-2.1296807517501293e-06,0.0031703084241598845,0.029999999955532368,-1.6334190601535506e-06,-0.001164572392649822,trajectory,STRAIGHT,3.7278635501861572,14.56598186435607,2.514533480280079e-05
1655,94981.562,14.569209098815918,2.207831130363047e-05,-0.989715576171875,3.0561575391453584e-06,0.03000013157725334,-2.0622887859644834e-06,0.0031890482641756535,0.02999999995576157,-1.629204057161774e-06,-0.0012058496956344677,trajectory,STRAIGHT,3.72804856300354,14.569209098250154,2.514533480280079e-05
1656,94981.687,14.572257041931152,2.187097015848849e-05,-0.9895826578140259,3.056091600583111e-06,0.03000013157725334,-2.0038844468217576e-06,-0.002905389992520213,0.029999999955956216,-1.6256158998450203e-06,-0.0007400696985927767,trajectory,STRAIGHT,3.727496385574341,14.572257041372009,2.514533480280079e-05
1657,94981.796,14.575215339660645,2.1675165044143796e-05,-0.9900341629981995,3.0558405800348354e-06,0.03000013157725334,-1.9526096366462298e-06,-0.005109210964292288,0.029999999956126927,-1.6224624871308716e-06,-0.000547025784945283,trajectory,STRAIGHT,3.726855993270874,14.575215339107643,2.514533480280079e-05
1658,94981.921,14.578263282775879,2.1478448616107926e-05,-0.9903692603111267,3.0555622746783495e-06,0.03000013157725334,-1.905517024169967e-06,0.0005232859984971583,0.029999999956285696,-1.6195240153143452e-06,-0.0009610431195865687,trajectory,STRAIGHT,3.7262043952941895,14.578263282228946,2.514533480280079e-05
1659,94982.046,14.581400871276855,2.1280675355228595e-05,-0.9901466369628906,3.055275783855108e-06,0.03000013157725334,-1.8625466964294901e-06,0.002912060357630253,0.02999999995643298,-1.6167934588817112e-06,-0.0011485606550073735,trajectory,STRAIGHT,3.726442575454712,14.581400870735923,2.514533480280079e-05
1660,94982.156,14.584269523620605,2.1103556719026528e-05,-0.9898509383201599,3.055013849374745e-06,0.03000013157725334,-1.8282122482560226e-06,0.0031634075567126274,0.0,0.0,0.0,trajectory_no_feasible,STRAIGHT,3.727468967437744,14.58426952308497,2.514533480280079e-05
1661,94982.296,14.587313652038574,2.0919216694892384e-05,-0.989791989326477,3.0547998054332916e-06,0.029596062377095222,-1.7732700143824331e-06,-0.0035179778933525085,0.029999999956671877,-1.6123545848791525e-06,-0.0006746517501318494,trajectory,STRAIGHT,3.727633237838745,14.587313651508373,2.514533480280079e-05
1662,94982.406,14.590253829956055,2.074402800644748e-05,-0.9902752041816711,3.0552150043355845e-06,0.02805432677268982,-1.663473426560813e-06,-0.004975316114723682,0.029999999956774052,-1.6104524385784048e-06,-0.0005364926564097815,trajectory,STRAIGHT,3.7270801067352295,14.590253829430955,2.514533480280079e-05
1663,94982.531,14.59315013885498,2.0573545043589547e-05,-0.9905384182929993,3.0556200900802867e-06,0.027226686477661133,-1.5912755770841613e-06,0.0011835395125672221,0.029999999956867765,-1.6087057444403767e-06,-0.0010160404010266476,trajectory,STRAIGHT,3.726104497909546,14.5931501383348,2.514533480280079e-05
1664,94982.64,14.595747947692871,2.0422774468897842e-05,-0.9903134107589722,3.056074377353017e-06,0.02698577009141445,-1.5530166592725436e-06,0.0029490103479474783,0.02999999995694422,-1.6072793191725337e-06,-0.0011357495015883435,trajectory,STRAIGHT,3.7161333560943604,14.595747947176992,2.514533480280079e-05
1665,94982.765,14.59858512878418,2.0261077224859037e-05,-0.9899870753288269,3.0556878801786286e-06,0.02702372521162033,-1.5286022971849889e-06,0.003180469386279583,0.029999999957018332,-1.6058953438276519e-06,-0.0011804640557893731,trajectory,STRAIGHT,3.7228760719299316,14.59858512827285,2.514533480280079e-05
1666,94982.906,14.601346015930176,2.0106013835174963e-05,-0.9899042248725891,3.054634536615428e-06,0.027214650064706802,-1.5130879091884708e-06,-0.0032617507968097925,0.029999999957083284,-1.604681519911001e-06,-0.0006835597722876974,trajectory,STRAIGHT,3.7262914180755615,14.601346015423156,2.514533480280079e-05
1667,94983.015,14.604134559631348,1.995212551264558e-05,-0.990369439125061,3.053485631865758e-06,0.027469579130411148,-1.5055969697641558e-06,-0.004873340949416161,0.02999999995713882,-1.603643013162626e-06,-0.0005350101713978261,trajectory,STRAIGHT,3.727126359939575,14.604134559128541,2.514533480280079e-05
1668,94983.14,14.606952667236328,1.979859189304989e-05,-0.99069744348526,3.051976978075102e-06,0.027741167694330215,-1.5061993963172426e-06,0.0004672270151786506,0.029999999957188134,-1.60272019628462e-06,-0.0009254258089949795,trajectory,STRAIGHT,3.7254350185394287,14.60695266673768,2.514533480280079e-05
1669,94983.265,14.609881401062012,1.96400324057322e-05,-0.9904760718345642,3.0502877159002802e-06,0.0280151329934597,-1.5153414096857887e-06,0.002919176360592246,0.029999999957236154,-1.6018210671856274e-06,-0.0011326503391628573,trajectory,STRAIGHT,3.72541880607605,14.609881400567636,2.514533480280079e-05
1670,94983.375,14.612497329711914,1.9498440451570787e-05,-0.9901889562606812,3.048606114289302e-06,0.028242239728569984,-1.530707891106431e-06,0.0031738930847495794,0.029999999957279744,-1.6010044591332497e-06,-0.0011627007496510767,trajectory,STRAIGHT,3.7262768745422363,14.61249732922135,2.514533480280079e-05
1671,94983.5,14.615386009216309,1.9341130609973334e-05,-0.9898632168769836,3.046540196477042e-06,0.02846907079219818,-1.5546269196420326e-06,0.0031945151276886463,0.029999999957332803,-1.6000098586012048e-06,-0.0011932459761053093,trajectory,STRAIGHT,3.726447582244873,14.615386008730004,2.514533480280079e-05
1672,94983.625,14.618390083312988,1.9176477508153766e-05,-0.9897933006286621,3.044956557801961e-06,0.028678113594651222,-1.5818643532838905e-06,-0.0035029943101108074,0.029999999957392286,-1.598894227694019e-06,-0.0006752456668386354,trajectory,STRAIGHT,3.7260076999664307,14.618390082831164,2.514533480280079e-05
1673,94983.75,14.62132453918457,1.9013716155313887e-05,-0.9902660846710205,3.0437101078016223e-06,0.028855713084340096,-1.6096425952127902e-06,-0.0048950910568237305,0.029999999957458855,-1.597644675525394e-06,-0.0005433090515910554,trajectory,STRAIGHT,3.725524425506592,14.62132453870722,2.514533480280079e-05
1674,94983.859,14.624361991882324,1.884314406197518e-05,-0.9905266165733337,3.0428981646007393e-06,0.029014121741056442,-1.6395107422795263e-06,0.0011854209005832672,0.02999999995753692,-1.5961781137920505e-06,-0.0010167234130679537,trajectory,STRAIGHT,3.725057363510132,14.62436199140971,2.514533480280079e-05
1675,94983.984,14.627240180969238,1.867939135991037e-05,-0.9902929067611694,3.0425509178454486e-06,0.02914462424814701,-1.6680706949045998e-06,0.0029604919254779816,0.0299999999576204,-1.5946084625744983e-06,-0.0011382114925301955,trajectory,STRAIGHT,3.725764513015747,14.627240180501216,2.514533480280079e-05
1676,94984.109,14.630223274230957,1.850802800618112e-05,-0.9899759888648987,3.0421048243338506e-06,0.029261736199259758,-1.6907637245822116e-06,0.0031757864635437727,0.0299999999577154,-1.5928201675260998e-06,-0.0011815441649052005,trajectory,STRAIGHT,3.726897716522217,14.630223273767776,2.514533480280079e-05
1677,94984.234,14.633206367492676,1.833474925660994e-05,-0.9899133443832397,3.0413414640741485e-06,0.029363831505179405,-1.7054578620445682e-06,-0.0034256712533533573,0.029999999957820635,-1.5908368241756332e-06,-0.0006704770150901529,trajectory,STRAIGHT,3.7269742488861084,14.63320636703443,2.514533480280079e-05
1678,94984.359,14.63611888885498,1.8165523215429857e-05,-0.990362286567688,3.0409299835688466e-06,0.02944919839501381,-1.7118979940278223e-06,-0.004798546899110079,0.029999999957924572,-1.5888755625722123e-06,-0.0005409508459074374,trajectory,STRAIGHT,3.7265119552612305,14.636118888401555,2.514533480280079e-05
1679,94984.484,14.639134407043457,1.7990905689657666e-05,-0.99063640832901,3.0403139535667176e-06,0.02952476404607296,-1.710547962829878e-06,0.0009468101197853684,0.029999999958031494,-1.5868553890459973e-06,-0.0009868733193529721,trajectory,STRAIGHT,3.7259910106658936,14.639134406594989,2.514533480280079e-05
1680,94984.609,14.642061233520508,1.7821943401941098e-05,-0.990412712097168,3.039167319606896e-06,0.029588427394628525,-1.7014837112583336e-06,0.002934661228209734,0.02999999995813542,-1.584889451839177e-06,-0.0011253333363505857,trajectory,STRAIGHT,3.7266128063201904,14.642061233076825,2.514533480280079e-05
1681,94984.734,14.645076751708984,1.764920489222277e-05,-0.9900965094566345,3.037608514351918e-06,0.029645251110196114,-1.6841366914377431e-06,0.003177322680130601,0.029999999958238727,-1.5829328881759184e-06,-0.0011703798591749326,trajectory,STRAIGHT,3.727656364440918,14.645076751270166,2.514533480280079e-05
1682,94984.859,14.648180961608887,1.7473657862865366e-05,-0.9897612929344177,3.036353444387373e-06,0.029695603996515274,-1.6589632423347211e-06,0.003188950242474675,0.029999999958335966,-1.5810888069383783e-06,-0.0012019567237362048,trajectory,STRAIGHT,3.727658748626709,14.648180961174958,2.514533480280079e-05
1683,94984.984,14.651298522949219,1.7300637409789488e-05,-0.9896555542945862,3.0351294744139513e-06,0.029739094898104668,-1.6378427289964748e-06,-0.0032478594221174717,0.0299999999584203,-1.5794878478711062e-06,-0.0007070196982806087,trajectory,STRAIGHT,3.7271335124969482,14.651298522520039,2.514533480280079e-05
1684,94985.109,14.65461540222168,1.7119709809776396e-05,-0.9901767373085022,3.0344979994820502e-06,0.029778195545077324,-1.6234600934694754e-06,-0.005054316017776728,0.029999999958496094,-1.5780476699237805e-06,-0.0005410874635820441,trajectory,STRAIGHT,3.7265396118164062,14.654615401797393,2.514533480280079e-05
1685,94985.234,14.657752990722656,1.6949665223364718e-05,-0.9905202388763428,3.034252887652109e-06,0.029809556901454926,-1.6152519037859747e-06,0.0005587486084550619,0.02999999995856342,-1.57676724907524e-06,-0.0009500701419427182,trajectory,STRAIGHT,3.7259397506713867,14.657752990302942,2.514533480280079e-05
1686,94985.359,14.66080093383789,1.6785608750069514e-05,-0.9903045296669006,3.033861744496725e-06,0.029835835099220276,-1.6000174127839273e-06,0.00290157413110137,0.029999999958624946,-1.5755961831211592e-06,-0.0011331969961121025,trajectory,STRAIGHT,3.7264487743377686,14.660800933422564,2.514533480280079e-05
1687,94985.484,14.663938522338867,1.6618441804894246e-05,-0.9899805188179016,3.033575129487877e-06,0.029859142377972603,-1.5852147043915465e-06,0.0031723298598080873,0.02999999995868117,-1.5745252606709897e-06,-0.0011805307266045926,trajectory,STRAIGHT,3.7275092601776123,14.663938521927971,2.514533480280079e-05
1688,94985.593,14.667076110839844,1.6452457202831283e-05,-0.9898885488510132,3.033560428360194e-06,0.029879264533519745,-1.5775697193021188e-06,-0.003268064698204398,0.029999999958732388,-1.5735490139768309e-06,-0.0006841263861712565,trajectory,STRAIGHT,3.727776527404785,14.66707611043332,2.514533480280079e-05
1689,94985.718,14.670124053955078,1.629168400540948e-05,-0.9903465509414673,3.0336936516383382e-06,0.02989599108695984,-1.5742189134471118e-06,-0.004814099986106157,0.029999999958780586,-1.5726299618008916e-06,-0.0005415822599421671,trajectory,STRAIGHT,3.727259397506714,14.670124053552778,2.514533480280079e-05
1690,94985.859,14.673351287841797,1.6122185115818866e-05,-0.9905980229377747,3.033879593732143e-06,0.029911084100604057,-1.563042701491213e-06,0.0013270032359287143,0.029999999958828974,-1.57170660590998e-06,-0.001000184053737061,trajectory,STRAIGHT,3.726640224456787,14.67335128744393,2.514533480280079e-05
1691,94985.984,14.676309585571289,1.5968211300787516e-05,-0.9903581738471985,3.033852315738637e-06,0.029923023656010628,-1.5473503935936606e-06,0.0029821705538779497,0.029999999958867672,-1.5709677615940644e-06,-0.0011335466644123826,trajectory,STRAIGHT,3.726874589920044,14.67630958517742,2.514533480280079e-05
1692,94986.093,14.679357528686523,1.5811210687388666e-05,-0.990040123462677,3.033664972557238e-06,0.029933668673038483,-1.531038606117363e-06,0.0031811650842428207,0.029999999958900497,-1.5703408627147599e-06,-0.0011759015630054658,trajectory,STRAIGHT,3.7278575897216797,14.67935752829669,2.514533480280079e-05
1693,94986.328,14.682584762573242,1.5646786778233945e-05,-0.9896957874298096,3.033358484567345e-06,0.02994333766400814,-1.5137691207200987e-06,0.0031849441584199667,0.029999999958927118,-1.5698321003312587e-06,-0.001207387666522365,trajectory,STRAIGHT,3.7280426025390625,14.682584762187593,2.514533480280079e-05
1694,94986.453,14.688142776489258,1.5367990272352472e-05,-0.9893751740455627,3.0331456789258397e-06,0.029956849291920662,-1.4839292816759553e-06,-0.003629976650699973,0.029999999958951702,-1.5693622670096682e-06,-0.0006933459641088369,trajectory,STRAIGHT,3.726227045059204,14.688142776110599,2.514533480280079e-05
1695,94986.578,14.691280364990234,1.5213058759400155e-05,-0.9898896813392639,3.032769382996745e-06,0.029962996020913124,-1.4671275039290776e-06,-0.005240926053375006,0.029999999958953888,-1.5693204155476839e-06,-0.0005528241756163943,trajectory,STRAIGHT,3.726227045059204,14.6912803646154,2.514533480280079e-05
1696,94986.703,14.694328308105469,1.5064238141349051e-05,-0.9904088973999023,3.0329001290842948e-06,0.029968103393912315,-1.4508430012938334e-06,-0.004770265426486731,0.029999999958946623,-1.569459350640244e-06,-0.0005419219693044498,trajectory,STRAIGHT,3.725588083267212,14.694328307734267,2.514533480280079e-05
1697,94986.812,14.697465896606445,1.4912773622199893e-05,-0.9906859397888184,3.0330467905389058e-06,0.029972609132528305,-1.4341695759867434e-06,0.0010047170799225569,0.02999999995892998,-1.5697774416159905e-06,-0.0009672674145003691,trajectory,STRAIGHT,3.7260289192199707,14.6974658962389,2.514533480280079e-05
1698,94986.953,14.700693130493164,1.4758808902115561e-05,-0.9904322624206543,3.0332414272542057e-06,0.029976587742567062,-1.4169589803714189e-06,0.0029976428486406803,0.029999999958902845,-1.570295954603055e-06,-0.001127219207943101,trajectory,STRAIGHT,3.7270946502685547,14.700693130129286,2.514533480280079e-05
1699,94987.078,14.70383071899414,1.4610905054723844e-05,-0.990103542804718,3.0332757646253293e-06,0.029979923740029335,-1.4002005173097132e-06,0.003191255731508136,0.029999999958866673,-1.5709868442882737e-06,-0.0011702842961305293,trajectory,STRAIGHT,3.728101968765259,14.703830718633741,2.514533480280079e-05
1700,94987.203,14.706789016723633,1.4473064766207244e-05,-0.9897868633270264,3.032835345239738e-06,0.029982661828398705,-1.384399524795299e-06,0.0031953174620866776,0.029999999958823947,-1.5718025166851607e-06,-0.001200878716764574,trajectory,STRAIGHT,3.7276997566223145,14.706789016366434,2.514533480280079e-05
1701,94987.312,14.709836959838867,1.43326878969674e-05,-0.989728569984436,3.0319692813481252e-06,0.029985079541802406,-1.368013158753456e-06,-0.0035511404275894165,0.029999999958770736,-1.5728178158987961e-06,-0.0006779835261767985,trajectory,STRAIGHT,3.7276997566223145,14.709836959484884,2.514533480280079e-05
1702,94987.437,14.71279525756836,1.4198035387380514e-05,-0.9901922345161438,3.0307694332497767e-06,0.029987096786499023,-1.3521951132133836e-06,-0.004944699816405773,0.029999999958709767,-1.5739802827525593e-06,-0.0005433155484861019,trajectory,STRAIGHT,3.727057456970215,14.712795257217417,2.514533480280079e-05
1703,94987.546,14.715843200683594,1.4060929970582947e-05,-0.9904772043228149,3.0292367121946472e-06,0.0299888476729393,-1.3364548294703127e-06,0.0009015945252031088,0.02999999995863698,-1.575367001245939e-06,-0.000978968993156769,trajectory,STRAIGHT,3.726407051086426,14.715843200335705,2.514533480280079e-05
1704,94987.671,14.718801498413086,1.3929114174970891e-05,-0.99025559425354,3.0279804803239096e-06,0.029990417882800102,-1.3279491213324945e-06,0.002924443921074271,0.029999999958557292,-1.5768836939664766e-06,-0.0011393631844285224,trajectory,STRAIGHT,3.7266416549682617,14.718801498068098,2.514533480280079e-05
1705,94987.796,14.721759796142578,1.3797697647532914e-05,-0.989949643611908,3.0265807741299123e-06,0.029991744086146355,-1.3283753332871129e-06,0.003170632990077138,0.02999999995847376,-1.5784721846187488e-06,-0.0011840877042009978,trajectory,STRAIGHT,3.7276413440704346,14.72175979580047,2.514533480280079e-05
1706,94987.921,14.724807739257812,1.3661775483342353e-05,-0.9898300766944885,3.025201075979633e-06,0.029992906376719475,-1.3382476709011826e-06,-0.002947599161416292,0.029999999958388573,-1.5800902993738128e-06,-0.0007006074779524951,trajectory,STRAIGHT,3.72786808013916,14.724807738918697,2.514533480280079e-05
1707,94988.031,14.727855682373047,1.3524366295314394e-05,-0.9902818202972412,3.0238636691935883e-06,0.029994046315550804,-1.3575846651292522e-06,-0.004885067697614431,0.02999999995830992,-1.5815829318969677e-06,-0.0005417091419862452,trajectory,STRAIGHT,3.7273218631744385,14.727855682036996,2.514533480280079e-05
1708,94988.156,14.730903625488281,1.3384509657043964e-05,-0.990581750869751,3.0225096588504435e-06,0.029995011165738106,-1.386221697430301e-06,0.0007629289757460356,0.029999999958243786,-1.5828369359830533e-06,-0.0009587143204971726,trajectory,STRAIGHT,3.72668194770813,14.730903625155417,2.514533480280079e-05
1709,94988.281,14.734041213989258,1.323697142652236e-05,-0.9903480410575867,3.0209971702919694e-06,0.029995737597346306,-1.425723212378216e-06,0.0029476385097950697,0.029999999958195453,-1.5837527715805255e-06,-0.001132005317658642,trajectory,STRAIGHT,3.7269034385681152,14.73404121365985,2.514533480280079e-05
1710,94988.421,14.737268447875977,1.3080319149594288e-05,-0.9900123476982117,3.0195260660284285e-06,0.0299964752048254,-1.4769306062589749e-06,0.003181286621838808,0.02999999995817385,-1.5841619086310316e-06,-0.001167481834590891,trajectory,STRAIGHT,3.7278854846954346,14.737268447550369,2.514533480280079e-05
1711,94988.531,14.740495681762695,1.2917566891701426e-05,-0.9896675944328308,3.0181584157470553e-06,0.029997212812304497,-1.5383249092337792e-06,0.0031876254361122847,0.02999999995818872,-1.5838802347962244e-06,-0.0012102315732320423,trajectory,STRAIGHT,3.7280666828155518,14.74049568144119,2.514533480280079e-05
1712,94988.656,14.743364334106445,1.2767193766194396e-05,-0.989632248878479,3.0172707479729166e-06,0.029997868463397026,-1.5940607909215032e-06,-0.0036306327674537897,0.02999999995823688,-1.5829677831196684e-06,-0.000681677810262783,trajectory,STRAIGHT,3.726872205734253,14.743364333788872,2.514533480280079e-05
1713,94988.781,14.74641227722168,1.2601701200765092e-05,-0.9901193976402283,3.0164121771307955e-06,0.029998458921909332,-1.6503022379765753e-06,-0.005024876911193132,0.02999999995832473,-1.5813020598217106e-06,-0.0005457808406761721,trajectory,STRAIGHT,3.726872205734253,14.746412276908567,2.514533480280079e-05
1714,94988.906,14.749460220336914,1.2430631613824517e-05,-0.9903925061225891,3.015640236683744e-06,0.029998745769262314,-1.703112616269209e-06,0.0010180760873481631,0.0299999999584496,-1.5789312326821809e-06,-0.000995721012209767,trajectory,STRAIGHT,3.7262206077575684,14.749460220028539,2.514533480280079e-05
1715,94989.125,14.752687454223633,1.2244249774084892e-05,-0.9901397824287415,3.0153198653515497e-06,0.02999894693493843,-1.7450835230192752e-06,0.0029835684690624475,0.0299999999586176,-1.5757360164919635e-06,-0.0011536032059261282,trajectory,STRAIGHT,3.726463556289673,14.752687453920531,2.514533480280079e-05
1716,94989.25,14.758424758911133,1.1905698556802236e-05,-0.9895360469818115,3.0147523371813977e-06,0.02999930828809738,-1.771004008332966e-06,0.003182652173563838,0.02999999995897323,-1.5689506930183375e-06,-0.0012108148714061705,trajectory,STRAIGHT,3.7271721363067627,14.758424758617755,2.514533480280079e-05
1717,94989.375,14.761651992797852,1.1714946595020592e-05,-0.9894661903381348,3.0144331023777105e-06,0.02999957650899887,-1.7580140365680563e-06,-0.0037172255106270313,0.029999999959182146,-1.5649508693645874e-06,-0.0006888301386466544,trajectory,STRAIGHT,3.7271721363067627,14.761651992509954,2.514533480280079e-05
1718,94989.515,14.764789581298828,1.1531653399288189e-05,-0.989977240562439,3.013992224653398e-06,0.029999837279319763,-1.732801479192858e-06,-0.0051337373442947865,0.02999999995937608,-1.5612287702099438e-06,-0.0005530243898460862,trajectory,STRAIGHT,3.726531982421875,14.764789581016148,2.514533480280079e-05
1719,94989.609,14.767658233642578,1.1366360013198573e-05,-0.9904533624649048,3.0137909988725833e-06,0.030000071972608566,-1.7101010598707944e-06,-0.004668113309890032,0.02999999995954187,-1.558039655804408e-06,-0.000544025778999958,trajectory,STRAIGHT,3.7258830070495605,14.767658233364552,2.514533480280079e-05
1720,94989.75,14.770795822143555,1.118819182011066e-05,-0.9906899929046631,3.013886268689301e-06,0.030000267550349236,-1.6838538385854918e-06,0.001286376267671585,0.02999999995970928,-1.5548129062962861e-06,-0.0010085534232169725,trajectory,STRAIGHT,3.7261369228363037,14.77079582187049,2.514533480280079e-05
1721,94989.875,14.773664474487305,1.1027632353943773e-05,-0.9904601573944092,3.014145247956443e-06,0.03000044636428356,-1.6615089180049836e-06,0.002973084105178714,0.029999999959849793,-1.5520993174363286e-06,-0.0011236817698301526,trajectory,STRAIGHT,3.727172374725342,14.773664474218657,2.514533480280079e-05
1722,94990.0,14.776533126831055,1.0869131983781699e-05,-0.9901609420776367,3.0143946772783007e-06,0.030000584200024605,-1.640707864680735e-06,0.0031883211340755224,0.029999999959979404,-1.5495920034259109e-06,-0.0011659545750461408,trajectory,STRAIGHT,3.7281579971313477,14.776533126566724,2.514533480280079e-05
1723,94990.125,14.779581069946289,1.0702852705435362e-05,-0.9898346662521362,3.0147091355613773e-06,0.030000710859894753,-1.619920794837526e-06,0.0032000928185880184,0.029999999960105588,-1.5471472869365463e-06,-0.0011963499472620253,trajectory,STRAIGHT,3.728297472000122,14.77958106968644,2.514533480280079e-05
1724,94990.25,14.782629013061523,1.0538622518652119e-05,-0.9897165894508362,3.0149642493520304e-06,0.030000781640410423,-1.6003729115254828e-06,-0.003018205752596259,0.02999999996022064,-1.544914767730459e-06,-0.000719118092466564,trajectory,STRAIGHT,3.7277374267578125,14.782629012806055,2.514533480280079e-05
1725,94990.375,14.7857666015625,1.0371571988798678e-05,-0.9901962280273438,3.015226866419754e-06,0.030000807717442513,-1.5817556686670287e-06,-0.005013575311750174,0.02999999996032785,-1.5428314662673847e-06,-0.0005406918649013914,trajectory,STRAIGHT,3.72709059715271,14.785766601311444,2.514533480280079e-05
1726,94990.484,14.788993835449219,1.0201700206380337e-05,-0.9905173778533936,3.015501534188592e-06,0.030000783503055573,-1.5642439166185795e-06,0.0008807203848846257,0.029999999960427046,-1.5409013707725817e-06,-0.0009751150129533581,trajectory,STRAIGHT,3.726438045501709,14.788993835202604,2.514533480280079e-05
1727,94990.609,14.792041778564453,1.0042931535281241e-05,-0.990287721157074,3.015756647546466e-06,0.0300007201731205,-1.5490438727283617e-06,0.002943005645647645,0.029999999960511135,-1.5392634402009473e-06,-0.0011374775827306203,trajectory,STRAIGHT,3.726712226867676,14.792041778321952,2.514533480280079e-05
1728,94990.734,14.795089721679688,9.88564352155663e-06,-0.9899712800979614,3.016014034588972e-06,0.030000656843185425,-1.5351740785263246e-06,0.003177180653437972,0.029999999960586526,-1.537793399721085e-06,-0.0011821188608773646,trajectory,STRAIGHT,3.727724552154541,14.795089721441228,2.514533480280079e-05
1729,94990.859,14.798227310180664,9.72513862507185e-06,-0.9898990392684937,3.0162743773731556e-06,0.0300005916506052,-1.5222309457385563e-06,-0.003425729228183627,0.02999999996065572,-1.5364428778689453e-06,-0.0006713944152809071,trajectory,STRAIGHT,3.7279582023620605,14.798227309946295,2.514533480280079e-05
1730,94991.0,14.80136489868164,9.565915206621867e-06,-0.9903773665428162,3.0165369938639517e-06,0.03000052645802498,-1.5107930266822223e-06,-0.004807662218809128,0.029999999960717144,-1.5352430550385975e-06,-0.0005400958213923978,trajectory,STRAIGHT,3.7274129390716553,14.801364898451302,2.514533480280079e-05
1731,94991.109,14.804323196411133,9.416819921170827e-06,-0.9906198978424072,3.0167846037111056e-06,0.030000464990735054,-1.5013988559076097e-06,0.0010838265297934413,0.029999999960768756,-1.5342341801946765e-06,-0.0009782829249080382,trajectory,STRAIGHT,3.726771354675293,14.804323196184544,2.514533480280079e-05
1732,94991.234,14.807371139526367,9.264112122764345e-06,-0.9903814196586609,3.017039716900132e-06,0.03000040166079998,-1.4930168390492327e-06,0.002970221685245633,0.02999999996081636,-1.5333031109354419e-06,-0.0011411184465315305,trajectory,STRAIGHT,3.726986885070801,14.807371139303598,2.514533480280079e-05
1733,94991.359,14.81032943725586,9.11665028979769e-06,-0.9900732040405273,3.017287326772854e-06,0.030000340193510056,-1.4861666386423167e-06,0.003180920612066984,0.02999999996085791,-1.532489922043873e-06,-0.001173207151635669,trajectory,STRAIGHT,3.727957248687744,14.81032943703676,2.514533480280079e-05
1734,94991.468,14.813287734985352,8.969802365754731e-06,-0.9897569417953491,3.0173257529014757e-06,0.03000027872622013,-1.4805947330387426e-06,0.003191109048202634,0.029999999960896046,-1.5317430935094973e-06,-0.0012033704273503908,trajectory,STRAIGHT,3.728166103363037,14.813287734769894,2.514533480280079e-05
1735,94991.593,14.816335678100586,8.819015420158394e-06,-0.9896603226661682,3.0173412142901195e-06,0.030000215396285057,-1.4761658349016216e-06,-0.003248087363317609,0.029999999960932392,-1.531031161703836e-06,-0.0007069541218499632,trajectory,STRAIGHT,3.72761607170105,14.816335677888855,2.514533480280079e-05
1736,94991.812,14.819652557373047,8.655352758069057e-06,-0.9901793003082275,3.0174733183619125e-06,0.030000153928995132,-1.4729130271007307e-06,-0.005034822970628738,0.029999999960969498,-1.530303875052722e-06,-0.0005423093574285609,trajectory,STRAIGHT,3.726973295211792,14.81965255716535,2.514533480280079e-05
1737,94991.968,14.825838088989258,8.350731150130741e-06,-0.9907835125923157,3.018198640346473e-06,0.030000153928995132,-1.4711590665683616e-06,0.0020562070421874523,0.029999999961036562,-1.5289886861118032e-06,-0.0010565905783753405,trajectory,STRAIGHT,3.726557493209839,14.825838088789057,2.514533480280079e-05
1738,94992.109,14.828886032104492,8.200620868592523e-06,-0.9905033707618713,3.018855750254995e-06,0.030000153928995132,-1.472350959375035e-06,0.0030939336866140366,0.029999999961070993,-1.5283128580941605e-06,-0.0011270822116658794,trajectory,STRAIGHT,3.727569580078125,14.828886031907984,2.514533480280079e-05
1739,94992.328,14.834444046020508,7.926299076643772e-06,-0.9899114966392517,3.0200540095026315e-06,0.030000153928995132,-1.4780237052036682e-06,0.0031983295921236277,0.02999999996114256,-1.5269073905864071e-06,-0.0011773298366609462,trajectory,STRAIGHT,3.727893352508545,14.834444045830764,2.514533480280079e-05
1740,94992.453,14.837491989135742,7.775292033329606e-06,-0.9897738099098206,3.0207111194140974e-06,0.030000153928995132,-1.4830845884716837e-06,-0.0027899376582354307,0.029999999961189284,-1.525989100835431e-06,-0.0007311445605471078,trajectory,STRAIGHT,3.727893352508545,14.837491988949736,2.514533480280079e-05
1741,94992.562,14.840539932250977,7.623697456438094e-06,-0.990224301815033,3.0213682293266056e-06,0.030000153928995132,-1.4894857258695993e-06,-0.004947221837937832,0.02999999996124342,-1.5249244172728333e-06,-0.0005420836541524909,trajectory,STRAIGHT,3.727243661880493,14.840539932068735,2.514533480280079e-05
1742,94992.687,14.843677520751953,7.466891929652775e-06,-0.990544855594635,3.0220446660023353e-06,0.030000153928995132,-1.4974352779972833e-06,0.0007356147398240864,0.029999999961308695,-1.5236398770040368e-06,-0.000960899832144929,trajectory,STRAIGHT,3.7265918254852295,14.843677520573621,2.514533480280079e-05
1743,94992.812,14.846725463867188,7.313696642086143e-06,-0.9903215169906616,3.0227017759169594e-06,0.030000153928995132,-1.506561488895386e-06,0.0029215640388429165,0.029999999961383278,-1.522170617896615e-06,-0.0011328657953576648,trajectory,STRAIGHT,3.726811408996582,14.846725463692696,2.514533480280079e-05
1744,94992.937,14.849952697753906,7.1503927756566554e-06,-0.9899871945381165,3.0233975393571097e-06,0.030000153928995132,-1.5177232626228943e-06,0.0031745026353746653,0.0,0.0,0.0,trajectory_no_feasible,STRAIGHT,3.7278056144714355,14.849952697583532,2.514533480280079e-05
1745,94993.062,14.852642059326172,7.013538379396778e-06,-0.9898697137832642,3.023917579408274e-06,0.02976415492594242,-1.5142385336730513e-06,-0.00255174795165658,0.029999999961565497,-1.5185750976314778e-06,-0.0007420803193677782,trajectory,STRAIGHT,3.727994680404663,14.852642059159267,2.514533480280079e-05
1746,94993.171,14.855607032775879,6.862314421596238e-06,-0.9903092980384827,3.024312304171888e-06,0.028378989547491074,-1.4499493090625037e-06,-0.004893456120043993,0.0299999999616711,-1.5164873984625181e-06,-0.0005379235441359332,trajectory,STRAIGHT,3.7274422645568848,14.855607032612813,2.514533480280079e-05
1747,94993.296,14.858290672302246,6.725199000356952e-06,-0.9905808568000793,3.0245633757195948e-06,0.027656501159071922,-1.4110261190580786e-06,0.0007556892232969403,0.02999999996177311,-1.5144679502142695e-06,-0.0009569731766356315,trajectory,STRAIGHT,3.7268011569976807,14.858290672142665,2.514533480280079e-05
1748,94993.421,14.861092567443848,6.582428795809392e-06,-0.9903565049171448,3.0248378644996986e-06,0.027387622743844986,-1.390602847095579e-06,0.002926094690337777,0.029999999961879457,-1.5123599480701334e-06,-0.001129897881612758,trajectory,STRAIGHT,3.7175607681274414,14.861092567287887,2.514533480280079e-05
1749,94993.546,14.86388111114502,6.441151526814792e-06,-0.9900408983230591,3.0249229981094653e-06,0.027399180456995964,-1.3805695289192954e-06,0.0031730905175209045,0.02999999996198077,-1.5103489458662364e-06,-0.0011752901446273278,trajectory,STRAIGHT,3.7231605052948,14.863881110992622,2.514533480280079e-05
1750,94993.656,14.866679191589355,6.300579116214067e-06,-0.989716649055481,3.0254997296976492e-06,0.027552857995033264,-1.3759887451669783e-06,0.003185543231666088,0.029999999962072366,-1.5085284716828734e-06,-0.0011924988251378488,trajectory,STRAIGHT,3.7263805866241455,14.866679191440477,2.514533480280079e-05
1751,94993.796,14.869417190551758,6.164408205222571e-06,-0.9896506667137146,3.0256505103314647e-06,0.02776457369327545,-1.3765821904598852e-06,-0.003443722613155842,0.02999999996215038,-1.506976186907444e-06,-0.0006935555289711503,trajectory,STRAIGHT,3.727367401123047,14.869417190406256,2.514533480280079e-05
1752,94993.906,14.872347831726074,6.019347438268596e-06,-0.9901526570320129,3.0257121125835142e-06,0.028008602559566498,-1.388328087159607e-06,-0.005081808660179377,0.029999999962229507,-1.505400079640792e-06,-0.0005403067009519013,trajectory,STRAIGHT,3.7257466316223145,14.872347831584156,2.514533480280079e-05
1753,94994.046,14.875386238098145,5.868220341653796e-06,-0.9904405474662781,3.0257514987581893e-06,0.028253912925720215,-1.4122647371550556e-06,0.0011423069518059492,0.02999999996232426,-1.5035106515267845e-06,-0.0010017968496065354,trajectory,STRAIGHT,3.7246792316436768,14.875386237959974,2.514533480280079e-05
1754,94994.171,14.878274917602539,5.722531113860896e-06,-0.9902001619338989,3.025760296959644e-06,0.028470976278185844,-1.4460301827057265e-06,0.0029675704427063465,0.02999999996244344,-1.501130722264226e-06,-0.0011471946841731119,trajectory,STRAIGHT,3.7251040935516357,14.878274917468026,2.514533480280079e-05
1755,94994.281,14.881193161010742,5.57314024263178e-06,-0.9898832440376282,3.0259612122027774e-06,0.028668267652392387,-1.482934180785378e-06,0.0031734039075672626,0.02999999996259711,-1.4980564687376413e-06,-0.001190063630606476,trajectory,STRAIGHT,3.7261557579040527,14.881193160880025,2.514533480280079e-05
1756,94994.421,14.884299278259277,5.410924586612964e-06,-0.9897649884223938,3.026196231870486e-06,0.028854867443442345,-1.520834416623984e-06,-0.00316651351749897,0.029999999962810227,-1.4937826441621225e-06,-0.0007027002608166722,trajectory,STRAIGHT,3.7262439727783203,14.884299278132753,2.514533480280079e-05
1757,94994.531,14.887423515319824,5.244696239969926e-06,-0.9902605414390564,3.026448361446322e-06,0.029017290100455284,-1.5571237099720747e-06,-0.004960563965141773,0.029999999963076323,-1.4884289114239768e-06,-0.0005395916926623722,trajectory,STRAIGHT,3.725804567337036,14.887423515197655,2.514533480280079e-05
1758,94994.656,14.890390396118164,5.084185431769583e-06,-0.9905470013618469,3.0267714431116053e-06,0.02914980612695217,-1.5897629737082752e-06,0.0008978946716524661,0.02999999996337791,-1.482337802446164e-06,-0.0009721834987932243,trajectory,STRAIGHT,3.7253077030181885,14.890390396000251,2.514533480280079e-05
1759,94994.781,14.893373489379883,4.920616447634529e-06,-0.9903164505958557,3.0268165316265426e-06,0.02926555834710598,-1.6156133142430917e-06,0.0029446554835885763,0.029999999963727337,-1.4752490623359845e-06,-0.0011348722007049994,trajectory,STRAIGHT,3.7257230281829834,14.893373489266343,2.514533480280079e-05
1760,94994.906,14.896444320678711,4.750066182168666e-06,-0.9899904727935791,3.026457746347111e-06,0.0293689277023077,-1.6309868442476727e-06,0.0031784188468009233,0.02999999996413751,-1.4668842205080652e-06,-0.0011698721598758176,trajectory,STRAIGHT,3.7268571853637695,14.896444320569769,2.514533480280079e-05
1761,94995.031,14.899447441101074,4.583406280289637e-06,-0.989927351474762,3.0258872250451996e-06,0.029456231743097305,-1.6349679299310083e-06,-0.00341436848975718,0.02999999996455881,-1.4582424451837477e-06,-0.0006700448292867077,trajectory,STRAIGHT,3.727205276489258,14.899447440996614,2.514533480280079e-05
1762,94995.156,14.902640342712402,4.407127562444657e-06,-0.9904184341430664,3.025393892032271e-06,0.02953534945845604,-1.6273651226583752e-06,-0.004788659047335386,0.029999999965018447,-1.4487557786507008e-06,-0.0005383193829592969,trajectory,STRAIGHT,3.726766347885132,14.902640342612655,2.514533480280079e-05
1763,94995.296,14.905744552612305,4.237143002683297e-06,-0.9906339645385742,3.02492227848097e-06,0.029600834473967552,-1.608461616342538e-06,0.0014535211957991123,0.029999999965470595,-1.439362453661965e-06,-0.0010053517064044625,trajectory,STRAIGHT,3.7262206077575684,14.905744552517067,2.514533480280079e-05
1764,94995.406,14.908848762512207,4.069736860401463e-06,-0.9903706908226013,3.0243196824020866e-06,0.02965736575424671,-1.5789122471687733e-06,0.003026069374755025,0.02999999996590999,-1.430174989640534e-06,-0.0011348543692713143,trajectory,STRAIGHT,3.7275571823120117,14.908848762421353,2.514533480280079e-05
1765,94995.531,14.911864280700684,3.910217401426053e-06,-0.9900507926940918,3.02337803533076e-06,0.02970469929277897,-1.5490743408008711e-06,0.003186628222465515,0.029999999966313893,-1.4216772819328157e-06,-0.0011752554776523305,trajectory,STRAIGHT,3.7278265953063965,14.911864280613944,2.514533480280079e-05
1766,94995.656,14.915078163146973,3.7445527141244384e-06,-0.9897056221961975,3.022021415445471e-06,0.02974773570895195,-1.5189785926850163e-06,0.0031878561712801456,0.029999999966701055,-1.413483905235403e-06,-0.0012066603568680256,trajectory,STRAIGHT,3.7273333072662354,14.915078163064416,2.514533480280079e-05
1767,94995.781,14.91821575164795,3.5865364225173835e-06,-0.989703893661499,3.0201102074787866e-06,0.029783811420202255,-1.4910038999005337e-06,-0.004027379676699638,0.029999999967042782,-1.406212298573012e-06,-0.0006446858538576526,trajectory,STRAIGHT,3.7267372608184814,14.918215751569308,2.514533480280079e-05
1768,94995.906,14.921353340148926,3.431375034779194e-06,-0.9902128577232361,3.0174600186972787e-06,0.029814578592777252,-1.4646547015217948e-06,-0.004937516525387764,0.02999999996735984,-1.3994319110016008e-06,-0.0005465026103537141,trajectory,STRAIGHT,3.726125717163086,14.92135334007407,2.514533480280079e-05
1769,94996.031,14.92440128326416,3.283214937255252e-06,-0.9904232025146484,3.0146642948477207e-06,0.029840078204870224,-1.4406261925614672e-06,0.0014160355785861611,0.029999999967644086,-1.3933251135508016e-06,-0.0010219187130990947,trajectory,STRAIGHT,3.7262210845947266,14.924401283192866,2.514533480280079e-05
1770,94996.14,14.927449226379395,3.1374402169603854e-06,-0.9901711344718933,3.011452011724273e-06,0.02986215427517891,-1.4178507399265072e-06,0.0030001746490597725,0.029999999967905457,-1.3876861208382699e-06,-0.001152016086060239,trajectory,STRAIGHT,3.7272424697875977,14.927449226311555,2.514533480280079e-05
1771,94996.265,14.930497169494629,2.993921270899591e-06,-0.9898528456687927,3.0081667323035845e-06,0.029881201684474945,-1.3964107665742631e-06,0.003176373429596424,0.029999999968143398,-1.3825324870159275e-06,-0.0011930958329400112,trajectory,STRAIGHT,3.727689504623413,14.930497169430145,2.514533480280079e-05
1772,94996.406,14.933545112609863,2.8525259949674364e-06,-0.9898556470870972,3.0045319721270458e-06,0.02989773638546467,-1.3761922446065e-06,-0.003919119480997324,0.029999999968358206,-1.3778633653045144e-06,-0.0006392937751135586,trajectory,STRAIGHT,3.727208375930786,14.933545112548641,2.514533480280079e-05
1773,94996.515,14.936593055725098,2.713119101827033e-06,-0.9903472661972046,3.000802390747292e-06,0.02991190180182457,-1.357462679152377e-06,-0.004892433527857065,0.029999999968549424,-1.3736937691898595e-06,-0.0005367246733951703,trajectory,STRAIGHT,3.726590394973755,14.936593055667052,2.514533480280079e-05
1774,94996.656,14.939640998840332,2.5755466595001053e-06,-0.9905890822410583,2.996565988296659e-06,0.02992401458323002,-1.3402217291513807e-06,0.001206955872476101,0.029999999968717835,-1.3700109348976454e-06,-0.000990995889505798,trajectory,STRAIGHT,3.7266132831573486,14.939640998785382,2.514533480280079e-05
1775,94996.781,14.942688941955566,2.4396656499448e-06,-0.9903454184532166,2.9923377668049855e-06,0.029934506863355637,-1.3242679415270686e-06,0.0029835484456270933,0.029999999968862677,-1.3668355358150441e-06,-0.0011346872903373307,trajectory,STRAIGHT,3.7276103496551514,14.94268894190364,2.514533480280079e-05
1776,94996.89,14.945826530456543,2.301415861438727e-06,-0.9900176525115967,2.9880229129111696e-06,0.029943807050585747,-1.309242634306429e-06,0.0031836212147027254,0.029999999968986682,-1.3641109466860758e-06,-0.0011777817458333995,trajectory,STRAIGHT,3.7281076908111572,14.945826530407658,2.514533480280079e-05
1777,94997.031,14.948874473571777,2.1685564206563868e-06,-0.9896917343139648,2.9835036466928113e-06,0.029951579868793488,-1.2960263120476156e-06,0.0031886922661215067,0.029999999969082848,-1.3619945506213374e-06,-0.0012088769681438227,trajectory,STRAIGHT,3.727630376815796,14.948874473525786,2.514533480280079e-05
1778,94997.156,14.952101707458496,2.029274583037477e-06,-0.9895778298377991,2.978260875361799e-06,0.02995866909623146,-1.2834426570407231e-06,-0.0032902956008911133,0.029999999969158028,-1.3603375463979729e-06,-0.000710565648429976,trajectory,STRAIGHT,3.727003335952759,14.95210170741551,2.514533480280079e-05
1779,94997.265,14.955060005187988,1.9027246480618487e-06,-0.9900467991828918,2.9728418865776212e-06,0.029964234679937363,-1.2732966752082575e-06,-0.005148688796907663,0.02999999996920224,-1.3593620696036634e-06,-0.0005434477665397951,trajectory,STRAIGHT,3.7263596057891846,14.955060005147708,2.514533480280079e-05
1780,94997.406,14.958107948303223,1.7733193544700043e-06,-0.9903643131256104,2.9670049834068737e-06,0.02996915392577648,-1.2642570936804987e-06,0.0006917649880051613,0.029999999969221782,-1.35893077711731e-06,-0.0009742138881843255,trajectory,STRAIGHT,3.726064920425415,14.95810794826569,2.514533480280079e-05
1781,94997.515,14.9612455368042,1.6409976524300873e-06,-0.9901342391967773,2.960895685666608e-06,0.02997351437807083,-1.2563381233121618e-06,0.002931018127128482,0.029999999969212744,-1.3591303521776637e-06,-0.0011509144173096862,trajectory,STRAIGHT,3.727001428604126,14.961245536769457,2.514533480280079e-05
1782,94997.656,14.964293479919434,1.513182610324293e-06,-0.9898187518119812,2.9551267648481303e-06,0.029977168887853622,-1.2500100865509012e-06,0.003169099800288677,0.029999999969173168,-1.360003633830447e-06,-0.00119583886746491,trajectory,STRAIGHT,3.7277088165283203,14.96429347988737,2.514533480280079e-05
1783,94997.781,14.967520713806152,1.3784754173684632e-06,-0.9896831512451172,2.9495554311578665e-06,0.029980530962347984,-1.2447618473743205e-06,-0.003027777886018157,0.02999999996909454,-1.3617370119177512e-06,-0.0007207231043755957,trajectory,STRAIGHT,3.727299928665161,14.9675207137769,2.514533480280079e-05
1784,94997.906,14.970568656921387,1.251699245585769e-06,-0.9901505708694458,2.9443435743895604e-06,0.02998325601220131,-1.2412248224791256e-06,-0.005051152314990759,0.029431343074800276,-1.338355231459388e-06,-0.0005414369796101226,trajectory,STRAIGHT,3.7266759872436523,14.97056865689477,2.514533480280079e-05
1785,94998.015,14.973706245422363,1.1214960977667943e-06,-0.9905106425285339,2.939044875380904e-06,0.029980657622218132,-1.2390377150950371e-06,0.00038997450610622764,0.02629375457422703,-1.1987746224077656e-06,-0.0009381971133111334,trajectory,STRAIGHT,3.7262754440307617,14.973706245398446,2.514533480280079e-05
1786,94998.14,14.97684383392334,9.914733709592838e-07,-0.990293025970459,2.934138550505122e-06,0.029911527410149574,-1.2366567716526333e-06,0.002905335044488311,0.023156166073651358,-1.059416770522346e-06,-0.0011344944713826233,trajectory,STRAIGHT,3.7271363735198975,14.976843833902114,2.514533480280079e-05
1787,94998.265,14.979796409606934,8.69479151788255e-07,-0.9899876117706299,2.9296896678278942e-06,0.029654739424586296,-1.2268466207387974e-06,0.0031708450987935066,0.0202035903904324,-9.286694018120324e-07,-0.001180562475440129,trajectory,STRAIGHT,3.727937936782837,14.979796409588225,2.514533480280079e-05
1788,94998.39,14.982885360717773,7.415263780785608e-07,-0.9898954629898071,2.9252812188815597e-06,0.029108015820384026,-1.2078046438546153e-06,-0.00326410005800426,0.0,0.0,0.0,trajectory_no_feasible,STRAIGHT,3.7268869876861572,14.98288536070171,2.514533480280079e-05
1789,94998.515,14.985557556152344,6.305929787231435e-07,-0.9903122186660767,2.922021867772318e-06,0.028234681114554405,-1.1717563666024944e-06,-0.004836848936975002,0.0,0.0,-0.0005411753277305219,trajectory,STRAIGHT,3.72487473487854,14.985557556138577,2.514533480280079e-05
1790,94998.625,14.98850154876709,5.084094141238893e-07,-0.9906713366508484,2.9192585042236967e-06,0.026128476485610008,-1.0849679483726504e-06,0.00041858002077788115,0.0,0.0,-0.0009253521904329875,trajectory,STRAIGHT,3.72283935546875,14.98850154875585,2.514533480280079e-05
1791,94998.75,14.991111755371094,4.001209958914842e-07,-0.990456223487854,2.917857225603703e-06,0.0235433429479599,-9.74992644842132e-07,0.0028567456174641848,0.0,0.0,-0.0011153906634025757,trajectory,STRAIGHT,3.718759775161743,14.991111755362088,2.514533480280079e-05
1792,94998.875,14.99344253540039,3.0381761462194845e-07,-0.9901372790336609,2.9169411251593137e-06,0.02084982953965664,-8.595320650783833e-07,0.003122410038486123,0.0,0.0,-0.0011620375945475426,trajectory,STRAIGHT,3.7146127223968506,14.993442535393353,2.514533480280079e-05
1793,94999.0,14.995494842529297,2.195679229544112e-07,-0.9898079037666321,2.9165796768608583e-06,0.01826499029994011,-7.460657798219472e-07,0.0031426353380084038,0.0,0.0,-0.0011941306202887258,trajectory,STRAIGHT,3.71240234375,14.995494842523946,2.514533480280079e-05
1794,94999.125,14.997331619262695,1.4460016473094583e-07,-0.98969566822052,2.917197904109536e-06,0.015810122713446617,-6.447062332881615e-07,-0.0032520974054932594,0.0,0.0,-0.0007026280789089378,trajectory,STRAIGHT,3.7117300033569336,14.997331619258777,2.514533480280079e-05
1795,94999.265,14.998917579650879,8.010604801711452e-08,-0.990199089050293,2.9174917472645884e-06,0.013627097941935062,-5.505189051291381e-07,-0.005028906278312206,0.0,0.0,-0.0005402410786618371,trajectory,STRAIGHT,3.711945056915283,14.998917579647914,2.514533480280079e-05
1796,94999.375,15.000214576721191,2.7920133760517274e-08,-0.9905263781547546,2.9176888884323696e-06,0.011821039952337742,-4.759056082548341e-07,0.0005491290939971805,0.0,0.0,-0.0009480120546508862,trajectory,STRAIGHT,3.7126893997192383,14.999785423276991,2.514533480280079e-05
1797,94999.5,15.001368522644043,-1.8724238159961715e-08,-0.9903033375740051,2.9179022574811106e-06,0.010187245905399323,-4.1337580114486627e-07,0.002904592314735055,0.0,0.0,-0.0011332284530259573,trajectory,STRAIGHT,3.7148561477661133,14.99863147735583,2.514533480280079e-05
