frame,time_s,x,y,z,yaw,vx,vy,vz,cmd_vx,cmd_vy,cmd_vz,command_source,family,min_distance_m,goal_progress_m,lateral_deviation_m
1,95959.39,0.0,0.0,-0.959208071231842,0.0,0.0,0.0,0.12272351235151291,0.0,0.0,0.0,trajectory_no_feasible,STRAIGHT,3.6785192489624023,0.0,0.0
2,95959.515,0.0,0.0,-0.9429857134819031,0.0,0.0,0.0,0.08632471412420273,0.15,0.0,-0.011548042497538158,trajectory,STRAIGHT,3.6875059604644775,0.0,0.0
3,95959.64,2.531071731937118e-05,-1.5365280895333455e-16,-0.9353517889976501,4.696486593272432e-12,0.001511980895884335,-7.91215932425789e-15,0.07172369211912155,0.14987904152832926,-4.684203543154071e-13,-0.011474051259228554,trajectory,STRAIGHT,3.6610846519470215,2.531071731937118e-05,1.5365280895333455e-16
4,95959.765,0.0005431139725260437,1.028272586978303e-15,-0.9289116263389587,-8.688723405537548e-11,0.009840329177677631,5.961203075220342e-14,0.058257654309272766,0.14921277366578578,8.610732729978287e-12,-0.010718776367375222,trajectory,STRAIGHT,3.6399075984954834,0.0005431139725260437,1.028272586978303e-15
5,95959.875,0.0020898261573165655,1.1725604143783368e-16,-0.9237052202224731,-2.0195852975464304e-10,0.021761523559689522,-1.9883632229860532e-13,0.04677983745932579,0.14825907811522485,1.1140296381218935e-11,-0.010678925715515599,trajectory,STRAIGHT,3.6063919067382812,0.0020898261573165655,1.028272586978303e-15
6,95960.0,0.0046816421672701836,-5.3869042337733805e-14,-0.9197843670845032,-2.1134864989443808e-11,0.034033458679914474,-1.042286157555694e-12,0.03742177411913872,0.14727732330560683,-6.552654410307239e-12,-0.010126323305199133,trajectory,STRAIGHT,3.5447423458099365,0.0046816421672701836,5.3869042337733805e-14
7,95960.093,0.008277686312794685,-2.0058500487755287e-13,-0.9167487621307373,4.76715393393565e-10,0.04580952227115631,-2.3095932718403267e-12,0.02982575073838234,0.1463352382183075,-4.7667109465897e-11,-0.010071239340896475,trajectory,STRAIGHT,3.514875650405884,0.008277686312794685,2.0058500487755287e-13
8,95960.203,0.013251406140625477,-5.225252739174402e-13,-0.9142329096794128,6.176062608143939e-10,0.05765233188867569,-4.617343833668297e-12,0.022586653009057045,0.14538781344890594,-6.008007017216812e-11,-0.009617904145116674,trajectory,STRAIGHT,3.501516819000244,0.013251406140625477,5.225252739174402e-13
9,95960.312,0.019725827500224113,-1.1838801423566525e-12,-0.9122778177261353,6.880401775500712e-10,0.06907819956541061,-8.640308087060067e-12,0.015956321731209755,0.14447374403476715,-2.0382792020738327e-12,-0.00942902088467558,trajectory,STRAIGHT,3.497450828552246,0.019725827500224113,1.1838801423566525e-12
10,95960.437,0.026590125635266304,-2.2190519820969312e-12,-0.9110375642776489,4.978154874281336e-10,0.07835355401039124,-1.3863410419645561e-11,0.010801184922456741,0.1437317156791687,1.7042273972217554e-11,-0.009078622612399657,trajectory,STRAIGHT,3.498652219772339,0.026590125635266304,2.2190519820969312e-12
11,95960.625,0.034266483038663864,-3.798738667376567e-12,-0.9102398157119751,2.8411307708290743e-10,0.08654947578907013,-2.0259509347919646e-11,0.006422551814466715,0.14307604193687437,2.533425283405852e-11,-0.008908540908748213,trajectory,STRAIGHT,3.502767324447632,0.034266483038663864,3.798738667376567e-12
12,95960.75,0.05047845467925072,-8.499157974628524e-12,-0.9096775650978088,8.44968760081565e-11,0.09926057606935501,-3.4113448177386374e-11,0.00014102435670793056,0.1420591539144516,4.556177320025938e-11,-0.008434131242835824,trajectory,STRAIGHT,3.508361577987671,0.05047845467925072,8.499157974628524e-12
13,95960.875,0.06028943881392479,-1.2166833512905484e-11,-0.9098091125488281,-5.96487544505413e-10,0.10498843342065811,-4.2268046701599005e-11,-0.0028932078275829554,0.14160092532634735,6.625149692954056e-11,-0.008244538775678042,trajectory,STRAIGHT,3.5146162509918213,0.06028943881392479,1.2166833512905484e-11
14,95960.968,0.07028123736381531,-1.6444018022254703e-11,-0.9101957678794861,-1.0332529968633111e-09,0.10976583510637283,-4.955108545701137e-11,-0.0053193639032542706,0.14121873319149017,1.0541416142681525e-10,-0.008031113523091438,trajectory,STRAIGHT,3.5208513736724854,0.07028123736381531,1.6444018022254703e-11
15,95961.078,0.08034427464008331,-2.118002648265893e-11,-0.9107627868652344,-1.0755244525481371e-09,0.1137550100684166,-5.5488464517639e-11,-0.0071996296755969524,0.14089959919452666,-1.7301842840941111e-12,-0.007829584773632742,trajectory,STRAIGHT,3.5271310806274414,0.08034427464008331,2.118002648265893e-11
16,95961.203,0.09144521504640579,-2.6760949359272423e-11,-0.9115368723869324,-9.064586730592122e-10,0.11741358786821365,-6.058672313846714e-11,-0.008848555386066437,0.1406069129705429,-1.7233673712963674e-11,-0.007658966440710283,trajectory,STRAIGHT,3.5335299968719482,0.09144521504640579,2.6760949359272423e-11
17,95961.328,0.10323308408260345,-3.2975320390926655e-11,-0.9124882817268372,-5.307534983264655e-10,0.12063294649124146,-6.480967151833994e-11,-0.01025200355798006,0.1403493642807007,-3.751206059061208e-11,-0.007440226387084246,trajectory,STRAIGHT,3.5396931171417236,0.10323308408260345,3.2975320390926655e-11
18,95961.437,0.11457547545433044,-3.9162898618494424e-11,-0.9134964942932129,1.8715973383777944e-11,0.12321830540895462,-6.819404763103165e-11,-0.011289983056485653,0.14014253556728362,-8.559396333212452e-11,-0.007306777398885012,trajectory,STRAIGHT,3.54555082321167,0.11457547545433044,3.9162898618494424e-11
19,95961.546,0.12614086270332336,-4.565511163567848e-11,-0.914590060710907,5.30613904170732e-10,0.12543810904026031,-7.142623992262287e-11,-0.01209846418350935,0.13996495127677916,-3.8888060673452e-11,-0.007101365065357414,trajectory,STRAIGHT,3.551098585128784,0.12614086270332336,4.565511163567848e-11
20,95961.656,0.13904458284378052,-5.312860568151834e-11,-0.9158600568771362,9.344961392356272e-10,0.12751181423664093,-7.516309102895136e-11,-0.012721610255539417,0.13979905486106872,-7.234902610908241e-11,-0.006988013571283546,trajectory,STRAIGHT,3.556384325027466,0.13904458284378052,5.312860568151834e-11
21,95961.781,0.15214291214942932,-6.100427801802866e-11,-0.9171829223632812,1.5849350075668644e-09,0.12926383316516876,-7.936327289792544e-11,-0.013153757899999619,0.1396588933467865,-3.944127575026184e-11,-0.006783504170595866,trajectory,STRAIGHT,3.5614218711853027,0.15214291214942932,6.100427801802866e-11
22,95961.875,0.16305440664291382,-6.78353970218204e-11,-0.9182971119880676,1.8690606525671484e-09,0.13049985468387604,-8.337227436205907e-11,-0.013320901431143284,0.13956001162528991,-6.131543707192512e-11,-0.006714423206865054,trajectory,STRAIGHT,3.5662128925323486,0.16305440664291382,6.78353970218204e-11
23,95961.984,0.17445766925811768,-7.529106504922112e-11,-0.919465959072113,1.8549710484247133e-09,0.1316107213497162,-8.811799900865225e-11,-0.013498430140316486,0.1394711422920227,3.084996555983578e-11,-0.006534756864543521,trajectory,STRAIGHT,3.5707740783691406,0.17445766925811768,7.529106504922112e-11
24,95962.093,0.18873724341392517,-8.516139182734861e-11,-0.9209418296813965,2.049866176818708e-09,0.13278521597385406,-9.480869561651062e-11,-0.013743157498538494,0.13937718272209168,1.82767343873926e-11,-0.006441385145421588,trajectory,STRAIGHT,3.5707740783691406,0.18873724341392517,8.516139182734861e-11
25,95962.218,0.20112739503383636,-9.427437996922805e-11,-0.9222223162651062,2.2541544019730324e-09,0.13364171981811523,-1.0127383653912858e-10,-0.013694146648049355,0.13930866241455078,1.5477240384619602e-11,-0.006265140625541146,trajectory,STRAIGHT,3.5792322158813477,0.20112739503383636,9.427437996922805e-11
26,95962.328,0.2131882607936859,-1.0369448355529443e-10,-0.9234580993652344,2.7871846101671727e-09,0.13435421884059906,-1.0816434553584386e-10,-0.013650293461978436,0.13925166249275206,-2.6452835699720357e-11,-0.006206859725420412,trajectory,STRAIGHT,3.5792322158813477,0.2131882607936859,1.0369448355529443e-10
27,95962.437,0.22571367025375366,-1.1411252498483293e-10,-0.9247277975082397,3.3859624284438007e-09,0.13498719036579132,-1.1600087557184224e-10,-0.01355194766074419,0.1392010247707367,-8.749926663714335e-12,-0.0060407421344949065,trajectory,STRAIGHT,3.5831856727600098,0.22571367025375366,1.1411252498483293e-10
28,95962.546,0.2382936328649521,-1.2529602355648706e-10,-0.9259874224662781,4.3346182440272625e-09,0.1355300098657608,-1.2464022869362879e-10,-0.013417220674455166,0.13915759921073914,-3.1325411591136764e-11,-0.005932781076706634,trajectory,STRAIGHT,3.5869741439819336,0.2382936328649521,1.2529602355648706e-10
29,95962.656,0.24317625164985657,-1.29847230190272e-10,-0.9264705181121826,4.724411249149429e-09,0.1357187181711197,-1.2822219674912816e-10,-0.01344409491866827,0.13914250254631041,-6.246831110357288e-11,-0.005906476354874359,trajectory,STRAIGHT,3.5869741439819336,0.24317625164985657,1.29847230190272e-10
30,95962.781,0.2648150324821472,-1.5159191957270224e-10,-0.928573727607727,6.2765381292765115e-09,0.13642995059490204,-1.4577725138131825e-10,-0.01323425117880106,0.13908560395240782,-5.928975271672966e-11,-0.005741572936536408,trajectory,STRAIGHT,3.5940771102905273,0.2648150324821472,1.5159191957270224e-10
31,95962.906,0.2779296934604645,-1.6615604725433997e-10,-0.9298335909843445,7.166486416564484e-09,0.13677771389484406,-1.578229907872597e-10,-0.012790540233254433,0.13905778288841247,1.2903277575534861e-11,-0.005621715565201566,trajectory,STRAIGHT,3.5974106788635254,0.2779296934604645,1.6615604725433997e-10
32,95963.0,0.29025277495384216,-1.8090783038271496e-10,-0.9309723973274231,7.690124165183678e-09,0.13705690205097198,-1.7015434894407377e-10,-0.012434323318302631,0.13903544783592223,-2.0933957227867866e-11,-0.005593272601243779,trajectory,STRAIGHT,3.6006038188934326,0.29025277495384216,1.8090783038271496e-10
33,95963.125,0.30301111936569214,-1.9736583201090951e-10,-0.9321140646934509,8.406313688879268e-09,0.13730445504188538,-1.8395265866111288e-10,-0.0120832035318017,0.13901564359664917,4.780607061084329e-11,-0.005458942793987049,trajectory,STRAIGHT,3.6037206649780273,0.30301111936569214,1.9736583201090951e-10
34,95963.218,0.31702861189842224,-2.169535939788858e-10,-0.9333367347717285,9.380794386283825e-09,0.13753530383110046,-2.0032923930823898e-10,-0.011813975870609283,0.13899717569351194,-2.110301202839157e-11,-0.005419347502968564,trajectory,STRAIGHT,3.6066765785217285,0.31702861189842224,2.169535939788858e-10
35,95963.343,0.3310677111148834,-2.3827831374667596e-10,-0.9345220923423767,1.0035928766220808e-08,0.13773009181022644,-2.1801288552225628e-10,-0.011442819610238075,0.13898159265518187,7.87295560224913e-11,-0.005285943782952057,trajectory,STRAIGHT,3.609490156173706,0.3310677111148834,2.3827831374667596e-10
36,95963.468,0.3434704542160034,-2.5864302366507275e-10,-0.9355378746986389,1.0568957310517542e-08,0.1378764808177948,-2.3469379217821995e-10,-0.011113421060144901,0.1389698815345764,4.8651275377113077e-11,-0.0052615065491464,trajectory,STRAIGHT,3.612194299697876,0.3434704542160034,2.5864302366507275e-10
37,95963.578,0.35588538646698,-2.805541077233187e-10,-0.9365270137786865,1.1045638945147223e-08,0.1380024552345276,-2.523734277115608e-10,-0.010833659209311008,0.13895980358123766,1.1037192860221249e-10,-0.005137768913813321,trajectory,STRAIGHT,3.614781618118286,0.35588538646698,2.805541077233187e-10
38,95963.687,0.36789649724960327,-3.032886719545047e-10,-0.9374611973762512,1.1273412149826303e-08,0.13810758292675018,-2.703977319828965e-10,-0.010577140375971794,0.13895139336585985,1.0774288075538204e-10,-0.005111581240602223,trajectory,STRAIGHT,3.6172637939453125,0.36789649724960327,3.032886719545047e-10
39,95963.796,0.3811599910259247,-3.3024352696919834e-10,-0.9384679198265076,1.1494136773242359e-08,0.13820722699165344,-2.913299879114817e-10,-0.010328007861971855,0.13894342184066757,1.4626048495580153e-10,-0.004996714253765093,trajectory,STRAIGHT,3.6172637939453125,0.3811599910259247,3.3024352696919834e-10
40,95963.906,0.3936026096343994,-3.5738370596227753e-10,-0.9393872618675232,1.1712517517789565e-08,0.13828733563423157,-3.119274005758399e-10,-0.01003599539399147,0.13893701314926132,1.4613691510098912e-10,-0.004974108149152743,trajectory,STRAIGHT,3.6196515560150146,0.3936026096343994,3.5738370596227753e-10
41,95964.015,0.4064670205116272,-3.874210396936917e-10,-0.9403108358383179,1.180410103257016e-08,0.1383584886789322,-3.3418445788413464e-10,-0.009761055931448936,0.13893132090568527,1.664212254241289e-10,-0.004865342737207044,trajectory,STRAIGHT,3.6219539642333984,0.4064670205116272,3.874210396936917e-10
42,95964.125,0.41933754086494446,-4.1957351482047045e-10,-0.9412077069282532,1.2123449035222174e-08,0.1384194940328598,-3.574136542283668e-10,-0.00946949515491724,0.13892644047737107,1.5916826871176362e-10,-0.004843824044832815,trajectory,STRAIGHT,3.624180555343628,0.41933754086494446,4.1957351482047045e-10
43,95964.25,0.43221330642700195,-4.5393122594106217e-10,-0.9420785307884216,1.227138483086091e-08,0.1384718120098114,-3.8160277715526547e-10,-0.009198074229061604,0.13892225503921496,1.7091003261292426e-10,-0.004742052864135029,trajectory,STRAIGHT,3.626326322555542,0.43221330642700195,4.5393122594106217e-10
44,95964.343,0.44467806816101074,-4.893636607050666e-10,-0.9428970217704773,1.2701097019665185e-08,0.13851530849933624,-4.0591457972638523e-10,-0.008932092227041721,0.13891877532005295,1.546163418506645e-10,-0.004722406875193836,trajectory,STRAIGHT,3.6283915042877197,0.44467806816101074,4.893636607050666e-10
45,95964.468,0.4579777717590332,-5.296157956635739e-10,-0.943740963935852,1.3513557269183144e-08,0.13855503499507904,-4.3282322170767884e-10,-0.008627569302916527,0.13891559720039354,1.25167388931348e-10,-0.004630386437423103,trajectory,STRAIGHT,3.6303815841674805,0.4579777717590332,5.296157956635739e-10
46,95964.562,0.4721125662326813,-5.752696652372435e-10,-0.9446092844009399,1.4469251393599964e-08,0.13859085738658905,-4.6251788510254244e-10,-0.008356725797057152,0.13891273140907273,6.88967353240572e-11,-0.004608637894637458,trajectory,STRAIGHT,3.6323001384735107,0.4721125662326813,5.752696652372435e-10
47,95964.687,0.48583483695983887,-6.225313042840241e-10,-0.9454207420349121,1.5345123157037393e-08,0.1386202722787857,-4.924211038925819e-10,-0.008051388897001743,0.138910378217697,1.4776128131698902e-10,-0.004517299064304218,trajectory,STRAIGHT,3.634143114089966,0.48583483695983887,6.225313042840241e-10
48,95964.812,0.5003917217254639,-6.759522941379714e-10,-0.9462520480155945,1.5934495211920097e-08,0.13864661753177643,-5.252981383208066e-10,-0.0077867996878921986,0.13890827059745775,1.2737024796013463e-10,-0.004496900901998863,trajectory,STRAIGHT,3.6359190940856934,0.5003917217254639,6.759522941379714e-10
49,95964.921,0.514535129070282,-7.31211091675732e-10,-0.9470324516296387,1.6657724645115457e-08,0.13866817951202393,-5.583707940459703e-10,-0.007522490806877613,0.13890654563903795,1.8622400657534612e-10,-0.004406884535251479,trajectory,STRAIGHT,3.6376237869262695,0.514535129070282,7.31211091675732e-10
50,95965.046,0.5270163416862488,-7.828139247934018e-10,-0.9476991295814514,1.7329297631359428e-08,0.13868439197540283,-5.884790987842337e-10,-0.007284014485776424,0.13890524864196763,1.5668709381584715e-10,-0.004392628743348937,trajectory,STRAIGHT,3.639268636703491,0.5270163416862488,7.828139247934018e-10
51,95965.14,0.5386667847633362,-8.334551382382926e-10,-0.9483035802841187,1.7798916615116566e-08,0.13869749009609222,-6.173601629910763e-10,-0.007082291878759861,0.1389042007923125,2.257207673695924e-10,-0.004314996370252237,trajectory,STRAIGHT,3.6408534049987793,0.5386667847633362,8.334551382382926e-10
52,95965.234,0.5428277850151062,-8.521335859157375e-10,-0.9485154747962952,1.7989114686015183e-08,0.13870173692703247,-6.278581543561756e-10,-0.007052661385387182,0.1389038610458373,2.1923201595297117e-10,-0.0043067720841132254,trajectory,STRAIGHT,3.6423816680908203,0.5428277850151062,8.521335859157375e-10
53,95965.359,0.563634991645813,-9.503283715517341e-10,-0.9495503902435303,1.9625789444750682e-08,0.1387200951576233,-6.817811870618584e-10,-0.006804527714848518,0.13890239238739002,1.5932959362731046e-10,-0.004239027735817047,trajectory,STRAIGHT,3.6423816680908203,0.563634991645813,9.503283715517341e-10
54,95965.468,0.5769526958465576,-1.0174897591141985e-09,-0.9501959681510925,2.094309657783376e-08,0.13872969150543213,-7.175471883336115e-10,-0.0065558794885873795,0.13890162467956532,8.244367972289192e-11,-0.004226640698539826,trajectory,STRAIGHT,3.643857479095459,0.5769526958465576,1.0174897591141985e-09
55,95965.593,0.5902717113494873,-1.0881319179034676e-09,-0.950814425945282,2.254924111258763e-08,0.13873785734176636,-7.542979019170559e-10,-0.006307604722678661,0.1389009714126587,1.8710163548415194e-10,-0.004141782016558408,trajectory,STRAIGHT,3.6452863216400146,0.5902717113494873,1.0881319179034676e-09
56,95965.687,0.6027582883834839,-1.1576043457139917e-09,-0.9513753056526184,2.4460636586117927e-08,0.13874445855617523,-7.896506781790436e-10,-0.006119458936154842,0.138900443315506,6.005385650582887e-11,-0.004128789694113493,trajectory,STRAIGHT,3.6466877460479736,0.6027582883834839,1.1576043457139917e-09
57,95965.812,0.6156622171401978,-1.232777546711361e-09,-0.9519355893135071,2.671488136622761e-08,0.13875028491020203,-8.270990004000112e-10,-0.005913263652473688,0.13889997720718383,1.7926924678266308e-10,-0.0040654812938205505,trajectory,STRAIGHT,3.6480350494384766,0.6156622171401978,1.232777546711361e-09
58,95965.921,0.6277343034744263,-1.3062918524653355e-09,-0.9524445533752441,2.8706122307992874e-08,0.1387549489736557,-8.629781333979736e-10,-0.005753174889832735,0.13889960408210755,4.970420644233044e-11,-0.004052840191744974,trajectory,STRAIGHT,3.6493277549743652,0.6277343034744263,1.3062918524653355e-09
59,95966.031,0.6418877840042114,-1.396506243978024e-09,-0.9530221819877625,3.082887582947216e-08,0.13875970244407654,-9.06081043527962e-10,-0.005562937818467617,0.1388992238044739,2.5509061080896907e-10,-0.003992222407979711,trajectory,STRAIGHT,3.65057373046875,0.6418877840042114,1.396506243978024e-09
60,95966.14,0.6556249856948853,-1.4883251298059008e-09,-0.953563392162323,3.289530107685107e-08,0.13876353204250336,-9.489850016919377e-10,-0.005370795726776123,0.13889891743659974,1.3212494307369975e-10,-0.003980533266587003,trajectory,STRAIGHT,3.6517744064331055,0.6556249856948853,1.4883251298059008e-09
61,95966.265,0.6689459681510925,-1.581466957389921e-09,-0.954071581363678,3.4834919316007893e-08,0.13876669108867645,-9.915954723993536e-10,-0.005204111337661743,0.13889866471290582,3.2779765056773926e-10,-0.003919325479432963,trajectory,STRAIGHT,3.6529345512390137,0.6689459681510925,1.581466957389921e-09
62,95966.453,0.6818524599075317,-1.6756436238551942e-09,-0.9545491337776184,3.6786272170696445e-08,0.13876934349536896,-1.0338164768697311e-09,-0.005050456151366234,0.13889845252037045,3.5285041828093204e-10,-0.003885423475127721,trajectory,STRAIGHT,3.654054641723633,0.6818524599075317,1.6756436238551942e-09
63,95966.578,0.7064164280891418,-1.8659225275996505e-09,-0.9554333686828613,3.9946933236472245e-08,0.13877341151237488,-1.1167354818653052e-09,-0.004905122332274914,0.13889812707901,1.9975177604686449e-10,-0.0038528384353928805,trajectory,STRAIGHT,3.655134677886963,0.7064164280891418,1.8659225275996505e-09
64,95966.703,0.7197392582893372,-1.97534899548657e-09,-0.9558965563774109,4.1604750231420824e-08,0.13877521455287933,-1.163098950485164e-09,-0.0046837772242724895,0.13889798283576965,4.5553481680086755e-10,-0.0037875846541919997,trajectory,STRAIGHT,3.6561808586120605,0.7197392582893372,1.97534899548657e-09
65,95966.796,0.7322294116020203,-2.082019667781765e-09,-0.9563109874725342,4.357013986031526e-08,0.13877655565738678,-1.2074605759693213e-09,-0.004511130508035421,0.13889787554740907,3.5207454304427525e-10,-0.0037806748367348007,trajectory,STRAIGHT,3.6572093963623047,0.7322294116020203,2.082019667781765e-09
66,95966.921,0.7451359033584595,-2.1964827734421988e-09,-0.9567240476608276,4.563883885210997e-08,0.13877776265144348,-1.2542156202499655e-09,-0.004363030660897493,0.13889777898788438,4.705098664208455e-10,-0.003733329756295973,trajectory,STRAIGHT,3.6582136154174805,0.7451359033584595,2.1964827734421988e-09
67,95967.031,0.7580423951148987,-2.315337699343445e-09,-0.9571250677108765,4.779677135879047e-08,0.1387786865234375,-1.3018923716856534e-09,-0.004241581074893475,0.13889770507812488,3.5885162208755404e-10,-0.0037229947206738534,trajectory,STRAIGHT,3.6591758728027344,0.7580423951148987,2.315337699343445e-09
68,95967.156,0.7717815637588501,-2.4467816661655206e-09,-0.9575388431549072,4.979744298844263e-08,0.1387796700000763,-1.3536571863426161e-09,-0.004108067136257887,0.13889762639999392,5.426571717326707e-10,-0.0036772372589567457,trajectory,STRAIGHT,3.6600966453552246,0.7717815637588501,2.4467816661655206e-09
69,95967.265,0.7846880555152893,-2.5749729015700495e-09,-0.9579170346260071,5.162669262884291e-08,0.13878053426742554,-1.4032424111576347e-09,-0.003999136388301849,0.13889755725860586,5.819678995149553e-10,-0.003648871465521097,trajectory,STRAIGHT,3.660983085632324,0.7846880555152893,2.5749729015700495e-09
70,95967.375,0.7975945472717285,-2.707818191893807e-09,-0.9582846760749817,5.362029081173762e-08,0.13878107070922852,-1.4537486769938823e-09,-0.0038871821016073227,0.1388975143432616,4.938472423182093e-10,-0.0036394457360079293,trajectory,STRAIGHT,3.661842107772827,0.7975945472717285,2.707818191893807e-09
71,95967.484,0.811750054359436,-2.858973058295078e-09,-0.9586753249168396,5.578534295709588e-08,0.13878165185451508,-1.5101970785025287e-09,-0.003761929227039218,0.13889746785163876,6.177515837349519e-10,-0.00359718075590272,trajectory,STRAIGHT,3.662675380706787,0.811750054359436,2.858973058295078e-09
72,95967.593,0.8259055614471436,-3.0159414965424958e-09,-0.959052324295044,5.794100172762376e-08,0.13878266513347626,-1.5677478204523254e-09,-0.0036337999626994133,0.13889738678932187,5.314944478583297e-10,-0.003588581128139687,trajectory,STRAIGHT,3.663482904434204,0.8259055614471436,3.0159414965424958e-09
73,95967.718,0.839644730091095,-3.173960871905024e-09,-0.9594066739082336,6.015059778854163e-08,0.138783261179924,-1.6246685108356473e-09,-0.003522393759340048,0.1388973391056061,6.752894228576877e-10,-0.0035460653710497215,trajectory,STRAIGHT,3.6642653942108154,0.839644730091095,3.173960871905024e-09
74,95967.828,0.8525512218475342,-3.327582209777802e-09,-0.9597296714782715,6.208076581327137e-08,0.13878372311592102,-1.6791021906215065e-09,-0.003420610446482897,0.13889730215072635,6.061981234104071e-10,-0.0035380581575764013,trajectory,STRAIGHT,3.665018320083618,0.8525512218475342,3.327582209777802e-09
75,95967.937,0.8654577136039734,-3.4863085751624112e-09,-0.9600436687469482,6.432796380374545e-08,0.13878418505191803,-1.7344609082314832e-09,-0.00332634337246418,0.13889726519584636,7.271508662079074e-10,-0.003500154398711934,trajectory,STRAIGHT,3.665750503540039,0.8654577136039734,3.4863085751624112e-09
76,95968.062,0.8787805438041687,-3.6556022653400078e-09,-0.9603588581085205,6.673244042815321e-08,0.13878466188907623,-1.792572645875623e-09,-0.0032348805107176304,0.1388972270488737,6.269901567806294e-10,-0.003491711959573045,trajectory,STRAIGHT,3.666459560394287,0.8787805438041687,3.6556022653400078e-09
77,95968.171,0.8912706971168518,-3.8194221119169924e-09,-0.9606468677520752,6.8986637263525e-08,0.13878510892391205,-1.8479454633180126e-09,-0.003152338555082679,0.13889719128608707,7.909087431337624e-10,-0.003456284511879186,trajectory,STRAIGHT,3.666459560394287,0.8912706971168518,3.8194221119169924e-09
78,95968.281,0.904177188873291,-3.993979813543547e-09,-0.9609368443489075,7.13159739933985e-08,0.13878518342971802,-1.906072188972985e-09,-0.003070173552259803,0.1388971853256226,7.008968639119938e-10,-0.0034483588822634024,trajectory,STRAIGHT,3.6671435832977295,0.904177188873291,3.993979813543547e-09
79,95968.406,0.9170836806297302,-4.173986489774961e-09,-0.9612191319465637,7.364531072326115e-08,0.13878518342971802,-1.965121398939118e-09,-0.0029876783955842257,0.1388971853256226,8.549972027243217e-10,-0.00341546222479389,trajectory,STRAIGHT,3.667809247970581,0.9170836806297302,4.173986489774961e-09
80,95968.5,0.9304065108299255,-4.365606542933165e-09,-0.9615026116371155,7.604978734762499e-08,0.13878518342971802,-2.0270436440483763e-09,-0.002906552515923977,0.13889718532562248,8.865643697091425e-10,-0.003395381834243191,trajectory,STRAIGHT,3.6684556007385254,0.9304065108299255,4.365606542933165e-09
81,95968.625,0.9383169412612915,-4.482210158585076e-09,-0.9616672396659851,7.747744534333591e-08,0.13878518342971802,-2.064275195223786e-09,-0.0028585251420736313,0.13889718532562248,8.374785165869665e-10,-0.003390992622707737,trajectory,STRAIGHT,3.6690833568573,0.9383169412612915,4.482210158585076e-09
82,95968.734,0.9553868174552917,-4.741118608819761e-09,-0.9620130062103271,8.055818101827713e-08,0.13878518342971802,-2.145799760100431e-09,-0.0027728041168302298,0.1388971853256226,9.214156303278324e-10,-0.0033608836182312824,trajectory,STRAIGHT,3.669694423675537,0.9553868174552917,4.741118608819761e-09
83,95968.843,0.9687096476554871,-4.950220233723712e-09,-0.9622759222984314,8.296265764260833e-08,0.13878518342971802,-2.2105488550749897e-09,-0.0026867410633713007,0.1388971853256226,9.889551612359119e-10,-0.0033394387450172537,trajectory,STRAIGHT,3.670286178588867,0.9687096476554871,4.950220233723712e-09
84,95968.968,0.9816161394119263,-5.158759641687993e-09,-0.9625223278999329,8.529199437241816e-08,0.13878518342971802,-2.27421281806528e-09,-0.002605568850412965,0.1388971853256226,9.210161181147012e-10,-0.0033336122419788472,trajectory,STRAIGHT,3.6708600521087646,0.9816161394119263,5.158759641687993e-09
85,95969.078,0.9957716464996338,-5.394340973907674e-09,-0.9627847075462341,8.784675078574552e-08,0.13878518342971802,-2.345100558187596e-09,-0.002530815778300166,0.13889718532562262,1.055388260602561e-09,-0.0033041069744354935,trajectory,STRAIGHT,3.671422004699707,0.9957716464996338,5.394340973907674e-09
86,95969.203,1.009928584098816,-5.637209365971785e-09,-0.9630391001701355,9.040150719905981e-08,0.13878518342971802,-2.4170980772453277e-09,-0.0024531919043511152,0.13889718532562262,1.0938710743990715e-09,-0.003286075021506186,trajectory,STRAIGHT,3.6719632148742676,1.009928584098816,5.637209365971785e-09
87,95969.312,1.0240861177444458,-5.8874789488072565e-09,-0.9632852077484131,9.295626361236108e-08,0.13878518342971802,-2.490206707506104e-09,-0.0023786139208823442,0.13889718532562262,1.0328559644472395e-09,-0.003279735881269808,trajectory,STRAIGHT,3.6724867820739746,1.0240861177444458,5.8874789488072565e-09
88,95969.437,1.036994457244873,-6.1222102942792844e-09,-0.9635035991668701,9.528560034212439e-08,0.13878518342971802,-2.5578326123820716e-09,-0.00231320527382195,0.13889718532562262,1.1761023201686444e-09,-0.0032520698610018378,trajectory,STRAIGHT,3.6729962825775146,1.036994457244873,6.1222102942792844e-09
89,95969.625,1.0499027967453003,-6.363273907794564e-09,-0.9637159109115601,9.761493707187686e-08,0.13878518342971802,-2.6263815566807125e-09,-0.0022531035356223583,0.13889718532562262,1.1276325798489873e-09,-0.0032462624128233074,trajectory,STRAIGHT,3.6734888553619385,1.0499027967453003,6.363273907794564e-09
90,95969.765,1.0744702816009521,-6.83987622096538e-09,-0.9641113877296448,1.0204819084782743e-07,0.13878518342971802,-2.759401374063941e-09,-0.0021982723847031593,0.1388971853256225,1.208815852806136e-09,-0.00321196101449154,trajectory,STRAIGHT,3.6739659309387207,1.0744702816009521,6.83987622096538e-09
91,95969.875,1.088627815246582,-7.125319445577816e-09,-0.9643325209617615,1.0460294726106926e-07,0.13878518342971802,-2.8375715110939836e-09,-0.0021138647571206093,0.13889718532562265,1.3095535143859434e-09,-0.003190289855641465,trajectory,STRAIGHT,3.6744301319122314,1.088627815246582,7.125319445577816e-09
92,95970.0,1.102368950843811,-7.410044577937924e-09,-0.964538037776947,1.0708256377979282e-07,0.13878518342971802,-2.9145048596745937e-09,-0.002035897457972169,0.13889718532562242,1.3497327135415965e-09,-0.0031765404766373817,trajectory,STRAIGHT,3.6748886108398438,1.102368950843811,7.410044577937924e-09
93,95970.109,1.1148608922958374,-7.675541091600735e-09,-0.9647191762924194,1.0933676061498556e-07,0.13878518342971802,-2.985354186080258e-09,-0.001982799032703042,0.13889718532562242,1.321238920854955e-09,-0.003171731424885291,trajectory,STRAIGHT,3.675337553024292,1.1148608922958374,7.675541091600735e-09
94,95970.234,1.1286020278930664,-7.97499488669473e-09,-0.9649133086204529,1.1181637713368582e-07,0.13878518342971802,-3.0642877124620327e-09,-0.0019392024260014296,0.13889718532562265,1.4222516575304211e-09,-0.0031485328194563334,trajectory,STRAIGHT,3.6757712364196777,1.1286020278930664,7.97499488669473e-09
95,95970.343,1.1415103673934937,-8.263465467450715e-09,-0.9650927186012268,1.1414571386336276e-07,0.13878518342971802,-3.1393940780333196e-09,-0.0019315765239298344,0.13889718532562254,1.4617467809566951e-09,-0.003131647197561856,trajectory,STRAIGHT,3.67618989944458,1.1415103673934937,8.263465467450715e-09
96,95970.453,1.154418706893921,-8.558963315863366e-09,-0.9652719497680664,1.1647505059302887e-07,0.13878518342971802,-3.2154245932503045e-09,-0.0019345978507772088,0.13889718532562254,1.4436642646425695e-09,-0.0031224439330720865,trajectory,STRAIGHT,3.6765944957733154,1.154418706893921,8.558963315863366e-09
97,95970.578,1.1685762405395508,-8.891242408992639e-09,-0.965469479560852,1.190298070061986e-07,0.13878518342971802,-3.2998748178414417e-09,-0.0019392423564568162,0.13889718532562262,1.5318249910923107e-09,-0.003096446390057289,trajectory,STRAIGHT,3.6769886016845703,1.1685762405395508,8.891242408992639e-09
98,95970.671,1.181484580039978,-9.201758466304e-09,-0.9656505584716797,1.213593497932354e-07,0.13878518342971802,-3.3778422281471876e-09,-0.00194336858112365,0.13889718532562267,1.57240984390468e-09,-0.0030783879540644964,trajectory,STRAIGHT,3.677382230758667,1.181484580039978,9.201758466304e-09
99,95970.796,1.1943929195404053,-9.519565580262679e-09,-0.9658316373825073,1.23688906791117e-07,0.13878518342971802,-3.456732677875607e-09,-0.0019470576662570238,0.13889718532562267,1.5660796425026055e-09,-0.0030690388817124444,trajectory,STRAIGHT,3.6777751445770264,1.1943929195404053,9.519565580262679e-09
100,95970.937,1.2097996473312378,-9.908552200954546e-09,-0.9660477638244629,1.264693457885749e-07,0.13878518342971802,-3.5521026120477472e-09,-0.0019510239362716675,0.1388971853256225,1.6440365580124602e-09,-0.003042011332637302,trajectory,STRAIGHT,3.6781728267669678,1.2097996473312378,9.908552200954546e-09
101,95971.031,1.2222915887832642,-1.02317638805971e-08,-0.9662230014801025,1.2872375578650243e-07,0.13878518342971802,-3.6303948736104985e-09,-0.0019539399072527885,0.13889718532562267,1.6873087248246673e-09,-0.003023525119936179,trajectory,STRAIGHT,3.678570032119751,1.2222915887832642,1.02317638805971e-08
102,95971.14,1.236449122428894,-1.060664267527045e-08,-0.9664216041564941,1.3127875378414136e-07,0.13878518342971802,-3.720172392362997e-09,-0.001956905936822295,0.13889718532562267,1.693896701194688e-09,-0.0030133577037510383,trajectory,STRAIGHT,3.6789674758911133,1.236449122428894,1.060664267527045e-08
103,95971.265,1.250606656074524,-1.0990730103799251e-08,-0.9666221737861633,1.3383375178176726e-07,0.13878518342971802,-3.8110608002739355e-09,-0.0019595567137002945,0.1388971853256227,1.7632007346988857e-09,-0.0029867002048902334,trajectory,STRAIGHT,3.6793646812438965,1.250606656074524,1.0990730103799251e-08
104,95971.375,1.2635149955749512,-1.134905769362149e-08,-0.966805100440979,1.361633087795913e-07,0.13878518342971802,-3.894899069933899e-09,-0.001961725065484643,0.1388971853256227,1.7777117949722e-09,-0.0029773804040067017,trajectory,STRAIGHT,3.6797611713409424,1.2635149955749512,1.134905769362149e-08
105,95971.5,1.2772561311721802,-1.1739119898379613e-08,-0.9669998288154602,1.3864315977726303e-07,0.13878518342971802,-3.985161978192764e-09,-0.0019638154190033674,0.1388971853256227,1.8396748336538618e-09,-0.002950635766897438,trajectory,STRAIGHT,3.680164337158203,1.2772561311721802,1.1739119898379613e-08
106,95971.609,1.2905808687210083,-1.212594558097635e-08,-0.9671886563301086,1.4104786377499358e-07,0.13878518342971802,-4.073688497641115e-09,-0.0019656498916447163,0.1388971853256227,1.878078116670947e-09,-0.0029324962633397547,trajectory,STRAIGHT,3.6805660724639893,1.2905808687210083,1.212594558097635e-08
107,95971.734,1.3034892082214355,-1.2508831304103296e-08,-0.9673715829849243,1.433774207727841e-07,0.13878518342971802,-4.1603880340801425e-09,-0.001967471092939377,0.13889718532562273,1.904392107702706e-09,-0.002923204234495398,trajectory,STRAIGHT,3.6809651851654053,1.3034892082214355,1.2508831304103296e-08
108,95971.843,1.3168139457702637,-1.2912572344703221e-08,-0.9675604104995728,1.4578212477049193e-07,0.13878518342971802,-4.2508543351971184e-09,-0.001971266232430935,0.13889718532562265,1.9528148204564395e-09,-0.0028971339048499754,trajectory,STRAIGHT,3.6809651851654053,1.3168139457702637,1.2912572344703221e-08
109,95971.968,1.3309714794158936,-1.3351116656679096e-08,-0.9677610397338867,1.4833712276804485e-07,0.13878518342971802,-4.348052140557002e-09,-0.001972546335309744,0.13889718532562265,1.9907261940117296e-09,-0.0028870000349039728,trajectory,STRAIGHT,3.681368350982666,1.3309714794158936,1.3351116656679096e-08
110,95972.187,1.3559553623199463,-1.4149412308483988e-08,-0.9681150913238525,1.5284594276369562e-07,0.13878518342971802,-4.522290542041674e-09,-0.001973960315808654,0.13889718532562273,2.0696194988513087e-09,-0.0028520815969381164,trajectory,STRAIGHT,3.6821696758270264,1.3559553623199463,1.4149412308483988e-08
111,95972.296,1.3692800998687744,-1.4588081853617041e-08,-0.968303918838501,1.5525064676135943e-07,0.13878518342971802,-4.616633741960641e-09,-0.0019745451863855124,0.13889718532562265,2.1033138254104766e-09,-0.0028270454860797856,trajectory,STRAIGHT,3.682570457458496,1.3692800998687744,1.4588081853617041e-08
112,95972.406,1.3830212354660034,-1.5049991475279967e-08,-0.9684986472129822,1.5773049775893816e-07,0.13878518342971802,-4.714957757556704e-09,-0.001975027611479163,0.13889718532562265,2.15696288723546e-09,-0.0028172704733482336,trajectory,STRAIGHT,3.6829724311828613,1.3830212354660034,1.5049991475279967e-08
113,95972.531,1.3967623710632324,-1.5521694152198506e-08,-0.9686933755874634,1.6021034875650465e-07,0.13878518342971802,-4.814328935509593e-09,-0.0019754962995648384,0.13889718532562276,2.183264506571049e-09,-0.0027906529519743685,trajectory,STRAIGHT,3.6833736896514893,1.3967623710632324,1.5521694152198506e-08
114,95972.656,1.4105035066604614,-1.6003285807641987e-08,-0.9688881039619446,1.6269019975405884e-07,0.13878518342971802,-4.914747275819309e-09,-0.0019759649876505136,0.13889718532562276,2.2459677720285778e-09,-0.0027808790382034543,trajectory,STRAIGHT,3.683774471282959,1.4105035066604614,1.6003285807641987e-08
115,95972.765,1.4229954481124878,-1.6449765993797882e-08,-0.9690651297569275,1.6489991661667174e-07,0.13878518342971802,-5.006943748497861e-09,-0.001976416911929846,0.13889718532562279,2.2610770566312465e-09,-0.0027548888544842486,trajectory,STRAIGHT,3.684177875518799,1.4229954481124878,1.6449765993797882e-08
116,95972.875,1.435903787612915,-1.6919885936772516e-08,-0.9692480564117432,1.6729733044593992e-07,0.13878518342971802,-5.1031161518722e-09,-0.001976735657081008,0.13889718532562279,2.3216074109262744e-09,-0.002745717022131372,trajectory,STRAIGHT,3.6845781803131104,1.435903787612915,1.6919885936772516e-08
117,95972.984,1.449644923210144,-1.7430215493163814e-08,-0.9694439768791199,1.7001637854948788e-07,0.13878518342971802,-5.206511222155541e-09,-0.0019770129583775997,0.13889718532562273,2.3169311968403716e-09,-0.0027200917367544084,trajectory,STRAIGHT,3.6849801540374756,1.449644923210144,1.7430215493163814e-08
118,95973.109,1.4629696607589722,-1.7934903340233177e-08,-0.9696347117424011,1.7375468599818143e-07,0.13878518342971802,-5.307781769658959e-09,-0.0019772425293922424,0.13889718532562279,2.2619502177332097e-09,-0.002701932907910585,trajectory,STRAIGHT,3.6853809356689453,1.4629696607589722,1.7934903340233177e-08
119,95973.218,1.477127194404602,-1.8481843611084514e-08,-0.9698373675346375,1.7861073401389272e-07,0.13878518342971802,-5.4164797091971195e-09,-0.0019774907268583775,0.1388971853256228,2.1529903837392047e-09,-0.0026917802625014775,trajectory,STRAIGHT,3.685784101486206,1.477127194404602,1.8481843611084514e-08
120,95973.343,1.491284728050232,-1.9039930521103088e-08,-0.9700400233268738,1.84593915970938e-07,0.13878518342971802,-5.5263251752535325e-09,-0.0019777389243245125,0.1388971853256228,2.210448005974236e-09,-0.0026643521221148946,trajectory,STRAIGHT,3.6861894130706787,1.491284728050232,1.9039930521103088e-08
121,95973.453,1.5054422616958618,-1.9609284862553977e-08,-0.9702426791191101,1.9167350800303282e-07,0.13878518342971802,-5.637330602326074e-09,-0.001977994106709957,0.13889718532562273,2.1994405303200532e-09,-0.002645299420499592,trajectory,STRAIGHT,3.686594009399414,1.5054422616958618,1.9609284862553977e-08
122,95973.578,1.5195997953414917,-2.0190016769561225e-08,-0.9704453349113464,1.999154911060095e-07,0.13878518342971802,-5.749512421715508e-09,-0.0019782534800469875,0.1388971853256227,2.196491551589078e-09,-0.0026262463836082225,trajectory,STRAIGHT,3.6869993209838867,1.5195997953414917,2.0190016769561225e-08
123,95973.703,1.5337573289871216,-2.078225058710359e-08,-0.9706479907035828,2.0932222428506417e-07,0.13878518342971802,-5.862883512008921e-09,-0.001978512853384018,0.13889718532562273,1.7382187752968588e-09,-0.002616092844129444,trajectory,STRAIGHT,3.687404155731201,1.5337573289871216,2.078225058710359e-08
124,95973.828,1.5479148626327515,-2.1344384038002318e-08,-0.9708506464958191,2.1825461177479166e-07,0.13878518342971802,-5.5177804547668075e-09,-0.0019787317141890526,0.13889718532562276,2.336632239813714e-09,-0.002588143550827984,trajectory,STRAIGHT,3.687811851501465,1.5479148626327515,2.1344384038002318e-08
125,95973.953,1.5616559982299805,-2.189062620061577e-08,-0.9710473418235779,2.248694473072922e-07,0.13878518342971802,-4.495308125740394e-09,-0.0019789570942521095,0.13889718532562292,2.558445269165355e-09,-0.0025693912566222823,trajectory,STRAIGHT,3.688215970993042,1.5616559982299805,2.189062620061577e-08
126,95974.078,1.5753971338272095,-2.21667590949437e-08,-0.9712440371513367,2.3130120077055717e-07,0.13878518342971802,-8.697085829290074e-10,-0.0019789976067841053,0.13889718532562287,2.339943112216063e-09,-0.002550915501743078,trajectory,STRAIGHT,3.6886210441589355,1.5753971338272095,2.21667590949437e-08
127,95974.203,1.5891382694244385,-2.202070703560821e-08,-0.9714407324790955,2.3773295424096978e-07,0.13878518342971802,4.033426481697688e-09,-0.0019789976067841053,0.13889718532562279,1.6968323565563888e-09,-0.0025410807353551386,trajectory,STRAIGHT,3.689026355743408,1.5891382694244385,2.21667590949437e-08
128,95974.39,1.604544997215271,-2.1198427901936157e-08,-0.9716612696647644,2.4494384524293857e-07,0.13878518342971802,1.1050080850338873e-08,-0.0019789976067841053,0.13889718532562262,1.4096209525403393e-09,-0.002512778381094216,trajectory,STRAIGHT,3.689431667327881,1.604544997215271,2.21667590949437e-08
129,95974.515,1.6270304918289185,-1.8413510716186465e-08,-0.9719831347465515,2.550875347955521e-07,0.13878518342971802,2.295540468821855e-08,-0.0019787547644227743,0.13889718532562245,2.764735146504068e-10,-0.002487019807209465,trajectory,STRAIGHT,3.690242052078247,1.6270304918289185,2.21667590949437e-08
130,95974.656,1.6399388313293457,-1.600686339031654e-08,-0.9721679091453552,2.5996426197456954e-07,0.13878518342971802,2.9159661352196053e-08,-0.001978935208171606,0.13889718532562215,1.6079535915518712e-10,-0.0024636321558786844,trajectory,STRAIGHT,3.690242052078247,1.6399388313293457,2.21667590949437e-08
131,95974.765,1.6540963649749756,-1.2762345846795142e-08,-0.9723705649375916,2.640500003306388e-07,0.13878518342971802,3.471801335308555e-08,-0.0019789524376392365,0.1388971853256222,-2.049387633845073e-10,-0.0024453837402685793,trajectory,STRAIGHT,3.690647602081299,1.6540963649749756,2.21667590949437e-08
132,95974.89,1.6678375005722046,-8.521435113095777e-09,-0.9725672602653503,2.66881913306226e-07,0.13878518342971802,5.171436967543741e-08,-0.0019789524376392365,0.13889718532562176,-1.5145654656623395e-09,-0.0024266494764679887,trajectory,STRAIGHT,3.6910526752471924,1.6678375005722046,2.21667590949437e-08
133,95975.0,1.6807458400726318,-3.367115919417074e-09,-0.972752034664154,2.6884760665356265e-07,0.13878518342971802,5.889019760729752e-08,-0.0019789524376392365,0.13889718532562162,-2.4290695214315284e-09,-0.002417410756527803,trajectory,STRAIGHT,3.6914570331573486,1.6807458400726318,2.21667590949437e-08
134,95975.109,1.6928213834762573,2.0652597410020235e-09,-0.9729248881340027,2.70467636581747e-07,0.13878518342971802,6.615417191824235e-08,-0.0019789524376392365,0.13889718532562154,-2.668017899453689e-09,-0.0023920160879056618,trajectory,STRAIGHT,3.6918630599975586,1.6928213834762573,2.21667590949437e-08
135,95975.218,1.7061461210250854,8.8462774883169e-09,-0.9731156229972839,2.719701138423428e-07,0.13878518342971802,7.531462387078136e-08,-0.0019789524376392365,0.13889718532562131,-3.848314468126231e-09,-0.0023824793447415993,trajectory,STRAIGHT,3.692269802093506,1.7061461210250854,2.21667590949437e-08
136,95975.328,1.7190544605255127,1.6307863504039233e-08,-0.9733003973960876,2.734256387412329e-07,0.13878518342971802,8.53344275242307e-08,-0.0019789524376392365,0.13889718532562104,-4.329724001932946e-09,-0.0023572738794435427,trajectory,STRAIGHT,3.6926753520965576,1.7190544605255127,2.21667590949437e-08
137,95975.453,1.73196280002594,2.4753735061722182e-08,-0.9734851717948914,2.7467709527504236e-07,0.13878518342971802,9.648166354736532e-08,-0.0019789524376392365,0.1388971853256208,-5.821163060503984e-09,-0.002348035159503357,trajectory,STRAIGHT,3.6930794715881348,1.73196280002594,2.4753735061722182e-08
138,95975.562,1.7461203336715698,3.527317815610331e-08,-0.9736878275871277,2.757149337650935e-07,0.13878518342971802,1.1000403787875257e-07,-0.0019789524376392365,0.13889718532562054,-6.5044950310528305e-09,-0.0023216738746095963,trajectory,STRAIGHT,3.6934847831726074,1.7461203336715698,3.527317815610331e-08
139,95975.671,1.7602778673171997,4.724109459175452e-08,-0.973890483379364,2.767527735845452e-07,0.13878518342971802,1.2487967637753172e-07,-0.0019789524376392365,0.1388971853256202,-7.826401309628861e-09,-0.00230264158758519,trajectory,STRAIGHT,3.693889617919922,1.7602778673171997,4.724109459175452e-08
140,95975.796,1.7744354009628296,6.058306212253228e-08,-0.9740931391716003,2.77410360119533e-07,0.13878518342971802,1.3499604278877086e-07,-0.0019789524376392365,0.13889718532561998,-9.634689336620877e-09,-0.0022925087979733735,trajectory,STRAIGHT,3.6942946910858154,1.7744354009628296,6.058306212253228e-08
141,95975.921,1.7877601385116577,7.367307830463687e-08,-0.9742838740348816,2.774859106849496e-07,0.13878518342971802,1.3670073428784235e-07,-0.0019789524376392365,0.13889718532561995,-8.801998083355822e-09,-0.00226517305998407,trajectory,STRAIGHT,3.694699764251709,1.7877601385116577,7.367307830463687e-08
142,95976.062,1.8019176721572876,8.711764110103104e-08,-0.9744865298271179,2.7756627234078866e-07,0.13878518342971802,1.228333701419615e-07,-0.0019789524376392365,0.13889718532562026,-7.704429790966674e-09,-0.002246664272807368,trajectory,STRAIGHT,3.6951048374176025,1.8019176721572876,8.711764110103104e-08
143,95976.25,1.8256523609161377,1.024272719973851e-07,-0.9748262763023376,2.777009967948758e-07,0.13878518342971802,4.4770875007316135e-08,-0.0019789524376392365,0.13889718532562198,-2.3430644852994733e-09,-0.0022296769490463817,trajectory,STRAIGHT,3.6959149837493896,1.8256523609161377,1.024272719973851e-07
144,95976.359,1.838560700416565,1.0343403289425623e-07,-0.9750110507011414,2.777742682535517e-07,0.13878518342971802,-2.6512751105656207e-08,-0.0019789524376392365,0.13889718532562356,5.455653530537595e-09,-0.0021966189860312666,trajectory,STRAIGHT,3.6959149837493896,1.838560700416565,1.0343403289425623e-07
145,95976.468,1.8506362438201904,9.755580521186857e-08,-0.97518390417099,2.77842812689601e-07,0.13878518342971802,-1.1158520152321216e-07,-0.0019789524376392365,0.13889718532562545,1.3178777698633038e-08,-0.002187976312538835,trajectory,STRAIGHT,3.696321964263916,1.8506362438201904,1.0343403289425623e-07
146,95976.578,1.8635445833206177,8.243121385476115e-08,-0.9753686785697937,2.7785692505076733e-07,0.13878518342971802,-2.1127524973962863e-07,-0.0019789524376392365,0.1388971853256276,2.1856728975704727e-08,-0.0021630325971645366,trajectory,STRAIGHT,3.6967270374298096,1.8635445833206177,1.0343403289425623e-07
147,95976.687,1.876452922821045,5.865237895363862e-08,-0.9755534529685974,2.778567991483684e-07,0.13878518342971802,-2.9646267307725793e-07,-0.0019789524376392365,0.1388971853256295,3.1408284352267685e-08,-0.002153793877224351,trajectory,STRAIGHT,3.697131633758545,1.876452922821045,1.0343403289425623e-07
148,95976.796,1.889777660369873,2.712820901251689e-08,-0.9757441878318787,2.778564364646579e-07,0.13878518342971802,-3.512893158585939e-07,-0.0019789524376392365,0.1388971853256307,3.4710823460533956e-08,-0.0021280286387784716,trajectory,STRAIGHT,3.6975369453430176,1.889777660369873,1.0343403289425623e-07
149,95976.906,1.9018532037734985,-3.888092514614527e-09,-0.9759170413017273,2.778561185714404e-07,0.13878518342971802,-3.5433745892987645e-07,-0.0019789524376392365,0.13889718532563078,3.8391859257154705e-08,-0.00211938596528604,trajectory,STRAIGHT,3.697941780090332,1.9018532037734985,1.0343403289425623e-07
150,95977.031,1.917676329612732,-4.2747441142410025e-08,-0.9761435389518738,2.778560724739245e-07,0.13878518342971802,-3.2460462762173847e-07,-0.0019789524376392365,0.1388971853256301,3.3378949321092413e-08,-0.0020920943374207177,trajectory,STRAIGHT,3.698347330093384,1.917676329612732,1.0343403289425623e-07
151,95977.125,1.9301682710647583,-7.058215345523422e-08,-0.9763223528862,2.7785603401675763e-07,0.13878518342971802,-2.9372120025072945e-07,-0.0019789524376392365,0.13889718532562942,2.9713251279804956e-08,-0.0020732071435961607,trajectory,STRAIGHT,3.6987521648406982,1.9301682710647583,1.0343403289425623e-07
152,95977.25,1.9422438144683838,-9.465985328915849e-08,-0.9764952063560486,2.777997366572659e-07,0.13878518342971802,-2.600604318558908e-07,-0.001978691667318344,0.13889718532562867,2.9768552419830553e-08,-0.0020645853317294008,trajectory,STRAIGHT,3.699157238006592,1.9422438144683838,1.0343403289425623e-07
153,95977.375,1.958483338356018,-1.22351480058569e-07,-0.9767276644706726,2.77898371342566e-07,0.13878518342971802,-2.128321341388073e-07,-0.001978808082640171,0.13889718532562764,2.332261777881791e-08,-0.002037509867262348,trajectory,STRAIGHT,3.6995625495910645,1.958483338356018,1.22351480058569e-07
154,95977.484,1.9718080759048462,-1.4131312298104604e-07,-0.9769183993339539,2.789011528977292e-07,0.13878518342971802,-1.828842783879736e-07,-0.0019789752550423145,0.13889718532562698,2.3107066089193163e-08,-0.002027959750306114,trajectory,STRAIGHT,3.6999671459198,1.9718080759048462,1.4131312298104604e-07
155,95977.609,1.9855492115020752,-1.5789765939189238e-07,-0.9771150946617126,2.801410698189917e-07,0.13878518342971802,-1.5193499791621434e-07,-0.001979004591703415,0.13889718532562637,1.7184561805810623e-08,-0.0019995383923883336,trajectory,STRAIGHT,3.700373649597168,1.9855492115020734,1.5789765939189238e-07
156,95977.734,1.9988739490509033,-1.7099422677802067e-07,-0.9773058295249939,2.8134341349044737e-07,0.13878518342971802,-1.2070348986981116e-07,-0.001979004591703415,0.1388971853256257,1.4344288055478001e-08,-0.0019813639017354995,trajectory,STRAIGHT,3.700779676437378,1.9988739490509015,1.7099422677802067e-07
157,95977.828,2.012195110321045,-1.8106601373801823e-07,-0.9774965643882751,2.8254112875995537e-07,0.13878518342971802,-9.0205631408935e-08,-0.0019789976067841053,0.13889718532562503,1.3183138076655291e-08,-0.001971827717364982,trajectory,STRAIGHT,3.7011845111846924,2.012195110321043,1.8106601373801823e-07
158,95977.953,2.0255160331726074,-1.8850774097245449e-07,-0.9776872992515564,2.830203101029443e-07,0.13878518342971802,-6.301508648220988e-08,-0.001978987827897072,0.13889718532562442,9.25679273150967e-09,-0.0019455397613822388,trajectory,STRAIGHT,3.701590061187744,2.0255160331726056,1.8850774097245449e-07
159,95978.062,2.0384206771850586,-1.9267935158495675e-07,-0.9778720736503601,2.834971238224542e-07,0.13878518342971802,-2.5266723824302062e-08,-0.001978987827897072,0.13889718532562356,6.978175488563782e-09,-0.0019363010414420532,trajectory,STRAIGHT,3.701590061187744,2.038420677185057,1.9267935158495675e-07
160,95978.187,2.0521578788757324,-1.936635669608222e-07,-0.9780687689781189,2.851527346167655e-07,0.13878518342971802,3.6451237583889906e-09,-0.001978987827897072,0.1388971853256228,3.198968586633923e-09,-0.0019099760298483504,trajectory,STRAIGHT,3.701993942260742,2.0521578788757306,1.936635669608222e-07
161,95978.296,2.065478801727295,-1.9241731763486314e-07,-0.9782595038414001,2.8706888376677034e-07,0.13878518342971802,2.1819557716185045e-08,-0.001978987827897072,0.1388971853256225,1.5078703957257446e-09,-0.0018918015391955168,trajectory,STRAIGHT,3.7024002075195312,2.065478801727293,1.936635669608222e-07
162,95978.421,2.0787997245788574,-1.8985745953159494e-07,-0.9784502387046814,2.8713706032436004e-07,0.13878518342971802,2.985204972105748e-08,-0.001978987827897072,0.1388971853256223,9.195551859971133e-10,-0.0018738887984666964,trajectory,STRAIGHT,3.7028050422668457,2.0787997245788556,1.936635669608222e-07
163,95978.531,2.0912880897521973,-1.8747145702491252e-07,-0.9786290526390076,2.8678506133729325e-07,0.13878518342971802,1.981536357220648e-08,-0.001978987827897072,0.13889718532562256,1.8728603085134464e-09,-0.0018649481017503878,trajectory,STRAIGHT,3.70320987701416,2.0912880897521955,1.936635669608222e-07
164,95978.64,2.1046090126037598,-1.8696221104619326e-07,-0.9788197875022888,2.864095958281344e-07,0.13878518342971802,-1.3021359990261772e-08,-0.001978987827897072,0.1388971853256231,4.589807428705352e-09,-0.0018391828633044416,trajectory,STRAIGHT,3.7036163806915283,2.104609012603758,1.936635669608222e-07
165,95978.765,2.1183462142944336,-1.9091123704129132e-07,-0.9790164828300476,2.8602239710530227e-07,0.13878518342971802,-7.08110263758499e-08,-0.001978987827897072,0.1388971853256244,9.66707298535069e-09,-0.001820972099351683,trajectory,STRAIGHT,3.7040207386016846,2.118346214294432,1.936635669608222e-07
166,95978.875,2.1320834159851074,-2.0173385451016657e-07,-0.9792131781578064,2.8635837531648276e-07,0.13878518342971802,-1.4934563807855739e-07,-0.001978987827897072,0.1388971853256262,1.7396073966948506e-08,-0.0018111373329637436,trajectory,STRAIGHT,3.704427719116211,2.1320834159851056,2.0173385451016657e-07
167,95979.0,2.1458206176757812,-2.1986480192026647e-07,-0.9794098734855652,2.876759703955221e-07,0.13878518342971802,-2.1244562731226324e-07,-0.001978987827897072,0.13889718532562767,2.2266184686347887e-08,-0.0017840270715983287,trajectory,STRAIGHT,3.704831838607788,2.1458206176757795,2.1986480192026647e-07
168,95979.109,2.158308982849121,-2.4068503989838064e-07,-0.9795886874198914,2.888737839167523e-07,0.13878518342971802,-2.4650961449879105e-07,-0.001978987827897072,0.1388971853256285,2.7329246799347565e-08,-0.0017750863748820201,trajectory,STRAIGHT,3.7052361965179443,2.1583089828491193,2.4068503989838064e-07
169,95979.234,2.1712136268615723,-2.6434776145833894e-07,-0.9797734618186951,2.9011152436871436e-07,0.13878518342971802,-2.5839682393780095e-07,-0.001978987827897072,0.1388971853256289,2.6509677110378465e-08,-0.0017493574097360708,trajectory,STRAIGHT,3.7056431770324707,2.1712136268615687,2.6434776145833894e-07
170,95979.343,2.184950828552246,-2.894890087645763e-07,-0.9799701571464539,2.914291188349148e-07,0.13878518342971802,-2.4501440520907636e-07,-0.001978987827897072,0.13889718532562872,2.5619543256267e-08,-0.0017314083957072535,trajectory,STRAIGHT,3.7060482501983643,2.1849508285522425,2.894890087645763e-07
171,95979.453,2.1991043090820312,-3.1259594379662303e-07,-0.9801728129386902,2.9268086404776594e-07,0.13878518342971802,-2.0406885425927612e-07,-0.001978987827897072,0.1388971853256278,2.49592808960399e-08,-0.001721275606095437,trajectory,STRAIGHT,3.706453323364258,2.1991043090820277,3.1259594379662303e-07
172,95979.578,2.2132577896118164,-3.315520871183253e-07,-0.9803754687309265,2.9406898572991345e-07,0.13878518342971802,-1.728391652022765e-07,-0.001978987827897072,0.1388971853256271,1.926513879657244e-08,-0.0016936055715821984,trajectory,STRAIGHT,3.7068581581115723,2.213257789611813,3.315520871183253e-07
173,95979.687,2.2269949913024902,-3.475581422662799e-07,-0.9805721640586853,2.938504359191629e-07,0.13878518342971802,-1.5021259969216771e-07,-0.001978987827897072,0.1388971853256264,1.7305703673750223e-08,-0.001674871307781669,trajectory,STRAIGHT,3.707263231277466,2.226994991302485,3.475581422662799e-07
174,95979.812,2.2398996353149414,-3.60686755129791e-07,-0.980756938457489,2.9341346346358637e-07,0.13878518342971802,-1.3305908908023412e-07,-0.001978987827897072,0.13889718532562598,1.766316908408246e-08,-0.0016656325878414834,trajectory,STRAIGHT,3.707669258117676,2.239899635314936,3.60686755129791e-07
175,95979.921,2.2528042793273926,-3.724653652170673e-07,-0.9809417128562927,2.9297644213006877e-07,0.13878518342971802,-1.2031004814616608e-07,-0.001978987827897072,0.13889718532562584,1.4477305803673075e-08,-0.0016396418727715877,trajectory,STRAIGHT,3.708073616027832,2.2528042793273872,3.724653652170673e-07
176,95980.031,2.2657089233398438,-3.8270047753030667e-07,-0.9811264872550964,2.925393099554607e-07,0.13878518342971802,-9.697006220221738e-08,-0.0019788758363574743,0.13889718532562528,1.4049425441371442e-08,-0.0016304121121545698,trajectory,STRAIGHT,3.7084803581237793,2.2657089233398384,3.8270047753030667e-07
177,95980.125,2.2777810096740723,-3.898599629792443e-07,-0.9812993407249451,2.919827678559258e-07,0.13878518342971802,-6.950082820367243e-08,-0.00197867164388299,0.13889718532562464,9.925983688923198e-09,-0.0016055572787782798,trajectory,STRAIGHT,3.7084803581237793,2.277781009674067,3.898599629792443e-07
178,95980.25,2.2906856536865234,-3.9534867823931563e-07,-0.9814841151237488,2.9140041853713007e-07,0.13878518342971802,-4.947535359178801e-08,-0.0019788171630352736,0.13889718532562417,9.299925310801635e-09,-0.0015963069173059116,trajectory,STRAIGHT,3.7088847160339355,2.290685653686518,3.9534867823931563e-07
179,95980.359,2.304006576538086,-3.99342098944544e-07,-0.98167484998703,2.907992838038251e-07,0.13878518342971802,-3.472244003432934e-08,-0.0019789806101471186,0.13889718532562384,6.853312784599101e-09,-0.0015710521029387893,trajectory,STRAIGHT,3.7092885971069336,2.304006576538079,3.99342098944544e-07
180,95980.484,2.316911220550537,-4.021295296752214e-07,-0.9818596243858337,2.9021693457686264e-07,0.13878518342971802,-2.6164146404994426e-08,-0.0019790183287113905,0.13889718532562362,6.8729004542710034e-09,-0.0015618103655134618,trajectory,STRAIGHT,3.709695339202881,2.31691122055053,4.021295296752214e-07
181,95980.593,2.3289833068847656,-4.042439627482963e-07,-0.9820324778556824,2.8967215630873113e-07,0.13878518342971802,-2.3266272464184112e-08,-0.0019790183287113905,0.13889718532562356,5.693093927036455e-09,-0.0015366774468152668,trajectory,STRAIGHT,3.7101004123687744,2.3289833068847585,4.042439627482963e-07
182,95980.796,2.354792594909668,-4.0827325165082584e-07,-0.9824020266532898,2.915013069859031e-07,0.13878518342971802,-1.951918271458908e-08,-0.0019790015649050474,0.13889718532562348,6.38820157623752e-09,-0.0015182013480394031,trajectory,STRAIGHT,3.7109107971191406,2.354792594909661,4.0827325165082584e-07
183,95980.921,2.368529796600342,-4.1005125694937306e-07,-0.9825987219810486,2.9289597158373776e-07,0.13878518342971802,-1.5972659639373887e-08,-0.0019790015649050474,0.13889718532562337,4.9704736361901754e-09,-0.0014845473385765341,trajectory,STRAIGHT,3.711315393447876,2.3685297966003347,4.1005125694937306e-07
184,95981.046,2.381434440612793,-4.1129106875814614e-07,-0.9827834963798523,2.9420611101728526e-07,0.13878518342971802,-1.0312550813296184e-08,-0.0019790015649050474,0.13889718532562326,4.906640680815523e-09,-0.0014753086186363486,trajectory,STRAIGHT,3.711721897125244,2.381434440612786,4.1129106875814614e-07
185,95981.203,2.395587921142578,-4.119171705951885e-07,-0.9829861521720886,2.956430380964815e-07,0.13878518342971802,-1.5109118400857824e-09,-0.0019790015649050474,0.13889718532562306,3.740698083093046e-09,-0.001448423833894822,trajectory,STRAIGHT,3.7121264934539795,2.395587921142571,4.119171705951885e-07
186,95981.359,2.419732093811035,-4.1044347653951263e-07,-0.9833318591117859,2.9809426654344904e-07,0.13878518342971802,1.9766291714518047e-08,-0.0019790015649050474,0.13889718532562245,2.055613753790865e-09,-0.0014222389894973076,trajectory,STRAIGHT,3.712937116622925,2.419732093811028,4.119171705951885e-07
187,95981.484,2.4330530166625977,-4.0788390265333874e-07,-0.9835225939750671,2.994467439505372e-07,0.13878518342971802,3.2355323753563425e-08,-0.0019790015649050474,0.13889718532562229,7.439613707490325e-10,-0.0013975207507470866,trajectory,STRAIGHT,3.712937116622925,2.4330530166625906,4.119171705951885e-07
188,95981.609,2.44637393951416,-4.048272330692271e-07,-0.9837133288383484,3.0079931243366826e-07,0.13878518342971802,2.771065332751732e-08,-0.0019790015649050474,0.1388971853256224,1.0921227048257607e-09,-0.0013879840075830241,trajectory,STRAIGHT,3.7133407592773438,2.446373939514153,4.119171705951885e-07
189,95981.703,2.4592785835266113,-4.0326122530132125e-07,-0.9838981032371521,3.021096130132226e-07,0.13878518342971802,2.572503987607888e-09,-0.0019790015649050474,0.138897185325623,3.25069759174648e-09,-0.0013619932925131284,trajectory,STRAIGHT,3.71374773979187,2.4592785835266042,4.119171705951885e-07
190,95981.828,2.4734320640563965,-4.0538810708312667e-07,-0.9841007590293884,3.0354671671788873e-07,0.13878518342971802,-4.8352852388688916e-08,-0.0019790015649050474,0.13889718532562423,7.841138591331169e-09,-0.001351860502901312,trajectory,STRAIGHT,3.7141520977020264,2.4734320640563894,4.119171705951885e-07
191,95981.953,2.486752986907959,-4.1322826405121305e-07,-0.9842914938926697,3.0484998512329097e-07,0.13878518342971802,-1.185046372143006e-07,-0.0019790015649050474,0.13889718532562592,1.3924841035035292e-08,-0.0013253100146837205,trajectory,STRAIGHT,3.7145583629608154,2.486752986907952,4.1322826405121305e-07
192,95982.046,2.49965763092041,-4.2752560602821177e-07,-0.9844762682914734,3.0551233114425815e-07,0.13878518342971802,-1.842306716071107e-07,-0.0019790015649050474,0.13889718532562756,2.094891238069176e-08,-0.001316071294743535,trajectory,STRAIGHT,3.71496319770813,2.499657630920403,4.2752560602821177e-07
193,95982.187,2.513394832611084,-4.478785058381618e-07,-0.9846729636192322,3.0620990956183603e-07,0.13878518342971802,-2.2116567777175078e-07,-0.0019790015649050474,0.1388971853256285,2.3479224967032604e-08,-0.0012897462831498317,trajectory,STRAIGHT,3.7153680324554443,2.513394832611075,4.478785058381618e-07
194,95982.296,2.526299476623535,-4.688350543347042e-07,-0.9848577380180359,3.068652103894652e-07,0.13878518342971802,-2.2441523128691188e-07,-0.0019790015649050474,0.13889718532562859,2.3786409460799516e-08,-0.0012718698157208753,trajectory,STRAIGHT,3.7157740592956543,2.5262994766235263,4.688350543347042e-07
195,95982.406,2.5396203994750977,-4.892826268587669e-07,-0.9850484728813171,3.0747579845371357e-07,0.13878518342971802,-1.9762771330533724e-07,-0.0019790015649050474,0.13889718532562795,2.4044259795527895e-08,-0.0012623330725568128,trajectory,STRAIGHT,3.7161784172058105,2.5396203994750888,4.892826268587669e-07
196,95982.531,2.55294132232666,-5.068492328064167e-07,-0.9852392077445984,3.0785144777571675e-07,0.13878518342971802,-1.6842830063978909e-07,-0.0019790015649050474,0.13889718532562711,1.902146382419579e-08,-0.0012363060841869865,trajectory,STRAIGHT,3.716585159301758,2.5529413223266495,5.068492328064167e-07
197,95982.625,2.5670948028564453,-5.22509310485475e-07,-0.9854418635368347,3.081917088408105e-07,0.13878518342971802,-1.394907940266421e-07,-0.0019790015649050474,0.13889718532562645,1.654923914601836e-08,-0.0012177972970103513,trajectory,STRAIGHT,3.7169899940490723,2.5670948028564347,5.22509310485475e-07
198,95982.75,2.57167387008667,-5.269476446301269e-07,-0.9855074286460876,3.082433457416557e-07,0.13878518342971802,-1.29882437249762e-07,-0.0019790015649050474,0.1388971853256262,1.6361033427718198e-08,-0.0012145190415477048,trajectory,STRAIGHT,3.7173943519592285,2.5716738700866593,5.269476446301269e-07
199,95982.859,2.5954017639160156,-5.455029281620227e-07,-0.9858471751213074,3.0842421618019906e-07,0.13878518342971802,-8.769165305011484e-08,-0.0019788278732448816,0.13889718532562517,1.3008976172275149e-08,-0.0011857668665439737,trajectory,STRAIGHT,3.7178006172180176,2.595401763916003,5.455029281620227e-07
200,95982.984,2.608722686767578,-5.530363864636456e-07,-0.9860379099845886,3.0869194858049123e-07,0.13878518342971802,-7.025225556844816e-08,-0.0019788257777690887,0.13889718532562476,1.0185308695364158e-08,-0.0011613105453556348,trajectory,STRAIGHT,3.718205690383911,2.6087226867675657,5.530363864636456e-07
201,95983.078,2.6207947731018066,-5.586832116932783e-07,-0.9862107634544373,3.0809322044781026e-07,0.13878528773784637,-5.959800475352495e-08,-0.0019788953941315413,0.13889717698097423,1.0322014204331547e-08,-0.001152662302554207,trajectory,STRAIGHT,3.7186119556427,2.620794773101794,5.586832116932783e-07
202,95983.187,2.6332831382751465,-5.639407163471333e-07,-0.9863895773887634,3.080582656365107e-07,0.1387857347726822,-5.625998156233436e-08,-0.0019788953941315413,0.13889714121818728,8.83508630302828e-09,-0.001127754860479967,trajectory,STRAIGHT,3.7190165519714355,2.633283138275134,5.639407163471333e-07
203,95983.296,2.6457715034484863,-5.68786674648436e-07,-0.9865683913230896,3.0812904662931136e-07,0.138786181807518,-5.0198220691299866e-08,-0.0019788953941315413,0.13889710545540027,9.213351254487178e-09,-0.0011188141637636583,trajectory,STRAIGHT,3.7190165519714355,2.645771503448474,5.68786674648436e-07
204,95983.421,2.659092426300049,-5.732367753807921e-07,-0.9867591261863708,3.081950147183981e-07,0.13878661394119263,-4.193357838744305e-08,-0.0019788898061960936,0.13889707088470607,7.625511138857949e-09,-0.00109357287220038,trajectory,STRAIGHT,3.719420909881592,2.6590924263000364,5.732367753807921e-07
205,95983.531,2.6715807914733887,-5.766686967945134e-07,-0.986937940120697,3.0887375321525865e-07,0.13878661394119263,-3.454039188000024e-08,-0.0019788870122283697,0.13889707088470588,7.703547459943597e-09,-0.0010846323990014893,trajectory,STRAIGHT,3.719827175140381,2.6715807914733745,5.766686967945134e-07
206,95983.656,2.685734272003174,-5.797082849312574e-07,-0.9871405959129333,3.1022402361773527e-07,0.13878661394119263,-2.460366310685913e-08,-0.001978881424292922,0.13889707088470574,6.020695133879195e-09,-0.0010582715611426254,trajectory,STRAIGHT,3.720231056213379,2.6857342720031596,5.797082849312574e-07
207,95983.781,2.6990551948547363,-5.815215899929171e-07,-0.9873313307762146,3.1217760203994154e-07,0.13878661394119263,-1.277268779631413e-08,-0.001978881424292922,0.1388970708847052,4.889722849758797e-09,-0.0010398353205659117,trajectory,STRAIGHT,3.720639705657959,2.699055194854722,5.815215899929171e-07
208,95983.875,2.7119598388671875,-5.820873525408388e-07,-0.9875161051750183,3.1413828685708554e-07,0.13878661394119263,9.807139544903976e-10,-0.0019788716454058886,0.13889707088470485,4.079723916690163e-09,-0.0010305973829366887,trajectory,STRAIGHT,3.721046209335327,2.7119598388671733,5.820873525408388e-07
209,95983.984,2.724031925201416,-5.813725465486641e-07,-0.9876889586448669,3.155730420700905e-07,0.13878661394119263,1.5519097118499303e-08,-0.001978884218260646,0.13889707088470468,2.4282637276669866e-09,-0.0010054634584101129,trajectory,STRAIGHT,3.7214503288269043,2.724031925201402,5.820873525408388e-07
210,95984.093,2.736936569213867,-5.792587103314872e-07,-0.9878737330436707,3.1717484853589867e-07,0.13878661394119263,2.9561899594909846e-08,-0.001978884218260646,0.13889707088470432,1.362296570502468e-09,-0.0009962247384699273,trajectory,STRAIGHT,3.7218570709228516,2.736936569213853,5.820873525408388e-07
211,95984.203,2.7510900497436523,-5.755671281804098e-07,-0.988076388835907,3.1893166847571946e-07,0.1387864202260971,4.2367798158693404e-08,-0.001978884218260646,0.13889708638191153,5.820601938369217e-11,-0.0009703869534240594,trajectory,STRAIGHT,3.722261428833008,2.751090049743638,5.820873525408388e-07
212,95984.328,2.7652435302734375,-5.707077548322559e-07,-0.9882790446281433,3.2058713583226686e-07,0.13878631591796875,5.245803436082497e-08,-0.001978881424292922,0.13889709472656156,-9.260336703771069e-10,-0.0009602543873296609,trajectory,STRAIGHT,3.722667694091797,2.765243530273425,5.820873525408388e-07
213,95984.453,2.7793970108032227,-5.649578724842286e-07,-0.9884817004203796,3.2278508903950347e-07,0.13878631591796875,5.983257977959511e-08,-0.001978881424292922,0.13889709472656153,-1.5406844233076212e-09,-0.0009323226028926033,trajectory,STRAIGHT,3.7230727672576904,2.77939701080321,5.820873525408388e-07
214,95984.562,2.792301654815674,-5.591732019638584e-07,-0.9886664748191833,3.248961555611896e-07,0.13878631591796875,6.418960651899397e-08,-0.001978881424292922,0.13889709472656142,-1.8981840639719257e-09,-0.0009141843855397668,trajectory,STRAIGHT,3.7234766483306885,2.7923016548156614,5.820873525408388e-07
215,95984.671,2.805206298828125,-5.530882845050655e-07,-0.9888512492179871,3.2700722215475916e-07,0.13878631591796875,6.628903292948962e-08,-0.001978881424292922,0.13889709472656137,-2.4375821742050385e-09,-0.0009049456655995813,trajectory,STRAIGHT,3.7238829135894775,2.8052062988281126,5.820873525408388e-07
216,95984.796,2.818943500518799,-5.465166168505675e-07,-0.9890479445457458,3.2925448667206414e-07,0.13878631591796875,6.604313540492512e-08,-0.001978881424292922,0.13889709472656137,-2.0573591441025262e-09,-0.0008788824039298247,trajectory,STRAIGHT,3.7242867946624756,2.8189435005187864,5.820873525408388e-07
217,95984.906,2.83184814453125,-5.404762077887426e-07,-0.9892327189445496,3.313655534140432e-07,0.13878631591796875,6.348172831849297e-08,-0.001978881424292922,0.13889709472656142,-2.2136397180648166e-09,-0.0008696436839896391,trajectory,STRAIGHT,3.7246930599212646,2.8318481445312376,5.820873525408388e-07
218,95985.015,2.845585346221924,-5.344279543351149e-07,-0.9894294142723083,3.3361281808933533e-07,0.13878631591796875,5.827429561122699e-08,-0.001978881424292922,0.13889709472656156,-1.3291332876708485e-09,-0.0008430569224719898,trajectory,STRAIGHT,3.7246930599212646,2.8455853462219114,5.820873525408388e-07
219,95985.125,2.8580737113952637,-5.294801326272136e-07,-0.9896082282066345,3.356557860466561e-07,0.13878631591796875,5.1320260041620713e-08,-0.001978881424292922,0.13889709472656175,-6.587661700249863e-10,-0.0008254784782669766,trajectory,STRAIGHT,3.725097894668579,2.858073711395253,5.820873525408388e-07
220,95985.25,2.870978355407715,-5.251271772976907e-07,-0.9897930026054382,3.3776685300661073e-07,0.13878631591796875,4.191324975977295e-08,-0.001978881424292922,0.138897094726562,-9.06561227069437e-11,-0.0008162397583267911,trajectory,STRAIGHT,3.7255020141601562,2.870978355407704,5.820873525408388e-07
221,95985.343,2.8834667205810547,-5.218454361965996e-07,-0.9899718165397644,3.398098211008179e-07,0.13878631591796875,3.06601570798648e-08,-0.001978881424292922,0.1388970947265623,1.2119596822865926e-09,-0.0007913323162524843,trajectory,STRAIGHT,3.725908041000366,2.883466720581044,5.820873525408388e-07
222,95985.468,2.896371364593506,-5.196203574087122e-07,-0.9901565909385681,3.419208882022247e-07,0.13878631591796875,1.6810780323339714e-08,-0.001978881424292922,0.1388970947265627,2.3536073238857634e-09,-0.0007820935963122988,trajectory,STRAIGHT,3.7263126373291016,2.896371364593495,5.820873525408388e-07
223,95985.578,2.9096922874450684,-5.187872034184693e-07,-0.9903473258018494,3.4410005431778786e-07,0.13878631591796875,1.466423649176818e-10,-0.001978881424292922,0.13889709472656314,3.965919935579512e-09,-0.0007565901077902992,trajectory,STRAIGHT,3.7267186641693115,2.9096922874450577,5.820873525408388e-07
224,95985.703,2.922180652618408,-5.195592507334368e-07,-0.9905261397361755,3.461148282612919e-07,0.13878631591796875,-1.766074930742434e-08,-0.001978726591914892,0.13889709472656364,5.723533152305195e-09,-0.000747661797664233,trajectory,STRAIGHT,3.727123260498047,2.9221806526183975,5.820873525408388e-07
225,95985.812,2.935917854309082,-5.223769221629482e-07,-0.9907228350639343,3.480563606665392e-07,0.13878631591796875,-3.9690895903277124e-08,-0.001978615764528513,0.13889709472656428,7.60545441960602e-09,-0.0007216074021853257,trajectory,STRAIGHT,3.727527618408203,2.9359178543090714,5.820873525408388e-07
226,95985.921,2.949655055999756,-5.274814611766487e-07,-0.9909195303916931,3.49746931834819e-07,0.13878631591796875,-6.282928666223597e-08,-0.0019788031931966543,0.13889709472656492,1.0299469502446106e-08,-0.000711757641503935,trajectory,STRAIGHT,3.727933168411255,2.949655055999745,5.820873525408388e-07
227,95986.046,2.9633922576904297,-5.34286641595827e-07,-0.9911162257194519,3.515643286978398e-07,0.13878631591796875,-7.2547223339825e-08,-0.0019790008664131165,0.13889709472656522,1.0688892670909834e-08,-0.000684631566281203,trajectory,STRAIGHT,3.7283377647399902,2.9633922576904173,5.820873525408388e-07
228,95986.156,2.977545738220215,-5.418392561296059e-07,-0.9913188815116882,3.5363997897726364e-07,0.13878631591796875,-7.440971216965409e-08,-0.001979027409106493,0.1388970947265653,1.1912008969518431e-08,-0.0006744966532539165,trajectory,STRAIGHT,3.7287437915802,2.9775457382202024,5.820873525408388e-07
229,95986.281,2.9912829399108887,-5.490269359142985e-07,-0.991515576839447,3.556545807112225e-07,0.13878631591796875,-6.972847188535525e-08,-0.001979027409106493,0.13889709472656517,1.053295454634633e-08,-0.0006471246419646826,trajectory,STRAIGHT,3.7291483879089355,2.9912829399108762,5.820873525408388e-07
230,95986.39,3.0037713050842285,-5.549013621930499e-07,-0.9916943907737732,3.574860368262426e-07,0.13878631591796875,-5.992593798964663e-08,-0.001979027409106493,0.1388970947265648,9.613947276228426e-09,-0.0006295461977596028,trajectory,STRAIGHT,3.7295546531677246,3.003771305084216,5.820873525408388e-07
231,95986.5,3.0166759490966797,-5.597905783361057e-07,-0.9918791651725769,3.59378555732095e-07,0.13878631591796875,-4.441416479039617e-08,-0.001979027409106493,0.13889709472656436,9.159816281611166e-09,-0.0006203074778194172,trajectory,STRAIGHT,3.729959487915039,3.0166759490966673,5.820873525408388e-07
232,95986.609,3.0291643142700195,-5.631692374663544e-07,-0.9920579791069031,3.614356281245212e-07,0.13878631591796875,-3.086731226176198e-08,-0.0019790020305663347,0.1388970947265641,7.065903207302313e-09,-0.0005954020660283899,trajectory,STRAIGHT,3.7303645610809326,3.029164314270007,5.820873525408388e-07
233,95986.718,3.0416526794433594,-5.649868057844287e-07,-0.9922367930412292,3.639013984773173e-07,0.13878631591796875,-7.101122800889925e-09,-0.0019790020305663347,0.13889709472656345,5.584697760800922e-09,-0.0005864613693120813,trajectory,STRAIGHT,3.7303645610809326,3.041652679443345,5.820873525408388e-07
234,95986.828,3.0558061599731445,-5.642668838845566e-07,-0.9924394488334656,3.666961659769101e-07,0.13878631591796875,1.7987103362315793e-08,-0.0019790020305663347,0.13889709472656253,2.799958290592736e-09,-0.0005606235842662132,trajectory,STRAIGHT,3.7307701110839844,3.0558061599731303,5.820873525408388e-07
235,95986.937,3.0682945251464844,-5.621519107990025e-07,-0.9926182627677917,3.69162069804432e-07,0.13878631591796875,2.793134079581705e-08,-0.0019790020305663347,0.13889709472656236,1.8671996101982322e-09,-0.0005427833901373146,trajectory,STRAIGHT,3.731175661087036,3.068294525146472,5.820873525408388e-07
236,95987.062,3.0811991691589355,-5.589429861174722e-07,-0.9928030371665955,3.71710045510482e-07,0.13878631591796875,4.314082602263625e-08,-0.0019790020305663347,0.13889709472656192,5.859012726215284e-10,-0.0005335446701971291,trajectory,STRAIGHT,3.731581211090088,3.081199169158923,5.820873525408388e-07
237,95987.187,3.0953526496887207,-5.531322244678449e-07,-0.9930056929588318,3.7451875425271384e-07,0.13878631591796875,7.10133178927208e-08,-0.0019790020305663347,0.13889709472656114,-1.8546918293741134e-09,-0.0005074451352273146,trajectory,STRAIGHT,3.731987237930298,3.0953526496887083,5.820873525408388e-07
238,95987.312,3.1090898513793945,-5.452793061522243e-07,-0.9932023882865906,3.778930355551768e-07,0.13878631591796875,8.426199826772063e-08,-0.0019790020305663347,0.1388970947265606,-3.1488499612724103e-09,-0.0004887108714267241,trajectory,STRAIGHT,3.732391119003296,3.109089851379382,5.820873525408388e-07
239,95987.406,3.1228270530700684,-5.370716280594934e-07,-0.9933990836143494,3.8156310687541557e-07,0.13878631591796875,8.246664862099351e-08,-0.0019790020305663347,0.13889709472656078,-3.024486863813023e-09,-0.00047023835755001357,trajectory,STRAIGHT,3.7327969074249268,3.122827053070056,5.820873525408388e-07
240,95987.531,3.135315418243408,-5.295980258779309e-07,-0.9935770034790039,3.856676016779635e-07,0.13878631591796875,8.432929377022447e-08,-0.0019681330304592848,0.13889709472656073,-3.798462145352315e-09,-0.0004622118843258505,trajectory,STRAIGHT,3.7332024574279785,3.1353154182433958,5.820873525408388e-07
241,95987.625,3.1486363410949707,-5.213775011725374e-07,-0.9937627911567688,3.887739668955268e-07,0.13878631591796875,8.646508575793632e-08,-0.001867876504547894,0.13889709472656062,-3.2154925237394318e-09,-0.0004444920397933583,trajectory,STRAIGHT,3.7336080074310303,3.14863634109496,5.820873525408388e-07
242,95987.75,3.161540985107422,-5.133663876222272e-07,-0.9939303994178772,3.9175818516793306e-07,0.13878631591796875,8.524522598918338e-08,-0.0017249713419005275,0.13889709472656064,-3.674778185723503e-09,-0.0004475440397497276,trajectory,STRAIGHT,3.7340121269226074,3.161540985107411,5.820873525408388e-07
243,95987.859,3.175694465637207,-5.049031983617169e-07,-0.9941003322601318,3.950311987529732e-07,0.13878631591796875,8.001445195304768e-08,-0.0015957579016685486,0.13889709472656062,-2.6296758229708282e-09,-0.0004338653198674846,trajectory,STRAIGHT,3.734408140182495,3.1756944656371964,5.820873525408388e-07
244,95987.984,3.189847946166992,-4.97181474656827e-07,-0.9942567944526672,3.9830421233364315e-07,0.13878631591796875,7.071119512147561e-08,-0.001467698602937162,0.1388970947265611,-1.7702963073025118e-09,-0.0004288244638087802,trajectory,STRAIGHT,3.7347776889801025,3.1898479461669815,5.820873525408388e-07
245,95988.093,3.2040014266967773,-4.90616343995498e-07,-0.9944002032279968,4.0157722591005793e-07,0.13878631591796875,5.733528141149691e-08,-0.0013495145831257105,0.13889709472656153,-1.0746936763759735e-09,-0.00043110874662721674,trajectory,STRAIGHT,3.735117197036743,3.2040014266967667,5.820873525408388e-07
246,95988.218,3.2169060707092285,-4.85989801290998e-07,-0.99452143907547,4.0456144416732767e-07,0.13878631591796875,4.159006650183983e-08,-0.0012531946413218975,0.1388970947265619,9.255981173652684e-10,-0.000419583910926441,trajectory,STRAIGHT,3.7354307174682617,3.216906070709218,5.820873525408388e-07
247,95988.375,3.230226993560791,-4.829188355870428e-07,-0.9946377277374268,4.0764192752593765e-07,0.13878631591796875,2.1785503179216903e-08,-0.001164996181614697,0.13889709472656253,2.4760125127219596e-09,-0.0004208253546051776,trajectory,STRAIGHT,3.735717535018921,3.2302269935607804,5.820873525408388e-07
248,95988.531,3.2535386085510254,-4.827357429348922e-07,-0.9948263168334961,4.128285882061139e-07,0.13878631591796875,-2.078702188157422e-08,-0.001072507700882852,0.13889709472656414,6.671953236834574e-09,-0.00040836424379278813,trajectory,STRAIGHT,3.736227035522461,3.2535386085510147,5.820873525408388e-07
249,95988.64,3.266859531402588,-4.857315047956945e-07,-0.9949260950088501,4.1538330093681215e-07,0.13878631591796875,-4.021854849156625e-08,-0.0009716504137031734,0.13889709472656475,8.4268791253651e-09,-0.0004031621504072513,trajectory,STRAIGHT,3.736227035522461,3.2668595314025772,5.820873525408388e-07
250,95988.75,3.279764175415039,-4.900354610981594e-07,-0.9950127005577087,4.1785817892121717e-07,0.13878631591796875,-5.101890465653014e-08,-0.0008862785180099308,0.13889709472656514,1.0043821656728905e-08,-0.0004056616246197786,trajectory,STRAIGHT,3.7364580631256104,3.2797641754150284,5.820873525408388e-07
251,95988.875,3.293501377105713,-4.952999006491154e-07,-0.9950974583625793,4.2049272648163793e-07,0.13878631591796875,-5.383877876852239e-08,-0.0008206709753721952,0.13889709472656506,9.816421750143856e-09,-0.00039848741766691505,trajectory,STRAIGHT,3.7366793155670166,3.2935013771057022,5.820873525408388e-07
252,95988.984,3.3059897422790527,-4.999669158678444e-07,-0.9951694011688232,4.2288776974409383e-07,0.13878631591796875,-4.8636866978313265e-08,-0.0007669840706512332,0.13889709472656492,1.0185465749849007e-08,-0.0003991852297323972,trajectory,STRAIGHT,3.73687744140625,3.305989742279042,5.820873525408388e-07
253,95989.078,3.3184781074523926,-5.038504014009959e-07,-0.9952362775802612,4.24890725423712e-07,0.13878631591796875,-3.7343586001270523e-08,-0.0007149180164560676,0.13889709472656475,8.423680395181761e-09,-0.00039312528799674616,trajectory,STRAIGHT,3.737056016921997,3.318478107452382,5.820873525408388e-07
254,95989.187,3.3234734535217285,-5.051260245636513e-07,-0.9952617883682251,4.254824840060614e-07,0.13878631591796875,-3.369947876308288e-08,-0.000700797070749104,0.13889709472656464,8.420390748774112e-09,-0.00039297942425510984,trajectory,STRAIGHT,3.737056016921997,3.323473453521718,5.820873525408388e-07
255,95989.312,3.345536231994629,-5.096204063192999e-07,-0.9953664541244507,4.275701572790029e-07,0.13878631591796875,-2.312333968745861e-08,-0.0006358532700687647,0.1388970947265643,7.781147543451454e-09,-0.000388884516677791,trajectory,STRAIGHT,3.7373766899108887,3.3455362319946182,5.820873525408388e-07
256,95989.421,3.359689712524414,-5.116440320307447e-07,-0.9954282641410828,4.2884765629621367e-07,0.13878631591796875,-1.6553327597534917e-08,-0.0005722899804823101,0.13889709472656409,6.767302477181498e-09,-0.00038628275034940034,trajectory,STRAIGHT,3.737518787384033,3.3596897125244034,5.820873525408388e-07
257,95989.546,3.373426914215088,-5.129672331349866e-07,-0.995482861995697,4.300875818129134e-07,0.13878631591796875,-1.0177491738261324e-08,-0.000527718395460397,0.1388970947265638,6.188568563567336e-09,-0.0003844042377095603,trajectory,STRAIGHT,3.7376503944396973,3.3734269142150772,5.820873525408388e-07
258,95989.671,3.3871641159057617,-5.136592449161981e-07,-0.9955332279205322,4.313275073296085e-07,0.13878631591796875,-3.802637760230709e-09,-0.0004912282456643879,0.1388970947265636,6.2317822543172e-09,-0.00038480515345148074,trajectory,STRAIGHT,3.7377731800079346,3.387164115905751,5.820873525408388e-07
259,95989.781,3.400485038757324,-5.137276275490876e-07,-0.9955790638923645,4.325298593457933e-07,0.13878631591796875,2.3780701852160746e-09,-0.00045835296623408794,0.13889709472656345,5.0748651918368325e-09,-0.0003805339610544289,trajectory,STRAIGHT,3.7378859519958496,3.4004850387573136,5.820873525408388e-07
260,95989.968,3.4138059616088867,-5.132026785759081e-07,-0.9956217408180237,4.3373221136197363e-07,0.13878631591796875,8.557814012988274e-09,-0.0004265648894943297,0.1388970947265629,4.5361037693945804e-09,-0.0003789303039957881,trajectory,STRAIGHT,3.7379894256591797,3.413805961608876,5.820873525408388e-07
261,95990.109,3.437117576599121,-5.108566369926848e-07,-0.9956911206245422,4.358363273902785e-07,0.13878631591796875,1.9370212100966455e-08,-0.0003988739044871181,0.1388970947265625,4.268265705166548e-09,-0.0003776765924704373,trajectory,STRAIGHT,3.738086223602295,3.4371175765991104,5.820873525408388e-07
262,95990.218,3.450854778289795,-5.086236569695757e-07,-0.9957291483879089,4.370762529069519e-07,0.13878631591796875,2.5740254372408344e-08,-0.00035846684477292,0.13889709472656253,3.0467257935627814e-09,-0.00037408687050991094,trajectory,STRAIGHT,3.738176107406616,3.4508547782897843,5.820873525408388e-07
263,95990.328,3.4629268646240234,-5.061406795903167e-07,-0.9957593679428101,4.3816588442160034e-07,0.13878631591796875,3.133736470317672e-08,-0.0003299847012385726,0.13889709472656236,2.784248640534353e-09,-0.0003748544642476026,trajectory,STRAIGHT,3.738259792327881,3.462926864624013,5.820873525408388e-07
264,95990.437,3.4758315086364746,-5.029480689699994e-07,-0.9957890510559082,4.393306629372551e-07,0.13878631591796875,3.7319651369216444e-08,-0.00030722899828106165,0.13889709472656225,2.023476292070394e-09,-0.00037219372820064154,trajectory,STRAIGHT,3.73834228515625,3.475831508636464,5.820873525408388e-07
265,95990.546,3.488736152648926,-4.991991318092914e-07,-0.995816707611084,4.4049544145290564e-07,0.13878631591796875,4.330104630412279e-08,-0.000287777918856591,0.13889709472656203,1.6364723464814088e-09,-0.00037236698679581016,trajectory,STRAIGHT,3.738415241241455,3.488736152648915,5.820873525408388e-07
266,95990.671,3.501640796661377,-4.948938681081927e-07,-0.9958425760269165,4.4166021996855205e-07,0.13878631591796875,4.9281542402468403e-08,-0.0002698145399335772,0.13889709472656184,9.841307628000842e-10,-0.00036999260205017423,trajectory,STRAIGHT,3.7384822368621826,3.5016407966613663,5.820873525408388e-07
267,95990.765,3.515377998352051,-4.896998007097864e-07,-0.9958683252334595,4.429001454852034e-07,0.13878631591796875,5.5646871999215364e-08,-0.000251583696808666,0.13889709472656162,4.5529282158747265e-10,-0.0003701636091730187,trajectory,STRAIGHT,3.738544225692749,3.51537799835204,5.820873525408388e-07
268,95990.89,3.529531478881836,-4.836892344428634e-07,-0.9958932399749756,4.4417764450235446e-07,0.13878631591796875,6.220400194933973e-08,-0.00023257466091308743,0.13889709472656117,-1.4479840854293035e-10,-0.00036817184062784667,trajectory,STRAIGHT,3.738600730895996,3.5295314788818253,5.820873525408388e-07
269,95991.0,3.543684959411621,-4.770099621964619e-07,-0.9959161281585693,4.4545514351950053e-07,0.13878631591796875,6.876005897993309e-08,-0.00021550396922975779,0.13889709472656092,-8.184939709545832e-10,-0.0003683930867828255,trajectory,STRAIGHT,3.7386536598205566,3.5436849594116104,5.820873525408388e-07
270,95991.125,3.557422161102295,-4.6988762392174976e-07,-0.9959366917610168,4.466950690361375e-07,0.13878631591796875,7.512225153050167e-08,-0.00020096535445190966,0.13889709472656087,-1.2727594381967798e-09,-0.0003664287614529982,trajectory,STRAIGHT,3.738704204559326,3.557422161102286,5.820873525408388e-07
271,95991.296,3.5699105262756348,-4.6286623955893447e-07,-0.9959544539451599,4.478222740512579e-07,0.13878631591796875,8.090517411574183e-08,-0.0001881333882920444,0.13889709472656064,-1.9769316589281336e-09,-0.0003665672095386341,trajectory,STRAIGHT,3.738750696182251,3.569910526275626,5.820873525408388e-07
272,95991.437,3.594470977783203,-4.4753932115781936e-07,-0.9959861040115356,4.500391105809835e-07,0.13878631591796875,9.227585451299092e-08,-0.0001762841857271269,0.1388970947265603,-3.0343858648066407e-09,-0.0003642495904143539,trajectory,STRAIGHT,3.7387924194335938,3.5944709777831942,5.820873525408388e-07
273,95991.562,3.6077919006347656,-4.3838471697199566e-07,-0.9960024952888489,4.512414625970997e-07,0.13878631591796875,9.844153936455768e-08,-0.00015902472659945488,0.13889709472656006,-3.2998322836268e-09,-0.0003634208911829739,trajectory,STRAIGHT,3.7388312816619873,3.6077919006347567,5.820873525408388e-07
274,95991.671,3.621112823486328,-4.2863811700044607e-07,-0.9960171580314636,4.5244381461321137e-07,0.13878631591796875,1.0460628629971325e-07,-0.0001452943979529664,0.13889709472655984,-4.270259077907391e-09,-0.0003637861803439557,trajectory,STRAIGHT,3.738867998123169,3.6211128234863192,5.820873525408388e-07
275,95991.796,3.634850025177002,-4.1796712935138203e-07,-0.9960309267044067,4.536837401298219e-07,0.13878631591796875,1.1096269503241274e-07,-0.00013589287118520588,0.1388970947265595,-4.407664824205126e-09,-0.0003624861517346733,trajectory,STRAIGHT,3.7389047145843506,3.634850025176995,5.820873525408388e-07
276,95991.906,3.648587226867676,-4.06667027164076e-07,-0.9960440993309021,4.549236656464278e-07,0.13878631591796875,1.1731805926729066e-07,-0.0001266458275495097,0.13889709472655926,-5.529688832254537e-09,-0.000362567283900761,trajectory,STRAIGHT,3.738938331604004,3.6485872268676687,5.820873525408388e-07
277,95992.031,3.661491870880127,-3.95478593873122e-07,-0.9960551857948303,4.56088444162023e-07,0.13878631591796875,1.232873074741292e-07,-0.00011867917055496946,0.13889709472655867,-5.445833085733348e-09,-0.0003614671836079186,trajectory,STRAIGHT,3.738967180252075,3.66149187088012,5.820873525408388e-07
278,95992.14,3.6735639572143555,-3.84509462492133e-07,-0.9960655570030212,4.5717807567660825e-07,0.13878631591796875,1.2887063860489434e-07,-0.00011168525088578463,0.13889709472655848,-6.532962339613948e-09,-0.0003615081367719075,trajectory,STRAIGHT,3.73899507522583,3.6735639572143484,5.820873525408388e-07
279,95992.25,3.6860523223876953,-3.7265098740135727e-07,-0.996075451374054,4.583052806916927e-07,0.13878631591796875,1.3464565995491284e-07,-0.00010470561392139643,0.13889709472655873,-6.409352318527259e-09,-0.00036062948945141945,trajectory,STRAIGHT,3.7390198707580566,3.68605232238769,5.820873525408388e-07
280,95992.359,3.699789524078369,-3.590063499814278e-07,-0.9960852861404419,4.5954520620828104e-07,0.13878631591796875,1.4099720146987238e-07,-9.737980872159824e-05,0.13889709472655848,-7.759330175188393e-09,-0.0003607238155480063,trajectory,STRAIGHT,3.739044189453125,3.699789524078364,5.820873525408388e-07
281,95992.484,3.713526725769043,-3.447329675054789e-07,-0.9960951209068298,4.607851317248648e-07,0.13878631591796875,1.4734771980329242e-07,-9.110259270528331e-05,0.13889709472655826,-7.590104885509204e-09,-0.00035986786226174794,trajectory,STRAIGHT,3.739068031311035,3.7135267257690376,5.820873525408388e-07
282,95992.578,3.727680206298828,-3.2936955562945514e-07,-0.9961041212081909,4.6206263074194613e-07,0.13878631591796875,1.5388957308459794e-07,-8.438619261141866e-05,0.13889709472655798,-9.10762591580991e-09,-0.0003599551592012029,trajectory,STRAIGHT,3.7390873432159424,3.727680206298823,5.820873525408388e-07
283,95992.703,3.7418336868286133,-3.133388872811338e-07,-0.9961122274398804,4.6334012975902253e-07,0.13878631591796875,1.6043031791923568e-07,-7.770556840114295e-05,0.13889709472655773,-8.765033049459387e-09,-0.00035925716779399043,trajectory,STRAIGHT,3.739107370376587,3.7418336868286097,5.820873525408388e-07
284,95992.812,3.755154609680176,-2.9764177611468767e-07,-0.9961198568344116,4.645424817750898e-07,0.13878631591796875,1.6658533752433868e-07,-7.25899517419748e-05,0.1388970947265575,-1.031351613289416e-08,-0.0003592849474001614,trajectory,STRAIGHT,3.739125967025757,3.7551546096801722,5.820873525408388e-07
285,95992.937,3.7684755325317383,-2.813538344526023e-07,-0.996126651763916,4.6574483379115275e-07,0.13878631591796875,1.7273940500217577e-07,-6.758877862012014e-05,0.13889709472655726,-9.776645896866865e-09,-0.0003586542749755917,trajectory,STRAIGHT,3.7391421794891357,3.7684755325317347,5.820873525408388e-07
286,95993.125,3.781796455383301,-2.644751191382966e-07,-0.9961323738098145,4.6694718580721127e-07,0.13878631591796875,1.7889250614189223e-07,-6.319989188341424e-05,0.13889709472655676,-1.0313020108881272e-08,-0.0003584208887064278,trajectory,STRAIGHT,3.739159107208252,3.7817964553832972,5.820873525408388e-07
287,95993.281,3.8080220222473145,-2.2951910239044082e-07,-0.996143639087677,4.6931431633881355e-07,0.13878631591796875,1.910035933860854e-07,-5.9390364185674116e-05,0.13889709472655629,-1.3753983155642484e-08,-0.0003581623870291195,trajectory,STRAIGHT,3.73917293548584,3.8080220222473127,5.820873525408388e-07
288,95993.375,3.821342945098877,-2.1088713708650175e-07,-0.9961493611335754,4.70516668354859e-07,0.13878631591796875,1.9715378130058525e-07,-5.361956209526397e-05,0.1388970947265563,-1.1904860613773222e-08,-0.0003575919616183232,trajectory,STRAIGHT,3.7391843795776367,3.821342945098875,5.820873525408388e-07
289,95993.5,3.833831310272217,-1.928834763020859e-07,-0.9961543083190918,4.7164387336989757e-07,0.13878631591796875,2.0291871294375596e-07,-4.869419717579149e-05,0.13889709472655606,-1.3676118841320872e-08,-0.00035773863153606316,trajectory,STRAIGHT,3.73919677734375,3.833831310272215,5.820873525408388e-07
290,95993.609,3.846735954284668,-1.7373466221215494e-07,-0.9961580038070679,4.7280865188543344e-07,0.13878631591796875,2.088749226913933e-07,-4.551839811028913e-05,0.13889709472655584,-1.2881660667651913e-08,-0.0003573393886986764,trajectory,STRAIGHT,3.7392091751098633,3.846735954284666,5.820873525408388e-07
291,95993.718,3.860473155975342,-1.527417907709605e-07,-0.996161937713623,4.7404857740196696e-07,0.13878631591796875,2.1521439919069962e-07,-4.284470924176276e-05,0.1388970947265556,-1.494552153617868e-08,-0.0003573565884803997,trajectory,STRAIGHT,3.73922061920166,3.86047315597534,5.820873525408388e-07
292,95993.843,3.8742103576660156,-1.3112133956383332e-07,-0.9961658716201782,4.7528850291849583e-07,0.13878631591796875,2.2155285250846646e-07,-4.0464296034770086e-05,0.13889709472655512,-1.4080269244997908e-08,-0.00035701528630660117,trajectory,STRAIGHT,3.7392313480377197,3.8742103576660156,5.820873525408388e-07
293,95993.953,3.887115001678467,-1.102396396390759e-07,-0.9961695671081543,4.764532814340187e-07,0.13878631591796875,2.2750622008516075e-07,-3.816254684352316e-05,0.1388970947265549,-1.613180799135252e-08,-0.0003570146518430972,trajectory,STRAIGHT,3.7392382621765137,3.887115001678467,5.820873525408388e-07
294,95994.078,3.9004359245300293,-8.810361862288119e-08,-0.9961733818054199,4.776556050283285e-07,0.13878631591796875,2.3365068102521036e-07,-3.557325908332132e-05,0.13889709472655484,-1.5086242660689214e-08,-0.00035669602009802734,trajectory,STRAIGHT,3.7392473220825195,3.9004359245300293,5.820873525408388e-07
295,95994.187,3.9133405685424805,-6.609688796288538e-08,-0.996177077293396,4.788203835438429e-07,0.13878631591796875,2.396021443473728e-07,-3.325006764498539e-05,0.1388970947265546,-1.5551124444306525e-08,-0.0003565295810630187,trajectory,STRAIGHT,3.739255428314209,3.9133405685424805,5.820873525408388e-07
296,95994.296,3.9258289337158203,-4.4273079424783646e-08,-0.9961806535720825,4.79947588558853e-07,0.13878631591796875,2.453607805819047e-07,-3.089825622737408e-05,0.13889709472655434,-1.7693570754931106e-08,-0.0003565389120421014,trajectory,STRAIGHT,3.7392630577087402,3.9258289337158203,5.820873525408388e-07
297,95994.406,3.9399824142456055,-1.8912936994297525e-08,-0.9961836934089661,4.812250875758598e-07,0.13878631591796875,2.5188620611515944e-07,-2.8228860173840076e-05,0.1388970947265541,-1.6790563080658366e-08,-0.0003562811369750729,trajectory,STRAIGHT,3.739272117614746,3.9399824142456055,5.820873525408388e-07
298,95994.515,3.9537196159362793,6.337803171163614e-09,-0.9961856603622437,4.824650130923614e-07,0.13878631591796875,2.5821867666309117e-07,-2.6063016775879078e-05,0.13889709472655382,-1.926793367161305e-08,-0.00035635605678303043,trajectory,STRAIGHT,3.739278793334961,3.9537196159362793,5.820873525408388e-07
299,95994.64,3.9666242599487305,3.062924136543188e-08,-0.9961875081062317,4.836297916078588e-07,0.13878631591796875,2.6416643095217296e-07,-2.4895691240089945e-05,0.13889709472655343,-1.768513335406189e-08,-0.00035613718569039494,trajectory,STRAIGHT,3.739285707473755,3.9666242599487305,5.820873525408388e-07
300,95994.75,3.979945182800293,5.6284427785158186e-08,-0.9961894154548645,4.848321436238516e-07,0.13878631591796875,2.7030509386349877e-07,-2.385282095929142e-05,0.13889709472655318,-2.0201237879409143e-08,-0.0003561252478812182,trajectory,STRAIGHT,3.7392895221710205,3.979945182800293,5.820873525408388e-07
301,95994.859,3.993682384490967,8.335855739005638e-08,-0.9961913824081421,4.860720691403399e-07,0.13878631591796875,2.766345801319403e-07,-2.2679772882838733e-05,0.13889709472655254,-1.8897632777963575e-08,-0.00035595584161136727,trajectory,STRAIGHT,3.739292860031128,3.993682384490967,5.820873525408388e-07
302,95994.968,4.006587028503418,1.0936256700233571e-07,-0.9961932301521301,4.872368476558245e-07,0.13878631591796875,2.825795206717885e-07,-2.1543919501709752e-05,0.1388970947265523,-2.144681252179156e-08,-0.00035595432268245575,trajectory,STRAIGHT,3.7392971515655518,4.006587028503418,5.820873525408388e-07
303,95995.093,4.020324230194092,1.3765176731794782e-07,-0.9961951971054077,4.884767731723035e-07,0.13878631591796875,2.889070174205699e-07,-2.0436673366930336e-05,0.13889709472655254,-1.9970932240617687e-08,-0.00035577703475808686,trajectory,STRAIGHT,3.7392971515655518,4.020324230194092,5.820873525408388e-07
304,95995.187,4.033228874206543,1.6479705777783238e-07,-0.9961970448493958,4.896415516877794e-07,0.13878631591796875,2.9485008212759567e-07,-1.931798760779202e-05,0.13889709472655226,-2.2630986817630847e-08,-0.00035577414241941605,trajectory,STRAIGHT,3.7393012046813965,4.033228874206541,5.820873525408388e-07
305,95995.312,4.046133518218994,1.9249502258844586e-07,-0.9961988925933838,4.908063302032513e-07,0.13878631591796875,3.0079223733991967e-07,-1.800331665435806e-05,0.13889709472655187,-2.0866909030915808e-08,-0.00035561940894495597,trajectory,STRAIGHT,3.7393057346343994,4.046133518218992,5.820873525408388e-07
306,95995.437,4.059870719909668,2.2258717535805772e-07,-0.9962008595466614,4.920462557197169e-07,0.13878631591796875,3.071167782309203e-07,-1.682168476691004e-05,0.1388970947265516,-2.3814779409912298e-08,-0.00035561559183207243,trajectory,STRAIGHT,3.7393102645874023,4.059870719909666,5.820873525408388e-07
307,95995.546,4.0731916427612305,2.523653677144466e-07,-0.9962027668952942,4.93248607735679e-07,0.13878631591796875,3.132486767754017e-07,-1.5597135643474758e-05,0.13889709472655148,-2.2024403346291155e-08,-0.00035545066837903484,trajectory,STRAIGHT,3.739314317703247,4.073191642761227,5.820873525408388e-07
308,95995.671,4.086928844451904,2.8369061055855127e-07,-0.9962047338485718,4.944885332521352e-07,0.13878631591796875,3.195711144599045e-07,-1.4271024156187195e-05,0.1388970947265512,-2.509200785483607e-08,-0.0003554584096341384,trajectory,STRAIGHT,3.73931884765625,4.086928844451901,5.820873525408388e-07
309,95995.781,4.100666046142578,3.156417847094417e-07,-0.9962067008018494,4.957284587685869e-07,0.13878631591796875,3.2589250054115837e-07,-1.304505167354364e-05,0.13889709472655093,-2.3205491708777747e-08,-0.0003552880023183591,trajectory,STRAIGHT,3.7393219470977783,4.100666046142573,5.820873525408388e-07
310,95995.906,4.113986968994141,3.472223397693597e-07,-0.9962086081504822,4.969308107845355e-07,0.13878631591796875,3.320213579627307e-07,-1.1773299775086343e-05,0.13889709472655065,-2.629713201503421e-08,-0.0003552943750385951,trajectory,STRAIGHT,3.739326000213623,4.113986968994135,5.820873525408388e-07
311,95996.015,4.1277241706848145,3.8040599292799016e-07,-0.9962105751037598,4.981707363009779e-07,0.13878631591796875,3.38340726102615e-07,-1.0358493454987183e-05,0.13889709472655026,-2.4294126272468658e-08,-0.00035513907442974555,trajectory,STRAIGHT,3.739330768585205,4.127724170684807,5.820873525408388e-07
312,95996.125,4.141045093536377,4.131814819174906e-07,-0.996211588382721,4.993730883169176e-07,0.13878631591796875,3.4446762242623663e-07,-9.058131581696216e-06,0.13889709472655,-2.7501849744787407e-08,-0.00035519243943154974,trajectory,STRAIGHT,3.7393336296081543,4.14104509353637,5.820873525408388e-07
313,95996.265,4.1543660163879395,4.4654515818365326e-07,-0.996211588382721,5.005754403328528e-07,0.13878631591796875,3.505935524117376e-07,-8.154030183504801e-06,0.13889709472654937,-2.527943264271392e-08,-0.0003551338925814318,trajectory,STRAIGHT,3.7393386363983154,4.154366016387931,5.820873525408388e-07
314,95996.375,4.168103218078613,4.815673833036271e-07,-0.996211588382721,5.018153658492813e-07,0.13878631591796875,3.569099078504223e-07,-8.093952601484489e-06,0.13889709472654957,-2.5918045330675183e-08,-0.0003551386987879934,trajectory,STRAIGHT,3.7393410205841064,4.168103218078603,5.820873525408388e-07
315,95996.484,4.181840419769287,5.172148576093605e-07,-0.996211588382721,5.030552913657053e-07,0.13878631591796875,3.632252401075675e-07,-8.35287482914282e-06,0.1388970947265493,-2.940548460731188e-08,-0.0003551179850097808,trajectory,STRAIGHT,3.7393414974212646,4.181840419769275,5.820873525408388e-07
316,95996.609,4.195577621459961,5.53487495835725e-07,-0.996211588382721,5.042952168821246e-07,0.13878631591796875,3.695395491831732e-07,-8.503081517119426e-06,0.1388970947265488,-2.702251777544313e-08,-0.00035510596847474266,trajectory,STRAIGHT,3.7393414974212646,4.195577621459947,5.820873525408388e-07
317,95996.718,4.209314823150635,5.903851842958829e-07,-0.996211588382721,5.055351423985391e-07,0.13878631591796875,3.7585283507723943e-07,-8.503081517119426e-06,0.13889709472654851,-3.0631408137095025e-08,-0.00035510596847474266,trajectory,STRAIGHT,3.7393414974212646,4.209314823150619,5.903851842958829e-07
318,95996.843,4.223052024841309,6.279079229898343e-07,-0.996211588382721,5.067750679149489e-07,0.13878631591796875,3.8216509778976615e-07,-8.503081517119426e-06,0.1388970947265484,-2.8126631538238496e-08,-0.00035510596847474266,trajectory,STRAIGHT,3.73934268951416,4.223052024841291,6.279079229898343e-07
319,95996.937,4.237205505371094,6.672212293779012e-07,-0.996211588382721,5.080525669318513e-07,0.13878631591796875,3.8866747331667284e-07,-8.503081517119426e-06,0.1388970947265481,-3.197089203273259e-08,-0.00035510596847474266,trajectory,STRAIGHT,3.7393414974212646,4.237205505371072,6.672212293779012e-07
320,95997.062,4.251358985900879,7.071977279338171e-07,-0.996211588382721,5.094475043486128e-07,0.13878631591796875,3.951687972403306e-07,-8.46302373247454e-06,0.1388970947265475,-2.937325446054328e-08,-0.00035510917309751423,trajectory,STRAIGHT,3.7393417358398438,4.251358985900856,7.071977279338171e-07
321,95997.187,4.265512466430664,7.478373049707443e-07,-0.996211588382721,5.112043070868393e-07,0.13878631591796875,4.016690127173206e-07,-8.46302373247454e-06,0.1388970947265473,-2.9973773977228454e-08,-0.00035510917309751423,trajectory,STRAIGHT,3.739342212677002,4.265512466430637,7.478373049707443e-07
322,95997.375,4.279665946960449,7.89139903645264e-07,-0.996211588382721,5.129611096780527e-07,0.13878631591796875,4.081681481693522e-07,-8.46302373247454e-06,0.138897094726547,-3.405163433224583e-08,-0.00035510917309751423,trajectory,STRAIGHT,3.7393407821655273,4.279665946960421,7.89139903645264e-07
323,95997.5,4.30172872543335,8.548453251933097e-07,-0.996211588382721,5.150188415409697e-07,0.13878631591796875,4.182969917110313e-07,-8.46302373247454e-06,0.13889709472654674,-3.338559460527999e-08,-0.00035510917309751423,trajectory,STRAIGHT,3.7393412590026855,4.301728725433316,8.548453251933097e-07
324,95997.625,4.315882205963135,8.978437904261227e-07,-0.996211588382721,5.162171009244603e-07,0.13878631591796875,4.247933134138293e-07,-8.46302373247454e-06,0.13889709472654604,-3.19410010939313e-08,-0.00035510917309751423,trajectory,STRAIGHT,3.7393412590026855,4.3158822059630975,8.978437904261227e-07
325,95997.75,4.329203128814697,9.38918276460754e-07,-0.996211588382721,5.171398968116366e-07,0.13878631591796875,4.309065104735055e-07,-8.46302373247454e-06,0.13889709472654577,-3.592935519131201e-08,-0.00035510917309751423,trajectory,STRAIGHT,3.7393417358398438,4.329203128814656,9.38918276460754e-07
326,95997.843,4.342107772827148,9.792687478693551e-07,-0.996211588382721,5.177214050742409e-07,0.13878631591796875,4.368277473076887e-07,-8.46302373247454e-06,0.13889709472654568,-3.262310499014941e-08,-0.00035510917309751423,trajectory,STRAIGHT,3.739341974258423,4.342107772827104,9.792687478693551e-07
327,95997.968,4.3550124168396,1.020169861476461e-06,-0.996211588382721,5.183029133491535e-07,0.13878631591796875,4.427480462254607e-07,-8.46302373247454e-06,0.13889709472654543,-3.656893278601382e-08,-0.00035510917309751423,trajectory,STRAIGHT,3.7393405437469482,4.35501241683955,1.020169861476461e-06
328,95998.062,4.367084503173828,1.0589305929897819e-06,-0.996211588382721,5.187415170226849e-07,0.13878631591796875,4.482855899823335e-07,-8.46302373247454e-06,0.13889709472654527,-3.3397013554499986e-08,-0.00035510917309751423,trajectory,STRAIGHT,3.7393407821655273,4.367084503173775,1.0589305929897819e-06
329,95998.171,4.380405426025391,1.1022599437637837e-06,-0.996211588382721,5.188160956378926e-07,0.13878631591796875,4.5439506379807426e-07,-8.46302373247454e-06,0.13889709472654502,-3.753413540901724e-08,-0.00035510917309751423,trajectory,STRAIGHT,3.7393417358398438,4.380405426025334,1.1022599437637837e-06
330,95998.296,4.393310070037842,1.1447948509157868e-06,-0.996211588382721,5.188883437298209e-07,0.13878631591796875,4.603126910751598e-07,-8.46302373247454e-06,0.13889709472654482,-3.465495574667314e-08,-0.00035510917309751423,trajectory,STRAIGHT,3.7393414974212646,4.39331007003778,1.1447948509157868e-06
331,95998.406,4.407047271728516,1.1906787449333933e-06,-0.996211588382721,5.188433236063765e-07,0.13878631591796875,4.6661114083690336e-07,-8.46302373247454e-06,0.13889709472654457,-3.903053152983679e-08,-0.00035510917309751423,trajectory,STRAIGHT,3.7393417358398438,4.407047271728448,1.1906787449333933e-06
332,95998.531,4.421200752258301,1.2386050229906687e-06,-0.996211588382721,5.183640199579889e-07,0.13878631591796875,4.7309941919593257e-07,-8.46302373247454e-06,0.13889709472654432,-3.6103638859424504e-08,-0.00035510917309751423,trajectory,STRAIGHT,3.739342212677002,4.421200752258228,1.2386050229906687e-06
333,95998.64,4.435354232788086,1.2871929584434838e-06,-0.996211588382721,5.178847163595139e-07,0.13878631591796875,4.795862764694903e-07,-8.46302373247454e-06,0.138897094726544,-3.6694753229720215e-08,-0.00035510917309751423,trajectory,STRAIGHT,3.7393417358398438,4.435354232788008,1.2871929584434838e-06
334,95998.765,4.449507713317871,1.336442437605001e-06,-0.996211588382721,5.171849168485964e-07,0.13878631591796875,4.860723379351839e-07,-8.46302373247454e-06,0.1388970947265437,-3.72665031941569e-08,-0.00035510917309751423,trajectory,STRAIGHT,3.7393414974212646,4.449507713317786,1.336442437605001e-06
335,95998.875,4.462412357330322,1.381923084409209e-06,-0.996211588382721,5.162386445534404e-07,0.13878631591796875,4.919851903650851e-07,-8.46302373247454e-06,0.1388970947265435,-4.153862692241686e-08,-0.00035510917309751423,trajectory,STRAIGHT,3.7393417358398438,4.462412357330232,1.381923084409209e-06
336,95999.0,4.475733280181885,1.4294475931819761e-06,-0.996211588382721,5.152618473410099e-07,0.13878631591796875,4.980878998139815e-07,-8.46302373247454e-06,0.13889709472654316,-3.80945233274244e-08,-0.00035510917309751423,trajectory,STRAIGHT,3.7393414974212646,4.475733280181787,1.4294475931819761e-06
337,95999.203,4.491968154907227,1.4881603647154407e-06,-0.996211588382721,5.137357719195671e-07,0.13878631591796875,5.055241558693524e-07,-8.46302373247454e-06,0.1388970947265429,-4.359302657729124e-08,-0.00035510917309751423,trajectory,STRAIGHT,3.7393405437469482,4.491968154907122,1.4881603647154407e-06
338,95999.343,4.516944885253906,1.5801858808117686e-06,-0.996211588382721,5.109186122216876e-07,0.13878631591796875,5.169619612388487e-07,-8.46302373247454e-06,0.13889709472654282,-4.332900394435679e-08,-0.00035510917309751423,trajectory,STRAIGHT,3.7393412590026855,4.516944885253787,1.5801858808117686e-06
339,95999.453,4.53068208694458,1.6316774917868315e-06,-0.996211588382721,5.09099281618481e-07,0.13878631591796875,5.232516286923783e-07,-8.46302373247454e-06,0.1388970947265425,-4.047551728276798e-08,-0.00035510917309751423,trajectory,STRAIGHT,3.7393417358398438,4.530682086944452,1.6316774917868315e-06
340,95999.578,4.543586730957031,1.6806158100735047e-06,-0.996211588382721,5.071344889510506e-07,0.13878631591796875,5.291586262501369e-07,-8.46302373247454e-06,0.13889709472654246,-4.074493746557775e-08,-0.00035510917309751423,trajectory,STRAIGHT,3.7393417358398438,4.543586730956896,1.6806158100735047e-06
341,95999.687,4.557323932647705,1.7333150026388466e-06,-0.996211588382721,5.050429353491826e-07,0.13878631591796875,5.35446417870844e-07,-8.46302373247454e-06,0.13889709472654227,-4.564085842202925e-08,-0.00035510917309751423,trajectory,STRAIGHT,3.7393410205841064,4.557323932647561,1.7333150026388466e-06
342,95999.796,4.571061134338379,1.7866366306407144e-06,-0.996211588382721,5.026474967648355e-07,0.13878631591796875,5.417325610324042e-07,-8.46302373247454e-06,0.13889709472654205,-4.2159879277591046e-08,-0.00035510917309751423,trajectory,STRAIGHT,3.7393407821655273,4.571061134338226,1.7866366306407144e-06
343,95999.921,4.58396577835083,1.8372934391663875e-06,-0.996211588382721,5.001716817556661e-07,0.13878631591796875,5.476375122270838e-07,-8.46302373247454e-06,0.1388970947265419,-4.6835810791532935e-08,-0.00035510917309751423,trajectory,STRAIGHT,3.7393410205841064,4.583965778350668,1.8372934391663875e-06
344,96000.031,4.59645414352417,1.8868388451664941e-06,-0.996211588382721,4.977757317180796e-07,0.13878631591796875,5.533503895094327e-07,-8.46302373247454e-06,0.13889709472654183,-4.283457944910682e-08,-0.00035510917309751423,trajectory,STRAIGHT,3.7393412590026855,4.596454143523999,1.8868388451664941e-06
345,96000.14,4.609775066375732,1.9402546058699954e-06,-0.996211588382721,4.949832417609134e-07,0.13878631591796875,5.594440040113113e-07,-8.46302373247454e-06,0.13889709472654171,-4.775952444116291e-08,-0.00035510917309751423,trajectory,STRAIGHT,3.7393414974212646,4.609775066375551,1.9402546058699954e-06
346,96000.25,4.623095989227295,1.994254716919386e-06,-0.996211588382721,4.919018738163814e-07,0.13878631591796875,5.655360268974619e-07,-8.46302373247454e-06,0.13889709472654158,-4.421795786230254e-08,-0.00035510917309751423,trajectory,STRAIGHT,3.7393414974212646,4.623095989227103,1.994254716919386e-06
347,96000.281,4.627258777618408,2.01124976229039e-06,-0.996211588382721,4.90938946335059e-07,0.13878631591796875,5.674397129951103e-07,-8.46302373247454e-06,0.13889709472654155,-4.5781071045306864e-08,-0.00035510917309751423,trajectory,STRAIGHT,3.7393414974212646,4.627258777618213,2.01124976229039e-06
348,96000.39,4.638914585113525,2.059139433185919e-06,-0.996211588382721,4.882427491244819e-07,0.13878631591796875,5.727698635382694e-07,-8.46302373247454e-06,0.1388970947265414,-4.435093710811069e-08,-0.00035510917309751423,trajectory,STRAIGHT,3.7393414974212646,4.638914585113321,2.059139433185919e-06
349,96000.5,4.651402950286865,2.1109465251356596e-06,-0.996211588382721,4.850184767841367e-07,0.13878631591796875,5.78479216528649e-07,-8.46302373247454e-06,0.13889709472654133,-4.9099815463032e-08,-0.00035510917309751423,trajectory,STRAIGHT,3.7393417358398438,4.65140295028665,2.1109465251356596e-06
350,96000.609,4.664723873138428,2.166774493161938e-06,-0.996211588382721,4.814114208992537e-07,0.13878631591796875,5.845690793648828e-07,-8.46302373247454e-06,0.1388970947265408,-4.600126771976271e-08,-0.00035510917309751423,trajectory,STRAIGHT,3.7393417358398438,4.6647238731382,2.166774493161938e-06
351,96000.734,4.67804479598999,2.223186356786755e-06,-0.996211588382721,4.778043648242597e-07,0.13878631591796875,5.906572368985508e-07,-8.46302373247454e-06,0.13889709472654072,-5.117717530272771e-08,-0.00035510917309751423,trajectory,STRAIGHT,3.7393412590026855,4.67804479598975,2.223186356786755e-06
352,96000.843,4.69053316116333,2.2766032543586334e-06,-0.996211588382721,4.7413651478977473e-07,0.13878631591796875,5.963648845863645e-07,-8.46302373247454e-06,0.13889709472654113,-4.68276837163833e-08,-0.00035510917309751423,trajectory,STRAIGHT,3.7393414974212646,4.690533161163078,2.2766032543586334e-06
353,96000.968,4.705935478210449,2.343192136322614e-06,-0.996211588382721,4.6935802975294343e-07,0.13878631591796875,6.034022135281703e-07,-8.46302373247454e-06,0.13889709472654105,-5.2907812219481416e-08,-0.00035510917309751423,trajectory,STRAIGHT,3.7393412590026855,4.705935478210183,2.343192136322614e-06
354,96001.078,4.7188401222229,2.3995835363166407e-06,-0.996211588382721,4.6535443391888994e-07,0.13878631591796875,6.092980697758321e-07,-8.46302373247454e-06,0.13889709472654102,-4.821531646874878e-08,-0.00035510917309751423,trajectory,STRAIGHT,3.7393410205841064,4.71884012222262,2.3995835363166407e-06
355,96001.203,4.732577323913574,2.46021613747871e-06,-0.996211588382721,4.607075981874991e-07,0.13878631591796875,6.155727305667824e-07,-8.46302373247454e-06,0.138897094726541,-5.374057250845599e-08,-0.00035510917309751423,trajectory,STRAIGHT,3.7393417358398438,4.732577323913279,2.46021613747871e-06
356,96001.296,4.746730804443359,2.5233357519027777e-06,-0.996211588382721,4.5575801444198893e-07,0.13878631591796875,6.220371346898901e-07,-8.46302373247454e-06,0.13889709472654088,-4.9874679562711875e-08,-0.00035510917309751423,trajectory,STRAIGHT,3.7393412590026855,4.7467308044430485,2.5233357519027777e-06
357,96001.468,4.759219169616699,2.579576630523661e-06,-0.996211588382721,4.513907344040535e-07,0.13878631591796875,6.277396664700063e-07,-8.46302373247454e-06,0.13889709472654088,-5.5009199448567765e-08,-0.00035510917309751423,trajectory,STRAIGHT,3.739342212677002,4.759219169616374,2.579576630523661e-06
358,96001.64,4.7862772941589355,2.7031931040255586e-06,-0.996211588382721,4.410161285223266e-07,0.13878631591796875,6.400931056305126e-07,-8.46302373247454e-06,0.1388970947265408,-5.6441767980341254e-08,-0.00035510917309751423,trajectory,STRAIGHT,3.739342451095581,4.7862772941585785,2.7031931040255586e-06
359,96001.765,4.799181938171387,2.762997155514313e-06,-0.996211588382721,4.3599313122549034e-07,0.13878631591796875,6.45983845970477e-07,-8.46302373247454e-06,0.13889709472654102,-5.1753389045924924e-08,-0.00035510917309751423,trajectory,STRAIGHT,3.7393414974212646,4.799181938171012,2.762997155514313e-06
360,96001.875,4.812502861022949,2.8253048185433727e-06,-0.996211588382721,4.304233004873284e-07,0.13878631591796875,6.520629085571272e-07,-8.46302373247454e-06,0.13889709472654108,-5.740916269537905e-08,-0.00035510917309751423,trajectory,STRAIGHT,3.7393414974212646,4.812502861022557,2.8253048185433727e-06
361,96001.984,4.8254075050354,2.8862211820523953e-06,-0.996211588382721,4.248910432670687e-07,0.13878631591796875,6.579520004379447e-07,-8.46302373247454e-06,0.13889709472654113,-5.2908738893236255e-08,-0.00035510917309751423,trajectory,STRAIGHT,3.7393417358398438,4.825407505034992,2.8862211820523953e-06
362,96002.093,4.838312149047852,2.9476866529876133e-06,-0.996211588382721,4.193587858019543e-07,0.13878631591796875,6.638393301727774e-07,-8.46302373247454e-06,0.13889709472654121,-5.850044234650669e-08,-0.00035510917309751423,trajectory,STRAIGHT,3.739342451095581,4.8383121490474235,2.9476866529876133e-06
363,96002.203,4.852049350738525,3.0137177873257315e-06,-0.996211588382721,4.1310109282623803e-07,0.13878631591796875,6.701064876324381e-07,-8.46302373247454e-06,0.13889709472654116,-5.443175554174782e-08,-0.00035510917309751423,trajectory,STRAIGHT,3.7393405437469482,4.852049350738078,3.0137177873257315e-06
364,96002.328,4.864953994750977,3.076312623306876e-06,-0.996211588382721,4.070595754230533e-07,0.13878631591796875,6.759922257515427e-07,-8.46302373247454e-06,0.1388970947265414,-5.4689870120077356e-08,-0.00035510917309751423,trajectory,STRAIGHT,3.739342451095581,4.864953994750509,3.076312623306876e-06
365,96002.453,4.879107475280762,3.1455952012038324e-06,-0.996211588382721,4.0043339476896533e-07,0.13878631591796875,6.824473643973761e-07,-8.46302373247454e-06,0.13889709472654152,-6.098728901677394e-08,-0.00035510917309751423,trajectory,STRAIGHT,3.7393414974212646,4.879107475280273,3.1455952012038324e-06
366,96002.593,4.8940935134887695,3.2196694519370794e-06,-0.996211588382721,3.929495892902626e-07,0.13878631591796875,6.892803980917961e-07,-8.46302373247454e-06,0.13889709472654146,-5.68497185497748e-08,-0.00035510917309751423,trajectory,STRAIGHT,3.7393417358398438,4.894093513488256,3.2196694519370794e-06
367,96002.703,4.908246994018555,3.2903062674449757e-06,-0.996211588382721,3.857638991331695e-07,0.13878631591796875,6.957336040613882e-07,-8.46302373247454e-06,0.13889709472654185,-5.717471064645197e-08,-0.00035510917309751423,trajectory,STRAIGHT,3.739342451095581,4.908246994018018,3.2903062674449757e-06
368,96002.812,4.9207353591918945,3.3531807730469154e-06,-0.996211588382721,3.794212534511698e-07,0.13878631591796875,7.014259608695284e-07,-8.46302373247454e-06,0.138897094726542,-6.288884891174139e-08,-0.00035510917309751423,trajectory,STRAIGHT,3.7393405437469482,4.920735359191337,3.3531807730469154e-06
369,96002.921,4.934056282043457,3.4208107990707504e-06,-0.996211588382721,3.72210068977839e-07,0.13878631591796875,7.074977474985644e-07,-8.46302373247454e-06,0.1388970947265422,-5.801327265590784e-08,-0.00035510917309751423,trajectory,STRAIGHT,3.73934268951416,4.934056282042876,3.4208107990707504e-06
370,96003.046,4.9473772048950195,3.48902290170372e-06,-0.996211588382721,3.649213785462805e-07,0.13878631591796875,7.135680561987101e-07,-8.46302373247454e-06,0.1388970947265424,-6.419576446673198e-08,-0.00035510917309751423,trajectory,STRAIGHT,3.7393417358398438,4.947377204894414,3.48902290170372e-06
371,96003.171,4.961114406585693,3.559976221367833e-06,-0.996211588382721,3.573978392973192e-07,0.13878631591796875,7.198277103270811e-07,-8.46302373247454e-06,0.1388970947265425,-5.947007589280433e-08,-0.00035510917309751423,trajectory,STRAIGHT,3.7393412590026855,4.961114406585063,3.559976221367833e-06
372,96003.281,4.9752678871154785,3.6336900848255027e-06,-0.996211588382721,3.494468211828818e-07,0.13878631591796875,7.250941393976973e-07,-8.46302373247454e-06,0.13889709472654288,-6.020935185445723e-08,-0.00035510917309751423,trajectory,STRAIGHT,3.7393412590026855,4.9752678871148195,3.6336900848255027e-06
373,96003.39,4.98817253112793,3.701319201354636e-06,-0.996211588382721,3.423127732398661e-07,0.13878631591796875,7.292616146514774e-07,-8.46302373247454e-06,0.13889709472654319,-6.014802728759849e-08,-0.00035510917309751423,trajectory,STRAIGHT,3.7393410205841064,4.988172531127246,3.701319201354636e-06
374,96003.515,5.0019097328186035,3.7737372622359544e-06,-0.996211588382721,3.346458180924922e-07,0.13878631591796875,7.336975045291183e-07,-8.46302373247454e-06,0.13889709472654346,-6.661331875081688e-08,-0.00035510917309751423,trajectory,STRAIGHT,3.7393417358398438,5.001909732817891,3.7737372622359544e-06
375,96003.625,5.015646934509277,3.846594609058229e-06,-0.996211588382721,3.265093932483961e-07,0.13878631591796875,7.381319733212877e-07,-8.46302373247454e-06,0.13889709472654369,-6.144891466049761e-08,-0.00035510917309751423,trajectory,STRAIGHT,3.7393412590026855,5.015646934508537,3.846594609058229e-06
376,96003.734,5.0298004150390625,3.922118594346102e-06,-0.996211588382721,3.181264101299292e-07,0.13878631591796875,7.427003652082931e-07,-8.46302373247454e-06,0.13889709472654416,-6.21477424417709e-08,-0.00035510917309751423,trajectory,STRAIGHT,3.7393414974212646,5.029800415038292,3.922118594346102e-06
377,96003.859,5.043953895568848,3.998108695668634e-06,-0.996211588382721,3.0958847166373276e-07,0.13878631591796875,7.472672791664081e-07,-8.46302373247454e-06,0.13889709472654452,-6.892701648006477e-08,-0.00035510917309751423,trajectory,STRAIGHT,3.7393412590026855,5.043953895568045,3.998108695668634e-06
378,96003.984,5.058107376098633,4.074564913025824e-06,-0.996211588382721,3.006469450938788e-07,0.13878631591796875,7.518337383771723e-07,-8.46302373247454e-06,0.13889709472654463,-6.313459352840591e-08,-0.00035510917309751423,trajectory,STRAIGHT,3.739342451095581,5.058107376097798,4.074564913025824e-06
379,96004.093,5.072260856628418,4.1514863369229715e-06,-0.996211588382721,2.9170541852658494e-07,0.13878631591796875,7.56398719659046e-07,-8.46302373247454e-06,0.13889709472654516,-6.365824497990253e-08,-0.00035510917309751423,trajectory,STRAIGHT,3.739342451095581,5.072260856627549,4.1514863369229715e-06
380,96004.218,5.085998058319092,4.226587861921871e-06,-0.996211588382721,2.8285058458562897e-07,0.13878631591796875,7.605626137774379e-07,-8.46302373247454e-06,0.13889709472654574,-6.39406574079181e-08,-0.00035510917309751423,trajectory,STRAIGHT,3.7393410205841064,5.085998058318191,4.226587861921871e-06
381,96004.328,5.098902702331543,4.297443865652895e-06,-0.996211588382721,2.756464247688699e-07,0.13878631591796875,7.629639640072128e-07,-8.46302373247454e-06,0.1388970947265461,-7.023212152289332e-08,-0.00035510917309751423,trajectory,STRAIGHT,3.7393410205841064,5.09890270233061,4.297443865652895e-06
382,96004.437,5.111807346343994,4.368535428511677e-06,-0.996211588382721,2.705485882838283e-07,0.13878631591796875,7.671837920497637e-07,-8.46302373247454e-06,0.13889709472654616,-6.46210673317877e-08,-0.00035510917309751423,trajectory,STRAIGHT,3.7393414974212646,5.11180734634303,4.368535428511677e-06
383,96004.546,5.124711990356445,4.4399375838111155e-06,-0.996211588382721,2.6647202078022635e-07,0.13878631591796875,7.644478046131553e-07,-8.46302373247454e-06,0.13889709472654646,-7.084139686777369e-08,-0.00035510917309751423,trajectory,STRAIGHT,3.7393410205841064,5.124711990355447,4.4399375838111155e-06
384,96004.671,5.1376166343688965,4.509992322709877e-06,-0.996211588382721,2.623954607992147e-07,0.13878631591796875,7.381226510005945e-07,-8.46302373247454e-06,0.13889709472654738,-6.239566602517692e-08,-0.00035510917309751423,trajectory,STRAIGHT,3.7393410205841064,5.137616634367864,4.509992322709877e-06
385,96004.781,5.15135383605957,4.580612767313141e-06,-0.996211588382721,2.580558968622309e-07,0.13878631591796875,6.840606374680647e-07,-8.46302373247454e-06,0.13889709472654874,-5.813327229569125e-08,-0.00035510917309751423,trajectory,STRAIGHT,3.739342212677002,5.1513538360585045,4.580612767313141e-06
386,96004.89,5.165091037750244,4.644552063837182e-06,-0.996211588382721,2.537163328359768e-07,0.13878631591796875,6.031465318301343e-07,-8.46302373247454e-06,0.1388970947265506,-5.732572496573628e-08,-0.00035510917309751423,trajectory,STRAIGHT,3.7393412590026855,5.165091037749148,4.644552063837182e-06
387,96005.015,5.178411960601807,4.697660642705159e-06,-0.996211588382721,2.4950827066535914e-07,0.13878631591796875,4.990404818272509e-07,-8.46302373247454e-06,0.13889709472655287,-4.171065547934208e-08,-0.00035510917309751423,trajectory,STRAIGHT,3.7393414974212646,5.178411960600684,4.697660642705159e-06
388,96005.109,5.191316604614258,4.738446932606166e-06,-0.996211588382721,2.45431710359063e-07,0.13878631591796875,3.7410956110761617e-07,-8.46302373247454e-06,0.13889709472655548,-3.512112591354379e-08,-0.00035510917309751423,trajectory,STRAIGHT,3.7393417358398438,5.191316604613114,4.738446932606166e-06
389,96005.234,5.20463752746582,4.76718150821398e-06,-0.996211588382721,2.412236480251885e-07,0.13878631591796875,2.2029355761787883e-07,-8.46302373247454e-06,0.13889709472655856,-1.7076520462555597e-08,-0.00035510917309751423,trajectory,STRAIGHT,3.7393410205841064,5.20463752746466,4.76718150821398e-06
390,96005.359,5.217958450317383,4.7799367166589946e-06,-0.996211588382721,2.3701574192719696e-07,0.13878631591796875,4.122800234540591e-08,-8.46302373247454e-06,0.13889709472656203,-1.2056802501218048e-09,-0.00035510917309751423,trajectory,STRAIGHT,3.7393410205841064,5.217958450316216,4.7799367166589946e-06
391,96005.468,5.231279373168945,4.774322860612301e-06,-0.996211588382721,2.3316724072489488e-07,0.13878631591796875,-1.604523021114801e-07,-8.46302373247454e-06,0.13889709472656578,1.613772401079409e-08,-0.00035510917309751423,trajectory,STRAIGHT,3.7393414974212646,5.231279373167778,4.7799367166589946e-06
392,96005.593,5.244600296020508,4.749598247144604e-06,-0.996211588382721,2.3052329541614757e-07,0.13878631591796875,-3.510491808356164e-07,-8.46302373247454e-06,0.13889709472656928,3.3687346960191626e-08,-0.00035510917309751423,trajectory,STRAIGHT,3.7393414974212646,5.244600296019351,4.7799367166589946e-06
393,96005.703,5.258337497711182,4.706278105004458e-06,-0.996211588382721,2.2781126728709127e-07,0.13878631591796875,-5.188558702684531e-07,-8.46302373247454e-06,0.13889709472657225,4.895400250191843e-08,-0.00035510917309751423,trajectory,STRAIGHT,3.739342212677002,5.258337497710045,4.7799367166589946e-06
394,96005.812,5.271242141723633,4.651871222449699e-06,-0.996211588382721,2.2526364421825384e-07,0.13878631591796875,-6.4492735418753e-07,-8.46302373247454e-06,0.1388970947265744,6.008141451442342e-08,-0.00035510917309751423,trajectory,STRAIGHT,3.739342212677002,5.271242141722521,4.7799367166589946e-06
395,96005.937,5.284979343414307,4.582736892189132e-06,-0.996211588382721,2.2255148356349452e-07,0.13878631591796875,-7.471994081242883e-07,-8.46302373247454e-06,0.13889709472657608,7.57199385729119e-08,-0.00035510917309751423,trajectory,STRAIGHT,3.739342212677002,5.284979343413227,4.7799367166589946e-06
396,96006.062,5.2987165451049805,4.5049400796415284e-06,-0.996211588382721,2.204592064124803e-07,0.13878631591796875,-8.15412704469054e-07,-8.46302373247454e-06,0.13889709472657716,7.597251227114466e-08,-0.00035510917309751423,trajectory,STRAIGHT,3.7393410205841064,5.298716545103934,4.7799367166589946e-06
397,96006.171,5.312870025634766,4.420997356646694e-06,-0.996211588382721,2.1894211538251552e-07,0.13878631591796875,-8.183078534784727e-07,-8.46302373247454e-06,0.1388970947265771,8.504105671455646e-08,-0.00035510917309751423,trajectory,STRAIGHT,3.7393410205841064,5.312870025633757,4.7799367166589946e-06
398,96006.281,5.327023506164551,4.339879524195567e-06,-0.996211588382721,2.1791826050153112e-07,0.13878631591796875,-7.653109150851378e-07,-8.46302373247454e-06,0.13889709472657596,7.216699792943107e-08,-0.00035510917309751423,trajectory,STRAIGHT,3.7393417358398438,5.327023506163577,4.7799367166589946e-06
399,96006.406,5.341176986694336,4.265624284016667e-06,-0.996211588382721,2.1861320041134295e-07,0.13878631591796875,-6.88645798163634e-07,-8.46302373247454e-06,0.13889709472657466,6.518434930324537e-08,-0.00035510917309751423,trajectory,STRAIGHT,3.7393407821655273,5.3411769866933945,4.7799367166589946e-06
400,96006.531,5.354497909545898,4.2037490857183e-06,-0.996211588382721,2.1894652098226513e-07,0.13878631591796875,-5.997134735480358e-07,-8.46302373247454e-06,0.13889709472657313,6.451978066954997e-08,-0.00035510917309751423,trajectory,STRAIGHT,3.739342451095581,5.354497909544982,4.7799367166589946e-06
401,96006.656,5.367818832397461,4.15024942412856e-06,-0.996211588382721,2.1921887511420087e-07,0.13878631591796875,-5.165958327779663e-07,-8.46302373247454e-06,0.1388970947265717,4.9376383544859215e-08,-0.00035510917309751423,trajectory,STRAIGHT,3.7393414974212646,5.367818832396567,4.7799367166589946e-06
402,96006.843,5.391130447387695,4.0746685954218265e-06,-0.996211588382721,2.1872824584032097e-07,0.13878631591796875,-3.8498251342389267e-07,-8.46302373247454e-06,0.13889709472656936,4.6958253686223796e-08,-0.00035510917309751423,trajectory,STRAIGHT,3.7393412590026855,5.391130447386832,4.7799367166589946e-06
403,96006.953,5.4040350914001465,4.04204956794274e-06,-0.996211588382721,2.1864846331332466e-07,0.13878631591796875,-3.1758312957208545e-07,-8.46302373247454e-06,0.1388970947265682,3.138632260101788e-08,-0.00035510917309751423,trajectory,STRAIGHT,3.7393412590026855,5.404035091399296,4.7799367166589946e-06
404,96007.078,5.416939735412598,4.015170361526543e-06,-0.996211588382721,2.1876836977616089e-07,0.13878631591796875,-2.630690119076462e-07,-8.46302373247454e-06,0.13889709472656725,2.998492202163373e-08,-0.00035510917309751423,trajectory,STRAIGHT,3.7393412590026855,5.416939735411756,4.7799367166589946e-06
405,96007.171,5.429844379425049,3.99269447370898e-06,-0.996211588382721,2.1869567441876705e-07,0.13878631591796875,-2.2028181945188408e-07,-8.46302373247454e-06,0.13889709472656647,2.2587780212971618e-08,-0.00035510917309751423,trajectory,STRAIGHT,3.7393417358398438,5.429844379424216,4.7799367166589946e-06
406,96007.296,5.4427490234375,3.974542778450996e-06,-0.996211588382721,2.1862295014704936e-07,0.13878631591796875,-1.7114471972945466e-07,-8.46302373247454e-06,0.1388970947265656,2.076047802382373e-08,-0.00035510917309751423,trajectory,STRAIGHT,3.7393414974212646,5.442749023436674,4.7799367166589946e-06
407,96007.39,5.45523738861084,3.960922640544595e-06,-0.996211588382721,2.1857836009066468e-07,0.13878631591796875,-1.3364366679979867e-07,-8.46302373247454e-06,0.13889709472656495,1.4757789605152228e-08,-0.00035510917309751423,trajectory,STRAIGHT,3.7393412590026855,5.455237388610017,4.7799367166589946e-06
408,96007.515,5.468974590301514,3.94941343984101e-06,-0.996211588382721,2.1857829526295238e-07,0.13878631591796875,-1.0088780300065991e-07,-8.46302373247454e-06,0.1388970947265644,1.358851166633886e-08,-0.00035510917309751423,trajectory,STRAIGHT,3.739342212677002,5.468974590300695,4.7799367166589946e-06
409,96007.625,5.4827117919921875,3.9407227632182185e-06,-0.996211588382721,2.185782515854354e-07,0.13878631591796875,-7.568496585008688e-08,-8.46302373247454e-06,0.13889709472656395,9.65098827294675e-09,-0.00035510917309751423,trajectory,STRAIGHT,3.739341974258423,5.482711791991372,4.7799367166589946e-06
410,96007.734,5.487290859222412,3.938321697205538e-06,-0.996211588382721,2.1857824166795926e-07,0.13878631591796875,-7.000470247930934e-08,-8.46302373247454e-06,0.13889709472656384,9.536763118929769e-09,-0.00035510917309751423,trajectory,STRAIGHT,3.739341974258423,5.487290859221597,4.7799367166589946e-06
411,96007.859,5.511018753051758,3.929108515876578e-06,-0.996211588382721,2.1857819921204217e-07,0.13878631591796875,-4.081136495415194e-08,-8.46302373247454e-06,0.13889709472656334,7.131724645940904e-09,-0.00035510917309751423,trajectory,STRAIGHT,3.7393410205841064,5.511018753050944,4.7799367166589946e-06
412,96007.984,5.523923397064209,3.925923465430969e-06,-0.996211588382721,2.185781958707623e-07,0.13878631591796875,-2.8363906778849923e-08,-8.46302373247454e-06,0.13889709472656311,5.296538305248356e-09,-0.00035510917309751423,trajectory,STRAIGHT,3.7393412590026855,5.523923397063395,4.7799367166589946e-06
413,96008.093,5.536411762237549,3.92378979086061e-06,-0.996211588382721,2.1857820087073242e-07,0.13878631591796875,-1.8533295786937742e-08,-8.46302373247454e-06,0.13889709472656295,4.395852118240455e-09,-0.00035510917309751423,trajectory,STRAIGHT,3.7393414974212646,5.536411762236735,4.7799367166589946e-06
414,96008.187,5.54931640625,3.922431460523512e-06,-0.996211588382721,2.1857820918099146e-07,0.13878631591796875,-1.011841543885339e-08,-8.46302373247454e-06,0.1388970947265628,4.140561393559753e-09,-0.00035510917309751423,trajectory,STRAIGHT,3.7393407821655273,5.549316406249186,4.7799367166589946e-06
415,96008.312,5.5626373291015625,3.921808001905447e-06,-0.996211588382721,2.185782036044412e-07,0.13878631591796875,-3.1404960854075625e-09,-8.46302373247454e-06,0.13889709472656267,3.0316055344774556e-09,-0.00035510917309751423,trajectory,STRAIGHT,3.7393407821655273,5.562637329100747,4.7799367166589946e-06
416,96008.421,5.575958251953125,3.921863481082255e-06,-0.996211588382721,2.1857822748803237e-07,0.13878631591796875,3.4125944292640042e-09,-8.46302373247454e-06,0.13889709472656256,2.792974654796144e-09,-0.00035510917309751423,trajectory,STRAIGHT,3.739342212677002,5.57595825195231,4.7799367166589946e-06
417,96008.546,5.5892791748046875,3.9224983083840925e-06,-0.996211588382721,2.1857824015695834e-07,0.13878631591796875,9.540853440626051e-09,-8.46302373247454e-06,0.13889709472656245,1.89126761038695e-09,-0.00035510917309751423,trajectory,STRAIGHT,3.7393407821655273,5.58927917480387,4.7799367166589946e-06
418,96008.656,5.60260009765625,3.923601525457343e-06,-0.996211588382721,2.1857823403702425e-07,0.13878631591796875,1.3881114924174653e-08,-8.46302373247454e-06,0.13889709472656236,1.724891899533854e-09,-0.00035510917309751423,trajectory,STRAIGHT,3.7393412590026855,5.602600097655431,4.7799367166589946e-06
419,96008.765,5.615504741668701,3.92499032386695e-06,-0.996211588382721,2.185782495195068e-07,0.13878631591796875,1.6151798121200045e-08,-8.46302373247454e-06,0.13889709472656234,1.2778958102355798e-09,-0.00035510917309751423,trajectory,STRAIGHT,3.7393412590026855,5.6155047416678805,4.7799367166589946e-06
420,96008.89,5.628825664520264,3.9266355997824576e-06,-0.996211588382721,2.1857826373836644e-07,0.13878631591796875,1.7401019292151432e-08,-8.46302373247454e-06,0.1388970947265623,1.3045956981710947e-09,-0.00035510917309751423,trajectory,STRAIGHT,3.7393405437469482,5.628825664519441,4.7799367166589946e-06
421,96009.0,5.641730308532715,3.928353180526756e-06,-0.996211588382721,2.1857826957028792e-07,0.13878631591796875,1.915558200948908e-08,-8.46302373247454e-06,0.13889709472656228,1.0047160792557671e-09,-0.00035510917309751423,trajectory,STRAIGHT,3.7393417358398438,5.641730308531891,4.7799367166589946e-06
422,96009.109,5.654218673706055,3.930147158826003e-06,-0.996211588382721,2.185782924189436e-07,0.13878631591796875,2.1119701543170777e-08,-8.46302373247454e-06,0.13889709472656225,9.411552384120804e-10,-0.00035510917309751423,trajectory,STRAIGHT,3.7393412590026855,5.654218673705229,4.7799367166589946e-06
423,96009.218,5.667539596557617,3.932168965548044e-06,-0.996211588382721,2.1857830260384155e-07,0.13878631591796875,2.149255529104721e-08,-8.46302373247454e-06,0.13889709472656225,7.964345452628703e-10,-0.00035510917309751423,trajectory,STRAIGHT,3.7393414974212646,5.667539596556789,4.7799367166589946e-06
424,96009.328,5.68086051940918,3.93424443245749e-06,-0.996211588382721,2.185783152724572e-07,0.13878631591796875,2.1567378993836428e-08,-8.46302373247454e-06,0.13889709472656225,7.850825394615326e-10,-0.00035510917309751423,trajectory,STRAIGHT,3.7393417358398438,5.680860519408348,4.7799367166589946e-06
425,96009.453,5.695013999938965,3.9365449993056245e-06,-0.996211588382721,2.1857833300759183e-07,0.13878631591796875,2.3445096530849696e-08,-8.46302373247454e-06,0.1388970947265622,7.141713167554947e-10,-0.00035510917309751423,trajectory,STRAIGHT,3.7393407821655273,5.695013999938132,4.7799367166589946e-06
426,96009.562,5.70916748046875,3.93899472328485e-06,-0.996211588382721,2.1857834629265708e-07,0.13878631591796875,2.4816850796582912e-08,-8.46302373247454e-06,0.1388970947265622,5.058973204048469e-10,-0.00035510917309751423,trajectory,STRAIGHT,3.7393412590026855,5.709167480467915,4.7799367166589946e-06
427,96009.765,5.722072124481201,3.9412871046806686e-06,-0.996211588382721,2.1857834704120225e-07,0.13878631591796875,2.4468761239404557e-08,-8.46302373247454e-06,0.1388970947265622,5.22183144173848e-10,-0.00035510917309751423,trajectory,STRAIGHT,3.7393410205841064,5.7220721244803645,4.7799367166589946e-06
428,96009.89,5.747465133666992,3.945940079574939e-06,-0.996211588382721,2.1857839137124083e-07,0.13878631591796875,2.6484947568405914e-08,-8.46302373247454e-06,0.13889709472656214,4.5062317481195126e-10,-0.00035510917309751423,trajectory,STRAIGHT,3.7393414974212646,5.74746513366615,4.7799367166589946e-06
429,96010.0,5.759953498840332,3.948319317714777e-06,-0.996211588382721,2.1857839653306218e-07,0.13878631591796875,2.689552758283753e-08,-8.46302373247454e-06,0.13889709472656214,3.1025737822442526e-10,-0.00035510917309751423,trajectory,STRAIGHT,3.7393414974212646,5.759953498839488,4.7799367166589946e-06
430,96010.125,5.772441864013672,3.950701739086071e-06,-0.996211588382721,2.185784194442516e-07,0.13878631591796875,2.6699410682340385e-08,-8.46302373247454e-06,0.13889709472656214,3.606712971120623e-10,-0.00035510917309751423,trajectory,STRAIGHT,3.739339828491211,5.772441864012826,4.7799367166589946e-06
431,96010.234,5.785762786865234,3.953256054956e-06,-0.996211588382721,2.1857843888155662e-07,0.13878631591796875,2.631397322261364e-08,-8.46302373247454e-06,0.13889709472656217,3.574709653207951e-10,-0.00035510917309751423,trajectory,STRAIGHT,3.7393412590026855,5.785762786864387,4.7799367166589946e-06
432,96010.359,5.799083709716797,3.955851298087509e-06,-0.996211588382721,2.1857844464566056e-07,0.13878631591796875,2.7402288438338473e-08,-8.46302373247454e-06,0.13889709472656214,3.0204758999207176e-10,-0.00035510917309751423,trajectory,STRAIGHT,3.7393407821655273,5.799083709715946,4.7799367166589946e-06
433,96010.453,5.811988353729248,3.958444267482264e-06,-0.996211588382721,2.1857846124972675e-07,0.13878631591796875,2.8787926709128442e-08,-8.46302373247454e-06,0.13889709472656211,1.465909365791833e-10,-0.00035510917309751423,trajectory,STRAIGHT,3.7393405437469482,5.811988353728395,4.7799367166589946e-06
434,96010.578,5.817399978637695,3.95955021303962e-06,-0.996211588382721,2.185784645633854e-07,0.13878631591796875,2.7693285886698504e-08,-8.46302373247454e-06,0.13889709472656214,2.4185382266765655e-10,-0.00035510917309751423,trajectory,STRAIGHT,3.7393407821655273,5.817399978636841,4.7799367166589946e-06
435,96010.687,5.83779764175415,3.963699782616459e-06,-0.996211588382721,2.1857848362605332e-07,0.13878631591796875,2.783682440110624e-08,-8.46302373247454e-06,0.13889709472656214,2.3080040982346677e-10,-0.00035510917309751423,trajectory,STRAIGHT,3.73934006690979,5.837797641753292,4.7799367166589946e-06
436,96010.796,5.850702285766602,3.966337771998951e-06,-0.996211588382721,2.1857850403003242e-07,0.13878631591796875,2.8370834570523584e-08,-8.46302373247454e-06,0.13889709472656211,2.063466641139017e-10,-0.00035510917309751423,trajectory,STRAIGHT,3.7393414974212646,5.850702285765742,4.7799367166589946e-06
437,96010.921,5.864855766296387,3.969298632000573e-06,-0.996211588382721,2.185785133387981e-07,0.13878631591796875,2.9837408987987146e-08,-8.46302373247454e-06,0.1388970947265621,5.3141551608680706e-11,-0.00035510917309751423,trajectory,STRAIGHT,3.7393405437469482,5.864855766295525,4.7799367166589946e-06
438,96011.031,5.879009246826172,3.972274498664774e-06,-0.996211588382721,2.185785281385658e-07,0.13878631591796875,2.8677527907916556e-08,-8.46302373247454e-06,0.13889709472656211,1.5770877110852784e-10,-0.00035510917309751423,trajectory,STRAIGHT,3.739340305328369,5.879009246825307,4.7799367166589946e-06
439,96011.156,5.893162727355957,3.975211257056799e-06,-0.996211588382721,2.1857854818881989e-07,0.13878631591796875,2.8734131518604045e-08,-8.46302373247454e-06,0.13889709472656211,1.4381327223156437e-10,-0.00035510917309751423,trajectory,STRAIGHT,3.7393412590026855,5.89316272735509,4.7799367166589946e-06
440,96011.265,5.907316207885742,3.978175755037228e-06,-0.996211588382721,2.1857856518360903e-07,0.13878631591796875,2.9609182661261002e-08,-8.46302373247454e-06,0.13889709472656211,7.103574027043987e-11,-0.00035510917309751423,trajectory,STRAIGHT,3.739340305328369,5.907316207884872,4.7799367166589946e-06
441,96011.39,5.921053409576416,3.9810802263673395e-06,-0.996211588382721,2.1857857404586859e-07,0.13878631591796875,2.9174884730309714e-08,-8.46302373247454e-06,0.13889709472656211,1.1559746214221075e-10,-0.00035510917309751423,trajectory,STRAIGHT,3.7393417358398438,5.921053409575544,4.7799367166589946e-06
442,96011.5,5.933958053588867,3.9838400880398694e-06,-0.996211588382721,2.1857860205106598e-07,0.13878631591796875,2.9207557261656802e-08,-8.46302373247454e-06,0.13889709472656211,9.633186948869234e-11,-0.00035510917309751423,trajectory,STRAIGHT,3.7393407821655273,5.933958053587991,4.7799367166589946e-06
443,96011.687,5.946862697601318,3.986584033555118e-06,-0.996211588382721,2.185786119228763e-07,0.13878631591796875,2.9653781652427824e-08,-8.46302373247454e-06,0.1388970947265621,6.830641942612845e-11,-0.00035510917309751423,trajectory,STRAIGHT,3.73934006690979,5.946862697600441,4.7799367166589946e-06
444,96011.843,5.973088264465332,3.992162419308443e-06,-0.996211588382721,2.1857863833476703e-07,0.13878631591796875,2.9334309203932207e-08,-8.46302373247454e-06,0.13889709472656211,9.550683286119279e-11,-0.00035510917309751423,trajectory,STRAIGHT,3.7393410205841064,5.973088264464449,4.7799367166589946e-06
445,96011.953,5.986825466156006,3.995104179921327e-06,-0.996211588382721,2.1857865956915468e-07,0.13878631591796875,2.9803857160004554e-08,-8.46302373247454e-06,0.1388970947265621,4.863730764191149e-11,-0.00035510917309751423,trajectory,STRAIGHT,3.739340305328369,5.986825466155121,4.7799367166589946e-06
446,96012.078,5.999313831329346,3.997816293122014e-06,-0.996211588382721,2.1857867030326552e-07,0.13878631591796875,3.019107452928438e-08,-8.46302373247454e-06,0.1388970947265621,1.941668393026191e-11,-0.00035510917309751423,trajectory,STRAIGHT,3.7393407821655273,5.9993138313284575,4.7799367166589946e-06
447,96012.171,6.0118021965026855,4.000507942691911e-06,-0.996211588382721,2.185786756310721e-07,0.13878631591796875,3.026747918966066e-08,-8.46302373247454e-06,0.1388970947265621,9.2635374208149e-12,-0.00035510917309751423,trajectory,STRAIGHT,3.739339828491211,6.011802196501796,4.7799367166589946e-06
448,96012.296,6.025539398193359,4.003451522294199e-06,-0.996211588382721,2.1857869675704962e-07,0.13878631591796875,2.9420267111390785e-08,-8.46302373247454e-06,0.13889709472656211,8.294665606209052e-11,-0.00035510917309751423,trajectory,STRAIGHT,3.7393405437469482,6.025539398192466,4.7799367166589946e-06
449,96012.406,6.039276599884033,4.006391918665031e-06,-0.996211588382721,2.1857871794147426e-07,0.13878631591796875,2.9653401512064193e-08,-8.46302373247454e-06,0.1388970947265621,6.081091696766629e-11,-0.00035510917309751423,trajectory,STRAIGHT,3.739340305328369,6.039276599883138,4.7799367166589946e-06
450,96012.531,6.053341388702393,4.009521035186481e-06,-0.9911960959434509,2.1904966466745923e-07,0.1364956498146057,3.138508120059669e-08,0.07806626707315445,0.1390803480148311,-1.7077798772670943e-10,-0.00685186220281197,trajectory,STRAIGHT,3.739339590072632,6.053341388701494,4.7799367166589946e-06
451,96012.656,6.06675910949707,4.012784756923793e-06,-0.9831662178039551,2.1963385781910453e-07,0.13477589190006256,3.501618550671992e-08,0.0797913447022438,0.13921792864799448,-5.743757669689275e-10,-0.0073913623201139105,trajectory,STRAIGHT,3.7393410205841064,6.06675910949617,4.7799367166589946e-06
452,96012.765,6.080063343048096,4.016549610241782e-06,-0.975631833076477,2.199717856303881e-07,0.13412053883075714,4.148974497297786e-08,0.07224314659833908,0.13927035689353887,-1.0765833563942102e-09,-0.007737104679121278,trajectory,STRAIGHT,3.713291883468628,6.0800633430471915,4.7799367166589946e-06
453,96012.875,6.092929840087891,4.020937922177836e-06,-0.9690529108047485,2.2066692118024986e-07,0.13404987752437592,5.03516055516684e-08,0.0649065300822258,0.13927600979804922,-2.0028199505693355e-09,-0.007479121471418642,trajectory,STRAIGHT,3.709705352783203,6.092929840086983,4.7799367166589946e-06
454,96013.0,6.105808734893799,4.0262962102133315e-06,-0.9631488919258118,2.2157262397050558e-07,0.13427646458148956,6.169422306356864e-08,0.058206167072057724,0.13925788283347995,-2.8964167884775002e-09,-0.007858070079363176,trajectory,STRAIGHT,3.699528217315674,6.105808734892888,4.7799367166589946e-06
455,96013.109,6.117908954620361,4.032400738651631e-06,-0.9581770300865173,2.2198361545958845e-07,0.13462208211421967,7.39762171519942e-08,0.052257925271987915,0.13923023343086133,-4.250841311309901e-09,-0.007630803827322313,trajectory,STRAIGHT,3.687411308288574,6.1179089546194465,4.7799367166589946e-06
456,96013.218,6.131258487701416,4.040357907797443e-06,-0.9533347487449646,2.221481079320792e-07,0.1350613236427307,8.655693761738803e-08,0.04536546394228935,0.13919509410858025,-5.039874419484975e-09,-0.007799128221668372,trajectory,STRAIGHT,3.672849178314209,6.131258487700496,4.7799367166589946e-06
457,96013.328,6.135312080383301,4.043008175358409e-06,-0.9520023465156555,2.2218458252885446e-07,0.1351976841688156,9.01142982456804e-08,0.04339651018381119,0.13918418526649337,-5.500206332751715e-09,-0.007708232032455572,trajectory,STRAIGHT,3.672849178314209,6.135312080382379,4.7799367166589946e-06
458,96013.468,6.1593122482299805,4.060663741256576e-06,-0.945356547832489,2.2249413923933552e-07,0.1359693557024002,1.086801972860485e-07,0.032736603170633316,0.1391224515438063,-7.536747594289594e-09,-0.007458886621725641,trajectory,STRAIGHT,3.6505017280578613,6.159312248229048,4.7799367166589946e-06
459,96013.593,6.172793865203857,4.071858256793348e-06,-0.9423872232437134,2.2233063274996985e-07,0.13635511696338654,1.172597663412489e-07,0.02675114944577217,0.13909159064292725,-7.758871014157384e-09,-0.007420362483326568,trajectory,STRAIGHT,3.6420676708221436,6.172793865202918,4.7799367166589946e-06
460,96013.703,6.186720848083496,4.084212378074881e-06,-0.9399425983428955,2.226756831758209e-07,0.13670805096626282,1.247386762770475e-07,0.021296856924891472,0.13906335592269703,-9.306464616351102e-09,-0.007106250326697005,trajectory,STRAIGHT,3.6350579261779785,6.186720848082549,4.7799367166589946e-06
461,96013.828,6.200681686401367,4.097259079571813e-06,-0.9380070567131042,2.2276507108232267e-07,0.1370159387588501,1.308371508912387e-07,0.016732793301343918,0.13903872489928992,-9.027793070655344e-09,-0.007075652391681303,trajectory,STRAIGHT,3.6292102336883545,6.200681686400413,4.7799367166589946e-06
462,96013.937,6.2146711349487305,4.110858753847424e-06,-0.9365072846412659,2.2267593375709184e-07,0.13728180527687073,1.3555964528677578e-07,0.012782527133822441,0.1390174555778482,-9.438765631945599e-09,-0.006919617754659802,trajectory,STRAIGHT,3.6246254444122314,6.2146711349477695,4.7799367166589946e-06
463,96014.062,6.228273868560791,4.124452061660122e-06,-0.9354093670845032,2.2247270381077927e-07,0.13750366866588593,1.3882994664982107e-07,0.009467767551541328,0.1389997065067269,-9.695514789874789e-09,-0.006775194381767398,trajectory,STRAIGHT,3.6210458278656006,6.228273868559821,4.7799367166589946e-06
464,96014.171,6.240657329559326,4.137038558837958e-06,-0.9346762895584106,2.2211514015192256e-07,0.13767790794372559,1.4068243103793066e-07,0.006837217137217522,0.13898576736449972,-1.0792875070276501e-08,-0.006601404224926121,trajectory,STRAIGHT,3.61830997467041,6.240657329558349,4.7799367166589946e-06
465,96014.265,6.253468990325928,4.150168024352752e-06,-0.9341506958007812,2.2203345053319682e-07,0.13783381879329681,1.4147727256386133e-07,0.004486334044486284,0.138973294496534,-9.890200199060939e-09,-0.006520020224512238,trajectory,STRAIGHT,3.61629319190979,6.253468990324944,4.7799367166589946e-06
466,96014.375,6.256776332855225,4.15356316807447e-06,-0.9340493679046631,2.2199456783106573e-07,0.1378704309463501,1.414979067249078e-07,0.003965294454246759,0.13897036552428974,-1.0153884173734278e-08,-0.0064834034520989845,trajectory,STRAIGHT,3.61629319190979,6.256776332854239,4.7799367166589946e-06
467,96014.515,6.281202793121338,4.178475137450732e-06,-0.9336743950843811,2.2176154236277e-07,0.13810120522975922,1.3931563103142253e-07,0.0005021254764869809,0.13895190358161702,-1.0621417021089943e-08,-0.006252629431888246,trajectory,STRAIGHT,3.61401104927063,6.281202793120336,4.7799367166589946e-06
468,96014.625,6.294048309326172,4.191309926682152e-06,-0.9336986541748047,2.2221292757926575e-07,0.13819873332977295,1.3652291386279103e-07,-0.0010347330244258046,0.138944101333616,-9.508242967923615e-09,-0.006144934485006607,trajectory,STRAIGHT,3.61401104927063,6.294048309325163,4.7799367166589946e-06
469,96014.75,6.305663585662842,4.2026381379400846e-06,-0.9338371157646179,2.223339925106679e-07,0.1382748931646347,1.330270151811419e-07,-0.0022227209992706776,0.1389380085468271,-1.0112402986740749e-08,-0.006042972367528355,trajectory,STRAIGHT,3.613584280014038,6.305663585661826,4.7799367166589946e-06
470,96014.859,6.318938732147217,4.215170520183165e-06,-0.9341070652008057,2.2250250059809375e-07,0.13834993541240692,1.2790118830707797e-07,-0.003359286580234766,0.1389320051670054,-8.744152241811001e-09,-0.005931403876319411,trajectory,STRAIGHT,3.613524913787842,6.318938732146194,4.7799367166589946e-06
471,96014.968,6.3322272300720215,4.227155386615777e-06,-0.9344766736030579,2.2261471034700316e-07,0.13841399550437927,1.2157013884461776e-07,-0.00430044811218977,0.13892688035964773,-9.149022636806618e-09,-0.0058376305336504015,trajectory,STRAIGHT,3.613795280456543,6.332227230070991,4.7799367166589946e-06
472,96015.078,6.344686985015869,4.237788289174205e-06,-0.9348992705345154,2.2256691290531076e-07,0.1384654939174652,1.1454072534888837e-07,-0.0050428868271410465,0.13892276048660102,-7.479028618233841e-09,-0.005729019823046778,trajectory,STRAIGHT,3.6143505573272705,6.344686985014832,4.7799367166589946e-06
473,96015.187,6.358392715454102,4.2486954043852165e-06,-0.9354336261749268,2.2234693233157167e-07,0.13851387798786163,1.0558607499433492e-07,-0.0057090832851827145,0.13891888976096947,-6.74700588296753e-09,-0.0056304482547783075,trajectory,STRAIGHT,3.615135669708252,6.358392715453057,4.7799367166589946e-06
474,96015.312,6.371281147003174,4.25807957071811e-06,-0.9359902739524841,2.2202326558366657e-07,0.13855266571044922,9.600811523569064e-08,-0.0062123690731823444,0.13891578674316263,-6.604007148384553e-09,-0.005562353002860468,trajectory,STRAIGHT,3.6161088943481445,6.371281147002124,4.7799367166589946e-06
475,96015.421,6.384586811065674,4.2667752495617606e-06,-0.9366104006767273,2.2164221312486777e-07,0.1385868936777115,8.493642411622204e-08,-0.006649477872997522,0.13891304850578182,-4.874130418805529e-09,-0.005448467256592249,trajectory,STRAIGHT,3.617236614227295,6.384586811064617,4.7799367166589946e-06
476,96015.531,6.397892475128174,4.274349976185476e-06,-0.9372658729553223,2.2117200017682365e-07,0.13861609995365143,7.26620683622059e-08,-0.006962945219129324,0.13891071200370686,-3.776492796428391e-09,-0.005363383792889318,trajectory,STRAIGHT,3.6184871196746826,6.397892475127112,4.7799367166589946e-06
477,96015.64,6.41202974319458,4.281041583453771e-06,-0.9379887580871582,2.2147457218323774e-07,0.13864238560199738,5.830261429196071e-08,-0.00720938527956605,0.13890860915183945,-3.009826230111214e-09,-0.005307524331462582,trajectory,STRAIGHT,3.6198372840881348,6.4120297431935125,4.7799367166589946e-06
478,96015.765,6.426167011260986,4.286198873160174e-06,-0.9387335181236267,2.2182169496136182e-07,0.1386646032333374,4.258529884282325e-08,-0.007392519619315863,0.13890683174133253,-1.1829644937884175e-09,-0.005195105912557119,trajectory,STRAIGHT,3.621262550354004,6.426167011259915,4.7799367166589946e-06
479,96015.89,6.440310001373291,4.289683147362666e-06,-0.9394945502281189,2.2168984108766778e-07,0.13868334889411926,2.5510296097763785e-08,-0.007520874496549368,0.13890533208847028,1.6001279122917578e-10,-0.005146785917153829,trajectory,STRAIGHT,3.622737407684326,6.440310001372216,4.7799367166589946e-06
480,96016.0,6.454047203063965,4.291335244488437e-06,-0.9402430653572083,2.213007569904948e-07,0.1386987417936325,7.639496146794045e-09,-0.007585208397358656,0.13890410065650954,2.0220752429090317e-09,-0.0050380875653594755,trajectory,STRAIGHT,3.6242523193359375,6.454047203062887,4.7799367166589946e-06
481,96016.125,6.467368125915527,4.2911883610941e-06,-0.9409736394882202,2.211474743342716e-07,0.13871143758296967,-1.091097168171018e-08,-0.007609792053699493,0.13890308499336287,3.829031353626509e-09,-0.00499959216630161,trajectory,STRAIGHT,3.625795364379883,6.467368125914449,4.7799367166589946e-06
482,96016.218,6.4802727699279785,4.289292974135606e-06,-0.9416810870170593,2.2127474305539463e-07,0.13872192800045013,-3.002807602570101e-08,-0.007589922286570072,0.1389022457599648,5.320257802556415e-09,-0.004900856127614008,trajectory,STRAIGHT,3.627356767654419,6.4802727699268985,4.7799367166589946e-06
483,96016.343,6.49317741394043,4.285567683837144e-06,-0.9423863887786865,2.217589043054924e-07,0.13873092830181122,-5.027380467481635e-08,-0.007557249628007412,0.13890152573585626,7.556358538168681e-09,-0.004868204852217662,trajectory,STRAIGHT,3.6289234161376953,6.49317741393935,4.7799367166589946e-06
484,96016.453,6.506498336791992,4.279690529074287e-06,-0.9431120157241821,2.2244636666917322e-07,0.13873890042304993,-7.235658472382056e-08,-0.00751896295696497,0.13890088796615757,9.072772251907107e-09,-0.004772946471663231,trajectory,STRAIGHT,3.6304869651794434,6.506498336790914,4.7799367166589946e-06
485,96016.562,6.519819259643555,4.271635589248035e-06,-0.9438332915306091,2.2292949197790595e-07,0.13874569535255432,-9.5641546238312e-08,-0.00745580717921257,0.13890034437179763,1.1995840293854975e-08,-0.004741935143562073,trajectory,STRAIGHT,3.6304869651794434,6.519819259642478,4.7799367166589946e-06
486,96016.687,6.533140182495117,4.2613364712451585e-06,-0.9445444941520691,2.2327159634835128e-07,0.13875147700309753,-1.1774530150887585e-07,-0.007337723392993212,0.13889988183975457,1.3191084956237063e-08,-0.004652281921359756,trajectory,STRAIGHT,3.6320438385009766,6.533140182494044,4.7799367166589946e-06
487,96016.796,6.546877384185791,4.248973709763959e-06,-0.9452683925628662,2.2334030774021086e-07,0.13875660300254822,-1.300776091284206e-07,-0.007239640224725008,0.13889947175979875,1.5714827481910187e-08,-0.004623933654281356,trajectory,STRAIGHT,3.633591651916504,6.546877384184723,4.7799367166589946e-06
488,96016.921,6.559782028198242,4.236746008245973e-06,-0.9459378123283386,2.229979286476202e-07,0.13876067101955414,-1.3118128094902204e-07,-0.007112347520887852,0.13889914631843828,1.4514748802659108e-08,-0.004537624553137054,trajectory,STRAIGHT,3.6351261138916016,6.559782028197178,4.7799367166589946e-06
489,96017.031,6.572686672210693,4.2248880163242575e-06,-0.9465959072113037,2.2286209717807577e-07,0.1387641578912735,-1.2213163813612482e-07,-0.006991468369960785,0.13889886736870058,1.5276134355927176e-08,-0.004514390141062965,trajectory,STRAIGHT,3.6366353034973145,6.572686672209635,4.7799367166589946e-06
490,96017.156,6.586007595062256,4.213990450807614e-06,-0.9472616910934448,2.2261031038144458e-07,0.13876722753047943,-1.0455999444047848e-07,-0.0068458374589681625,0.1388986217975638,1.224755351092702e-08,-0.004434454476784097,trajectory,STRAIGHT,3.638122320175171,6.586007595061201,4.7799367166589946e-06
491,96017.25,6.598912239074707,4.204980996291852e-06,-0.9478941559791565,2.2215057916623172e-07,0.13876977562904358,-8.972450871169713e-08,-0.006711677648127079,0.1388984179496784,1.0877779566304198e-08,-0.004384326550866035,trajectory,STRAIGHT,3.639580726623535,6.598912239073655,4.7799367166589946e-06
492,96017.359,6.604323863983154,4.2015849430754315e-06,-0.9481553435325623,2.2190222871099454e-07,0.13877074420452118,-8.451020505617635e-08,-0.006681137252599001,0.13889834046364008,1.0942100427788506e-08,-0.004373710404837992,trajectory,STRAIGHT,3.6410105228424072,6.604323863982103,4.7799367166589946e-06
493,96017.484,6.624721527099609,4.190317213215167e-06,-0.9491177201271057,2.2016269623812785e-07,0.13877390325069427,-7.02078892800273e-08,-0.006490304134786129,0.13889808773994594,9.810664763155657e-09,-0.0043016140584453974,trajectory,STRAIGHT,3.642407178878784,6.624721527098561,4.7799367166589946e-06
494,96017.593,6.638458728790283,4.18363970311475e-06,-0.9497540593147278,2.182944104247235e-07,0.13877560198307037,-6.534137497737902e-08,-0.006288293749094009,0.13889795184135575,1.0551275898983789e-08,-0.004285957929919663,trajectory,STRAIGHT,3.643770933151245,6.638458728789237,4.7799367166589946e-06
495,96017.703,6.652612209320068,4.177126811555354e-06,-0.9503834247589111,2.1688277075292156e-07,0.13877712190151215,-6.115887885016491e-08,-0.0060720546171069145,0.13889783024788022,8.399997375652112e-09,-0.004201582223680715,trajectory,STRAIGHT,3.645103931427002,6.652612209319024,4.7799367166589946e-06
496,96017.828,6.666349411010742,4.171575255895732e-06,-0.9509758949279785,2.1585731121921638e-07,0.13877816498279572,-5.0544347374170684e-08,-0.005902535747736692,0.1388977468013773,7.3942793752590225e-09,-0.004157882050312314,trajectory,STRAIGHT,3.6464173793792725,6.666349411009698,4.7799367166589946e-06
497,96017.937,6.679670333862305,4.167314727965277e-06,-0.9515356421470642,2.1483755139312723e-07,0.13877911865711212,-3.780585089430133e-08,-0.005750797223299742,0.13889767050743174,7.176705771669242e-09,-0.0041420337713129855,trajectory,STRAIGHT,3.6476783752441406,6.67967033386126,4.7799367166589946e-06
498,96018.046,6.6921586990356445,4.164533493167255e-06,-0.9520469903945923,2.1380587160901702e-07,0.13878001272678375,-2.368031637445256e-08,-0.0056055812165141106,0.13889759898185794,4.916483874892054e-09,-0.0040774847616901555,trajectory,STRAIGHT,3.6488990783691406,6.6921586990346,4.7799367166589946e-06
499,96018.156,6.705063343048096,4.163092398812296e-06,-0.9525629281997681,2.1285073515738804e-07,0.13878068327903748,-7.212728192484974e-09,-0.00547075318172574,0.13889754533767737,4.101590498503306e-09,-0.004062474114214436,trajectory,STRAIGHT,3.650087356567383,6.705063343047051,4.7799367166589946e-06
500,96018.281,6.717967987060547,4.163060111750383e-06,-0.9530672430992126,2.1232538760714646e-07,0.13878114521503448,5.582112994062527e-09,-0.0053448304533958435,0.13889750838279738,2.2405336119057332e-09,-0.004002219588124264,trajectory,STRAIGHT,3.650087356567383,6.717967987059501,4.7799367166589946e-06
501,96018.39,6.730456352233887,4.163918220001506e-06,-0.9535441398620605,2.1183621948051816e-07,0.1387815922498703,1.2593059928178718e-08,-0.005221134517341852,0.1388974726200104,1.9012579880828866e-09,-0.003988270424866189,trajectory,STRAIGHT,3.651242971420288,6.730456352232839,4.7799367166589946e-06
502,96018.5,6.744609832763672,4.1653406697150785e-06,-0.9540700912475586,2.1132169037639813e-07,0.1387820988893509,1.4152070626494151e-08,-0.0050735617987811565,0.1388974320888516,1.4223494504641263e-09,-0.0039306894006035245,trajectory,STRAIGHT,3.6523690223693848,6.74460983276262,4.7799367166589946e-06
503,96018.609,6.757930755615234,4.166520284343278e-06,-0.9545515179634094,2.1083742764723824e-07,0.1387825757265091,9.42063760334122e-09,-0.0049293856136500835,0.13889739394187897,1.7985136140945806e-09,-0.0038950553463364453,trajectory,STRAIGHT,3.6534647941589355,6.757930755614181,4.7799367166589946e-06
504,96018.734,6.771251678466797,4.166956387052778e-06,-0.9550182223320007,2.1042836698122942e-07,0.1387830525636673,-1.3217318350911e-09,-0.0047828578390181065,0.13889735579490647,2.9304304502729844e-09,-0.003883442349877438,trajectory,STRAIGHT,3.6545326709747314,6.771251678465742,4.7799367166589946e-06
505,96018.859,6.784572601318359,4.1660737224447075e-06,-0.9554727077484131,2.1001680381123222e-07,0.1387835294008255,-1.807543803522549e-08,-0.004659757949411869,0.13889731764793412,4.186969446047505e-09,-0.0038289295098304383,trajectory,STRAIGHT,3.6555705070495605,6.784572601317302,4.7799367166589946e-06
506,96018.953,6.7974772453308105,4.163414814684074e-06,-0.9559009671211243,2.09651042204511e-07,0.1387839913368225,-4.0037040349716335e-08,-0.004530850797891617,0.1388972806930547,6.512371359069554e-09,-0.0038178291133164994,trajectory,STRAIGHT,3.6565768718719482,6.797477245329754,4.7799367166589946e-06
507,96019.078,6.810381889343262,4.1585440158087295e-06,-0.9563168287277222,2.0954340209589465e-07,0.13878445327281952,-6.453587531041194e-08,-0.004400156904011965,0.13889724373817533,8.257631543893959e-09,-0.0037687263807672003,trajectory,STRAIGHT,3.657553195953369,6.810381889342207,4.7799367166589946e-06
508,96019.187,6.822870254516602,4.151707344135502e-06,-0.9567091464996338,2.0944150239496918e-07,0.13878490030765533,-8.718181732092489e-08,-0.004293196834623814,0.13889720797538885,1.1023466863319067e-08,-0.003757667297722672,trajectory,STRAIGHT,3.6585021018981934,6.822870254515548,4.7799367166589946e-06
509,96019.281,6.836607456207275,4.14189253206132e-06,-0.9571292400360107,2.0932941272964707e-07,0.13878539204597473,-1.1087224294215048e-07,-0.004174880217760801,0.13889716863632368,1.2474178814563549e-08,-0.003710637278071156,trajectory,STRAIGHT,3.6594181060791016,6.836607456206224,4.7799367166589946e-06
510,96019.406,6.8507609367370605,4.12939607485896e-06,-0.9575477838516235,2.0921392641404112e-07,0.13878589868545532,-1.3394334530403285e-07,-0.0040374090895056725,0.1388971281051656,1.5875739487431584e-08,-0.0037007077775509266,trajectory,STRAIGHT,3.660310745239258,6.850760936736014,4.7799367166589946e-06
511,96019.531,6.864914417266846,4.11463224736508e-06,-0.9579534530639648,2.091972025891537e-07,0.13878600299358368,-1.5488028282106825e-07,-0.0039164479821920395,0.13889711976051614,1.6487256097717823e-08,-0.0036532729912260747,trajectory,STRAIGHT,3.6611759662628174,6.864914417265805,4.7799367166589946e-06
512,96019.64,6.877819061279297,4.099511897948105e-06,-0.9583125710487366,2.0923769964503455e-07,0.13878600299358368,-1.6951129566677992e-07,-0.0038034082390367985,0.13889711976051639,1.943624311566513e-08,-0.003644360271439907,trajectory,STRAIGHT,3.6620125770568848,6.877819061278263,4.7799367166589946e-06
513,96019.75,6.890723705291748,4.0832401282386854e-06,-0.9586616158485413,2.0927819670675725e-07,0.13878600299358368,-1.7962986476049991e-07,-0.00370061956346035,0.13889711976051655,1.8587173263187303e-08,-0.003601545992760041,trajectory,STRAIGHT,3.662824869155884,6.8907237052907195,4.7799367166589946e-06
514,96019.859,6.903628349304199,4.0662371247890405e-06,-0.9590016007423401,2.0931869377420013e-07,0.13878600299358368,-1.852359474696641e-07,-0.003603189717978239,0.13889711976051664,2.1002530735085085e-08,-0.0035923411357086685,trajectory,STRAIGHT,3.66361141204834,6.903628349303178,4.7799367166589946e-06
515,96019.984,6.916949272155762,4.0483655538992025e-06,-0.9593437910079956,2.093604972046528e-07,0.13878600299358368,-1.862895686599586e-07,-0.003511377377435565,0.13889711976051666,1.928953426922011e-08,-0.0035523183184663896,trajectory,STRAIGHT,3.66361141204834,6.916949272154747,4.7799367166589946e-06
516,96020.078,6.92902135848999,4.032267497677822e-06,-0.9596465826034546,2.0939838156876781e-07,0.13878600299358368,-1.830910463240798e-07,-0.0034286673180758953,0.1388971197605166,2.0892928293157826e-08,-0.0035437955434422137,trajectory,STRAIGHT,3.664374589920044,6.929021358488983,4.7799367166589946e-06
517,96020.203,6.942342281341553,4.01504030378419e-06,-0.9599714875221252,2.0944018501084367e-07,0.13878600299358368,-1.7497852411452186e-07,-0.0033327899873256683,0.13889711976051647,1.8321203920482778e-08,-0.0035068965247033743,trajectory,STRAIGHT,3.6651148796081543,6.942342281340553,4.7799367166589946e-06
518,96020.312,6.954830646514893,3.999798991571879e-06,-0.9602683186531067,2.094793757432791e-07,0.13878600299358368,-1.6300592164952832e-07,-0.0032475353218615055,0.13889711976051627,1.9145700701008406e-08,-0.003498875341391435,trajectory,STRAIGHT,3.6658365726470947,6.954830646513898,4.7799367166589946e-06
519,96020.421,6.968567848205566,3.98451220462448e-06,-0.9605857729911804,2.0952248555500524e-07,0.13878600299358368,-1.4495473976694484e-07,-0.003156911348924041,0.13889711976051552,1.573487522379912e-08,-0.0034629494077606337,trajectory,STRAIGHT,3.666538715362549,6.968567848204579,4.7799367166589946e-06
520,96020.531,6.981056213378906,3.972373178839916e-06,-0.9608668088912964,2.0956167629856304e-07,0.13878600299358368,-1.241070322066662e-07,-0.0030741302762180567,0.1388971197605152,1.5539239364319834e-08,-0.0034555200985713144,trajectory,STRAIGHT,3.6672191619873047,6.981056213377922,4.7799367166589946e-06
521,96020.656,6.994377136230469,3.961701168009313e-06,-0.9611585140228271,2.096034552831671e-07,0.13878600299358368,-9.824246660627978e-08,-0.0029896439518779516,0.13889711976051475,1.1528833720618567e-08,-0.003421411438083085,trajectory,STRAIGHT,3.6678802967071533,6.994377136229488,4.7799367166589946e-06
522,96020.765,7.007698059082031,3.953290615754668e-06,-0.9614421725273132,2.0964532532128816e-07,0.13878600299358368,-7.776980481821738e-08,-0.0029066733550280333,0.13889711976051441,9.665386467399546e-09,-0.0034010561193310897,trajectory,STRAIGHT,3.6685218811035156,7.007698059081053,4.7799367166589946e-06
523,96020.875,7.021018981933594,3.946614924643654e-06,-0.961717963218689,2.0968719537516922e-07,0.13878600299358368,-6.210733261013957e-08,-0.0028268098831176758,0.13889711976051414,9.355614144691485e-09,-0.003393655662515131,trajectory,STRAIGHT,3.66914439201355,7.021018981932618,4.7799367166589946e-06
524,96021.0,7.034756183624268,3.9410592762578744e-06,-0.9619945287704468,2.0973037388474051e-07,0.13878600299358368,-5.0992266409366493e-08,-0.0027476504910737276,0.13889711976051342,7.247350368866622e-09,-0.0033615922884334135,trajectory,STRAIGHT,3.6697494983673096,7.034756183623292,4.7799367166589946e-06
525,96021.093,7.048909664154053,3.936215307476232e-06,-0.9622716307640076,2.0977486085160394e-07,0.13878600299358368,-4.488954985504279e-08,-0.0026711937971413136,0.13889711976051333,6.697121768041873e-09,-0.0033417085278009406,trajectory,STRAIGHT,3.6703357696533203,7.048909664153078,4.7799367166589946e-06
526,96021.218,7.062646865844727,3.931849732907722e-06,-0.9625316262245178,2.0981803939529523e-07,0.1387864351272583,-4.41582912458216e-08,-0.002585591282695532,0.13889708518981936,7.359639726760028e-09,-0.0033355569559310903,trajectory,STRAIGHT,3.670907497406006,7.062646865843753,4.7799367166589946e-06
527,96021.328,7.075551509857178,3.9275932977034245e-06,-0.9627690315246582,2.0973635852380557e-07,0.13878656923770905,-4.813020737515217e-08,-0.0025145774707198143,0.13889707446098334,6.883572673427065e-09,-0.003305781510239455,trajectory,STRAIGHT,3.6714606285095215,7.075551509856204,4.7799367166589946e-06
528,96021.421,7.088039875030518,3.9229271351359785e-06,-0.9629926085472107,2.097989267215492e-07,0.13878656923770905,-5.62542936677346e-08,-0.0024508386850357056,0.13889707446098348,8.256639006863713e-09,-0.0032997017619665592,trajectory,STRAIGHT,3.6719958782196045,7.088039875029545,4.7799367166589946e-06
529,96021.546,7.100944519042969,3.917200501746265e-06,-0.9632180333137512,2.1004363129516127e-07,0.13878656923770905,-6.708744137995382e-08,-0.0023905644193291664,0.13889707446098368,8.518340819116275e-09,-0.0032730087257815555,trajectory,STRAIGHT,3.672518014907837,7.100944519041997,4.7799367166589946e-06
530,96021.671,7.114265441894531,3.91017510992242e-06,-0.9634453058242798,2.104610974810417e-07,0.13878656923770905,-7.945381952367825e-08,-0.0023326794616878033,0.13889707446098387,1.0453971059919148e-08,-0.003266275896866436,trajectory,STRAIGHT,3.672518014907837,7.114265441893562,4.7799367166589946e-06
531,96021.781,7.126753807067871,3.902460775861982e-06,-0.9636533260345459,2.1085247204256108e-07,0.13878656923770905,-9.21394445185797e-08,-0.002277009654790163,0.13889707446098412,1.0707851075041474e-08,-0.0032404485641846703,trajectory,STRAIGHT,3.673022508621216,7.126753807066904,4.7799367166589946e-06
532,96021.875,7.139242172241211,3.893557277478976e-06,-0.9638559222221375,2.1122973221701966e-07,0.13878656923770905,-1.0587136500816996e-07,-0.0022176860366016626,0.13889707446098437,1.292747976611094e-08,-0.0032350646442601727,trajectory,STRAIGHT,3.6735150814056396,7.139242172240246,4.7799367166589946e-06
533,96021.984,7.151730537414551,3.883446879626717e-06,-0.9640530943870544,2.1135568875634143e-07,0.13878656923770905,-1.1827570745026605e-07,-0.0021591840777546167,0.1388970744609855,1.3071115904089376e-08,-0.0032118542404645234,trajectory,STRAIGHT,3.673992395401001,7.15173053741359,4.7799367166589946e-06
534,96022.109,7.164635181427002,3.871981334668817e-06,-0.9642512798309326,2.1146888321018987e-07,0.13878656923770905,-1.277636130225801e-07,-0.002101564547047019,0.13889707446098568,1.52396746169935e-08,-0.0032065545307272225,trajectory,STRAIGHT,3.6744589805603027,7.164635181426045,4.7799367166589946e-06
535,96022.218,7.1779561042785645,3.859385742543964e-06,-0.964451014995575,2.1158572909847242e-07,0.13878656923770905,-1.3400757836734556e-07,-0.002051837043836713,0.1388970744609858,1.4599553205724389e-08,-0.0031831841002995767,trajectory,STRAIGHT,3.6749095916748047,7.177956104277612,4.7799367166589946e-06
536,96022.343,7.19210958480835,3.845545052172383e-06,-0.9646580815315247,2.1170987785523046e-07,0.13878656923770905,-1.366902182553531e-07,-0.001998082734644413,0.13889707446098584,1.495711379502949e-08,-0.003168359878287552,trajectory,STRAIGHT,3.675347328186035,7.192109584807403,4.7799367166589946e-06
537,96022.453,7.205014228820801,3.832858055830002e-06,-0.9648417830467224,2.1182307231035488e-07,0.13878656923770905,-1.3558782541167602e-07,-0.0019466682570055127,0.13889707446098581,1.640106968959823e-08,-0.0031632879607387766,trajectory,STRAIGHT,3.6757736206054688,7.205014228819858,4.7799367166589946e-06
538,96022.546,7.218751430511475,3.819645371549996e-06,-0.9650331139564514,2.1194356963404194e-07,0.13878656923770905,-1.3069492865724897e-07,-0.0019290767377242446,0.13889707446098573,1.4409157816642415e-08,-0.0031379684117839213,trajectory,STRAIGHT,3.6761884689331055,7.218751430510537,4.7799367166589946e-06
539,96022.671,7.23290491104126,3.8067410059738904e-06,-0.9652296900749207,2.120677183922792e-07,0.13878656923770905,-1.2164198892605782e-07,-0.001931757666170597,0.1388970744609856,1.526464291233163e-08,-0.003127925131584751,trajectory,STRAIGHT,3.6765921115875244,7.232904911040327,4.7799367166589946e-06
540,96022.796,7.247058391571045,3.7949678244331153e-06,-0.9654262661933899,2.121918671510171e-07,0.13878656923770905,-1.0851746878870472e-07,-0.0019365849439054728,0.13889707446098537,1.2502576628292277e-08,-0.0031006754583950144,trajectory,STRAIGHT,3.6769866943359375,7.247058391570116,4.7799367166589946e-06
541,96022.906,7.259963035583496,3.7855704704270465e-06,-0.9656071066856384,2.1230506160795732e-07,0.13878656923770905,-9.300244130372448e-08,-0.0019409585511311889,0.1388970744609851,1.2465179507797016e-08,-0.0030912835452045306,trajectory,STRAIGHT,3.677379608154297,7.259963035582571,4.7799367166589946e-06
542,96023.031,7.27370023727417,3.7773327221657382e-06,-0.965799868106842,2.1242555893354713e-07,0.13878656923770905,-7.27670936839786e-08,-0.0019451543921604753,0.13889707446098476,9.283451026445734e-09,-0.003064735801680544,trajectory,STRAIGHT,3.6777734756469727,7.273700237273246,4.7799367166589946e-06
543,96023.14,7.287021160125732,3.7714032714575296e-06,-0.9659867882728577,2.125401132183238e-07,0.13878656923770905,-5.1941171363978356e-08,-0.0019487421959638596,0.1388970744609844,7.3797234476833054e-09,-0.0030466377765365434,trajectory,STRAIGHT,3.6781694889068604,7.2870211601248105,4.7799367166589946e-06
544,96023.25,7.299925804138184,3.7670793062716257e-06,-0.9661678671836853,2.120850732728262e-07,0.13878656923770905,-4.1833303043858905e-08,-0.0019519820343703032,0.13889707446098423,7.3170243024749796e-09,-0.003037324643922646,trajectory,STRAIGHT,3.6785664558410645,7.2999258041372626,4.7799367166589946e-06
545,96023.359,7.313246726989746,3.763373115361901e-06,-0.9663547873497009,2.1160079958887695e-07,0.13878656923770905,-3.617012467316272e-08,-0.001954972045496106,0.13889707446098412,5.943916147717372e-09,-0.003011578994430152,trajectory,STRAIGHT,3.6785664558410645,7.313246726988825,4.7799367166589946e-06
546,96023.484,7.326151371002197,3.7600855193886673e-06,-0.9665363430976868,2.1113165946223074e-07,0.13878656923770905,-3.5270357301442345e-08,-0.001957580680027604,0.13889707446098412,5.81393917855341e-09,-0.0029940840386547874,trajectory,STRAIGHT,3.6789634227752686,7.326151371001276,4.7799367166589946e-06
547,96023.593,7.33947229385376,3.7565557704510866e-06,-0.9667251706123352,2.1064738578795638e-07,0.13878656923770905,-3.907594958718619e-08,-0.0019600135274231434,0.13889707446098418,6.794388787611797e-09,-0.0029844480351307223,trajectory,STRAIGHT,3.6793606281280518,7.339472293852839,4.7799367166589946e-06
548,96023.703,7.353209495544434,3.752285238078912e-06,-0.9669198989868164,2.1014797856642267e-07,0.13878656923770905,-4.803778708151185e-08,-0.00196227733977139,0.13889707446098337,6.941958800735222e-09,-0.002958265371147626,trajectory,STRAIGHT,3.6797592639923096,7.3532094955435126,4.7799367166589946e-06
549,96023.843,7.36777925491333,3.746608172150445e-06,-0.9671264290809631,2.1044483531176272e-07,0.13878656923770905,-5.858160534444323e-08,-0.0019644550047814846,0.13889707446098357,7.867715743497392e-09,-0.002939213283225656,trajectory,STRAIGHT,3.6801581382751465,7.367779254912411,4.7799367166589946e-06
550,96023.953,7.381100177764893,3.7409781725727953e-06,-0.9673152565956116,2.1062273138964227e-07,0.13878656923770905,-5.671466141166093e-08,-0.00196612486615777,0.13889707446098354,7.701480681916073e-09,-0.002920568683719963,trajectory,STRAIGHT,3.6805601119995117,7.381100177763974,4.7799367166589946e-06
551,96024.062,7.394421100616455,3.7359741327236407e-06,-0.96750408411026,2.0974398140646733e-07,0.13878656923770905,-4.7439222328193864e-08,-0.001967740710824728,0.13889707446098337,7.816195606257413e-09,-0.0029109980404141843,trajectory,STRAIGHT,3.6809608936309814,7.394421100615538,4.7799367166589946e-06
552,96024.171,7.407325744628906,3.7319846342143137e-06,-0.9676870107650757,2.087465074746823e-07,0.13878656923770905,-3.8351526399083014e-08,-0.001969142584130168,0.13889707446098318,6.1538962218397065e-09,-0.002885155082630588,trajectory,STRAIGHT,3.6813619136810303,7.407325744627989,4.7799367166589946e-06
553,96024.281,7.419814109802246,3.7289287320163567e-06,-0.9678640365600586,2.0799419900257576e-07,0.13878656923770905,-2.9557218894638027e-08,-0.0019703649450093508,0.138897074460984,5.314493433758331e-09,-0.002868172898846624,trajectory,STRAIGHT,3.6817638874053955,7.419814109801329,4.7799367166589946e-06
554,96024.406,7.433135032653809,3.726541535797878e-06,-0.968052864074707,2.0798899786288073e-07,0.13878656923770905,-2.0176898374302255e-08,-0.001971527701243758,0.13889707446098384,5.0803038241594185e-09,-0.0028586385026154494,trajectory,STRAIGHT,3.682163953781128,7.433135032652891,4.7799367166589946e-06
555,96024.515,7.446455955505371,3.7250549667078303e-06,-0.9682416915893555,2.076552132939115e-07,0.13878656923770905,-1.0796878058272341e-08,-0.001972401048988104,0.1388970744609837,3.627981889155332e-09,-0.0028330610487344444,trajectory,STRAIGHT,3.682565927505493,7.446455955504453,4.7799367166589946e-06
556,96024.625,7.459360599517822,3.7244733448460465e-06,-0.9684246182441711,2.0733185949272355e-07,0.13878656923770905,-1.7102601557184016e-09,-0.0019731083884835243,0.13889707446098354,3.2550834968862293e-09,-0.0028238581288340266,trajectory,STRAIGHT,3.6829674243927,7.459360599516902,4.7799367166589946e-06
557,96024.734,7.473514080047607,3.724807129401597e-06,-0.9686252474784851,2.069772133881958e-07,0.13878656923770905,8.25539192561564e-09,-0.001973884180188179,0.13889707446098337,1.9326521853507085e-09,-0.0027974392610282807,trajectory,STRAIGHT,3.6833672523498535,7.4735140800466855,4.7799367166589946e-06
558,96024.859,7.48683500289917,3.72604995391157e-06,-0.9688140749931335,2.0664342881922946e-07,0.13878656923770905,1.7634524951404273e-08,-0.001974477432668209,0.1388970744609832,1.3625072599402218e-09,-0.0027879504250974563,trajectory,STRAIGHT,3.683769941329956,7.486835002898246,4.7799367166589946e-06
559,96024.968,7.500572204589844,3.728274350578431e-06,-0.9690088033676147,2.0629921348248393e-07,0.13878656923770905,2.730645221049599e-08,-0.00197495985776186,0.13889707446098307,2.013878866261965e-10,-0.0027610726723381242,trajectory,STRAIGHT,3.684170722961426,7.500572204588917,4.7799367166589946e-06
560,96025.078,7.512644290924072,3.731019887709408e-06,-0.9691799283027649,2.0599672121685987e-07,0.13878656923770905,3.5805772569119654e-08,-0.0019753717351704836,0.13889707446098293,-4.779552971168063e-10,-0.002752483475387927,trajectory,STRAIGHT,3.684572458267212,7.512644290923142,4.7799367166589946e-06
561,96025.187,7.525965213775635,3.7349075228121364e-06,-0.9693687558174133,2.056629366478963e-07,0.13878656923770905,4.518404139730592e-08,-0.001975826220586896,0.13889707446098273,-1.412686082172963e-09,-0.002726939530493156,trajectory,STRAIGHT,3.6849727630615234,7.525965213774701,4.7799367166589946e-06
562,96025.296,7.539286136627197,3.73969555766962e-06,-0.9695575833320618,2.053291520789337e-07,0.13878656923770905,5.456202956111156e-08,-0.0019762807060033083,0.13889707446098257,-2.3389834017919474e-09,-0.0027174617959274216,trajectory,STRAIGHT,3.6849727630615234,7.53928613662626,4.7799367166589946e-06
563,96025.406,7.551774501800537,3.745002004507114e-06,-0.9697346091270447,2.0501622904553212e-07,0.13878656923770905,6.335360325238071e-08,-0.00197668862529099,0.13889707446098243,-3.0353289617387353e-09,-0.0026919933974568844,trajectory,STRAIGHT,3.6853737831115723,7.551774501799596,4.7799367166589946e-06
564,96025.531,7.5650954246521,3.7515344502025982e-06,-0.9699244499206543,2.0468244447657128e-07,0.13878656923770905,7.273102653471142e-08,-0.0019769880454987288,0.1388970744609823,-4.136855859357208e-09,-0.002682477404159784,trajectory,STRAIGHT,3.685776710510254,7.565095424651153,4.7799367166589946e-06
565,96025.64,7.578832626342773,3.759213768717018e-06,-0.9701211452484131,2.0437340115905518e-07,0.13878656923770905,8.240117921332057e-08,-0.0019772150553762913,0.1388970744609821,-4.779227338338081e-09,-0.002656513769165637,trajectory,STRAIGHT,3.68617582321167,7.578832626341821,4.7799367166589946e-06
566,96025.765,7.591737270355225,3.76729963136313e-06,-0.9703059196472168,2.0497966468646777e-07,0.13878656923770905,9.148496360467107e-08,-0.001977433217689395,0.13889707446098196,-6.103059611504262e-09,-0.002647257596240403,trajectory,STRAIGHT,3.6865789890289307,7.591737270354267,4.7799367166589946e-06
567,96025.875,7.605058193206787,3.776532366828178e-06,-0.970496654510498,2.0686702251278223e-07,0.13878656923770905,1.0086149160315472e-07,-0.001977636246010661,0.13889707446098182,-6.6085335452082155e-09,-0.002620952615680929,trajectory,STRAIGHT,3.686983823776245,7.6050581932058225,4.7799367166589946e-06
568,96025.984,7.619211673736572,3.7873285236855736e-06,-0.9706993103027344,2.097901669930066e-07,0.13878656923770905,1.1082369866244335e-07,-0.001977905398234725,0.13889707446098162,-8.444164785611444e-09,-0.002610798293891188,trajectory,STRAIGHT,3.687389373779297,7.619211673735601,4.7799367166589946e-06
569,96026.109,7.632948875427246,3.7987790619808948e-06,-0.9708960056304932,2.1377807380855608e-07,0.13878656923770905,1.20492529731564e-07,-0.0019781645387411118,0.13889707446098049,-8.51601360254581e-09,-0.0025836673012852615,trajectory,STRAIGHT,3.6877949237823486,7.632948875426266,4.7799367166589946e-06
570,96026.218,7.645853519439697,3.8104074064904125e-06,-0.9710807800292969,2.1852181347728532e-07,0.13878656923770905,1.295750706731269e-07,-0.0019783854950219393,0.1388970744609803,-1.0538644715329409e-08,-0.0025744109048426098,trajectory,STRAIGHT,3.688199043273926,7.6458535194387105,4.7799367166589946e-06
571,96026.343,7.65917444229126,3.823297447524965e-06,-0.9712715148925781,2.24347018641969e-07,0.13878656923770905,1.3891791184050817e-07,-0.001978595508262515,0.13889707446098037,-1.019519839155064e-08,-0.002548105365489658,trajectory,STRAIGHT,3.6886045932769775,7.659174442290264,4.7799367166589946e-06
572,96026.453,7.672495365142822,3.836815722024767e-06,-0.9714622497558594,2.3085094837271623e-07,0.13878656923770905,1.39245500463403e-07,-0.001978836255148053,0.13889707446098049,-1.027122480238471e-08,-0.002530173365009928,trajectory,STRAIGHT,3.6890106201171875,7.672495365141818,4.7799367166589946e-06
573,96026.562,7.686648845672607,3.8502466850331984e-06,-0.9716649055480957,2.3770728539859645e-07,0.13878656923770905,1.2378002622881468e-07,-0.0019789973739534616,0.13889707446098074,-1.0641019650355747e-08,-0.002520027685893679,trajectory,STRAIGHT,3.6894149780273438,7.686648845671594,4.7799367166589946e-06
574,96026.687,7.700386047363281,3.861576715280535e-06,-0.9718616008758545,2.409837373694711e-07,0.13878656923770905,1.0535713812487302e-07,-0.0019787249621003866,0.13889707446098154,-6.8825505592420776e-09,-0.00249293921747651,trajectory,STRAIGHT,3.6898205280303955,7.70038604736226,4.7799367166589946e-06
575,96026.796,7.714123249053955,3.870899035973707e-06,-0.9720582962036133,2.4335109625207433e-07,0.13878656923770905,8.148889207859611e-08,-0.0019788339268416166,0.138897074460982,-4.651873913254135e-09,-0.0024744579864205006,trajectory,STRAIGHT,3.690225839614868,7.714123249052927,4.7799367166589946e-06
576,96026.906,7.72827672958374,3.877560175169492e-06,-0.9722609519958496,2.4579019319631385e-07,0.13878656923770905,4.7535685610000655e-08,-0.001978987827897072,0.13889707446098268,-2.46733058996644e-09,-0.0024643128847242476,trajectory,STRAIGHT,3.69063138961792,7.728276729582706,4.7799367166589946e-06
577,96027.031,7.742013931274414,3.880263648170512e-06,-0.9724576473236084,2.4815752568635746e-07,0.13878656923770905,5.975604899788323e-09,-0.001979003194719553,0.13889707446098348,2.1110445866941232e-09,-0.0024369396440892155,trajectory,STRAIGHT,3.69103741645813,7.742013931273377,4.7799367166589946e-06
578,96027.156,7.7565836906433105,3.87872341889306e-06,-0.9726662635803223,2.477944294192625e-07,0.13878656923770905,-3.353015287643757e-08,-0.00197898643091321,0.1388970744609843,5.818338060723521e-09,-0.0024265101723580295,trajectory,STRAIGHT,3.691441535949707,7.756583690642272,4.7799367166589946e-06
579,96027.281,7.770320892333984,3.873910372931277e-06,-0.972862958908081,2.41948204747628e-07,0.13878656923770905,-6.245599593057705e-08,-0.00197898643091321,0.1388970744609841,9.08110876813116e-09,-0.002398876411144849,trajectory,STRAIGHT,3.6918487548828125,7.770320892332946,4.7799367166589946e-06
580,96027.39,7.784058094024658,3.866612587444251e-06,-0.9730596542358398,2.3129770685411184e-07,0.13878656923770905,-8.353767810831414e-08,-0.00197898643091321,0.13889707446098418,1.1363662128230415e-08,-0.0023804038972681384,trajectory,STRAIGHT,3.6922528743743896,7.784058094023623,4.7799367166589946e-06
581,96027.578,7.796962738037109,3.858314812532626e-06,-0.9732444286346436,2.2027364379510944e-07,0.13878656923770905,-9.302131331878627e-08,-0.00197898643091321,0.1388970744609849,1.210382602368086e-08,-0.0023625274298392485,trajectory,STRAIGHT,3.692657947540283,7.796962738036076,4.7799367166589946e-06
582,96027.734,7.823604583740234,3.84079294235562e-06,-0.973625898361206,2.032107973556818e-07,0.13878656923770905,-8.611955593096354e-08,-0.001981806242838502,0.13889707446098462,1.5340081655719723e-08,-0.0023432283585571004,trajectory,STRAIGHT,3.6934690475463867,7.823604583739207,4.7799367166589946e-06
583,96027.843,7.8365092277526855,3.833220489468658e-06,-0.9738106727600098,2.001469220127093e-07,0.13878656923770905,-7.637206778099426e-08,-0.0019817142747342587,0.1388970744609847,9.653897095319248e-09,-0.002309130753294605,trajectory,STRAIGHT,3.6938741207122803,7.83650922775166,4.7799367166589946e-06
584,96027.968,7.850662708282471,3.826038664556108e-06,-0.9740133285522461,1.9923083746646892e-07,0.13878656923770905,-6.608675562347344e-08,-0.001981459092348814,0.13889707446098454,9.911490653498255e-09,-0.002299018378273624,trajectory,STRAIGHT,3.6938741207122803,7.850662708281447,4.7799367166589946e-06
585,96028.093,7.864816188812256,3.8189368751773145e-06,-0.9742159843444824,1.9870921979125555e-07,0.13878656923770905,-7.59351337364933e-08,-0.001981206703931093,0.1388970744609845,9.324647782918902e-09,-0.0022718920346816965,trajectory,STRAIGHT,3.6942787170410156,7.864816188811234,4.7799367166589946e-06
586,96028.203,7.876471996307373,3.812424665738945e-06,-0.9743828773498535,1.983676236504265e-07,0.13878656923770905,-7.74574075990131e-08,-0.001981093781068921,0.13889707446098448,9.315647604036343e-09,-0.002254656920829525,trajectory,STRAIGHT,3.6946845054626465,7.8764719963063525,4.7799367166589946e-06
587,96028.296,7.888544082641602,3.8058965401432943e-06,-0.9745557308197021,1.9786067149108598e-07,0.13878656923770905,-7.146793734591483e-08,-0.0019810812082141638,0.13889707446098437,9.772637324371622e-09,-0.002246015253165474,trajectory,STRAIGHT,3.69508957862854,7.888544082640583,4.7799367166589946e-06
588,96028.406,7.901032447814941,3.80000778932299e-06,-0.9747345447540283,1.9738558065744728e-07,0.13878656923770905,-5.876163200468909e-08,-0.001981097972020507,0.13889707446098418,7.775374451404898e-09,-0.0022221534696822576,trajectory,STRAIGHT,3.695495843887329,7.901032447813924,4.7799367166589946e-06
589,96028.515,7.913520812988281,3.795195880229585e-06,-0.9749133586883545,1.979414143782618e-07,0.13878656923770905,-4.780795848091657e-08,-0.001981097972020507,0.13889707446098398,7.578750099192871e-09,-0.002213212772965949,trajectory,STRAIGHT,3.6959009170532227,7.913520812987265,4.7799367166589946e-06
590,96028.64,7.926425457000732,3.7913953292445512e-06,-0.9750981330871582,1.9856430944703645e-07,0.13878656923770905,-3.336223386440906e-08,-0.001981097972020507,0.13889707446098376,5.447629215974606e-09,-0.002188269057591712,trajectory,STRAIGHT,3.696305990219116,7.926425456999716,4.7799367166589946e-06
591,96028.734,7.940578937530518,3.788932872339501e-06,-0.9753007888793945,1.9924754768130868e-07,0.13878656923770905,-1.5569790789982108e-08,-0.001981097972020507,0.13889707446098348,4.492627903629186e-09,-0.0021781362679798954,trajectory,STRAIGHT,3.696711778640747,7.940578937529501,4.7799367166589946e-06
592,96028.859,7.954732418060303,3.787595005633193e-06,-0.9755034446716309,1.999308943433939e-07,0.13878656923770905,-1.4517258506430153e-08,-0.001981097972020507,0.13889707446098354,3.729622319819508e-09,-0.002150989733314483,trajectory,STRAIGHT,3.697115898132324,7.954732418059285,4.7799367166589946e-06
593,96028.984,7.968053340911865,3.7854010770388413e-06,-0.9756941795349121,2.0057404409273926e-07,0.13878656923770905,-3.4604923371261975e-08,-0.001981097972020507,0.13889707446098384,5.766947654768111e-09,-0.0021414529901504207,trajectory,STRAIGHT,3.697521686553955,7.9680533409108465,4.7799367166589946e-06
594,96029.093,7.981790542602539,3.7800696190970484e-06,-0.9758908748626709,2.0123729222108885e-07,0.13878656923770905,-7.672797863733649e-08,-0.001981097972020507,0.13889707446094418,-1.7560638953490898e-07,-0.0021143427287850726,trajectory,GOAL_DIRECT,3.6979267597198486,7.981790542601521,4.7799367166589946e-06
595,96029.203,7.99469518661499,3.7703223370044725e-06,-0.9760756492614746,2.0186034344601958e-07,0.13878656923770905,-1.360989614340724e-07,-0.001981097972020507,0.13889707446094515,-1.6967602064777404e-07,-0.002105104008844887,trajectory,GOAL_DIRECT,3.698331117630005,7.994695186613976,4.7799367166589946e-06
596,96029.312,8.007608413696289,3.7541615256486693e-06,-0.9762604236602783,2.0248339462531276e-07,0.13878656923770905,-2.146519904044908e-07,-0.001981097972020507,0.13889707446094632,-1.63781922419967e-07,-0.0020791132937749914,trajectory,GOAL_DIRECT,3.6987380981445312,8.00760841369528,4.7799367166589946e-06
597,96029.437,8.020527839660645,3.7298038932931377e-06,-0.976445198059082,2.0314866140914328e-07,0.13878656923770905,-3.1208296036311367e-07,-0.001980891916900873,0.1388970744609468,-1.5499006099753312e-07,-0.0020617768106034984,trajectory,GOAL_DIRECT,3.6991424560546875,8.020527839659648,4.7799367166589946e-06
598,96029.531,8.03386402130127,3.6949938930774806e-06,-0.9766359329223633,2.0401665319567322e-07,0.13878656923770905,-4.1009565165950335e-07,-0.001980733359232545,0.13889707446094843,-1.4347200589269974e-07,-0.002052252752052902,trajectory,GOAL_DIRECT,3.6991424560546875,8.033864021300289,4.7799367166589946e-06
599,96029.671,8.047200202941895,3.651640327007044e-06,-0.9768266677856445,2.048846450251311e-07,0.13878656923770905,-4.90075251491362e-07,-0.0019807235803455114,0.13889707446095087,-1.3760710481588045e-07,-0.002026226545994039,trajectory,GOAL_DIRECT,3.6995484828948975,8.047200202940935,4.7799367166589946e-06
600,96029.781,8.06011962890625,3.6031271974934498e-06,-0.9770114421844482,2.057231668548681e-07,0.13878656923770905,-5.503575835064112e-07,-0.0019807235803455114,0.138897074460953,-1.3117625643870553e-07,-0.0020086118284889675,trajectory,GOAL_DIRECT,3.699954032897949,8.060119628905316,4.7799367166589946e-06
601,96029.89,8.073455810546875,3.548235326888971e-06,-0.9772021770477295,2.056474337438918e-07,0.13878656923770905,-5.878635533917986e-07,-0.0019807375501841307,0.13889707446095362,-1.2240570202521958e-07,-0.0019990739677378153,trajectory,GOAL_DIRECT,3.7003581523895264,8.073455810545966,4.7799367166589946e-06
602,96030.015,8.0867919921875,3.4910622161987703e-06,-0.9773929119110107,2.051629667456277e-07,0.13878656923770905,-5.991995521981153e-07,-0.0019807375501841307,0.1388970744609552,-1.2322519917841455e-07,-0.001973046979367989,trajectory,GOAL_DIRECT,3.7007641792297363,8.086791992186619,4.7799367166589946e-06
603,96030.125,8.099294662475586,3.4374793358438183e-06,-0.9775717258453369,2.047839547768456e-07,0.13878656923770905,-5.879884952264547e-07,-0.0019807375501841307,0.13889707446095526,-1.2257183786945138e-07,-0.001955730285086856,trajectory,GOAL_DIRECT,3.701169013977051,8.09929466247473,4.7799367166589946e-06
604,96030.25,8.11346435546875,3.3791500300139887e-06,-0.9777743816375732,2.0539640418401918e-07,0.13878656923770905,-5.53099539502e-07,-0.0019807375501841307,0.1388970744609547,-1.1929266258075864e-07,-0.0019455974954750398,trajectory,GOAL_DIRECT,3.7015748023986816,8.113464355467922,4.7799367166589946e-06
605,96030.359,8.126383781433105,3.329625997139374e-06,-0.977959156036377,2.0744683450649968e-07,0.13878656923770905,-5.11712528350472e-07,-0.0019807375501841307,0.1388970744609556,-1.2576581187455714e-07,-0.001919606780405272,trajectory,GOAL_DIRECT,3.7019803524017334,8.126383781432299,4.7799367166589946e-06
606,96030.484,8.14055347442627,3.2800985536596272e-06,-0.9781618118286133,2.0936266442252988e-07,0.13878656923770905,-4.6207128434616607e-07,-0.0019807375501841307,0.13889707446095484,-1.24655543111441e-07,-0.0019094739907934556,trajectory,GOAL_DIRECT,3.7023847103118896,8.140553474425484,4.7799367166589946e-06
607,96030.593,8.154306411743164,3.2359466786147095e-06,-0.9783585071563721,2.1018051214546173e-07,0.13878656923770905,-4.282009342659876e-07,-0.0019807375501841307,0.1388970744609554,-1.3067527461833083e-07,-0.0018826254793518592,trajectory,GOAL_DIRECT,3.7027907371520996,8.1543064117424,4.7799367166589946e-06
608,96030.718,8.16722583770752,3.198152853656211e-06,-0.9785432815551758,2.1070223259881973e-07,0.13878656923770905,-3.8687863934683264e-07,-0.0019807375501841307,0.1388970744609547,-1.2997512242967566e-07,-0.0018733867594116736,trajectory,GOAL_DIRECT,3.7031960487365723,8.16722583770677,4.7799367166589946e-06
609,96030.828,8.181395530700684,3.160889718856197e-06,-0.9787459373474121,2.1173509080231783e-07,0.13878656923770905,-3.4043023333651945e-07,-0.0019807375501841307,0.13889707446095517,-1.3618237830005956e-07,-0.001846501974670275,trajectory,GOAL_DIRECT,3.7036020755767822,8.181395530699952,4.7799367166589946e-06
610,96030.937,8.195565223693848,3.1287158890336286e-06,-0.9789485931396484,2.113169592948994e-07,0.13878656923770905,-2.93211314783548e-07,-0.0019807375501841307,0.13889707446095437,-1.364065009700543e-07,-0.0018363691850584586,trajectory,GOAL_DIRECT,3.7040069103240967,8.195565223693128,4.7799367166589946e-06
611,96031.046,8.209734916687012,3.100128196820151e-06,-0.9791512489318848,2.10464425429725e-07,0.13878656923770905,-2.7014934289582015e-07,-0.0019807375501841307,0.1388970744609552,-1.4058962859431513e-07,-0.00180843740062134,trajectory,GOAL_DIRECT,3.704411268234253,8.209734916686305,4.7799367166589946e-06
612,96031.171,8.223904609680176,3.074123242186033e-06,-0.9793539047241211,2.1039828941661775e-07,0.13878656923770905,-2.3937417381603154e-07,-0.0019807375501841307,0.13889707446095467,-1.4014723315517277e-07,-0.0017983046110095235,trajectory,GOAL_DIRECT,3.704817771911621,8.22390460967948,4.7799367166589946e-06
613,96031.296,8.23765754699707,3.051664407394128e-06,-0.9795506000518799,2.1201452217233237e-07,0.13878656923770905,-2.1595491261905408e-07,-0.0019807375501841307,0.13889707446095462,-1.440112998916982e-07,-0.001770670849796343,trajectory,GOAL_DIRECT,3.7052226066589355,8.237657546996381,4.7799367166589946e-06
614,96031.421,8.250993728637695,3.0317903565446613e-06,-0.9797413349151611,2.1451470522095765e-07,0.13878656923770905,-2.008179791346265e-07,-0.0019807375501841307,0.13889707446095328,-1.4535130200869757e-07,-0.0017524963591435093,trajectory,GOAL_DIRECT,3.7056286334991455,8.250993728637013,4.7799367166589946e-06
615,96031.531,8.26432991027832,3.013303512489074e-06,-0.9799320697784424,2.1666009956045727e-07,0.13878656923770905,-1.8171631666064059e-07,-0.0019807375501841307,0.13889707446095298,-1.449296669003427e-07,-0.0017429596159794468,trajectory,GOAL_DIRECT,3.706033229827881,8.264329910277645,4.7799367166589946e-06
616,96031.64,8.278082847595215,2.9968680337333353e-06,-0.9801287651062012,2.182951043042067e-07,0.13878656923770905,-1.5123045216114406e-07,-0.0019807375501841307,0.13889707446095317,-1.4970387431600938e-07,-0.0017163728544618583,trajectory,GOAL_DIRECT,3.7064385414123535,8.278082847594547,4.7799367166589946e-06
617,96031.75,8.29141902923584,2.9831999199814163e-06,-0.9803194999694824,2.18088010690465e-07,0.13878656923770905,-1.366938704450149e-07,-0.0019807375501841307,0.13889707446095292,-1.4919101814383444e-07,-0.0017068361112977958,trajectory,GOAL_DIRECT,3.706843614578247,8.291419029235175,4.7799367166589946e-06
618,96031.859,8.304338455200195,2.9701463972742204e-06,-0.9805042743682861,2.1761903396675785e-07,0.13878656923770905,-1.487177456738209e-07,-0.0019807375501841307,0.1388970744609531,-1.4974602227551374e-07,-0.00168058364630402,trajectory,GOAL_DIRECT,3.706843614578247,8.304338455199536,4.7799367166589946e-06
619,96031.984,8.31767463684082,2.9544598874053918e-06,-0.9806950092315674,2.1794721290903201e-07,0.13878656923770905,-1.75831672777349e-07,-0.0019807375501841307,0.13889707446095356,-1.4574634891791955e-07,-0.0016710469031399576,trajectory,GOAL_DIRECT,3.707249879837036,8.317674636840167,4.7799367166589946e-06
620,96032.109,8.331427574157715,2.936621740445844e-06,-0.9808917045593262,2.183001643876891e-07,0.13878656923770905,-1.8003017032697244e-07,-0.0019807375501841307,0.13889707446095373,-1.4614449898558667e-07,-0.0016447218915462546,trajectory,GOAL_DIRECT,3.7076544761657715,8.331427574157068,4.7799367166589946e-06
621,96032.218,8.34476375579834,2.9201012239354895e-06,-0.9810824394226074,2.1889604794570285e-07,0.13878656923770905,-1.635944499867037e-07,-0.0019807375501841307,0.13889707446095453,-1.4726455552146915e-07,-0.0016265474008934876,trajectory,GOAL_DIRECT,3.708059072494507,8.3447637557977,4.7799367166589946e-06
622,96032.328,8.358099937438965,2.9050952434772626e-06,-0.9812731742858887,2.198887013223581e-07,0.13878656923770905,-1.4885382881857367e-07,-0.0019804209005087614,0.13889707446095428,-1.4673687976350598e-07,-0.0016170359897034546,trajectory,GOAL_DIRECT,3.7084639072418213,8.358099937438329,4.7799367166589946e-06
623,96032.437,8.37101936340332,2.8916085739183472e-06,-0.9814579486846924,2.2016393317916923e-07,0.13878656923770905,-1.4216345789463958e-07,-0.001980370609089732,0.13889707446095412,-1.4889634781704417e-07,-0.0015910492979471424,trajectory,GOAL_DIRECT,3.7088699340820312,8.37101936340269,4.7799367166589946e-06
624,96032.546,8.383522033691406,2.87903912976617e-06,-0.9816367626190186,2.190524596192958e-07,0.13878656923770905,-1.3715786906232097e-07,-0.0019803831819444895,0.138897074460954,-1.4766860565279389e-07,-0.0015821075954024532,trajectory,GOAL_DIRECT,3.709275960922241,8.383522033690781,4.7799367166589946e-06
625,96032.656,8.3972749710083,2.865732767531881e-06,-0.9818334579467773,2.175456969723343e-07,0.13878656923770905,-1.3165187340291595e-07,-0.0019803831819444895,0.13889707446095406,-1.4881798799650854e-07,-0.0015563060836565825,trajectory,GOAL_DIRECT,3.709681749343872,8.397274971007679,4.7799367166589946e-06
626,96032.796,8.411027908325195,2.852970965250279e-06,-0.9820301532745361,2.1631600288166648e-07,0.13878631591796875,-1.261463040691524e-07,-0.0019803831819444895,0.1388970947265332,-1.4757713463942372e-07,-0.001546471317268643,trajectory,GOAL_DIRECT,3.7100863456726074,8.411027908324577,4.7799367166589946e-06
627,96032.906,8.42478084564209,2.840754632416065e-06,-0.9822268486022949,2.165021651446496e-07,0.13878631591796875,-1.2064094789820956e-07,-0.0019803831819444895,0.13889709472653342,-1.4877110373192554e-07,-0.0015193610559032277,trajectory,GOAL_DIRECT,3.71049165725708,8.424780845641475,4.7799367166589946e-06
628,96033.015,8.437700271606445,2.829775667123613e-06,-0.9824116230010986,2.170519546207476e-07,0.13878631591796875,-1.1546955391850133e-07,-0.0019803831819444895,0.13889709472653333,-1.4785461862035903e-07,-0.0015101223359630421,trajectory,GOAL_DIRECT,3.7108957767486572,8.437700271605834,4.7799367166589946e-06
629,96033.14,8.45103645324707,2.818946995830629e-06,-0.9826023578643799,2.1761947923539363e-07,0.13878631591796875,-1.101316158269583e-07,-0.0019803831819444895,0.13889709472653217,-1.4952418268755852e-07,-0.0014838335976693306,trajectory,GOAL_DIRECT,3.7113025188446045,8.451036453246463,4.7799367166589946e-06
630,96033.234,8.464789390563965,2.8083161396352807e-06,-0.9827990531921387,2.182047389942574e-07,0.13878631591796875,-1.0462716204528988e-07,-0.0019803831819444895,0.13889709472653208,-1.4865260513997166e-07,-0.0014739988312813912,trajectory,GOAL_DIRECT,3.711707353591919,8.46478939056336,4.7799367166589946e-06
631,96033.359,8.478959083557129,2.7979331207461655e-06,-0.983001708984375,2.1880773389733982e-07,0.13878631591796875,-9.895627073319702e-08,-0.0019803831819444895,0.13889709472653303,-1.5034744327877613e-07,-0.0014468522966159846,trajectory,GOAL_DIRECT,3.7121121883392334,8.478959083556528,4.7799367166589946e-06
632,96033.546,8.491878509521484,2.7889700504601933e-06,-0.9831864833831787,2.1935752336780668e-07,0.13878631591796875,-9.378602783272072e-08,-0.0019803831819444895,0.13889709472653294,-1.4962945400576456e-07,-0.001437613576675799,trajectory,GOAL_DIRECT,3.7125163078308105,8.491878509520888,4.7799367166589946e-06
633,96033.671,8.514383316040039,2.7745052193495212e-06,-0.9835083484649658,2.2031522115509304e-07,0.13878631591796875,-8.478044577486799e-08,-0.0019803831819444895,0.1388970947265327,-1.5089849660908207e-07,-0.0014045065775329145,trajectory,GOAL_DIRECT,3.7133266925811768,8.514383316039446,4.7799367166589946e-06
634,96033.796,8.528553009033203,2.7661460535455262e-06,-0.9837110042572021,2.2091821605821325e-07,0.13878631591796875,-7.911070554200705e-08,-0.0019803831819444895,0.1388970947265336,-1.521568599262843e-07,-0.0013802392920304707,trajectory,GOAL_DIRECT,3.7133266925811768,8.528553009032612,4.7799367166589946e-06
635,96033.906,8.543139457702637,2.7581450012803543e-06,-0.983919620513916,2.2153894610555415e-07,0.13878631591796875,-7.327455620043111e-08,-0.0019803831819444895,0.1388970947265324,-1.5270632744493088e-07,-0.0013609089817820598,trajectory,GOAL_DIRECT,3.7137322425842285,8.543139457702047,4.7799367166589946e-06
636,96034.031,8.556475639343262,2.7513658551470144e-06,-0.9841103553771973,2.2210647072027587e-07,0.13878631591796875,-6.7938941583634e-08,-0.0019803831819444895,0.13889709472653225,-1.5335748321333652e-07,-0.0013422109912815273,trajectory,GOAL_DIRECT,3.714136838912964,8.556475639342676,4.7799367166589946e-06
637,96034.14,8.569395065307617,2.745287247307715e-06,-0.984295129776001,2.2265626019079668e-07,0.13878631591796875,-6.277036135315939e-08,-0.0019803831819444895,0.13889709472653217,-1.5292359121835726e-07,-0.0013329722713413417,trajectory,GOAL_DIRECT,3.7145423889160156,8.569395065307031,4.7799367166589946e-06
638,96034.25,8.582731246948242,2.7395167307986412e-06,-0.9844858646392822,2.2322378480553725e-07,0.13878631591796875,-5.743533293411929e-08,-0.0019803831819444895,0.13889709472653197,-1.5450022176736796e-07,-0.0013069452829715155,trajectory,GOAL_DIRECT,3.7149465084075928,8.582731246947658,4.7799367166589946e-06
639,96034.375,8.595650672912598,2.734414920269046e-06,-0.9846706390380859,2.2377357427607633e-07,0.13878631591796875,-5.226730692697856e-08,-0.0019803831819444895,0.13889709472653183,-1.551201240875929e-07,-0.0012893305654665056,trajectory,GOAL_DIRECT,3.7153525352478027,8.595650672912015,4.7799367166589946e-06
640,96034.484,8.609403610229492,2.729512289079139e-06,-0.9848673343658447,2.2435883403504714e-07,0.13878649473190308,-4.6766171379886146e-08,-0.0019803831819444895,0.13889708042141702,-1.5481266107501344e-07,-0.0012794957990785662,trajectory,GOAL_DIRECT,3.715757369995117,8.60940361022891,4.7799367166589946e-06
641,96034.609,8.623156547546387,2.7251542178419186e-06,-0.9850640296936035,2.2563454324817505e-07,0.13878658413887024,-4.1265373340593214e-08,-0.0019803831819444895,0.1388970732688594,-1.5644318976044018e-07,-0.0012529090375609162,trajectory,GOAL_DIRECT,3.716162919998169,8.623156547545804,4.7799367166589946e-06
642,96034.718,8.635242462158203,2.721774308156455e-06,-0.9852368831634521,2.270670405675256e-07,0.13878658413887024,-3.643167190148233e-08,-0.0019803831819444895,0.13889707326885922,-1.5734171946939357e-07,-0.0012356286165797802,trajectory,GOAL_DIRECT,3.716567039489746,8.63524246215762,4.7799367166589946e-06
643,96034.828,8.648995399475098,2.71843987320608e-06,-0.9854335784912109,2.2922090872985488e-07,0.13878658413887024,-3.093158440492516e-08,-0.0019803831819444895,0.1388970732688591,-1.573219063243009e-07,-0.0012257938501918407,trajectory,GOAL_DIRECT,3.7169735431671143,8.648995399474515,4.7799367166589946e-06
644,96034.953,8.663165092468262,2.7155740554007934e-06,-0.9856362342834473,2.3152636409796966e-07,0.13878658413887024,-2.5265183722922302e-08,-0.0019803831819444895,0.1388970732688597,-1.5933755287104714e-07,-0.0011994325652982074,trajectory,GOAL_DIRECT,3.7173805236816406,8.663165092467679,4.7799367166589946e-06
645,96035.062,8.676918029785156,2.7133455660077743e-06,-0.985832929611206,2.345256929866112e-07,0.13878658413887024,-1.9765803216387212e-08,-0.001980251632630825,0.1388970732688596,-1.5949449425980063e-07,-0.0011896083228553611,trajectory,GOAL_DIRECT,3.717787742614746,8.676918029784574,4.7799367166589946e-06
646,96035.187,8.689837455749512,2.711746901695733e-06,-0.9860177040100098,2.3721018031255421e-07,0.13878658413887024,-1.4600040287859883e-08,-0.00198018504306674,0.1388970732688579,-1.619112054802243e-07,-0.0011628376851788801,trajectory,GOAL_DIRECT,3.7181921005249023,8.689837455748929,4.7799367166589946e-06
647,96035.296,8.703590393066406,2.7105734261567704e-06,-0.9862143993377686,2.398879175300303e-07,0.13878658413887024,-9.101338349637444e-09,-0.00198018504306674,0.13889707326885778,-1.6213842125094215e-07,-0.0011530029187909407,trajectory,GOAL_DIRECT,3.718597412109375,8.703590393065824,4.7799367166589946e-06
648,96035.5,8.7173433303833,2.7099445105704945e-06,-0.9864110946655273,2.4275583819492444e-07,0.13878631591796875,-3.6029779160173803e-09,-0.001980171073228121,0.13889709472652925,-1.6450225872644403e-07,-0.0011264172748604417,trajectory,GOAL_DIRECT,3.7190022468566895,8.717343330382716,4.7799367166589946e-06
649,96035.64,8.741098403930664,2.7101405066787265e-06,-0.9867508411407471,2.510531014922722e-07,0.13878631591796875,5.893385335298262e-09,-0.0019801571033895016,0.13889709472652767,-1.6646029778552662e-07,-0.0011007933211978405,trajectory,GOAL_DIRECT,3.7198128700256348,8.741098403930078,4.7799367166589946e-06
650,96035.75,8.754434585571289,2.710962007768103e-06,-0.9869415760040283,2.561289913381751e-07,0.13878631591796875,1.1224191354131108e-08,-0.0019801571033895016,0.13889709472652778,-1.693170381397479e-07,-0.0010763368323713773,trajectory,GOAL_DIRECT,3.7198128700256348,8.754434585570701,4.7799367166589946e-06
651,96035.859,8.768187522888184,2.712345576583175e-06,-0.9871382713317871,2.6136350274177794e-07,0.13878631591796875,1.6721219964210832e-08,-0.0019801571033895016,0.13889709472652767,-1.699940577396537e-07,-0.0010665020659834379,trajectory,GOAL_DIRECT,3.7202179431915283,8.768187522887594,4.7799367166589946e-06
652,96035.968,8.78069019317627,2.7140752081322717e-06,-0.9873170852661133,2.661221494723396e-07,0.13878631591796875,2.1718198794928867e-08,-0.0019801571033895016,0.13889709472652528,-1.7325016855705635e-07,-0.0010405476242136003,trajectory,GOAL_DIRECT,3.7206220626831055,8.780690193175676,4.7799367166589946e-06
653,96036.078,8.793609619140625,2.716335075092502e-06,-0.987501859664917,2.7103941776060025e-07,0.13878631591796875,2.6881421533175853e-08,-0.0019801571033895016,0.13889709472652517,-1.7397002866942582e-07,-0.0010313089042734147,trajectory,GOAL_DIRECT,3.7210288047790527,8.793609619140032,4.7799367166589946e-06
654,96036.203,8.80736255645752,2.719268877626746e-06,-0.9876985549926758,2.762739291642478e-07,0.13878631591796875,3.237739676364981e-08,-0.0019801571033895016,0.13889709472652503,-1.7713633994943567e-07,-0.0010055073925274772,trajectory,GOAL_DIRECT,3.721433639526367,8.807362556456923,4.7799367166589946e-06
655,96036.328,8.821532249450684,2.722859790083021e-06,-0.9879012107849121,2.816670621255982e-07,0.13878631591796875,3.8039527083810754e-08,-0.0019801571033895016,0.13889709472652492,-1.7802130475079748e-07,-0.0009953746029156608,trajectory,GOAL_DIRECT,3.7218387126922607,8.821532249450083,4.7799367166589946e-06
656,96036.437,8.834451675415039,2.7266378310741857e-06,-0.9880859851837158,2.865843304139028e-07,0.13878631591796875,4.320171953509089e-08,-0.0019801571033895016,0.13889709472652353,-1.813656311336331e-07,-0.0009685986380741807,trajectory,GOAL_DIRECT,3.722242832183838,8.834451675414435,4.7799367166589946e-06
657,96036.546,8.847787857055664,2.7310406949254684e-06,-0.9882767200469971,2.9166022025990926e-07,0.13878631591796875,4.8530090168696915e-08,-0.0019801571033895016,0.13889709472652173,-1.83408547809054e-07,-0.0009509476472691126,trajectory,GOAL_DIRECT,3.7226483821868896,8.847787857055058,4.7799367166589946e-06
658,96036.671,8.861540794372559,2.736117494350765e-06,-0.9884734153747559,2.9689473166361904e-07,0.13878631591796875,5.4024610562919406e-08,-0.0019801571033895016,0.1388970947265216,-1.8440582393630753e-07,-0.0009411128808811732,trajectory,GOAL_DIRECT,3.7230544090270996,8.861540794371948,4.7799367166589946e-06
659,96036.796,8.875710487365723,2.741916432569269e-06,-0.9886760711669922,3.0228786462503347e-07,0.13878631591796875,5.968524163790789e-08,-0.0019801571033895016,0.13889709472652018,-1.8776650216309387e-07,-0.0009139663462158277,trajectory,GOAL_DIRECT,3.723458766937256,8.875710487365108,4.7799367166589946e-06
660,96036.906,8.889880180358887,2.7482935820444254e-06,-0.9888787269592285,3.076809975864648e-07,0.13878631591796875,6.5345467703537e-08,-0.0019801571033895016,0.13889709472651934,-1.9005244415951458e-07,-0.0008949340591913602,trajectory,GOAL_DIRECT,3.7238638401031494,8.889880180358269,4.7799367166589946e-06
661,96037.031,8.90404987335205,2.7552473511605058e-06,-0.9890813827514648,3.1307413054791283e-07,0.1387864053249359,7.100531718151615e-08,-0.0019801571033895016,0.13889708757396108,-1.9236414629581605e-07,-0.0008759017721669538,trajectory,GOAL_DIRECT,3.724268913269043,8.904049873351429,4.7799367166589946e-06
662,96037.14,8.917802810668945,2.7625490020000143e-06,-0.9892780780792236,3.188583469371345e-07,0.13878658413887024,7.64983028034294e-08,-0.0019801431335508823,0.13889707326884618,-1.936012257162305e-07,-0.0008660681233661038,trajectory,GOAL_DIRECT,3.7246739864349365,8.917802810668318,4.7799367166589946e-06
663,96037.265,8.93155574798584,2.770394530671183e-06,-0.9894747734069824,3.2565954902015946e-07,0.13878658413887024,8.199080525628233e-08,-0.0019801431335508823,0.13889707326884349,-1.9722549072203264e-07,-0.0008386961120767423,trajectory,GOAL_DIRECT,3.72507905960083,8.931555747985207,4.7799367166589946e-06
664,96037.453,8.946558952331543,2.7795731512014754e-06,-0.9896893501281738,3.339320001375523e-07,0.13878658413887024,8.798213713134828e-08,-0.0019801431335508823,0.13889707326884346,-2.0012110622556462e-07,-0.0008193295285284672,trajectory,GOAL_DIRECT,3.725487232208252,8.946558952330905,4.7799367166589946e-06
665,96037.578,8.968230247497559,2.793973635561997e-06,-0.9899992942810059,3.4623595717050864e-07,0.13878658413887024,9.663541788995644e-08,-0.0019801375456154346,0.13889707326884101,-2.040828109877679e-07,-0.0007944097706612852,trajectory,GOAL_DIRECT,3.725893497467041,8.968230247496912,4.7799367166589946e-06
666,96037.703,8.981149673461914,2.8031665806338424e-06,-0.9901840686798096,3.53792826656915e-07,0.13878658413887024,9.997837935316056e-08,-0.001980145927518606,0.13889707326883816,-2.0764942446257966e-07,-0.0007715593841259837,trajectory,GOAL_DIRECT,3.7262983322143555,8.98114967346126,4.7799367166589946e-06
667,96037.812,8.994902610778809,2.8132396892033285e-06,-0.9903807640075684,3.5841479622842443e-07,0.13878658413887024,1.0293225471968981e-07,-0.001980145927518606,0.13889707326883807,-2.101127241290203e-07,-0.0007536103700971663,trajectory,GOAL_DIRECT,3.726703405380249,8.99490261077815,4.7799367166589946e-06
668,96037.921,9.009072303771973,2.8238848699402297e-06,-0.9905834197998047,3.607298695301176e-07,0.13878658413887024,1.0623353574601424e-07,-0.0019798497669398785,0.13889707326883796,-2.111328208694689e-07,-0.000743501273331648,trajectory,GOAL_DIRECT,3.727107286453247,9.009072303771308,4.7799367166589946e-06
669,96038.046,9.022408485412598,2.8343317808321444e-06,-0.9907741546630859,3.6287535145554544e-07,0.13878658413887024,1.1182005721366295e-07,-0.001979716820642352,0.13889707326883555,-2.1371444534367158e-07,-0.0007164379209699657,trajectory,GOAL_DIRECT,3.72751522064209,9.022408485411926,4.7799367166589946e-06
670,96038.156,9.035327911376953,2.8450713216443546e-06,-0.9909589290618896,3.649537870529557e-07,0.13878658413887024,1.1952477052545873e-07,-0.001979716820642352,0.1388970732688353,-2.15115272148734e-07,-0.0007071992010297801,trajectory,GOAL_DIRECT,3.7279202938079834,9.035327911376275,4.7799367166589946e-06
671,96038.281,9.049080848693848,2.857408389900229e-06,-0.9911556243896484,3.671640175774143e-07,0.13878658413887024,1.2975394270142715e-07,-0.001979734981432557,0.13889707326883416,-2.1773870007266628e-07,-0.0006808727365728605,trajectory,GOAL_DIRECT,3.7283246517181396,9.049080848693162,4.7799367166589946e-06
672,96038.406,9.062833786010742,2.870534899557242e-06,-0.9913523197174072,3.6880593051343933e-07,0.13878658413887024,1.359296533109955e-07,-0.001979736378416419,0.13889707326883396,-2.1918189454469393e-07,-0.0006710378584262123,trajectory,GOAL_DIRECT,3.728729486465454,9.06283378601005,4.7799367166589946e-06
673,96038.515,9.077420234680176,2.8849956379417563e-06,-0.9915609359741211,3.7049518076470566e-07,0.13878658413887024,1.351979932451286e-07,-0.001979736378416419,0.1388970732688331,-2.208497415407285e-07,-0.0006433315506130432,trajectory,GOAL_DIRECT,3.7291347980499268,9.077420234679472,4.7799367166589946e-06
674,96038.64,9.09158992767334,2.897605781981838e-06,-0.9917635917663574,3.7213619366495104e-07,0.13878658413887024,1.075189004495769e-07,-0.001979736378416419,0.13889707326883247,-2.1977083452609325e-07,-0.0006240375136647568,trajectory,GOAL_DIRECT,3.7295405864715576,9.09158992767263,4.7799367166589946e-06
675,96038.765,9.104509353637695,2.9055070172034902e-06,-0.9919483661651611,3.73632411440394e-07,0.13878658413887024,5.862301932779701e-08,-0.001979736378416419,0.13889707326883352,-2.166376505828195e-07,-0.0006058992963118538,trajectory,GOAL_DIRECT,3.7299466133117676,9.10450935363698,4.7799367166589946e-06
676,96038.89,9.11784553527832,2.907769157900475e-06,-0.9921391010284424,3.751768944363506e-07,0.13878658413887024,-1.552097117496487e-08,-0.001979736378416419,0.13889707326883574,-2.1056730732582267e-07,-0.0005963625531477913,trajectory,GOAL_DIRECT,3.730350971221924,9.117845535277603,4.7799367166589946e-06
677,96039.0,9.130764961242676,2.9020945930824382e-06,-0.9923238754272461,3.766731124655738e-07,0.13878658413887024,-1.1027907476091059e-07,-0.001979736378416419,0.13889707326883802,-2.0346960801138377e-07,-0.000570633588001842,trajectory,GOAL_DIRECT,3.7307562828063965,9.130764961241958,4.7799367166589946e-06
678,96039.109,9.14493465423584,2.8844531243521487e-06,-0.9925265312194824,3.783141259315352e-07,0.13878658413887024,-2.4015596977733367e-07,-0.001979736378416419,0.13889707326884196,-1.9092301123421992e-07,-0.0005605007983900255,trajectory,GOAL_DIRECT,3.731161117553711,9.14493465423513,4.7799367166589946e-06
679,96039.218,9.159104347229004,2.852388888641144e-06,-0.9927291870117188,3.800395137630398e-07,0.13878658413887024,-3.871825811074814e-07,-0.001979736378416419,0.13889707326884612,-1.7897257135416907e-07,-0.0005333542637246801,trajectory,GOAL_DIRECT,3.731566905975342,9.159104347228308,4.7799367166589946e-06
680,96039.343,9.172440528869629,2.809173565765377e-06,-0.992919921875,3.8320646003953714e-07,0.13878658413887024,-5.093487516205641e-07,-0.001979736378416419,0.13889707326884998,-1.6464373911938594e-07,-0.0005238175205606176,trajectory,GOAL_DIRECT,3.7319729328155518,9.172440528868952,4.7799367166589946e-06
681,96039.453,9.187026977539062,2.749705572568928e-06,-0.9931285381317139,3.888006342164174e-07,0.13878658413887024,-6.184505991768674e-07,-0.001979736378416419,0.13889707326885362,-1.5656667479438046e-07,-0.0004961112127474486,trajectory,GOAL_DIRECT,3.7323780059814453,9.187026977538412,4.7799367166589946e-06
682,96039.578,9.200779914855957,2.684598939595162e-06,-0.9933252334594727,3.951980192377336e-07,0.13878658413887024,-6.933693157407106e-07,-0.001979736378416419,0.1388970732688563,-1.4407837810540965e-07,-0.0004862764463595092,trajectory,GOAL_DIRECT,3.732783079147339,9.200779914855335,4.7799367166589946e-06
683,96039.703,9.214532852172852,2.6130690002901247e-06,-0.9935219287872314,4.0159536960679654e-07,0.13878658413887024,-7.43756459087308e-07,-0.001979736378416419,0.13889707326885897,-1.4350556729403566e-07,-0.0004586426851463287,trajectory,GOAL_DIRECT,3.7331886291503906,9.214532852172262,4.7799367166589946e-06
684,96039.89,9.227869033813477,2.5411391106899828e-06,-0.9937083721160889,4.0704709150992603e-07,0.13878658413887024,-7.483170634259295e-07,-0.001888722414150834,0.13889707326886036,-1.4173861322608807e-07,-0.000447963888356,trajectory,GOAL_DIRECT,3.733592987060547,9.227869033812917,4.7799367166589946e-06
685,96040.031,9.253291130065918,2.409725539109786e-06,-0.9940444231033325,4.137318796112951e-07,0.13878658413887024,-6.756829975529399e-07,-0.001745947520248592,0.1388970732688584,-1.339415313140895e-07,-0.0004425833305059968,trajectory,GOAL_DIRECT,3.733999013900757,9.253291130065413,4.7799367166589946e-06
686,96040.156,9.267460823059082,2.343863798159873e-06,-0.9942147731781006,4.169346581433923e-07,0.13878658413887024,-6.145083943920326e-07,-0.001542100915685296,0.13889707326886017,-1.476171011334023e-07,-0.00042742855680350195,trajectory,GOAL_DIRECT,3.7343928813934326,9.267460823058602,4.7799367166589946e-06
687,96040.265,9.281213760375977,2.2859703676658683e-06,-0.9943602085113525,4.196902813970557e-07,0.13878658413887024,-5.556611313295434e-07,-0.0013935246970504522,0.1388970732688586,-1.5124752746640129e-07,-0.00042456207480659697,trajectory,GOAL_DIRECT,3.7347731590270996,9.28121376037552,4.7799367166589946e-06
688,96040.375,9.294966697692871,2.2337137579597766e-06,-0.9944934248924255,4.224459046594394e-07,0.13878658413887024,-5.006470473745139e-07,-0.0012873541563749313,0.1388970732688569,-1.5008318305919647e-07,-0.0004263948990069887,trajectory,GOAL_DIRECT,3.7351338863372803,9.294966697692434,4.7799367166589946e-06
689,96040.5,9.308302879333496,2.1880637177673634e-06,-0.994612455368042,4.251180241944142e-07,0.13878658413887024,-4.509632560711907e-07,-0.001186687033623457,0.1388970732688568,-1.5783309130909203e-07,-0.0004162599361039499,trajectory,GOAL_DIRECT,3.7354581356048584,9.308302879333075,4.7799367166589946e-06
690,96040.625,9.32205581665039,2.145798816854949e-06,-0.9947263598442078,4.2787364747291594e-07,0.13878658413887024,-4.0350354879592487e-07,-0.0011039602104574442,0.1388970732688553,-1.5705621774978016e-07,-0.00041718285814894225,trajectory,GOAL_DIRECT,3.7357475757598877,9.322055816649986,4.7799367166589946e-06
691,96040.734,9.334975242614746,2.1102086975588463e-06,-0.9948261380195618,4.304622632874475e-07,0.13878658413887024,-3.6241422662897094e-07,-0.0010293403174728155,0.13889707326885523,-1.6381916623784467e-07,-0.00040793435379392275,trajectory,GOAL_DIRECT,3.7360126972198486,9.334975242614352,4.7799367166589946e-06
692,96040.859,9.34914493560791,2.0753761873493204e-06,-0.9949272871017456,4.333013903181403e-07,0.13878658413887024,-3.2124080462381244e-07,-0.0009500498417764902,0.1388970732688539,-1.6326453630439234e-07,-0.00040922013774043696,trajectory,GOAL_DIRECT,3.7362565994262695,9.34914493560753,4.7799367166589946e-06
693,96040.968,9.362481117248535,2.046246891040937e-06,-0.9950159192085266,4.359735098843743e-07,0.13878658413887024,-2.8620877401408507e-07,-0.0008844437543302774,0.13889707326885384,-1.6917783314169015e-07,-0.000401213429462397,trajectory,GOAL_DIRECT,3.736483335494995,9.362481117248164,4.7799367166589946e-06
694,96041.093,9.37581729888916,2.0203067379043205e-06,-0.9950979948043823,4.38645629458303e-07,0.13878658413887024,-2.547836857047514e-07,-0.000819567299913615,0.1388970732688528,-1.6874681913608937e-07,-0.0004022997660229444,trajectory,GOAL_DIRECT,3.736692190170288,9.375817298888798,4.7799367166589946e-06
695,96041.203,9.389986991882324,1.9958545180998044e-06,-0.9951789379119873,4.4148475651378663e-07,0.13878658413887024,-2.2534658228323678e-07,-0.0007601825054734945,0.13889707326885067,-1.737494872005294e-07,-0.00039550687637734505,trajectory,GOAL_DIRECT,3.736886978149414,9.389986991881969,4.7799367166589946e-06
696,96041.328,9.403739929199219,1.9747983515117085e-06,-0.9952520132064819,4.4424037984052055e-07,0.13878658413887024,-2.0066926254003192e-07,-0.0007056960603222251,0.13889707326884987,-1.7324815732654182e-07,-0.0003962120272647151,trajectory,GOAL_DIRECT,3.7370657920837402,9.40373992919887,4.7799367166589946e-06
697,96041.437,9.417492866516113,1.9559947759262286e-06,-0.9953196048736572,4.4699600317543744e-07,0.13878658413887024,-1.798278503883921e-07,-0.0006555367726832628,0.13889707326885,-1.7771091466920238e-07,-0.0003900815688835168,trajectory,GOAL_DIRECT,3.737229824066162,9.41749286651577,4.7799367166589946e-06
698,96041.562,9.430829048156738,1.9395538402022794e-06,-0.9953805208206177,4.4966812278074727e-07,0.13878658413887024,-1.6328144170074665e-07,-0.0006055136327631772,0.13889707326885037,-1.793121036263331e-07,-0.0003880693785920763,trajectory,GOAL_DIRECT,3.737384557723999,9.4308290481564,4.7799367166589946e-06
699,96041.671,9.444165229797363,1.924528760355315e-06,-0.9954368472099304,4.5234024239375165e-07,0.13878658413887024,-1.503419611026402e-07,-0.0005649361992254853,0.13889707326884995,-1.7847548495166052e-07,-0.0003884992538094544,trajectory,GOAL_DIRECT,3.737527370452881,9.44416522979703,4.7799367166589946e-06
700,96041.796,9.45666790008545,1.911420213218662e-06,-0.9954862594604492,4.5484535453793136e-07,0.13878658413887024,-1.4148712068617897e-07,-0.0005292928544804454,0.13889707326884929,-1.8168639649499e-07,-0.0003837314878599585,trajectory,GOAL_DIRECT,3.7376585006713867,9.456667900085119,4.7799367166589946e-06
701,96041.906,9.470837593078613,1.8973393025589758e-06,-0.9955384731292725,4.576844816428437e-07,0.13878658413887024,-1.3528415365726687e-07,-0.0004925967659801245,0.13889707326884912,-1.8037485835532816e-07,-0.000384056491498822,trajectory,GOAL_DIRECT,3.737778663635254,9.470837593078286,4.7799367166589946e-06
702,96042.015,9.485007286071777,1.8836832396118552e-06,-0.9955871105194092,4.605236087564448e-07,0.13878658413887024,-1.331533070469959e-07,-0.00045720383059233427,0.1388970732688476,-1.8270928113191962e-07,-0.00037999322062052474,trajectory,GOAL_DIRECT,3.7378909587860107,9.485007286071456,4.7799367166589946e-06
703,96042.14,9.499176979064941,1.8700370674196165e-06,-0.995631992816925,4.6334855336158796e-07,0.13878658413887024,-1.3509453822280193e-07,-0.00042073355871252716,0.13889707326884856,-1.8282933958061264e-07,-0.0003785308481160765,trajectory,GOAL_DIRECT,3.7379958629608154,9.499176979064623,4.7799367166589946e-06
704,96042.25,9.513346672058105,1.8559849195298739e-06,-0.995673418045044,4.659101139907047e-07,0.13878658413887024,-1.4110791823895852e-07,-0.00038993399357423186,0.1388970732688486,-1.8255526708772794e-07,-0.0003769525749941827,trajectory,GOAL_DIRECT,3.738093614578247,9.513346672057793,4.7799367166589946e-06
705,96042.39,9.52751636505127,1.8411121800454566e-06,-0.9957117438316345,4.682699372814922e-07,0.13878658413887024,-1.5119344709546567e-07,-0.0003617594775278121,0.138897073268849,-1.7980406429267305e-07,-0.0003772902469483674,trajectory,GOAL_DIRECT,3.73818302154541,9.52751636505096,4.7799367166589946e-06
706,96042.515,9.541686058044434,1.8250024140797905e-06,-0.9957475066184998,4.7062976054407505e-07,0.13878658413887024,-1.6535116742488754e-07,-0.0003384387819096446,0.13889707326884923,-1.8067986704977112e-07,-0.00037386554927278825,trajectory,GOAL_DIRECT,3.7382655143737793,9.541686058044128,4.7799367166589946e-06
707,96042.625,9.555855751037598,1.8072412331093801e-06,-0.9957810044288635,4.729895837784645e-07,0.13878658413887024,-1.8358102238380525e-07,-0.0003145101363770664,0.13889707326885087,-1.7909723594438185e-07,-0.000372534450853782,trajectory,GOAL_DIRECT,3.738342046737671,9.555855751037297,4.7799367166589946e-06
708,96042.75,9.570025444030762,1.7874234572445857e-06,-0.995812177658081,4.750227900673865e-07,0.13878658413887024,-2.051562830729381e-07,-0.0002907946764025837,0.13889707326885053,-1.770993431298778e-07,-0.0003714019916186051,trajectory,GOAL_DIRECT,3.7384135723114014,9.570025444030467,4.7799367166589946e-06
709,96042.875,9.584195137023926,1.7655004285188625e-06,-0.9958411455154419,4.76663606590378e-07,0.13878658413887024,-2.2402558386147575e-07,-0.0002700517943594605,0.1388970732688513,-1.7286561729760918e-07,-0.00037161302931401294,trajectory,GOAL_DIRECT,3.7384819984436035,9.584195137023638,4.7799367166589946e-06
710,96042.984,9.59794807434082,1.7425760461264872e-06,-0.995867133140564,4.782561638131378e-07,0.13878658413887024,-2.384463186899666e-07,-0.0002505106676835567,0.13889707326885295,-1.7348682939739513e-07,-0.00036923588145975955,trajectory,GOAL_DIRECT,3.73854398727417,9.59794807434054,4.7799367166589946e-06
711,96043.109,9.611701011657715,1.7184136140713235e-06,-0.995891273021698,4.798487210450278e-07,0.13878658413887024,-2.490315580416791e-07,-0.00023355867597274482,0.1388970732688534,-1.6970321754847952e-07,-0.0003693850467399229,trajectory,GOAL_DIRECT,3.7386014461517334,9.611701011657441,4.7799367166589946e-06
712,96043.218,9.62462043762207,1.6949271639532526e-06,-0.9959123730659485,4.813447596651198e-07,0.13878658413887024,-2.5548146709297725e-07,-0.00021820749680045992,0.1388970732688538,-1.7108736317128266e-07,-0.00036735682200115806,trajectory,GOAL_DIRECT,3.738654136657715,9.624620437621804,4.7799367166589946e-06
713,96043.421,9.638790130615234,1.6686708477209322e-06,-0.9959338903427124,4.829855762254581e-07,0.13878658413887024,-2.5866370378935244e-07,-0.0002036488294834271,0.13889707326885398,-1.6766652082799474e-07,-0.00036744565154832483,trajectory,GOAL_DIRECT,3.738703489303589,9.638790130614975,4.7799367166589946e-06
714,96043.562,9.664212226867676,1.6215460618695943e-06,-0.9959702491760254,4.859293941962487e-07,0.13878658413887024,-2.5416787252652284e-07,-0.00019010585674550384,0.13889707326885406,-1.6717652769960418e-07,-0.0003648396357458616,trajectory,GOAL_DIRECT,3.738751173019409,9.66421222686743,4.7799367166589946e-06
715,96043.671,9.676298141479492,1.599704319232842e-06,-0.9959866404533386,4.873289142260835e-07,0.13878658413887024,-2.474342863933998e-07,-0.0001726661139400676,0.1388970732688551,-1.6961863196854431e-07,-0.00036381857676882624,trajectory,GOAL_DIRECT,3.738792657852173,9.67629814147925,4.7799367166589946e-06
716,96043.796,9.689634323120117,1.576442855366622e-06,-0.9960022568702698,4.888732121982186e-07,0.13878658413887024,-2.3656660630422266e-07,-0.00015561403415631503,0.1388970732688547,-1.676453469379808e-07,-0.00036440192230496887,trajectory,GOAL_DIRECT,3.738833427429199,9.689634323119883,4.7799367166589946e-06
717,96043.906,9.703387260437012,1.5537322042291635e-06,-0.9960174560546875,4.9046576949098e-07,0.13878658413887024,-2.2158180001952132e-07,-0.0001459235354559496,0.13889707326885434,-1.7047517218577535e-07,-0.00036301160588871447,trajectory,GOAL_DIRECT,3.7388744354248047,9.703387260436784,4.7799367166589946e-06
718,96044.015,9.715889930725098,1.5345284509749035e-06,-0.9960299730300903,4.919135488559535e-07,0.13878658413887024,-2.0463090777411708e-07,-0.00013582390965893865,0.1388970732688537,-1.694225571752227e-07,-0.00036319372718233376,trajectory,GOAL_DIRECT,3.738908290863037,9.715889930724874,4.7799367166589946e-06
719,96044.14,9.730059623718262,1.5147170415730216e-06,-0.9960437417030334,4.932021117492356e-07,0.13878658413887024,-1.849006281418042e-07,-0.0001273478992516175,0.13889707326885306,-1.7276029596581416e-07,-0.0003619662372216548,trajectory,GOAL_DIRECT,3.7389414310455322,9.730059623718045,4.7799367166589946e-06
720,96044.25,9.742562294006348,1.4985853340476751e-06,-0.996054470539093,4.942270511690597e-07,0.13878658413887024,-1.7481887937265128e-07,-0.00011946707672905177,0.13889707326885276,-1.7355551835539824e-07,-0.00036145561889626144,trajectory,GOAL_DIRECT,3.738971471786499,9.742562294006134,4.7799367166589946e-06
721,96044.375,9.756731986999512,1.481005824643944e-06,-0.9960666298866272,4.950433457052337e-07,0.13878658413887024,-1.7041446653820458e-07,-0.00011141599679831415,0.13889707326885373,-1.7330964432779298e-07,-0.0003610205880510098,trajectory,GOAL_DIRECT,3.738999843597412,9.756731986999302,4.7799367166589946e-06
722,96044.484,9.770068168640137,1.464776346438157e-06,-0.9960770606994629,4.956854569820761e-07,0.13878658413887024,-1.678894108181339e-07,-0.00010349080548621714,0.13889707326885362,-1.712838177969854e-07,-0.0003611330627141929,trajectory,GOAL_DIRECT,3.739023447036743,9.77006816863993,4.7799367166589946e-06
723,96044.609,9.78465461730957,1.4472329894488212e-06,-0.9960874915122986,4.963877662034057e-07,0.13878658413887024,-1.6650464829126577e-07,-9.620077617000788e-05,0.13889707326885273,-1.7270037956868903e-07,-0.0003602026922061163,trajectory,GOAL_DIRECT,3.739047050476074,9.78465461730937,4.7799367166589946e-06
724,96044.718,9.797990798950195,1.4312581697595306e-06,-0.9960970282554626,4.970298775027305e-07,0.13878658413887024,-1.6649752865305345e-07,-8.972755313152447e-05,0.13889707326885273,-1.7049676430096988e-07,-0.00036024371289099184,trajectory,GOAL_DIRECT,3.739070415496826,9.797990798949998,4.7799367166589946e-06
725,96044.859,9.81216049194336,1.4142198097033543e-06,-0.9961052536964417,4.977121207700298e-07,0.13878658413887024,-1.6780765577095735e-07,-8.289240213343874e-05,0.138897073268853,-1.717498531015027e-07,-0.000359502390676808,trajectory,GOAL_DIRECT,3.7390923500061035,9.812160491943168,4.7799367166589946e-06
726,96044.953,9.825913429260254,1.3974898820379167e-06,-0.996113121509552,4.983742980704976e-07,0.13878658413887024,-1.7037754673765448e-07,-7.793699478497729e-05,0.13889707326885428,-1.7112293832211803e-07,-0.0003591442177141835,trajectory,GOAL_DIRECT,3.7391114234924316,9.825913429260066,4.7799367166589946e-06
727,96045.078,9.839249610900879,1.3809643633067026e-06,-0.9961207509040833,4.990164094030432e-07,0.13878658413887024,-1.740909709724292e-07,-7.24322599126026e-05,0.13889707326885445,-1.6856401388895512e-07,-0.00035920312677741094,trajectory,GOAL_DIRECT,3.7391278743743896,9.839249610900694,4.7799367166589946e-06
728,96045.187,9.853419303894043,1.362949660688173e-06,-0.9961281418800354,4.996986527056318e-07,0.13878658413887024,-1.7935414575731556e-07,-6.750116881448776e-05,0.1388970732688549,-1.693138092123559e-07,-0.00035854751546553486,trajectory,GOAL_DIRECT,3.7391443252563477,9.853419303893862,4.7799367166589946e-06
729,96045.296,9.867588996887207,1.344329120911425e-06,-0.9961342215538025,5.003808960203497e-07,0.13878658413887024,-1.8597492612570932e-07,-6.209943239809945e-05,0.1388970732688553,-1.6819468488481331e-07,-0.0003583511007848006,trajectory,GOAL_DIRECT,3.7391598224639893,9.867588996887031,4.7799367166589946e-06
730,96045.421,9.881341934204102,1.3255455542093841e-06,-0.9961401224136353,5.008486118073487e-07,0.13878658413887024,-1.9369930726043094e-07,-5.803812382509932e-05,0.13889707326885561,-1.6505047959316267e-07,-0.00035838096247900236,trajectory,GOAL_DIRECT,3.739175796508789,9.881341934203931,4.7799367166589946e-06
731,96045.546,9.894678115844727,1.3065413213553256e-06,-0.9961458444595337,5.008391838797229e-07,0.13878658413887024,-2.0241101594820066e-07,-5.446748764370568e-05,0.13889707326885628,-1.656300689739686e-07,-0.00035785439373158147,trajectory,GOAL_DIRECT,3.739187002182007,9.89467811584456,4.7799367166589946e-06
732,96045.765,9.921350479125977,1.2657353636313928e-06,-0.9961572885513306,5.00773716488673e-07,0.13878658413887024,-2.2344225669712614e-07,-5.016297654947266e-05,0.13889707326885734,-1.6033091748269848e-07,-0.00035737527010237135,trajectory,GOAL_DIRECT,3.7392120361328125,9.921350479125818,4.7799367166589946e-06
733,96045.875,9.934686660766602,1.2437025134204305e-06,-0.9961618185043335,5.00740982813391e-07,0.13878658413887024,-2.3576174612571776e-07,-4.406457446748391e-05,0.13889707326885944,-1.602051332495429e-07,-0.00035713408476484635,trajectory,GOAL_DIRECT,3.7392234802246094,9.934686660766449,4.7799367166589946e-06
734,96046.0,9.947606086730957,1.2212241244924371e-06,-0.9961655139923096,5.009247621148337e-07,0.13878658413887024,-2.460733128373249e-07,-4.029653064208105e-05,0.13889707326886014,-1.5844431880755963e-07,-0.0003570518239299336,trajectory,GOAL_DIRECT,3.7392234802246094,9.94760608673081,4.7799367166589946e-06
735,96046.109,9.961775779724121,1.1960672736677225e-06,-0.9961695671081543,5.008869766935124e-07,0.13878658413887024,-2.4419156829935673e-07,-3.796617966145277e-05,0.13889707326886006,-1.5536612162295145e-07,-0.00035703559621614754,trajectory,GOAL_DIRECT,3.73923659324646,9.961775779723979,4.7799367166589946e-06
736,96046.234,9.975528717041016,1.1724000614776742e-06,-0.9961735010147095,5.012326868013898e-07,0.13878658413887024,-2.3311800134706573e-07,-3.5478471545502543e-05,0.13889707326886017,-1.5733530679168162e-07,-0.0003566976426365753,trajectory,GOAL_DIRECT,3.739244222640991,9.975528717040879,4.7799367166589946e-06
737,96046.343,9.988448143005371,1.15116267807025e-06,-0.9961771965026855,5.015640014152084e-07,0.13878658413887024,-2.243432817294888e-07,-3.307802035124041e-05,0.13889707326885983,-1.5529455136666664e-07,-0.00035670490433331256,trajectory,GOAL_DIRECT,3.7392520904541016,9.98844814300524,4.7799367166589946e-06
738,96046.468,10.001784324645996,1.1298868685116759e-06,-0.9961810111999512,5.017418705122702e-07,0.13878658413887024,-2.1907702318912925e-07,-3.049445331271272e-05,0.13889707326886014,-1.5694056891779656e-07,-0.0003563858149305088,trajectory,GOAL_DIRECT,3.7392609119415283,10.001784324645868,4.7799367166589946e-06
739,96046.578,10.015120506286621,1.1091620990555384e-06,-0.9961838722229004,5.01783691197569e-07,0.13878658413887024,-2.1227413071756018e-07,-2.8076834496459924e-05,0.13889707326885986,-1.547467974885968e-07,-0.0003564361732883481,trajectory,GOAL_DIRECT,3.739269256591797,10.015120506286497,4.7799367166589946e-06
740,96046.703,10.029290199279785,1.0879900855798041e-06,-0.9961858987808228,5.018281256849831e-07,0.13878658413887024,-2.0241165543666284e-07,-2.593959834484849e-05,0.1388970732688611,-1.5648372109780635e-07,-0.000356212664369604,trajectory,GOAL_DIRECT,3.7392771244049072,10.029290199279666,4.7799367166589946e-06
741,96046.812,10.04262638092041,1.0691031775422744e-06,-0.9961878061294556,5.018699463877579e-07,0.13878658413887024,-1.906498425796599e-07,-2.4823773856041953e-05,0.1388970732688609,-1.5679906371278187e-07,-0.00035611756792294444,trajectory,GOAL_DIRECT,3.7392852306365967,10.042626380920295,4.7799367166589946e-06
742,96046.937,10.055962562561035,1.0514609130041208e-06,-0.9961897134780884,5.019117670988996e-07,0.13878658413887024,-1.764836952133919e-07,-2.363642124691978e-05,0.1388970732688603,-1.5550243236487076e-07,-0.00035611718870003355,trajectory,GOAL_DIRECT,3.7392892837524414,10.055962562560923,4.7799367166589946e-06
743,96047.046,10.06929874420166,1.0352945309932693e-06,-0.9961916208267212,5.019535878184421e-07,0.13878658413887024,-1.599132133378589e-07,-2.2569232896785252e-05,0.13889707326886008,-1.5799799086574653e-07,-0.00035593967638513746,trajectory,GOAL_DIRECT,3.7392938137054443,10.069298744201552,4.7799367166589946e-06
744,96047.156,10.082218170166016,1.02125818557397e-06,-0.9961934685707092,5.019893838961414e-07,0.13878658413887024,-1.415677388649783e-07,-2.1370437025325373e-05,0.13889707326885936,-1.5741658724187576e-07,-0.0003559431928554524,trajectory,GOAL_DIRECT,3.7392966747283936,10.082218170165909,4.7799367166589946e-06
745,96047.281,10.09638786315918,1.0078075547426124e-06,-0.9961954951286316,5.018758529432396e-07,0.13878658413887024,-1.2329056175985897e-07,-2.020597275986802e-05,0.138897073268859,-1.5991085831963383e-07,-0.00035577011964854405,trajectory,GOAL_DIRECT,3.7393007278442383,10.096387863159077,4.7799367166589946e-06
746,96047.39,10.109307289123535,9.968849781216704e-07,-0.9961973428726196,5.017701630886521e-07,0.13878658413887024,-1.1253465004301688e-07,-1.894280649139546e-05,0.13889707326885858,-1.5902156958810456e-07,-0.00035577878575062,trajectory,GOAL_DIRECT,3.7393057346343994,10.109307289123434,4.7799367166589946e-06
747,96047.515,10.12264347076416,9.863784953267896e-07,-0.9961992502212524,5.016610638563678e-07,0.13878658413887024,-1.0734964206449149e-07,-1.7761176422936842e-05,0.13889707326885972,-1.6051235185979787e-07,-0.000355607811273878,trajectory,GOAL_DIRECT,3.7393100261688232,10.12264347076406,4.7799367166589946e-06
748,96047.625,10.136813163757324,9.754315897225752e-07,-0.9962012767791748,5.015451458913289e-07,0.13878658413887024,-1.0842774145203293e-07,-1.6553793102502823e-05,0.13889707326885975,-1.5861058909689658e-07,-0.0003556030740433946,trajectory,GOAL_DIRECT,3.739314079284668,10.136813163757227,4.7799367166589946e-06
749,96047.734,10.150982856750488,9.64028458838584e-07,-0.9962033033370972,5.014292278945568e-07,0.13878658413887024,-1.1629263241275112e-07,-1.52233924382017e-05,0.13889707326885928,-1.5879677072611722e-07,-0.0003554354232505974,trajectory,GOAL_DIRECT,3.739318370819092,10.150982856750392,4.7799367166589946e-06
750,96047.859,10.155983924865723,9.597652024240233e-07,-0.9962040185928345,5.013883156528244e-07,0.13878658413887024,-1.206888526894545e-07,-1.4772771464777179e-05,0.13889707326885944,-1.5776442074348835e-07,-0.0003554357101416061,trajectory,GOAL_DIRECT,3.73932147026062,10.155983924865627,4.7799367166589946e-06
751,96047.984,10.179322242736816,9.370845646117232e-07,-0.9962073564529419,5.011973918061721e-07,0.1387864053249359,-1.5238279615914507e-07,-1.3141954696038738e-05,0.13889708757397567,-1.5366838545376642e-07,-0.00035527887751280243,trajectory,GOAL_DIRECT,3.7393267154693604,10.179322242736724,4.7799367166589946e-06
752,96048.093,10.19349193572998,9.202265118801733e-07,-0.9962093830108643,5.012582981164091e-07,0.13878634572029114,-1.7729578871694684e-07,-1.11706676761969e-05,0.1388970923423496,-1.517574157739549e-07,-0.0003551886726208331,trajectory,GOAL_DIRECT,3.739330291748047,10.193491935729892,4.7799367166589946e-06
753,96048.218,10.206828117370605,9.024552696246246e-07,-0.9962109327316284,5.015839381398357e-07,0.13878634572029114,-1.9112403037979675e-07,-9.748709089762997e-06,0.13889709234234932,-1.4990569877500567e-07,-0.0003551359482954775,trajectory,GOAL_DIRECT,3.7393341064453125,10.20682811737052,4.7799367166589946e-06
754,96048.343,10.22099781036377,8.827115607346059e-07,-0.9962109327316284,5.018772865074028e-07,0.13878634572029114,-1.9396050277009635e-07,-8.621441338618752e-06,0.13889709234234945,-1.470189519899836e-07,-0.000355226129715569,trajectory,GOAL_DIRECT,3.73933744430542,10.220997810363688,4.7799367166589946e-06
755,96048.531,10.234750747680664,8.638558028906118e-07,-0.9962109327316284,5.021036239718457e-07,0.13878634572029114,-1.8506410981444787e-07,-8.592836820753291e-06,0.13889709234235062,-1.487124625139614e-07,-0.0003551603630967692,trajectory,GOAL_DIRECT,3.739339590072632,10.234750747680586,4.7799367166589946e-06
756,96048.656,10.25683879852295,8.357357614841021e-07,-0.9962109327316284,4.984621283152478e-07,0.13878634572029114,-1.7248186168217217e-07,-8.946185516833793e-06,0.13889709234235004,-1.454873222910763e-07,-0.0003551320952010828,trajectory,GOAL_DIRECT,3.7393407821655273,10.256838798522875,4.7799367166589946e-06
757,96048.781,10.270591735839844,8.189335858332925e-07,-0.9962109327316284,4.955601898777544e-07,0.13878634572029114,-1.663049147282436e-07,-8.984812666312791e-06,0.1388970923423507,-1.4720654050811188e-07,-0.00035512900502912445,trajectory,GOAL_DIRECT,3.7393405437469482,10.270591735839773,4.7799367166589946e-06
758,96048.89,10.283927917480469,8.034024290282105e-07,-0.9962109327316284,4.927461889691199e-07,0.13878634572029114,-1.5665212060866907e-07,-8.92615662451135e-06,0.1388970923423503,-1.455222266684722e-07,-0.00035513369751246856,trajectory,GOAL_DIRECT,3.7393410205841064,10.283927917480401,4.7799367166589946e-06
759,96049.015,10.297680854797363,7.885415698183351e-07,-0.9962109327316284,4.898442510394723e-07,0.13878634572029114,-1.4292017169736937e-07,-8.864639312378131e-06,0.1388970923423507,-1.4645281491624468e-07,-0.0003551386188974392,trajectory,GOAL_DIRECT,3.7393414974212646,10.297680854797298,4.7799367166589946e-06
760,96049.14,10.311850547790527,7.746275514364243e-07,-0.9962109327316284,4.872961546721196e-07,0.13878634572029114,-1.3047839786395343e-07,-8.89039074536413e-06,0.13889709234235015,-1.4514325731677761e-07,-0.00035513655878280034,trajectory,GOAL_DIRECT,3.739339828491211,10.311850547790463,4.7799367166589946e-06
761,96049.265,10.325603485107422,7.621932809342979e-07,-0.9962109327316284,4.84859497989624e-07,0.13878634572029114,-1.2199711818539072e-07,-8.89039074536413e-06,0.13889709234235073,-1.4583474826306082e-07,-0.00035513655878280034,trajectory,GOAL_DIRECT,3.7393407821655273,10.32560348510736,4.7799367166589946e-06
762,96049.359,10.339356422424316,7.502688958993531e-07,-0.9962109327316284,4.824227472218688e-07,0.13878634572029114,-1.18057656095516e-07,-8.89039074536413e-06,0.13889709234235204,-1.4507864138098075e-07,-0.00035513655878280034,trajectory,GOAL_DIRECT,3.7393393516540527,10.339356422424256,4.7799367166589946e-06
763,96049.484,10.351442337036133,7.406355280181742e-07,-0.9962109327316284,4.80563187521468e-07,0.13878634572029114,-1.0176895415270337e-07,-8.89039074536413e-06,0.13889709234235137,-1.446748441736882e-07,-0.00035513655878280034,trajectory,GOAL_DIRECT,3.7393407821655273,10.351442337036074,4.7799367166589946e-06
764,96049.609,10.365612030029297,7.306443308152666e-07,-0.9962109327316284,4.796380540575027e-07,0.13878634572029114,-9.792061206326252e-08,-8.89039074536413e-06,0.1388970923423508,-1.4504197476298978e-07,-0.00035513655878280034,trajectory,GOAL_DIRECT,3.7393412590026855,10.36561203002924,4.7799367166589946e-06
765,96049.703,10.378531455993652,7.218669679787126e-07,-0.9962109327316284,4.795321858088265e-07,0.13878634572029114,-8.744293467088937e-08,-8.89039074536413e-06,0.1388970923423506,-1.4549630980054042e-07,-0.00035513655878280034,trajectory,GOAL_DIRECT,3.739339590072632,10.378531455993596,4.7799367166589946e-06
766,96049.828,10.392701148986816,7.138391993066762e-07,-0.9962109327316284,4.794162949329731e-07,0.13878634572029114,-7.126680401370322e-08,-8.89039074536413e-06,0.13889709234234995,-1.452981525768663e-07,-0.00035513655878280034,trajectory,GOAL_DIRECT,3.7393407821655273,10.392701148986761,4.7799367166589946e-06
767,96049.953,10.40687084197998,7.06958019236481e-07,-0.9962109327316284,4.793004102154873e-07,0.13878634572029114,-6.44394191340325e-08,-8.89039074536413e-06,0.13889709234235104,-1.4673258048516462e-07,-0.00035513655878280034,trajectory,GOAL_DIRECT,3.739340305328369,10.406870841979927,4.7799367166589946e-06
768,96050.046,10.420207023620605,7.010029321463662e-07,-0.9962109327316284,4.791912632581798e-07,0.13878634572029114,-5.988746210050522e-08,-8.89039074536413e-06,0.13889709234235084,-1.4585262197683916e-07,-0.00035513655878280034,trajectory,GOAL_DIRECT,3.7393407821655273,10.420207023620552,4.7799367166589946e-06
769,96050.171,10.43437671661377,6.951940463295614e-07,-0.9962109327316284,4.79137346819218e-07,0.13878634572029114,-5.496456267906069e-08,-8.89039074536413e-06,0.13889709234235084,-1.4708171182894967e-07,-0.00035513655878280034,trajectory,GOAL_DIRECT,3.7393414974212646,10.434376716613716,4.7799367166589946e-06
770,96050.375,10.446879386901855,6.904050451339572e-07,-0.9962109327316284,4.791066513575811e-07,0.13878634572029114,-5.222326748821615e-08,-8.89039074536413e-06,0.13889709234235073,-1.4622041883242076e-07,-0.00035513655878280034,trajectory,GOAL_DIRECT,3.739340305328369,10.446879386901802,4.7799367166589946e-06
771,96050.515,10.471884727478027,6.809279966546455e-07,-0.9962109327316284,4.79045328918668e-07,0.13878634572029114,-5.352200460606582e-08,-8.89039074536413e-06,0.1388970923423498,-1.459327439065237e-07,-0.00035513655878280034,trajectory,GOAL_DIRECT,3.73934006690979,10.471884727477976,4.7799367166589946e-06
772,96050.625,10.486054420471191,6.753626280442404e-07,-0.9962109327316284,4.790105042206225e-07,0.13878634572029114,-5.562215932286563e-08,-8.89039074536413e-06,0.13889709234234995,-1.4634883668610402e-07,-0.00035513655878280034,trajectory,GOAL_DIRECT,3.73934006690979,10.486054420471142,4.7799367166589946e-06
773,96050.734,10.499390602111816,6.700035442008812e-07,-0.9962109327316284,4.789777624106905e-07,0.13878634572029114,-5.6094812350693246e-08,-8.89039074536413e-06,0.13889709234234998,-1.4513347835784756e-07,-0.00035513655878280034,trajectory,GOAL_DIRECT,3.7393405437469482,10.499390602111767,4.7799367166589946e-06
774,96050.859,10.512726783752441,6.645361736445921e-07,-0.9962109327316284,4.789450602294251e-07,0.13878634572029114,-5.755048704259025e-08,-8.89039074536413e-06,0.13889709234235015,-1.4585136083634467e-07,-0.00035513655878280034,trajectory,GOAL_DIRECT,3.7393407821655273,10.512726783752392,4.7799367166589946e-06
775,96050.968,10.526062965393066,6.589334020645765e-07,-0.9962109327316284,4.789122787908287e-07,0.13878634572029114,-5.9365710569636576e-08,-8.89039074536413e-06,0.1388970923423502,-1.4450430922553943e-07,-0.00035513655878280034,trajectory,GOAL_DIRECT,3.73934006690979,10.526062965393017,4.7799367166589946e-06
776,96051.093,10.539815902709961,6.530354994538357e-07,-0.9962109327316284,4.788785206650291e-07,0.13878634572029114,-5.98024669784536e-08,-8.89039074536413e-06,0.13889709234235034,-1.4519583171362478e-07,-0.00035513655878280034,trajectory,GOAL_DIRECT,3.739340305328369,10.539815902709913,4.7799367166589946e-06
777,96051.203,10.553568840026855,6.470193056884455e-07,-0.9962109327316284,4.788447854434816e-07,0.13878634572029114,-6.160974663771412e-08,-8.89039074536413e-06,0.13889709234235043,-1.4378812516520607e-07,-0.00035513655878280034,trajectory,GOAL_DIRECT,3.739339590072632,10.55356884002681,4.7799367166589946e-06
778,96051.328,10.56690502166748,6.410470518858347e-07,-0.9962109327316284,4.788119978345101e-07,0.13878634572029114,-6.306653688170627e-08,-8.89039074536413e-06,0.13889709234235167,-1.44489185816673e-07,-0.00035513655878280034,trajectory,GOAL_DIRECT,3.739340305328369,10.566905021667434,4.7799367166589946e-06
779,96051.453,10.580657958984375,6.347756880131783e-07,-0.9962109327316284,4.7877826263463e-07,0.13878634572029114,-6.356407311614021e-08,-8.89039074536413e-06,0.13889709234235179,-1.441642856074569e-07,-0.00035513655878280034,trajectory,GOAL_DIRECT,3.7393393516540527,10.580657958984329,4.7799367166589946e-06
780,96051.562,10.594827651977539,6.281794640017324e-07,-0.9962109327316284,4.787434744723843e-07,0.13878634572029114,-6.575825040044947e-08,-8.89039074536413e-06,0.13889709234235192,-1.4368594266604716e-07,-0.00035513655878280034,trajectory,GOAL_DIRECT,3.739340305328369,10.594827651977495,4.7799367166589946e-06
781,96051.687,10.609414100646973,6.212385414983146e-07,-0.9962109327316284,4.787076424788141e-07,0.13878634572029114,-6.639794492002693e-08,-8.89039074536413e-06,0.13889709234235204,-1.4331315347975748e-07,-0.00035513655878280034,trajectory,GOAL_DIRECT,3.73934006690979,10.60941410064693,4.7799367166589946e-06
782,96051.796,10.621500015258789,6.153906610961712e-07,-0.9962109327316284,4.7867800311542e-07,0.13878634572029114,-6.745516145656438e-08,-8.89039074536413e-06,0.1388970923423521,-1.4206267034948012e-07,-0.00035513655878280034,trajectory,GOAL_DIRECT,3.739339590072632,10.621500015258746,4.7799367166589946e-06
783,96051.921,10.635252952575684,6.08607535923511e-07,-0.9962109327316284,4.786442190019524e-07,0.13878634572029114,-6.95953161766738e-08,-8.89039074536413e-06,0.1388970923423523,-1.4258463669729812e-07,-0.00035513655878280034,trajectory,GOAL_DIRECT,3.739339590072632,10.635252952575641,4.7799367166589946e-06
784,96052.031,10.64775562286377,6.023247465236636e-07,-0.9962109327316284,4.786134975209118e-07,0.13878634572029114,-7.043674798978827e-08,-8.89039074536413e-06,0.13889709234235242,-1.4234163497138526e-07,-0.00035513655878280034,trajectory,GOAL_DIRECT,3.739339590072632,10.647755622863727,4.7799367166589946e-06
785,96052.14,10.661091804504395,5.955205324426061e-07,-0.9962109327316284,4.785807955513502e-07,0.13878634572029114,-7.112061695124794e-08,-8.89039074536413e-06,0.13889709234235245,-1.409653937806305e-07,-0.00035513655878280034,trajectory,GOAL_DIRECT,3.739340305328369,10.661091804504354,4.7799367166589946e-06
786,96052.25,10.675261497497559,5.881524884898681e-07,-0.9962109327316284,4.785459935925438e-07,0.13878634572029114,-7.3348310536403e-08,-8.89039074536413e-06,0.13889709234235162,-1.413585226319946e-07,-0.00035513655878280034,trajectory,GOAL_DIRECT,3.739340305328369,10.67526149749752,4.7799367166589946e-06
787,96052.375,10.689431190490723,5.806434728583554e-07,-0.9962109327316284,4.785111916193492e-07,0.13878634572029114,-7.390317335875807e-08,-8.89039074536413e-06,0.13889709234235278,-1.4097827085840945e-07,-0.00035513655878280034,trajectory,GOAL_DIRECT,3.739339828491211,10.689431190490684,4.7799367166589946e-06
788,96052.484,10.703600883483887,5.730131533709937e-07,-0.9962109327316284,4.784764402851655e-07,0.13878634572029114,-7.567710014200202e-08,-8.89039074536413e-06,0.13889709234235287,-1.3939229828969332e-07,-0.00035513655878280034,trajectory,GOAL_DIRECT,3.739339828491211,10.703600883483848,4.7799367166589946e-06
789,96052.609,10.71777057647705,5.652279355672363e-07,-0.9962109327316284,4.784415891655331e-07,0.13878634572029114,-7.695820869457748e-08,-8.89039074536413e-06,0.13889709234235312,-1.4003305649404728e-07,-0.00035513655878280034,trajectory,GOAL_DIRECT,3.739339590072632,10.717770576477013,4.7799367166589946e-06
790,96052.718,10.731523513793945,5.576776516136306e-07,-0.9962109327316284,4.784078172465166e-07,0.13878634572029114,-7.625438769309767e-08,-8.89039074536413e-06,0.1388970923423532,-1.3978043336167617e-07,-0.00035513655878280034,trajectory,GOAL_DIRECT,3.73934006690979,10.73152351379391,4.7799367166589946e-06
791,96052.843,10.74569320678711,5.499327926372644e-07,-0.9962109327316284,4.783730413549321e-07,0.13878634572029114,-7.533463275422037e-08,-8.89039074536413e-06,0.13889709234235323,-1.3947061879321706e-07,-0.00035513655878280034,trajectory,GOAL_DIRECT,3.739340305328369,10.745693206787074,4.7799367166589946e-06
792,96052.968,10.759029388427734,5.426721259027545e-07,-0.9962109327316284,4.783403133776044e-07,0.13878634572029114,-7.484761965770304e-08,-8.89039074536413e-06,0.13889709234235323,-1.3814272678948027e-07,-0.00035513655878280034,trajectory,GOAL_DIRECT,3.7393388748168945,10.759029388427699,4.7799367166589946e-06
793,96053.078,10.77194881439209,5.356615702112322e-07,-0.9962109327316284,4.783086016706375e-07,0.13878634572029114,-7.452425876408597e-08,-8.89039074536413e-06,0.13889709234235342,-1.3898020159751393e-07,-0.00035513655878280034,trajectory,GOAL_DIRECT,3.7393393516540527,10.771948814392056,4.7799367166589946e-06
794,96053.281,10.796120643615723,5.22601624197705e-07,-0.9962109327316284,4.782492432786666e-07,0.13878634572029114,-7.419710357225995e-08,-8.89039074536413e-06,0.13889709234235342,-1.3653916340720385e-07,-0.00035513655878280034,trajectory,GOAL_DIRECT,3.73934006690979,10.79612064361569,4.7799367166589946e-06
795,96053.406,10.809456825256348,5.154387849870545e-07,-0.9962109327316284,4.782165153303457e-07,0.13878634572029114,-7.377105504247083e-08,-8.89039074536413e-06,0.1388970923423526,-1.3807225131183558e-07,-0.00035513655878280034,trajectory,GOAL_DIRECT,3.73934006690979,10.809456825256316,4.7799367166589946e-06
796,96053.531,10.824043273925781,5.076404363535403e-07,-0.9962109327316284,4.78180737123395e-07,0.13878634572029114,-7.363723852904513e-08,-8.89039074536413e-06,0.1388970923423526,-1.366024930277816e-07,-0.00035513655878280034,trajectory,GOAL_DIRECT,3.739339828491211,10.82404327392575,4.7799367166589946e-06
797,96053.656,10.838212966918945,5.00087139698735e-07,-0.9962109327316284,4.781459551377876e-07,0.13878634572029114,-7.39453653864075e-08,-8.89039074536413e-06,0.13889709234235387,-1.3727508537749813e-07,-0.00035513655878280034,trajectory,GOAL_DIRECT,3.7393391132354736,10.838212966918915,4.7799367166589946e-06
798,96053.781,10.85238265991211,4.925552161694213e-07,-0.9962109327316284,4.781111484650092e-07,0.13878634572029114,-7.425381198800096e-08,-8.89039074536413e-06,0.13889709234235398,-1.3689402712195308e-07,-0.00035513655878280034,trajectory,GOAL_DIRECT,3.7393391132354736,10.852382659912081,4.7799367166589946e-06
799,96053.89,10.866135597229004,4.852697088608693e-07,-0.9962109327316284,4.780773626383757e-07,0.13878634572029114,-7.416933556214644e-08,-8.89039074536413e-06,0.13889709234235412,-1.3658581183943303e-07,-0.00035513655878280034,trajectory,GOAL_DIRECT,3.7393391132354736,10.866135597228975,4.7799367166589946e-06
800,96054.015,10.879888534545898,4.780109748026007e-07,-0.9962109327316284,4.780435767907898e-07,0.13878634572029114,-7.379986044497855e-08,-8.89039074536413e-06,0.1388970923423541,-1.3522908911019664e-07,-0.00035513655878280034,trajectory,GOAL_DIRECT,3.739339590072632,10.87988853454587,4.7799367166589946e-06
801,96054.125,10.893224716186523,4.71001186497233e-07,-0.9962109327316284,4.780108256968416e-07,0.13878634572029114,-7.331570373025897e-08,-8.89039074536413e-06,0.13889709234235426,-1.3600132558315033e-07,-0.00035513655878280034,trajectory,GOAL_DIRECT,3.7393391132354736,10.893224716186497,4.7799367166589946e-06
802,96054.234,10.907394409179688,4.635830634924787e-07,-0.9962109327316284,4.779760375082652e-07,0.13878634572029114,-7.239958677018876e-08,-8.89039074536413e-06,0.13889709234235423,-1.3465247909387039e-07,-0.00035513655878280034,trajectory,GOAL_DIRECT,3.7393386363983154,10.90739440917966,4.7799367166589946e-06
803,96054.359,10.920730590820312,4.5663128389605845e-07,-0.9962109327316284,4.779433049669584e-07,0.13878634572029114,-7.183146522038442e-08,-8.89039074536413e-06,0.1388970923423544,-1.3542341918258049e-07,-0.00035513655878280034,trajectory,GOAL_DIRECT,3.739339590072632,10.920730590820288,4.7799367166589946e-06
804,96054.468,10.934066772460938,4.4970656176701596e-07,-0.9962109327316284,4.779105770785618e-07,0.13878634572029114,-7.134816826237511e-08,-8.89039074536413e-06,0.13889709234235556,-1.3512354977772918e-07,-0.00035513655878280034,trajectory,GOAL_DIRECT,3.7393383979797363,10.934066772460913,4.7799367166589946e-06
805,96054.593,10.947402954101562,4.4280827182774374e-07,-0.9962109327316284,4.778778492037132e-07,0.13878634572029114,-7.098844179154185e-08,-8.89039074536413e-06,0.13889709234235553,-1.338223265551433e-07,-0.00035513655878280034,trajectory,GOAL_DIRECT,3.7393388748168945,10.947402954101538,4.7799367166589946e-06
806,96054.718,10.961155891418457,4.3572325125751377e-07,-0.9962109327316284,4.778441051338672e-07,0.13878634572029114,-7.081095532157633e-08,-8.89039074536413e-06,0.13889709234235467,-1.3444640189160677e-07,-0.00035513655878280034,trajectory,GOAL_DIRECT,3.7393388748168945,10.961155891418434,4.7799367166589946e-06
807,96054.843,10.975325584411621,4.284501358142734e-07,-0.9962109327316284,4.778093293775822e-07,0.13878634572029114,-7.105170851673392e-08,-8.89039074536413e-06,0.13889709234235476,-1.340347756076244e-07,-0.00035513655878280034,trajectory,GOAL_DIRECT,3.7393381595611572,10.975325584411598,4.7799367166589946e-06
808,96054.953,10.989078521728516,4.2141218159486016e-07,-0.9962109327316284,4.777755574265662e-07,0.13878634572029114,-7.126934065126989e-08,-8.89039074536413e-06,0.1388970923423549,-1.3369579534640808e-07,-0.00035513655878280034,trajectory,GOAL_DIRECT,3.7393391132354736,10.989078521728494,4.7799367166589946e-06
809,96055.062,11.00241470336914,4.146110939018399e-07,-0.9962109327316284,4.777428032183712e-07,0.13878634572029114,-7.127358259140237e-08,-8.89039074536413e-06,0.1388970923423549,-1.3237535403456012e-07,-0.00035513655878280034,trajectory,GOAL_DIRECT,3.7393383979797363,11.00241470336912,4.7799367166589946e-06
810,96055.187,11.016167640686035,4.0762040498520946e-07,-0.9962109327316284,4.777090172774517e-07,0.13878634572029114,-7.119238887298707e-08,-8.89039074536413e-06,0.13880654096601336,-1.3291800784707207e-07,-0.00035513655878280034,trajectory,GOAL_DIRECT,3.739339828491211,11.016167640686014,4.7799367166589946e-06
811,96055.296,11.0303373336792,4.004815536973183e-07,-0.9962109327316284,4.778663676365359e-07,0.13878533244132996,-6.958568832260426e-08,-8.89039074536413e-06,0.13880662202833022,-1.316693376147298e-07,-0.00035513655878280034,trajectory,GOAL_DIRECT,3.7393388748168945,11.03033733367918,4.7799367166589946e-06
812,96055.437,11.044090270996094,3.9350246083813545e-07,-0.9962109327316284,4.783438044919439e-07,0.13878017663955688,-7.188056372342544e-08,-8.887529475032352e-06,0.1377599358558453,-1.3122100749690596e-07,-0.0003551367876844269,trajectory,GOAL_DIRECT,3.7393381595611572,11.044090270996074,4.7799367166589946e-06
813,96055.531,11.057843208312988,3.8616437336713716e-07,-0.9962109327316284,4.790581513690605e-07,0.13876473903656006,-7.679018665385229e-08,-8.903266461857129e-06,0.13724543571470188,-1.3007837827055953e-07,-0.0003551355287254809,trajectory,GOAL_DIRECT,3.7393624782562256,11.057843208312969,4.7799367166589946e-06
814,96055.656,11.071986198425293,3.7795913954141724e-07,-0.9962109327316284,4.793321574648958e-07,0.13869152963161469,-8.45510541580552e-08,-8.991965842142235e-06,0.1372512924670978,-1.2798555377595085e-07,-0.0003551284327750581,trajectory,GOAL_DIRECT,3.7393851280212402,11.071986198425275,4.7799367166589946e-06
815,96055.781,11.0861234664917,3.68822526297663e-07,-0.9962109327316284,4.787324231578059e-07,0.13856706023216248,-9.505144049626324e-08,-9.030592991621234e-06,0.1362151527404597,-1.2673851324915118e-07,-0.0003551253426030998,trajectory,GOAL_DIRECT,3.739224910736084,11.086123466491681,4.7799367166589946e-06
816,96055.89,11.09984016418457,3.5879972415386874e-07,-0.9962109327316284,4.783236741442364e-07,0.13841068744659424,-1.0785633719478938e-07,-9.179376320389565e-06,0.13569751501081567,-1.245343398674286e-07,-0.0003551134399367983,trajectory,GOAL_DIRECT,3.738859176635742,11.099840164184554,4.7799367166589946e-06
817,96056.015,11.113945007324219,3.470107401426503e-07,-0.9962109327316284,4.786418077890416e-07,0.1381918340921402,-1.2375188873647858e-07,-9.369645340484567e-06,0.1357150232791726,-1.2144423014344675e-07,-0.0003550982184151907,trajectory,GOAL_DIRECT,3.7386584281921387,11.113945007324203,4.7799367166589946e-06
818,96056.14,11.128026962280273,3.3346091754538065e-07,-0.9962109327316284,4.794063049966397e-07,0.1379338502883911,-1.423810971346029e-07,-9.396827408636454e-06,0.1346923542022543,-1.1930354096273145e-07,-0.00035509604384973857,trajectory,GOAL_DIRECT,3.738323926925659,11.12802696228026,4.7799367166589946e-06
819,96056.25,11.14043140411377,3.1982085602066945e-07,-0.9962109327316284,4.80426102196213e-07,0.13768863677978516,-1.6108174349938054e-07,-9.627140570955817e-06,0.1341838979720917,-1.1681711636613189e-07,-0.000355077618796753,trajectory,GOAL_DIRECT,3.738003969192505,11.140431404113755,4.7799367166589946e-06
820,96056.359,11.15363597869873,3.033370035154803e-07,-0.9962109327316284,4.811544702619996e-07,0.1373877376317978,-1.8179679273089278e-07,-9.807392416405492e-06,0.1342079699039315,-1.129493444831502e-07,-0.00035506319864911704,trajectory,GOAL_DIRECT,3.7378931045532227,11.153635978698718,4.7799367166589946e-06
821,96056.484,11.167632102966309,2.839135788690328e-07,-0.9962109327316284,4.817216324053335e-07,0.1370396614074707,-1.979155115350295e-07,-9.77305717242416e-06,0.13327547788618668,-1.1095054869307576e-07,-0.00035506594546863557,trajectory,GOAL_DIRECT,3.737645149230957,11.167632102966298,4.7799367166589946e-06
822,96056.609,11.18077278137207,2.644343055635545e-07,-0.9962112903594971,4.823167685761687e-07,0.13670413196086884,-2.0689083157776622e-07,-9.97475945041515e-06,0.13277746558188136,-1.0877725923115546e-07,-0.00035503192789296365,trajectory,GOAL_DIRECT,3.737403392791748,11.180772781372061,4.7799367166589946e-06
823,96056.734,11.195516586303711,2.41863062910852e-07,-0.996213436126709,4.827430448418624e-07,0.13629575073719025,-2.0981775605832809e-07,-9.938991752278525e-06,0.1323173606395601,-1.0667972066955399e-07,-0.0003549117959527482,trajectory,GOAL_DIRECT,3.737403392791748,11.195516586303704,4.7799367166589946e-06
824,96056.843,11.209400177001953,2.2061824722641177e-07,-0.9962135553359985,4.833665800523395e-07,0.13588787615299225,-2.0560719349305145e-07,-8.660083040012978e-06,0.13179709792135968,-1.054636553040236e-07,-0.0003549139182127048,trajectory,GOAL_DIRECT,3.7373898029327393,11.209400177001946,4.7799367166589946e-06
825,96056.968,11.222830772399902,2.007331829645409e-07,-0.9962135553359985,4.837661441032754e-07,0.13547788560390472,-1.9503769976836338e-07,-8.471252840536181e-06,0.13182989716528626,-1.0371995376362487e-07,-0.00035492902462866296,trajectory,GOAL_DIRECT,3.737067699432373,11.222830772399897,4.7799367166589946e-06
826,96057.078,11.236222267150879,1.8221069808532775e-07,-0.9962135553359985,4.836489493720744e-07,0.13506251573562622,-1.7807806784730928e-07,-8.358234481420368e-06,0.1308388447761415,-1.0476691972162866e-07,-0.00035493283109890196,trajectory,GOAL_DIRECT,3.737067699432373,11.236222267150875,4.7799367166589946e-06
827,96057.203,11.2495756149292,1.656639199154597e-07,-0.9962135553359985,4.835955211010687e-07,0.13465483486652374,-1.5589846213970304e-07,-8.527035788574722e-06,0.13036927819250763,-1.0517304325328905e-07,-0.0003549193269943296,trajectory,GOAL_DIRECT,3.736971139907837,11.249575614929196,4.7799367166589946e-06
828,96057.312,11.262884140014648,1.5127520214264223e-07,-0.9962135553359985,4.831593675709445e-07,0.13422992825508118,-1.3520532604616164e-07,-8.642915418022312e-06,0.13040327072142222,-1.047272735177884e-07,-0.0003549100566239738,trajectory,GOAL_DIRECT,3.736891746520996,11.262884140014645,4.7799367166589946e-06
829,96057.421,11.275347709655762,1.3951374455700716e-07,-0.9962135553359985,4.825367755659063e-07,0.13382354378700256,-1.1809964917119942e-07,-8.549927770218346e-06,0.1387787508964386,-1.1400629061263209e-07,-0.0003549174956357981,trajectory,GOAL_DIRECT,3.73699688911438,11.275347709655758,4.7799367166589946e-06
830,96057.546,11.288176536560059,1.2893011103187746e-07,-0.9962135553359985,4.818397414868408e-07,0.13350407779216766,-1.0276143314058572e-07,-6.355475306918379e-06,0.1388043081760248,-1.1350802238758755e-07,-0.0003550930518328621,trajectory,GOAL_DIRECT,3.736867904663086,11.288176536560057,4.7799367166589946e-06
831,96057.671,11.30139446258545,1.1944428024435183e-07,-0.9962135553359985,4.813074765016672e-07,0.13358038663864136,-8.926738814807322e-08,-7.731657206022646e-06,0.13931356906891262,1.3922848395354527e-08,-0.00035498295728093377,trajectory,STRAIGHT,3.736790657043457,11.301394462585447,4.7799367166589946e-06
832,96057.781,11.3146333694458,1.111742449211306e-07,-0.9962135553359985,4.805597834172912e-07,0.13390076160430908,-7.821397218776838e-08,-9.175068953481968e-06,0.13928793907165876,1.294288491680787e-08,-0.000354867484341137,trajectory,STRAIGHT,3.7369444370269775,11.314633369445799,4.7799367166589946e-06
833,96057.906,11.327910423278809,1.038753225657274e-07,-0.9962135553359985,4.793955808379522e-07,0.1343507468700409,-6.965644416823125e-08,-9.711523489386309e-06,0.13925194025039989,1.3744336652040705e-08,-0.0003548245679782647,trajectory,STRAIGHT,3.738687515258789,11.327910423278807,4.7799367166589946e-06
834,96058.031,11.341641426086426,9.710758774872374e-08,-0.9962135553359985,4.777706385041332e-07,0.13485974073410034,-6.349358017132545e-08,-9.63284128374653e-06,0.13921122074127562,1.1729343081779723e-08,-0.00035483086255471585,trajectory,STRAIGHT,3.7370235919952393,11.341641426086424,4.7799367166589946e-06
835,96058.125,11.354205131530762,9.137306733464357e-08,-0.9962135553359985,4.7641182015966883e-07,0.13531838357448578,-6.006658992419034e-08,-9.346742444904521e-06,0.13917452931404464,1.1270593041240203e-08,-0.0003548537504618232,trajectory,STRAIGHT,3.7360992431640625,11.35420513153076,4.7799367166589946e-06
836,96058.25,11.367626190185547,8.561613640267751e-08,-0.9962135553359985,4.749399313068011e-07,0.1357758790254593,-5.602222685752167e-08,-9.004850653582253e-06,0.13913792967796662,1.230694514316241e-08,-0.000354881101805129,trajectory,STRAIGHT,3.735832691192627,11.367626190185547,4.7799367166589946e-06
837,96058.359,11.380270957946777,8.062725953550398e-08,-0.9962135553359985,4.737541884214102e-07,0.13616657257080078,-5.107767009349118e-08,-8.717321179574355e-06,0.13910667419433909,1.0463485477856851e-08,-0.0003549041041630496,trajectory,STRAIGHT,3.7359108924865723,11.380270957946777,4.7799367166589946e-06
838,96058.484,11.39254093170166,7.628517550983815e-08,-0.9962135553359985,4.7203426418889113e-07,0.13650542497634888,-4.523761276686855e-08,-8.459834134555422e-06,0.13907956600189478,9.95921367738796e-09,-0.00035492470312665115,trajectory,STRAIGHT,3.73616623878479,11.39254093170166,4.7799367166589946e-06
839,96058.593,11.406071662902832,7.217350628252461e-08,-0.9962135553359985,4.697759044911304e-07,0.13683411478996277,-3.7614587000689426e-08,-8.212355169234797e-06,0.13905327081680538,1.06069352323603e-08,-0.0003549445014438768,trajectory,STRAIGHT,3.7364895343780518,11.406071662902832,4.7799367166589946e-06
840,96058.718,11.418811798095703,6.905290916847662e-08,-0.9962135553359985,4.6691379745412607e-07,0.13710342347621918,-2.9308013793638565e-08,-8.08073855296243e-06,0.1390317261219043,8.659004416833734e-09,-0.0003549550307731786,trajectory,STRAIGHT,3.7368323802948,11.418811798095703,4.7799367166589946e-06
841,96058.843,11.433223724365234,6.652558681707887e-08,-0.9962135553359985,4.6351458040174263e-07,0.13736583292484283,-1.8593583561710147e-08,-7.974871550686657e-06,0.13901073336601374,7.841839733850664e-09,-0.00035496350013336064,trajectory,STRAIGHT,3.7371606826782227,11.433223724365234,4.7799367166589946e-06
842,96058.953,11.446833610534668,6.523877260633526e-08,-0.9962135553359985,4.5988033827753714e-07,0.13757731020450592,-7.191150341867569e-09,-7.87472708907444e-06,0.13899381518364,6.75481756288921e-09,-0.0003549715116902896,trajectory,STRAIGHT,3.7374637126922607,11.446833610534668,4.7799367166589946e-06
843,96059.046,11.4608736038208,6.516040684800828e-08,-0.9962135553359985,4.5567912886148706e-07,0.1377633810043335,5.879105202666324e-09,-7.75455373513978e-06,0.1389789295196533,6.731753828668745e-09,-0.0003549811255586044,trajectory,STRAIGHT,3.7377331256866455,11.4608736038208,4.7799367166589946e-06
844,96059.171,11.47493839263916,6.648379979878882e-08,-0.9962135553359985,4.514333648361123e-07,0.1379213035106659,2.0293567715157224e-08,-7.725941031822003e-06,0.1389662957191467,4.284665434557332e-09,-0.00035498341457486984,trajectory,STRAIGHT,3.7379696369171143,11.47493839263916,4.7799367166589946e-06
845,96059.296,11.48901081085205,6.933336038628113e-08,-0.9962135553359985,4.4794836334908756e-07,0.13805505633354187,3.509909518584209e-08,-7.680160706513561e-06,0.13895559549331576,2.833311068703191e-09,-0.0003549870770008945,trajectory,STRAIGHT,3.7381768226623535,11.48901081085205,4.7799367166589946e-06
846,96059.421,11.50268268585205,7.31783629248639e-08,-0.9962135553359985,4.458756307481884e-07,0.1381652057170868,4.1070574496870904e-08,-7.65727054385934e-06,0.13894678354263196,2.7660814197564434e-09,-0.00035498890821390684,trajectory,STRAIGHT,3.7383527755737305,11.50268268585205,4.7799367166589946e-06
847,96059.531,11.5167875289917,7.736316121054188e-08,-0.9962135553359985,4.442482190428054e-07,0.13826145231723785,3.984811414170508e-08,-7.631519110873342e-06,0.1389390838146206,2.096809671437374e-09,-0.0003549909683285457,trajectory,STRAIGHT,3.738506317138672,11.5167875289917,4.7799367166589946e-06
848,96059.656,11.530062675476074,8.088378677939545e-08,-0.9962135553359985,4.429091514604154e-07,0.1383383870124817,3.249205349220574e-08,-7.620074029546231e-06,0.13893292903900137,3.0411330695730454e-09,-0.00035499188393505187,trajectory,STRAIGHT,3.738635540008545,11.530062675476074,4.7799367166589946e-06
849,96059.765,11.543752670288086,8.346598434627595e-08,-0.9962135553359985,4.413577981918322e-07,0.1384059488773346,1.8604582763259714e-08,-7.6086289482191205e-06,0.13892752408981343,3.899691134110463e-09,-0.00035499279954155806,trajectory,STRAIGHT,3.738744020462036,11.543752670288086,4.7799367166589946e-06
850,96059.968,11.55704116821289,8.439485554845305e-08,-0.9962135553359985,4.396332346068496e-07,0.13846167922019958,8.580375299160892e-10,-7.600045137223788e-06,0.13892306566238485,5.963694481101698e-09,-0.00035499348624643765,trajectory,STRAIGHT,3.7388367652893066,11.55704116821289,4.7799367166589946e-06
851,96060.109,11.581157684326172,8.243002724839243e-08,-0.9962135553359985,4.359628892125875e-07,0.13854292035102844,-2.080867211873283e-08,-7.59718386689201e-06,0.13891656637191907,8.111567490074233e-09,-0.0003549937151480642,trajectory,STRAIGHT,3.7389159202575684,11.581157684326172,4.7799367166589946e-06
852,96060.218,11.595294952392578,7.998791318186704e-08,-0.9962135553359985,4.3332042576830655e-07,0.13858088850975037,-2.616863881144127e-08,-7.588600055896677e-06,0.13891352891922193,8.018539926760657e-09,-0.00035499440185294385,trajectory,STRAIGHT,3.738982677459717,11.595294952392578,4.7799367166589946e-06
853,96060.343,11.609016418457031,7.735427942634487e-08,-0.9962135553359985,4.3035291121541727e-07,0.1386120617389679,-2.618137706633661e-08,-7.588600055896677e-06,0.13891103506088448,9.134159824742238e-09,-0.00035499440185294385,trajectory,STRAIGHT,3.7390377521514893,11.609016418457031,4.7799367166589946e-06
854,96060.453,11.622322082519531,7.503604848579926e-08,-0.9962135553359985,4.2707642307673476e-07,0.1386376917362213,-2.131123189030859e-08,-7.588600055896677e-06,0.13890898466110402,7.569335159820086e-09,-0.00035499440185294385,trajectory,STRAIGHT,3.739084482192993,11.622322082519531,4.7799367166589946e-06
855,96060.578,11.63687515258789,7.331658480325132e-08,-0.9962135553359985,4.234163674253836e-07,0.13866136968135834,-1.0479609180436e-08,-7.580016244901344e-06,0.13890709042549268,7.812296452639816e-09,-0.0003549950885578235,trajectory,STRAIGHT,3.7391252517700195,11.63687515258789,4.7799367166589946e-06
856,96060.703,11.650596618652344,7.289045100833391e-08,-0.9962135553359985,4.1965281439897943e-07,0.13868018984794617,1.0590459620374304e-09,-7.580016244901344e-06,0.13890558481216486,5.565872748017953e-09,-0.0003549950885578235,trajectory,STRAIGHT,3.739161491394043,11.650596618652344,4.7799367166589946e-06
857,96060.796,11.663902282714844,7.339827590158166e-08,-0.9962135553359985,4.1555706708647836e-07,0.13869568705558777,9.118832799970278e-09,-7.580016244901344e-06,0.13890434503555363,4.793089725701708e-09,-0.0003549950885578235,trajectory,STRAIGHT,3.739189386367798,11.663902282714844,4.7799367166589946e-06
858,96060.937,11.677207946777344,7.45643902178017e-08,-0.9962135553359985,4.112662823771752e-07,0.1387089043855667,1.4773175571747288e-08,-7.580016244901344e-06,0.1389032876491551,5.147543069343557e-09,-0.0003549950885578235,trajectory,STRAIGHT,3.739213705062866,11.677207946777344,4.7799367166589946e-06
859,96061.046,11.690513610839844,7.615788177872673e-08,-0.9962135553359985,4.068676312589292e-07,0.13872013986110687,1.802223437152861e-08,-7.580016244901344e-06,0.13890238881111167,3.895360385009184e-09,-0.0003549950885578235,trajectory,STRAIGHT,3.739234209060669,11.690513610839844,4.7799367166589946e-06
860,96061.171,11.70465087890625,7.80609639150498e-08,-0.9962135553359985,4.0181388509721025e-07,0.1387302726507187,1.8839029891637438e-08,-7.580016244901344e-06,0.1389015781879427,4.650655071408688e-09,-0.0003549950885578235,trajectory,STRAIGHT,3.7392523288726807,11.70465087890625,4.7799367166589946e-06
861,96061.296,11.71920394897461,7.995956252671022e-08,-0.9962135553359985,3.9634355852661966e-07,0.13873907923698425,1.684384898226199e-08,-7.580016244901344e-06,0.13890087366104092,3.985533664869828e-09,-0.0003549950885578235,trajectory,STRAIGHT,3.739266872406006,11.71920394897461,4.7799367166589946e-06
862,96061.421,11.733757019042969,8.149763175424596e-08,-0.9962135553359985,3.9056800787406246e-07,0.1387464553117752,1.1971686753042832e-08,-7.580016244901344e-06,0.13890028357505846,4.369603692820321e-09,-0.0003549950885578235,trajectory,STRAIGHT,3.739278554916382,11.733757019042969,4.7799367166589946e-06
863,96061.531,11.747894287109375,8.238099979962499e-08,-0.9962135553359985,3.847181044258156e-07,0.13875249028205872,5.8060485308431e-09,-7.580016244901344e-06,0.13889980077743566,4.846503558700098e-09,-0.0003549950885578235,trajectory,STRAIGHT,3.739288568496704,11.747894287109375,4.7799367166589946e-06
864,96061.656,11.761621475219727,8.293575604056969e-08,-0.9962135553359985,3.787590246777502e-07,0.13875748217105865,6.230137294949145e-09,-7.580016244901344e-06,0.1388994014263159,4.7664028942484665e-09,-0.0003549950885578235,trajectory,STRAIGHT,3.7392983436584473,11.761621475219727,4.7799367166589946e-06
865,96061.765,11.774124145507812,8.356693115274538e-08,-0.9962135553359985,3.729133333661845e-07,0.13876134157180786,7.795058820647682e-09,-7.580016244901344e-06,0.1388990926742559,5.556102012140023e-09,-0.0003549950885578235,trajectory,STRAIGHT,3.7393057346343994,11.774124145507812,4.7799367166589946e-06
866,96061.89,11.787877082824707,8.44238741137815e-08,-0.9962135553359985,3.659022950296808e-07,0.13876496255397797,9.516428534084298e-09,-7.580016244901344e-06,0.138898802995682,4.419271849041833e-09,-0.0003549950885578235,trajectory,STRAIGHT,3.739311695098877,11.787877082824707,4.7799367166589946e-06
867,96061.984,11.801630020141602,8.545122653913495e-08,-0.9962135553359985,3.586750526201605e-07,0.1387680172920227,1.1237815122910888e-08,-7.580016244901344e-06,0.13889855861663858,4.196057412502442e-09,-0.0003549950885578235,trajectory,STRAIGHT,3.739316701889038,11.8016300201416,4.7799367166589946e-06
868,96062.109,11.814549446105957,8.657154637603526e-08,-0.9962135553359985,3.512621311675784e-07,0.1387704461812973,1.2854930453443103e-08,-7.580016244901344e-06,0.13889836430549654,5.057338054151464e-09,-0.0003549950885578235,trajectory,STRAIGHT,3.73932147026062,11.814549446105955,4.7799367166589946e-06
869,96062.234,11.828302383422852,8.792941486035488e-08,-0.9962135553359985,3.431873249403816e-07,0.13877272605895996,1.4576483131634177e-08,-7.580016244901344e-06,0.13889818191528308,3.7875617510115995e-09,-0.0003549950885578235,trajectory,STRAIGHT,3.739323854446411,11.82830238342285,4.7799367166589946e-06
870,96062.359,11.842472076416016,8.95067202577593e-08,-0.9962135553359985,3.3449653487699876e-07,0.13877475261688232,1.6350327314285096e-08,-7.580016244901344e-06,0.13889801979064922,4.7225922743802885e-09,-0.0003549950885578235,trajectory,STRAIGHT,3.7393271923065186,11.842472076416014,4.7799367166589946e-06
871,96062.468,11.85664176940918,9.126496536282502e-08,-0.9962135553359985,3.256975718204899e-07,0.13877631723880768,1.812433048087314e-08,-7.580016244901344e-06,0.1388978946208955,3.3315575808753056e-09,-0.0003549950885578235,trajectory,STRAIGHT,3.7393312454223633,11.856641769409178,4.7799367166589946e-06
872,96062.578,11.870811462402344,9.320417149183413e-08,-0.9962135553359985,3.1687265968085775e-07,0.13877765834331512,1.9898493519576732e-08,-7.580016244901344e-06,0.13889778733253483,3.0636776063387462e-09,-0.0003549950885578235,trajectory,STRAIGHT,3.739332914352417,11.870811462402342,4.7799367166589946e-06
873,96062.703,11.884981155395508,9.532436706649605e-08,-0.9962135553359985,3.076225301138805e-07,0.1387786716222763,2.1672896366453642e-08,-7.580016244901344e-06,0.13889770627021789,3.95483134009927e-09,-0.0003549950885578235,trajectory,STRAIGHT,3.739335536956787,11.884981155395506,4.7799367166589946e-06
874,96062.828,11.899150848388672,9.762555919223814e-08,-0.9962135553359985,2.9812612665025397e-07,0.1387796849012375,2.3447551456001747e-08,-7.580016244901344e-06,0.13889762520790094,2.5760605794835407e-09,-0.0003549950885578235,trajectory,STRAIGHT,3.7393360137939453,11.89915084838867,4.7799367166589946e-06
875,96062.953,11.913320541381836,1.0010776207991512e-07,-0.9962135553359985,2.883482914590055e-07,0.1387805938720703,2.522239306301799e-08,-7.580016244901344e-06,0.13889755249023425,2.3217242322776453e-09,-0.0003549950885578235,trajectory,STRAIGHT,3.7393362522125244,11.913320541381834,4.7799367166589946e-06
876,96063.062,11.925823211669922,1.0244831116779096e-07,-0.9962135553359985,2.7937035660123125e-07,0.1387811005115509,2.6788642415453978e-08,-7.580016244901344e-06,0.13889751195907563,1.9716407725924704e-09,-0.0003549950885578235,trajectory,STRAIGHT,3.73933744430542,11.92582321166992,4.7799367166589946e-06
877,96063.171,11.939159393310547,1.0510027692589574e-07,-0.9962135553359985,2.6971879879835215e-07,0.13878200948238373,2.845955826558111e-08,-7.580016244901344e-06,0.13889743924140896,2.7784248820677036e-09,-0.0003549950885578235,trajectory,STRAIGHT,3.739339590072632,11.939159393310545,4.7799367166589946e-06
878,96063.375,11.952912330627441,1.0800314953485213e-07,-0.9962135553359985,2.597162613864971e-07,0.13878272473812103,3.018295302581464e-08,-7.580016244901344e-06,0.13889738202094912,1.5360468176489207e-09,-0.0003549950885578235,trajectory,STRAIGHT,3.739339590072632,11.95291233062744,4.7799367166589946e-06
879,96063.5,11.977084159851074,1.1351865936148897e-07,-0.9962135553359985,2.4118476721442663e-07,0.13878358900547028,3.321248698284762e-08,-7.580016244901344e-06,0.1388973128795618,1.905386184957916e-09,-0.0003549950885578235,trajectory,STRAIGHT,3.7393393516540527,11.977084159851072,4.7799367166589946e-06
880,96063.625,11.99000358581543,1.1664970855918e-07,-0.9962135553359985,2.3147773599975777e-07,0.13878405094146729,3.3819357980746645e-08,-7.580016244901344e-06,0.1388972759246823,8.211389428870938e-10,-0.0003549950885578235,trajectory,STRAIGHT,3.7393405437469482,11.990003585815428,4.7799367166589946e-06
881,96063.75,12.004590034484863,1.2027525997382327e-07,-0.9962135553359985,2.2303452105100639e-07,0.13878457248210907,3.6841672823584304e-08,-7.580016244901344e-06,0.009999999999999653,-2.631877092150611e-09,-0.0003549950885578235,trajectory,STRAIGHT,3.7393410205841064,12.004590034484862,4.7799367166589946e-06
882,96063.875,12.019148826599121,1.2408898442117788e-07,-0.9962161779403687,2.1734791824472824e-07,0.1375058889389038,3.513365243179578e-08,-0.00017785884847398847,0.009999999999999665,-2.589766266916498e-09,-0.00034124165176099066,trajectory,STRAIGHT,3.73934268951416,12.019148826599118,4.7799367166589946e-06
883,96064.0,12.032057762145996,1.273882048735686e-07,-0.9962664246559143,2.1374207759931157e-07,0.13069778680801392,3.4251073088853445e-08,-0.0008348324918188155,0.00999999999999967,-2.5666346712260274e-09,-0.00028605625454955263,trajectory,STRAIGHT,3.73934268951416,12.032057762145993,4.7799367166589946e-06
884,96064.109,12.04487419128418,1.3099058548959874e-07,-0.9963699579238892,2.1018104485410323e-07,0.12023996561765671,3.618629662582862e-08,-0.001089571975171566,0.009999999999999676,-2.5450761298302964e-09,-0.00025829388062413746,trajectory,STRAIGHT,3.7368276119232178,12.044874191284176,4.7799367166589946e-06
885,96064.218,12.056225776672363,1.345317599543705e-07,-0.996475100517273,2.0667459225402853e-07,0.10900802165269852,3.470564990948333e-08,-0.0009856073884293437,0.009999999999999681,-2.5237502637301747e-09,-0.00026135391789432584,trajectory,STRAIGHT,3.6926684379577637,12.05622577667236,4.7799367166589946e-06
886,96064.359,12.066753387451172,1.3782593555333733e-07,-0.9965649247169495,2.0259979220581594e-07,0.09751064330339432,2.922844366537447e-08,-0.0007614486385136843,0.009999999999999688,-2.49587295733031e-09,-0.00026563154306797677,trajectory,STRAIGHT,3.6757514476776123,12.066753387451168,4.7799367166589946e-06
887,96064.468,12.076399803161621,1.4042163343219727e-07,-0.9966325163841248,1.9836667834326274e-07,0.08639991283416748,1.9530149941715536e-08,-0.0005208729999139905,0.009999999999999697,-2.463970600568923e-09,-0.0002775534394439782,trajectory,STRAIGHT,3.6707401275634766,12.076399803161618,4.7799367166589946e-06
888,96064.593,12.08447265625,1.417478614484935e-07,-0.9966734647750854,1.9427181228627235e-07,0.07685889303684235,6.659487183924284e-09,-0.00031281073461286724,0.009999999999999705,-2.428900705757549e-09,-0.0002891827569830696,trajectory,STRAIGHT,3.6721270084381104,12.084472656249996,4.7799367166589946e-06
889,96064.718,12.09165096282959,1.4162127115469048e-07,-0.9966959357261658,1.900845026232788e-07,0.06830497831106186,-9.820392499193531e-09,-0.00014741004270035774,0.009999999999999714,-2.3877923263837698e-09,-0.0003012912647820542,trajectory,STRAIGHT,3.676668882369995,12.091650962829586,4.7799367166589946e-06
890,96064.843,12.098210334777832,1.3959329692170286e-07,-0.9967039823532104,1.8577026019774349e-07,0.060509320348501205,-3.058600839267456e-08,-1.7116268281824887e-05,0.009999999999999726,-2.338761924073438e-09,-0.00030852741619294855,trajectory,STRAIGHT,3.682544708251953,12.098210334777828,4.7799367166589946e-06
891,96064.968,12.10418701171875,1.350835674429618e-07,-0.9967002272605896,1.8163564075856207e-07,0.05349401384592056,-5.5987690927850053e-08,8.017631625989452e-05,0.009999999999999738,-2.282835313473573e-09,-0.0003161452151900801,trajectory,STRAIGHT,3.688774347305298,12.104187011718746,4.7799367166589946e-06
892,96065.093,12.109333992004395,1.280772465861446e-07,-0.9966884255409241,1.775042362244803e-07,0.04756937548518181,-8.090616177014454e-08,0.00014486971485894173,0.009999999999999756,-2.2181141188291912e-09,-0.000322075675513368,trajectory,STRAIGHT,3.6948330402374268,12.109333992004391,4.7799367166589946e-06
893,96065.203,12.113916397094727,1.1867604854387537e-07,-0.9966712594032288,1.7286892321147167e-07,0.04242636263370514,-1.0294979801983573e-07,0.0001866158127086237,0.009999999999999771,-2.139890239682222e-09,-0.0003267919350753834,trajectory,STRAIGHT,3.7004644870758057,12.113916397094725,4.7799367166589946e-06
894,96065.328,12.118010520935059,1.0717197795884204e-07,-0.9966508150100708,1.6818800408394934e-07,0.03797245770692825,-1.2214118783049344e-07,0.00021207086683716625,0.009999999999999789,-2.0537480810851145e-09,-0.00033060439884440745,trajectory,STRAIGHT,3.7055611610412598,12.118010520935057,4.7799367166589946e-06
895,96065.468,12.121889114379883,9.30212920025042e-08,-0.9966272115707397,1.6321349295987074e-07,0.03391207382082939,-1.393751603018245e-07,0.00022619747323915362,0.009999999999999808,-1.9553375291485097e-09,-0.0003329146993231191,trajectory,STRAIGHT,3.7100911140441895,12.121889114379881,4.7799367166589946e-06
896,96065.593,12.125359535217285,7.734559659411389e-08,-0.9966017603874207,1.5935397387510094e-07,0.030435506254434586,-1.4796921732340707e-07,0.0002319167833775282,0.009999999999999827,-1.8626015485379147e-09,-0.0003365791352377967,trajectory,STRAIGHT,3.7140824794769287,12.125359535217285,4.7799367166589946e-06
897,96065.718,12.128397941589355,6.21131590605728e-08,-0.9965769648551941,1.5688612043805665e-07,0.027537686750292778,-1.4011685323112033e-07,0.00022808292123954743,0.00999999999999984,-1.7851626200960437e-09,-0.00033862987505315804,trajectory,STRAIGHT,3.7175748348236084,12.128397941589355,4.7799367166589946e-06
898,96065.828,12.131080627441406,4.8568594479547755e-08,-0.9965541958808899,1.5505370470797427e-07,0.025115003809332848,-1.2431310381089133e-07,0.000220515372348018,0.009999999999999851,-1.7198293420954447e-09,-0.00034025179954042634,trajectory,STRAIGHT,3.72060489654541,12.131080627441406,4.7799367166589946e-06
899,96065.953,12.133670806884766,3.6275014991815624e-08,-0.9965305924415588,1.534534368247452e-07,0.02291252091526985,-1.039813710690396e-07,0.00021066467161290348,0.009999999999999861,-1.6610900167715087e-09,-0.0003416438001574884,trajectory,STRAIGHT,3.7232306003570557,12.133670806884766,4.7799367166589946e-06
900,96066.093,12.13591480255127,2.6432884325799932e-08,-0.9965094327926636,1.5195644253102272e-07,0.021127333864569664,-8.989556476990401e-08,0.0002000242966460064,0.00999999999999987,-1.6118552703917346e-09,-0.0003428870823035168,trajectory,STRAIGHT,3.7255008220672607,12.13591480255127,4.7799367166589946e-06
901,96066.203,12.137869834899902,1.8241312460531844e-08,-0.9964903593063354,1.5039054339523145e-07,0.019672945141792297,-8.155522834840667e-08,0.0001900992210721597,0.009999999999999877,-1.5676387773304697e-09,-0.00034397596280385964,trajectory,STRAIGHT,3.727466106414795,12.137869834899902,4.7799367166589946e-06
902,96066.312,12.139918327331543,9.686228708005729e-09,-0.9964706897735596,1.4902793627971252e-07,0.018262499943375587,-7.787770783806991e-08,0.00017708555969875306,0.0,0.0,0.0,trajectory_no_feasible,STRAIGHT,3.7291557788848877,12.139918327331543,4.7799367166589946e-06
903,96066.453,12.141565322875977,2.4415984789527556e-09,-0.9964549541473389,1.4794637003237393e-07,0.017103446647524834,-7.785159539253073e-08,0.00015558453742414713,0.00999999999999989,-1.488005432966753e-09,-0.00034468642056724506,trajectory,REJOIN_SOFT,3.7306158542633057,12.141565322875977,4.7799367166589946e-06
904,96066.578,12.143278121948242,-5.682566861509031e-09,-0.9964388608932495,1.4650524142600027e-07,0.01557476818561554,-7.664505119464593e-08,0.00015038737910799682,0.009999999999999896,-1.4451604993166203e-09,-0.0003457663304054581,trajectory,REJOIN_SOFT,3.7318689823150635,12.143278121948242,4.7799367166589946e-06
905,96066.703,12.144893646240234,-1.3822995192924736e-08,-0.996422529220581,1.446210497951892e-07,0.014405333437025547,-7.383504652125339e-08,0.00014535615628119558,0.009999999999999901,-1.3977955057232377e-09,-0.0003468871410073005,trajectory,REJOIN_SOFT,3.7327418327331543,12.144893646240234,4.7799367166589946e-06
906,96066.828,12.146401405334473,-2.1574550146397087e-08,-0.9964075088500977,1.4236595816653967e-07,0.013559774495661259,-6.944757302562721e-08,0.0001357028668280691,0.00999999999999991,-1.3480548691219812e-09,-0.00034758309116670325,trajectory,REJOIN_SOFT,3.730253219604492,12.146401405334473,4.7799367166589946e-06
907,96066.953,12.147712707519531,-2.8193861467684656e-08,-0.9963942766189575,1.4017060347091922e-07,0.012971298769116402,-6.405497288142215e-08,0.00012594227155204862,0.009999999999999915,-1.3028595351226544e-09,-0.00034812346490985745,trajectory,REJOIN_SOFT,3.733180046081543,12.147712707519531,4.7799367166589946e-06
908,96067.078,12.1490478515625,-3.4557590566919316e-08,-0.9963817596435547,1.3777580049220475e-07,0.01248088851571083,-5.6912192292202235e-08,0.00011597998673096299,0.00999999999999992,-1.2565437972901866e-09,-0.00034853341572539274,trajectory,REJOIN_SOFT,3.734896421432495,12.1490478515625,4.7799367166589946e-06
909,96067.203,12.150300025939941,-3.9949309638132036e-08,-0.9963699579238892,1.353868123198754e-07,0.0120988879352808,-4.857622215581614e-08,0.00010768571519292891,0.009999999999999927,-1.2136803490408458e-09,-0.0003490096348258376,trajectory,REJOIN_SOFT,3.736049175262451,12.150300025939941,4.7799367166589946e-06
910,96067.312,12.1515531539917,-4.4536829335584116e-08,-0.9963595271110535,1.3288451285675518e-07,0.011777309700846672,-3.85605574138026e-08,9.91782799246721e-05,0.009999999999999933,-1.1724903438609427e-09,-0.00034936884549543687,trajectory,REJOIN_SOFT,3.7368359565734863,12.1515531539917,4.7799367166589946e-06
911,96067.437,12.152775764465332,-4.7996397967153825e-08,-0.9963490962982178,1.3056305772769956e-07,0.01151121687144041,-2.7092232457448517e-08,9.143188799498603e-05,0.009999999999999936,-1.1370579816656724e-09,-0.0003497287371496893,trajectory,REJOIN_SOFT,3.7373907566070557,12.152775764465332,4.7799367166589946e-06
912,96067.578,12.153977394104004,-5.017557924702487e-08,-0.9963398575782776,1.2789654732194954e-07,0.011288615874946117,-1.4173037854448012e-08,8.4083185356576e-05,0.00999999999999994,-1.1026647680069699e-09,-0.0003500608393024074,trajectory,REJOIN_SOFT,3.7377967834472656,12.153977394104004,4.7799367166589946e-06
913,96067.703,12.155179977416992,-5.0941906692969496e-08,-0.9963312745094299,1.2505292016978852e-07,0.011096022091805935,-3.8516645428643415e-10,7.74712098063901e-05,0.009999999999999943,-1.0714602051055583e-09,-0.0003503667470828542,trajectory,REJOIN_SOFT,3.738105535507202,12.155179977416992,4.7799367166589946e-06
914,96067.843,12.156341552734375,-5.044211448534952e-08,-0.9963229298591614,1.223326261340271e-07,0.01093766838312149,9.18603237920479e-09,7.141572859836742e-05,0.009999999999999946,-1.0459416864316573e-09,-0.0003506764609900282,trajectory,REJOIN_SOFT,3.73834228515625,12.156341552734375,4.7799367166589946e-06
915,96067.953,12.157476425170898,-4.9163364934656784e-08,-0.9963157773017883,1.1965240342641674e-07,0.010802913457155228,1.4451788210578798e-08,6.574363214895129e-05,0.009999999999999948,-1.0235672807300718e-09,-0.00035094677103620134,trajectory,REJOIN_SOFT,3.7386882305145264,12.157476425170898,4.7799367166589946e-06
916,96068.062,12.158546447753906,-4.7650431156398554e-08,-0.9963098764419556,1.1728187528888206e-07,0.010694037191569805,1.5472688019713132e-08,6.0815404140157625e-05,0.00999999999999995,-1.0051213744863735e-09,-0.0003511616556958463,trajectory,REJOIN_SOFT,3.738816499710083,12.158546447753906,4.7799367166589946e-06
917,96068.171,12.159504890441895,-4.6341806836380783e-08,-0.9963045120239258,1.1506734856919707e-07,0.010608119890093803,1.3078684801826057e-08,5.683133713318966e-05,0.009999999999999952,-9.875265516224713e-10,-0.00035137028366147955,trajectory,REJOIN_SOFT,3.738920211791992,12.159504890441895,4.7799367166589946e-06
918,96068.281,12.159819602966309,-4.597105984771588e-08,-0.9963027238845825,1.1428611387630768e-07,0.010581943206489086,1.1577553138408803e-08,5.622478784061968e-05,0.009999999999999952,-9.81001491059963e-10,-0.00035141116668523705,trajectory,REJOIN_SOFT,3.738920211791992,12.159819602966309,4.7799367166589946e-06
919,96068.421,12.161581993103027,-4.512346762908237e-08,-0.9962927103042603,1.1065997927367303e-07,0.010455021634697914,-3.3261999821121435e-09,5.113204679219052e-05,0.009999999999999955,-9.476257884870433e-10,-0.0003518185263261253,trajectory,REJOIN_SOFT,3.739008665084839,12.161581993103027,4.7799367166589946e-06
920,96068.546,12.162683486938477,-4.6217994764674586e-08,-0.9962874054908752,1.0887919887337886e-07,0.010390239767730236,-1.824052375809515e-08,4.582472683978267e-05,0.009999999999999957,-9.258986543034864e-10,-0.00035209892127137653,trajectory,REJOIN_SOFT,3.7390832901000977,12.162683486938477,4.7799367166589946e-06
921,96068.671,12.163753509521484,-4.8993236134720064e-08,-0.9962833523750305,1.0716036178365336e-07,0.010336184874176979,-3.685337901515595e-08,4.1338553273817524e-05,0.00999999999999996,-8.988639201438463e-10,-0.0003521756406105914,trajectory,REJOIN_SOFT,3.7391443252563477,12.163753509521484,4.7799367166589946e-06
922,96068.796,12.164824485778809,-5.405403413760723e-08,-0.9962791800498962,1.0524551160927535e-07,0.01028837077319622,-6.025977938861615e-08,3.849320637527853e-05,0.009999999999999964,-8.61800132418997e-10,-0.00035233461906366897,trajectory,REJOIN_SOFT,3.7391951084136963,12.164824485778809,4.7799367166589946e-06
923,96068.906,12.165740013122559,-6.051087808600641e-08,-0.9962756037712097,1.0383874921041115e-07,0.010252849198877811,-8.375106830271761e-08,3.603411096264608e-05,0.009999999999999966,-8.248895125038961e-10,-0.0003524999303117216,trajectory,REJOIN_SOFT,3.7392420768737793,12.165740013122559,4.7799367166589946e-06
924,96069.015,12.166716575622559,-6.987387024537384e-08,-0.9962717890739441,1.0273036622308125e-07,0.010219774208962917,-1.1129546351185127e-07,3.334469147375785e-05,0.0,0.0,0.0,trajectory_no_feasible,REJOIN_SOFT,3.739279270172119,12.166716575622559,4.7799367166589946e-06
925,96069.14,12.167693138122559,-8.181084609759637e-08,-0.9962680339813232,1.0200148748375381e-07,0.010091843083500862,-1.3699030887437402e-07,2.9583789000753313e-05,0.009999999999999974,-7.311660668260826e-10,-0.0003526869639547181,trajectory,REJOIN_SOFT,3.7393102645874023,12.167693138122557,4.7799367166589946e-06
926,96069.265,12.168696403503418,-9.706691628252884e-08,-0.9962660074234009,1.0108381252550226e-07,0.009594066999852657,-1.616871685428123e-07,2.7463729566079564e-05,0.009999999999999978,-6.680034098163876e-10,-0.00035278358954808907,trajectory,REJOIN_SOFT,3.7393393516540527,12.168696403503416,4.7799367166589946e-06
927,96069.375,12.169659614562988,-1.1470235961041908e-07,-0.9962639808654785,1.0016322650015987e-07,0.009321480989456177,-1.8364036691309593e-07,2.69058200501604e-05,0.009999999999999983,-5.96372317468084e-10,-0.0003529292796570571,trajectory,REJOIN_SOFT,3.739152669906616,12.169659614562987,4.7799367166589946e-06
928,96069.5,12.170572280883789,-1.338134580919359e-07,-0.9962620139122009,9.946437358111505e-08,0.009223452769219875,-2.0131029998537997e-07,2.564265378168784e-05,0.009999999999999986,-5.217090247108672e-10,-0.0003530155689935821,trajectory,REJOIN_SOFT,3.735898733139038,12.170572280883786,4.7799367166589946e-06
929,96069.609,12.171429634094238,-1.529522961618568e-07,-0.9962601661682129,9.911128065190446e-08,0.009213456884026527,-2.0857096671988984e-07,2.439236232021358e-05,0.009999999999999992,-4.5037216239199475e-10,-0.000353007932876066,trajectory,REJOIN_SOFT,3.7380218505859375,12.171429634094235,4.7799367166589946e-06
930,96069.75,12.17239761352539,-1.747553284303649e-07,-0.9962580800056458,9.855832295141825e-08,0.009252406656742096,-2.0455252069950802e-07,2.302476787008345e-05,0.009999999999999995,-3.675496287990349e-10,-0.0003531703533997455,trajectory,REJOIN_SOFT,3.738987684249878,12.172397613525385,4.7799367166589946e-06
931,96069.859,12.173337936401367,-1.9489252167659288e-07,-0.9962560534477234,9.819902334165707e-08,0.009314395487308502,-1.8824522385330056e-07,2.1803074560011737e-05,0.009999999999999995,-2.9251084998976557e-10,-0.0003532655583044264,trajectory,REJOIN_SOFT,3.7395195960998535,12.17333793640136,4.7799367166589946e-06
932,96069.968,12.174281120300293,-2.1291846508120216e-07,-0.996254026889801,9.796895654804367e-08,0.00938482116907835,-1.651711016847912e-07,2.0321034753578715e-05,0.009999999999999997,-2.2618762793515294e-10,-0.0003533373179900923,trajectory,REJOIN_SOFT,3.7392196655273438,12.174281120300286,4.7799367166589946e-06
933,96070.093,12.175253868103027,-2.2858787929180835e-07,-0.9962520003318787,9.761691748212062e-08,0.00945549551397562,-1.4206463561095006e-07,1.8947712305816822e-05,0.009999999999999998,-1.6693581855389975e-10,-0.00035341777506451286,trajectory,REJOIN_SOFT,3.7390763759613037,12.175253868103018,4.7799367166589946e-06
934,96070.218,12.176140785217285,-2.408203556569788e-07,-0.9962501525878906,9.724237255677247e-08,0.009516620077192783,-1.2099215496164106e-07,1.7614445823710412e-05,0.01,-1.1961791146658367e-10,-0.00035340350094534626,trajectory,REJOIN_SOFT,3.7390267848968506,12.176140785217274,4.7799367166589946e-06
935,96070.328,12.177084922790527,-2.5168822048726724e-07,-0.996248185634613,9.6785789777742e-08,0.009576504118740559,-9.855524751856137e-08,1.6335541658918373e-05,0.01,-7.626812761661477e-11,-0.0003535696737266203,trajectory,REJOIN_SOFT,3.7390267848968506,12.177084922790517,4.7799367166589946e-06
936,96070.437,12.178057670593262,-2.6056184765366197e-07,-0.9962461590766907,9.627177918138408e-08,0.009631949476897717,-7.543320634795236e-08,1.495363176218234e-05,0.01,-3.937557840851023e-11,-0.0003535604488309996,trajectory,REJOIN_SOFT,3.739053964614868,12.17805767059325,4.7799367166589946e-06
937,96070.562,12.179001808166504,-2.669188177151227e-07,-0.9962441921234131,9.579408010509662e-08,0.009679668582975864,-5.2986163012747056e-08,1.3586033674073406e-05,0.01,-1.1755091014622135e-11,-0.00035372476109683196,trajectory,REJOIN_SOFT,3.7390902042388916,12.179001808166491,4.7799367166589946e-06
938,96070.687,12.179936408996582,-2.709625732677523e-07,-0.9962422847747803,9.543487757310539e-08,0.009720491245388985,-3.149750327224865e-08,1.2232740118633956e-05,0.01,6.489746251846669e-12,-0.0003537982425189823,trajectory,REJOIN_SOFT,3.7391304969787598,12.17993640899657,4.7799367166589946e-06
939,96070.812,12.180912017822266,-2.733105191055074e-07,-0.9962403178215027,9.541977131369617e-08,0.00975743867456913,-1.8068426754780376e-08,1.0912350262515247e-05,0.01,1.5302071308840695e-11,-0.00035379095899437223,trajectory,REJOIN_SOFT,3.7391698360443115,12.180912017822251,4.7799367166589946e-06
940,96070.937,12.181917190551758,-2.7494598953126115e-07,-0.9962388277053833,9.535417781859047e-08,0.009790584444999695,-1.4408511717078909e-08,9.54904498939868e-06,0.01,2.2107300008119124e-11,-0.0003539265378289425,trajectory,REJOIN_SOFT,3.7392055988311768,12.181917190551744,4.7799367166589946e-06
941,96071.062,12.18292236328125,-2.761724147148925e-07,-0.9962388277053833,9.545532390450471e-08,0.00981932133436203,-9.184428328978811e-09,8.481863005727064e-06,0.01,2.5797501435677475e-11,-0.0003539066007512992,trajectory,REJOIN_SOFT,3.739238739013672,12.182922363281236,4.7799367166589946e-06
942,96071.171,12.183897972106934,-2.76723113756816e-07,-0.9962388277053833,9.554111033492307e-08,0.009843503125011921,-1.512684200122294e-09,8.36170329421293e-06,0.01,2.7234805839833956e-11,-0.00035389698797437806,trajectory,REJOIN_SOFT,3.7392683029174805,12.18389797210692,4.7799367166589946e-06
943,96071.296,12.184962272644043,-2.76304120916393e-07,-0.9962388277053833,9.57339386718107e-08,0.009866234846413136,9.779045129221231e-09,8.622059795015957e-06,0.01,2.418962879499095e-11,-0.0003539178164944423,trajectory,REJOIN_SOFT,3.739297866821289,12.184962272644029,4.7799367166589946e-06
944,96071.421,12.185997009277344,-2.7457411988507374e-07,-0.9962388277053833,9.631061236206212e-08,0.009885186329483986,2.3484231448378523e-08,8.659256309329066e-06,0.01,1.2635980386739045e-11,-0.0003539207922155874,trajectory,REJOIN_SOFT,3.739323139190674,12.18599700927733,4.7799367166589946e-06
945,96071.546,12.187002182006836,-2.71629374992699e-07,-0.9962388277053833,9.640244351710481e-08,0.009901034645736217,3.3122379505812205e-08,8.659256309329066e-06,0.01,1.597981082664819e-12,-0.0003539207922155874,trajectory,REJOIN_SOFT,3.739344358444214,12.187002182006822,4.7799367166589946e-06
946,96071.671,12.188007354736328,-2.6804733010976634e-07,-0.9962388277053833,9.625705851540774e-08,0.009914700873196125,3.59797844851073e-08,8.659256309329066e-06,0.0,0.0,0.0,trajectory_no_feasible,REJOIN_SOFT,3.739362955093384,12.188007354736316,4.7799367166589946e-06
947,96071.796,12.188953399658203,-2.6471346359357995e-07,-0.9962388277053833,9.561407925016273e-08,0.009826661087572575,3.2465443666751526e-08,7.707947588642128e-06,0.01,-1.445073456593707e-11,-0.0003538446875179324,trajectory,REJOIN_SOFT,3.7393791675567627,12.18895339965819,4.7799367166589946e-06
948,96071.906,12.189906120300293,-2.6193896474069334e-07,-0.9962388277053833,9.512792732299634e-08,0.009355464018881321,2.2514319297783913e-08,7.740849468973465e-06,0.01,-1.914328078872892e-11,-0.0003538473196683589,trajectory,REJOIN_SOFT,3.739394187927246,12.18990612030028,4.7799367166589946e-06
949,96072.031,12.190874099731445,-2.6043150569421414e-07,-0.9962388277053833,9.429036964445441e-08,0.009081973694264889,5.001934866299962e-09,9.038350071932655e-06,0.01,-1.5812797210316368e-11,-0.00035395111971659566,trajectory,REJOIN_SOFT,3.7376365661621094,12.190874099731433,4.7799367166589946e-06
950,96072.156,12.191760063171387,-2.610258320601133e-07,-0.9962388277053833,9.336715094597654e-08,0.009001561440527439,-1.8073976093546662e-08,8.942507520259824e-06,0.01,-4.171758968741183e-12,-0.0003539434523124618,trajectory,REJOIN_SOFT,3.736941337585449,12.191760063171374,4.7799367166589946e-06
951,96072.265,12.192587852478027,-2.6394130259177473e-07,-0.9962388277053833,9.205286709343605e-08,0.00901139434427023,-4.556193289317889e-08,8.820903531159274e-06,0.01,1.9630054334203495e-11,-0.0003539337239933338,trajectory,REJOIN_SOFT,3.7384073734283447,12.192587852478015,4.7799367166589946e-06
952,96072.375,12.193472862243652,-2.700870425087487e-07,-0.9962388277053833,9.062989597600336e-08,0.009069046936929226,-7.826258752174908e-08,8.808027814666275e-06,0.01,5.605425918894284e-11,-0.00035393269393601434,trajectory,REJOIN_SOFT,3.7392783164978027,12.19347286224364,4.7799367166589946e-06
953,96072.5,12.194413185119629,-2.7963832849309256e-07,-0.9962388277053833,8.938599988618714e-08,0.009151816368103027,-1.0833294084022782e-07,8.808027814666275e-06,0.01,1.0285957156787232e-10,-0.00035393269393601434,trajectory,REJOIN_SOFT,3.7392091751098633,12.194413185119615,4.7799367166589946e-06
954,96072.609,12.195353507995605,-2.920488100244256e-07,-0.9962388277053833,8.9574099893628e-08,0.009242046624422073,-1.3432493517484545e-07,8.808027814666275e-06,0.009999999999999998,1.4556246250533037e-10,-0.00035393269393601434,trajectory,REJOIN_SOFT,3.73896861076355,12.195353507995591,4.7799367166589946e-06
955,96072.734,12.196293830871582,-3.069027059154905e-07,-0.9962388277053833,9.091730403728052e-08,0.009330948814749718,-1.5623938054432074e-07,8.808027814666275e-06,0.009999999999999998,1.8545916215537716e-10,-0.00035393269393601434,trajectory,REJOIN_SOFT,3.738875389099121,12.196293830871564,4.7799367166589946e-06
956,96072.843,12.197248458862305,-3.2378386549680727e-07,-0.9962388277053833,9.188947901733992e-08,0.009414111264050007,-1.7407664643087628e-07,8.808027814666275e-06,0.009999999999999997,2.3634091568362153e-10,-0.00035393269393601434,trajectory,REJOIN_SOFT,3.738860845565796,12.197248458862287,4.7799367166589946e-06
957,96072.968,12.198221206665039,-3.422765075811185e-07,-0.9962388277053833,9.227939404887525e-08,0.009489629417657852,-1.878369317864781e-07,8.808027814666275e-06,0.009999999999999997,2.9884607047622683e-10,-0.00035393269393601434,trajectory,REJOIN_SOFT,3.738891839981079,12.198221206665018,4.7799367166589946e-06
958,96073.093,12.199193954467773,-3.619648509811668e-07,-0.9962388277053833,9.220913024683825e-08,0.009556974284350872,-1.975202792436903e-07,8.808027814666275e-06,0.009999999999999993,3.702682722282009e-10,-0.00035393269393601434,trajectory,REJOIN_SOFT,3.738939046859741,12.19919395446775,4.7799367166589946e-06
959,96073.218,12.200166702270508,-3.82433057666276e-07,-0.9962388277053833,9.187811715297427e-08,0.00961632002145052,-2.0312670301336766e-07,8.819472895993385e-06,0.00999999999999999,4.471324990320205e-10,-0.00035393360954252053,trajectory,REJOIN_SOFT,3.7389941215515137,12.200166702270481,4.7799367166589946e-06
960,96073.328,12.20111083984375,-4.0265118173010706e-07,-0.9962388277053833,9.132512195794763e-08,0.009666820988059044,-2.0466933392526698e-07,8.819472895993385e-06,0.009999999999999986,5.253594530476095e-10,-0.00035393360954252053,trajectory,REJOIN_SOFT,3.7390522956848145,12.201110839843722,4.7799367166589946e-06
961,96073.453,12.20203685760498,-4.2222453089379997e-07,-0.9962388277053833,9.020963205949503e-08,0.009709714911878109,-2.0249727583632193e-07,8.819472895993385e-06,0.009999999999999981,6.069461842765685e-10,-0.00035393360954252053,trajectory,REJOIN_SOFT,3.7391037940979004,12.202036857604948,4.7799367166589946e-06
962,96073.562,12.202982902526855,-4.414161196564237e-07,-0.9962388277053833,8.866684919105406e-08,0.009747260250151157,-1.967136284974913e-07,8.828056706988718e-06,0.009999999999999976,6.914989066913484e-10,-0.0003539342962474001,trajectory,REJOIN_SOFT,3.739151954650879,12.20298290252682,4.7799367166589946e-06
963,96073.765,12.203958511352539,-4.604404466590495e-07,-0.9962388277053833,8.694450657302108e-08,0.009781009517610073,-1.869665595677361e-07,8.828056706988718e-06,0.009999999999999969,7.773132121012657e-10,-0.0003539342962474001,trajectory,REJOIN_SOFT,3.7391953468322754,12.203958511352502,4.7799367166589946e-06
964,96073.89,12.205673217773438,-4.908451955998316e-07,-0.9962388277053833,8.261636185864441e-08,0.009829909540712833,-1.6052733542437636e-07,8.828056706988718e-06,0.009999999999999957,9.304140255240032e-10,-0.0003539342962474001,trajectory,REJOIN_SOFT,3.739234685897827,12.205673217773395,4.7799367166589946e-06
965,96074.015,12.20667839050293,-5.06182232129504e-07,-0.9962388277053833,7.967422051806723e-08,0.009853368625044823,-1.3951198241102247e-07,8.828056706988718e-06,0.00999999999999995,1.0153736299903255e-09,-0.0003539342962474001,trajectory,REJOIN_SOFT,3.7392680644989014,12.206678390502884,4.7799367166589946e-06
966,96074.125,12.207683563232422,-5.192748062654573e-07,-0.9962388277053833,7.647393361626758e-08,0.009873609989881516,-1.1840940317142667e-07,8.828056706988718e-06,0.00999999999999994,1.094916680712582e-09,-0.0003539342962474001,trajectory,REJOIN_SOFT,3.7392959594726562,12.207683563232374,4.7799367166589946e-06
967,96074.25,12.208659172058105,-5.302654813021945e-07,-0.9962388277053833,7.33452117203978e-08,0.009890586137771606,-1.046850428565449e-07,8.828056706988718e-06,0.00999999999999993,1.1662280508146356e-09,-0.0003539342962474001,trajectory,REJOIN_SOFT,3.7393221855163574,12.208659172058056,4.7799367166589946e-06
968,96074.375,12.20960521697998,-5.398975417847396e-07,-0.9962388277053833,7.025733624762276e-08,0.009904874488711357,-9.60932382554347e-08,8.828056706988718e-06,0.009999999999999924,1.2322694958536813e-09,-0.0003539342962474001,trajectory,REJOIN_SOFT,3.7393441200256348,12.209605216979927,4.7799367166589946e-06
969,96074.484,12.210580825805664,-5.488700480782427e-07,-0.9962388277053833,6.694528294959593e-08,0.00991765782237053,-8.452809652226279e-08,8.828056706988718e-06,0.009999999999999915,1.2982329638619497e-09,-0.0003539342962474001,trajectory,REJOIN_SOFT,3.7393643856048584,12.21058082580561,4.7799367166589946e-06
970,96074.609,12.211556434631348,-5.565117930927954e-07,-0.9962388277053833,6.339379465712696e-08,0.009928730316460133,-6.957134246476926e-08,8.829487342154607e-06,0.009999999999999907,1.361841347671725e-09,-0.0003539344106982134,trajectory,REJOIN_SOFT,3.7393805980682373,12.211556434631293,4.7799367166589946e-06
971,96074.718,12.212591171264648,-5.632055035675876e-07,-0.9962388277053833,5.989180535746114e-08,0.009938855655491352,-5.928729152060441e-08,8.836640517984051e-06,0.0099999999999999,1.4216162066368885e-09,-0.00035393498295227977,trajectory,REJOIN_SOFT,3.7393951416015625,12.212591171264592,4.7799367166589946e-06
972,96074.843,12.213537216186523,-5.685610631189775e-07,-0.9962388277053833,5.649866974357687e-08,0.009946851991117,-5.2283439799793996e-08,8.836640517984051e-06,0.009999999999999893,1.475453485084276e-09,-0.00035393498295227977,trajectory,REJOIN_SOFT,3.7394063472747803,12.213537216186465,4.7799367166589946e-06
973,96074.968,12.214483261108398,-5.732439944949874e-07,-0.9962388277053833,5.265469767257808e-08,0.009953802451491356,-4.527443664414932e-08,8.836640517984051e-06,0.009999999999999882,1.5313979154778823e-09,-0.00035393498295227977,trajectory,REJOIN_SOFT,3.739417314529419,12.21448326110834,4.7799367166589946e-06
974,96075.078,12.215429306030273,-5.772537861048477e-07,-0.9962388277053833,4.8174384591549085e-08,0.009959837421774864,-3.826027494824302e-08,8.836640517984051e-06,0.009999999999999874,1.5913002587105466e-09,-0.00035393498295227977,trajectory,REJOIN_SOFT,3.739426851272583,12.215429306030213,4.7799367166589946e-06
975,96075.187,12.216434478759766,-5.807760885545576e-07,-0.9962388277053833,4.2945116191782244e-08,0.009965386241674423,-3.080207378047817e-08,8.836640517984051e-06,0.009999999999999863,1.6569954624669301e-09,-0.00035393498295227977,trajectory,REJOIN_SOFT,3.739434242248535,12.216434478759705,4.7799367166589946e-06
976,96075.328,12.217498779296875,-5.836760692545795e-07,-0.9962388277053833,3.679321538249283e-08,0.009970429353415966,-2.2898783313962667e-08,8.836640517984051e-06,0.00999999999999985,1.7297347399458362e-09,-0.00035393498295227977,trajectory,REJOIN_SOFT,3.73944091796875,12.217498779296815,4.7799367166589946e-06
977,96075.453,12.218503952026367,-5.85630800742365e-07,-0.9962388277053833,3.024194949761662e-08,0.00997450202703476,-1.5428510025117248e-08,8.836640517984051e-06,0.009999999999999837,1.8030330767396759e-09,-0.00035393498295227977,trajectory,REJOIN_SOFT,3.739447593688965,12.218503952026305,4.7799367166589946e-06
978,96075.578,12.21950912475586,-5.86823261983227e-07,-0.9962388277053833,2.3005023744986005e-08,0.009978027082979679,-7.95233745520818e-09,8.836640517984051e-06,0.009999999999999823,1.8804521461686056e-09,-0.00035393498295227977,trajectory,REJOIN_SOFT,3.739452838897705,12.219509124755797,4.7799367166589946e-06
979,96075.671,12.220425605773926,-5.872648216609377e-07,-0.9962388277053833,1.5945172611611426e-08,0.009980820119380951,-2.153349498712487e-09,8.836640517984051e-06,0.00999999999999981,1.9533351195277117e-09,-0.00035393498295227977,trajectory,REJOIN_SOFT,3.7394559383392334,12.220425605773864,4.7799367166589946e-06
980,96075.781,12.220809936523438,-5.873056352356798e-07,-0.9962388277053833,1.326333447524737e-08,0.009981904178857803,-1.1308765729411974e-10,8.830917977320496e-06,0.009999999999999804,1.980592529770808e-09,-0.00035393452514902667,trajectory,REJOIN_SOFT,3.7394559383392334,12.220809936523375,4.7799367166589946e-06
981,96075.921,12.222347259521484,-5.869492269994225e-07,-0.9962388277053833,5.325600294888447e-09,0.009985617361962795,4.348092552675098e-09,8.839501788315829e-06,0.009999999999999787,2.059856332678405e-09,-0.0003539352118539063,trajectory,REJOIN_SOFT,3.7394628524780273,12.222347259521422,4.7799367166589946e-06
982,96076.031,12.223322868347168,-5.863773822056828e-07,-0.9962388277053833,1.3372797524741492e-09,0.009987550787627697,7.4222170631799145e-09,8.839501788315829e-06,0.00999999999999978,2.098422540583674e-09,-0.0003539352118539063,trajectory,REJOIN_SOFT,3.7394652366638184,12.223322868347106,4.7799367166589946e-06
983,96076.14,12.224298477172852,-5.854374194314005e-07,-0.9962388277053833,-2.991523488359979e-09,0.00998920388519764,1.1780530329019712e-08,8.839501788315829e-06,0.009999999999999771,2.139066433659104e-09,-0.0003539352118539063,trajectory,REJOIN_SOFT,3.739467144012451,12.22429847717279,4.7799367166589946e-06
984,96076.281,12.225303649902344,-5.839497703163943e-07,-0.9962388277053833,-8.023527022045926e-09,0.00999078806489706,1.761406487332806e-08,8.839501788315829e-06,0.00999999999999976,2.184789054261832e-09,-0.0003539352118539063,trajectory,REJOIN_SOFT,3.739469051361084,12.225303649902283,4.7799367166589946e-06
985,96076.406,12.226397514343262,-5.815712711410015e-07,-0.9962388277053833,-1.3624736115616535e-08,0.009992181323468685,2.5511251777743382e-08,8.839501788315829e-06,0.00999999999999975,2.2330556606457094e-09,-0.0003539352118539063,trajectory,REJOIN_SOFT,3.739471197128296,12.226397514343201,4.7799367166589946e-06
986,96076.531,12.227432250976562,-5.784593213320477e-07,-0.9962388277053833,-1.9334103898889697e-08,0.009993357583880424,3.3354915274230734e-08,8.839501788315829e-06,0.009999999999999742,2.2797078068912523e-09,-0.0003539352118539063,trajectory,REJOIN_SOFT,3.7394723892211914,12.227432250976502,4.7799367166589946e-06
987,96076.656,12.228378295898438,-5.750470108978334e-07,-0.9962388277053833,-2.4702035191729762e-08,0.009994424879550934,3.713416418804627e-08,8.839501788315829e-06,0.009999999999999731,2.3217876625024348e-09,-0.0003539352118539063,trajectory,REJOIN_SOFT,3.739473819732666,12.228378295898377,4.7799367166589946e-06
988,96076.765,12.229353904724121,-5.713329755963059e-07,-0.9962388277053833,-3.062760643265866e-08,0.009995266795158386,3.72592445785358e-08,8.839501788315829e-06,0.00999999999999972,2.3683690056461196e-09,-0.0003539352118539063,trajectory,REJOIN_SOFT,3.7394728660583496,12.229353904724062,4.7799367166589946e-06
989,96076.89,12.230270385742188,-5.679983701156743e-07,-0.9962388277053833,-3.642179345078626e-08,0.009995878674089909,3.3887598505089045e-08,8.839501788315829e-06,0.009999999999999709,2.414953743489935e-09,-0.0003539352118539063,trajectory,REJOIN_SOFT,3.7394731044769287,12.230270385742129,4.7799367166589946e-06
990,96077.0,12.23127555847168,-5.648940373248479e-07,-0.9962388277053833,-4.300593671592698e-08,0.0099965650588274,2.6303066391619723e-08,8.839501788315829e-06,0.009999999999999695,2.4703275457181117e-09,-0.0003539352118539063,trajectory,REJOIN_SOFT,3.7394752502441406,12.231275558471623,4.7799367166589946e-06
991,96077.109,12.232280731201172,-5.627707082567213e-07,-0.9962388277053833,-4.959947370440631e-08,0.009997256100177765,1.4652567159600949e-08,8.839501788315829e-06,0.009999999999999681,2.5293321300410957e-09,-0.0003539352118539063,trajectory,REJOIN_SOFT,3.7394754886627197,12.232280731201115,4.7799367166589946e-06
992,96077.234,12.233285903930664,-5.620429988084652e-07,-0.9962388277053833,-5.670729768294898e-08,0.00999792106449604,-1.0639072955953566e-09,8.839501788315829e-06,0.009999999999999664,2.598518870017162e-09,-0.0003539352118539063,trajectory,REJOIN_SOFT,3.7394747734069824,12.233285903930607,4.7799367166589946e-06
993,96077.359,12.234291076660156,-5.631179647025419e-07,-0.9962388277053833,-6.400767528889153e-08,0.00999849010258913,-2.0228783981224296e-08,8.839501788315829e-06,0.009999999999999643,2.676147721711294e-09,-0.0003539352118539063,trajectory,REJOIN_SOFT,3.739474296569824,12.2342910766601,4.7799367166589946e-06
994,96077.484,12.235296249389648,-5.66166079352115e-07,-0.9962388277053833,-7.140667943655044e-08,0.009998757392168045,-3.9765829740190384e-08,8.839501788315829e-06,0.00999999999999962,2.7619031284649805e-09,-0.0003539352118539063,trajectory,REJOIN_SOFT,3.7394750118255615,12.23529624938959,4.7799367166589946e-06
995,96077.593,12.23630142211914,-5.712285542358586e-07,-0.9962388277053833,-7.90568659495426e-08,0.009998947381973267,-5.890892751381216e-08,8.839501788315829e-06,0.009999999999999593,2.857467556530155e-09,-0.0003539352118539063,trajectory,REJOIN_SOFT,3.739476442337036,12.236301422119082,4.7799367166589946e-06
996,96077.718,12.237277030944824,-5.778242666565347e-07,-0.9962388277053833,-8.645468184491172e-08,0.009999162517488003,-7.369476406893227e-08,8.839501788315829e-06,0.009999999999999563,2.956049560955814e-09,-0.0003539352118539063,trajectory,REJOIN_SOFT,3.7394766807556152,12.237277030944764,4.7799367166589946e-06
997,96077.843,12.238311767578125,-5.862031571268744e-07,-0.9962388277053833,-9.44887111369418e-08,0.009999369271099567,-8.517897498450111e-08,8.839501788315829e-06,0.009999999999999528,3.0675132291364433e-09,-0.0003539352118539063,trajectory,REJOIN_SOFT,3.739476442337036,12.238311767578063,4.7799367166589946e-06
998,96077.968,12.239316940307617,-5.952843480372394e-07,-0.9962388277053833,-1.0266948838866339e-07,0.009999566711485386,-9.219728980269792e-08,8.839501788315829e-06,0.009999999999999494,3.1829885806485744e-09,-0.0003539352118539063,trajectory,REJOIN_SOFT,3.739476442337036,12.239316940307553,4.7799367166589946e-06
999,96078.078,12.240233421325684,-6.040174298505008e-07,-0.9962388277053833,-1.101284324691993e-07,0.0099997753277421,-9.50423810763823e-08,8.839501788315829e-06,0.009999999999999459,3.289938374342167e-09,-0.0003539352118539063,trajectory,REJOIN_SOFT,3.7394766807556152,12.240233421325618,4.7799367166589946e-06
1000,96078.281,12.241179466247559,-6.131409122644982e-07,-0.9962388277053833,-1.1809811465065506e-07,0.009999952279031277,-9.442351966981732e-08,8.839501788315829e-06,0.00999999999999942,3.403455949644612e-09,-0.0003539352118539063,trajectory,REJOIN_SOFT,3.739476203918457,12.241179466247491,4.7799367166589946e-06
1001,96078.437,12.243130683898926,-6.308360980256111e-07,-0.9962388277053833,-1.349340841574096e-07,0.010000322945415974,-8.190650646611175e-08,8.839501788315829e-06,0.009999999999999338,3.637574434444372e-09,-0.0003539352118539063,trajectory,REJOIN_SOFT,3.739476203918457,12.243130683898853,4.7799367166589946e-06
1002,96078.64,12.244165420532227,-6.389576014953491e-07,-0.9962388277053833,-1.4251490722856073e-07,0.010000485926866531,-7.231835752463667e-08,8.839501788315829e-06,0.0099999999999993,3.743712045026568e-09,-0.0003539352118539063,trajectory,REJOIN_SOFT,3.739476442337036,12.244165420532152,4.7799367166589946e-06
1003,96078.781,12.245939254760742,-6.51153925446124e-07,-0.9962388277053833,-1.5209570878725636e-07,0.010000701062381268,-5.9225978787935674e-08,8.839501788315829e-06,0.009999999999999246,3.885298275958872e-09,-0.0003539352118539063,trajectory,REJOIN_SOFT,3.7394766807556152,12.245939254760666,4.7799367166589946e-06
1004,96078.89,12.246885299682617,-6.565514354406332e-07,-0.9962388277053833,-1.5486190828661095e-07,0.010000753216445446,-5.243305523094932e-08,8.839501788315829e-06,0.009999999999999227,3.9333778267168635e-09,-0.0003539352118539063,trajectory,REJOIN_SOFT,3.7394766807556152,12.246885299682539,4.7799367166589946e-06
1005,96079.015,12.2478609085083,-6.614734502363717e-07,-0.9962388277053833,-1.5729814595096795e-07,0.010000745765864849,-4.789506746760708e-08,8.839501788315829e-06,0.00999999999999921,3.9764699033942575e-09,-0.0003539352118539063,trajectory,REJOIN_SOFT,3.7394769191741943,12.24786090850822,4.7799367166589946e-06
1006,96079.14,12.248866081237793,-6.660005169578653e-07,-0.9962388277053833,-1.5920465990591196e-07,0.010000687092542648,-4.1125154837118316e-08,8.839501788315829e-06,0.009999999999999195,4.012868473326404e-09,-0.0003539352118539063,trajectory,REJOIN_SOFT,3.7394771575927734,12.248866081237711,4.7799367166589946e-06
1007,96079.265,12.249841690063477,-6.695716479043767e-07,-0.9962388277053833,-1.598630914035111e-07,0.010000625625252724,-3.1561736335561363e-08,8.839501788315829e-06,0.009999999999999187,4.0332967493985585e-09,-0.0003539352118539063,trajectory,REJOIN_SOFT,3.7394752502441406,12.249841690063395,4.7799367166589946e-06
1008,96079.375,12.250846862792969,-6.724119998580136e-07,-0.9962388277053833,-1.6053904497686402e-07,0.01000056229531765,-2.534258669584233e-08,8.839501788315829e-06,0.00999999999999918,4.0512782061018445e-09,-0.0003539352118539063,trajectory,REJOIN_SOFT,3.7394769191741943,12.250846862792887,4.7799367166589946e-06
1009,96079.5,12.251852035522461,-6.750528882548679e-07,-0.9962388277053833,-1.6121499924157822e-07,0.010000498965382576,-3.042793750296369e-08,8.839501788315829e-06,0.009999999999999173,4.068542068026457e-09,-0.0003539352118539063,trajectory,REJOIN_SOFT,3.739476442337036,12.251852035522377,4.7799367166589946e-06
1010,96079.625,12.252827644348145,-6.792711815251096e-07,-0.9962388277053833,-1.6187107228579943e-07,0.010000437498092651,-5.862808905021666e-08,8.839501788315829e-06,0.009999999999999162,4.091330178741698e-09,-0.0003539352118539063,trajectory,REJOIN_SOFT,3.739476442337036,12.252827644348061,4.7799367166589946e-06
1011,96079.734,12.253803253173828,-6.874187761241046e-07,-0.9962388277053833,-1.6252714509795182e-07,0.010000394657254219,-1.0959136886867782e-07,8.839501788315829e-06,0.009999999999999148,4.128437973620404e-09,-0.0003539352118539063,trajectory,REJOIN_SOFT,3.7394752502441406,12.253803253173743,4.7799367166589946e-06
1012,96079.859,12.254749298095703,-7.004921940279019e-07,-0.9962388277053833,-1.6316333676958162e-07,0.010000340640544891,-1.6036241845540644e-07,8.839501788315829e-06,0.009999999999999126,4.183284455670926e-09,-0.0003539352118539063,trajectory,REJOIN_SOFT,3.7394769191741943,12.254749298095614,4.7799367166589946e-06
1013,96079.968,12.255754470825195,-7.189334496615629e-07,-0.9962388277053833,-1.638392896508815e-07,0.010000277310609818,-1.9850176613545045e-07,8.839501788315829e-06,0.009999999999999095,4.258178342156219e-09,-0.0003539352118539063,trajectory,REJOIN_SOFT,3.7394771575927734,12.255754470825101,4.7799367166589946e-06
1014,96080.093,12.256730079650879,-7.397734975711501e-07,-0.9962388277053833,-1.644953616717745e-07,0.01000023353844881,-2.1993770360495546e-07,8.839501788315829e-06,0.009999999999999058,4.3416386643084965e-09,-0.0003539352118539063,trajectory,REJOIN_SOFT,3.739475965499878,12.25673007965078,4.7799367166589946e-06
1015,96080.203,12.257705688476562,-7.619759685439931e-07,-0.9962388277053833,-1.6515143381844712e-07,0.010000191628932953,-2.2602455373998964e-07,8.839501788315829e-06,0.009999999999999018,4.430121890780203e-09,-0.0003539352118539063,trajectory,REJOIN_SOFT,3.739476442337036,12.257705688476456,4.7799367166589946e-06
1016,96080.328,12.258681297302246,-7.840213243071048e-07,-0.9962388277053833,-1.658075061625411e-07,0.01000016089528799,-2.1676230232969829e-07,8.839501788315829e-06,0.00999999999999898,4.518090292745673e-09,-0.0003539352118539063,trajectory,REJOIN_SOFT,3.7394769191741943,12.258681297302134,4.7799367166589946e-06
1017,96080.437,12.259627342224121,-8.039123144953919e-07,-0.9962388277053833,-1.6631473427278056e-07,0.010000133886933327,-1.9688418717578315e-07,8.839501788315829e-06,0.009999999999998944,4.596734905040554e-09,-0.0003539352118539063,trajectory,REJOIN_SOFT,3.7394771575927734,12.259627342224004,4.7799367166589946e-06
1018,96080.562,12.260632514953613,-8.227422085838043e-07,-0.9962388277053833,-1.6683124198697724e-07,0.010000116191804409,-1.7164119014978496e-07,8.839501788315829e-06,0.009999999999998909,4.6717145303018505e-09,-0.0003539352118539063,trajectory,REJOIN_SOFT,3.7394766807556152,12.260632514953489,4.7799367166589946e-06
1019,96080.687,12.261578559875488,-8.379302585126425e-07,-0.9962388277053833,-1.6731736687770549e-07,0.01000010222196579,-1.4423727634493844e-07,8.839501788315829e-06,0.00999999999999888,4.733076159441415e-09,-0.0003539352118539063,trajectory,REJOIN_SOFT,3.7394769191741943,12.26157855987536,4.7799367166589946e-06
1020,96080.796,12.262554168701172,-8.508049518241023e-07,-0.9962388277053833,-1.6781868321255277e-07,0.01000008825212717,-1.1627724916252191e-07,8.839501788315829e-06,0.009999999999998855,4.7862116269772535e-09,-0.0003539352118539063,trajectory,REJOIN_SOFT,3.7394766807556152,12.26255416870104,4.7799367166589946e-06
1021,96080.906,12.263529777526855,-8.610378472440061e-07,-0.9962388277053833,-1.6831999952088798e-07,0.01000007800757885,-9.086890884191234e-08,8.839501788315829e-06,0.009999999999998833,4.829727372604365e-09,-0.0003539352118539063,trajectory,REJOIN_SOFT,3.7394769191741943,12.26352977752672,4.7799367166589946e-06
1022,96081.015,12.263884544372559,-8.641532645015104e-07,-0.9962388277053833,-1.6850229641196974e-07,0.010000069625675678,-8.226216152706911e-08,8.839501788315829e-06,0.009999999999998828,4.843344601184037e-09,-0.0003539352118539063,trajectory,REJOIN_SOFT,3.7394769191741943,12.263884544372422,4.7799367166589946e-06
1023,96081.156,12.265451431274414,-8.74444651799422e-07,-0.9962388277053833,-1.693074408037787e-07,0.010000063106417656,-4.8285084375265797e-08,8.839501788315829e-06,0.009999999999998805,4.890840437137305e-09,-0.0003539352118539063,trajectory,REJOIN_SOFT,3.7394769191741943,12.265451431274274,4.7799367166589946e-06
1024,96081.281,12.266456604003906,-8.784118676885555e-07,-0.9962388277053833,-1.6982394856126864e-07,0.010000060312449932,-2.995396997107491e-08,8.839501788315829e-06,0.009999999999998795,4.911694479504895e-09,-0.0003539352118539063,trajectory,REJOIN_SOFT,3.7394766807556152,12.266456604003764,4.7799367166589946e-06
1025,96081.375,12.267461776733398,-8.806474056655134e-07,-0.9962388277053833,-1.703404563422042e-07,0.010000060312449932,-1.433152974072982e-08,8.839501788315829e-06,0.009999999999998786,4.926222814113014e-09,-0.0003539352118539063,trajectory,REJOIN_SOFT,3.739475965499878,12.267461776733256,4.7799367166589946e-06
1026,96081.5,12.26846694946289,-8.814276384327968e-07,-0.9962388277053833,-1.7085696409438568e-07,0.010000057518482208,-1.4177637952528244e-09,8.839501788315829e-06,0.009999999999998782,4.935430243122526e-09,-0.0003539352118539063,trajectory,REJOIN_SOFT,3.7394771575927734,12.268466949462749,4.7799367166589946e-06
1027,96081.625,12.269472122192383,-8.810287681626505e-07,-0.9962388277053833,-1.7137347183627968e-07,0.010000057518482208,8.787329086601403e-09,8.839501788315829e-06,0.00999999999999878,4.940322424436527e-09,-0.0003539352118539063,trajectory,REJOIN_SOFT,3.7394747734069824,12.26947212219224,4.7799367166589946e-06
1028,96081.75,12.270477294921875,-8.797271107141569e-07,-0.9962388277053833,-1.7188997956385987e-07,0.010000057518482208,1.6283747683587535e-08,8.839501788315829e-06,0.009999999999998779,4.941906913613431e-09,-0.0003539352118539063,trajectory,REJOIN_SOFT,3.7394766807556152,12.270477294921733,4.7799367166589946e-06
1029,96081.875,12.271452903747559,-8.778619076110772e-07,-0.9962388277053833,-1.7239129588979467e-07,0.010000057518482208,2.0969329384001867e-08,8.839501788315829e-06,0.00999999999999878,4.941236599075179e-09,-0.0003539352118539063,trajectory,REJOIN_SOFT,3.7394766807556152,12.271452903747416,4.7799367166589946e-06
1030,96082.0,12.272398948669434,-8.757284035709745e-07,-0.9962388277053833,-1.728774208185816e-07,0.010000054724514484,2.307603885753906e-08,8.839501788315829e-06,0.00999999999999878,4.939391842842086e-09,-0.0003539352118539063,trajectory,REJOIN_SOFT,3.739476442337036,12.272398948669293,4.7799367166589946e-06
1031,96082.187,12.273344993591309,-8.735079291000147e-07,-0.9962388277053833,-1.7336354575114726e-07,0.010000054724514484,2.2783362751965797e-08,8.839501788315829e-06,0.009999999999998782,4.93722346936794e-09,-0.0003539352118539063,trajectory,REJOIN_SOFT,3.739476442337036,12.273344993591168,4.7799367166589946e-06
1032,96082.328,12.275177955627441,-8.698182796251785e-07,-0.9962388277053833,-1.7430541281238637e-07,0.010000054724514484,1.5388346596978408e-08,8.839501788315829e-06,0.009999999999998782,4.9352562810001864e-09,-0.0003539352118539063,trajectory,REJOIN_SOFT,3.7394769191741943,12.275177955627303,4.7799367166589946e-06
1033,96082.453,12.276183128356934,-8.686273531566258e-07,-0.9962388277053833,-1.7482192056592598e-07,0.010000054724514484,7.508987209803308e-09,8.839501788315829e-06,0.00999999999999878,4.937227109236002e-09,-0.0003539352118539063,trajectory,REJOIN_SOFT,3.7394769191741943,12.276183128356795,4.7799367166589946e-06
1034,96082.562,12.277217864990234,-8.683880423632218e-07,-0.9962388277053833,-1.7535361970712911e-07,0.010000054724514484,-3.4314604491214595e-09,8.839501788315829e-06,0.009999999999998779,4.942877096577461e-09,-0.0003539352118539063,trajectory,REJOIN_SOFT,3.739476203918457,12.277217864990096,4.7799367166589946e-06
1035,96082.703,12.27816390991211,-8.692989013070473e-07,-0.9962388277053833,-1.7583974464025073e-07,0.010000054724514484,-1.5946005404998687e-08,8.839501788315829e-06,0.009999999999998774,4.952193371413157e-09,-0.0003539352118539063,trajectory,REJOIN_SOFT,3.739476203918457,12.27816390991197,4.7799367166589946e-06
1036,96082.796,12.279080390930176,-8.714346222404856e-07,-0.9962388277053833,-1.7631067815799967e-07,0.010000054724514484,-3.035754758684561e-08,8.839501788315829e-06,0.009999999999998767,4.9658277268647775e-09,-0.0003539352118539063,trajectory,REJOIN_SOFT,3.739476442337036,12.279080390930037,4.7799367166589946e-06
1037,96082.921,12.279760360717773,-8.739413601688284e-07,-0.9962388277053833,-1.766600804802359e-07,0.010000054724514484,-4.2505075015242255e-08,8.839501788315829e-06,0.009999999999998762,4.979337460604288e-09,-0.0003539352118539063,trajectory,REJOIN_SOFT,3.7394771575927734,12.279760360717633,4.7799367166589946e-06
1038,96083.046,12.281031608581543,-8.810573035589186e-07,-0.9962388277053833,-1.7731331078976553e-07,0.010000054724514484,-6.854058653971151e-08,8.839501788315829e-06,0.009999999999998744,5.013543354444114e-09,-0.0003539352118539063,trajectory,REJOIN_SOFT,3.7394766807556152,12.2810316085814,4.7799367166589946e-06
1039,96083.156,12.282007217407227,-8.889563787306543e-07,-0.9962388277053833,-1.7781462708560415e-07,0.010000054724514484,-9.145962565071386e-08,8.839501788315829e-06,0.009999999999998725,5.0487818090511155e-09,-0.0003539352118539063,trajectory,REJOIN_SOFT,3.7394766807556152,12.282007217407081,4.7799367166589946e-06
1040,96083.281,12.282953262329102,-8.989011348603526e-07,-0.9962388277053833,-1.7830075201124847e-07,0.010000054724514484,-1.1612102213121034e-07,8.839501788315829e-06,0.009999999999998704,5.091383200211438e-09,-0.0003539352118539063,trajectory,REJOIN_SOFT,3.7394766807556152,12.282953262328952,4.7799367166589946e-06
1041,96083.39,12.283958435058594,-9.121167749981396e-07,-0.9962388277053833,-1.7863401070962561e-07,0.010000054724514484,-1.4181958363224112e-07,8.839501788315829e-06,0.009999999999998678,5.144597899508653e-09,-0.0003539352118539063,trajectory,REJOIN_SOFT,3.7394766807556152,12.283958435058441,4.7799367166589946e-06
1042,96083.515,12.284934043884277,-9.270397640648298e-07,-0.9962388277053833,-1.789027237823041e-07,0.010000054724514484,-1.5815440690403193e-07,8.839501788315829e-06,0.009999999999998645,5.2034553918668135e-09,-0.0003539352118539063,trajectory,REJOIN_SOFT,3.7394766807556152,12.28493404388412,4.7799367166589946e-06
1043,96083.64,12.285909652709961,-9.431366834178334e-07,-0.9962388277053833,-1.7927017382231256e-07,0.010000054724514484,-1.6553329373891756e-07,6.823868261562893e-06,0.009999999999998612,5.267665953616438e-09,-0.0003537739611717661,trajectory,REJOIN_SOFT,3.7394769191741943,12.285909652709798,4.7799367166589946e-06
1044,96083.765,12.286885261535645,-9.595207757229218e-07,-0.9962388277053833,-1.7977852448780443e-07,0.010000054724514484,-1.639562299260433e-07,6.3503580349788535e-06,0.009999999999998578,5.334387520187307e-09,-0.0003537360803536393,trajectory,REJOIN_SOFT,3.739476442337036,12.286885261535474,4.7799367166589946e-06
1045,96083.875,12.287890434265137,-9.75765260591288e-07,-0.9962388277053833,-1.8029503213064032e-07,0.010000054724514484,-1.5296423327981756e-07,6.6536290432850365e-06,0.009999999999998541,5.400759469281533e-09,-0.0003537603420343038,trajectory,REJOIN_SOFT,3.739475727081299,12.28789043426496,4.7799367166589946e-06
1046,96084.0,12.28886604309082,-9.900136319629382e-07,-0.9962388277053833,-1.805239690212925e-07,0.010000046342611313,-1.3414903321518068e-07,6.934012617421104e-06,0.009999999999998512,5.456898544766475e-09,-0.0003537827727202347,trajectory,REJOIN_SOFT,3.7394769191741943,12.28886604309064,4.7799367166589946e-06
1047,96084.109,12.289871215820312,-1.0028165888797957e-06,-0.9962388277053833,-1.8013653848777076e-07,0.010000046342611313,-1.1777492403552969e-07,7.1285635385720525e-06,0.009999999999998486,5.501619759258706e-09,-0.0003537983367939268,trajectory,REJOIN_SOFT,3.7394771575927734,12.289871215820128,4.7799367166589946e-06
1048,96084.234,12.290817260742188,-1.0134810963791097e-06,-0.9962388277053833,-1.7954725697430535e-07,0.010000046342611313,-1.044220354629033e-07,7.318823463720037e-06,0.009999999999998467,5.536383368018077e-09,-0.0003538135575879386,trajectory,REJOIN_SOFT,3.7394769191741943,12.290817260741997,4.7799367166589946e-06
1049,96084.343,12.29182243347168,-1.0234557521471288e-06,-0.9962388277053833,-1.7790334528380224e-07,0.010000046342611313,-9.071464290855147e-08,7.543417723354651e-06,0.009999999999998455,5.558164351773116e-09,-0.00035383152512870943,trajectory,REJOIN_SOFT,3.7394769191741943,12.291822433471486,4.7799367166589946e-06
1050,96084.468,12.292768478393555,-1.0316423413314624e-06,-0.9962388277053833,-1.7502459568485666e-07,0.01000003982335329,-8.083048186335873e-08,7.727961929049343e-06,0.009999999999998455,5.560937185499628e-09,-0.000353846288665165,trajectory,REJOIN_SOFT,3.739476203918457,12.292768478393358,4.7799367166589946e-06
1051,96084.578,12.293684959411621,-1.0388482678536093e-06,-0.9962388277053833,-1.713227532998416e-07,0.01000003982335329,-7.337894203374162e-08,7.958276910358109e-06,0.00999999999999846,5.55183557483092e-09,-0.0003538647138636697,trajectory,REJOIN_SOFT,3.7394769191741943,12.293684959411422,4.7799367166589946e-06
1052,96084.687,12.294660568237305,-1.0457721373313689e-06,-0.9962388277053833,-1.6825718774028857e-07,0.01000003982335329,-6.604656732633885e-08,8.170002729457337e-06,0.009999999999998462,5.548157559750534e-09,-0.00035388165192919765,trajectory,REJOIN_SOFT,3.7394766807556152,12.294660568237102,4.7799367166589946e-06
1053,96084.828,12.295695304870605,-1.0523399396333843e-06,-0.9962388277053833,-1.6486046660839765e-07,0.01000003982335329,-5.846602135761714e-08,8.374581739190035e-06,0.009999999999998467,5.539955894104171e-09,-0.00035389801824997624,trajectory,REJOIN_SOFT,3.7394766807556152,12.295695304870401,4.7799367166589946e-06
1054,96084.937,12.296700477600098,-1.058043153534527e-06,-0.9962388277053833,-1.6037071757471872e-07,0.010000030510127544,-5.4113620251428074e-08,8.613483259978238e-06,0.009999999999998477,5.517602564575949e-09,-0.0003539171303716393,trajectory,REJOIN_SOFT,3.7394766807556152,12.296700477599892,4.7799367166589946e-06
1055,96085.062,12.297646522521973,-1.0630577662595897e-06,-0.9962388277053833,-1.5594464741427733e-07,0.010000030510127544,-4.995106905880675e-08,8.65926358528668e-06,0.009999999999998491,5.49326851156017e-09,-0.00035392079279766397,trajectory,REJOIN_SOFT,3.739475727081299,12.297646522521763,4.7799367166589946e-06
1056,96085.171,12.298622131347656,-1.0676867532311007e-06,-0.9962388277053833,-1.521370193942008e-07,0.010000030510127544,-4.31344489015828e-08,8.630650881968904e-06,0.009999999999998503,5.473748591724678e-09,-0.00035391850378139854,trajectory,REJOIN_SOFT,3.739475965499878,12.298622131347445,4.7799367166589946e-06
1057,96085.281,12.299627304077148,-1.0716146334743826e-06,-0.9962388277053833,-1.4906068213921855e-07,0.010000036098062992,-3.343078347484152e-08,8.630650881968904e-06,0.00999999999999851,5.459002128796334e-09,-0.00035391850378139854,trajectory,REJOIN_SOFT,3.739475727081299,12.299627304076935,4.7799367166589946e-06
1058,96085.406,12.30063247680664,-1.0744141718532774e-06,-0.9962388277053833,-1.4598434494515295e-07,0.010000070556998253,-2.1024249008405604e-08,8.630650881968904e-06,0.00999999999999852,5.440087571904753e-09,-0.00035391850378139854,trajectory,REJOIN_SOFT,3.7394769191741943,12.300632476806427,4.7799367166589946e-06
1059,96085.531,12.301637649536133,-1.0760562645373284e-06,-0.9962388277053833,-1.4340120923123414e-07,0.010000129230320454,-1.2797593207380942e-08,8.630650881968904e-06,0.009999999999998531,5.4218244198606346e-09,-0.00035391850378139854,trajectory,REJOIN_SOFT,3.739476203918457,12.301637649535918,4.7799367166589946e-06
1060,96085.671,12.302642822265625,-1.0771565257527982e-06,-0.9962388277053833,-1.4128299598209684e-07,0.010000158101320267,-9.223981578543317e-09,8.630650881968904e-06,0.009999999999998538,5.40620738363482e-09,-0.00035391850378139854,trajectory,REJOIN_SOFT,3.7394766807556152,12.30264282226541,4.7799367166589946e-06
1061,96085.765,12.303647994995117,-1.0780303227875265e-06,-0.9962388277053833,-1.3916478281362474e-07,0.010000157169997692,-8.359053893514101e-09,8.630650881968904e-06,0.009999999999998547,5.389754606429264e-09,-0.00035391850378139854,trajectory,REJOIN_SOFT,3.7394771575927734,12.303647994994902,4.7799367166589946e-06
1062,96085.89,12.30465316772461,-1.078953914657177e-06,-0.9962388277053833,-1.370465696802347e-07,0.010000125505030155,-1.0202809264114876e-08,8.630650881968904e-06,0.009999999999998557,5.373490100701438e-09,-0.00035391850378139854,trajectory,REJOIN_SOFT,3.739476203918457,12.304653167724393,4.7799367166589946e-06
1063,96086.015,12.305658340454102,-1.0802041288116015e-06,-0.9962388277053833,-1.3492835653600078e-07,0.010000094771385193,-1.475525124305932e-08,8.630650881968904e-06,0.009999999999998564,5.3584415167444335e-09,-0.00035391850378139854,trajectory,REJOIN_SOFT,3.739476203918457,12.305658340453885,4.7799367166589946e-06
1064,96086.14,12.306604385375977,-1.0819259159688954e-06,-0.9962388277053833,-1.329347441566564e-07,0.010000072419643402,-2.1514274806122557e-08,8.630650881968904e-06,0.00999999999999857,5.346306220642162e-09,-0.00035391850378139854,trajectory,REJOIN_SOFT,3.7394766807556152,12.30660438537576,4.7799367166589946e-06
1065,96086.25,12.307550430297852,-1.0844116786756786e-06,-0.9962388277053833,-1.3094113177362426e-07,0.010000054724514484,-3.0672676842868896e-08,8.630650881968904e-06,0.009999999999998576,5.3370138803926526e-09,-0.00035391850378139854,trajectory,REJOIN_SOFT,3.739476442337036,12.307550430297633,4.7799367166589946e-06
1066,96086.453,12.309206008911133,-1.0912928019024548e-06,-0.9962388277053833,-1.2745231015556176e-07,0.010000028647482395,-5.2473385636631065e-08,8.630650881968904e-06,0.00999999999999858,5.330176583451198e-09,-0.00035391850378139854,trajectory,REJOIN_SOFT,3.739475965499878,12.309206008910913,4.7799367166589946e-06
1067,96086.578,12.310181617736816,-1.097273070627125e-06,-0.9962388277053833,-1.2539639738452043e-07,0.010000019334256649,-6.876113900489145e-08,8.630650881968904e-06,0.00999999999999858,5.3333214422247715e-09,-0.00035391850378139854,trajectory,REJOIN_SOFT,3.739475965499878,12.310181617736593,4.7799367166589946e-06
1068,96086.687,12.311068534851074,-1.1042120604543015e-06,-0.9962388277053833,-1.2352738581950505e-07,0.010000013746321201,-8.578245314083688e-08,8.630650881968904e-06,0.009999999999998573,5.341782613683225e-09,-0.00035391850378139854,trajectory,REJOIN_SOFT,3.7394766807556152,12.311068534850847,4.7799367166589946e-06
1069,96086.812,12.312073707580566,-1.114049382522353e-06,-0.9962388277053833,-1.214091726666822e-07,0.010000010021030903,-1.0724101429104849e-07,8.630650881968904e-06,0.009999999999998564,5.3587343296433026e-09,-0.00035391850378139854,trajectory,REJOIN_SOFT,3.7394766807556152,12.312073707580335,4.7799367166589946e-06
1070,96086.921,12.313078880310059,-1.1257590131208417e-06,-0.9962388277053833,-1.1999307501866113e-07,0.009999994188547134,-1.2082759326403902e-07,8.630650881968904e-06,0.009999999999998547,5.389703962623206e-09,-0.00035391850378139854,trajectory,REJOIN_SOFT,3.739476203918457,12.313078880309822,4.7799367166589946e-06
1071,96087.046,12.314024925231934,-1.137769800152455e-06,-0.9962388277053833,-1.1897625984174536e-07,0.010000010952353477,-1.2878541610916727e-07,8.630650881968904e-06,0.00999999999999853,5.425728191845613e-09,-0.00035391850378139854,trajectory,REJOIN_SOFT,3.7394769191741943,12.314024925231692,4.7799367166589946e-06
1072,96087.156,12.314852714538574,-1.148775709225447e-06,-0.9962388277053833,-1.180866319563459e-07,0.010000050999224186,-1.3278543065098347e-07,8.630650881968904e-06,0.00999999999999851,5.459125897521373e-09,-0.00035391850378139854,trajectory,REJOIN_SOFT,3.7394769191741943,12.314852714538329,4.7799367166589946e-06
1073,96087.265,12.31579875946045,-1.1616093615884893e-06,-0.9962388277053833,-1.170700443315403e-07,0.010000081732869148,-1.3397045961482945e-07,8.630650881968904e-06,0.009999999999998488,5.498279702442962e-09,-0.00035391850378139854,trajectory,REJOIN_SOFT,3.7394771575927734,12.315798759460197,4.7799367166589946e-06
1074,96087.39,12.316715240478516,-1.1739883802874829e-06,-0.9962388277053833,-1.1608522495571201e-07,0.010000082664191723,-1.3167385759516037e-07,8.630650881968904e-06,0.009999999999998468,5.536043425676243e-09,-0.00035391850378139854,trajectory,REJOIN_SOFT,3.739476442337036,12.31671524047826,4.7799367166589946e-06
1075,96087.515,12.317720413208008,-1.18712716812297e-06,-0.9962388277053833,-1.1500509337635847e-07,0.010000069625675678,-1.2525710246791277e-07,8.630650881968904e-06,0.009999999999998444,5.575865356571833e-09,-0.00035391850378139854,trajectory,REJOIN_SOFT,3.7394769191741943,12.317720413207745,4.7799367166589946e-06
1076,96087.625,12.3187255859375,-1.1994029591733124e-06,-0.9962388277053833,-1.139248765348843e-07,0.010000057518482208,-1.1476256389642003e-07,8.630650881968904e-06,0.009999999999998425,5.612505784036062e-09,-0.00035391850378139854,trajectory,REJOIN_SOFT,3.7394771575927734,12.318725585937232,4.7799367166589946e-06
1077,96087.75,12.319730758666992,-1.2104005691071507e-06,-0.9962388277053833,-1.1284465970530914e-07,0.010000049136579037,-1.0019024898610951e-07,8.630650881968904e-06,0.009999999999998408,5.6444129426766616e-09,-0.00035391850378139854,trajectory,REJOIN_SOFT,3.7394766807556152,12.319730758666719,4.7799367166589946e-06
1078,96087.875,12.320735931396484,-1.2197034493510728e-06,-0.9962388277053833,-1.117644357940789e-07,0.010000045411288738,-8.154015063155384e-08,8.630650881968904e-06,0.009999999999998392,5.670026721604704e-09,-0.00035391850378139854,trajectory,REJOIN_SOFT,3.7394769191741943,12.320735931396207,4.7799367166589946e-06
1079,96087.984,12.321741104125977,-1.2269937315068091e-06,-0.9962388277053833,-1.1088850712171625e-07,0.010000037029385567,-6.249491946164198e-08,8.630650881968904e-06,0.009999999999998382,5.6901962110658135e-09,-0.00035391850378139854,trajectory,REJOIN_SOFT,3.7394766807556152,12.321741104125696,4.7799367166589946e-06
1080,96088.109,12.322746276855469,-1.2327262766120839e-06,-0.9962388277053833,-1.1004779303794326e-07,0.010000025853514671,-5.125821900264782e-08,8.630650881968904e-06,0.009999999999998373,5.7049211549985475e-09,-0.00035391850378139854,trajectory,REJOIN_SOFT,3.739475965499878,12.322746276855185,4.7799367166589946e-06
1081,96088.218,12.323751449584961,-1.2377267921692692e-06,-0.9962388277053833,-1.0920707893849416e-07,0.010000016540288925,-4.812708809254218e-08,8.630650881968904e-06,0.009999999999998366,5.716928192772037e-09,-0.00035391850378139854,trajectory,REJOIN_SOFT,3.7394771575927734,12.323751449584675,4.7799367166589946e-06
1082,96088.343,12.324756622314453,-1.2426545481503126e-06,-0.9962388277053833,-1.0836636477330575e-07,0.010000009089708328,-4.849542278861918e-08,8.630650881968904e-06,0.00999999999999836,5.728678596710172e-09,-0.00035391850378139854,trajectory,REJOIN_SOFT,3.7394750118255615,12.324756622314165,4.7799367166589946e-06
1083,96088.453,12.325732231140137,-1.2474731647671433e-06,-0.9962388277053833,-1.0755037749545943e-07,0.010000007227063179,-4.88472799986539e-08,8.630650881968904e-06,0.009999999999998352,5.740231740093296e-09,-0.00035391850378139854,trajectory,REJOIN_SOFT,3.739476442337036,12.325732231139845,4.7799367166589946e-06
1084,96088.578,12.32670783996582,-1.2523263421826414e-06,-0.9962388277053833,-1.0673439021634076e-07,0.010000007227063179,-4.919358076449498e-08,8.630650881968904e-06,0.009999999999998345,5.75192855364592e-09,-0.00035391850378139854,trajectory,REJOIN_SOFT,3.739475965499878,12.326707839965527,4.7799367166589946e-06
1085,96088.703,12.327653884887695,-1.2570648095788783e-06,-0.9962388277053833,-1.059431298252925e-07,0.01000000536441803,-4.952407550717908e-08,8.630650881968904e-06,0.00999999999999834,5.76340584133292e-09,-0.00035391850378139854,trajectory,REJOIN_SOFT,3.7394752502441406,12.3276538848874,4.7799367166589946e-06
1086,96088.921,12.329427719116211,-1.2660341326409252e-06,-0.9962388277053833,-1.0445951659474628e-07,0.01000000536441803,-5.0129656870012695e-08,8.630650881968904e-06,0.009999999999998326,5.785279931168525e-09,-0.00035391850378139854,trajectory,REJOIN_SOFT,3.739475965499878,12.32942771911591,4.7799367166589946e-06
1087,96089.031,12.330403327941895,-1.2710132750726189e-06,-0.9962388277053833,-1.0364352931481206e-07,0.01000000536441803,-5.045489004373849e-08,8.630650881968904e-06,0.00999999999999832,5.797503840976951e-09,-0.00035391850378139854,trajectory,REJOIN_SOFT,3.739475965499878,12.330403327941593,4.7799367166589946e-06
1088,96089.14,12.33134937286377,-1.2758719094563276e-06,-0.9962388277053833,-1.0285226892442961e-07,0.01000000536441803,-5.076495668276948e-08,8.630650881968904e-06,0.009999999999998312,5.809485384332265e-09,-0.00035391850378139854,trajectory,REJOIN_SOFT,3.739475965499878,12.331349372863464,4.7799367166589946e-06
1089,96089.265,12.332295417785645,-1.280760443478357e-06,-0.9962388277053833,-1.0206100853587176e-07,0.01000000536441803,-5.106979372726528e-08,8.630650881968904e-06,0.009999999999998305,5.8215931178017714e-09,-0.00035391850378139854,trajectory,REJOIN_SOFT,3.739476442337036,12.332295417785337,4.7799367166589946e-06
1090,96089.39,12.333300590515137,-1.2859860589742311e-06,-0.9962388277053833,-1.0122029436904113e-07,0.01000000536441803,-5.138795700077026e-08,8.630650881968904e-06,0.009999999999998298,5.834591452871737e-09,-0.00035391850378139854,trajectory,REJOIN_SOFT,3.739475965499878,12.333300590514828,4.7799367166589946e-06
1091,96089.5,12.334364891052246,-1.291553985538485e-06,-0.9962388277053833,-1.003301264297795e-07,0.010000004433095455,-5.171839845274917e-08,8.630650881968904e-06,0.00999999999999829,5.84850299953503e-09,-0.00035391850378139854,trajectory,REJOIN_SOFT,3.739476203918457,12.334364891051933,4.7799367166589946e-06
1092,96089.64,12.33534049987793,-1.296688992624695e-06,-0.9962388277053833,-9.951413915112354e-08,0.010000004433095455,-5.201549413413886e-08,8.630650881968904e-06,0.009999999999998283,5.861387876531557e-09,-0.00035391850378139854,trajectory,REJOIN_SOFT,3.7394766807556152,12.335340499877613,4.7799367166589946e-06
1093,96089.765,12.336316108703613,-1.3018531035413616e-06,-0.9962388277053833,-9.869815187577367e-08,0.010000004433095455,-5.230702981862123e-08,8.630650881968904e-06,0.009999999999998274,5.874397430964833e-09,-0.00035391850378139854,trajectory,REJOIN_SOFT,3.739476442337036,12.336316108703295,4.7799367166589946e-06
1094,96089.875,12.337291717529297,-1.3070458635411342e-06,-0.9962388277053833,-9.7882164596889e-08,0.010000004433095455,-5.25930019534826e-08,8.630650881968904e-06,0.009999999999998267,5.8875300919731314e-09,-0.00035391850378139854,trajectory,REJOIN_SOFT,3.739476442337036,12.337291717528977,4.7799367166589946e-06
1095,96090.0,12.33826732635498,-1.3122664768161485e-06,-0.9962388277053833,-9.706617731884821e-08,0.010000004433095455,-5.2873414091436644e-08,8.630650881968904e-06,0.00999999999999826,5.9007830051562e-09,-0.00035391850378139854,trajectory,REJOIN_SOFT,3.7394750118255615,12.338267326354657,4.7799367166589946e-06
1096,96090.109,12.339242935180664,-1.3175146023058915e-06,-0.9962388277053833,-9.625019004003359e-08,0.010000004433095455,-5.3148262679769687e-08,8.630650881968904e-06,0.00999999999999825,5.914155020957401e-09,-0.00035391850378139854,trajectory,REJOIN_SOFT,3.7394766807556152,12.339242935180337,4.7799367166589946e-06
1097,96090.234,12.340188980102539,-1.3226294868218247e-06,-0.9962388277053833,-9.545892965180685e-08,0.010000004433095455,-5.3409472400289815e-08,8.630650881968904e-06,0.009999999999998243,5.927233882645891e-09,-0.00035391850378139854,trajectory,REJOIN_SOFT,3.739475965499878,12.34018898010221,4.7799367166589946e-06
1098,96090.359,12.341194152832031,-1.3280912298796466e-06,-0.9962388277053833,-9.461821548592055e-08,0.010000004433095455,-5.3681279865713805e-08,8.630650881968904e-06,0.009999999999998234,5.941248760772012e-09,-0.00035391850378139854,trajectory,REJOIN_SOFT,3.739476203918457,12.341194152831699,4.7799367166589946e-06
1099,96090.484,12.342169761657715,-1.3334185950952815e-06,-0.9962388277053833,-9.38022282066893e-08,0.010000004433095455,-5.393944846332488e-08,8.630650881968904e-06,0.009999999999998227,5.954966464050249e-09,-0.00035391850378139854,trajectory,REJOIN_SOFT,3.7394752502441406,12.342169761657381,4.7799367166589946e-06
1100,96090.593,12.343174934387207,-1.3389341120273457e-06,-0.9962388277053833,-9.29615140433886e-08,0.010000004433095455,-5.4199627896878155e-08,8.630650881968904e-06,0.009999999999998219,5.969217217954616e-09,-0.00035391850378139854,trajectory,REJOIN_SOFT,3.739475965499878,12.34317493438687,4.7799367166589946e-06
1101,96090.703,12.34415054321289,-1.34431240894628e-06,-0.9962388277053833,-9.214552676585164e-08,0.010000004433095455,-5.444650952313168e-08,8.630650881968904e-06,0.0,0.0,0.0,trajectory_no_feasible,REJOIN_SOFT,3.739475965499878,12.34415054321255,4.7799367166589946e-06
1102,96090.828,12.345037460327148,-1.3492224297806388e-06,-0.9962388277053833,-9.126290017783021e-08,0.009889654815196991,-5.4656020154197904e-08,7.464758709829766e-06,0.009999999999998203,5.994517765250951e-09,-0.0003538252324076274,trajectory,REJOIN_SOFT,3.739476442337036,12.345037460326806,4.7799367166589946e-06
1103,96090.937,12.345966339111328,-1.35447862703586e-06,-0.9962388277053833,-9.018514120991327e-08,0.009410097263753414,-5.4841638785774194e-08,7.536285920650698e-06,0.009999999999998196,6.005323334840744e-09,-0.0003538309545844931,trajectory,REJOIN_SOFT,3.7394766807556152,12.345966339110984,4.7799367166589946e-06
1104,96091.078,12.346909523010254,-1.3600833881355356e-06,-0.9962388277053833,-8.904611738140042e-08,0.009121168404817581,-5.505336631017599e-08,9.028342901729047e-06,0.009999999999998191,6.016872805574488e-09,-0.00035395031914297936,trajectory,REJOIN_SOFT,3.7375669479370117,12.346909523009906,4.7799367166589946e-06
1105,96091.187,12.347831726074219,-1.3657102044817293e-06,-0.9962388277053833,-8.769114510646955e-08,0.00902357418090105,-5.527638080593533e-08,8.948237336880993e-06,0.009999999999998186,6.02632153151923e-09,-0.0003539439106977915,trajectory,REJOIN_SOFT,3.7367310523986816,12.347831726073867,4.7799367166589946e-06
1106,96091.296,12.348686218261719,-1.3710271105082938e-06,-0.9962388277053833,-8.64044084459848e-08,0.009027323685586452,-5.548928072585113e-08,8.815188266453333e-06,0.00999999999999818,6.03516762310486e-09,-0.00035393326677215733,trajectory,REJOIN_SOFT,3.7383065223693848,12.348686218261363,4.7799367166589946e-06
1107,96091.421,12.349577903747559,-1.3765314861302613e-06,-0.9962388277053833,-8.524557356441317e-08,0.009081254713237286,-5.570757721784503e-08,8.785144927969668e-06,0.009999999999998172,6.046086923960829e-09,-0.0003539308633050786,trajectory,REJOIN_SOFT,3.7392163276672363,12.349577903747202,4.7799367166589946e-06
1108,96091.546,12.350518226623535,-1.3822250366501976e-06,-0.9962388277053833,-8.375677210121698e-08,0.009161381982266903,-5.592861285208528e-08,8.785144927969668e-06,0.009999999999998167,6.054531470449422e-09,-0.0003539308633050786,trajectory,REJOIN_SOFT,3.739253044128418,12.350518226623175,4.7799367166589946e-06
1109,96091.671,12.351458549499512,-1.3879408697903273e-06,-0.9962388277053833,-8.040350777139586e-08,0.009249708615243435,-5.614426257238847e-08,8.785144927969668e-06,0.009999999999998174,6.044432087652493e-09,-0.0003539308633050786,trajectory,REJOIN_SOFT,3.7389943599700928,12.351458549499148,4.7799367166589946e-06
1110,96091.796,12.352371215820312,-1.3935093647887697e-06,-0.9962388277053833,-7.615923054193126e-08,0.009334658272564411,-5.634768740492291e-08,8.785144927969668e-06,0.009999999999998186,6.024827745051739e-09,-0.0003539308633050786,trajectory,REJOIN_SOFT,3.7388908863067627,12.352371215819947,4.7799367166589946e-06
1111,96091.906,12.353327751159668,-1.3992673757456942e-06,-0.9962388277053833,-7.247719895303806e-08,0.009416928514838219,-5.65508848637819e-08,8.785144927969668e-06,0.009999999999998193,6.011665281129187e-09,-0.0003539308633050786,trajectory,REJOIN_SOFT,3.73887300491333,12.353327751159298,4.7799367166589946e-06
1112,96092.031,12.354300498962402,-1.4050457366465707e-06,-0.9962388277053833,-6.94691456485558e-08,0.009491835720837116,-5.67474955914804e-08,8.785144927969668e-06,0.009999999999998198,6.005369166086777e-09,-0.0003539308633050786,trajectory,REJOIN_SOFT,3.7388978004455566,12.35430049896203,4.7799367166589946e-06
1113,96092.14,12.355273246765137,-1.4108438790572109e-06,-0.9962388277053833,-6.70223002824237e-08,0.009558728896081448,-5.6937516035304725e-08,8.785144927969668e-06,0.009999999999998196,6.0047774226005935e-09,-0.0003539308633050786,trajectory,REJOIN_SOFT,3.738943576812744,12.35527324676476,4.7799367166589946e-06
1114,96092.265,12.356245994567871,-1.4166610071697505e-06,-0.9962388277053833,-6.457072262469175e-08,0.009617764502763748,-5.71209923805327e-08,8.796590009296779e-06,0.009999999999998198,6.004227740102225e-09,-0.0003539317789115848,trajectory,REJOIN_SOFT,3.7389979362487793,12.356245994567491,4.7799367166589946e-06
1115,96092.375,12.357218742370605,-1.4224966662368388e-06,-0.9962388277053833,-6.265922840936323e-08,0.009669465012848377,-5.7297999234151575e-08,8.796590009296779e-06,0.009999999999998196,6.009166653917195e-09,-0.0003539317789115848,trajectory,REJOIN_SOFT,3.7390525341033936,12.357218742370222,4.7799367166589946e-06
1116,96092.5,12.358205795288086,-1.4283497193900985e-06,-0.9962388277053833,-6.140761513674112e-08,0.009714488871395588,-5.7468600545007575e-08,8.802312549960334e-06,0.00999999999999819,6.020817209555265e-09,-0.0003539322367148379,trajectory,REJOIN_SOFT,3.739105463027954,12.358205795287699,4.7799367166589946e-06
1117,96092.609,12.359210968017578,-1.4342202803163673e-06,-0.9962388277053833,-6.066785544175215e-08,0.009753561578691006,-5.7632860261946917e-08,8.802312549960334e-06,0.009999999999998177,6.037707928390157e-09,-0.0003539322367148379,trajectory,REJOIN_SOFT,3.739152193069458,12.359210968017189,4.7799367166589946e-06
1118,96092.734,12.36021614074707,-1.4401070984604303e-06,-0.9962388277053833,-6.054334751326874e-08,0.009787413291633129,-5.77908281229611e-08,8.808035090623889e-06,0.009999999999998163,6.060831247235688e-09,-0.00035393269451809093,trajectory,REJOIN_SOFT,3.739196538925171,12.360216140746678,4.7799367166589946e-06
1119,96092.859,12.361191749572754,-1.4458358919000602e-06,-0.9962388277053833,-6.136636245114589e-08,0.009815872646868229,-5.7938173370075674e-08,8.808035090623889e-06,0.009999999999998144,6.092788118175303e-09,-0.00035393269451809093,trajectory,REJOIN_SOFT,3.7392351627349854,12.361191749572358,4.7799367166589946e-06
1120,96092.984,12.362167358398438,-1.4515787825075677e-06,-0.9962388277053833,-6.305350387511667e-08,0.009840560145676136,-5.8079653086906546e-08,8.808035090623889e-06,0.00999999999999812,6.13345724698494e-09,-0.00035393269451809093,trajectory,REJOIN_SOFT,3.7392678260803223,12.362167358398038,4.7799367166589946e-06
1121,96093.156,12.363054275512695,-1.456811673961056e-06,-0.9962388277053833,-6.502614129646706e-08,0.00986014399677515,-5.8203198705086834e-08,8.808035090623889e-06,0.009999999999998094,6.174879005327322e-09,-0.00035393269451809093,trajectory,REJOIN_SOFT,3.73929762840271,12.363054275512294,4.7799367166589946e-06
1122,96093.296,12.364798545837402,-1.4671344388261787e-06,-0.9962388277053833,-6.975695654608847e-08,0.009891930967569351,-5.8432146232689774e-08,8.808035090623889e-06,0.009999999999998037,6.265016549479562e-09,-0.00035393269451809093,trajectory,REJOIN_SOFT,3.739345073699951,12.364798545836994,4.7799367166589946e-06
1123,96093.421,12.365774154663086,-1.4729253052792046e-06,-0.9962388277053833,-7.302443012315522e-08,0.009906456805765629,-5.855211071548183e-08,8.813757631287444e-06,0.009999999999998002,6.321736419822299e-09,-0.00035393315232134403,trajectory,REJOIN_SOFT,3.739345073699951,12.365774154662674,4.7799367166589946e-06
1124,96093.546,12.36674976348877,-1.4787277677896782e-06,-0.9962388277053833,-7.630604347182068e-08,0.009919038973748684,-5.8666273616836406e-08,8.813757631287444e-06,0.009999999999997965,6.378659542186861e-09,-0.00035393315232134403,trajectory,REJOIN_SOFT,3.739363431930542,12.366749763488354,4.7799367166589946e-06
1125,96093.671,12.367754936218262,-1.484717586208717e-06,-0.9962388277053833,-8.023202669116012e-08,0.009930238127708435,-5.877782527363706e-08,8.813757631287444e-06,0.009999999999997925,6.442819347477272e-09,-0.00035393315232134403,trajectory,REJOIN_SOFT,3.739380359649658,12.367754936217842,4.7799367166589946e-06
1126,96093.781,12.368760108947754,-1.4907185459378525e-06,-0.9962388277053833,-8.443278387013268e-08,0.009939885698258877,-5.888322363034604e-08,8.813757631287444e-06,0.009999999999997882,6.509788259117141e-09,-0.00035393315232134403,trajectory,REJOIN_SOFT,3.7393953800201416,12.368760108947331,4.7799367166589946e-06
1127,96093.906,12.369765281677246,-1.496729737482383e-06,-0.9962388277053833,-8.903977252367214e-08,0.009948204271495342,-5.8982514872241154e-08,8.813757631287444e-06,0.009999999999997834,6.580877464765557e-09,-0.00035393315232134403,trajectory,REJOIN_SOFT,3.7394073009490967,12.36976528167682,4.7799367166589946e-06
1128,96094.031,12.37074089050293,-1.5025738093754626e-06,-0.9962388277053833,-9.401667681536009e-08,0.009955174289643764,-5.9072995384212845e-08,8.813757631287444e-06,0.009999999999997787,6.654985075515422e-09,-0.00035393315232134403,trajectory,REJOIN_SOFT,3.73941707611084,12.3707408905025,4.7799367166589946e-06
1129,96094.14,12.371716499328613,-1.5084264077813714e-06,-0.9962388277053833,-9.980136870729893e-08,0.009961198084056377,-5.915772760545224e-08,8.813757631287444e-06,0.009999999999997731,6.737221072409271e-09,-0.00035393315232134403,trajectory,REJOIN_SOFT,3.7394261360168457,12.37171649932818,4.7799367166589946e-06
1130,96094.25,12.372692108154297,-1.5142870779527584e-06,-0.9962388277053833,-1.0621539539781682e-07,0.009966416284441948,-5.923667600882254e-08,8.813757631287444e-06,0.00999999999999767,6.825799252849682e-09,-0.00035393315232134403,trajectory,REJOIN_SOFT,3.7394344806671143,12.37269210815386,4.7799367166589946e-06
1131,96094.39,12.373697280883789,-1.5203332850433071e-06,-0.9962388277053833,-1.1333492706910117e-07,0.00997104961425066,-5.9311989986099434e-08,8.813757631287444e-06,0.009999999999997605,6.922222251619145e-09,-0.00035393315232134403,trajectory,REJOIN_SOFT,3.7394423484802246,12.373697280883349,4.7799367166589946e-06
1132,96094.5,12.374702453613281,-1.526320602351916e-06,-0.9962388277053833,-1.2010459285660906e-07,0.009975048713386059,-5.755423515552138e-08,8.813757631287444e-06,0.009999999999997539,7.014941593277761e-09,-0.00035393315232134403,trajectory,REJOIN_SOFT,3.7394473552703857,12.374702453612837,4.7799367166589946e-06
1133,96094.625,12.375707626342773,-1.532066903564555e-06,-0.9962388277053833,-1.265454609481054e-07,0.00997850950807333,-5.534186442446298e-08,8.813757631287444e-06,0.009999999999997478,7.103473722531055e-09,-0.00035393315232134403,trajectory,REJOIN_SOFT,3.739452838897705,12.375707626342326,4.7799367166589946e-06
1134,96094.734,12.376742362976074,-1.537789557914948e-06,-0.9962388277053833,-1.3361439796406556e-07,0.009981581009924412,-5.325881957674028e-08,8.813757631287444e-06,0.00999999999999741,7.198280950903701e-09,-0.00035393315232134403,trajectory,REJOIN_SOFT,3.7394564151763916,12.376742362975623,4.7799367166589946e-06
1135,96094.859,12.377629280090332,-1.5424150205944898e-06,-0.9962388277053833,-1.3855512817332925e-07,0.00998386275023222,-4.924077146029049e-08,8.816618901619222e-06,0.00999999999999736,7.267309375216258e-09,-0.0003539333812229706,trajectory,REJOIN_SOFT,3.739459753036499,12.377629280089879,4.7799367166589946e-06
1136,96094.968,12.37851619720459,-1.5466598597413395e-06,-0.9962388277053833,-1.424956867668268e-07,0.009985876269638538,-4.462211222744372e-08,8.816618901619222e-06,0.009999999999997317,7.324897420769198e-09,-0.0003539333812229706,trajectory,REJOIN_SOFT,3.7394630908966064,12.378516197204133,4.7799367166589946e-06
1137,96095.093,12.379462242126465,-1.5505723922615289e-06,-0.9962388277053833,-1.4692202890551853e-07,0.009987719357013702,-3.628947098377466e-08,8.816618901619222e-06,0.009999999999997271,7.3862210557962896e-09,-0.0003539333812229706,trajectory,REJOIN_SOFT,3.7394649982452393,12.379462242126007,4.7799367166589946e-06
1138,96095.203,12.380496978759766,-1.553861011416302e-06,-0.9962388277053833,-1.5171325808508778e-07,0.009989457204937935,-2.68322946084254e-08,8.816618901619222e-06,0.009999999999997225,7.4490250002008865e-09,-0.0003539333812229706,trajectory,REJOIN_SOFT,3.739467144012451,12.380496978759304,4.7799367166589946e-06
1139,96095.312,12.381413459777832,-1.5560608517262153e-06,-0.9962388277053833,-1.5650477199855372e-07,0.00999088492244482,-2.0852310100849536e-08,8.816618901619222e-06,0.009999999999997181,7.507417115933884e-09,-0.0003539333812229706,trajectory,REJOIN_SOFT,3.739469051361084,12.38141345977737,4.7799367166589946e-06
1140,96095.437,12.382359504699707,-1.557860286993673e-06,-0.9962388277053833,-1.6149925993751313e-07,0.009992094710469246,-1.704115781819837e-08,8.816618901619222e-06,0.009999999999997138,7.56638389925103e-09,-0.0003539333812229706,trajectory,REJOIN_SOFT,3.739471435546875,12.382359504699243,4.7799367166589946e-06
1141,96095.562,12.383394241333008,-1.5595499007758917e-06,-0.9962388277053833,-1.6733082469796312e-07,0.00999328214675188,-1.561989471099423e-08,8.816618901619222e-06,0.009999999999997086,7.633510297326001e-09,-0.0003539333812229706,trajectory,REJOIN_SOFT,3.739470958709717,12.383394241332542,4.7799367166589946e-06
1142,96095.671,12.3843994140625,-1.5611899470968638e-06,-0.9962388277053833,-1.7317543522467721e-07,0.009994427673518658,-1.6987595330419936e-08,8.816618901619222e-06,0.009999999999997036,7.700517149938638e-09,-0.0003539333812229706,trajectory,REJOIN_SOFT,3.739473581314087,12.384399414062035,4.7799367166589946e-06
1143,96095.796,12.385404586791992,-1.563107616675552e-06,-0.9962388277053833,-1.7944020474186152e-07,0.009995308704674244,-2.1063764066298063e-08,8.816618901619222e-06,0.009999999999996978,7.772793995858884e-09,-0.0003539333812229706,trajectory,REJOIN_SOFT,3.7394726276397705,12.385404586791525,4.7799367166589946e-06
1144,96095.937,12.386409759521484,-1.5655789411539445e-06,-0.9962388277053833,-1.8596082617979117e-07,0.009995984844863415,-2.7848454209333795e-08,8.816618901619222e-06,0.00999999999999692,7.849755136798902e-09,-0.0003539333812229706,trajectory,REJOIN_SOFT,3.7394726276397705,12.386409759521015,4.7799367166589946e-06
1145,96096.046,12.387444496154785,-1.5689798829043866e-06,-0.9962388277053833,-1.9250134435827145e-07,0.009996696375310421,-3.6678535764167464e-08,8.816618901619222e-06,0.009999999999996855,7.93055047655569e-09,-0.0003539333812229706,trajectory,REJOIN_SOFT,3.739474296569824,12.387444496154314,4.7799367166589946e-06
1146,96096.171,12.388449668884277,-1.5730428231108817e-06,-0.9962388277053833,-1.972987310374019e-07,0.009997393004596233,-4.3098658863982564e-08,8.816618901619222e-06,0.009999999999996803,7.996393424237519e-09,-0.0003539333812229706,trajectory,REJOIN_SOFT,3.739474296569824,12.388449668883803,4.7799367166589946e-06
1147,96096.296,12.389513969421387,-1.577365878802084e-06,-0.9962388277053833,-2.020488988195206e-07,0.009998127818107605,-3.353968480723779e-08,8.813757631287444e-06,0.00999999999999675,8.062911205072732e-09,-0.00035393315232134403,trajectory,REJOIN_SOFT,3.7394745349884033,12.38951396942091,4.7799367166589946e-06
1148,96096.421,12.390548706054688,-1.580273078616301e-06,-0.9962388277053833,-2.062813438258578e-07,0.0099986232817173,-2.208969185346632e-08,8.813757631287444e-06,0.009999999999996702,8.118772720896154e-09,-0.00035393315232134403,trajectory,REJOIN_SOFT,3.739474296569824,12.39054870605421,4.7799367166589946e-06
1149,96096.562,12.391672134399414,-1.582160621182993e-06,-0.9962388277053833,-2.1116275747311927e-07,0.009998859837651253,-1.1299880142701113e-08,8.813757631287444e-06,0.009999999999996657,8.177431809116648e-09,-0.00035393315232134403,trajectory,REJOIN_SOFT,3.7394747734069824,12.391672134398934,4.7799367166589946e-06
1150,96096.656,12.392559051513672,-1.5828400137252174e-06,-0.9962388277053833,-2.152814894788288e-07,0.009999040514230728,-3.973894102671238e-09,8.813757631287444e-06,0.00999999999999662,8.22328799464373e-09,-0.00035393315232134403,trajectory,REJOIN_SOFT,3.7394752502441406,12.392559051513192,4.7799367166589946e-06
1151,96096.781,12.39303207397461,-1.5829460835448117e-06,-0.9962388277053833,-2.1747814654154536e-07,0.009999144822359085,-4.968596645227308e-10,8.813757631287444e-06,0.0099999999999966,8.246762895420038e-09,-0.00035393315232134403,trajectory,REJOIN_SOFT,3.7394752502441406,12.39303207397413,4.7799367166589946e-06
1152,96096.906,12.394539833068848,-1.5822881778149167e-06,-0.9962388277053833,-2.2486526111693577e-07,0.00999944657087326,8.589146283100035e-09,8.813757631287444e-06,0.00999999999999654,8.321622744802888e-09,-0.00035393315232134403,trajectory,REJOIN_SOFT,3.739475727081299,12.394539833068368,4.7799367166589946e-06
1153,96097.015,12.395515441894531,-1.581216451995715e-06,-0.9962388277053833,-2.2993845092132787e-07,0.009999649599194527,1.2848239805407502e-08,8.813757631287444e-06,0.009999999999996496,8.370514580130116e-09,-0.00035393315232134403,trajectory,REJOIN_SOFT,3.739475727081299,12.395515441894052,4.7799367166589946e-06
1154,96097.14,12.396520614624023,-1.579738523105334e-06,-0.9962388277053833,-2.351747527843464e-07,0.009999864734709263,1.5905023076356883e-08,8.813757631287444e-06,0.009999999999996456,8.419544845457893e-09,-0.00035393315232134403,trajectory,REJOIN_SOFT,3.739475965499878,12.396520614623544,4.7799367166589946e-06
1155,96097.265,12.397525787353516,-1.5780177591295796e-06,-0.9962388277053833,-2.409252318641521e-07,0.010000054724514484,1.761057610849548e-08,8.813757631287444e-06,0.009999999999996411,8.472781215338712e-09,-0.00035393315232134403,trajectory,REJOIN_SOFT,3.739475727081299,12.397525787353038,4.7799367166589946e-06
1156,96097.39,12.398530960083008,-1.5761919485157705e-06,-0.9962388277053833,-2.4671069806120735e-07,0.010000244714319706,1.7964884690968574e-08,8.813757631287444e-06,0.009999999999996366,8.525960360491629e-09,-0.00035393315232134403,trajectory,REJOIN_SOFT,3.739475965499878,12.39853096008253,4.7799367166589946e-06
1157,96097.515,12.399595260620117,-1.5742971299914643e-06,-0.9962388277053833,-2.528364858520223e-07,0.010000407695770264,1.686724360183689e-08,8.813757631287444e-06,0.009999999999996316,8.582411392700972e-09,-0.00035393315232134403,trajectory,REJOIN_SOFT,3.739475727081299,12.399595260619641,4.7799367166589946e-06
1158,96097.656,12.400659561157227,-1.5726027413620614e-06,-0.9962388277053833,-2.589622737065965e-07,0.010000525042414665,1.4254734281848869e-08,8.813757631287444e-06,0.009999999999996267,8.639629569036434e-09,-0.00035393315232134403,trajectory,REJOIN_SOFT,3.739475727081299,12.40065956115675,4.7799367166589946e-06
1159,96097.765,12.401694297790527,-1.5713030734332278e-06,-0.9962388277053833,-2.6491790084855943e-07,0.010000594891607761,1.026245044499774e-08,8.813757631287444e-06,0.009999999999996217,8.696593183409628e-09,-0.00035393315232134403,trajectory,REJOIN_SOFT,3.739476442337036,12.401694297790051,4.7799367166589946e-06
1160,96097.89,12.402729034423828,-1.5704974885011325e-06,-0.9962388277053833,-2.7087352805078855e-07,0.010000617243349552,4.838280887042856e-09,8.813757631287444e-06,0.009999999999996166,8.75545704853202e-09,-0.00035393315232134403,trajectory,REJOIN_SOFT,3.739475727081299,12.402729034423354,4.7799367166589946e-06
1161,96098.015,12.40373420715332,-1.5703312783443835e-06,-0.9962388277053833,-2.7665899453351926e-07,0.01000059861689806,-1.8020186454137388e-09,8.813757631287444e-06,0.009999999999996114,8.815012578605353e-09,-0.00035393315232134403,trajectory,REJOIN_SOFT,3.739476203918457,12.403734207152846,4.7799367166589946e-06
1162,96098.14,12.404768943786621,-1.570940753481409e-06,-0.9962388277053833,-2.8261462171979573e-07,0.010000539012253284,-1.0049058474237427e-08,8.813757631287444e-06,0.009999999999996057,8.879328841226144e-09,-0.00035393315232134403,trajectory,REJOIN_SOFT,3.739475965499878,12.404768943786145,4.7799367166589946e-06
1163,96098.265,12.405774116516113,-1.572433006913343e-06,-0.9962388277053833,-2.884000881071912e-07,0.01000047568231821,-1.943159233519509e-08,8.813757631287444e-06,0.009999999999996,8.945281114700447e-09,-0.00035393315232134403,trajectory,REJOIN_SOFT,3.739475965499878,12.405774116515637,4.7799367166589946e-06
1164,96098.39,12.406779289245605,-1.5749507156215259e-06,-0.9962388277053833,-2.9418555442502566e-07,0.010000412352383137,-3.016538485667297e-08,8.813757631287444e-06,0.009999999999995936,9.015194034450908e-09,-0.00035393315232134403,trajectory,REJOIN_SOFT,3.739476203918457,12.406779289245128,4.7799367166589946e-06
1165,96098.484,12.407695770263672,-1.5782571836098214e-06,-0.9962388277053833,-2.9946053842764957e-07,0.010000362992286682,-4.11297662594734e-08,8.813757631287444e-06,0.009999999999995875,9.082845975427452e-09,-0.00035393315232134403,trajectory,REJOIN_SOFT,3.7394747734069824,12.407695770263192,4.7799367166589946e-06
1166,96098.609,12.408080101013184,-1.5799568018337595e-06,-0.9962388277053833,-3.0167262849321657e-07,0.010000350885093212,-4.6062030634175244e-08,8.813757631287444e-06,0.009999999999995849,9.112427014151629e-09,-0.00035393315232134403,trajectory,REJOIN_SOFT,3.7394747734069824,12.408080101012702,4.7799367166589946e-06
1167,96098.734,12.409646987915039,-1.588996951795707e-06,-0.9962388277053833,-3.106559918010648e-07,0.010000296868383884,-6.797537821512378e-08,8.813757631287444e-06,0.009999999999995731,9.240847192300698e-09,-0.00035393315232134403,trajectory,REJOIN_SOFT,3.7394747734069824,12.409646987914552,4.7799367166589946e-06
1168,96098.843,12.410622596740723,-1.596176275597827e-06,-0.9962388277053833,-3.1611654097237243e-07,0.010000266134738922,-7.534875123837992e-08,8.813757631287444e-06,0.009999999999995653,9.325489982835974e-09,-0.00035393315232134403,trajectory,REJOIN_SOFT,3.7394752502441406,12.41062259674023,4.7799367166589946e-06
1169,96098.968,12.411568641662598,-1.6033718566177413e-06,-0.9962388277053833,-3.21179157941803e-07,0.010000236332416534,-7.37952774443329e-08,8.813757631287444e-06,0.009999999999995577,9.406168152135236e-09,-0.00035393315232134403,trajectory,REJOIN_SOFT,3.739475965499878,12.4115686416621,4.7799367166589946e-06
1170,96099.093,12.412603378295898,-1.6109893294924404e-06,-0.9962388277053833,-3.2573569791568387e-07,0.010000203736126423,-7.052666717299871e-08,8.813757631287444e-06,0.009999999999995504,9.483651455922603e-09,-0.00035393315232134403,trajectory,REJOIN_SOFT,3.739476442337036,12.412603378295398,4.7799367166589946e-06
1171,96099.218,12.41360855102539,-1.6178553323697997e-06,-0.9962388277053833,-3.292109056467817e-07,0.010000172071158886,-6.560814114209279e-08,8.813757631287444e-06,0.009999999999995443,9.54736996452032e-09,-0.00035393315232134403,trajectory,REJOIN_SOFT,3.739475965499878,12.413608551024884,4.7799367166589946e-06
1172,96099.343,12.414643287658691,-1.6242927358689485e-06,-0.9962388277053833,-3.312760837733153e-07,0.010000139474868774,-5.358020516155193e-08,8.813757631287444e-06,0.009999999999995396,9.595424766137016e-09,-0.00035393315232134403,trajectory,REJOIN_SOFT,3.739475727081299,12.414643287658182,4.7799367166589946e-06
1173,96099.453,12.415618896484375,-1.6293773796860478e-06,-0.9962388277053833,-3.318268681588367e-07,0.010000108741223812,-5.106520006847859e-08,8.813757631287444e-06,0.00999999999999537,9.622978840120901e-09,-0.00035393315232134403,trajectory,REJOIN_SOFT,3.7394745349884033,12.415618896483862,4.7799367166589946e-06
1174,96099.562,12.41656494140625,-1.6337033912350307e-06,-0.9962388277053833,-3.317355776002706e-07,0.01000010222196579,-3.577660834253038e-08,8.813757631287444e-06,0.009999999999995353,9.641119889212915e-09,-0.00035393315232134403,trajectory,REJOIN_SOFT,3.7394752502441406,12.416564941405733,4.7799367166589946e-06
1175,96099.687,12.417540550231934,-1.6364638213417493e-06,-0.9962388277053833,-3.3169430930645635e-07,0.01000010222196579,-2.067719151455094e-08,8.813757631287444e-06,0.00999999999999534,9.653785367540995e-09,-0.00035393315232134403,trajectory,REJOIN_SOFT,3.739476203918457,12.417540550231415,4.7799367166589946e-06
1176,96099.812,12.418516159057617,-1.6380523675252334e-06,-0.9962388277053833,-3.3165304097988477e-07,0.01000010222196579,-1.2215291000927664e-08,8.813757631287444e-06,0.009999999999995334,9.661921155791844e-09,-0.00035393315232134403,trajectory,REJOIN_SOFT,3.739476203918457,12.418516159057098,4.7799367166589946e-06
1177,96099.937,12.419550895690918,-1.6389675465688924e-06,-0.9962388277053833,-3.3160927155533025e-07,0.01000010222196579,-6.06396532987219e-09,8.813757631287444e-06,0.009999999999995327,9.667574493788642e-09,-0.00035393315232134403,trajectory,REJOIN_SOFT,3.739475965499878,12.419550895690397,4.7799367166589946e-06
1178,96100.062,12.420526504516602,-1.6393877331211115e-06,-0.9962388277053833,-3.3156800326999663e-07,0.01000010222196579,-2.4829036604501198e-09,8.813757631287444e-06,0.009999999999995325,9.671193031732653e-09,-0.00035393315232134403,trajectory,REJOIN_SOFT,3.739476442337036,12.420526504516081,4.7799367166589946e-06
1179,96100.171,12.421531677246094,-1.6396381852246122e-06,-0.9962388277053833,-3.315254844137033e-07,0.010000080801546574,-2.6957098775426402e-09,8.813757631287444e-06,0.009999999999995322,9.674216754798799e-09,-0.00035393315232134403,trajectory,REJOIN_SOFT,3.7394766807556152,12.421531677245572,4.7799367166589946e-06
1180,96100.281,12.422536849975586,-1.6399841342717991e-06,-0.9962388277053833,-3.3148296553855113e-07,0.010000055655837059,-4.312582735366277e-09,8.813757631287444e-06,0.009999999999995318,9.67761367522942e-09,-0.00035393315232134403,trajectory,REJOIN_SOFT,3.739475965499878,12.422536849975064,4.7799367166589946e-06
1181,96100.406,12.423542022705078,-1.6405638234573416e-06,-0.9962388277053833,-3.3144044666711683e-07,0.010000037960708141,-7.2806916051604276e-09,8.813757631287444e-06,0.009999999999995313,9.681920793016197e-09,-0.00035393315232134403,trajectory,REJOIN_SOFT,3.739475727081299,12.423542022704556,4.7799367166589946e-06
1182,96100.515,12.42454719543457,-1.6415152686022338e-06,-0.9962388277053833,-3.3139792779252994e-07,0.010000023990869522,-1.1600036486925092e-08,8.813757631287444e-06,0.009999999999995308,9.687675063348955e-09,-0.00035393315232134403,trajectory,REJOIN_SOFT,3.739475965499878,12.424547195434048,4.7799367166589946e-06
1183,96100.64,12.425552368164062,-1.642976371840632e-06,-0.9962388277053833,-3.3135540891479044e-07,0.010000011883676052,-1.727061693657106e-08,8.813757631287444e-06,0.009999999999995299,9.695413838488963e-09,-0.00035393315232134403,trajectory,REJOIN_SOFT,3.7394747734069824,12.425552368163538,4.7799367166589946e-06
1184,96100.765,12.426557540893555,-1.6450843531856663e-06,-0.9962388277053833,-3.3131289000680503e-07,0.01000000350177288,-2.4292447164953046e-08,8.813757631287444e-06,0.00999999999999529,9.70567265935715e-09,-0.00035393315232134403,trajectory,REJOIN_SOFT,3.739476203918457,12.426557540893029,4.7799367166589946e-06
1185,96100.89,12.427562713623047,-1.6479777968925191e-06,-0.9962388277053833,-3.312703711262122e-07,0.01000000350177288,-3.266549697400478e-08,8.813757631287444e-06,0.009999999999995277,9.718993208072084e-09,-0.00035393315232134403,trajectory,REJOIN_SOFT,3.739476442337036,12.42756271362252,4.7799367166589946e-06
1186,96101.031,12.428567886352539,-1.6517947187821846e-06,-0.9962388277053833,-3.312278522678784e-07,0.01000000350177288,-4.238981787807461e-08,8.813757631287444e-06,0.009999999999995261,9.73591580252346e-09,-0.00035393315232134403,trajectory,REJOIN_SOFT,3.7394766807556152,12.428567886352008,4.7799367166589946e-06
1187,96101.125,12.429573059082031,-1.6566716567467665e-06,-0.9962388277053833,-3.311853334171329e-07,0.01000000350177288,-5.346532105932056e-08,8.813757631287444e-06,0.00999999999999524,9.756975855936125e-09,-0.00035393315232134403,trajectory,REJOIN_SOFT,3.739475965499878,12.429573059081498,4.7799367166589946e-06
1188,96101.156,12.4298095703125,-1.6579883777012583e-06,-0.9962388277053833,-3.311753289733803e-07,0.01000000350177288,-5.626768739830368e-08,8.813757631287444e-06,0.009999999999995235,9.762591945693697e-09,-0.00035393315232134403,trajectory,REJOIN_SOFT,3.739475965499878,12.429809570311965,4.7799367166589946e-06
1189,96101.265,12.430578231811523,-1.6627474224151229e-06,-0.9962388277053833,-3.311428145550643e-07,0.01000000350177288,-6.589203849216574e-08,8.813757631287444e-06,0.009999999999995214,9.782718468535565e-09,-0.00035393315232134403,trajectory,REJOIN_SOFT,3.739475727081299,12.430578231810985,4.7799367166589946e-06
1190,96101.39,12.431583404541016,-1.6701595768608968e-06,-0.9962388277053833,-3.3110029567205013e-07,0.01000000350177288,-7.966996662389647e-08,8.813757631287444e-06,0.009999999999995185,9.813684724986345e-09,-0.00035393315232134403,trajectory,REJOIN_SOFT,3.7394752502441406,12.431583404540472,4.7799367166589946e-06
1191,96101.5,12.432588577270508,-1.6790463632787578e-06,-0.9962388277053833,-3.310577767489197e-07,0.01000000350177288,-9.479916940335897e-08,8.813757631287444e-06,0.009999999999995148,9.850419214066018e-09,-0.00035393315232134403,trajectory,REJOIN_SOFT,3.7394752502441406,12.432588577269959,4.7799367166589946e-06
1192,96101.609,12.43359375,-1.6895452290555113e-06,-0.9962388277053833,-3.310152578516372e-07,0.01000000350177288,-1.1127958288170703e-07,8.813757631287444e-06,0.009999999999995107,9.89346427772554e-09,-0.00035393315232134403,trajectory,REJOIN_SOFT,3.7394769191741943,12.433593749999444,4.7799367166589946e-06
1193,96101.734,12.434598922729492,-1.7017938489516382e-06,-0.9962388277053833,-3.309727389808916e-07,0.01000000350177288,-1.2911118574265856e-07,8.813757631287444e-06,0.009999999999995056,9.94336399356997e-09,-0.00035393315232134403,trajectory,REJOIN_SOFT,3.739475965499878,12.434598922728927,4.7799367166589946e-06
1194,96101.859,12.435604095458984,-1.7159302387881326e-06,-0.9962388277053833,-3.309302201262976e-07,0.01000000350177288,-1.4824124150436546e-07,8.813757631287444e-06,0.009999999999994999,1.000066462213134e-08,-0.00035393315232134403,trajectory,REJOIN_SOFT,3.739475727081299,12.43560409545841,4.7799367166589946e-06
1195,96101.984,12.436609268188477,-1.731749080136069e-06,-0.9962388277053833,-3.308877012761534e-07,0.009999994188547134,-1.59433938051734e-07,8.813757631287444e-06,0.009999999999994935,1.0064573905336156e-08,-0.00035393315232134403,trajectory,REJOIN_SOFT,3.739475727081299,12.436609268187892,4.7799367166589946e-06
1196,96102.093,12.437614440917969,-1.7479477492088336e-06,-0.9962388277053833,-3.3084518229688e-07,0.009999976493418217,-1.556903299615442e-07,8.813757631287444e-06,0.00999999999999487,1.0130015982245115e-08,-0.00035393315232134403,trajectory,REJOIN_SOFT,3.7394750118255615,12.437614440917372,4.7799367166589946e-06
1197,96102.218,12.438619613647461,-1.7630554793868214e-06,-0.9962388277053833,-3.308026635265587e-07,0.009999971836805344,-1.396980309209539e-07,8.813757631287444e-06,0.009999999999994806,1.0191250574903541e-08,-0.00035393315232134403,trajectory,REJOIN_SOFT,3.739476203918457,12.438619613646853,4.7799367166589946e-06
1198,96102.343,12.439624786376953,-1.7764707536116475e-06,-0.9962388277053833,-3.307601448982423e-07,0.009999992325901985,-1.2356694867321494e-07,8.813757631287444e-06,0.009999999999994753,1.0245923395542425e-08,-0.00035393315232134403,trajectory,REJOIN_SOFT,3.739475727081299,12.439624786376337,4.7799367166589946e-06
1199,96102.468,12.440629959106445,-1.788309532457788e-06,-0.9962388277053833,-3.3071762622567695e-07,0.010000045411288738,-1.0878711265149832e-07,8.813757631287444e-06,0.0099999999999947,1.0294479793529947e-08,-0.00035393315232134403,trajectory,REJOIN_SOFT,3.7394752502441406,12.44062995910582,4.7799367166589946e-06
1200,96102.578,12.441546440124512,-1.7978463802137412e-06,-0.9962388277053833,-3.3067885889893185e-07,0.010000103153288364,-9.64890389809625e-08,8.813757631287444e-06,0.00999999999999466,1.0333870918756016e-08,-0.00035393315232134403,trajectory,REJOIN_SOFT,3.739475965499878,12.44154644012388,4.7799367166589946e-06
1201,96102.703,12.442581176757812,-1.8073072851620964e-06,-0.9962388277053833,-3.306350892173015e-07,0.010000146925449371,-8.395413431117049e-08,8.813757631287444e-06,0.00999999999999462,1.037327035306168e-08,-0.00035393315232134403,trajectory,REJOIN_SOFT,3.739475965499878,12.442581176757173,4.7799367166589946e-06
1202,96102.828,12.443586349487305,-1.815307996366755e-06,-0.9962388277053833,-3.305925701463827e-07,0.010000154376029968,-7.314848460282519e-08,8.813757631287444e-06,0.009999999999994584,1.0406920472016334e-08,-0.00035393315232134403,trajectory,REJOIN_SOFT,3.7394752502441406,12.44358634948666,4.7799367166589946e-06
1203,96102.937,12.44453239440918,-1.8218920558865648e-06,-0.9962388277053833,-3.3055255238111887e-07,0.010000133886933327,-6.42128128447439e-08,8.813757631287444e-06,0.009999999999994557,1.0434913710536229e-08,-0.00035393315232134403,trajectory,REJOIN_SOFT,3.7394750118255615,12.44453239440853,4.7799367166589946e-06
1204,96103.14,12.445478439331055,-1.8276753053214634e-06,-0.9962388277053833,-3.3051253462593347e-07,0.010000116191804409,-5.647406098319152e-08,8.813757631287444e-06,0.00999999999999453,1.0459793106597423e-08,-0.00035393315232134403,trajectory,REJOIN_SOFT,3.7394750118255615,12.445478439330401,4.7799367166589946e-06
1205,96103.265,12.447222709655762,-1.8366260974289617e-06,-0.9962388277053833,-3.3043875189001506e-07,0.010000091977417469,-4.534358666319349e-08,8.813757631287444e-06,0.009999999999994487,1.0499006902169914e-08,-0.00035393315232134403,trajectory,REJOIN_SOFT,3.739475727081299,12.447222709655101,4.7799367166589946e-06
1206,96103.406,12.448287010192871,-1.8412512190479902e-06,-0.9962388277053833,-3.3039373190175283e-07,0.010000082664191723,-4.055094038335483e-08,8.813757631287444e-06,0.009999999999994468,1.0519683080402497e-08,-0.00035393315232134403,trajectory,REJOIN_SOFT,3.739476203918457,12.448287010192207,4.7799367166589946e-06
1207,96103.515,12.449321746826172,-1.845328142735525e-06,-0.9962388277053833,-3.3034996247669385e-07,0.010000075213611126,-3.734373521524503e-08,8.813757631287444e-06,0.009999999999994449,1.0538156290846052e-08,-0.00035393315232134403,trajectory,REJOIN_SOFT,3.739476442337036,12.449321746825504,4.7799367166589946e-06
1208,96103.64,12.450356483459473,-1.849143700383138e-06,-0.9962388277053833,-3.3030619305674216e-07,0.010000066831707954,-3.556846195351682e-08,8.813757631287444e-06,0.009999999999994427,1.0555619742615263e-08,-0.00035393315232134403,trajectory,REJOIN_SOFT,3.739475727081299,12.450356483458801,4.7799367166589946e-06
1209,96103.765,12.451391220092773,-1.8528475038692704e-06,-0.9962388277053833,-3.302624236325925e-07,0.010000066831707954,-3.522502112218717e-08,8.813757631287444e-06,0.009999999999994411,1.0572659239249712e-08,-0.00035393315232134403,trajectory,REJOIN_SOFT,3.7394754886627197,12.4513912200921,4.7799367166589946e-06
1210,96103.89,12.452425956726074,-1.8565910977486055e-06,-0.9962388277053833,-3.3021865420349235e-07,0.010000066831707954,-3.631352640809382e-08,8.813757631287444e-06,0.009999999999994392,1.0589869122447148e-08,-0.00035393315232134403,trajectory,REJOIN_SOFT,3.739476203918457,12.452425956725397,4.7799367166589946e-06
1211,96104.015,12.453401565551758,-1.8602916043164441e-06,-0.9962388277053833,-3.3017738588713117e-07,0.010000066831707954,-3.865128306301813e-08,8.813757631287444e-06,0.009999999999994374,1.0606779544695768e-08,-0.00035393315232134403,trajectory,REJOIN_SOFT,3.739475965499878,12.45340156555108,4.7799367166589946e-06
1212,96104.14,12.454347610473633,-1.8641596852830844e-06,-0.9962388277053833,-3.3013736812980626e-07,0.010000066831707954,-4.213384841023071e-08,8.813757631287444e-06,0.009999999999994357,1.062428898957815e-08,-0.00035393315232134403,trajectory,REJOIN_SOFT,3.739475965499878,12.45434761047295,4.7799367166589946e-06
1213,96104.25,12.455382347106934,-1.868843128249864e-06,-0.9962388277053833,-3.300935987189721e-07,0.010000066831707954,-4.731343850039593e-08,8.813757631287444e-06,0.0,0.0,0.0,trajectory_no_feasible,REJOIN_SOFT,3.739476442337036,12.455382347106248,4.7799367166589946e-06
1214,96104.359,12.456269264221191,-1.8733438764684252e-06,-0.9962388277053833,-3.299625993592414e-07,0.00988971907645464,-5.285634330221001e-08,7.659311449970119e-06,0.009999999999994316,1.0664178578180403e-08,-0.0003538407966268387,trajectory,REJOIN_SOFT,3.739475965499878,12.456269264220502,4.7799367166589946e-06
1215,96104.484,12.457198143005371,-1.8787432054523379e-06,-0.9962388277053833,-3.298943234111051e-07,0.009450952522456646,-5.98224261239011e-08,8.228667866205797e-06,0.009999999999994288,1.0687419848140229e-08,-0.0003538863451401375,trajectory,REJOIN_SOFT,3.739476442337036,12.457198143004677,4.7799367166589946e-06
1216,96104.609,12.458117485046387,-1.8850756760002696e-06,-0.9962388277053833,-3.2984449752631573e-07,0.0092099504545331,-6.832969745573791e-08,9.142784620053135e-06,0.00999999999999426,1.0714506358547836e-08,-0.00035395947448044527,trajectory,REJOIN_SOFT,3.7394301891326904,12.458117485045687,4.7799367166589946e-06
1217,96104.718,12.459057807922363,-1.8925511540146545e-06,-0.9962388277053833,-3.297281477826253e-07,0.009127418510615826,-7.848096572615759e-08,9.051231245393865e-06,0.009999999999994227,1.0745507415096821e-08,-0.0003539521502104726,trajectory,REJOIN_SOFT,3.7360358238220215,12.459057807921658,4.7799367166589946e-06
1218,96104.843,12.45999813079834,-1.901132691273233e-06,-0.9962388277053833,-3.3061496690415874e-07,0.009135044179856777,-9.001328749036475e-08,8.95967059477698e-06,0.009999999999994177,1.0790918536042006e-08,-0.0003539448253584232,trajectory,REJOIN_SOFT,3.7380924224853516,12.45999813079763,4.7799367166589946e-06
1219,96104.953,12.460855484008789,-1.9100396002613707e-06,-0.9962388277053833,-3.317407397063788e-07,0.009182310663163662,-1.0171917352863602e-07,8.942502972786315e-06,0.009999999999994125,1.083978191427336e-08,-0.00035394345194866394,trajectory,REJOIN_SOFT,3.739041328430176,12.460855484008071,4.7799367166589946e-06
1220,96105.062,12.461215019226074,-1.914108224809752e-06,-0.9962388277053833,-3.3217530270536336e-07,0.009208260104060173,-1.0696445684743594e-07,8.942502972786315e-06,0.009999999999994102,1.0861218713609526e-08,-0.00035394345194866394,trajectory,REJOIN_SOFT,3.739041328430176,12.461215019225353,4.7799367166589946e-06
1221,96105.218,12.462874412536621,-1.9357007658982184e-06,-0.9962388277053833,-3.312762553862597e-07,0.009344835765659809,-1.3310997815096925e-07,8.942502972786315e-06,0.009999999999994014,1.0942265702867547e-08,-0.00035394345194866394,trajectory,REJOIN_SOFT,3.7391011714935303,12.462874412535882,4.7799367166589946e-06
1222,96105.343,12.463805198669434,-1.94940616893291e-06,-0.9962388277053833,-3.3010595138183796e-07,0.009420015849173069,-1.4269448911363725e-07,8.942502972786315e-06,0.009999999999993965,1.0987401934791907e-08,-0.00035394345194866394,trajectory,REJOIN_SOFT,3.7389724254608154,12.463805198668684,4.7799367166589946e-06
1223,96105.468,12.464777946472168,-1.964182274605264e-06,-0.9962388277053833,-3.295472636607915e-07,0.009492327459156513,-1.458753047245409e-07,8.942502972786315e-06,0.009999999999993903,1.1043047535899626e-08,-0.00035394345194866394,trajectory,REJOIN_SOFT,3.738938570022583,12.464777946471408,4.7799367166589946e-06
1224,96105.578,12.465693473815918,-1.978080717890407e-06,-0.9962388277053833,-3.294534987638915e-07,0.009554261341691017,-1.4266221626257902e-07,8.942502972786315e-06,0.00999999999999384,1.109974993481357e-08,-0.00035394345194866394,trajectory,REJOIN_SOFT,3.7389509677886963,12.465693473815147,4.7799367166589946e-06
1225,96105.703,12.466666221618652,-1.9921799321309663e-06,-0.9962388277053833,-3.3004528758495325e-07,0.009613116271793842,-1.3265348286495282e-07,8.942502972786315e-06,0.009999999999993767,1.116431964749482e-08,-0.00035394345194866394,trajectory,REJOIN_SOFT,3.7389886379241943,12.466666221617869,4.7799367166589946e-06
1226,96105.812,12.467581748962402,-2.0042132291564485e-06,-0.9962388277053833,-3.311020336469121e-07,0.009662115946412086,-1.1702663016421866e-07,8.942502972786315e-06,0.009999999999993698,1.1225247097132587e-08,-0.00035394345194866394,trajectory,REJOIN_SOFT,3.7390341758728027,12.46758174896161,4.7799367166589946e-06
1227,96105.906,12.468445777893066,-2.01392481358198e-06,-0.9962388277053833,-3.324549432795735e-07,0.009702790528535843,-9.899786590494841e-08,8.942502972786315e-06,0.009999999999993639,1.1279839491346497e-08,-0.00035394345194866394,trajectory,REJOIN_SOFT,3.7390832901000977,12.468445777892265,4.7799367166589946e-06
1228,96106.031,12.469362258911133,-2.022374928856152e-06,-0.9962388277053833,-3.3421955603705093e-07,0.009739933535456657,-8.32820674645518e-08,8.951086783781648e-06,0.009999999999993578,1.1333757908543394e-08,-0.0003539441386535436,trajectory,REJOIN_SOFT,3.739131212234497,12.469362258910325,4.7799367166589946e-06
1229,96106.156,12.470396995544434,-2.0303630208218237e-06,-0.9962388277053833,-3.366717864584865e-07,0.009776504710316658,-6.959911047488276e-08,8.951086783781648e-06,0.00999999999999351,1.1393127610479949e-08,-0.0003539441386535436,trajectory,REJOIN_SOFT,3.73917555809021,12.470396995543618,4.7799367166589946e-06
1230,96106.281,12.471372604370117,-2.036778141700779e-06,-0.9962388277053833,-3.400659405016144e-07,0.009806358255445957,-6.064286850460121e-08,8.951086783781648e-06,0.00999999999999344,1.1455535917149884e-08,-0.0003539441386535436,trajectory,REJOIN_SOFT,3.7392163276672363,12.471372604369297,4.7799367166589946e-06
1231,96106.406,12.472407341003418,-2.042828782577999e-06,-0.9962388277053833,-3.444745083998508e-07,0.00983373075723648,-5.5327937786842085e-08,8.951086783781648e-06,0.009999999999993358,1.1526857426372072e-08,-0.0003539441386535436,trajectory,REJOIN_SOFT,3.7392525672912598,12.472407341002592,4.7799367166589946e-06
1232,96106.531,12.473382949829102,-2.048183887382038e-06,-0.9962388277053833,-3.489302942023847e-07,0.009856020100414753,-5.25652659177922e-08,8.951086783781648e-06,0.009999999999993278,1.159573081261229e-08,-0.0003539441386535436,trajectory,REJOIN_SOFT,3.7392821311950684,12.473382949828272,4.7799367166589946e-06
1233,96106.64,12.474299430847168,-2.052941454167012e-06,-0.9962388277053833,-3.531605937312971e-07,0.009874239563941956,-4.991986202185217e-08,8.951086783781648e-06,0.009999999999993202,1.1659811945733394e-08,-0.0003539441386535436,trajectory,REJOIN_SOFT,3.739309787750244,12.474299430846333,4.7799367166589946e-06
1234,96106.765,12.475275039672852,-2.0577945178956725e-06,-0.9962388277053833,-3.5813995018507043e-07,0.009891122579574585,-4.833735189890831e-08,8.951086783781648e-06,0.009999999999993117,1.173196857464148e-08,-0.0003539441386535436,trajectory,REJOIN_SOFT,3.7393343448638916,12.475275039672013,4.7799367166589946e-06
1235,96106.875,12.476250648498535,-2.06255390367005e-06,-0.9962388277053833,-3.6356305798137463e-07,0.009905744343996048,-4.8027054333488195e-08,8.951086783781648e-06,0.009999999999993028,1.180820882115857e-08,-0.0003539441386535436,trajectory,REJOIN_SOFT,3.739354372024536,12.476250648497693,4.7799367166589946e-06
1236,96107.0,12.477226257324219,-2.067346258627367e-06,-0.9962388277053833,-3.6939478727159847e-07,0.009918414056301117,-4.898904393257908e-08,8.951086783781648e-06,0.009999999999992931,1.1888682991662744e-08,-0.0003539441386535436,trajectory,REJOIN_SOFT,3.7393722534179688,12.477226257323371,4.7799367166589946e-06
1237,96107.125,12.478231430053711,-2.0724505702673923e-06,-0.9962388277053833,-3.756289699156e-07,0.009929697029292583,-5.131097680077801e-08,8.953948054113425e-06,0.00999999999999283,1.1974532225314319e-08,-0.00035394436755517014,trajectory,REJOIN_SOFT,3.739386796951294,12.478231430052858,4.7799367166589946e-06
1238,96107.25,12.479236602783203,-2.0778097677975893e-06,-0.9962388277053833,-3.8152044287434066e-07,0.009939414449036121,-5.261541957679583e-08,8.949656148615759e-06,0.00999999999999273,1.2057984255245627e-08,-0.0003539440242027303,trajectory,REJOIN_SOFT,3.7394018173217773,12.479236602782347,4.7799367166589946e-06
1239,96107.359,12.480241775512695,-2.0830361791013274e-06,-0.9962388277053833,-3.8623068790845595e-07,0.00994779821485281,-4.992599400566178e-08,8.956809324445203e-06,0.009999999999992643,1.2129116602560862e-08,-0.00035394459645679663,trajectory,REJOIN_SOFT,3.7394120693206787,12.480241775511834,4.7799367166589946e-06
1240,96107.468,12.481246948242188,-2.088081146212062e-06,-0.9962388277053833,-3.912675248256679e-07,0.009955027140676975,-4.93018710301385e-08,8.956809324445203e-06,0.009999999999992555,1.2202813675100747e-08,-0.00035394459645679663,trajectory,REJOIN_SOFT,3.739421844482422,12.481246948241322,4.7799367166589946e-06
1241,96107.593,12.48225212097168,-2.0929867332597496e-06,-0.9962388277053833,-3.9565613190237885e-07,0.009961245581507683,-4.6070645964846335e-08,8.953948054113425e-06,0.009999999999992475,1.226949348626781e-08,-0.00035394436755517014,trajectory,REJOIN_SOFT,3.7394301891326904,12.48225212097081,4.7799367166589946e-06
1242,96107.703,12.483257293701172,-2.097359129038523e-06,-0.9962388277053833,-4.000566411766383e-07,0.009966609999537468,-3.9218509328975415e-08,8.953948054113425e-06,0.009999999999992393,1.233419194999897e-08,-0.00035394436755517014,trajectory,REJOIN_SOFT,3.7394373416900635,12.483257293700298,4.7799367166589946e-06
1243,96107.828,12.484262466430664,-2.1008943349443143e-06,-0.9962388277053833,-4.0504638775478043e-07,0.00997121725231409,-2.964547540784679e-08,8.953948054113425e-06,0.00999999999999231,1.2401471512125132e-08,-0.00035394436755517014,trajectory,REJOIN_SOFT,3.7394447326660156,12.484262466429787,4.7799367166589946e-06
1244,96107.953,12.485267639160156,-2.103445694956463e-06,-0.9962388277053833,-4.105716117547496e-07,0.009975189343094826,-2.159370815491002e-08,8.953948054113425e-06,0.009999999999992225,1.2470207415749397e-08,-0.00035394436755517014,trajectory,REJOIN_SOFT,3.7394490242004395,12.485267639159277,4.7799367166589946e-06
1245,96108.078,12.48624324798584,-2.1052701413282193e-06,-0.9962388277053833,-4.1617782142278574e-07,0.009978530928492546,-1.5145657172865867e-08,8.953948054113425e-06,0.009999999999992144,1.253677368520986e-08,-0.00035394436755517014,trajectory,REJOIN_SOFT,3.7394540309906006,12.486243247984959,4.7799367166589946e-06
1246,96108.187,12.48727798461914,-2.1066157387394924e-06,-0.9962388277053833,-4.2289014115639143e-07,0.009981587529182434,-1.121002934922899e-08,8.953948054113425e-06,0.009999999999992047,1.2612700836423308e-08,-0.00035394436755517014,trajectory,REJOIN_SOFT,3.7394580841064453,12.487277984618258,4.7799367166589946e-06
1247,96108.312,12.488164901733398,-2.1075954919069773e-06,-0.9962388277053833,-4.2890639006955387e-07,0.009983858093619347,-1.0695699437235362e-08,8.956809324445203e-06,0.00999999999999196,1.267972415287557e-08,-0.00035394459645679663,trajectory,REJOIN_SOFT,3.739461898803711,12.488164901732514,4.7799367166589946e-06
1248,96108.437,12.48917007446289,-2.108691660396289e-06,-0.9962388277053833,-4.3565046373614675e-07,0.009986110962927341,-1.0737769784441298e-08,8.956809324445203e-06,0.009999999999991866,1.275488972488921e-08,-0.00035394459645679663,trajectory,REJOIN_SOFT,3.73946475982666,12.489170074462006,4.7799367166589946e-06
1249,96108.562,12.490204811096191,-2.109771003233618e-06,-0.9962388277053833,-4.4287216545447326e-07,0.009988067671656609,-9.578053017378352e-09,8.956809324445203e-06,0.009999999999991764,1.2834869744077537e-08,-0.00035394459645679663,trajectory,REJOIN_SOFT,3.7394654750823975,12.490204811095305,4.7799367166589946e-06
1250,96108.687,12.491239547729492,-2.110652758346987e-06,-0.9962388277053833,-4.5042500842000133e-07,0.009989773854613304,-6.973527977294225e-09,8.956809324445203e-06,0.009999999999991656,1.2917379988393855e-08,-0.00035394459645679663,trajectory,REJOIN_SOFT,3.739467144012451,12.491239547728604,4.7799367166589946e-06
1251,96108.796,12.492274284362793,-2.111185267494875e-06,-0.9962388277053833,-4.585033965743985e-07,0.009991314262151718,-2.9242288590580756e-09,8.956809324445203e-06,0.009999999999991545,1.3003758766183379e-08,-0.00035394459645679663,trajectory,REJOIN_SOFT,3.7394697666168213,12.492274284361905,4.7799367166589946e-06
1252,96108.921,12.49319076538086,-2.111243702529464e-06,-0.9962388277053833,-4.6564517461421007e-07,0.00999241229146719,1.7972602295301954e-09,8.956809324445203e-06,0.009999999999991448,1.3078487509261473e-08,-0.00035394459645679663,trajectory,REJOIN_SOFT,3.7394704818725586,12.493190765379971,4.7799367166589946e-06
1253,96109.046,12.494195938110352,-2.110909235852887e-06,-0.9962388277053833,-4.720908165719389e-07,0.009993569925427437,4.107072459902383e-09,8.956809324445203e-06,0.00999999999999136,1.3144987557863018e-08,-0.00035394459645679663,trajectory,REJOIN_SOFT,3.739470958709717,12.494195938109463,4.7799367166589946e-06
1254,96109.156,12.495171546936035,-2.110550667566713e-06,-0.9962388277053833,-4.771899851837988e-07,0.009994616732001305,3.20107340634479e-09,8.951086783781648e-06,0.009999999999991292,1.3197828841041135e-08,-0.0003539441386535436,trajectory,REJOIN_SOFT,3.7394723892211914,12.495171546935147,4.7799367166589946e-06
1255,96109.359,12.496206283569336,-2.1102050595800392e-06,-0.9962388277053833,-4.802881225426343e-07,0.00999542698264122,3.6175842321739538e-09,8.95967059477698e-06,0.009999999999991247,1.3230912040148652e-08,-0.0003539448253584232,trajectory,REJOIN_SOFT,3.739471912384033,12.496206283568448,4.7799367166589946e-06
1256,96109.484,12.497861862182617,-2.1093403574923286e-06,-0.9962388277053833,-4.84225041708635e-07,0.009996552020311356,7.2890680158366195e-09,8.95967059477698e-06,0.009999999999991191,1.327240191675868e-08,-0.0003539448253584232,trajectory,REJOIN_SOFT,3.739473819732666,12.497861862181729,4.7799367166589946e-06
1257,96109.625,12.498896598815918,-2.1083687897771597e-06,-0.9962388277053833,-4.867860655201602e-07,0.009997259825468063,1.1461860793815504e-08,8.95967059477698e-06,0.00999999999999116,1.3297615253822066e-08,-0.0003539448253584232,trajectory,REJOIN_SOFT,3.739473342895508,12.49889659881503,4.7799367166589946e-06
1258,96109.75,12.49990177154541,-2.106933607137762e-06,-0.9962388277053833,-4.897778488239722e-07,0.009997925721108913,1.6898805910159354e-08,8.95967059477698e-06,0.009999999999991124,1.3325181792463721e-08,-0.0003539448253584232,trajectory,REJOIN_SOFT,3.739473342895508,12.499901771544522,4.7799367166589946e-06
1259,96109.859,12.500877380371094,-2.1049454517196864e-06,-0.9962388277053833,-4.929234494115788e-07,0.009998488239943981,2.3479643118662352e-08,8.95967059477698e-06,0.009999999999991087,1.3351972278909878e-08,-0.0003539448253584232,trajectory,REJOIN_SOFT,3.739474058151245,12.500877380370207,4.7799367166589946e-06
1260,96109.984,12.501912117004395,-2.1020528038206976e-06,-0.9962388277053833,-4.965129401149046e-07,0.00999877043068409,3.186290342682696e-08,8.95967059477698e-06,0.009999999999991049,1.3379776532372098e-08,-0.0003539448253584232,trajectory,REJOIN_SOFT,3.7394745349884033,12.50191211700351,4.7799367166589946e-06
1261,96110.109,12.50285816192627,-2.0985746687074425e-06,-0.9962388277053833,-5.002168006220361e-07,0.009998960420489311,4.079191029404683e-08,8.95967059477698e-06,0.009999999999991014,1.34060745713547e-08,-0.0003539448253584232,trajectory,REJOIN_SOFT,3.739473581314087,12.502858161925388,4.7799367166589946e-06
1262,96110.203,12.503804206848145,-2.0941918137395987e-06,-0.9962388277053833,-5.039135549583226e-07,0.009999169036746025,4.9991605521881866e-08,8.95967059477698e-06,0.009999999999990985,1.3428669012797026e-08,-0.0003539448253584232,trajectory,REJOIN_SOFT,3.7394752502441406,12.503804206847267,4.7799367166589946e-06
1263,96110.343,12.504779815673828,-2.0890227006020723e-06,-0.9962388277053833,-5.075920633707261e-07,0.009999384172260761,5.498739952258802e-08,8.95967059477698e-06,0.009999999999990957,1.3448018269510525e-08,-0.0003539448253584232,trajectory,REJOIN_SOFT,3.739475965499878,12.504779815672954,4.7799367166589946e-06
1264,96110.453,12.50578498840332,-2.083164190480602e-06,-0.9962388277053833,-5.102664878187998e-07,0.00999960582703352,5.7293259914104055e-08,8.95967059477698e-06,0.009999999999990948,1.3454648090515634e-08,-0.0003539448253584232,trajectory,REJOIN_SOFT,3.7394754886627197,12.50578498840245,4.7799367166589946e-06
1265,96110.593,12.506790161132812,-2.0780505565198837e-06,-0.9962388277053833,-5.125393128689481e-07,0.00999980978667736,3.93385022334769e-08,8.95967059477698e-06,0.009999999999990941,1.3460233317923493e-08,-0.0003539448253584232,trajectory,REJOIN_SOFT,3.7394754886627197,12.506790161131946,4.7799367166589946e-06
1266,96110.703,12.507854461669922,-2.0758873233717168e-06,-0.9962388277053833,-5.149458335634311e-07,0.010000010952353477,-3.33632454996291e-09,8.95967059477698e-06,0.009999999999990915,1.347917781406099e-08,-0.0003539448253584232,trajectory,REJOIN_SOFT,3.739476203918457,12.507854461669057,4.7799367166589946e-06
1267,96110.812,12.508830070495605,-2.0790434973605443e-06,-0.9962388277053833,-5.171518109147326e-07,0.010000195354223251,-6.383695705380887e-08,8.95967059477698e-06,0.009999999999990863,1.3517169173475367e-08,-0.0003539448253584232,trajectory,REJOIN_SOFT,3.7394752502441406,12.508830070494739,4.7799367166589946e-06
1268,96110.937,12.50977611541748,-2.0885615867882734e-06,-0.9962388277053833,-5.192464347766046e-07,0.010000374168157578,-1.3355149519611587e-07,8.95967059477698e-06,0.00999999999999078,1.357950777674226e-08,-0.0003539448253584232,trajectory,REJOIN_SOFT,3.7394750118255615,12.509776115416605,4.7799367166589946e-06
1269,96111.062,12.510722160339355,-2.1045182165835286e-06,-0.9962388277053833,-5.211833192784075e-07,0.010000531561672688,-1.9696909703270649e-07,8.95967059477698e-06,0.009999999999990662,1.3666165541915782e-08,-0.0003539448253584232,trajectory,REJOIN_SOFT,3.7394750118255615,12.510722160338466,4.7799367166589946e-06
1270,96111.187,12.511697769165039,-2.1266548628773307e-06,-0.9962388277053833,-5.230446027640148e-07,0.010000661946833134,-2.4717874680391105e-07,8.95967059477698e-06,0.00999999999999051,1.3777055987323862e-08,-0.0003539448253584232,trajectory,REJOIN_SOFT,3.7394752502441406,12.51169776916413,4.7799367166589946e-06
1271,96111.296,12.512643814086914,-2.151604803657392e-06,-0.9962388277053833,-5.247326271469647e-07,0.0100007439032197,-2.6637357564140984e-07,8.95967059477698e-06,0.009999999999990343,1.3897493930774574e-08,-0.0003539448253584232,trajectory,REJOIN_SOFT,3.7394752502441406,12.512643814085983,4.7799367166589946e-06
1272,96111.406,12.513619422912598,-2.1773662410851102e-06,-0.9962388277053833,-5.262270406540545e-07,0.01000077836215496,-2.4856814206941635e-07,8.95967059477698e-06,0.009999999999990173,1.4019442422555983e-08,-0.0003539448253584232,trajectory,REJOIN_SOFT,3.739475727081299,12.513619422911644,4.7799367166589946e-06
1273,96111.531,12.514595031738281,-2.2006370272720233e-06,-0.9962388277053833,-5.264536178945313e-07,0.010000759735703468,-2.2133282584491099e-07,8.95967059477698e-06,0.009999999999990034,1.4118775449294072e-08,-0.0003539448253584232,trajectory,REJOIN_SOFT,3.739475727081299,12.514595031737308,4.7799367166589946e-06
1274,96111.656,12.515570640563965,-2.2209997041500174e-06,-0.9962388277053833,-5.26644952033974e-07,0.010000701993703842,-1.8679872937354958e-07,8.95967059477698e-06,0.009999999999989911,1.4206126938466879e-08,-0.0003539448253584232,trajectory,REJOIN_SOFT,3.7394754886627197,12.515570640562972,4.7799367166589946e-06
1275,96111.765,12.51651668548584,-2.237181888631312e-06,-0.9962388277053833,-5.26830489128429e-07,0.010000642389059067,-1.5047163515191642e-07,8.95967059477698e-06,0.009999999999989809,1.4276546966255343e-08,-0.0003539448253584232,trajectory,REJOIN_SOFT,3.739475727081299,12.516516685484833,4.7799367166589946e-06
1276,96111.89,12.51755142211914,-2.2511912902700715e-06,-0.9962388277053833,-5.270334205444521e-07,0.010000577196478844,-1.1766652363576213e-07,8.95967059477698e-06,0.009999999999989719,1.4338764908609226e-08,-0.0003539448253584232,trajectory,REJOIN_SOFT,3.739476203918457,12.517551422118121,4.7799367166589946e-06
1277,96112.015,12.518556594848633,-2.2618944512942107e-06,-0.9962388277053833,-5.272305536440111e-07,0.01000051386654377,-9.374390685934486e-08,8.95967059477698e-06,0.009999999999989649,1.4387542444913458e-08,-0.0003539448253584232,trajectory,REJOIN_SOFT,3.7394750118255615,12.518556594847603,4.7799367166589946e-06
1278,96112.14,12.519591331481934,-2.270847744512139e-06,-0.9962388277053833,-5.274334849621986e-07,0.010000448673963547,-7.945570246192801e-08,8.95967059477698e-06,0.00999999999998959,1.4429470345366697e-08,-0.0003539448253584232,trajectory,REJOIN_SOFT,3.739475965499878,12.519591331480894,4.7799367166589946e-06
1279,96112.265,12.520626068115234,-2.2786218778492184e-06,-0.9962388277053833,-5.275688296556871e-07,0.010000383481383324,-7.158596559975194e-08,8.95967059477698e-06,0.009999999999989536,1.4465999804410661e-08,-0.0003539448253584232,trajectory,REJOIN_SOFT,3.7394747734069824,12.520626068114186,4.7799367166589946e-06
1280,96112.375,12.521660804748535,-2.2868564428790705e-06,-0.9962388277053833,-5.276901909312366e-07,0.010000323876738548,-9.005907486425713e-08,8.95967059477698e-06,0.00999999999998948,1.4504276625649872e-08,-0.0003539448253584232,trajectory,REJOIN_SOFT,3.739474296569824,12.52166080474748,4.7799367166589946e-06
1281,96112.5,12.522695541381836,-2.2983304006629623e-06,-0.9962388277053833,-5.278115517421485e-07,0.010000285692512989,-1.2823065276279522e-07,8.95967059477698e-06,0.009999999999989408,1.4555660684167096e-08,-0.0003539448253584232,trajectory,REJOIN_SOFT,3.739475965499878,12.52269554138077,4.7799367166589946e-06
1282,96112.625,12.523641586303711,-2.3119348497857573e-06,-0.9962388277053833,-5.27922509729585e-07,0.010000226087868214,-1.5318696000576892e-07,8.95967059477698e-06,0.009999999999989318,1.4615251889689486e-08,-0.0003539448253584232,trajectory,REJOIN_SOFT,3.739475727081299,12.523641586302631,4.7799367166589946e-06
1283,96112.75,12.524646759033203,-2.328356003999943e-06,-0.9962388277053833,-5.280404026352881e-07,0.010000193491578102,-1.6652342083034455e-07,8.95967059477698e-06,0.009999999999989217,1.4686560551667893e-08,-0.0003539448253584232,trajectory,REJOIN_SOFT,3.739475727081299,12.524646759032109,4.7799367166589946e-06
1284,96112.859,12.525651931762695,-2.34544472732523e-06,-0.9962388277053833,-5.281582956563368e-07,0.010000161826610565,-1.662808983837749e-07,8.95967059477698e-06,0.009999999999989106,1.4760624153035242e-08,-0.0003539448253584232,trajectory,REJOIN_SOFT,3.7394752502441406,12.525651931761583,4.7799367166589946e-06
1285,96112.984,12.526686668395996,-2.3622737899131607e-06,-0.9962388277053833,-5.282796562889546e-07,0.010000129230320454,-1.520645156460887e-07,8.95967059477698e-06,0.009999999999988997,1.4833845998179269e-08,-0.0003539448253584232,trajectory,REJOIN_SOFT,3.7394752502441406,12.526686668394868,4.7799367166589946e-06
1286,96113.109,12.527632713317871,-2.376174506935058e-06,-0.9962388277053833,-5.283906146976464e-07,0.01000010222196579,-1.3663809284025774e-07,8.95967059477698e-06,0.009999999999988907,1.489483458682711e-08,-0.0003539448253584232,trajectory,REJOIN_SOFT,3.739475727081299,12.527632713316729,4.7799367166589946e-06
1287,96113.234,12.528637886047363,-2.3892814624559833e-06,-0.9962388277053833,-5.285085079705626e-07,0.010000087320804596,-1.2068187515978934e-07,8.95967059477698e-06,0.009999999999988822,1.4952957905644932e-08,-0.0003539448253584232,trajectory,REJOIN_SOFT,3.7394766807556152,12.528637886046209,4.7799367166589946e-06
1288,96113.343,12.529613494873047,-2.4005164505069843e-06,-0.9962388277053833,-5.286062217894554e-07,0.010000080801546574,-1.0704700059704919e-07,8.95967059477698e-06,0.009999999999988745,1.5003231760081134e-08,-0.0003539448253584232,trajectory,REJOIN_SOFT,3.7394750118255615,12.529613494871882,4.7799367166589946e-06
1289,96113.468,12.53058910369873,-2.4104269868985284e-06,-0.9962388277053833,-5.286418626385661e-07,0.010000080801546574,-9.37446031912259e-08,8.95967059477698e-06,0.009999999999988681,1.5047560405207256e-08,-0.0003539448253584232,trajectory,REJOIN_SOFT,3.739476203918457,12.530589103697555,4.7799367166589946e-06
1290,96113.578,12.531564712524414,-2.4190862859541085e-06,-0.9962388277053833,-5.28677503505996e-07,0.010000080801546574,-8.100186477122406e-08,8.95967059477698e-06,0.009999999999988619,1.508685485982161e-08,-0.0003539448253584232,trajectory,REJOIN_SOFT,3.7394750118255615,12.53156471252323,4.7799367166589946e-06
1291,96113.703,12.532540321350098,-2.426556648060796e-06,-0.9962388277053833,-5.287131443381507e-07,0.010000080801546574,-6.95179593890316e-08,8.95967059477698e-06,0.009999999999988568,1.5121361639946702e-08,-0.0003539448253584232,trajectory,REJOIN_SOFT,3.7394752502441406,12.532540321348904,4.7799367166589946e-06
1292,96113.828,12.533515930175781,-2.4329051484528463e-06,-0.9962388277053833,-5.287487851409365e-07,0.010000080801546574,-5.8926563184513725e-08,8.95967059477698e-06,0.009999999999988522,1.5151347011156608e-08,-0.0003539448253584232,trajectory,REJOIN_SOFT,3.739475727081299,12.53351593017458,4.7799367166589946e-06
1293,96113.937,12.534521102905273,-2.43832937485422e-06,-0.9962388277053833,-5.287855059775641e-07,0.010000080801546574,-4.795729324769127e-08,8.95967059477698e-06,0.009999999999988482,1.5177736403823117e-08,-0.0003539448253584232,trajectory,REJOIN_SOFT,3.7394750118255615,12.534521102904067,4.7799367166589946e-06
1294,96114.046,12.535526275634766,-2.4426724394288613e-06,-0.9962388277053833,-5.288222268658874e-07,0.010000080801546574,-3.733656939175489e-08,8.95967059477698e-06,0.009999999999988449,1.519976003543206e-08,-0.0003539448253584232,trajectory,REJOIN_SOFT,3.7394752502441406,12.535526275633554,4.7799367166589946e-06
1295,96114.171,12.536531448364258,-2.4460530312353512e-06,-0.9962388277053833,-5.288589477268587e-07,0.010000080801546574,-2.870935134069441e-08,8.95967059477698e-06,0.009999999999988423,1.5217894357612698e-08,-0.0003539448253584232,trajectory,REJOIN_SOFT,3.7394747734069824,12.536531448363043,4.7799367166589946e-06
1296,96114.296,12.53753662109375,-2.4486105303367367e-06,-0.9962388277053833,-5.288956685574543e-07,0.010000080801546574,-2.1762136981351432e-08,8.95967059477698e-06,0.0099999999999884,1.5232700626335507e-08,-0.0003539448253584232,trajectory,REJOIN_SOFT,3.739475727081299,12.537536621092533,4.7799367166589946e-06
1297,96114.421,12.538512229919434,-2.4504165594407823e-06,-0.9962388277053833,-5.289313093719349e-07,0.010000080801546574,-1.542657912523282e-08,8.95967059477698e-06,0.009999999999988381,1.524433537424165e-08,-0.0003539448253584232,trajectory,REJOIN_SOFT,3.7394752502441406,12.538512229918213,4.7799367166589946e-06
1298,96114.531,12.5394287109375,-2.4515964014426572e-06,-0.9962388277053833,-5.28964790163092e-07,0.010000080801546574,-1.0228307090187627e-08,8.95967059477698e-06,0.009999999999988367,1.525317308920828e-08,-0.0003539448253584232,trajectory,REJOIN_SOFT,3.7394752502441406,12.539428710936278,4.7799367166589946e-06
1299,96114.656,12.540433883666992,-2.452425178489648e-06,-0.9962388277053833,-5.290015110354823e-07,0.010000080801546574,-5.823880044886209e-09,8.95967059477698e-06,0.009999999999988357,1.5260981786964127e-08,-0.0003539448253584232,trajectory,REJOIN_SOFT,3.7394754886627197,12.54043388366577,4.7799367166589946e-06
1300,96114.781,12.541439056396484,-2.452899707350298e-06,-0.9962388277053833,-5.290382318919109e-07,0.010000080801546574,-3.5098208783779228e-09,8.95967059477698e-06,0.009999999999988345,1.526735569324111e-08,-0.0003539448253584232,trajectory,REJOIN_SOFT,3.7394752502441406,12.54143905639526,4.7799367166589946e-06
1301,96114.906,12.542562484741211,-2.4531718736398034e-06,-0.9962388277053833,-5.290792728173991e-07,0.010000080801546574,-1.5727752433747355e-09,8.95967059477698e-06,0.009999999999988338,1.5273434640349692e-08,-0.0003539448253584232,trajectory,REJOIN_SOFT,3.7394754886627197,12.542562484739987,4.7799367166589946e-06
1302,96115.093,12.543478965759277,-2.4532837414881214e-06,-0.9962388277053833,-5.291127536056902e-07,0.010000080801546574,-7.952144498446501e-10,8.95967059477698e-06,0.009999999999988327,1.5277949172388307e-08,-0.0003539448253584232,trajectory,REJOIN_SOFT,3.7394745349884033,12.543478965758052,4.7799367166589946e-06
1303,96115.234,12.545164108276367,-2.4535397642466705e-06,-0.9962388277053833,-5.290974058854088e-07,0.010000080801546574,-1.3954088995404845e-09,8.95967059477698e-06,0.009999999999988319,1.528569416424439e-08,-0.0003539448253584232,trajectory,REJOIN_SOFT,3.7394750118255615,12.545164108275142,4.7799367166589946e-06
1304,96115.343,12.54613971710205,-2.453575916661066e-06,-0.9962388277053833,-5.290561375890601e-07,0.010000087320804596,6.644131911315299e-10,8.95967059477698e-06,0.009999999999988312,1.5289402523281332e-08,-0.0003539448253584232,trajectory,REJOIN_SOFT,3.7394750118255615,12.546139717100825,4.7799367166589946e-06
1305,96115.468,12.547085762023926,-2.4534160729672294e-06,-0.9962388277053833,-5.290161198472821e-07,0.010000117123126984,2.667239096254548e-09,8.95967059477698e-06,0.009999999999988308,1.5292207071015393e-08,-0.0003539448253584232,trajectory,REJOIN_SOFT,3.739474296569824,12.547085762022698,4.7799367166589946e-06
1306,96115.578,12.548090934753418,-2.453035222060862e-06,-0.9962388277053833,-5.289736009908027e-07,0.010000176727771759,4.801091524342382e-09,8.95967059477698e-06,0.009999999999988305,1.529432898942738e-08,-0.0003539448253584232,trajectory,REJOIN_SOFT,3.7394750118255615,12.54809093475219,4.7799367166589946e-06
1307,96115.703,12.54909610748291,-2.452436092426069e-06,-0.9962388277053833,-5.289310820681852e-07,0.010000222362577915,6.94099222542377e-09,8.95967059477698e-06,0.009999999999988303,1.529556239142429e-08,-0.0003539448253584232,trajectory,REJOIN_SOFT,3.7394745349884033,12.549096107481683,4.7799367166589946e-06
1308,96115.828,12.550101280212402,-2.4516191388102015e-06,-0.9962388277053833,-5.288885631448815e-07,0.010000225156545639,9.086962293736178e-09,8.95967059477698e-06,0.009999999999988301,1.5295908040197504e-08,-0.0003539448253584232,trajectory,REJOIN_SOFT,3.7394747734069824,12.550101280211177,4.7799367166589946e-06
1309,96115.937,12.551047325134277,-2.4506496174581116e-06,-0.9962388277053833,-5.288485453778228e-07,0.010000206530094147,1.111222758254371e-08,8.95967059477698e-06,0.009999999999988301,1.5295414712181324e-08,-0.0003539448253584232,trajectory,REJOIN_SOFT,3.739476203918457,12.551047325133052,4.7799367166589946e-06
1310,96116.078,12.552082061767578,-2.4493660930602346e-06,-0.9962388277053833,-5.288047759405747e-07,0.010000173933804035,1.3333492532296987e-08,8.95967059477698e-06,0.009999999999988303,1.52939636228541e-08,-0.0003539448253584232,trajectory,REJOIN_SOFT,3.7394752502441406,12.552082061766352,4.7799367166589946e-06
1311,96116.187,12.552998542785645,-2.4480343654431636e-06,-0.9962388277053833,-5.287660087313927e-07,0.01000014878809452,1.5306246936575008e-08,8.95967059477698e-06,0.009999999999988308,1.529188120546442e-08,-0.0003539448253584232,trajectory,REJOIN_SOFT,3.7394750118255615,12.55299854278442,4.7799367166589946e-06
1312,96116.296,12.553974151611328,-2.446415010126657e-06,-0.9962388277053833,-5.287247404103425e-07,0.010000129230320454,1.7411791120025555e-08,8.95967059477698e-06,0.009999999999988313,1.5288838400110148e-08,-0.0003539448253584232,trajectory,REJOIN_SOFT,3.739475727081299,12.553974151610104,4.7799367166589946e-06
1313,96116.421,12.554949760437012,-2.444586698402418e-06,-0.9962388277053833,-5.286834720901701e-07,0.010000113397836685,1.95230249744327e-08,8.95967059477698e-06,0.009999999999988317,1.5284938885980436e-08,-0.0003539448253584232,trajectory,REJOIN_SOFT,3.7394752502441406,12.55494976043579,4.7799367166589946e-06
1314,96116.546,12.555925369262695,-2.442549202896771e-06,-0.9962388277053833,-5.286422037702269e-07,0.010000099427998066,2.1639950276153286e-08,8.95967059477698e-06,0.009999999999988326,1.528018070683775e-08,-0.0003539448253584232,trajectory,REJOIN_SOFT,3.7394752502441406,12.555925369261475,4.7799367166589946e-06
1315,96116.64,12.55687141418457,-2.440373009449104e-06,-0.9962388277053833,-5.286021860062414e-07,0.01000008825212717,2.3698161655261174e-08,8.95967059477698e-06,0.009999999999988334,1.5274742976156804e-08,-0.0003539448253584232,trajectory,REJOIN_SOFT,3.7394750118255615,12.556871414183352,4.7799367166589946e-06
1316,96116.765,12.557876586914062,-2.4378439320571488e-06,-0.9962388277053833,-5.285596671349895e-07,0.010000082664191723,2.589087522153477e-08,8.95967059477698e-06,0.009999999999988345,1.526807306460621e-08,-0.0003539448253584232,trajectory,REJOIN_SOFT,3.739475727081299,12.557876586912846,4.7799367166589946e-06
1317,96116.89,12.558911323547363,-2.4350065359612927e-06,-0.9962388277053833,-5.285158977065003e-07,0.010000081732869148,2.8154389042356343e-08,8.95967059477698e-06,0.009999999999988357,1.5260243288617193e-08,-0.0003539448253584232,trajectory,REJOIN_SOFT,3.739475727081299,12.558911323546148,4.7799367166589946e-06
1318,96117.015,12.55982780456543,-2.4322946501342813e-06,-0.9962388277053833,-5.284771304943271e-07,0.010000079870223999,3.016456773252685e-08,8.95967059477698e-06,0.009999999999988369,1.5252488561466082e-08,-0.0003539448253584232,trajectory,REJOIN_SOFT,3.7394752502441406,12.559827804564218,4.7799367166589946e-06
1319,96117.125,12.560803413391113,-2.4292023681482533e-06,-0.9962388277053833,-5.284358621686955e-07,0.010000079870223999,3.2309948494457785e-08,8.95967059477698e-06,0.009999999999988383,1.5243385218732296e-08,-0.0003539448253584232,trajectory,REJOIN_SOFT,3.7394752502441406,12.560803413389904,4.7799367166589946e-06
1320,96117.234,12.56171989440918,-2.4261034923256375e-06,-0.9962388277053833,-5.283970949545117e-07,0.010000079870223999,3.433049045042935e-08,8.95967059477698e-06,0.009999999999988398,1.5234031595819928e-08,-0.0003539448253584232,trajectory,REJOIN_SOFT,3.7394750118255615,12.561719894407972,4.7799367166589946e-06
1321,96117.359,12.562695503234863,-2.4225982997450046e-06,-0.9962388277053833,-5.283558266288458e-07,0.010000079870223999,3.648690949376032e-08,8.95967059477698e-06,0.009999999999988414,1.5223220310805747e-08,-0.0003539448253584232,trajectory,REJOIN_SOFT,3.7394752502441406,12.562695503233659,4.7799367166589946e-06
1322,96117.484,12.563671112060547,-2.4188789211621042e-06,-0.9962388277053833,-5.283145583067322e-07,0.010000079870223999,3.864901998440473e-08,8.95967059477698e-06,0.00999999999998843,1.5211521563560124e-08,-0.0003539448253584232,trajectory,REJOIN_SOFT,3.739475727081299,12.563671112059346,4.7799367166589946e-06
1323,96117.593,12.564676284790039,-2.4148228021658724e-06,-0.9962388277053833,-5.282720394342518e-07,0.010000079870223999,4.088260396883925e-08,8.95967059477698e-06,0.00999999999998845,1.5198538924264165e-08,-0.0003539448253584232,trajectory,REJOIN_SOFT,3.739475965499878,12.564676284788842,4.7799367166589946e-06
1324,96117.703,12.565681457519531,-2.4105383999994956e-06,-0.9962388277053833,-5.282295205617978e-07,0.010000079870223999,4.3122227566527727e-08,8.95967059477698e-06,0.00999999999998847,1.5184608144256852e-08,-0.0003539448253584232,trajectory,REJOIN_SOFT,3.739475727081299,12.565681457518338,4.7799367166589946e-06
1325,96117.828,12.566686630249023,-2.4060254872892983e-06,-0.9962388277053833,-5.281870016839702e-07,0.010000079870223999,4.5367894330183844e-08,8.95967059477698e-06,0.009999999999988494,1.5169727114067295e-08,-0.0003539448253584232,trajectory,REJOIN_SOFT,3.7394752502441406,12.566686630247833,4.7799367166589946e-06
1326,96117.953,12.567691802978516,-2.401282699793228e-06,-0.9962388277053833,-5.281444828011768e-07,0.01000007800757885,4.761960070709392e-08,8.95967059477698e-06,0.009999999999988518,1.5153889046764804e-08,-0.0003539448253584232,trajectory,REJOIN_SOFT,3.739476203918457,12.56769180297733,4.7799367166589946e-06
1327,96118.062,12.568696975708008,-2.396309810137609e-06,-0.9962388277053833,-5.281019639199375e-07,0.01000007800757885,4.987735024997164e-08,8.95967059477698e-06,0.009999999999988544,1.513709182021945e-08,-0.0003539448253584232,trajectory,REJOIN_SOFT,3.7394752502441406,12.568696975706827,4.7799367166589946e-06
1328,96118.187,12.5697021484375,-2.3911068183224415e-06,-0.9962388277053833,-5.280594450443475e-07,0.01000007800757885,5.214113940610332e-08,8.95967059477698e-06,0.00999999999998857,1.5119334244345555e-08,-0.0003539448253584232,trajectory,REJOIN_SOFT,3.739475727081299,12.569702148436324,4.7799367166589946e-06
1329,96118.312,12.570707321166992,-2.3856728148530237e-06,-0.9962388277053833,-5.280169261730879e-07,0.01000007800757885,5.441097172820264e-08,8.95967059477698e-06,0.0099999999999886,1.5100611383167234e-08,-0.0003539448253584232,trajectory,REJOIN_SOFT,3.739475965499878,12.57070732116582,4.7799367166589946e-06
1330,96118.437,12.571712493896484,-2.3800066628609784e-06,-0.9962388277053833,-5.279744072986682e-07,0.01000007800757885,5.668684366355592e-08,8.95967059477698e-06,0.009999999999988627,1.508091735612003e-08,-0.0003539448253584232,trajectory,REJOIN_SOFT,3.739475727081299,12.571712493895319,4.7799367166589946e-06
1331,96118.546,12.57265853881836,-2.3744617010379443e-06,-0.9962388277053833,-5.279343895307309e-07,0.01000007800757885,5.8834363159121494e-08,8.95967059477698e-06,0.009999999999988657,1.506149337451534e-08,-0.0003539448253584232,trajectory,REJOIN_SOFT,3.739475965499878,12.572658538817198,4.7799367166589946e-06
1332,96118.671,12.573575019836426,-2.368893092352664e-06,-0.9962388277053833,-5.278956223171632e-07,0.01000007800757885,6.091987359013729e-08,8.95967059477698e-06,0.009999999999988688,1.504185065311127e-08,-0.0003539448253584232,trajectory,REJOIN_SOFT,3.7394750118255615,12.57357501983527,4.7799367166589946e-06
1333,96118.781,12.574580192565918,-2.362562327107298e-06,-0.9962388277053833,-5.278531034338057e-07,0.01000007800757885,6.321298684497378e-08,8.95967059477698e-06,0.009999999999988723,1.5019369794967297e-08,-0.0003539448253584232,trajectory,REJOIN_SOFT,3.7394745349884033,12.574580192564767,4.7799367166589946e-06
1334,96119.0,12.576324462890625,-2.3510201572207734e-06,-0.9962388277053833,-5.277793206750206e-07,0.01000007800757885,6.720654965874928e-08,8.95967059477698e-06,0.009999999999988783,1.497801966537367e-08,-0.0003539448253584232,trajectory,REJOIN_SOFT,3.7394747734069824,12.576324462889485,4.7799367166589946e-06
1335,96119.109,12.5772705078125,-2.3444640646630432e-06,-0.9962388277053833,-5.277393029070459e-07,0.01000007800757885,6.938015673085829e-08,8.95967059477698e-06,0.00999999999998882,1.4954346532220858e-08,-0.0003539448253584232,trajectory,REJOIN_SOFT,3.7394747734069824,12.577270507811367,4.7799367166589946e-06
1336,96119.234,12.5783052444458,-2.337053729206673e-06,-0.9962388277053833,-5.276955334787546e-07,0.01000007800757885,7.176367233796555e-08,8.95967059477698e-06,0.009999999999988858,1.49274437947577e-08,-0.0003539448253584232,trajectory,REJOIN_SOFT,3.739476203918457,12.578305244444673,4.7799367166589946e-06
1337,96119.359,12.579251289367676,-2.3300594875763636e-06,-0.9962388277053833,-5.276555157156658e-07,0.01000007800757885,7.394848466901749e-08,8.95967059477698e-06,0.009999999999988898,1.490192220719497e-08,-0.0003539448253584232,trajectory,REJOIN_SOFT,3.739476203918457,12.579251289366555,4.7799367166589946e-06
1338,96119.484,12.580256462097168,-2.3223979042086285e-06,-0.9962388277053833,-5.276129968413116e-07,0.01000007800757885,7.627571818602519e-08,8.95967059477698e-06,0.009999999999988938,1.487383264982781e-08,-0.0003539448253584232,trajectory,REJOIN_SOFT,3.739475965499878,12.580256462096052,4.7799367166589946e-06
1339,96119.593,12.58126163482666,-2.314498715350055e-06,-0.9962388277053833,-5.275704779611289e-07,0.01000007800757885,7.860899131628685e-08,8.95967059477698e-06,0.009999999999988981,1.4844737746027898e-08,-0.0003539448253584232,trajectory,REJOIN_SOFT,3.7394754886627197,12.581261634825552,4.7799367166589946e-06
1340,96119.718,12.582237243652344,-2.3066038465913152e-06,-0.9962388277053833,-5.275292096338812e-07,0.01000007800757885,8.087941694157053e-08,8.95967059477698e-06,0.009999999999989026,1.4815532719756011e-08,-0.0003539448253584232,trajectory,REJOIN_SOFT,3.7394750118255615,12.582237243651242,4.7799367166589946e-06
1341,96119.843,12.583242416381836,-2.29823422159825e-06,-0.9962388277053833,-5.274866907536635e-07,0.01000007800757885,8.322459166265617e-08,8.95967059477698e-06,0.00999999999998907,1.4784443859626028e-08,-0.0003539448253584232,trajectory,REJOIN_SOFT,3.7394752502441406,12.583242416380743,4.7799367166589946e-06
1342,96119.968,12.584247589111328,-2.289625399498618e-06,-0.9962388277053833,-5.274441718793197e-07,0.01000007800757885,8.557580599699577e-08,8.95967059477698e-06,0.009999999999989118,1.4752339326083032e-08,-0.0003539448253584232,trajectory,REJOIN_SOFT,3.7394754886627197,12.584247589110243,4.7799367166589946e-06
1343,96120.078,12.585282325744629,-2.280512489960529e-06,-0.9962388277053833,-5.274004024539486e-07,0.01000007800757885,8.800247996987309e-08,8.95967059477698e-06,0.00999999999998917,1.4718224002188889e-08,-0.0003539448253584232,trajectory,REJOIN_SOFT,3.7394750118255615,12.585282325743552,4.7799367166589946e-06
1344,96120.218,12.586287498474121,-2.2714154965797206e-06,-0.9962388277053833,-5.273578835772788e-07,0.01000007800757885,9.036595116640456e-08,8.95967059477698e-06,0.009999999999989219,1.4684042986502642e-08,-0.0003539448253584232,trajectory,REJOIN_SOFT,3.739475727081299,12.586287498473052,4.7799367166589946e-06
1345,96120.328,12.587322235107422,-2.2617989543505246e-06,-0.9962388277053833,-5.273141141384338e-07,0.01000007800757885,9.280525148369634e-08,8.95967059477698e-06,0.009999999999989273,1.4647782824830627e-08,-0.0003539448253584232,trajectory,REJOIN_SOFT,3.7394745349884033,12.587322235106361,4.7799367166589946e-06
1346,96120.453,12.588327407836914,-2.2522115159517853e-06,-0.9962388277053833,-5.272715952560409e-07,0.01000007800757885,9.518098664784702e-08,8.95967059477698e-06,0.009999999999989325,1.4611510626715639e-08,-0.0003539448253584232,trajectory,REJOIN_SOFT,3.7394752502441406,12.588327407835862,4.7799367166589946e-06
1347,96120.578,12.589332580566406,-2.2423816972150235e-06,-0.9962388277053833,-5.272290763793489e-07,0.01000007800757885,9.756276853067902e-08,8.95967059477698e-06,0.00999999999998938,1.4574203085402744e-08,-0.0003539448253584232,trajectory,REJOIN_SOFT,3.7394750118255615,12.589332580565364,4.7799367166589946e-06
1348,96120.687,12.590189933776855,-2.2338049348036293e-06,-0.9962388277053833,-5.271928102800926e-07,0.01000007800757885,9.959906321910239e-08,8.95967059477698e-06,0.009999999999989429,1.4541558793250984e-08,-0.0003539448253584232,trajectory,REJOIN_SOFT,3.7394752502441406,12.59018993377582,4.7799367166589946e-06
1349,96120.812,12.591106414794922,-2.2244405499804998e-06,-0.9962388277053833,-5.271540430707341e-07,0.01000007800757885,1.0178064968613398e-07,8.95967059477698e-06,0.009999999999989479,1.4505823603864895e-08,-0.0003539448253584232,trajectory,REJOIN_SOFT,3.7394752502441406,12.591106414793895,4.7799367166589946e-06
1350,96120.921,12.592052459716797,-2.214561391156167e-06,-0.9962388277053833,-5.271140253077731e-07,0.01000007800757885,1.040378805328146e-07,8.95967059477698e-06,0.009999999999989535,1.4468024130763324e-08,-0.0003539448253584232,trajectory,REJOIN_SOFT,3.7394752502441406,12.592052459715779,4.7799367166589946e-06
1351,96121.046,12.59302806854248,-2.2041458578314632e-06,-0.9962388277053833,-5.270727569885725e-07,0.01000007800757885,1.0637125313905926e-07,8.95967059477698e-06,0.009999999999989592,1.4428066835138154e-08,-0.0003539448253584232,trajectory,REJOIN_SOFT,3.7394754886627197,12.593028068541471,4.7799367166589946e-06
1352,96121.156,12.594033241271973,-2.193172804254573e-06,-0.9962388277053833,-5.27030238109504e-07,0.01000007800757885,1.0878128620106509e-07,8.95967059477698e-06,0.009999999999989654,1.4385859760666843e-08,-0.0003539448253584232,trajectory,REJOIN_SOFT,3.7394752502441406,12.594033241270973,4.7799367166589946e-06
1353,96121.296,12.595038414001465,-2.1819535049871774e-06,-0.9962388277053833,-5.269877192258279e-07,0.01000007800757885,1.1119735887632487e-07,8.95967059477698e-06,0.009999999999989715,1.4342593853050402e-08,-0.0003539448253584232,trajectory,REJOIN_SOFT,3.739475965499878,12.595038414000475,4.7799367166589946e-06
1354,96121.406,12.596073150634766,-2.1701464447687613e-06,-0.9962388277053833,-5.269439497890074e-07,0.01000007800757885,1.1369080965550893e-07,8.95967059477698e-06,0.009999999999989781,1.4296945660733741e-08,-0.0003539448253584232,trajectory,REJOIN_SOFT,3.7394754886627197,12.596073150633785,4.7799367166589946e-06
1355,96121.531,12.597107887268066,-2.1580774500762345e-06,-0.9962388277053833,-5.269001803609236e-07,0.01000007800757885,1.1619066242474219e-07,8.95967059477698e-06,0.009999999999989847,1.425016845124911e-08,-0.0003539448253584232,trajectory,REJOIN_SOFT,3.739475727081299,12.597107887267097,4.7799367166589946e-06
1356,96121.671,12.598142623901367,-2.145745838788571e-06,-0.9962388277053833,-5.268564109350577e-07,0.01000007800757885,1.1869691718402464e-07,8.95967059477698e-06,0.009999999999989913,1.4202257925393123e-08,-0.0003539448253584232,trajectory,REJOIN_SOFT,3.739475727081299,12.598142623900408,4.7799367166589946e-06
1357,96121.781,12.59911823272705,-2.1338776150514605e-06,-0.9962388277053833,-5.268151426137052e-07,0.01000007800757885,1.2106582403248467e-07,8.95967059477698e-06,0.009999999999989979,1.4156042717316857e-08,-0.0003539448253584232,trajectory,REJOIN_SOFT,3.7394747734069824,12.599118232726102,4.7799367166589946e-06
1358,96121.89,12.600123405456543,-2.1214038952166447e-06,-0.9962388277053833,-5.267726237304422e-07,0.01000007800757885,1.2351246425623685e-07,8.95967059477698e-06,0.009999999999990052,1.410736365882166e-08,-0.0003539448253584232,trajectory,REJOIN_SOFT,3.7394754886627197,12.600123405455605,4.7799367166589946e-06
1359,96122.015,12.601128578186035,-2.108679836965166e-06,-0.9962388277053833,-5.267301048478871e-07,0.01000007800757885,1.25965144093243e-07,8.95967059477698e-06,0.009999999999990121,1.405760059429189e-08,-0.0003539448253584232,trajectory,REJOIN_SOFT,3.739475965499878,12.601128578185108,4.7799367166589946e-06
1360,96122.125,12.60207462310791,-2.0964764644304523e-06,-0.9962388277053833,-5.266900870805814e-07,0.01000007800757885,1.282790691448099e-07,8.95967059477698e-06,0.009999999999990185,1.4009777044650833e-08,-0.0003539448253584232,trajectory,REJOIN_SOFT,3.7394750118255615,12.602074623106994,4.7799367166589946e-06
1361,96122.25,12.603020668029785,-2.0840498109464534e-06,-0.9962388277053833,-5.266500693154955e-07,0.01000007800757885,1.3059833747774974e-07,8.95967059477698e-06,0.009999999999990255,1.3960984551018848e-08,-0.0003539448253584232,trajectory,REJOIN_SOFT,3.739475965499878,12.60302066802888,4.7799367166589946e-06
1362,96122.375,12.604055404663086,-2.070203436232987e-06,-0.9962388277053833,-5.266062998907116e-07,0.01000007800757885,1.3314118518792384e-07,8.95967059477698e-06,0.009999999999990329,1.3906510863438344e-08,-0.0003539448253584232,trajectory,REJOIN_SOFT,3.739475727081299,12.60405540466219,4.7799367166589946e-06
1363,96122.5,12.605119705200195,-2.0556824438244803e-06,-0.9962388277053833,-5.26561279903971e-07,0.01000007800757885,1.3576334367826348e-07,8.95967059477698e-06,0.00999999999999041,1.3849267056359305e-08,-0.0003539448253584232,trajectory,REJOIN_SOFT,3.7394754886627197,12.605119705199312,4.7799367166589946e-06
1364,96122.625,12.606124877929688,-2.0417071482370375e-06,-0.9962388277053833,-5.265187610206182e-07,0.01000007800757885,1.3824605105128285e-07,8.95967059477698e-06,0.009999999999990487,1.3794066704240756e-08,-0.0003539448253584232,trajectory,REJOIN_SOFT,3.739475965499878,12.606124877928817,4.7799367166589946e-06
1365,96122.734,12.607041358947754,-2.0287443476263434e-06,-0.9962388277053833,-5.264799938063725e-07,0.01000007800757885,1.4051497032596671e-07,8.95967059477698e-06,0.009999999999990558,1.3742774913564057e-08,-0.0003539448253584232,trajectory,REJOIN_SOFT,3.7394750118255615,12.607041358946894,4.7799367166589946e-06
1366,96122.859,12.608046531677246,-2.014284518736531e-06,-0.9962388277053833,-5.264374749272186e-07,0.01000007800757885,1.4300923112386954e-07,8.95967059477698e-06,0.009999999999990636,1.3685460466075266e-08,-0.0003539448253584232,trajectory,REJOIN_SOFT,3.7394752502441406,12.608046531676397,4.7799367166589946e-06
1367,96122.968,12.60902214050293,-2.0000061340397224e-06,-0.9962388277053833,-5.263962066081136e-07,0.01000007800757885,1.4543591930760158e-07,8.95967059477698e-06,0.0,0.0,0.0,trajectory_no_feasible,REJOIN_SOFT,3.739475727081299,12.609022140502093,4.7799367166589946e-06
1368,96123.093,12.609938621520996,-1.986374172702199e-06,-0.9962388277053833,-5.262463590472675e-07,0.009900889359414577,1.4777290857637126e-07,7.931111213110853e-06,0.009999999999990789,1.3573439160333738e-08,-0.0003538625406078899,trajectory,REJOIN_SOFT,3.739476203918457,12.60993862152017,4.7799367166589946e-06
1369,96123.203,12.610897064208984,-1.971611482076696e-06,-0.9962388277053833,-5.258579063658142e-07,0.00942972395569086,1.5045854695472372e-07,8.134247764246538e-06,0.009999999999990874,1.3511096996387901e-08,-0.00035387879153198076,trajectory,REJOIN_SOFT,3.7394752502441406,12.61089706420817,4.7799367166589946e-06
1370,96123.328,12.611842155456543,-1.956127334779012e-06,-0.9962388277053833,-5.257011599817427e-07,0.00916297361254692,1.5311640311210795e-07,9.271526323573198e-06,0.009999999999990957,1.3447958187569288e-08,-0.0003539697738167269,trajectory,REJOIN_SOFT,3.737212896347046,12.611842155455742,4.7799367166589946e-06
1371,96123.421,12.61278247833252,-1.940376023412682e-06,-0.9962388277053833,-5.257225780870257e-07,0.009075026959180832,1.5568626565709565e-07,9.171388228423893e-06,0.009999999999991042,1.3385416889554566e-08,-0.00035396176276911493,trajectory,REJOIN_SOFT,3.7372312545776367,12.61278247833173,4.7799367166589946e-06
1372,96123.546,12.613722801208496,-1.9243668702983996e-06,-0.9962388277053833,-5.263540217923641e-07,0.009082917124032974,1.5821174770280777e-07,9.05407614482101e-06,0.009999999999991118,1.332784587055951e-08,-0.0003539523778024267,trajectory,REJOIN_SOFT,3.7385404109954834,12.61372280120772,4.7799367166589946e-06
1373,96123.671,12.614663124084473,-1.9081010123045417e-06,-0.9962388277053833,-5.267837416355746e-07,0.00913905631750822,1.6071783193183364e-07,9.05407614482101e-06,0.0099999999999912,1.3267131065689236e-08,-0.0003539523778024267,trajectory,REJOIN_SOFT,3.73931884765625,12.614663124083709,4.7799367166589946e-06
1374,96123.796,12.61560344696045,-1.8915799273599987e-06,-0.9962388277053833,-5.271171439035196e-07,0.009216474369168282,1.6321861551205075e-07,9.036908522830345e-06,0.009999999999991281,1.32043314033346e-08,-0.00035395100439266746,trajectory,REJOIN_SOFT,3.739215135574341,12.6156034469597,4.7799367166589946e-06
1375,96123.906,12.616543769836426,-1.8748036154647707e-06,-0.9962388277053833,-5.256730388235738e-07,0.009300303645431995,1.6572199967868073e-07,9.036908522830345e-06,0.009999999999991389,1.3122633658189304e-08,-0.00035395100439266746,trajectory,REJOIN_SOFT,3.7389988899230957,12.616543769835689,4.7799367166589946e-06
1376,96124.031,12.617486000061035,-1.857771508184669e-06,-0.9962388277053833,-5.231840310078067e-07,0.009382609277963638,1.6823211979044572e-07,9.036908522830345e-06,0.009999999999991512,1.3029366403234316e-08,-0.00035395100439266746,trajectory,REJOIN_SOFT,3.7389159202575684,12.61748600006031,4.7799367166589946e-06
1377,96124.156,12.618401527404785,-1.8415074691802147e-06,-0.9962388277053833,-5.212913647271214e-07,0.009455149061977863,1.7060261825463385e-07,9.036908522830345e-06,0.009999999999991623,1.2945146810707479e-08,-0.00035395100439266746,trajectory,REJOIN_SOFT,3.7389063835144043,12.618401527404073,4.7799367166589946e-06
1378,96124.265,12.619345664978027,-1.8244959392177407e-06,-0.9962388277053833,-5.198745332466277e-07,0.009523369371891022,1.7305610811035876e-07,9.036908522830345e-06,0.009999999999991727,1.286258763151932e-08,-0.00035395100439266746,trajectory,REJOIN_SOFT,3.7389349937438965,12.619345664977327,4.7799367166589946e-06
1379,96124.468,12.620232582092285,-1.8082939732266823e-06,-0.9962388277053833,-5.183778940779366e-07,0.009580959565937519,1.7536936525175406e-07,9.048353604157455e-06,0.00999999999999183,1.2782395341769312e-08,-0.00035395191999917366,trajectory,REJOIN_SOFT,3.7389798164367676,12.620232582091598,4.7799367166589946e-06
1380,96124.609,12.622063636779785,-1.774161205503333e-06,-0.9962388277053833,-5.15604998451564e-07,0.009680668823421001,1.8017061620412278e-07,9.0555067799869e-06,0.00999999999999204,1.261697800993861e-08,-0.00035395249225324,trajectory,REJOIN_SOFT,3.73903226852417,12.622063636779124,4.7799367166589946e-06
1381,96124.718,12.62299919128418,-1.756749838932592e-06,-0.9962388277053833,-5.148208361457397e-07,0.009721742011606693,1.8258361933476408e-07,9.056937415152788e-06,0.009999999999992138,1.2538823595957796e-08,-0.0004009132871404564,trajectory,GOAL_DIRECT,3.7390835285186768,12.62299919128353,4.7799367166589946e-06
1382,96124.859,12.624004364013672,-1.7379951486873324e-06,-0.9962388277053833,-5.146657603878738e-07,0.00975980143994093,1.8515599720103637e-07,9.056937415152788e-06,0.009999999999992236,1.2461465435858514e-08,-0.0004009132871404564,trajectory,GOAL_DIRECT,3.7391326427459717,12.624004364013036,4.7799367166589946e-06
1383,96124.968,12.624979972839355,-1.7195407053804956e-06,-0.9962388277053833,-5.154372901776808e-07,0.009791889227926731,1.876608166639926e-07,9.056937415152788e-06,0.009999999999992319,1.2394483240699574e-08,-0.0004009132871404564,trajectory,GOAL_DIRECT,3.7391769886016846,12.624979972838734,4.7799367166589946e-06
1384,96125.093,12.625866889953613,-1.702549070614623e-06,-0.9962388277053833,-5.169335178641298e-07,0.009817374870181084,1.899446431252727e-07,9.065521226148121e-06,0.009999999999992387,1.234058039403835e-08,-0.00040091397384533605,trajectory,GOAL_DIRECT,3.7392172813415527,12.625866889953002,4.7799367166589946e-06
1385,96125.203,12.626872062683105,-1.683041432443133e-06,-0.9962388277053833,-5.192932539710089e-07,0.009842551313340664,1.925404831126798e-07,9.065521226148121e-06,0.009999999999992454,1.2285013021241134e-08,-0.00040091397384533605,trajectory,GOAL_DIRECT,3.7392537593841553,12.626872062682509,4.7799367166589946e-06
1386,96125.312,12.627788543701172,-1.6650250245220377e-06,-0.9962388277053833,-5.221006897850646e-07,0.00986248254776001,1.9491399427806755e-07,9.065521226148121e-06,0.00999999999999251,1.2239879604581625e-08,-0.00040091397384533605,trajectory,GOAL_DIRECT,3.739283323287964,12.627788543700587,4.7799367166589946e-06
1387,96125.437,12.628793716430664,-1.6450102293674718e-06,-0.9962388277053833,-5.256181569506016e-07,0.00988147035241127,1.9752432933728414e-07,9.065521226148121e-06,0.009999999999992567,1.2193621980174488e-08,-0.00040091397384533605,trajectory,GOAL_DIRECT,3.739311456680298,12.628793716430094,4.7799367166589946e-06
1388,96125.546,12.629798889160156,-1.6247289522652864e-06,-0.9962388277053833,-5.295488193915357e-07,0.009897854179143906,2.0014196877582435e-07,9.065521226148121e-06,0.009999999999992617,1.2150302938680307e-08,-0.00040091397384533605,trajectory,GOAL_DIRECT,3.73933482170105,12.629798889159598,4.7799367166589946e-06
1389,96125.671,12.63077449798584,-1.6047881672420772e-06,-0.9962388277053833,-5.339433246324554e-07,0.009911596775054932,2.0268942080292618e-07,9.065521226148121e-06,0.0,0.0,0.0,trajectory_no_feasible,GOAL_DIRECT,3.7393555641174316,12.630774497985296,4.7799367166589946e-06
1390,96125.796,12.631690979003906,-1.5858255437706248e-06,-0.9962388277053833,-5.384966869932461e-07,0.009834451600909233,2.0513598997240479e-07,8.273003913927823e-06,0.009999999999992702,1.2080991458407426e-08,-0.00035388989202395527,trajectory,STRAIGHT,3.7393720149993896,12.631690979003375,4.7799367166589946e-06
1391,96125.921,12.632674217224121,-1.564753802085761e-06,-0.9962388277053833,-5.431976532775374e-07,0.009373597800731659,2.0802869471481245e-07,8.383154636248946e-06,0.009999999999992749,1.2041771489893805e-08,-0.00035389870408174094,trajectory,STRAIGHT,3.7393875122070312,12.632674217223604,4.7799367166589946e-06
1392,96126.031,12.633559226989746,-1.5446557881659828e-06,-0.9962388277053833,-5.478757177563855e-07,0.009135632775723934,2.1065183375412744e-07,9.320161552750506e-06,0.009999999999992792,1.200609479692116e-08,-0.00035397366463506107,trajectory,STRAIGHT,3.738565444946289,12.633559226989242,4.7799367166589946e-06
1393,96126.156,12.634466171264648,-1.5236704484777874e-06,-0.9962388277053833,-5.522892598527247e-07,0.009053483605384827,2.1327393540104822e-07,9.231463991454802e-06,0.009999999999992844,1.1964019882221508e-08,-0.00035396656883015745,trajectory,STRAIGHT,3.7365684509277344,12.634466171264158,4.7799367166589946e-06
1394,96126.265,12.635293960571289,-1.5037226148706395e-06,-0.9962388277053833,-5.566724252575927e-07,0.009059897623956203,2.1569638875007513e-07,9.122735718847252e-06,0.009999999999992888,1.192574981345728e-08,-0.0003539578705683488,trajectory,STRAIGHT,3.7383241653442383,12.635293960570811,4.7799367166589946e-06
1395,96126.39,12.636261940002441,-1.4809317008257494e-06,-0.9962388277053833,-5.619146856775476e-07,0.009117205627262592,2.1840955355401093e-07,9.108429367188364e-06,0.009999999999992938,1.1884357566402177e-08,-0.0003539567260602161,trajectory,STRAIGHT,3.7392075061798096,12.636261940001978,4.7799367166589946e-06
1396,96126.515,12.637202262878418,-1.4585191365767969e-06,-0.9962388277053833,-5.667733375376039e-07,0.009195912629365921,2.210381069289724e-07,9.091261745197698e-06,0.009999999999992988,1.1840581409134364e-08,-0.00035395535265045683,trajectory,STRAIGHT,3.7392706871032715,12.637202262877967,4.7799367166589946e-06
1397,96126.64,12.63817024230957,-1.4351677464219392e-06,-0.9962388277053833,-5.696626909669713e-07,0.009284106083214283,2.2374591424068058e-07,9.091261745197698e-06,0.009999999999993068,1.177313492955567e-08,-0.00035395535265045683,trajectory,STRAIGHT,3.7390151023864746,12.638170242309133,4.7799367166589946e-06
1398,96126.765,12.639082908630371,-1.4128895600151736e-06,-0.9962388277053833,-5.713665104018498e-07,0.009365873411297798,2.2630537444001675e-07,9.091261745197698e-06,0.009999999999993157,1.1698159710708481e-08,-0.00035395535265045683,trajectory,STRAIGHT,3.7389113903045654,12.639082908629948,4.7799367166589946e-06
1399,96126.875,12.640050888061523,-1.3896711834604503e-06,-0.9962388277053833,-5.737921238727904e-07,0.009444698691368103,2.289511087383289e-07,9.091261745197698e-06,0.009999999999993242,1.1626485430343832e-08,-0.00035395535265045683,trajectory,STRAIGHT,3.738891124725342,12.640050888061115,4.7799367166589946e-06
1400,96127.015,12.64105224609375,-1.365487378279795e-06,-0.9962388277053833,-5.767823045124283e-07,0.009518265724182129,2.3168499296843947e-07,9.091261745197698e-06,0.009999999999993322,1.1556367433264652e-08,-0.00035395535265045683,trajectory,STRAIGHT,3.738914728164673,12.641052246093356,4.7799367166589946e-06
1401,96127.125,12.641996383666992,-1.3424221378954826e-06,-0.9962388277053833,-5.794439875101719e-07,0.009580102749168873,2.3427257644925703e-07,9.102706826524809e-06,0.009999999999993403,1.1487485163905717e-08,-0.000353956268256963,trajectory,STRAIGHT,3.738960027694702,12.64199638366661,4.7799367166589946e-06
1402,96127.25,12.642969131469727,-1.3183894225221593e-06,-0.9962388277053833,-5.825362027890427e-07,0.009636368602514267,2.3694856565725786e-07,9.106998732022475e-06,0.009999999999993481,1.14187950207452e-08,-0.0003539566116094028,trajectory,STRAIGHT,3.739011764526367,12.642969131469357,4.7799367166589946e-06
1403,96127.375,12.643941879272461,-1.2940832903041155e-06,-0.9962388277053833,-5.855092182635216e-07,0.009685593657195568,2.396344598309952e-07,9.11415190785192e-06,0.009999999999993563,1.1347670141212081e-08,-0.00035395718386346917,trajectory,STRAIGHT,3.7390658855438232,12.643941879272106,4.7799367166589946e-06
1404,96127.484,12.64491081237793,-1.270229518013366e-06,-0.9962388277053833,-5.890395277416683e-07,0.009727283380925655,2.4225047923209786e-07,9.11415190785192e-06,0.009999999999993634,1.1283946930104739e-08,-0.00035395718386346917,trajectory,STRAIGHT,3.7391161918640137,12.644910812377587,4.7799367166589946e-06
1405,96127.593,12.645856857299805,-1.2468507293306175e-06,-0.9962388277053833,-5.93031350012518e-07,0.009762571193277836,2.447955296247528e-07,9.11415190785192e-06,0.009999999999993698,1.1226723504742876e-08,-0.00035395718386346917,trajectory,STRAIGHT,3.7391622066497803,12.645856857299474,4.7799367166589946e-06
1406,96127.718,12.64680290222168,-1.2232274002599297e-06,-0.9962388277053833,-5.978546218004175e-07,0.009793386794626713,2.4734839598750114e-07,9.122735718847252e-06,0.009999999999993753,1.1176697284118163e-08,-0.0003539578705683488,trajectory,STRAIGHT,3.7392044067382812,12.646802902221362,4.7799367166589946e-06
1407,96127.828,12.647867202758789,-1.1963576298512635e-06,-0.9962388277053833,-6.037484257596485e-07,0.009823373518884182,2.502294194073329e-07,9.122735718847252e-06,0.009999999999993812,1.1123751628443126e-08,-0.0003539578705683488,trajectory,STRAIGHT,3.739240884780884,12.647867202758485,4.7799367166589946e-06
1408,96127.953,12.648872375488281,-1.1706945315381745e-06,-0.9962388277053833,-6.101353474587892e-07,0.009847717359662056,2.529588414290629e-07,9.122735718847252e-06,0.009999999999993863,1.1080643068791331e-08,-0.0003539578705683488,trajectory,STRAIGHT,3.7392749786376953,12.64887237548799,4.7799367166589946e-06
1409,96128.078,12.649847984313965,-1.1455197181930998e-06,-0.9962388277053833,-6.171602236151469e-07,0.009868149645626545,2.5561558913977933e-07,9.122735718847252e-06,0.009999999999993901,1.1045838926147422e-08,-0.0003539578705683488,trajectory,STRAIGHT,3.739302396774292,12.649847984313686,4.7799367166589946e-06
1410,96128.203,12.650823593139648,-1.1200813787581865e-06,-0.9962388277053833,-6.246659956220251e-07,0.009885860607028008,2.582796412298194e-07,9.122735718847252e-06,0.009999999999993934,1.1014634704674989e-08,-0.0003539578705683488,trajectory,STRAIGHT,3.7393271923065186,12.650823593139382,4.7799367166589946e-06
1411,96128.296,12.65182876586914,-1.093595983547857e-06,-0.9962388277053833,-6.329836057251111e-07,0.00990163255482912,2.6103182904080313e-07,9.122735718847252e-06,0.0,0.0,0.0,trajectory_no_feasible,STRAIGHT,3.7393479347229004,12.651828765868887,4.7799367166589946e-06
1412,96128.421,12.652833938598633,-1.0668264849300613e-06,-0.9962388277053833,-6.414171884242823e-07,0.009731105528771877,2.639090155298618e-07,7.277338681888068e-06,0.009999999999993995,1.0959340214993686e-08,-0.0003538102388053921,trajectory,STRAIGHT,3.7393667697906494,12.652833938598391,4.7799367166589946e-06
1413,96128.546,12.653772354125977,-1.0405503871879773e-06,-0.9962388277053833,-6.494234037727285e-07,0.009282237850129604,2.6689079390962434e-07,8.923891073209234e-06,0.00999999999999403,1.0929227330118443e-08,-0.00035394196299669777,trajectory,STRAIGHT,3.7393836975097656,12.653772354125746,4.7799367166589946e-06
1414,96128.671,12.654685020446777,-1.0139863206859445e-06,-0.9962388277053833,-6.571552378870921e-07,0.009073829278349876,2.697248078220582e-07,9.403123840456828e-06,0.009999999999994066,1.0895007136655897e-08,-0.00035398030161807757,trajectory,STRAIGHT,3.736722469329834,12.654685020446557,4.7799367166589946e-06
1415,96128.781,12.655570030212402,-9.871467909761122e-07,-0.9962388277053833,-6.643022543403735e-07,0.009016602300107479,2.7246642275713384e-07,9.278658581024501e-06,0.00999999999999411,1.0853627269059026e-08,-0.000353970344397323,trajectory,STRAIGHT,3.737546443939209,12.655570030212195,4.7799367166589946e-06
1416,96128.906,12.656424522399902,-9.60863872023765e-07,-0.9962388277053833,-6.720021724491237e-07,0.009038582444190979,2.750793441919086e-07,9.177083484246396e-06,0.009999999999994146,1.0820012875649612e-08,-0.00035396221838958076,trajectory,STRAIGHT,3.7388322353363037,12.656424522399705,4.7799367166589946e-06
1417,96129.093,12.65732479095459,-9.334980290987005e-07,-0.9962388277053833,-6.799752972728109e-07,0.00910174660384655,2.7775234912041924e-07,9.177083484246396e-06,0.009999999999994185,1.0784505214497642e-08,-0.00035396221838958076,trajectory,STRAIGHT,3.739473819732666,12.657324790954403,4.7799367166589946e-06
1418,96129.234,12.659011840820312,-8.822173072076112e-07,-0.9962388277053833,-6.930515167283292e-07,0.009256151504814625,2.826818104040285e-07,9.177083484246396e-06,0.009999999999994276,1.069908317027666e-08,-0.00035396221838958076,trajectory,STRAIGHT,3.7390992641448975,12.659011840820146,4.7799367166589946e-06
1419,96129.343,12.659924507141113,-8.540989142602484e-07,-0.9962388277053833,-6.983784217792689e-07,0.009340888820588589,2.8535538376672775e-07,9.177083484246396e-06,0.009999999999994347,1.0633661825870551e-08,-0.00035396221838958076,trajectory,STRAIGHT,3.7389285564422607,12.659924507140957,4.7799367166589946e-06
1420,96129.468,12.660882949829102,-8.248510994235403e-07,-0.9962388277053833,-7.04368571646624e-07,0.009422692470252514,2.8811939500883454e-07,9.177083484246396e-06,0.009999999999994414,1.0570021003376233e-08,-0.00035396221838958076,trajectory,STRAIGHT,3.7388741970062256,12.660882949828956,4.7799367166589946e-06
1421,96129.593,12.661827087402344,-7.961934329614451e-07,-0.9962388277053833,-7.107120021994646e-07,0.009494964964687824,2.908126077727502e-07,9.177083484246396e-06,0.009999999999994475,1.0512314858831624e-08,-0.00035396221838958076,trajectory,STRAIGHT,3.7388806343078613,12.661827087402209,4.7799367166589946e-06
1422,96129.703,12.662771224975586,-7.67268602430704e-07,-0.9962388277053833,-7.17682585893373e-07,0.009559678845107555,2.9351659236454e-07,9.177083484246396e-06,0.00999999999999453,1.0459639294354558e-08,-0.00035396221838958076,trajectory,STRAIGHT,3.738917827606201,12.66277122497546,4.7799367166589946e-06
1423,96129.828,12.66374397277832,-7.371867241090513e-07,-0.9962388277053833,-7.254875176027266e-07,0.009618595242500305,2.963138001632615e-07,9.185667295241728e-06,0.009999999999994581,1.0410294425968223e-08,-0.00035396290509446035,trajectory,STRAIGHT,3.738969326019287,12.663743972778203,4.7799367166589946e-06
1424,96129.953,12.664745330810547,-7.059214226501354e-07,-0.9962388277053833,-7.340170898038422e-07,0.00967160239815712,2.9920491328994103e-07,9.185667295241728e-06,0.00999999999999463,1.0363059287743257e-08,-0.00035396290509446035,trajectory,STRAIGHT,3.739025354385376,12.66474533081044,4.7799367166589946e-06
1425,96130.062,12.665674209594727,-6.770698632863059e-07,-0.9962388277053833,-7.420690653953364e-07,0.009713893756270409,3.0185825039552583e-07,9.194251106237061e-06,0.009999999999994673,1.0321184946861422e-08,-0.00035396359179934,trajectory,STRAIGHT,3.739079475402832,12.665674209594629,4.7799367166589946e-06
1426,96130.187,12.666620254516602,-6.479630769717915e-07,-0.9962388277053833,-7.504567022752569e-07,0.009750913828611374,3.045207961349661e-07,9.194251106237061e-06,0.009999999999994716,1.0281496402659894e-08,-0.00035396359179934,trajectory,STRAIGHT,3.7391293048858643,12.666620254516511,4.7799367166589946e-06
1427,96130.296,12.667566299438477,-6.18600211055309e-07,-0.9962388277053833,-7.596477648926194e-07,0.009783245623111725,3.0719215260432975e-07,9.194251106237061e-06,0.00999999999999475,1.0248643971621457e-08,-0.00035396359179934,trajectory,STRAIGHT,3.7391746044158936,12.667566299438395,4.7799367166589946e-06
1428,96130.421,12.66854190826416,-5.880519324819033e-07,-0.9962388277053833,-7.694878447280807e-07,0.009812261909246445,3.0978154086369614e-07,9.194251106237061e-06,0.009999999999994782,1.0217128083960549e-08,-0.00035396359179934,trajectory,STRAIGHT,3.7392163276672363,12.668541908264086,4.7799367166589946e-06
1429,96130.531,12.669487953186035,-5.582382982538547e-07,-0.9962388277053833,-7.783405743205228e-07,0.00983672495931387,3.1108726261663833e-07,9.201404282066505e-06,0.009999999999994819,1.0178751860452722e-08,-0.00035396416405340635,trajectory,STRAIGHT,3.7392513751983643,12.669487953185968,4.7799367166589946e-06
1430,96130.656,12.670493125915527,-5.26462429206731e-07,-0.9962388277053833,-7.87603833282098e-07,0.009859256446361542,3.1195617111734464e-07,9.202834917232394e-06,0.009999999999994862,1.0136012042549672e-08,-0.00035396427850421965,trajectory,STRAIGHT,3.7392826080322266,12.670493125915467,4.7799367166589946e-06
1431,96130.765,12.671439170837402,-4.964744562130363e-07,-0.9962388277053833,-7.967638648433957e-07,0.009877629578113556,3.12781764932879e-07,9.202834917232394e-06,0.0099999999999949,1.0099747245275605e-08,-0.00035396427850421965,trajectory,STRAIGHT,3.739309310913086,12.671439170837349,4.7799367166589946e-06
1432,96130.89,12.672444343566895,-4.64524873677874e-07,-0.9962388277053833,-8.068210561701095e-07,0.009894542396068573,3.136671011816361e-07,9.202834917232394e-06,0.009999999999994935,1.0063973251171388e-08,-0.00035396427850421965,trajectory,STRAIGHT,3.7393343448638916,12.672444343566848,4.7799367166589946e-06
1433,96131.031,12.673538208007812,-4.296531699310435e-07,-0.9962388277053833,-8.184011396013184e-07,0.009910301305353642,3.146396636566351e-07,9.202834917232394e-06,0.009999999999994968,1.0030820879020974e-08,-0.00035396427850421965,trajectory,STRAIGHT,3.7393546104431152,12.673538208007773,4.7799367166589946e-06
1434,96131.156,12.674543380737305,-3.9751333247295406e-07,-0.9962388277053833,-8.296908670551322e-07,0.009922701865434647,3.155415697619901e-07,9.202834917232394e-06,0.009999999999994992,1.000630771579602e-08,-0.00035396427850421965,trajectory,STRAIGHT,3.739370822906494,12.674543380737271,4.7799367166589946e-06
1435,96131.265,12.67548942565918,-3.671780461900198e-07,-0.9962388277053833,-8.39818542067379e-07,0.0099328039214015,3.168875650771952e-07,9.202834917232394e-06,0.009999999999995022,9.977778347644042e-09,-0.00035396427850421965,trajectory,STRAIGHT,3.7393877506256104,12.675489425659151,4.7799367166589946e-06
1436,96131.375,12.676465034484863,-3.3581474667698785e-07,-0.9962388277053833,-8.484397368799722e-07,0.00994183961302042,3.1593611993230297e-07,9.202834917232394e-06,0.009999999999995072,9.929672570854432e-09,-0.00035396427850421965,trajectory,STRAIGHT,3.7394001483917236,12.676465034484838,4.7799367166589946e-06
1437,96131.406,12.676819801330566,-3.244620074838167e-07,-0.9962388277053833,-8.510970550440014e-07,0.009944812394678593,3.148047369450069e-07,9.202834917232394e-06,0.009999999999995093,9.907599222074133e-09,-0.00035396427850421965,trajectory,STRAIGHT,3.7394001483917236,12.676819801330543,4.7799367166589946e-06
1438,96131.515,12.67758846282959,-3.000114077167382e-07,-0.9962388277053833,-8.565053132814901e-07,0.009950757026672363,3.120664189282252e-07,9.202834917232394e-06,0.009999999999995145,9.85686297320992e-09,-0.00035396427850421965,trajectory,STRAIGHT,3.739412307739258,12.67758846282957,4.7799367166589946e-06
1439,96131.64,12.678564071655273,-2.69265257202278e-07,-0.9962388277053833,-8.62346379547741e-07,0.00995737873017788,3.094036458151095e-07,9.205696187564172e-06,0.009999999999995214,9.783371996751402e-09,-0.0003539645074058462,trajectory,STRAIGHT,3.7394213676452637,12.678564071655257,4.7799367166589946e-06
1440,96131.765,12.679539680480957,-2.386251480857027e-07,-0.9962388277053833,-8.686241205667366e-07,0.009963106364011765,3.1021718882584537e-07,9.205696187564172e-06,0.00999999999999528,9.71459383931553e-09,-0.0003539645074058462,trajectory,STRAIGHT,3.7394306659698486,12.679539680480945,4.7799367166589946e-06
1441,96131.875,12.68051528930664,-2.078242005154607e-07,-0.9962388277053833,-8.750050212805205e-07,0.009968062862753868,3.1213332363222435e-07,9.205696187564172e-06,0.009999999999995348,9.646043187266279e-09,-0.0003539645074058462,trajectory,STRAIGHT,3.7394378185272217,12.680515289306632,4.7799367166589946e-06
1442,96131.984,12.681520462036133,-1.7580528322014288e-07,-0.9962388277053833,-8.820257503330525e-07,0.009972473606467247,3.156368109102914e-07,9.205696187564172e-06,0.009999999999995412,9.578535850588219e-09,-0.0003539645074058462,trajectory,STRAIGHT,3.7394442558288574,12.681520462036126,4.7799367166589946e-06
1443,96132.125,12.682496070861816,-1.4446638374465692e-07,-0.9962388277053833,-8.894796224869387e-07,0.00997617095708847,3.1703243053016195e-07,9.205696187564172e-06,0.009999999999995469,9.518166834635931e-09,-0.0003539645074058462,trajectory,STRAIGHT,3.739450216293335,12.682496070861813,4.7799367166589946e-06
1444,96132.234,12.6834716796875,-1.1311558978377434e-07,-0.9962388277053833,-8.974316717351091e-07,0.009979389607906342,3.158771733069443e-07,9.205696187564172e-06,0.009999999999995525,9.46261461032996e-09,-0.0003539645074058462,trajectory,STRAIGHT,3.7394535541534424,12.683471679687496,4.7799367166589946e-06
1445,96132.359,12.684476852416992,-8.106918159000998e-08,-0.9962388277053833,-9.063336322602826e-07,0.009982270188629627,3.1201881256492925e-07,9.205696187564172e-06,0.00999999999999557,9.413448052966262e-09,-0.0003539645074058462,trajectory,STRAIGHT,3.7394580841064453,12.68447685241699,4.7799367166589946e-06
1446,96132.468,12.685511589050293,-4.861914248976973e-08,-0.9962388277053833,-9.157602622092065e-07,0.009984788484871387,3.059557514006883e-07,9.205696187564172e-06,0.009999999999995613,9.36766693807411e-09,-0.0003539645074058462,trajectory,STRAIGHT,3.7394614219665527,12.685511589050293,4.7799367166589946e-06
1447,96132.593,12.686516761779785,-1.7698877030625226e-08,-0.9962388277053833,-9.231852043454645e-07,0.009986904449760914,2.9961933023514575e-07,9.202834917232394e-06,0.009999999999995669,9.308355199984666e-09,-0.00035396427850421965,trajectory,STRAIGHT,3.739464282989502,12.686516761779785,4.7799367166589946e-06
1448,96132.734,12.687581062316895,1.4144508675428824e-08,-0.9962388277053833,-9.30913633257014e-07,0.009988796897232533,2.8929966333635093e-07,9.202834917232394e-06,0.009999999999995724,9.247968745480985e-09,-0.00035396427850421965,trajectory,STRAIGHT,3.7394661903381348,12.687581062316895,4.7799367166589946e-06
1449,96132.859,12.688497543334961,4.049314128451442e-08,-0.9962388277053833,-9.377152302785107e-07,0.009990274906158447,2.7676108516061504e-07,9.202834917232394e-06,0.009999999999995766,9.201971259096158e-09,-0.00035396427850421965,trajectory,STRAIGHT,3.739469289779663,12.688497543334961,4.7799367166589946e-06
1450,96132.968,12.689502716064453,6.785843709167239e-08,-0.9962388277053833,-9.452584656131387e-07,0.009991668164730072,2.5912308387887606e-07,9.202834917232394e-06,0.009999999999995806,9.158888413492302e-09,-0.00035396427850421965,trajectory,STRAIGHT,3.7394702434539795,12.689502716064453,4.7799367166589946e-06
1451,96133.093,12.690478324890137,9.250394583659727e-08,-0.9962388277053833,-9.527646375521452e-07,0.009992793202400208,2.3811612948065886e-07,9.202834917232394e-06,0.009999999999995835,9.127113456372773e-09,-0.00035396427850421965,trajectory,STRAIGHT,3.739470958709717,12.690478324890135,4.7799367166589946e-06
1452,96133.218,12.691483497619629,1.1551876610838008e-07,-0.9962388277053833,-9.607852981748143e-07,0.009993952699005604,2.124668014857889e-07,9.202834917232394e-06,0.009999999999995854,9.107450381248834e-09,-0.00035396427850421965,trajectory,STRAIGHT,3.739471912384033,12.691483497619625,4.7799367166589946e-06
1453,96133.328,12.692488670349121,1.3574948809491616e-07,-0.9962388277053833,-9.683652585514213e-07,0.00999496690928936,1.8404999480026163e-07,9.202834917232394e-06,0.009999999999995865,9.095358667513194e-09,-0.00035396427850421965,trajectory,STRAIGHT,3.739473581314087,12.692488670349118,4.7799367166589946e-06
1454,96133.453,12.693464279174805,1.5276961562449287e-07,-0.9914594888687134,-9.732714131052676e-07,0.009846447966992855,1.59354200945927e-07,0.07735570520162582,0.009999999999995885,9.070380509919229e-09,-0.006780651409674403,trajectory,STRAIGHT,3.7394728660583496,12.6934642791748,4.7799367166589946e-06
1455,96133.578,12.694499015808105,1.679967169820884e-07,-0.9829725027084351,-9.772042795470352e-07,0.009727335534989834,1.302869208075208e-07,0.0794314369559288,0.009999999999995911,9.043365088827529e-09,-0.007580940817013242,trajectory,STRAIGHT,3.7394745349884033,12.694499015808098,4.7799367166589946e-06
1456,96133.703,12.695491790771484,1.7977031063765025e-07,-0.9752584099769592,-9.808939383056423e-07,0.009685426950454712,1.0032246677837975e-07,0.07165732979774475,0.009999999999995925,9.028858366560003e-09,-0.007717417362576354,trajectory,STRAIGHT,3.731252670288086,12.695491790771477,4.7799367166589946e-06
1457,96133.812,12.696493148803711,1.8862108674966294e-07,-0.9681568741798401,-9.848589109472642e-07,0.009682451374828815,6.801794683042317e-08,0.06371968239545822,0.009999999999995924,9.029745932809251e-09,-0.0077762417292612535,trajectory,STRAIGHT,3.7153284549713135,12.696493148803704,4.7799367166589946e-06
1458,96133.937,12.697442054748535,1.9379261573249096e-07,-0.9621900320053101,-9.886014969513657e-07,0.009698707610368729,3.6242639112060715e-08,0.056941255927085876,0.00999999999999591,9.044374410011431e-09,-0.007844169049850554,trajectory,STRAIGHT,3.6999809741973877,12.697442054748528,4.7799367166589946e-06
1459,96134.062,12.698476791381836,1.9576805243559647e-07,-0.9565725326538086,-9.926182857397638e-07,0.009725084528326988,1.140555094814033e-09,0.04999544098973274,0.009999999999995884,9.075580735712226e-09,-0.007569378822437377,trajectory,STRAIGHT,3.6859867572784424,12.698476791381827,4.7799367166589946e-06
1460,96134.187,12.69945240020752,1.9418786223468487e-07,-0.9519452452659607,-9.962453140475632e-07,0.00975293479859829,-3.3288507950146595e-08,0.04316532239317894,0.009999999999995842,9.11835905499576e-09,-0.007763052533704631,trajectory,STRAIGHT,3.6733157634735107,12.699452400207512,4.7799367166589946e-06
1461,96134.296,12.70048713684082,1.8871529050557e-07,-0.947771430015564,-1.0001236276885618e-06,0.009782405570149422,-7.119309941572283e-08,0.036223240196704865,0.009999999999995787,9.180561195961741e-09,-0.007619581038928621,trajectory,STRAIGHT,3.662095546722412,12.700487136840813,4.7799367166589946e-06
1462,96134.437,12.70155143737793,1.7885491843117052e-07,-0.9442081451416016,-1.0035095874999019e-06,0.009810815565288067,-1.116576413551229e-07,0.029724908992648125,0.009999999999995714,9.256940899768961e-09,-0.007461169170513767,trajectory,STRAIGHT,3.6522796154022217,12.701551437377923,4.7799367166589946e-06
1463,96134.562,12.702556610107422,1.6556458604100044e-07,-0.9414434432983398,-1.0062434226538294e-06,0.009835156612098217,-1.4783209678626008e-07,0.02431747131049633,0.009999999999995637,9.3417871508815e-09,-0.007323288587611181,trajectory,STRAIGHT,3.6439082622528076,12.702556610107417,4.7799367166589946e-06
1464,96134.671,12.703591346740723,1.483971203697365e-07,-0.9391458034515381,-1.0091951877344197e-06,0.009857467375695705,-1.7795493079120206e-07,0.019359882920980453,0.009999999999995538,9.44573797216909e-09,-0.007162973593492244,trajectory,STRAIGHT,3.636892318725586,12.703591346740717,4.7799367166589946e-06
1465,96134.796,12.704596519470215,1.290488711447324e-07,-0.937387228012085,-1.0119284242195592e-06,0.009876545518636703,-2.002768155762169e-07,0.015067526139318943,0.009999999999995433,9.557078633292004e-09,-0.0070084131835972865,trajectory,STRAIGHT,3.6310863494873047,12.704596519470211,4.7799367166589946e-06
1466,96134.906,12.705572128295898,1.0841903730351987e-07,-0.93607097864151,-1.0145024794366425e-06,0.009892783127725124,-2.1540682837439817e-07,0.011465201154351234,0.009999999999995323,9.672492889393786e-09,-0.0067860396533286176,trajectory,STRAIGHT,3.626361131668091,12.705572128295895,4.7799367166589946e-06
1467,96135.031,12.706547737121582,8.660948935812485e-08,-0.9350945949554443,-1.017062082194868e-06,0.009906984865665436,-2.241076089148919e-07,0.008275126107037067,0.009999999999995205,9.79298274872459e-09,-0.00671468176708961,trajectory,STRAIGHT,3.622596025466919,12.70654773712158,4.7799367166589946e-06
1468,96135.14,12.707552909851074,6.372581395908128e-08,-0.9343950152397156,-1.0190015657428104e-06,0.009919709526002407,-2.2186274861724087e-07,0.005476315040141344,0.009999999999995087,9.912034044533764e-09,-0.00652575586752439,trajectory,STRAIGHT,3.619684934616089,12.707552909851074,4.7799367166589946e-06
1469,96135.265,12.708528518676758,4.249055152172332e-08,-0.9339687824249268,-1.0202910398638436e-06,0.009930433705449104,-2.055665646594207e-07,0.0031538638286292553,0.009999999999994983,1.0017481289577166e-08,-0.006434870254945303,trajectory,STRAIGHT,3.6175153255462646,12.708528518676758,4.7799367166589946e-06
1470,96135.39,12.709563255310059,2.2031038326986163e-08,-0.933748185634613,-1.021575130686575e-06,0.009940260089933872,-1.83648197094044e-07,0.0010705142049118876,0.00999999999999488,1.01195642439466e-08,-0.006297949861621772,trajectory,STRAIGHT,3.6159915924072266,12.709563255310059,4.7799367166589946e-06
1471,96135.515,12.71059799194336,4.024411914826942e-09,-0.9337310194969177,-1.0227980566393594e-06,0.009948709048330784,-1.5884630499840569e-07,-0.0007060558418743312,0.009999999999994787,1.0210402124944383e-08,-0.006166369929447181,trajectory,STRAIGHT,3.6150155067443848,12.71059799194336,4.7799367166589946e-06
1472,96135.64,12.711544036865234,-1.003494976004049e-08,-0.9338657855987549,-1.023737446377099e-06,0.009955386631190777,-1.336483705927094e-07,-0.0020686588250100613,0.009999999999994715,1.0281224771232794e-08,-0.006051377225485308,trajectory,STRAIGHT,3.6145033836364746,12.711544036865234,4.7799367166589946e-06
1473,96135.765,12.712578773498535,-2.258949649558417e-08,-0.9341508150100708,-1.0241643111216196e-06,0.009961694478988647,-1.0663557503676202e-07,-0.003319942392408848,0.009999999999994654,1.0340398409249833e-08,-0.005937023069527609,trajectory,STRAIGHT,3.6143879890441895,12.712578773498535,4.7799367166589946e-06
1474,96135.89,12.713554382324219,-3.219798117015671e-08,-0.9345300197601318,-1.0242324951366776e-06,0.009966827929019928,-8.875296231281027e-08,-0.004295398015528917,0.00999999999999461,1.0383146062180948e-08,-0.005821591335034622,trajectory,STRAIGHT,3.6146113872528076,12.713554382324219,4.7799367166589946e-06
1475,96136.015,12.71458911895752,-4.088609983909919e-08,-0.9350284934043884,-1.0235597878450744e-06,0.009971505030989647,-7.817246228114527e-08,-0.005149588920176029,0.009999999999994577,1.041449831240693e-08,-0.005711679850291478,trajectory,STRAIGHT,3.6151154041290283,12.71458911895752,4.7799367166589946e-06
1476,96136.125,12.715564727783203,-4.8439485311746466e-08,-0.9355741739273071,-1.0231906414131664e-06,0.009975316934287548,-7.482883290776954e-08,-0.005809178575873375,0.009999999999994546,1.044394781403663e-08,-0.0056097385055538665,trajectory,STRAIGHT,3.6158552169799805,12.715564727783203,4.7799367166589946e-06
1477,96136.234,12.716510772705078,-5.53966614802448e-08,-0.9361571073532104,-1.0231997415651275e-06,0.009978538379073143,-6.950584463538689e-08,-0.006288842298090458,0.009999999999994515,1.0474593968407655e-08,-0.005542218736481333,trajectory,STRAIGHT,3.6167917251586914,12.716510772705078,4.7799367166589946e-06
1478,96136.359,12.717486381530762,-6.185052114915379e-08,-0.9368026852607727,-1.0234886239818327e-06,0.009981421753764153,-6.023096688068108e-08,-0.00670449435710907,0.009999999999994484,1.050586171461174e-08,-0.005427125328291073,trajectory,STRAIGHT,3.6178882122039795,12.717486381530762,4.7799367166589946e-06
1479,96136.484,12.718461990356445,-6.719586309600345e-08,-0.9374868273735046,-1.0239040380045595e-06,0.009983926080167294,-4.711293044579179e-08,-0.007046872284263372,0.009999999999994453,1.0533560404746201e-08,-0.005337177854224422,trajectory,STRAIGHT,3.619110107421875,12.718461990356445,4.7799367166589946e-06
1480,96136.609,12.719437599182129,-7.106834942760543e-08,-0.9381997585296631,-1.024286590343771e-06,0.009986105374991894,-3.1215527940275933e-08,-0.007288225926458836,0.009999999999994432,1.0554492322437128e-08,-0.005252179348775491,trajectory,STRAIGHT,3.6204309463500977,12.719437599182129,4.7799367166589946e-06
1481,96136.718,12.720501899719238,-7.373807875410421e-08,-0.9389998912811279,-1.0245257789767044e-06,0.009988115169107914,-1.949234729181626e-08,-0.0074744559824466705,0.009999999999994414,1.0568741624847116e-08,-0.005165966398325467,trajectory,STRAIGHT,3.621835231781006,12.720501899719237,4.7799367166589946e-06
1482,96136.828,12.721447944641113,-7.536739587976626e-08,-0.9397257566452026,-1.024821813923646e-06,0.009989667683839798,-1.5453849755431293e-08,-0.007569585926830769,0.009999999999994406,1.0578986952273062e-08,-0.005086925424786544,trajectory,STRAIGHT,3.6233041286468506,12.721447944641112,4.7799367166589946e-06
1483,96136.937,12.721773147583008,-7.587538419784323e-08,-0.9399763345718384,-1.024879792478522e-06,0.009990185499191284,-1.545287986459698e-08,-0.0076291970908641815,0.009999999999994402,1.0581843706055407e-08,-0.005069627635332083,trajectory,STRAIGHT,3.6233041286468506,12.721773147583006,4.7799367166589946e-06
1484,96137.078,12.72339916229248,-7.905887855486071e-08,-0.9412363171577454,-1.0249201451897598e-06,0.009992310777306557,-2.6093781357872103e-08,-0.007761471904814243,0.009999999999994387,1.0596468646238175e-08,-0.004953166648387294,trajectory,STRAIGHT,3.6263539791107178,12.723399162292479,4.7799367166589946e-06
1485,96137.171,12.724404335021973,-8.245078220170399e-08,-0.9420300126075745,-1.0244287867882293e-06,0.009993473067879677,-4.1542357109847217e-08,-0.007667418569326401,0.009999999999994376,1.0606614020415404e-08,-0.004865674826321423,trajectory,STRAIGHT,3.6279048919677734,12.72440433502197,4.7799367166589946e-06
1486,96137.296,12.725409507751465,-8.776404314403408e-08,-0.9428032636642456,-1.0235299774437786e-06,0.009994566440582275,-6.376642858185733e-08,-0.007518784608691931,0.009999999999994359,1.0621145241754502e-08,-0.004838902990338624,trajectory,STRAIGHT,3.6294679641723633,12.725409507751463,4.7799367166589946e-06
1487,96137.421,12.726414680480957,-9.553416902008394e-08,-0.9435648322105408,-1.0229466548983682e-06,0.009995377622544765,-8.813726282141943e-08,-0.007425820920616388,0.00999999999999433,1.064965825324678e-08,-0.004739450220575583,trajectory,STRAIGHT,3.631056070327759,12.726414680480955,4.7799367166589946e-06
1488,96137.546,12.72739028930664,-1.0532352945347156e-07,-0.9442959427833557,-1.022288295169407e-06,0.009996027685701847,-1.0919472970272182e-07,-0.007332331035286188,0.009999999999994291,1.068633045417295e-08,-0.004710373882761252,trajectory,STRAIGHT,3.6326024532318115,12.727390289306639,4.7799367166589946e-06
1489,96137.671,12.728365898132324,-1.1707071223554522e-07,-0.9450168609619141,-1.0216655195216584e-06,0.009996673092246056,-1.276886365531027e-07,-0.007224066648632288,0.009999999999994241,1.0732014214254134e-08,-0.004617439091323162,trajectory,STRAIGHT,3.6341280937194824,12.72836589813232,4.7799367166589946e-06
1490,96137.781,12.7293119430542,-1.3009176313971693e-07,-0.9457057118415833,-1.0210616158749523e-06,0.00999731570482254,-1.4317410546027531e-07,-0.007108914665877819,0.009999999999994185,1.078353396990066e-08,-0.004592208705960059,trajectory,STRAIGHT,3.6356334686279297,12.729311943054196,4.7799367166589946e-06
1491,96137.89,12.730257987976074,-1.4448372098740947e-07,-0.9463828802108765,-1.0204577122397825e-06,0.00999797135591507,-1.5624918603407423e-07,-0.006981683894991875,0.009999999999994125,1.0841141631586652e-08,-0.0045066196571652015,trajectory,STRAIGHT,3.637117385864258,12.73025798797607,4.7799367166589946e-06
1492,96138.015,12.731233596801758,-1.6051640727710037e-07,-0.9470679759979248,-1.0197873032987548e-06,0.009998512454330921,-1.6720834139505314e-07,-0.006846916396170855,0.009999999999994054,1.0905378252785992e-08,-0.004483146267718467,trajectory,STRAIGHT,3.638579845428467,12.731233596801752,4.7799367166589946e-06
1493,96138.125,12.732179641723633,-1.7698069143534667e-07,-0.9477199912071228,-1.019313116746558e-06,0.009998769499361515,-1.7538722829613107e-07,-0.006709924899041653,0.009999999999993977,1.097353112634662e-08,-0.004401681881921351,trajectory,STRAIGHT,3.640014171600342,12.732179641723626,4.7799367166589946e-06
1494,96138.234,12.733155250549316,-1.9465817047148448e-07,-0.9483792185783386,-1.0189838799051275e-06,0.009998959489166737,-1.8129736645278172e-07,-0.006572166923433542,0.009999999999993896,1.1048557379219348e-08,-0.004379741151409209,trajectory,STRAIGHT,3.640014171600342,12.733155250549308,4.7799367166589946e-06
1495,96138.359,12.734130859375,-2.1279385009620455e-07,-0.9490246772766113,-1.0185149219788847e-06,0.00999914389103651,-1.8464427853359666e-07,-0.006426610518246889,0.009999999999993812,1.112427604878564e-08,-0.004301530363151516,trajectory,STRAIGHT,3.641422748565674,12.73413085937499,4.7799367166589946e-06
1496,96138.468,12.735076904296875,-2.3057776843415922e-07,-0.9496364593505859,-1.0180601748772974e-06,0.009999322704970837,-1.8544194801961567e-07,-0.006280053406953812,0.00999999999999373,1.119863970719667e-08,-0.004282665828356231,trajectory,STRAIGHT,3.642800807952881,12.735076904296864,4.7799367166589946e-06
1497,96138.609,12.736141204833984,-2.505263125840429e-07,-0.9503074884414673,-1.0175485843625973e-06,0.009999523870646954,-1.8345843955103192e-07,-0.006119063124060631,0.009999999999993636,1.1282119848884806e-08,-0.004206782684995174,trajectory,STRAIGHT,3.6441516876220703,12.73614120483397,4.7799367166589946e-06
1498,96138.734,12.737146377563477,-2.690242695280176e-07,-0.9509251713752747,-1.0170654155184494e-06,0.009999699890613556,-1.787843331158001e-07,-0.00595454778522253,0.009999999999993547,1.1359525882723777e-08,-0.004159591958979138,trajectory,STRAIGHT,3.6454710960388184,12.73714637756346,4.7799367166589946e-06
1499,96138.843,12.73812198638916,-2.8639209403991117e-07,-0.9515084028244019,-1.0165964574997036e-06,0.009999853558838367,-1.7164576604500326e-07,-0.005792235489934683,0.009999999999993466,1.143213406917835e-08,-0.00411629022553194,trajectory,STRAIGHT,3.6467607021331787,12.738121986389142,4.7799367166589946e-06
1500,96138.968,12.739127159118652,-3.034116957678634e-07,-0.9520922899246216,-1.0161132886082546e-06,0.010000011883676052,-1.6161000360170874e-07,-0.005630751606076956,0.009999999999993386,1.1503144211447533e-08,-0.004100014581229573,trajectory,STRAIGHT,3.648016929626465,12.739127159118631,4.7799367166589946e-06
1501,96139.078,12.740102767944336,-3.1882163398222474e-07,-0.9526441097259521,-1.0156443305435998e-06,0.010000165551900864,-1.4926737890164077e-07,-0.005481909029185772,0.009999999999993311,1.1567222651767739e-08,-0.004033077744715324,trajectory,STRAIGHT,3.6492412090301514,12.740102767944313,4.7799367166589946e-06
1502,96139.218,12.741167068481445,-3.3408534250156663e-07,-0.953228235244751,-1.0151351273248501e-06,0.01000030618160963,-1.3287946387663396e-07,-0.005315571557730436,0.009999999999993237,1.1630368768696363e-08,-0.003992945658537005,trajectory,STRAIGHT,3.6504311561584473,12.74116706848142,4.7799367166589946e-06
1503,96139.343,12.742172241210938,-3.4673024629228166e-07,-0.9537643194198608,-1.0146567330321708e-06,0.010000430047512054,-1.1460112858685534e-07,-0.005162711255252361,0.009999999999993178,1.1682248008096882e-08,-0.003952718781437525,trajectory,STRAIGHT,3.651588201522827,12.74217224121091,4.7799367166589946e-06
1504,96139.453,12.74317741394043,-3.573719595806324e-07,-0.9542844295501709,-1.0141735638161022e-06,0.010000525042414665,-9.360191199903056e-08,-0.0050101387314498425,0.009999999999993127,1.1725253818932142e-08,-0.003915377288670517,trajectory,STRAIGHT,3.652714729309082,12.743177413940401,4.7799367166589946e-06
1505,96139.578,12.744153022766113,-3.655315765627165e-07,-0.9547746181488037,-1.013902874985029e-06,0.010000589303672314,-7.148634750819838e-08,-0.004867775831371546,0.009999999999993087,1.1759402739092753e-08,-0.003902256890745139,trajectory,STRAIGHT,3.6538050174713135,12.744153022766083,4.7799367166589946e-06
1506,96139.687,12.745158195495605,-3.7205941794127284e-07,-0.9552650451660156,-1.014141162157158e-06,0.01000061072409153,-5.7792124863453864e-08,-0.0047260187566280365,0.009999999999993047,1.1791458277604864e-08,-0.0038447094937628648,trajectory,STRAIGHT,3.6548666954040527,12.745158195495575,4.7799367166589946e-06
1507,96139.812,12.746133804321289,-3.773597825329489e-07,-0.9557274580001831,-1.0142456402713416e-06,0.010000591166317463,-5.013675163922926e-08,-0.00459053460508585,0.009999999999993018,1.181673406505127e-08,-0.0038108908004392253,trajectory,STRAIGHT,3.655897617340088,12.746133804321257,4.7799367166589946e-06
1508,96139.937,12.74716854095459,-3.8244067468440335e-07,-0.9562034010887146,-1.0142279052281903e-06,0.010000540874898434,-4.75985899583975e-08,-0.004454802721738815,0.00999999999999299,1.183987907978608e-08,-0.003797952196680413,trajectory,STRAIGHT,3.656898021697998,12.747168540954558,4.7799367166589946e-06
1509,96140.046,12.748085021972656,-3.869510294407519e-07,-0.9566133618354797,-1.0142243810627452e-06,0.010000483132898808,-5.014848980522402e-08,-0.004334313329309225,0.009999999999992966,1.1860563699325414e-08,-0.0037458860202167934,trajectory,STRAIGHT,3.6578683853149414,12.748085021972622,4.7799367166589946e-06
1510,96140.171,12.749031066894531,-3.9208015323310974e-07,-0.9570239782333374,-1.0142207432240816e-06,0.010000423528254032,-5.7508291462227135e-08,-0.004204379394650459,0.00999999999999294,1.1884035795422876e-08,-0.0037177467553308062,trajectory,STRAIGHT,3.65881085395813,12.749031066894497,4.7799367166589946e-06
1511,96140.281,12.750006675720215,-3.983560930009844e-07,-0.9574356079101562,-1.0142169917131074e-06,0.010000362060964108,-7.012846481302404e-08,-0.0040899054147303104,0.009999999999992905,1.191264669455822e-08,-0.0037063231898834753,trajectory,STRAIGHT,3.6597251892089844,12.75000667572018,4.7799367166589946e-06
1512,96140.406,12.750982284545898,-4.061342906425125e-07,-0.95783531665802,-1.0142586011518343e-06,0.010000301524996758,-8.78561436934433e-08,-0.003966742195188999,0.009999999999992862,1.194841567595861e-08,-0.0036600824080513764,trajectory,STRAIGHT,3.660614252090454,12.750982284545861,4.7799367166589946e-06
1513,96140.531,12.7520170211792,-4.164944868989551e-07,-0.958246648311615,-1.0141737906405104e-06,0.010000268928706646,-1.0862693500257592e-07,-0.0038490882143378258,0.009999999999992808,1.1994485417495155e-08,-0.0036489281438397215,trajectory,STRAIGHT,3.661473274230957,12.75201702117916,4.7799367166589946e-06
1514,96140.64,12.752963066101074,-4.2759916141221765e-07,-0.9586118459701538,-1.0141019403953888e-06,0.010000239126384258,-1.2171032892638323e-07,-0.0037382268346846104,0.009999999999992747,1.204396614666547e-08,-0.0036039208591398452,trajectory,STRAIGHT,3.6623098850250244,12.752963066101033,4.7799367166589946e-06
1515,96140.781,12.753997802734375,-4.4083165562369686e-07,-0.9589986205101013,-1.0140183804289611e-06,0.010000206530094147,-1.2913100988498627e-07,-0.003620830364525318,0.009999999999992676,1.210292300445475e-08,-0.0035779364319178017,trajectory,STRAIGHT,3.663119077682495,12.753997802734332,4.7799367166589946e-06
1516,96140.89,12.755002975463867,-4.540772806649329e-07,-0.9593639373779297,-1.0139372079309526e-06,0.01000017486512661,-1.294474714086391e-07,-0.003519237507134676,0.009999999999992603,1.2161990709541683e-08,-0.0035508130645557296,trajectory,STRAIGHT,3.663905382156372,12.755002975463821,4.7799367166589946e-06
1517,96141.0,12.755949020385742,-4.662692276724556e-07,-0.9596979022026062,-1.0138608103225053e-06,0.010000145062804222,-1.2354047385088052e-07,-0.0034199508372694254,0.00999999999999254,1.2216409507504722e-08,-0.003542057756911124,trajectory,STRAIGHT,3.6646687984466553,12.755949020385694,4.7799367166589946e-06
1518,96141.125,12.756895065307617,-4.776052264787722e-07,-0.9600213766098022,-1.0137844127496817e-06,0.010000123642385006,-1.1161672119897048e-07,-0.0033131507225334644,0.009999999999992478,1.2267058945276054e-08,-0.0035037195446581747,trajectory,STRAIGHT,3.665407657623291,12.756895065307567,4.7799367166589946e-06
1519,96141.25,12.7578706741333,-4.877898049926443e-07,-0.960345447063446,-1.0136561740251073e-06,0.010000123642385006,-9.333759720675516e-08,-0.003221960039809346,0.009999999999992421,1.2312126723789134e-08,-0.003494811276593914,trajectory,STRAIGHT,3.666125535964966,12.757870674133247,4.7799367166589946e-06
1520,96141.359,12.758905410766602,-4.967251925336313e-07,-0.9606796503067017,-1.0133259138222223e-06,0.010000123642385006,-7.853582673078563e-08,-0.0031294699292629957,0.009999999999992374,1.234969924262153e-08,-0.0034570638115421926,trajectory,STRAIGHT,3.6668221950531006,12.758905410766546,4.7799367166589946e-06
1521,96141.484,12.75999927520752,-5.050453637522878e-07,-0.9610222578048706,-1.0133290970611944e-06,0.010000123642385006,-7.181252925647641e-08,-0.003033336019143462,0.00999999999999233,1.2387957043536355e-08,-0.003432947831210138,trajectory,STRAIGHT,3.6674954891204834,12.759999275207463,4.7799367166589946e-06
1522,96141.609,12.761004447937012,-5.118286026117858e-07,-0.9613271355628967,-1.0134347120855383e-06,0.010000123642385006,-6.054568046920394e-08,-0.002937664045020938,0.009999999999992286,1.2420321303070565e-08,-0.0034103123156128115,trajectory,STRAIGHT,3.6681509017944336,12.761004447936953,4.7799367166589946e-06
1523,96141.734,12.761950492858887,-5.171862653696735e-07,-0.9616054892539978,-1.0131147973268794e-06,0.010000106878578663,-5.1670699718897595e-08,-0.002853220794349909,0.00999999999999226,1.2442027440942415e-08,-0.0033897615825039195,trajectory,STRAIGHT,3.6687874794006348,12.761950492858826,4.7799367166589946e-06
1524,96141.859,12.762985229492188,-5.222808567850734e-07,-0.961901068687439,-1.0127009772707677e-06,0.010000074282288551,-4.608651593684954e-08,-0.002771086059510708,0.009999999999992236,1.2461732205791044e-08,-0.003369329668172822,trajectory,STRAIGHT,3.669405698776245,12.762985229492127,4.7799367166589946e-06
1525,96141.968,12.764019966125488,-5.270151177683147e-07,-0.9621886014938354,-1.0122871572184607e-06,0.01000004168599844,-4.480984117094522e-08,-0.002693780930712819,0.009999999999992211,1.2479847528067215e-08,-0.003348157259430633,trajectory,STRAIGHT,3.6700029373168945,12.764019966125426,4.7799367166589946e-06
1526,96142.093,12.764995574951172,-5.315554858498217e-07,-0.9624513983726501,-1.0118969840297703e-06,0.010000010952353477,-4.7551470316875566e-08,-0.002611013362184167,0.00999999999999219,1.2497289452964564e-08,-0.0033290120046431814,trajectory,STRAIGHT,3.670583486557007,12.764995574951108,4.7799367166589946e-06
1527,96142.234,12.765912055969238,-5.362335855352285e-07,-0.9626914262771606,-1.011613107987076e-06,0.010000001639127731,-5.361518873314708e-08,-0.002542745089158416,0.009999999999992166,1.2516365980950843e-08,-0.0033109315171149095,trajectory,STRAIGHT,3.6711487770080566,12.765912055969174,4.7799367166589946e-06
1528,96142.343,12.76691722869873,-5.422053277470695e-07,-0.9629478454589844,-1.01136959080438e-06,0.010000001639127731,-6.41514077415195e-08,-0.0024757070932537317,0.009999999999992135,1.2541753366166453e-08,-0.0032929329282606707,trajectory,STRAIGHT,3.671696901321411,12.766917228698665,4.7799367166589946e-06
1529,96142.468,12.767892837524414,-5.492232162396249e-07,-0.9631896615028381,-1.0111332358951968e-06,0.010000001639127731,-7.826500336705067e-08,-0.002404331462457776,0.009999999999992099,1.2571891715025814e-08,-0.0032865521765316594,trajectory,STRAIGHT,3.6722280979156494,12.767892837524347,4.7799367166589946e-06
1530,96142.593,12.768927574157715,-5.584091127275315e-07,-0.9634393453598022,-1.0108825564497592e-06,0.010000001639127731,-9.741865625301216e-08,-0.002340298844501376,0.009999999999992048,1.2611698650367768e-08,-0.003257310916980991,trajectory,STRAIGHT,3.6727447509765625,12.768927574157646,4.7799367166589946e-06
1531,96142.703,12.76987361907959,-5.687443263013847e-07,-0.9636616706848145,-1.0108797142520745e-06,0.010000001639127731,-1.1790819343104886e-07,-0.002278945641592145,0.009999999999991986,1.2659075598335829e-08,-0.003240138202650903,trajectory,STRAIGHT,3.673247814178467,12.769873619079517,4.7799367166589946e-06
1532,96142.828,12.770849227905273,-5.812602239529951e-07,-0.9638839364051819,-1.0111873507566687e-06,0.010000001639127731,-1.3364936535253946e-07,-0.0022090799175202847,0.009999999999991913,1.2719414600025002e-08,-0.00323461417455828,trajectory,STRAIGHT,3.6737372875213623,12.770849227905197,4.7799367166589946e-06
1533,96142.937,12.771883964538574,-5.958054885013553e-07,-0.964113175868988,-1.0115136319570888e-06,0.010000001639127731,-1.4195518360793358e-07,-0.0021482612937688828,0.009999999999991821,1.2789168905926639e-08,-0.003208493764444373,trajectory,STRAIGHT,3.674213171005249,12.771883964538494,4.7799367166589946e-06
1534,96143.062,12.772889137268066,-6.10344386586803e-07,-0.9643296599388123,-1.011830590895835e-06,0.010000001639127731,-1.4175390106174746e-07,-0.0020874193869531155,0.009999999999991733,1.2858826808925164e-08,-0.0031924700114251826,trajectory,STRAIGHT,3.6746737957000732,12.772889137267983,4.7799367166589946e-06
1535,96143.187,12.773894309997559,-6.244469545890752e-07,-0.964540421962738,-1.0121475498920744e-06,0.010000013746321201,-1.3340266491468356e-07,-0.0020313048735260963,0.009999999999991646,1.2926584696532888e-08,-0.003176914314067,trajectory,STRAIGHT,3.6751224994659424,12.773894309997472,4.7799367166589946e-06
1536,96143.312,12.774869918823242,-6.369305083353538e-07,-0.9647392630577087,-1.012455186619876e-06,0.010000044479966164,-1.1750314143910146e-07,-0.0019750045612454414,0.009999999999991568,1.2986993544204767e-08,-0.003171476284300917,trajectory,STRAIGHT,3.6755568981170654,12.774869918823152,4.7799367166589946e-06
1537,96143.421,12.775875091552734,-6.479052103713911e-07,-0.9649388790130615,-1.0121694915839771e-06,0.0100000761449337,-9.832118053054728e-08,-0.0019362427992746234,0.009999999999991504,1.3034774158420962e-08,-0.003146608972720475,trajectory,STRAIGHT,3.6759822368621826,12.77587509155264,4.7799367166589946e-06
1538,96143.562,12.776850700378418,-6.568764661096793e-07,-0.9651296734809875,-1.0118581033005946e-06,0.010000106878578663,-8.355107894431058e-08,-0.0019297996768727899,0.009999999999991455,1.3073292469708128e-08,-0.003128818694164888,trajectory,STRAIGHT,3.676393985748291,12.77685070037832,4.7799367166589946e-06
1539,96143.656,12.777767181396484,-6.641377012783778e-07,-0.9653089046478271,-1.011570134465942e-06,0.010000135749578476,-7.316449313066187e-08,-0.0019332945812493563,0.009999999999991413,1.3104306749627198e-08,-0.003111198928408652,trajectory,STRAIGHT,3.676795482635498,12.777767181396385,4.7799367166589946e-06
1540,96143.781,12.778181076049805,-6.671329515484103e-07,-0.9653898477554321,-1.0114380303194147e-06,0.01000014878809452,-6.958150322589063e-08,-0.001935284584760666,0.009999999999991398,1.3117023517527076e-08,-0.0031069925727474977,trajectory,STRAIGHT,3.677189588546753,12.778181076049705,4.7799367166589946e-06
1541,96143.921,12.779866218566895,-6.782299237784173e-07,-0.9657220244407654,-1.0109001777936718e-06,0.010000182315707207,-6.210954239804778e-08,-0.001943130511790514,0.009999999999991334,1.316390743024273e-08,-0.003078330680140204,trajectory,STRAIGHT,3.677581310272217,12.779866218566792,4.7799367166589946e-06
1542,96144.046,12.780930519104004,-6.849599571978615e-07,-0.965932309627533,-1.0105604815202229e-06,0.010000182315707207,-6.3277269646278e-08,-0.0019474002765491605,0.009999999999991299,1.3192303826178773e-08,-0.0030528875163620926,trajectory,STRAIGHT,3.6779754161834717,12.780930519103897,4.7799367166589946e-06
1543,96144.156,12.781935691833496,-6.916492907294014e-07,-0.9661309123039246,-1.010239657303622e-06,0.010000182315707207,-6.856492973383865e-08,-0.0019510319689288735,0.00999999999999126,1.3220652829998653e-08,-0.003033432309836941,trajectory,STRAIGHT,3.678372859954834,12.781935691833388,4.7799367166589946e-06
1544,96144.296,12.782940864562988,-6.990855467847723e-07,-0.9663295149803162,-1.0099188331274872e-06,0.010000166483223438,-7.79177966592215e-08,-0.0019543138332664967,0.009999999999991219,1.3252399427947268e-08,-0.003014518119405947,trajectory,STRAIGHT,3.678769588470459,12.782940864562878,4.7799367166589946e-06
1545,96144.421,12.784005165100098,-7.08233812929393e-07,-0.9665400981903076,-1.0093195898765838e-06,0.010000132955610752,-9.225178843053072e-08,-0.001957396510988474,0.00999999999999117,1.328920430895915e-08,-0.002995020837224278,trajectory,STRAIGHT,3.679166078567505,12.784005165099984,4.7799367166589946e-06
1546,96144.546,12.785069465637207,-7.191662803052168e-07,-0.9667525291442871,-1.0090166144528928e-06,0.010000099427998066,-1.10477024861666e-07,-0.0019601318053901196,0.009999999999991106,1.3337068334674635e-08,-0.002974932841161757,trajectory,STRAIGHT,3.679563045501709,12.78506946563709,4.7799367166589946e-06
1547,96144.671,12.786133766174316,-7.320151667045138e-07,-0.9669649600982666,-1.0091844161572826e-06,0.01000006590038538,-1.2695178952526476e-07,-0.001962573966011405,0.009999999999991023,1.3398345500809735e-08,-0.00295478715332521,trajectory,STRAIGHT,3.679962396621704,12.786133766174196,4.7799367166589946e-06
1548,96144.796,12.787198066711426,-7.464786904165521e-07,-0.9671773910522461,-1.0093522178762742e-06,0.01000005379319191,-1.4037574658232188e-07,-0.001964791677892208,0.009999999999990933,1.3466976798382663e-08,-0.002934659421387902,trajectory,STRAIGHT,3.6803622245788574,12.7871980667113,4.7799367166589946e-06
1549,96144.937,12.788262367248535,-7.622272164553578e-07,-0.9673898220062256,-1.0095200196098672e-06,0.01000005379319191,-1.5074888892741e-07,-0.0019666734151542187,0.009999999999990832,1.3541482454750574e-08,-0.0029145585674202248,trajectory,STRAIGHT,3.68076229095459,12.788262367248404,4.7799367166589946e-06
1550,96145.062,12.789297103881836,-7.784574904690089e-07,-0.9675963521003723,-1.009683160198193e-06,0.01000005379319191,-1.5790904228651925e-07,-0.001968354219570756,0.009999999999990728,1.3618143723275848e-08,-0.0028947688310716957,trajectory,STRAIGHT,3.6811649799346924,12.7892971038817,4.7799367166589946e-06
1551,96145.187,12.790361404418945,-7.957747811815352e-07,-0.9678087830543518,-1.0098509619605842e-06,0.01000005379319191,-1.6226530874519085e-07,-0.001969911390915513,0.009999999999990617,1.369988942339812e-08,-0.0028749530748020387,trajectory,STRAIGHT,3.681565523147583,12.790361404418801,4.7799367166589946e-06
1552,96145.312,12.791396141052246,-8.129070465656696e-07,-0.9680153131484985,-1.0100141025769078e-06,0.01000005379319191,-1.6357569165847963e-07,-0.0019712254870682955,0.009999999999990504,1.378077865243683e-08,-0.002855192675114611,trajectory,STRAIGHT,3.68196702003479,12.791396141052097,4.7799367166589946e-06
1553,96145.437,12.792430877685547,-8.300254421556019e-07,-0.9682218432426453,-1.0101772432070333e-06,0.01000005379319191,-1.620023937221049e-07,-0.0019722385331988335,0.009999999999990392,1.386167935305666e-08,-0.002835715491853602,trajectory,STRAIGHT,3.682368755340576,12.79243087768539,4.7799367166589946e-06
1554,96145.562,12.793436050415039,-8.463544531878142e-07,-0.9684224724769592,-1.0103357226895143e-06,0.010000062175095081,-1.577127761720476e-07,-0.001973014324903488,0.009999999999990284,1.3938978910762362e-08,-0.00281655233193843,trajectory,STRAIGHT,3.682769775390625,12.793436050414876,4.7799367166589946e-06
1555,96145.687,12.794441223144531,-8.621070151093591e-07,-0.9686231017112732,-1.0104942021850194e-06,0.010000093840062618,-1.5070190784172155e-07,-0.001973790116608143,0.009999999999990182,1.4013733862516695e-08,-0.002797648304447893,trajectory,STRAIGHT,3.683171033859253,12.794441223144362,4.7799367166589946e-06
1556,96145.812,12.795416831970215,-8.765823622525204e-07,-0.9688178300857544,-1.0102988881979536e-06,0.01000012457370758,-1.41294862032737e-07,-0.001974408980458975,0.009999999999990088,1.4079170751474812e-08,-0.0027790518741772382,trajectory,STRAIGHT,3.6835720539093018,12.79541683197004,4.7799367166589946e-06
1557,96145.921,12.796422004699707,-8.903867865228676e-07,-0.9690184593200684,-1.009815719068285e-06,0.010000128298997879,-1.289215560973389e-07,-0.001974932849407196,0.009999999999990005,1.413879831353289e-08,-0.0027604271329317895,trajectory,STRAIGHT,3.683974266052246,12.796422004699528,4.7799367166589946e-06
1558,96146.046,12.797456741333008,-9.031312515617174e-07,-0.9692249894142151,-1.0093183390438976e-06,0.010000128298997879,-1.1334183369626771e-07,-0.001975429942831397,0.009999999999989927,1.4193585269070881e-08,-0.0027412503583119897,trajectory,STRAIGHT,3.684375047683716,12.797456741332823,4.7799367166589946e-06
1559,96146.187,12.7984619140625,-9.138027508015512e-07,-0.969425618648529,-1.0088351698404714e-06,0.010000110603868961,-9.544599066657611e-08,-0.001975912833586335,0.00999999999998986,1.4239098654078237e-08,-0.0027221106304727944,trajectory,STRAIGHT,3.6847763061523438,12.79846191406231,4.7799367166589946e-06
1560,96146.296,12.799437522888184,-9.222846415468666e-07,-0.9696203470230103,-1.008613480410216e-06,0.010000079870223999,-7.547412650410479e-08,-0.001976425526663661,0.00999999999998981,1.4277266167735253e-08,-0.0027035226938640212,trajectory,STRAIGHT,3.685177803039551,12.79943752288799,4.7799367166589946e-06
1561,96146.421,12.800442695617676,-9.289190074923681e-07,-0.9698209762573242,-1.0089953547423074e-06,0.010000048205256462,-5.682663584138936e-08,-0.001976770581677556,0.009999999999989757,1.4313162488788188e-08,-0.0026934636277472115,trajectory,STRAIGHT,3.6855781078338623,12.80044269561748,4.7799367166589946e-06
1562,96146.531,12.801359176635742,-9.340696465187648e-07,-0.970005214214325,-1.0088117505696869e-06,0.010000025853514671,-5.563074267911361e-08,-0.001976987347006798,0.009999999999989724,1.4336513317289046e-08,-0.002666872516218415,trajectory,STRAIGHT,3.6859798431396484,12.801359176635543,4.7799367166589946e-06
1563,96146.656,12.802423477172852,-9.395477604812186e-07,-0.9702197909355164,-1.0074702457864972e-06,0.010000025853514671,-4.1629441227541975e-08,-0.0019772653467953205,0.009999999999989703,1.435008377323944e-08,-0.002656121440175763,trajectory,STRAIGHT,3.6863808631896973,12.80242347717265,4.7799367166589946e-06
1564,96146.781,12.803428649902344,-9.430165164303617e-07,-0.9704224467277527,-1.0048995591373327e-06,0.010000025853514671,-3.107248502942639e-08,-0.0019775317050516605,0.009999999999989715,1.4342125046910017e-08,-0.002628453654495284,trajectory,STRAIGHT,3.6867823600769043,12.803428649902141,4.7799367166589946e-06
1565,96146.906,12.804374694824219,-9.464810091230902e-07,-0.9706131815910339,-1.0016781289000432e-06,0.010000025853514671,-4.1695134456176675e-08,-0.001977748703211546,0.009999999999989736,1.432753962691356e-08,-0.002610000054065841,trajectory,STRAIGHT,3.687188148498535,12.804374694824014,4.7799367166589946e-06
1566,96147.031,12.805379867553711,-9.507365348326857e-07,-0.9708158373832703,-9.974747854488107e-07,0.010000025853514671,-3.818001204081156e-08,-0.001978012267500162,0.009999999999989765,1.4306871308453657e-08,-0.0025914701817460494,trajectory,STRAIGHT,3.6875925064086914,12.805379867553505,4.7799367166589946e-06
1567,96147.156,12.806414604187012,-9.54439997258305e-07,-0.9710244536399841,-9.920026968444593e-07,0.010000025853514671,-3.6485541698993984e-08,-0.001978290034458041,0.009999999999989817,1.427107707608559e-08,-0.002572117650141136,trajectory,STRAIGHT,3.6879994869232178,12.806414604186804,4.7799367166589946e-06
1568,96147.281,12.807419776916504,-9.588122793502407e-07,-0.9712271094322205,-9.857361646783292e-07,0.010000025853514671,-4.741515624573367e-08,-0.001978521468117833,0.009999999999989875,1.4230347726173893e-08,-0.0025528050984999994,trajectory,STRAIGHT,3.6884043216705322,12.807419776916294,4.7799367166589946e-06
1569,96147.406,12.808454513549805,-9.640167490942986e-07,-0.9714357256889343,-9.789956720921966e-07,0.010000025853514671,-5.086473109372491e-08,-0.0019787419587373734,0.009999999999989934,1.4188755445627789e-08,-0.0025334571490020917,trajectory,STRAIGHT,3.688809394836426,12.808454513549593,4.7799367166589946e-06
1570,96147.531,12.809430122375488,-9.687563533589127e-07,-0.9716324210166931,-9.728017857910088e-07,0.010000025853514671,-4.560444466505942e-08,-0.0019789745565503836,0.009999999999989987,1.415041206342317e-08,-0.002514442527452575,trajectory,STRAIGHT,3.6892142295837402,12.809430122375275,4.7799367166589946e-06
1571,96147.64,12.81043529510498,-9.732788157634786e-07,-0.9718350768089294,-9.666520100006245e-07,0.010000025853514671,-4.2838369296305245e-08,-0.001978732645511627,0.009999999999990045,1.4111599131406937e-08,-0.0024956913432351547,trajectory,STRAIGHT,3.689619779586792,12.810435295104764,4.7799367166589946e-06
1572,96147.781,12.811470031738281,-9.775654916666099e-07,-0.9720436930656433,-9.603213584601343e-07,0.010000025853514671,-3.8566824400732e-08,-0.0019788204226642847,0.009999999999990104,1.4069981258986806e-08,-0.0024763540108145975,trajectory,STRAIGHT,3.690025568008423,12.811470031738063,4.7799367166589946e-06
1573,96147.906,12.812475204467773,-9.812288226385135e-07,-0.9722463488578796,-9.541715826861373e-07,0.010000028647482395,-3.3033309421171e-08,-0.001978980377316475,0.009999999999990163,1.4027282457427071e-08,-0.0024570471774940693,trajectory,STRAIGHT,3.6904308795928955,12.812475204467553,4.7799367166589946e-06
1574,96148.015,12.813421249389648,-9.841000974120107e-07,-0.9724370837211609,-9.483835584356341e-07,0.010000058449804783,-2.657932895999693e-08,-0.0019790013320744038,0.009999999999990222,1.3984474297397205e-08,-0.0024386092605367827,trajectory,STRAIGHT,3.690836191177368,12.813421249389426,4.7799367166589946e-06
1575,96148.14,12.814367294311523,-9.86293798632687e-07,-0.9726278185844421,-9.425955341922839e-07,0.01000008825212717,-1.8917134525509027e-08,-0.0019790013320744038,0.009999999999990286,1.3938579059826756e-08,-0.00242907251737272,trajectory,STRAIGHT,3.6912403106689453,12.814367294311301,4.7799367166589946e-06
1576,96148.25,12.815372467041016,-9.877732054519583e-07,-0.9728304743766785,-9.360323360990033e-07,0.010000115260481834,-1.0902250657807144e-08,-0.001978997141122818,0.009999999999990364,1.3881795284915757e-08,-0.0024021880679073204,trajectory,STRAIGHT,3.691645860671997,12.815372467040792,4.7799367166589946e-06
1577,96148.375,12.81631851196289,-9.889091643344727e-07,-0.9730212092399597,-9.299457133499841e-07,0.010000115260481834,-1.2435978469227393e-08,-0.0019789845682680607,0.00999999999999044,1.3828089948088403e-08,-0.0023926523305716385,trajectory,STRAIGHT,3.692051649093628,12.816318511962667,4.7799367166589946e-06
1578,96148.484,12.817264556884766,-9.899914630295825e-07,-0.973211944103241,-9.234810249794209e-07,0.010000115260481834,-1.0692081886531923e-08,-0.0019789845682680607,0.00999999999999052,1.377036432324451e-08,-0.0023658400924301,trajectory,STRAIGHT,3.692457437515259,12.817264556884542,4.7799367166589946e-06
1579,96148.609,12.818181037902832,-9.906096920531127e-07,-0.9733967185020447,-9.173663784170918e-07,0.010000115260481834,-2.210109872891053e-10,-0.0019789845682680607,0.009999999999990596,1.3713956582341169e-08,-0.0023566013724899146,trajectory,STRAIGHT,3.6928625106811523,12.818181037902608,4.7799367166589946e-06
1580,96148.718,12.819038391113281,-9.902973943098914e-07,-0.9735695719718933,-9.130366151646093e-07,0.010000115260481834,6.693774423638388e-09,-0.0019789845682680607,0.009999999999990655,1.3671011847901134e-08,-0.0023314684537917196,trajectory,STRAIGHT,3.6932671070098877,12.819038391113057,4.7799367166589946e-06
1581,96148.843,12.820043563842773,-9.89313775789924e-07,-0.9737722277641296,-9.098528720644797e-07,0.010000115260481834,1.4694437666662452e-08,-0.0019789845682680607,0.009999999999990704,1.3636755996107573e-08,-0.0023213356641799032,trajectory,STRAIGHT,3.693671703338623,12.82004356384255,4.7799367166589946e-06
1582,96148.953,12.821019172668457,-9.869514769889065e-07,-0.9739689230918884,-9.078004836304158e-07,0.010000115260481834,3.067865605999032e-08,-0.0019789845682680607,0.00999999999999074,1.3607422739428068e-08,-0.0022950106525862,trajectory,STRAIGHT,3.694078207015991,12.821019172668233,4.7799367166589946e-06
1583,96149.078,12.82199478149414,-9.835401897362317e-07,-0.9741656184196472,-9.061703848011909e-07,0.010000091046094894,3.84549281307045e-08,-0.0019789845682680607,0.009999999999990784,1.3577488206003386e-08,-0.0022851758861982606,trajectory,STRAIGHT,3.694483518600464,12.821994781493919,4.7799367166589946e-06
1584,96149.203,12.82305908203125,-9.788635679797153e-07,-0.9743801951408386,-9.043920953291054e-07,0.010000066831707954,4.8403535402030684e-08,-0.0019789845682680607,0.009999999999990834,1.3540430527340965e-08,-0.002257171555161215,trajectory,STRAIGHT,3.6948893070220947,12.82305908203103,4.7799367166589946e-06
1585,96149.328,12.82409381866455,-9.732091257319553e-07,-0.9745888113975525,-9.026632027341181e-07,0.010000050067901611,5.954178661227161e-08,-0.0019789845682680607,0.00999999999999089,1.3499293275693797e-08,-0.002237317745065105,trajectory,STRAIGHT,3.6952946186065674,12.824093818664334,4.7799367166589946e-06
1586,96149.453,12.825128555297852,-9.663090168032795e-07,-0.9747974276542664,-9.009343101440876e-07,0.010000036098062992,7.212537411760422e-08,-0.0019789845682680607,0.009999999999990952,1.3452405789841157e-08,-0.0022177256848928753,trajectory,STRAIGHT,3.6956989765167236,12.825128555297637,4.7799367166589946e-06
1587,96149.578,12.826133728027344,-9.582695383869577e-07,-0.9750000834465027,-8.99254814489403e-07,0.010000025853514671,8.573343990292415e-08,-0.0019789845682680607,0.009999999999991021,1.3400682862014646e-08,-0.0021984316479445884,trajectory,STRAIGHT,3.696105480194092,12.826133728027132,4.7799367166589946e-06
1588,96149.703,12.827138900756836,-9.489197623224754e-07,-0.975202739238739,-8.977354468521539e-07,0.010000023059546947,9.598130645827041e-08,-0.0019789845682680607,0.009999999999991098,1.3344498611569044e-08,-0.0021793993609200545,trajectory,STRAIGHT,3.6965107917785645,12.827138900756628,4.7799367166589946e-06
1589,96149.812,12.828144073486328,-9.390872719450272e-07,-0.9754053950309753,-8.963748427962449e-07,0.010000023059546947,9.219674979021875e-08,-0.0019789845682680607,0.009999999999991174,1.3287641465616982e-08,-0.002160367073895648,trajectory,STRAIGHT,3.6969151496887207,12.828144073486126,4.7799367166589946e-06
1590,96149.937,12.829119682312012,-9.312607858191768e-07,-0.9756020903587341,-8.950542563563532e-07,0.010000023059546947,6.142739295000865e-08,-0.0019789845682680607,0.009999999999991235,1.3240326658202535e-08,-0.0021416328100950575,trajectory,STRAIGHT,3.6973204612731934,12.829119682311813,4.7799367166589946e-06
1591,96150.046,12.830124855041504,-9.278013521907269e-07,-0.9758047461509705,-8.936936519793359e-07,0.010000023059546947,1.6481589426575738e-09,-0.0019789845682680607,0.009999999999991271,1.321276480579173e-08,-0.002131500020483241,trajectory,STRAIGHT,3.697725296020508,12.830124855041305,4.7799367166589946e-06
1592,96150.171,12.831130027770996,-9.318927709500713e-07,-0.9760074019432068,-8.923330474336175e-07,0.010000031441450119,-8.662751582733108e-08,-0.0019789845682680607,0.00999999999999126,1.3220004700460705e-08,-0.0021038299859701304,trajectory,STRAIGHT,3.698131799697876,12.831130027770795,4.7799367166589946e-06
1593,96150.296,12.832135200500488,-9.460811156714044e-07,-0.9762100577354431,-8.91855790521435e-07,0.010000050999224186,-1.8853516792205482e-07,-0.0019789845682680607,0.00999999999999118,1.3282672843973059e-08,-0.002084797698945663,trajectory,STRAIGHT,3.6985361576080322,12.832135200500282,4.7799367166589946e-06
1594,96150.421,12.833110809326172,-9.684007409305195e-07,-0.9764067530632019,-8.91775130208863e-07,0.010000050999224186,-2.5659264224486833e-07,-0.0019788381177932024,0.009999999999991039,1.3386834193348284e-08,-0.002074974648595712,trajectory,STRAIGHT,3.698941707611084,12.833110809325955,4.7799367166589946e-06
1595,96150.531,12.834056854248047,-9.951843367161928e-07,-0.9765974879264832,-8.914088882254675e-07,0.010000050999224186,-2.9977667281855247e-07,-0.0019786935299634933,0.009999999999990877,1.3508781677709997e-08,-0.002047912227556604,trajectory,STRAIGHT,3.6993460655212402,12.834056854247818,4.7799367166589946e-06
1596,96150.656,12.83503246307373,-1.0264660659231595e-06,-0.9767941832542419,-8.916225625339666e-07,0.010000050999224186,-3.2895806612032175e-07,-0.001978877931833267,0.009999999999990673,1.3657479470556653e-08,-0.0020296867114542585,trajectory,STRAIGHT,3.6997523307800293,12.835032463073487,4.7799367166589946e-06
1597,96150.765,12.836008071899414,-1.0596870652079815e-06,-0.9769908785820007,-8.916900924295291e-07,0.010000050999224186,-3.389537539533194e-07,-0.0019789887592196465,0.00999999999999046,1.3813809509980597e-08,-0.0020198430788754087,trajectory,STRAIGHT,3.700157642364502,12.836008071899155,4.7799367166589946e-06
1598,96150.89,12.837013244628906,-1.093936589313671e-06,-0.9771935343742371,-8.918466390744735e-07,0.010000050999224186,-3.29185837699697e-07,-0.0019789887592196465,0.009999999999990234,1.3975994304848453e-08,-0.0019924347942861164,trajectory,STRAIGHT,3.7005629539489746,12.83701324462863,4.7799367166589946e-06
1599,96151.015,12.838018417358398,-1.1262304724368732e-06,-0.9773961901664734,-8.920031858326433e-07,0.010000050999224186,-3.0346714652296214e-07,-0.0019789719954133034,0.009999999999990019,1.4129282859714145e-08,-0.0019823033457788074,trajectory,STRAIGHT,3.7009685039520264,12.838018417358105,4.7799367166589946e-06
1600,96151.125,12.83902359008789,-1.1557832522157696e-06,-0.9775988459587097,-8.921597324726808e-07,0.010000050999224186,-2.7208426445213263e-07,-0.0019789719954133034,0.00999999999998982,1.4270028001309813e-08,-0.00195437156134175,trajectory,STRAIGHT,3.70137357711792,12.839023590087582,4.7799367166589946e-06
1601,96151.234,12.839999198913574,-1.180535491585033e-06,-0.9777955412864685,-8.916947532992923e-07,0.010000050999224186,-2.2991406467554043e-07,-0.0019789719954133034,0.009999999999989656,1.438238759667283e-08,-0.0019356372975411593,trajectory,STRAIGHT,3.7017781734466553,12.839999198913251,4.7799367166589946e-06
1602,96151.343,12.840353965759277,-1.1885477988471393e-06,-0.977867066860199,-8.911820825649621e-07,0.010000050999224186,-2.1581861631148058e-07,-0.0019789719954133034,0.00999999999998961,1.4415258796510454e-08,-0.0019320610188546358,trajectory,STRAIGHT,3.7017781734466553,12.84035396575895,4.7799367166589946e-06
1603,96151.468,12.842009544372559,-1.2202664265714702e-06,-0.9782008528709412,-8.893580909723041e-07,0.010000050999224186,-1.6585556750214892e-07,-0.0019789719954133034,0.009999999999989418,1.454822328030497e-08,-0.0019035929717420353,trajectory,STRAIGHT,3.702589988708496,12.842009544372214,4.7799367166589946e-06
1604,96151.593,12.84301471710205,-1.235870740856626e-06,-0.9784035086631775,-8.895831909752539e-07,0.010000020265579224,-1.4165425454848446e-07,-0.0019789719954133034,0.009999999999989306,1.4625452555077256e-08,-0.0018788021863916982,trajectory,STRAIGHT,3.7029950618743896,12.843014717101697,4.7799367166589946e-06
1605,96151.718,12.844019889831543,-1.2498587693698937e-06,-0.9786061644554138,-8.894584197827945e-07,0.010000009089708328,-1.3177832158817182e-07,-0.0019789719954133034,0.009999999999989207,1.4691756275036745e-08,-0.0018597698993672918,trajectory,STRAIGHT,3.703399658203125,12.84401988983118,4.7799367166589946e-06
1606,96151.843,12.845025062561035,-1.2627943988263723e-06,-0.9788088202476501,-8.897799830145608e-07,0.010000009089708328,-1.212805642580861e-07,-0.0019789719954133034,0.00999999999998911,1.4757702777907101e-08,-0.0018407376123428243,trajectory,STRAIGHT,3.7038044929504395,12.845025062560666,4.7799367166589946e-06
1607,96151.968,12.846030235290527,-1.2740428019242245e-06,-0.9790114760398865,-8.908554604280792e-07,0.010000009089708328,-9.688559998721757e-08,-0.0019789719954133034,0.009999999999989012,1.4823413869237791e-08,-0.0018306048227310079,trajectory,STRAIGHT,3.7042102813720703,12.84603023529015,4.7799367166589946e-06
1608,96152.078,12.84703540802002,-1.2832682614316582e-06,-0.9792141318321228,-8.912006137561026e-07,0.010000009089708328,-8.586143707134397e-08,-0.0019789719954133034,0.00999999999998894,1.4872476951668393e-08,-0.0018026730382939503,trajectory,STRAIGHT,3.704615831375122,12.847035408019638,4.7799367166589946e-06
1609,96152.218,12.848040580749512,-1.2914850913148257e-06,-0.9794167876243591,-8.898903161443685e-07,0.010000009089708328,-7.500204901589314e-08,-0.0019789719954133034,0.0099999999999889,1.4900341105674524e-08,-0.001783640751269483,trajectory,STRAIGHT,3.7050209045410156,12.848040580749124,4.7799367166589946e-06
1610,96152.343,12.84913444519043,-1.2992340998607688e-06,-0.9796373248100281,-8.869146199965799e-07,0.010000025853514671,-6.401300822744815e-08,-0.0019789719954133034,0.009999999999988886,1.490966368816581e-08,-0.0017637143945734457,trajectory,STRAIGHT,3.7054264545440674,12.849134445190037,4.7799367166589946e-06
1611,96152.453,12.850080490112305,-1.3053899010628811e-06,-0.9798280596733093,-8.848365382808806e-07,0.010000037029385567,-6.361637616691951e-08,-0.0019789719954133034,0.009999999999988868,1.492017362985206e-08,-0.0017444929042250202,trajectory,STRAIGHT,3.7058310508728027,12.850080490111909,4.7799367166589946e-06
1612,96152.562,12.851085662841797,-1.3117495427650283e-06,-0.9800307154655457,-8.841340105941384e-07,0.010000067763030529,-5.892865928558422e-08,-0.0019789719954133034,0.009999999999988834,1.494558316524533e-08,-0.001725984117048379,trajectory,STRAIGHT,3.706237554550171,12.851085662841395,4.7799367166589946e-06
1613,96152.656,12.85206127166748,-1.31657509427896e-06,-0.9802274107933044,-8.835370977895845e-07,0.010000082664191723,-3.8631000620625855e-08,-0.0019789719954133034,0.0099999999999888,1.4964852591645944e-08,-0.0017072498532477887,trajectory,STRAIGHT,3.7066428661346436,12.852061271667077,4.7799367166589946e-06
1614,96152.765,12.85226821899414,-1.3173553270462435e-06,-0.9802691340446472,-8.832243453136515e-07,0.010000082664191723,-3.5510236529034955e-08,-0.0019789719954133034,0.0099999999999888,1.4965948502786214e-08,-0.00170516369068065,trajectory,STRAIGHT,3.707047939300537,12.852268218993736,4.7799367166589946e-06
1615,96152.906,12.854042053222656,-1.3215711760494742e-06,-0.9806267619132996,-8.794323775741172e-07,0.010000082664191723,-1.623519096938253e-08,-0.0019789719954133034,0.00999999999998882,1.4952744438330384e-08,-0.0016768123002920186,trajectory,STRAIGHT,3.7074525356292725,12.85404205322225,4.7799367166589946e-06
1616,96153.031,12.85501766204834,-1.3229059732111637e-06,-0.9808234572410583,-8.790844958180316e-07,0.010000082664191723,-9.131035483278538e-09,-0.0019789719954133034,0.009999999999988811,1.4958289555757286e-08,-0.0016512725384700278,trajectory,STRAIGHT,3.707858085632324,12.855017662047931,4.7799367166589946e-06
1617,96153.156,12.85605239868164,-1.323202354797104e-06,-0.9810320734977722,-8.803668833302904e-07,0.010000082664191723,4.5273114146482385e-09,-0.0019789719954133034,0.009999999999988787,1.4975472444464255e-08,-0.00163220397814563,trajectory,STRAIGHT,3.708263397216797,12.856052398681232,4.7799367166589946e-06
1618,96153.265,12.857057571411133,-1.321500576523249e-06,-0.9812347292900085,-8.820157971779705e-07,0.010000082664191723,2.904389795332918e-08,-0.001978666987270117,0.00999999999998877,1.498691522522627e-08,-0.001612934341848732,trajectory,STRAIGHT,3.7086691856384277,12.857057571410724,4.7799367166589946e-06
1619,96153.39,12.858033180236816,-1.3179444522393169e-06,-0.9814314246177673,-8.827436772503334e-07,0.010000082664191723,4.061149994072366e-08,-0.001978802029043436,0.009999999999988778,1.4980400675014496e-08,-0.0016030887721189269,trajectory,STRAIGHT,3.7090742588043213,12.858033180236411,4.7799367166589946e-06
1620,96153.5,12.858979225158691,-1.3139381280780071e-06,-0.9816221594810486,-8.820438210927867e-07,0.010000082664191723,4.272725462328708e-08,-0.0019789154175668955,0.009999999999988815,1.4957408685555966e-08,-0.0015760057129715654,trajectory,STRAIGHT,3.7094790935516357,12.858979225158288,4.7799367166589946e-06
1621,96153.625,12.859954833984375,-1.3097100008963025e-06,-0.9818188548088074,-8.811326779292393e-07,0.010000082664191723,4.326390268261093e-08,-0.0019789154175668955,0.009999999999988853,1.493133780379518e-08,-0.001566170946583626,trajectory,STRAIGHT,3.7098848819732666,12.859954833983974,4.7799367166589946e-06
1622,96153.734,12.860930442810059,-1.3054811915935716e-06,-0.9820155501365662,-8.804329923444812e-07,0.010000055655837059,4.13129868093165e-08,-0.0019789154175668955,0.00999999999998889,1.4907362838873785e-08,-0.0015393224351421574,trajectory,STRAIGHT,3.710289716720581,12.86093044280966,4.7799367166589946e-06
1623,96153.953,12.861906051635742,-1.3016983757552225e-06,-0.982212245464325,-8.797333067263342e-07,0.01000004168599844,3.4253798020245085e-08,-0.0019789154175668955,0.009999999999988922,1.4885458318961224e-08,-0.001529487668754218,trajectory,STRAIGHT,3.710695743560791,12.861906051635346,4.7799367166589946e-06
1624,96154.093,12.8638277053833,-1.2975092431588564e-06,-0.982599675655365,-8.783551381034138e-07,0.01000002957880497,5.40922240332975e-09,-0.0019789154175668955,0.009999999999988962,1.4857542914522993e-08,-0.0014928406642247404,trajectory,STRAIGHT,3.7111003398895264,12.863827705382906,4.7799367166589946e-06
1625,96154.218,12.864803314208984,-1.2980319752387004e-06,-0.9827963709831238,-8.776554524953385e-07,0.010000024922192097,-1.681993921920366e-08,-0.0019789154175668955,0.009999999999988964,1.4855769540016497e-08,-0.0014659921527832719,trajectory,STRAIGHT,3.711505889892578,12.86480331420859,4.7799367166589946e-06
1626,96154.328,12.86574935913086,-1.3008774431000347e-06,-0.982987105846405,-8.769769694658452e-07,0.010000024922192097,-4.325389113546407e-08,-0.0019789154175668955,0.009999999999988952,1.4865011828773228e-08,-0.0014478176621304385,trajectory,STRAIGHT,3.71191143989563,12.865749359130463,4.7799367166589946e-06
1627,96154.453,12.866754531860352,-1.3069440001345356e-06,-0.9831897616386414,-8.762560812753463e-07,0.010000023059546947,-7.660302259182572e-08,-0.0019789154175668955,0.009999999999988917,1.4889113146521943e-08,-0.001437684872518622,trajectory,STRAIGHT,3.7123172283172607,12.86675453185995,4.7799367166589946e-06
1628,96154.578,12.867789268493652,-1.3168755685910583e-06,-0.9833983778953552,-8.760486594310343e-07,0.010000023059546947,-1.1094073926187775e-07,-0.0019789154175668955,0.009999999999988844,1.4936590809203634e-08,-0.0014099785647055196,trajectory,STRAIGHT,3.712722063064575,12.867789268493246,4.7799367166589946e-06
1629,96154.703,12.868794441223145,-1.3294409200170776e-06,-0.9836010336875916,-8.759655543254881e-07,0.010000023059546947,-1.3361763251396042e-07,-0.0019789154175668955,0.009999999999988754,1.4997631577714462e-08,-0.0013906845277571666,trajectory,STRAIGHT,3.713127374649048,12.868794441222729,4.7799367166589946e-06
1630,96154.812,12.86974048614502,-1.3428938245851896e-06,-0.9837917685508728,-8.758873377757617e-07,0.010000023059546947,-1.4503544321087247e-07,-0.0019789154175668955,0.009999999999988657,1.5062771169786054e-08,-0.001372248287180453,trajectory,STRAIGHT,3.713531494140625,12.869740486144597,4.7799367166589946e-06
1631,96154.937,12.870716094970703,-1.3574210697697708e-06,-0.9839884638786316,-8.758066769530657e-07,0.010000023059546947,-1.4672984605113015e-07,-0.0019789154175668955,0.009999999999988551,1.5133078887746432e-08,-0.0013624135207925135,trajectory,STRAIGHT,3.7139370441436768,12.87071609497027,4.7799367166589946e-06
1632,96155.046,12.871691703796387,-1.3716095281779417e-06,-0.9841851592063904,-8.757260161117352e-07,0.010000023059546947,-1.3818896604789188e-07,-0.0019789154175668955,0.009999999999988443,1.5201859990113578e-08,-0.0013355650093509785,trajectory,STRAIGHT,3.714343786239624,12.871691703795944,4.7799367166589946e-06
1633,96155.187,12.87266731262207,-1.3844947943653096e-06,-0.9843818545341492,-8.75645355292143e-07,0.010000023059546947,-1.225406833782472e-07,-0.0019789154175668955,0.009999999999988348,1.5264578974856862e-08,-0.0013170924954743345,trajectory,STRAIGHT,3.7147490978240967,12.87266731262162,4.7799367166589946e-06
1634,96155.296,12.873672485351562,-1.3962285265733954e-06,-0.9845845103263855,-8.755622502024559e-07,0.010000023059546947,-1.0829998586814327e-07,-0.0019789154175668955,0.009999999999988263,1.5322007581243037e-08,-0.0012983219583738135,trajectory,STRAIGHT,3.7151544094085693,12.873672485351104,4.7799367166589946e-06
1635,96155.421,12.874618530273438,-1.4059564819035586e-06,-0.9847752451896667,-8.754840336810791e-07,0.010000023059546947,-9.500132591711008e-08,-0.0019789154175668955,0.00999999999998819,1.53699186271233e-08,-0.0012798857177970333,trajectory,STRAIGHT,3.7155590057373047,12.874618530272972,4.7799367166589946e-06
1636,96155.515,12.87562370300293,-1.4149479738989612e-06,-0.9849779009819031,-8.754009286412344e-07,0.010000023059546947,-8.116862915130696e-08,-0.0019789154175668955,0.009999999999988119,1.5414542902314416e-08,-0.001261376930620459,trajectory,STRAIGHT,3.7159643173217773,12.875623703002459,4.7799367166589946e-06
1637,96155.64,12.875978469848633,-1.4177946923155105e-06,-0.9850494265556335,-8.753715974096666e-07,0.010000023059546947,-7.737230589555111e-08,-0.0019789154175668955,0.009999999999988098,1.5428764565590752e-08,-0.0012578006519339355,trajectory,STRAIGHT,3.7159643173217773,12.87597846984816,4.7799367166589946e-06
1638,96155.765,12.877574920654297,-1.4286973737398512e-06,-0.9853712916374207,-8.752992925914398e-07,0.010000023059546947,-5.8145797510178454e-08,-0.0019789154175668955,0.009999999999988012,1.5484431352842324e-08,-0.0012296669013451423,trajectory,STRAIGHT,3.7167751789093018,12.877574920653815,4.7799367166589946e-06
1639,96155.89,12.878580093383789,-1.434059527127829e-06,-0.985573947429657,-8.752973599100786e-07,0.010000023059546947,-4.76058126253065e-08,-0.0019789154175668955,0.009999999999987966,1.5512877768255583e-08,-0.0012053996158426982,trajectory,STRAIGHT,3.7171809673309326,12.878580093383304,4.7799367166589946e-06
1640,96156.015,12.879585266113281,-1.438417370991374e-06,-0.9857766032218933,-8.752954273027061e-07,0.010000028647482395,-3.892663968940724e-08,-0.0019788655918091536,0.00999999999998793,1.553661479001097e-08,-0.0011952708122915012,trajectory,STRAIGHT,3.717586040496826,12.879585266112793,4.7799367166589946e-06
1641,96156.125,12.880590438842773,-1.44223076858907e-06,-0.9859792590141296,-8.755306453005303e-07,0.010000060312449932,-3.6974480366325224e-08,-0.0019787452183663845,0.009999999999987894,1.5560176993459213e-08,-0.0011673486577297378,trajectory,STRAIGHT,3.7179901599884033,12.880590438842283,4.7799367166589946e-06
1642,96156.25,12.881477355957031,-1.44569469284761e-06,-0.9861580729484558,-8.75740397474637e-07,0.010000085458159447,-4.088229843546287e-08,-0.0019789121579378843,0.009999999999987862,1.5581474026162483e-08,-0.001149495108435119,trajectory,STRAIGHT,3.718395233154297,12.881477355956537,4.7799367166589946e-06
1643,96156.375,12.882512092590332,-1.450514446332818e-06,-0.9863666892051697,-8.759851083805781e-07,0.010000085458159447,-5.2112753223809705e-08,-0.0019790027290582657,0.009999999999987817,1.5610017459044587e-08,-0.001139057049909795,trajectory,STRAIGHT,3.7188022136688232,12.882512092589835,4.7799367166589946e-06
1644,96156.484,12.883428573608398,-1.4560587260348257e-06,-0.9865514636039734,-8.76178262343853e-07,0.010000085458159447,-6.805132102272182e-08,-0.0019790027290582657,0.009999999999987767,1.5641109764859792e-08,-0.0011128045849160806,trajectory,STRAIGHT,3.7192063331604004,12.883428573607898,4.7799367166589946e-06
1645,96156.609,12.8844633102417,-1.4641485677202581e-06,-0.9867600798606873,-8.751048881303272e-07,0.010000085458159447,-8.378894023053363e-08,-0.0019789859652519226,0.00999999999998772,1.5671980930399263e-08,-0.0010942608655439556,trajectory,STRAIGHT,3.719611167907715,12.884463310241193,4.7799367166589946e-06
1646,96156.734,12.885468482971191,-1.4731226656294893e-06,-0.9869627356529236,-8.736018344327318e-07,0.010000085458159447,-9.008394386000873e-08,-0.0019789859652519226,0.009999999999987672,1.570268048090221e-08,-0.0010841280759321392,trajectory,STRAIGHT,3.7200164794921875,12.885468482970678,4.7799367166589946e-06
1647,96156.859,12.886444091796875,-1.4819902389717754e-06,-0.9871594309806824,-8.72495206739238e-07,0.010000085458159447,-8.773773174652888e-08,-0.0019789859652519226,0.00999999999998762,1.5736785694401086e-08,-0.001056232564795012,trajectory,STRAIGHT,3.7204227447509766,12.886444091796356,4.7799367166589946e-06
1648,96156.968,12.887449264526367,-1.4904503586876672e-06,-0.9873620867729187,-8.713742544860374e-07,0.010000085458159447,-7.73710837620456e-08,-0.0019789859652519226,0.009999999999987567,1.576895941448922e-08,-0.0010374620276944913,trajectory,STRAIGHT,3.7208285331726074,12.887449264525841,4.7799367166589946e-06
1649,96157.093,12.888365745544434,-1.4967396282372647e-06,-0.9875468611717224,-8.703522098490954e-07,0.010000085458159447,-5.7317485868679796e-08,-0.0019789859652519226,0.009999999999987531,1.5791584934550247e-08,-0.0010193238103417155,trajectory,STRAIGHT,3.7212331295013428,12.888365745543904,4.7799367166589946e-06
1650,96157.203,12.889341354370117,-1.5016761381048127e-06,-0.9877435564994812,-8.69729603947008e-07,0.010000085458159447,-4.2630805552335005e-08,-0.0019789859652519226,0.0099999999999875,1.5812023668271584e-08,-0.001009489043953776,trajectory,STRAIGHT,3.7216389179229736,12.889341354369583,4.7799367166589946e-06
1651,96157.328,12.8903169631958,-1.5047585293359589e-06,-0.98794025182724,-8.695720339256775e-07,0.010000085458159447,-1.7077184111258248e-08,-0.0019789859652519226,0.009999999999987474,1.5828348810374198e-08,-0.0009829022824361265,trajectory,STRAIGHT,3.72204327583313,12.890316963195264,4.7799367166589946e-06
1652,96157.468,12.89138126373291,-1.504887904957286e-06,-0.9881548285484314,-8.694001393602142e-07,0.010000085458159447,1.1500536523101346e-08,-0.0019789859652519226,0.009999999999987469,1.583084353140727e-08,-0.0009721734463765563,trajectory,STRAIGHT,3.7224502563476562,12.891381263732374,4.7799367166589946e-06
1653,96157.593,12.892416000366211,-1.5028898587843287e-06,-0.9883634448051453,-8.693246513398773e-07,0.010000085458159447,2.5244165868798518e-08,-0.0019789859652519226,0.00999999999998748,1.582411227743865e-08,-0.0009436818887916754,trajectory,STRAIGHT,3.7228548526763916,12.892416000365674,4.7799367166589946e-06
1654,96157.718,12.893421173095703,-1.4999284303485183e-06,-0.9885661005973816,-8.691623065155515e-07,0.010000072419643402,3.1317650694973054e-08,-0.0019789859652519226,0.0099999999999875,1.581183338527481e-08,-0.0009243878518433224,trajectory,STRAIGHT,3.7232604026794434,12.89342117309517,4.7799367166589946e-06
1655,96157.843,12.894455909729004,-1.4962736258894438e-06,-0.9887747168540955,-8.692677510869597e-07,0.01000003982335329,3.7080482684359595e-08,-0.0019789859652519226,0.00999999999998752,1.579902894184452e-08,-0.0009050575415949781,trajectory,STRAIGHT,3.723665475845337,12.894455909728473,4.7799367166589946e-06
1656,96157.953,12.895490646362305,-1.4922835589459282e-06,-0.9889833331108093,-8.697167004444692e-07,0.01000002957880497,3.9406614860126865e-08,-0.0019789859652519226,0.009999999999987538,1.5788052850900307e-08,-0.0008854654814228147,trajectory,STRAIGHT,3.724069833755493,12.895490646361775,4.7799367166589946e-06
1657,96158.078,12.896554946899414,-1.4879390164423967e-06,-0.9891979098320007,-8.6996840307888e-07,0.01000002957880497,4.0528227884806256e-08,-0.0019789859652519226,0.00999999999998756,1.5773503307634065e-08,-0.0008655753980267078,trajectory,STRAIGHT,3.7244763374328613,12.896554946898888,4.7799367166589946e-06
1658,96158.203,12.897530555725098,-1.4838445849818527e-06,-0.9893946051597595,-8.701991305220381e-07,0.01000002957880497,4.163335987072969e-08,-0.0019789859652519226,0.009999999999987583,1.5759618653959242e-08,-0.0008463176343782851,trajectory,STRAIGHT,3.724881410598755,12.897530555724574,4.7799367166589946e-06
1659,96158.343,12.898565292358398,-1.4794732123846188e-06,-0.9896032214164734,-8.703626690491003e-07,0.01000002957880497,4.166032141483811e-08,-0.0019789859652519226,0.009999999999987606,1.5743927333680588e-08,-0.0008272490740538872,trajectory,STRAIGHT,3.7252867221832275,12.898565292357878,4.7799367166589946e-06
1660,96158.468,12.899540901184082,-1.4753916275367374e-06,-0.9897999167442322,-8.705146115120385e-07,0.01000002957880497,4.175157997110546e-08,-0.0019789859652519226,0.00999999999998763,1.572928492537786e-08,-0.0008082530603294113,trajectory,STRAIGHT,3.725691795349121,12.899540901183563,4.7799367166589946e-06
1661,96158.578,12.900516510009766,-1.4711733911099145e-06,-0.989996612071991,-8.706665539903452e-07,0.010000046342611313,4.3464087440270305e-08,-0.0019789859652519226,0.009999999999987654,1.571397661485341e-08,-0.0007897805464527674,trajectory,STRAIGHT,3.7260966300964355,12.90051651000925,4.7799367166589946e-06
1662,96158.703,12.901551246643066,-1.4665138223790564e-06,-0.9902052283287048,-8.708277051038578e-07,0.010000084526836872,4.528720154439725e-08,-0.0019789859652519226,0.00999999999998768,1.5696838577887645e-08,-0.000779349733617074,trajectory,STRAIGHT,3.7265028953552246,12.901551246642555,4.7799367166589946e-06
1663,96158.828,12.902556419372559,-1.4618037766922498e-06,-0.9904078841209412,-8.709842518999961e-07,0.010000147856771946,4.706494749484591e-08,-0.0019789859652519226,0.009999999999987708,1.5679297097861018e-08,-0.0007514179491800166,trajectory,STRAIGHT,3.7269082069396973,12.902556419372049,4.7799367166589946e-06
1664,96158.953,12.90359115600586,-1.4567654034181032e-06,-0.990616500377655,-8.713080320158661e-07,0.010000237263739109,4.890190297146546e-08,-0.00197863788343966,0.009999999999987736,1.5661941500504826e-08,-0.0007321154854766532,trajectory,STRAIGHT,3.727313280105591,12.903591156005353,4.7799367166589946e-06
1665,96159.062,12.904566764831543,-1.451837988497573e-06,-0.9908131957054138,-8.717713627037176e-07,0.010000298731029034,5.064035235591291e-08,-0.0019787345081567764,0.009999999999987758,1.564629509710862e-08,-0.0007131117417748078,trajectory,STRAIGHT,3.7277188301086426,12.90456676483104,4.7799367166589946e-06
1666,96159.203,12.905601501464844,-1.4464235391642433e-06,-0.9910218119621277,-8.722627740391641e-07,0.010000343434512615,5.249102841275999e-08,-0.0019789382349699736,0.009999999999987788,1.5628780223667024e-08,-0.0006940268833052876,trajectory,STRAIGHT,3.728123426437378,12.905601501464345,4.7799367166589946e-06
1667,96159.312,12.906577110290527,-1.441140398128482e-06,-0.9912185072898865,-8.727261047267264e-07,0.010000367648899555,5.424242033313931e-08,-0.001979017863050103,0.009999999999987816,1.5611395185720914e-08,-0.000675024499334468,trajectory,STRAIGHT,3.728529930114746,12.906577110290032,4.7799367166589946e-06
1668,96159.421,12.907552719116211,-1.4356833162310068e-06,-0.9914152026176453,-8.731894354141485e-07,0.010000367648899555,5.6000093451302746e-08,-0.001979017863050103,0.009999999999987843,1.5593158336013795e-08,-0.0006651897329465285,trajectory,STRAIGHT,3.7289350032806396,12.907552719115719,4.7799367166589946e-06
1669,96159.546,12.908557891845703,-1.4298785799837788e-06,-0.9916178584098816,-8.735373739638792e-07,0.010000343434512615,5.7817594267817185e-08,-0.001979017863050103,0.009999999999987876,1.557218062235051e-08,-0.0006377814483572365,trajectory,STRAIGHT,3.729339838027954,12.908557891845215,4.7799367166589946e-06
1670,96159.671,12.909533500671387,-1.4240670225262875e-06,-0.9918145537376404,-8.722764164010994e-07,0.010000312700867653,5.9588003864519123e-08,-0.00197900109924376,0.009999999999987933,1.553496145577397e-08,-0.0006279480230738044,trajectory,STRAIGHT,3.7297446727752686,12.909533500670902,4.7799367166589946e-06
1671,96159.796,12.910538673400879,-1.4178955325405695e-06,-0.9920172095298767,-8.700824877867466e-07,0.01000026986002922,6.141862485264937e-08,-0.00197900109924376,0.009999999999988008,1.5486763026083273e-08,-0.0006002779885605657,trajectory,STRAIGHT,3.730149030685425,12.910538673400398,4.7799367166589946e-06
1672,96159.906,12.911543846130371,-1.4115370277067996e-06,-0.992219865322113,-8.665510903938138e-07,0.010000227950513363,6.325589652078634e-08,-0.00197900109924376,0.009999999999988103,1.5424269162232994e-08,-0.0005812457015361594,trajectory,STRAIGHT,3.730556011199951,12.911543846129895,4.7799367166589946e-06
1673,96160.031,12.91260814666748,-1.4045998568690266e-06,-0.9924344420433044,-8.610022063797535e-07,0.010000188834965229,6.520847506408245e-08,-0.00197900109924376,0.009999999999988235,1.5338992738973427e-08,-0.000561617368063938,trajectory,STRAIGHT,3.730962038040161,12.912608146667008,4.7799367166589946e-06
1674,96160.171,12.913642883300781,-1.3976529089632095e-06,-0.9926430583000183,-8.539929012551599e-07,0.010000156238675117,6.711394462399767e-08,-0.00197900109924376,0.009999999999988388,1.5238939923842602e-08,-0.0005417635579678282,trajectory,STRAIGHT,3.7313661575317383,12.913642883300312,4.7799367166589946e-06
1675,96160.296,12.914677619934082,-1.3905054174756515e-06,-0.9928516745567322,-8.449521828639336e-07,0.010000123642385006,6.902644855699691e-08,-0.00197900109924376,0.009999999999988572,1.5117581552960186e-08,-0.0005221714977955982,trajectory,STRAIGHT,3.731771469116211,12.914677619933618,4.7799367166589946e-06
1676,96160.421,12.915682792663574,-1.3833697494192165e-06,-0.9930543303489685,-8.341458510526262e-07,0.010000091977417469,7.082824993176473e-08,-0.00197900109924376,0.009999999999988782,1.497849890221247e-08,-0.0005028774608472453,trajectory,STRAIGHT,3.7321765422821045,12.915682792663116,4.7799367166589946e-06
1677,96160.546,12.916717529296875,-1.3757146462012315e-06,-0.9932629466056824,-8.220615086492243e-07,0.010000087320804596,7.55766365045929e-08,-0.00197900109924376,0.00999999999998901,1.4824206608747914e-08,-0.00048354715059890083,trajectory,STRAIGHT,3.7325823307037354,12.91671752929642,4.7799367166589946e-06
1678,96160.671,12.917722702026367,-1.3679822359335958e-06,-0.9934656023979187,-8.103224331592299e-07,0.010000087320804596,7.741069651956423e-08,-0.00197900109924376,0.009999999999989236,1.4672869197161132e-08,-0.0004642531136505478,trajectory,STRAIGHT,3.732987642288208,12.917722702025918,4.7799367166589946e-06
1679,96160.781,12.91872787475586,-1.3601807040686253e-06,-0.9936662316322327,-7.995180340295986e-07,0.010000087320804596,7.583467720451154e-08,-0.001930603408254683,0.009999999999989443,1.4530513647120597e-08,-0.00044919396980132466,trajectory,STRAIGHT,3.7333929538726807,12.918727874755415,4.7799367166589946e-06
1680,96160.89,12.919673919677734,-1.3530670912587084e-06,-0.9938468933105469,-7.922196801044208e-07,0.010000087320804596,7.210671526536316e-08,-0.0018020633142441511,0.009999999999989594,1.442630740205091e-08,-0.0004416335909679903,trajectory,STRAIGHT,3.733797550201416,12.919673919677294,4.7799367166589946e-06
1681,96161.015,12.920679092407227,-1.3460568197842804e-06,-0.9940236210823059,-7.846319931930786e-07,0.010000087320804596,6.466409274707985e-08,-0.0016558814095333219,0.009999999999989746,1.4319860475229617e-08,-0.00044449175475690496,trajectory,STRAIGHT,3.7342031002044678,12.920679092406791,4.7799367166589946e-06
1682,96161.156,12.921713829040527,-1.33985452066554e-06,-0.9941913485527039,-7.768211390137589e-07,0.010000087320804596,5.2756568891254574e-08,-0.001527141546830535,0.009999999999989897,1.4215131642923543e-08,-0.0004307100448161594,trajectory,STRAIGHT,3.7345941066741943,12.921713829040096,4.7799367166589946e-06
1683,96161.281,12.922689437866211,-1.335350816589198e-06,-0.9943380355834961,-7.694566193535089e-07,0.010000087320804596,3.758414734988946e-08,-0.0014160873834043741,0.009999999999990027,1.4122833785918494e-08,-0.0004248943834919872,trajectory,STRAIGHT,3.734955310821533,12.922689437865781,4.7799367166589946e-06
1684,96161.39,12.923724174499512,-1.332431338596507e-06,-0.99448162317276,-7.616457651626011e-07,0.010000087320804596,1.7307744570871364e-08,-0.0013047095853835344,0.009999999999990152,1.403386771935718e-08,-0.00042018356224335357,trajectory,STRAIGHT,3.73528790473938,12.923724174499084,4.7799367166589946e-06
1685,96161.5,12.92461109161377,-1.3317861657924368e-06,-0.9945955872535706,-7.54950747279933e-07,0.010000087320804596,-3.50039530694346e-09,-0.001210629940032959,0.009999999999990248,1.3966551335806552e-08,-0.00042201172983087235,trajectory,STRAIGHT,3.7355968952178955,12.924611091613343,4.7799367166589946e-06
1686,96161.64,12.92564582824707,-1.3334761206351686e-06,-0.9947176575660706,-7.491319138725498e-07,0.010000087320804596,-2.8673117213884325e-08,-0.0011118949623778462,0.009999999999990314,1.3919710870438314e-08,-0.0004124967982064854,trajectory,STRAIGHT,3.735882520675659,12.925645828246642,4.7799367166589946e-06
1687,96161.75,12.926621437072754,-1.3374337868299335e-06,-0.9948245286941528,-7.445217989687954e-07,0.010000087320804596,-5.0852733579631604e-08,-0.0010345341870561242,0.009999999999990345,1.3895722546562505e-08,-0.00040798146538658324,trajectory,STRAIGHT,3.7361457347869873,12.926621437072322,4.7799367166589946e-06
1688,96161.875,12.927597045898438,-1.3434607808449073e-06,-0.9949235916137695,-7.399466427222934e-07,0.010000087320804596,-7.046902794627385e-08,-0.0009573738789185882,0.009999999999990362,1.3882089790526417e-08,-0.0004092011440567511,trajectory,STRAIGHT,3.736386299133301,12.927597045898002,4.7799367166589946e-06
1689,96162.0,12.928631782531738,-1.351830633211648e-06,-0.9950206279754639,-7.350942042733832e-07,0.010000087320804596,-8.847325005945095e-08,-0.0008820545626804233,0.009999999999990372,1.3877211113632362e-08,-0.0004013314114003041,trajectory,STRAIGHT,3.736609935760498,12.928631782531298,4.7799367166589946e-06
1690,96162.125,12.92963695526123,-1.3616295291285496e-06,-0.9951076507568359,-7.303804069174437e-07,0.010000087320804596,-1.032021188507315e-07,-0.0008160178549587727,0.009999999999990367,1.388057104049195e-08,-0.0003980019201883344,trajectory,STRAIGHT,3.736816167831421,12.929636955260783,4.7799367166589946e-06
1691,96162.234,12.93070125579834,-1.3734850199398352e-06,-0.99519282579422,-7.253893273581134e-07,0.0100000761449337,-1.1583161096950789e-07,-0.0007529768627136946,0.009999999999990352,1.3891335178899654e-08,-0.00039496489880976753,trajectory,STRAIGHT,3.7370054721832275,12.930701255797885,4.7799367166589946e-06
1692,96162.359,12.931676864624023,-1.385414293508802e-06,-0.9952647686004639,-7.208141710899879e-07,0.010000045411288738,-1.2472874288960156e-07,-0.0006943403277546167,0.009999999999990333,1.3906390499070156e-08,-0.00039231827488178217,trajectory,STRAIGHT,3.7371842861175537,12.93167686462356,4.7799367166589946e-06
1693,96162.484,12.932711601257324,-1.3988844784762478e-06,-0.9953352212905884,-7.159244433140097e-07,0.010000018402934074,-1.3136404675151425e-07,-0.0006423057056963444,0.009999999999990303,1.392600459744956e-08,-0.0003897990885587876,trajectory,STRAIGHT,3.737347364425659,12.932711601256852,4.7799367166589946e-06
1694,96162.609,12.933716773986816,-1.4124317431196687e-06,-0.9953985810279846,-7.115726248010525e-07,0.010000018402934074,-1.3250325991975842e-07,-0.0005952609935775399,0.009999999999990268,1.3951341643503758e-08,-0.0003873007945579054,trajectory,STRAIGHT,3.7374985218048096,12.933716773986333,4.7799367166589946e-06
1695,96162.734,12.934633255004883,-1.4244101294025313e-06,-0.9954522848129272,-7.078175485265639e-07,0.010000018402934074,-1.2380269254208542e-07,-0.0005523260333575308,0.009999999999990235,1.3974820513820765e-08,-0.0003880504021283748,trajectory,STRAIGHT,3.737637519836426,12.934633255004393,4.7799367166589946e-06
1696,96162.843,12.935638427734375,-1.43628642490512e-06,-0.9955068826675415,-7.038274247643669e-07,0.010000018402934074,-1.0815389117624363e-07,-0.0005144811002537608,0.009999999999990206,1.3995807483101196e-08,-0.0003832073355405396,trajectory,STRAIGHT,3.7377665042877197,12.935638427733876,4.7799367166589946e-06
1697,96162.984,12.936702728271484,-1.4469778761849739e-06,-0.9955607652664185,-7.002584538836571e-07,0.010000018402934074,-9.057459493533315e-08,-0.0004765131161548197,0.009999999999990178,1.4015523953870996e-08,-0.00038115301502174905,trajectory,STRAIGHT,3.7378861904144287,12.936702728270976,4.7799367166589946e-06
1698,96163.109,12.937767028808594,-1.4560150702891406e-06,-0.9956105947494507,-6.967059675876738e-07,0.010000018402934074,-7.754091768674698e-08,-0.0004402259655762464,0.009999999999990163,1.4027440780378095e-08,-0.000379198293604307,trajectory,STRAIGHT,3.7379965782165527,12.93776702880808,4.7799367166589946e-06
1699,96163.234,12.938772201538086,-1.4634753142672707e-06,-0.995654284954071,-6.933508416356732e-07,0.010000018402934074,-6.941597519016796e-08,-0.0004084650136064738,0.009999999999990154,1.4033525771828648e-08,-0.0003773664301670676,trajectory,STRAIGHT,3.7380995750427246,12.938772201537567,4.7799367166589946e-06
1700,96163.343,12.939718246459961,-1.4699215853397618e-06,-0.9956921339035034,-6.901930760286486e-07,0.010000018402934074,-6.548243902670947e-08,-0.0003797854878939688,0.009999999999990149,1.4036496616693742e-08,-0.0003758497178102005,trajectory,STRAIGHT,3.7381958961486816,12.939718246459437,4.7799367166589946e-06
1701,96163.468,12.940723419189453,-1.4765396372240502e-06,-0.9957296848297119,-6.870370157257182e-07,0.010000018402934074,-6.434102317598445e-08,-0.00035164097789675,0.009999999999990144,1.4040556284667373e-08,-0.0003762237322995532,trajectory,STRAIGHT,3.738283395767212,12.940723419188924,4.7799367166589946e-06
1702,96163.578,12.941728591918945,-1.482929292251356e-06,-0.9957646727561951,-6.840800210717381e-07,0.010000018402934074,-6.026827747973584e-08,-0.00032732749241404235,0.009999999999990137,1.4045531746257182e-08,-0.00037310827827671366,trajectory,STRAIGHT,3.7383666038513184,12.94172859191841,4.7799367166589946e-06
1703,96163.703,12.942704200744629,-1.488538828198216e-06,-0.9957957863807678,-6.812099968364675e-07,0.010000018402934074,-5.2415039419884124e-08,-0.00030384515412151814,0.009999999999990135,1.4047514675067403e-08,-0.0003718947120581684,trajectory,STRAIGHT,3.7384424209594727,12.94270420074409,4.7799367166589946e-06
1704,96163.828,12.943679809570312,-1.4931807754692272e-06,-0.9958248734474182,-6.783399725890904e-07,0.010000018402934074,-4.0719715599379924e-08,-0.0002831995952874422,0.009999999999990137,1.4044821280848264e-08,-0.00037209200343237496,trajectory,STRAIGHT,3.738513469696045,12.94367980956977,4.7799367166589946e-06
1705,96163.953,12.944714546203613,-1.496707227488514e-06,-0.9958534836769104,-6.755357162189745e-07,0.010000018402934074,-2.6675532893705167e-08,-0.00026247388450428843,0.009999999999990147,1.4037592458132136e-08,-0.0003696758745890171,trajectory,STRAIGHT,3.7385783195495605,12.944714546203068,4.7799367166589946e-06
1706,96164.078,12.945690155029297,-1.4987465419835644e-06,-0.9958786964416504,-6.72898295282097e-07,0.010000018402934074,-1.473478583591259e-08,-0.0002449439780320972,0.009999999999990166,1.4024603648265419e-08,-0.00036856122923507927,trajectory,STRAIGHT,3.738638162612915,12.94569015502875,4.7799367166589946e-06
1707,96164.187,12.94666576385498,-1.4996664958744077e-06,-0.9959021806716919,-6.70260874343458e-07,0.010000018402934074,-4.06638589467434e-09,-0.0002274999424116686,0.009999999999990192,1.4006176128979718e-08,-0.0003676753384045472,trajectory,STRAIGHT,3.7386960983276367,12.946665763854433,4.7799367166589946e-06
1708,96164.312,12.947700500488281,-1.4995598576206248e-06,-0.9959251284599304,-6.674636097096429e-07,0.010000018402934074,5.858258766977542e-09,-0.0002115293318638578,0.009999999999990225,1.398136622092191e-08,-0.0003678055978364458,trajectory,STRAIGHT,3.73874831199646,12.947700500487734,4.7799367166589946e-06
1709,96164.421,12.948646545410156,-1.4986122778282152e-06,-0.9959450364112854,-6.649061106141351e-07,0.010000018402934074,1.3679735566540785e-08,-0.00019726391474250704,0.009999999999990263,1.3954541663253136e-08,-0.00036591240173122427,trajectory,STRAIGHT,3.7387969493865967,12.94864654540961,4.7799367166589946e-06
1710,96164.546,12.949592590332031,-1.496971435699379e-06,-0.9959633350372314,-6.623486115169708e-07,0.010000018402934074,2.030480139580959e-08,-0.00018288551655132324,0.009999999999990305,1.3924334856935626e-08,-0.0003652734975433147,trajectory,STRAIGHT,3.7388412952423096,12.949592590331484,4.7799367166589946e-06
1711,96164.656,12.950568199157715,-1.4946745068300515e-06,-0.9959810376167297,-6.597111905712851e-07,0.010000018402934074,2.5883849730234942e-08,-0.00017161425785161555,0.009999999999990353,1.3890228496440987e-08,-0.00036529006926437683,trajectory,STRAIGHT,3.7388839721679688,12.95056819915717,4.7799367166589946e-06
1712,96164.781,12.951573371887207,-1.4917975477146683e-06,-0.9959980845451355,-6.569938477769178e-07,0.010000018402934074,3.0301180231617764e-08,-0.0001593516644788906,0.009999999999990404,1.3852589109429265e-08,-0.0003638377607735688,trajectory,STRAIGHT,3.738924026489258,12.951573371886663,4.7799367166589946e-06
1713,96164.89,12.9525785446167,-1.4885386008245405e-06,-0.9960141181945801,-6.542765049806807e-07,0.010000018402934074,3.3367886231872035e-08,-0.00014822348020970821,0.009999999999990461,1.3813073744235859e-08,-0.00036392633304287435,trajectory,STRAIGHT,3.7389605045318604,12.95257854461616,4.7799367166589946e-06
1714,96165.015,12.953583717346191,-1.4850357956674998e-06,-0.9960283041000366,-6.515591621825734e-07,0.010000018402934074,3.50839606255704e-08,-0.00013715538079850376,0.009999999999990516,1.3772354618944494e-08,-0.0003626497736453338,trajectory,STRAIGHT,3.73899507522583,12.953583717345653,4.7799367166589946e-06
1715,96165.125,12.954588890075684,-1.481427261751378e-06,-0.9960418939590454,-6.488418193825962e-07,0.010000018402934074,3.544941051814021e-08,-0.0001274749229196459,0.009999999999990572,1.3731105273026639e-08,-0.00036274471732520295,trajectory,STRAIGHT,3.7390260696411133,12.954588890075147,4.7799367166589946e-06
1716,96165.25,12.95550537109375,-1.4781611525904736e-06,-0.9960529804229736,-6.463642421221636e-07,0.010000018402934074,3.4605484700023226e-08,-0.0001192664640257135,0.009999999999990624,1.3693601021700412e-08,-0.0003616273161949524,trajectory,STRAIGHT,3.7390551567077637,12.955505371093215,4.7799367166589946e-06
1717,96165.359,12.956480979919434,-1.4748301282452303e-06,-0.9960647821426392,-6.437268211658013e-07,0.010000018402934074,3.247331648026375e-08,-0.0001118519576266408,0.009999999999990678,1.3654378078274087e-08,-0.0003616303907236018,trajectory,STRAIGHT,3.739081859588623,12.9564809799189,4.7799367166589946e-06
1718,96165.562,12.957456588745117,-1.471773543926247e-06,-0.9960753917694092,-6.410894002076773e-07,0.010000018402934074,2.9068791818076534e-08,-0.00010401401232229546,0.00999999999999073,1.3616486479648234e-08,-0.0003607218253016398,trajectory,STRAIGHT,3.739105463027954,12.957456588744588,4.7799367166589946e-06
1719,96165.703,12.95928955078125,-1.4672120869363425e-06,-0.9960938692092896,-6.361342456755287e-07,0.010000018402934074,1.9231519488016602e-08,-9.691278683021665e-05,0.00999999999999082,1.3551054684165795e-08,-0.0003599001364824095,trajectory,STRAIGHT,3.739131212234497,12.959289550780722,4.7799367166589946e-06
1720,96165.828,12.960265159606934,-1.465647756049293e-06,-0.9961032271385193,-6.334968247123333e-07,0.010000019334256649,1.2164165674732885e-08,-8.661290485179052e-05,0.00999999999999086,1.3520450041245962e-08,-0.00035944480581516665,trajectory,STRAIGHT,3.7391514778137207,12.960265159606408,4.7799367166589946e-06
1721,96165.937,12.961240768432617,-1.4648454680354916e-06,-0.9961110949516296,-6.308594037473763e-07,0.010000050067901611,3.824429661847262e-09,-7.917265611467883e-05,0.009999999999990896,1.3493579127195429e-08,-0.0003592356876780489,trajectory,STRAIGHT,3.739171266555786,12.961240768432091,4.7799367166589946e-06
1722,96166.062,12.96224594116211,-1.46494983255252e-06,-0.9961192011833191,-6.281420609331538e-07,0.010000081732869148,-6.098825444667e-09,-7.37008303985931e-05,0.009999999999990928,1.3470462025776477e-08,-0.0003589226122512834,trajectory,STRAIGHT,3.739192247390747,12.962245941161584,4.7799367166589946e-06
1723,96166.171,12.963221549987793,-1.4660838587587932e-06,-0.9961267709732056,-6.255046399646204e-07,0.01000011246651411,-1.7021864806565645e-08,-6.876116094645113e-05,0.009999999999990952,1.3453099083034165e-08,-0.000358939296313131,trajectory,STRAIGHT,3.739210367202759,12.963221549987265,4.7799367166589946e-06
1724,96166.296,12.964226722717285,-1.4684502502859687e-06,-0.9961328506469727,-6.227872971467129e-07,0.010000144131481647,-2.9606679774474287e-08,-6.308477895800024e-05,0.009999999999990968,1.3441103770158671e-08,-0.0003584010208840605,trajectory,STRAIGHT,3.7392265796661377,12.964226722716756,4.7799367166589946e-06
1725,96166.421,12.965202331542969,-1.4720395711265155e-06,-0.9961387515068054,-6.1996240663962e-07,0.010000161826610565,-4.31130153799586e-08,-5.9202280681347474e-05,0.009999999999990974,1.3433953031603196e-08,-0.0003581495928321843,trajectory,STRAIGHT,3.7392427921295166,12.965202331542436,4.7799367166589946e-06
1726,96166.531,12.966177940368652,-1.4770287179999286e-06,-0.9961446523666382,-6.170154732905168e-07,0.010000161826610565,-5.789171098058432e-08,-5.54471043869853e-05,0.009999999999990978,1.343248484189501e-08,-0.0003581549639440951,trajectory,STRAIGHT,3.7392566204071045,12.966177940368116,4.7799367166589946e-06
1727,96166.656,12.967212677001953,-1.4839907862551627e-06,-0.9961509108543396,-6.13889937924637e-07,0.010000161826610565,-7.495642506682998e-08,-5.1584644097601995e-05,0.00999999999999097,1.3439175062122134e-08,-0.00035763277153283315,trajectory,STRAIGHT,3.7392690181732178,12.967212677001411,4.7799367166589946e-06
1728,96166.781,12.968188285827637,-1.492262413194112e-06,-0.9961560964584351,-6.10943004583795e-07,0.010000161826610565,-9.235690612285907e-08,-4.790242746821605e-05,0.00999999999999095,1.345392167753856e-08,-0.0003573932312383055,trajectory,STRAIGHT,3.739281415939331,12.96818828582709,4.7799367166589946e-06
1729,96166.906,12.96916389465332,-1.5023050536910887e-06,-0.9961600303649902,-6.081018000024902e-07,0.010000161826610565,-1.1003876920767652e-07,-4.435610753716901e-05,0.009999999999990917,1.3478488675944023e-08,-0.0003574802415050304,trajectory,STRAIGHT,3.739293098449707,12.969163894652764,4.7799367166589946e-06
1730,96167.031,12.970139503479004,-1.513784923190542e-06,-0.9961639642715454,-6.053874699253788e-07,0.010000161826610565,-1.203749349087957e-07,-4.174536661594175e-05,0.009999999999990872,1.3511455778268444e-08,-0.0003570919280673812,trajectory,STRAIGHT,3.739305019378662,12.970139503478439,4.7799367166589946e-06
1731,96167.14,12.971174240112305,-1.5265744650605484e-06,-0.9961681365966797,-6.025086349864646e-07,0.010000161826610565,-1.215501725937429e-07,-3.9191854739328846e-05,0.00999999999999082,1.3549510059586872e-08,-0.00035691483781103984,trajectory,STRAIGHT,3.7393128871917725,12.971174240111731,4.7799367166589946e-06
1732,96167.265,12.972179412841797,-1.538619812890829e-06,-0.9961721897125244,-5.99712052465856e-07,0.010000161826610565,-1.130443223473776e-07,-3.648955680546351e-05,0.009999999999990773,1.3584674485958043e-08,-0.00035674514090683676,trajectory,STRAIGHT,3.7393226623535156,12.972179412841214,4.7799367166589946e-06
1733,96167.39,12.973184585571289,-1.5493873206651188e-06,-0.9961762428283691,-5.971128302070332e-07,0.010000161826610565,-9.773011555580524e-08,-3.3833035558927804e-05,0.009999999999990733,1.3615570463078287e-08,-0.00035657701686600985,trajectory,STRAIGHT,3.7393300533294678,12.973184585570696,4.7799367166589946e-06
1734,96167.515,12.974130630493164,-1.5580211538690492e-06,-0.9961800575256348,-5.947109683754187e-07,0.010000161826610565,-8.19348358049865e-08,-3.1435443816008046e-05,0.009999999999990702,1.363773957983263e-08,-0.00035657808934216217,trajectory,STRAIGHT,3.7393388748168945,12.974130630492565,4.7799367166589946e-06
1735,96167.64,12.975165367126465,-1.5656576124456478e-06,-0.9961835145950317,-5.921207843346974e-07,0.010000161826610565,-6.32753085483273e-08,-2.8700245820800774e-05,0.00999999999999068,1.365348181291347e-08,-0.0003562785418123504,trajectory,STRAIGHT,3.7393457889556885,12.975165367125859,4.7799367166589946e-06
1736,96167.765,12.976140975952148,-1.5709968010924058e-06,-0.9961854815483093,-5.89753710689649e-07,0.010000161826610565,-4.4443886793033016e-08,-2.653440424182918e-05,0.009999999999990669,1.365991967615832e-08,-0.00035620164651898765,trajectory,STRAIGHT,3.739353895187378,12.97614097595154,4.7799367166589946e-06
1737,96167.875,12.97714614868164,-1.57462068273162e-06,-0.9961875081062317,-5.874364318668183e-07,0.010000161826610565,-2.728225645398652e-08,-2.508955185476225e-05,0.009999999999990673,1.3658518777994108e-08,-0.00035612952933889,trajectory,STRAIGHT,3.739363193511963,12.977146148681028,4.7799367166589946e-06
1738,96167.984,12.978121757507324,-1.5766579508635914e-06,-0.9961894750595093,-5.851873083157324e-07,0.010000161826610565,-1.4513007684513468e-08,-2.3960852558957413e-05,0.009999999999990685,1.3649859716213079e-08,-0.00035612147761867496,trajectory,STRAIGHT,3.739367961883545,12.97812175750671,4.7799367166589946e-06
1739,96168.125,12.979126930236816,-1.5776371355968877e-06,-0.9961915016174316,-5.828700295181439e-07,0.010000158101320267,-5.362265742547834e-09,-2.2676222215523012e-05,0.009999999999990706,1.363541096494453e-08,-0.00035594754770102983,trajectory,STRAIGHT,3.7393710613250732,12.9791269302362,4.7799367166589946e-06
1740,96168.234,12.9801025390625,-1.5778895203766297e-06,-0.9961934685707092,-5.806209059915579e-07,0.010000127367675304,-3.683013893862608e-10,-2.155324546038173e-05,0.00999999999999073,1.3617939857592355e-08,-0.0003558500432034384,trajectory,STRAIGHT,3.739375352859497,12.980102539061884,4.7799367166589946e-06
1741,96168.359,12.981078147888184,-1.5778368833707646e-06,-0.9961954355239868,-5.783717824770389e-07,0.010000096634030342,7.960499481818317e-10,-2.025573849095963e-05,0.009999999999990752,1.3598962786922641e-08,-0.0003558554960971127,trajectory,STRAIGHT,3.739379405975342,12.981078147887567,4.7799367166589946e-06
1742,96168.468,12.982083320617676,-1.5778641682118177e-06,-0.9961974620819092,-5.761103807800077e-07,0.010000064969062805,-2.009762578580876e-09,-1.905551653180737e-05,0.00999999999999078,1.3580376943961635e-08,-0.00035567743100796466,trajectory,STRAIGHT,3.739384174346924,12.98208332061706,4.7799367166589946e-06
1743,96168.593,12.983088493347168,-1.5783849676154205e-06,-0.9961994886398315,-5.739259450517279e-07,0.010000050999224186,-8.880803648025903e-09,-1.7716531147016212e-05,0.0099999999999908,1.3565011658325691e-08,-0.0003555942269685064,trajectory,STRAIGHT,3.7393879890441895,12.98308849334655,4.7799367166589946e-06
1744,96168.718,12.98409366607666,-1.5798138974787435e-06,-0.9962015151977539,-5.7165749472819e-07,0.010000050999224186,-1.981708308562702e-08,-1.6431898984592408e-05,0.009999999999990817,1.3553317512612125e-08,-0.00035550667467125876,trajectory,STRAIGHT,3.739392042160034,12.984093666076042,4.7799367166589946e-06
1745,96168.843,12.985098838806152,-1.5825656873857952e-06,-0.9962035417556763,-5.693402159391259e-07,0.010000050999224186,-3.4818594230046074e-08,-1.5155849723669235e-05,0.009999999999990824,1.3547711432045355e-08,-0.00035541843574189106,trajectory,STRAIGHT,3.7393953800201416,12.98509883880553,4.7799367166589946e-06
1746,96168.968,12.986074447631836,-1.5868943137320457e-06,-0.9962055087089539,-5.670910924119971e-07,0.010000050999224186,-5.3266504096427525e-08,-1.3835459867550526e-05,0.00999999999999082,1.355051854846766e-08,-0.0003553367242923777,trajectory,STRAIGHT,3.7393994331359863,12.98607444763121,4.7799367166589946e-06
1747,96169.078,12.987109184265137,-1.5936964246066054e-06,-0.996207594871521,-5.647150375250221e-07,0.010000050999224186,-7.699787119008761e-08,-1.2414931916282512e-05,0.009999999999990801,1.3564601297811121e-08,-0.00035525968092524395,trajectory,STRAIGHT,3.739403486251831,12.987109184264506,4.7799367166589946e-06
1748,96169.218,12.988114356994629,-1.602714860382548e-06,-0.9962096214294434,-5.626374104920689e-07,0.010000050999224186,-9.892552554902068e-08,-1.0988681424350943e-05,0.009999999999990763,1.3592606509597621e-08,-0.0003551808405951118,trajectory,STRAIGHT,3.739408254623413,12.98811435699399,4.7799367166589946e-06
1749,96169.328,12.989119529724121,-1.6136931435539736e-06,-0.9962112903594971,-5.605597834851322e-07,0.010000050999224186,-1.1541737165998711e-07,-9.676875379227567e-06,0.009999999999990712,1.3630406705422287e-08,-0.00035511334360184614,trajectory,STRAIGHT,3.7394111156463623,12.989119529723474,4.7799367166589946e-06
1750,96169.453,12.990095138549805,-1.6256972230621614e-06,-0.9962112903594971,-5.585432631797506e-07,0.010000050999224186,-1.2622578537957452e-07,-8.509550752933137e-06,0.009999999999990652,1.3673861364130492e-08,-0.0003552067295719497,trajectory,STRAIGHT,3.7394163608551025,12.990095138549147,4.7799367166589946e-06
1751,96169.562,12.991011619567871,-1.6377267684219987e-06,-0.9962112903594971,-5.566489562485363e-07,0.010000050999224186,-1.3171452906135528e-07,-8.260638423962519e-06,0.009999999999990591,1.3718486778459805e-08,-0.0003551533525796091,trajectory,STRAIGHT,3.73941969871521,12.991011619567203,4.7799367166589946e-06
1752,96169.687,12.992016792297363,-1.6512502725163358e-06,-0.9962112903594971,-5.545713293165896e-07,0.010000050999224186,-1.3253840336346911e-07,-8.519562470610254e-06,0.009999999999990522,1.3769139994051058e-08,-0.0003551326386558773,trajectory,STRAIGHT,3.7394206523895264,12.992016792296685,4.7799367166589946e-06
1753,96169.812,12.993021965026855,-1.6645802816128707e-06,-0.9962112903594971,-5.524937024106597e-07,0.010000063106417656,-1.2792646941761632e-07,-8.70124131324701e-06,0.009999999999990452,1.3818900648047703e-08,-0.00035511810434846636,trajectory,STRAIGHT,3.7394211292266846,12.993021965026166,4.7799367166589946e-06
1754,96169.937,12.993997573852539,-1.67680832419137e-06,-0.9962112903594971,-5.504771822033139e-07,0.010000093840062618,-1.1825179768720773e-07,-8.70124131324701e-06,0.00999999999999039,1.3863726439104113e-08,-0.00035511810434846636,trajectory,STRAIGHT,3.7394206523895264,12.99399757385184,4.7799367166589946e-06
1755,96170.062,12.99503231048584,-1.6884432625374757e-06,-0.9962112903594971,-5.477625110069289e-07,0.010000121779739857,-1.0239508441145517e-07,-8.671197974763345e-06,0.009999999999990341,1.389892422310048e-08,-0.00035512050781554504,trajectory,STRAIGHT,3.7394206523895264,12.99503231048513,4.7799367166589946e-06
1756,96170.203,12.996126174926758,-1.6986484752123943e-06,-0.9962112903594971,-5.436719448891333e-07,0.010000121779739857,-8.117344663105541e-08,-8.664044798933901e-06,0.00999999999999032,1.3913542959218894e-08,-0.0003551210800696114,trajectory,STRAIGHT,3.7394208908081055,12.996126174926038,4.7799367166589946e-06
1757,96170.312,12.997160911560059,-1.7061329344869591e-06,-0.9962112903594971,-5.393964670759653e-07,0.010000121779739857,-6.351811521199124e-08,-8.664044798933901e-06,0.00999999999999032,1.3912536853283784e-08,-0.0003551210800696114,trajectory,STRAIGHT,3.7394211292266846,12.997160911559332,4.7799367166589946e-06
1758,96170.437,12.99816608428955,-1.7126166085290606e-06,-0.9962112903594971,-5.352431458333378e-07,0.010000121779739857,-6.769451488253253e-08,-8.664044798933901e-06,0.009999999999990329,1.3907669708055705e-08,-0.0003551210800696114,trajectory,STRAIGHT,3.7394206523895264,12.998166084288819,4.7799367166589946e-06
1759,96170.546,12.999082565307617,-1.7199214426000253e-06,-0.9962112903594971,-5.314562943481521e-07,0.010000121779739857,-9.278944901325303e-08,-8.664044798933901e-06,0.009999999999990326,1.391022717618946e-08,-0.0003551210800696114,trajectory,STRAIGHT,3.7394204139709473,12.999082565306878,4.7799367166589946e-06
1760,96170.671,13.000028610229492,-1.730749431771983e-06,-0.9962112903594971,-5.281362407407207e-07,0.010000103153288364,-1.3098883755446877e-07,-8.664044798933901e-06,0.009999999999990291,1.393523336087744e-08,-0.0003551210800696114,trajectory,STRAIGHT,3.7394206523895264,13.000028610228743,4.7799367166589946e-06
1761,96170.796,13.001033782958984,-1.7456535488236113e-06,-0.9962112903594971,-5.259569777326315e-07,0.010000092908740044,-1.6021685667055863e-07,-8.664044798933901e-06,0.009999999999990211,1.3992351421861915e-08,-0.0003551210800696114,trajectory,STRAIGHT,3.73941969871521,13.001033782958222,4.7799367166589946e-06
1762,96170.921,13.002098083496094,-1.7648828816163586e-06,-0.9962112903594971,-5.237641291474985e-07,0.010000092908740044,-1.9700989639659383e-07,-8.664044798933901e-06,0.0099999999999901,1.4071322600031462e-08,-0.0003551210800696114,trajectory,STRAIGHT,3.739419937133789,13.002098083495314,4.7799367166589946e-06
1763,96171.046,13.003103256225586,-1.7865352219814667e-06,-0.9962112903594971,-5.225950305276625e-07,0.010000092908740044,-2.281750255406223e-07,-8.664044798933901e-06,0.009999999999989956,1.4172508145834977e-08,-0.0003551210800696114,trajectory,STRAIGHT,3.7394208908081055,13.003103256224787,4.7799367166589946e-06
1764,96171.156,13.00407886505127,-1.8108618178303004e-06,-0.9962112903594971,-5.215858323842383e-07,0.010000092908740044,-2.643305094807147e-07,-8.664044798933901e-06,0.009999999999989791,1.428867080185319e-08,-0.0003551210800696114,trajectory,STRAIGHT,3.7394206523895264,13.004078865050449,4.7799367166589946e-06
1765,96171.281,13.00511360168457,-1.8409235735816765e-06,-0.9962112903594971,-5.20515470845917e-07,0.010000092908740044,-3.0852041277285025e-07,-8.664044798933901e-06,0.0,0.0,0.0,trajectory_no_feasible,STRAIGHT,3.73941969871521,13.005113601683721,4.7799367166589946e-06
1766,96171.39,13.006030082702637,-1.8708192328631412e-06,-0.9962112903594971,-5.195616289636396e-07,0.009911708533763885,-3.298653439287591e-07,-9.563856110617053e-06,0.009999999999989375,1.4578000731008913e-08,-0.0003550490951646767,trajectory,STRAIGHT,3.73941969871521,13.00603008270176,4.7799367166589946e-06
1767,96171.515,13.006989479064941,-1.9034185925193015e-06,-0.9962129592895508,-5.184809657631059e-07,0.009440919384360313,-3.2431566410195956e-07,-9.711199709272478e-06,0.009999999999989144,1.473527902306439e-08,-0.00035495386117409875,trajectory,STRAIGHT,3.739419937133789,13.006989479064032,4.7799367166589946e-06
1768,96171.625,13.007935523986816,-1.9353863081050804e-06,-0.9962129592895508,-5.173319545576593e-07,0.00916778203099966,-3.0002280482221977e-07,-7.66838729759911e-06,0.009999999999988915,1.4888799799392268e-08,-0.00035504399618838,trajectory,STRAIGHT,3.7377681732177734,13.007935523985877,4.7799367166589946e-06
1769,96171.75,13.008875846862793,-1.964294597200933e-06,-0.9962129592895508,-5.167148399870457e-07,0.009075934998691082,-2.661219582478225e-07,-7.511026069551008e-06,0.009999999999988702,1.5032402628765396e-08,-0.00035505658508662387,trajectory,STRAIGHT,3.7367753982543945,13.008875846861823,4.7799367166589946e-06
1770,96171.859,13.009733200073242,-1.9874696590704843e-06,-0.9962129592895508,-5.169156193534602e-07,0.009078793227672577,-2.3169677376699838e-07,-7.618318250024458e-06,0.009999999999988516,1.515510209356071e-08,-0.00035504800171218595,trajectory,STRAIGHT,3.738290786743164,13.00973320007225,4.7799367166589946e-06
1771,96171.984,13.010701179504395,-2.009767058552825e-06,-0.9962129592895508,-5.174669715228727e-07,0.009132960811257362,-1.9479081458939618e-07,-7.676972927583847e-06,0.00999999999998833,1.5277561436897042e-08,-0.0003550433093379812,trajectory,STRAIGHT,3.739163398742676,13.010701179503378,4.7799367166589946e-06
1772,96172.125,13.011613845825195,-2.0277595922379987e-06,-0.9962129592895508,-5.18038411258138e-07,0.009206829592585564,-1.7039319288869592e-07,-7.676972927583847e-06,0.009999999999988176,1.5378401172691247e-08,-0.0003550433093379812,trajectory,STRAIGHT,3.7392215728759766,13.011613845824161,4.7799367166589946e-06
1773,96172.234,13.012554168701172,-2.044210759777343e-06,-0.9962129592895508,-5.179500878967188e-07,0.009290420450270176,-1.51639270029591e-07,-7.671250386920292e-06,0.009999999999988041,1.5465118366410714e-08,-0.0003550437671412343,trajectory,STRAIGHT,3.7389721870422363,13.01255416870012,4.7799367166589946e-06
1774,96172.359,13.013494491577148,-2.058507789115538e-06,-0.9962129592895508,-5.17521242043202e-07,0.009373164735734463,-1.291869295982906e-07,-7.671250386920292e-06,0.009999999999987928,1.5537669410283874e-08,-0.0003550437671412343,trajectory,STRAIGHT,3.73887300491333,13.013494491576083,4.7799367166589946e-06
1775,96172.484,13.014408111572266,-2.0701083940366516e-06,-0.9962129592895508,-5.17815621682409e-07,0.00944641511887312,-1.1347677997264327e-07,-7.671250386920292e-06,0.009999999999987826,1.5603805143471512e-08,-0.0003550437671412343,trajectory,STRAIGHT,3.738853693008423,13.014408111571186,4.7799367166589946e-06
1776,96172.593,13.015380859375,-2.081109187201946e-06,-0.9962129592895508,-5.186172915634407e-07,0.009517475962638855,-1.0336177069802943e-07,-7.671250386920292e-06,0.00999999999998772,1.5672362152651053e-08,-0.0003550437671412343,trajectory,STRAIGHT,3.7388768196105957,13.01538085937391,4.7799367166589946e-06
1777,96172.718,13.016353607177734,-2.091353508149041e-06,-0.9962129592895508,-5.187849372657723e-07,0.009580970741808414,-9.679100543280583e-08,-7.671250386920292e-06,0.009999999999987626,1.5730824752314332e-08,-0.0003550437671412343,trajectory,STRAIGHT,3.738919258117676,13.016353607176631,4.7799367166589946e-06
1778,96172.828,13.017326354980469,-2.1007440409448463e-06,-0.9962129592895508,-5.188143390534833e-07,0.009637024253606796,-8.664584782991369e-08,-7.671250386920292e-06,0.009999999999987545,1.5783654387616087e-08,-0.0003550437671412343,trajectory,STRAIGHT,3.7389702796936035,13.017326354979357,4.7799367166589946e-06
1779,96172.937,13.018299102783203,-2.108932676492259e-06,-0.9962129592895508,-5.191718476544756e-07,0.009686109609901905,-7.448462469028527e-08,-7.662666575924959e-06,0.009999999999987463,1.5833751688782008e-08,-0.00035504445384611395,trajectory,STRAIGHT,3.7390241622924805,13.01829910278208,4.7799367166589946e-06
1780,96173.062,13.01929759979248,-2.1161624772503274e-06,-0.9962129592895508,-5.196535471990734e-07,0.009728864766657352,-6.8400872521579e-08,-7.662666575924959e-06,0.00999999999998739,1.588043466364359e-08,-0.00035504445384611395,trajectory,STRAIGHT,3.7390737533569336,13.01929759979135,4.7799367166589946e-06
1781,96173.187,13.020302772521973,-2.123060539815924e-06,-0.9962129592895508,-5.205962004268876e-07,0.009765984490513802,-6.652989270605758e-08,-7.662666575924959e-06,0.009999999999987312,1.5930129873708095e-08,-0.00035504445384611395,trajectory,STRAIGHT,3.7391176223754883,13.020302772520834,4.7799367166589946e-06
1782,96173.296,13.021307945251465,-2.1295597889547935e-06,-0.9962129592895508,-5.224545401086261e-07,0.009798141196370125,-5.998853680466709e-08,-7.662666575924959e-06,0.00999999999998722,1.598700732052456e-08,-0.00035504445384611395,trajectory,STRAIGHT,3.7391583919525146,13.021307945250319,4.7799367166589946e-06
1783,96173.421,13.022313117980957,-2.1351145278458716e-06,-0.9962129592895508,-5.246958075979307e-07,0.00982593558728695,-4.8018048204312436e-08,-7.654082764929626e-06,0.00999999999998713,1.604297713873366e-08,-0.00035504514055099355,trajectory,STRAIGHT,3.739194393157959,13.022313117979804,4.7799367166589946e-06
1784,96173.546,13.02331829071045,-2.1392768303485354e-06,-0.9962129592895508,-5.276366333449268e-07,0.009849944151937962,-3.3595117798768115e-08,-7.654082764929626e-06,0.009999999999987042,1.6098932355549073e-08,-0.00035504514055099355,trajectory,STRAIGHT,3.7392263412475586,13.023318290709291,4.7799367166589946e-06
1785,96173.671,13.024323463439941,-2.1419671156763798e-06,-0.9962129592895508,-5.311175317970082e-07,0.009870651178061962,-1.9163920228493225e-08,-7.654082764929626e-06,0.009999999999986953,1.6152864612937517e-08,-0.00035504514055099355,trajectory,STRAIGHT,3.73925518989563,13.02432346343878,4.7799367166589946e-06
1786,96173.781,13.025328636169434,-2.1431853838294046e-06,-0.9962129592895508,-5.350304433478732e-07,0.009888521395623684,-4.724691304858197e-09,-7.654082764929626e-06,0.009999999999986872,1.620368197813358e-08,-0.00035504514055099355,trajectory,STRAIGHT,3.7392795085906982,13.02532863616827,4.7799367166589946e-06
1787,96173.906,13.026333808898926,-2.14301894629898e-06,-0.9962129592895508,-5.390324375540275e-07,0.009903931058943272,6.3455822818525576e-09,-7.654082764929626e-06,0.0099999999999868,1.6248386169166957e-08,-0.00035504514055099355,trajectory,STRAIGHT,3.73930025100708,13.026333808897762,4.7799367166589946e-06
1788,96174.031,13.027338981628418,-2.142052380804671e-06,-0.9962129592895508,-5.4267042364657e-07,0.009917221963405609,1.1254658538462081e-08,-7.654082764929626e-06,0.00999999999998674,1.6285398968369806e-08,-0.00035504514055099355,trajectory,STRAIGHT,3.739318370819092,13.027338981627254,4.7799367166589946e-06
1789,96174.156,13.02834415435791,-2.1408995962701738e-06,-0.9962129592895508,-5.464939886566347e-07,0.009928667917847633,1.1106672914706905e-08,-7.654082764929626e-06,0.009999999999986678,1.6323323721655465e-08,-0.00035504514055099355,trajectory,STRAIGHT,3.7393341064453125,13.028344154356748,4.7799367166589946e-06
1790,96174.281,13.029349327087402,-2.1398318494902924e-06,-0.9962129592895508,-5.506814672642211e-07,0.00993853248655796,9.608220885581886e-09,-7.654082764929626e-06,0.009999999999986608,1.636531881495865e-08,-0.00035504514055099355,trajectory,STRAIGHT,3.7393479347229004,13.02934932708624,4.7799367166589946e-06
1791,96174.39,13.030295372009277,-2.139026719305548e-06,-0.9962129592895508,-5.550732429276644e-07,0.009946567006409168,6.964707033318973e-09,-7.654082764929626e-06,0.009999999999986537,1.641036431979648e-08,-0.00035504514055099355,trajectory,STRAIGHT,3.739358425140381,13.030295372008116,4.7799367166589946e-06
1792,96174.515,13.031270980834961,-2.1385233139881166e-06,-0.9962129592895508,-5.600779622084002e-07,0.009953755885362625,2.98602920167923e-09,-7.654082764929626e-06,0.009999999999986447,1.6463236025011327e-08,-0.00035504514055099355,trajectory,STRAIGHT,3.739368438720703,13.0312709808338,4.7799367166589946e-06
1793,96174.734,13.033015251159668,-2.1388448203651933e-06,-0.9962129592895508,-5.707761754820448e-07,0.00996428169310093,-7.297226378710775e-09,-7.654082764929626e-06,0.009999999999986253,1.6581485212126594e-08,-0.00035504514055099355,trajectory,STRAIGHT,3.7393860816955566,13.033015251158504,4.7799367166589946e-06
1794,96174.843,13.033961296081543,-2.1398852823040215e-06,-0.9962129592895508,-5.774365182529427e-07,0.009968956001102924,-1.4575246787273954e-08,-7.654082764929626e-06,0.009999999999986124,1.6658613178444847e-08,-0.00035504514055099355,trajectory,STRAIGHT,3.7393860816955566,13.033961296080378,4.7799367166589946e-06
1795,96174.953,13.034907341003418,-2.141681534340023e-06,-0.9962129592895508,-5.846605779954408e-07,0.009973005391657352,-2.304938107045018e-08,-7.654082764929626e-06,0.00999999999998598,1.67452345267089e-08,-0.00035504514055099355,trajectory,STRAIGHT,3.739391326904297,13.034907341002251,4.7799367166589946e-06
1796,96175.078,13.035882949829102,-2.144422978744842e-06,-0.9962129592895508,-5.923537719522372e-07,0.009976621717214584,-3.189048669582917e-08,-7.654082764929626e-06,0.009999999999985817,1.68415376348321e-08,-0.00035504514055099355,trajectory,STRAIGHT,3.739396810531616,13.035882949827931,4.7799367166589946e-06
1797,96175.203,13.036858558654785,-2.147960458387388e-06,-0.9962129592895508,-6.001530319182877e-07,0.009979777969419956,-3.9570348775441744e-08,-7.654082764929626e-06,0.009999999999985647,1.6942975561727806e-08,-0.00035504514055099355,trajectory,STRAIGHT,3.7394020557403564,13.03685855865361,4.7799367166589946e-06
1798,96175.328,13.037863731384277,-2.152347178707714e-06,-0.9962129592895508,-6.079593450428865e-07,0.009982614777982235,-4.57437607792599e-08,-7.652652129763737e-06,0.009999999999985467,1.7049000688508716e-08,-0.00035504525500180685,trajectory,STRAIGHT,3.739405870437622,13.037863731383098,4.7799367166589946e-06
1799,96175.453,13.038898468017578,-2.1573659978457727e-06,-0.9962129592895508,-6.140512590918928e-07,0.009985093958675861,-4.90833400590418e-08,-7.651221494597849e-06,0.00999999999998531,1.714129945819773e-08,-0.0003550453694526201,trajectory,STRAIGHT,3.7394087314605713,13.038898468016392,4.7799367166589946e-06
1800,96175.578,13.039962768554688,-2.1627199657814344e-06,-0.9962129592895508,-6.200332334375419e-07,0.009987276047468185,-4.9954262948403994e-08,-7.651221494597849e-06,0.009999999999985148,1.7234408274780468e-08,-0.0003550453694526201,trajectory,STRAIGHT,3.7394111156463623,13.039962768553494,4.7799367166589946e-06
1801,96175.687,13.04096794128418,-2.1678047232853714e-06,-0.9962129592895508,-6.26116219353652e-07,0.009989007376134396,-4.9535600510353106e-08,-7.651221494597849e-06,0.00999999999998499,1.732685513938766e-08,-0.0003550453694526201,trajectory,STRAIGHT,3.7394137382507324,13.04096794128298,4.7799367166589946e-06
1802,96175.812,13.041943550109863,-2.1726341401517857e-06,-0.9962129592895508,-6.322268877778059e-07,0.009990563616156578,-4.782486584531398e-08,-7.651221494597849e-06,0.00999999999998483,1.7418139685134364e-08,-0.0003550453694526201,trajectory,STRAIGHT,3.739415407180786,13.041943550108659,4.7799367166589946e-06
1803,96175.937,13.042948722839355,-2.177366013711435e-06,-0.9962129592895508,-6.386124504846127e-07,0.0099919019266963,-4.471828773944253e-08,-7.651221494597849e-06,0.009999999999984667,1.7511872915831968e-08,-0.0003550453694526201,trajectory,STRAIGHT,3.7394182682037354,13.042948722838144,4.7799367166589946e-06
1804,96176.062,13.043983459472656,-2.1818314053234644e-06,-0.9962129592895508,-6.454841384862368e-07,0.009993082843720913,-4.0095564202147216e-08,-7.651221494597849e-06,0.009999999999984495,1.7609304346267367e-08,-0.0003550453694526201,trajectory,STRAIGHT,3.7394182682037354,13.04398345947144,4.7799367166589946e-06
1805,96176.187,13.044929504394531,-2.185426637879573e-06,-0.9962129592895508,-6.51949850606439e-07,0.00999417807906866,-3.4604298093654506e-08,-7.651221494597849e-06,0.00999999999998434,1.7697748307231016e-08,-0.0003550453694526201,trajectory,STRAIGHT,3.73941969871521,13.04492950439331,4.7799367166589946e-06
1806,96176.312,13.045964241027832,-2.1886855847697007e-06,-0.9962129592895508,-6.594511349964064e-07,0.009995155967772007,-2.7214719366952522e-08,-7.651221494597849e-06,0.009999999999984166,1.7795358492690918e-08,-0.0003550453694526201,trajectory,STRAIGHT,3.7394204139709473,13.045964241026606,4.7799367166589946e-06
1807,96176.437,13.046969413757324,-2.1910366285737837e-06,-0.9962129592895508,-6.669525333074827e-07,0.009995845146477222,-1.870790455882343e-08,-7.651221494597849e-06,0.009999999999984,1.7888175179139e-08,-0.0003550453694526201,trajectory,STRAIGHT,3.73941969871521,13.046969413756095,4.7799367166589946e-06
1808,96176.546,13.047974586486816,-2.1926073259237455e-06,-0.9962129592895508,-6.746912518974883e-07,0.009996522217988968,-1.2930785331377592e-08,-7.651221494597849e-06,0.009999999999983838,1.797938577850463e-08,-0.0003550453694526201,trajectory,STRAIGHT,3.7394204139709473,13.047974586485585,4.7799367166589946e-06
1809,96176.687,13.049038887023926,-2.1937239580438472e-06,-0.9962129592895508,-6.813282925158725e-07,0.009997259825468063,-6.81911371813726e-09,-7.651221494597849e-06,0.009999999999983697,1.805760729149432e-08,-0.0003550453694526201,trajectory,STRAIGHT,3.7394216060638428,13.049038887022693,4.7799367166589946e-06
1810,96176.812,13.050044059753418,-2.1938001282251207e-06,-0.9962129592895508,-6.864785877596914e-07,0.009997956454753876,2.820392364100144e-09,-7.651221494597849e-06,0.009999999999983593,1.811529714784052e-08,-0.0003550453694526201,trajectory,STRAIGHT,3.7394227981567383,13.050044059752183,4.7799367166589946e-06
1811,96176.937,13.051108360290527,-2.1933121843176195e-06,-0.9962129592895508,-6.91781622880376e-07,0.009998545981943607,5.7417626209144146e-09,-7.651221494597849e-06,0.009999999999983489,1.817196776614479e-08,-0.0003550453694526201,trajectory,STRAIGHT,3.739421844482422,13.051108360289293,4.7799367166589946e-06
1812,96177.062,13.052054405212402,-2.1926200588495703e-06,-0.9962129592895508,-6.954950325453953e-07,0.009998788125813007,8.260728989739619e-09,-7.651221494597849e-06,0.009999999999983418,1.8211014482039215e-08,-0.0003550453694526201,trajectory,STRAIGHT,3.739421844482422,13.052054405211168,4.7799367166589946e-06
1813,96177.171,13.053000450134277,-2.191796056649764e-06,-0.9962129592895508,-6.980465054211384e-07,0.009998991154134274,7.709936689082042e-09,-7.651221494597849e-06,0.00999999999998337,1.823776635558061e-08,-0.0003550453694526201,trajectory,STRAIGHT,3.739422082901001,13.053000450133045,4.7799367166589946e-06
1814,96177.296,13.05400562286377,-2.1913726868660888e-06,-0.9962129592895508,-7.007599822853273e-07,0.009999214671552181,-7.668885526612712e-10,-7.651221494597849e-06,0.009999999999983314,1.8268540309680677e-08,-0.0003550453694526201,trajectory,STRAIGHT,3.7394235134124756,13.054005622862535,4.7799367166589946e-06
1815,96177.406,13.054922103881836,-2.19205821849755e-06,-0.9962129592895508,-7.034543601670401e-07,0.009999383240938187,-1.4161614991792248e-08,-7.651221494597849e-06,0.009999999999983248,1.8304314456963006e-08,-0.0003550453694526201,trajectory,STRAIGHT,3.739423990249634,13.054922103880601,4.7799367166589946e-06
1816,96177.515,13.055868148803711,-2.193962473029387e-06,-0.9962129592895508,-7.063083548960025e-07,0.00999956950545311,-2.4720575808601097e-08,-7.651221494597849e-06,0.009999999999983166,1.8348133334428208e-08,-0.0003550453694526201,trajectory,STRAIGHT,3.7394232749938965,13.055868148802473,4.7799367166589946e-06
1817,96177.64,13.056784629821777,-2.1965588530292735e-06,-0.9962129592895508,-7.090731624263264e-07,0.00999977346509695,-3.035785667293567e-08,-7.651221494597849e-06,0.009999999999983081,1.839446504844292e-08,-0.0003550453694526201,trajectory,STRAIGHT,3.7394230365753174,13.056784629820536,4.7799367166589946e-06
1818,96177.75,13.057730674743652,-2.199563823523931e-06,-0.9962129592895508,-7.120984834352763e-07,0.009999957866966724,-3.143711779785008e-08,-7.651221494597849e-06,0.009999999999982988,1.8445695547325864e-08,-0.0003550453694526201,trajectory,STRAIGHT,3.7394235134124756,13.057730674742407,4.7799367166589946e-06
1819,96177.875,13.058706283569336,-2.202524683525553e-06,-0.9962129592895508,-7.155837813390186e-07,0.010000142268836498,-2.7506958488743294e-08,-7.651221494597849e-06,0.009999999999982885,1.8501491821750154e-08,-0.0003550453694526201,trajectory,STRAIGHT,3.739423990249634,13.058706283568087,4.7799367166589946e-06
1820,96177.984,13.059711456298828,-2.2049082417652244e-06,-0.9962129592895508,-7.188156137367505e-07,0.010000316426157951,-1.898009571732473e-08,-7.651221494597849e-06,0.00999999999998279,1.8551972353878617e-08,-0.0003550453694526201,trajectory,STRAIGHT,3.7394232749938965,13.059711456297576,4.7799367166589946e-06
1821,96178.109,13.060657501220703,-2.2067108602641383e-06,-0.9962129592895508,-7.207697754267027e-07,0.010000457055866718,-2.1584625642390165e-08,-7.651221494597849e-06,0.009999999999982728,1.8586352435686668e-08,-0.0003550453694526201,trajectory,STRAIGHT,3.7394230365753174,13.060657501219447,4.7799367166589946e-06
1822,96178.234,13.061662673950195,-2.2096469365351368e-06,-0.9962129592895508,-7.228132395841201e-07,0.010000573471188545,-3.568743167647881e-08,-7.651221494597849e-06,0.009999999999982651,1.8627835155707033e-08,-0.0003550453694526201,trajectory,STRAIGHT,3.7394235134124756,13.061662673948936,4.7799367166589946e-06
1823,96178.359,13.062638282775879,-2.2137846826808527e-06,-0.9962129592895508,-7.24603068861054e-07,0.010000648908317089,-4.737037784252607e-08,-7.651221494597849e-06,0.009999999999982568,1.8672831698438116e-08,-0.0003550453694526201,trajectory,STRAIGHT,3.739422082901001,13.062638282774614,4.7799367166589946e-06
1824,96178.484,13.06367301940918,-2.21908499042911e-06,-0.9962129592895508,-7.26327300531977e-07,0.010000684298574924,-5.2025587393700334e-08,-7.651221494597849e-06,0.009999999999982473,1.8723553281685716e-08,-0.0003550453694526201,trajectory,STRAIGHT,3.739424228668213,13.063673019407908,4.7799367166589946e-06
1825,96178.593,13.064648628234863,-2.2241629267227836e-06,-0.9962129592895508,-7.277490112519191e-07,0.010000672191381454,-4.945756515439825e-08,-7.651221494597849e-06,0.009999999999982384,1.8769785305877924e-08,-0.0003550453694526201,trajectory,STRAIGHT,3.7394235134124756,13.064648628233584,4.7799367166589946e-06
1826,96178.718,13.065653800964355,-2.229038500445313e-06,-0.9962129592895508,-7.284006073031012e-07,0.010000623762607574,-4.553696442144428e-08,-7.651221494597849e-06,0.009999999999982315,1.8807478456379216e-08,-0.0003550453694526201,trajectory,STRAIGHT,3.7394237518310547,13.065653800963071,4.7799367166589946e-06
1827,96178.828,13.066629409790039,-2.23335382543155e-06,-0.9962129592895508,-7.272435026386608e-07,0.01000056229531765,-4.089858762768017e-08,-7.651221494597849e-06,0.009999999999982283,1.882404254921475e-08,-0.0003550453694526201,trajectory,STRAIGHT,3.7394232749938965,13.06662940978875,4.7799367166589946e-06
1828,96178.953,13.067634582519531,-2.237572743979399e-06,-0.9962129592895508,-7.259640714364837e-07,0.010000498965382576,-4.453574575791208e-08,-7.651221494597849e-06,0.009999999999982254,1.8839090044883928e-08,-0.0003550453694526201,trajectory,STRAIGHT,3.7394230365753174,13.067634582518236,4.7799367166589946e-06
1829,96179.062,13.068551063537598,-2.242423079223954e-06,-0.9962129592895508,-7.247975312509749e-07,0.01000044122338295,-6.204092528605543e-08,-7.651221494597849e-06,0.009999999999982218,1.8858031560374934e-08,-0.0003550453694526201,trajectory,STRAIGHT,3.739423990249634,13.068551063536296,4.7799367166589946e-06
1830,96179.203,13.06955623626709,-2.250384568469599e-06,-0.9962129592895508,-7.235180999507653e-07,0.010000377893447876,-9.664249489560461e-08,-7.651221494597849e-06,0.009999999999982153,1.889252430442128e-08,-0.0003550453694526201,trajectory,STRAIGHT,3.739423990249634,13.069556236265779,4.7799367166589946e-06
1831,96179.312,13.070561408996582,-2.262159341626102e-06,-0.9962129592895508,-7.222386682713956e-07,0.010000314563512802,-1.3537629683924024e-07,-7.651221494597849e-06,0.00999999999998205,1.8946830011311556e-08,-0.0003550453694526201,trajectory,STRAIGHT,3.7394227981567383,13.070561408995257,4.7799367166589946e-06
1832,96179.421,13.071566581726074,-2.2782412543165265e-06,-0.9962129592895508,-7.209592360304977e-07,0.01000026986002922,-1.7777908567495615e-07,-7.651221494597849e-06,0.009999999999981907,1.902354057715567e-08,-0.0003550453694526201,trajectory,STRAIGHT,3.7394230365753174,13.071566581724728,4.7799367166589946e-06
1833,96179.546,13.072571754455566,-2.2983022063272074e-06,-0.9962129592895508,-7.196798042553415e-07,0.010000238195061684,-2.162419150408823e-07,-7.651221494597849e-06,0.00999999999998172,1.9120988795888978e-08,-0.0003550453694526201,trajectory,STRAIGHT,3.7394235134124756,13.072571754454197,4.7799367166589946e-06
1834,96179.671,13.073576927185059,-2.322493173778639e-06,-0.9962129592895508,-7.18400372457827e-07,0.010000206530094147,-2.5875300480038277e-07,-7.651221494597849e-06,0.009999999999981492,1.9239990836389266e-08,-0.0003550453694526201,trajectory,STRAIGHT,3.7394232749938965,13.073576927183659,4.7799367166589946e-06
1835,96179.796,13.07458209991455,-2.350803470108076e-06,-0.9962129592895508,-7.171209407584221e-07,0.01000017486512661,-2.945685366739781e-07,-7.651221494597849e-06,0.00999999999998122,1.9380524954096198e-08,-0.0003550453694526201,trajectory,STRAIGHT,3.7394230365753174,13.074582099913115,4.7799367166589946e-06
1836,96179.921,13.075587272644043,-2.382665343247936e-06,-0.9962129592895508,-7.158415089703253e-07,0.010000156238675117,-3.3084759820667387e-07,-7.651221494597849e-06,0.00999999999998091,1.9539674626050135e-08,-0.0003550453694526201,trajectory,STRAIGHT,3.7394230365753174,13.075587272642569,4.7799367166589946e-06
1837,96180.031,13.076592445373535,-2.4182254492188804e-06,-0.9962129592895508,-7.14562077261635e-07,0.010000143200159073,-3.6213060639056494e-07,-7.651221494597849e-06,0.00999999999998056,1.9718231519613128e-08,-0.0003550453694526201,trajectory,STRAIGHT,3.7394230365753174,13.076592445372015,4.7799367166589946e-06
1838,96180.156,13.07753849029541,-2.453176875860663e-06,-0.9962129592895508,-7.134354972256298e-07,0.010000113397836685,-3.6124023949923867e-07,-7.651221494597849e-06,0.009999999999980209,1.98949583105971e-08,-0.0003550453694526201,trajectory,STRAIGHT,3.73942232131958,13.077538490293845,4.7799367166589946e-06
1839,96180.359,13.079134941101074,-2.5092981559282634e-06,-0.9962129592895508,-7.119010660091528e-07,0.010000093840062618,-3.2900155133575026e-07,-7.651221494597849e-06,0.009999999999979633,2.0182386165305718e-08,-0.0003550453694526201,trajectory,STRAIGHT,3.739424228668213,13.079134941099435,4.7799367166589946e-06
1840,96180.468,13.080110549926758,-2.540649802540429e-06,-0.9962129592895508,-7.109706531694984e-07,0.010000093840062618,-3.035079600977042e-07,-7.651221494597849e-06,0.009999999999979308,2.0343019535416777e-08,-0.0003550453694526201,trajectory,STRAIGHT,3.739424228668213,13.080110549925077,4.7799367166589946e-06
1841,96180.593,13.081145286560059,-2.5708563953230623e-06,-0.9962129592895508,-7.099838517759659e-07,0.010000116191804409,-2.7087361331723514e-07,-7.651221494597849e-06,0.009999999999978993,2.0497707451306905e-08,-0.0003550453694526201,trajectory,STRAIGHT,3.7394237518310547,13.081145286558336,4.7799367166589946e-06
1842,96180.718,13.082091331481934,-2.5952249416150153e-06,-0.9962129592895508,-7.090816334359705e-07,0.010000145994126797,-2.360038848792101e-07,-7.651221494597849e-06,0.009999999999978736,2.0622351929409244e-08,-0.0003550453694526201,trajectory,STRAIGHT,3.7394232749938965,13.082091331480179,4.7799367166589946e-06
1843,96180.843,13.083096504211426,-2.6174627691943897e-06,-0.9962129592895508,-7.081230256014855e-07,0.010000195354223251,-2.0310133663770102e-07,-7.651221494597849e-06,0.009999999999978502,2.073587053884842e-08,-0.0003550453694526201,trajectory,STRAIGHT,3.73942232131958,13.083096504209639,4.7799367166589946e-06
1844,96180.968,13.08407211303711,-2.636851831994136e-06,-0.9962129592895508,-7.072065955085825e-07,0.010000226087868214,-1.9220033209421672e-07,-7.651221494597849e-06,0.009999999999978295,2.083485864646156e-08,-0.0003550453694526201,trajectory,STRAIGHT,3.739424467086792,13.084072113035294,4.7799367166589946e-06
1845,96181.078,13.085077285766602,-2.656161768754828e-06,-0.9962129592895508,-7.072894734770092e-07,0.01000025775283575,-1.8111009580934478e-07,-7.651221494597849e-06,0.009999999999978068,2.0943750978770177e-08,-0.0003550453694526201,trajectory,STRAIGHT,3.7394235134124756,13.08507728576476,4.7799367166589946e-06
1846,96181.187,13.086023330688477,-2.6725563202489866e-06,-0.9962129592895508,-7.074479526427854e-07,0.010000264272093773,-1.6021222393192147e-07,-7.651221494597849e-06,0.009999999999977872,2.1037848898143472e-08,-0.0003550453694526201,trajectory,STRAIGHT,3.7394232749938965,13.086023330686611,4.7799367166589946e-06
1847,96181.312,13.086969375610352,-2.6870159217651235e-06,-0.9962129592895508,-7.0754583687471e-07,0.010000254027545452,-1.4048555385670625e-07,-7.651221494597849e-06,0.009999999999977695,2.1121317789411856e-08,-0.0003550453694526201,trajectory,STRAIGHT,3.73942232131958,13.086969375608465,4.7799367166589946e-06
1848,96181.437,13.087944984436035,-2.7004450657841517e-06,-0.9962129592895508,-7.076227460341551e-07,0.01000022329390049,-1.3024425982166576e-07,-7.651221494597849e-06,0.00999999999997753,2.119948774206947e-08,-0.0003550453694526201,trajectory,STRAIGHT,3.7394232749938965,13.087944984434127,4.7799367166589946e-06
1849,96181.546,13.088920593261719,-2.712765308388043e-06,-0.9962129592895508,-7.076996552027474e-07,0.010000192560255527,-1.1812341682571059e-07,-7.651221494597849e-06,0.009999999999977374,2.1271934233937535e-08,-0.0003550453694526201,trajectory,STRAIGHT,3.7394235134124756,13.088920593259793,4.7799367166589946e-06
1850,96181.671,13.089925765991211,-2.7242060696153203e-06,-0.9962129592895508,-7.077788948866114e-07,0.01000016089528799,-1.0640355441182692e-07,-7.651221494597849e-06,0.00999999999997723,2.134009363371034e-08,-0.0003550453694526201,trajectory,STRAIGHT,3.739423990249634,13.089925765989268,4.7799367166589946e-06
1851,96181.781,13.090901374816895,-2.7342036901245592e-06,-0.9962129592895508,-7.078558039263868e-07,0.010000130161643028,-9.535141742844644e-08,-7.651221494597849e-06,0.0099999999999771,2.14005194824938e-08,-0.0003550453694526201,trajectory,STRAIGHT,3.739423990249634,13.090901374814937,4.7799367166589946e-06
1852,96181.921,13.091906547546387,-2.7432924980530515e-06,-0.9962129592895508,-7.079350437002197e-07,0.010000098496675491,-8.262051665042236e-08,-7.651221494597849e-06,0.009999999999976982,2.1456489536349905e-08,-0.0003550453694526201,trajectory,STRAIGHT,3.7394227981567383,13.091906547544415,4.7799367166589946e-06
1853,96182.046,13.092970848083496,-2.751421561697498e-06,-0.9962129592895508,-7.080189446559785e-07,0.01000007800757885,-6.765412052800457e-08,-7.651221494597849e-06,0.009999999999976871,2.1507979178705906e-08,-0.0003550453694526201,trajectory,STRAIGHT,3.7394230365753174,13.092970848081512,4.7799367166589946e-06
1854,96182.171,13.093976020812988,-2.7575408694247017e-06,-0.9962129592895508,-7.080981843730884e-07,0.010000063106417656,-5.2115176174538647e-08,-7.651221494597849e-06,0.009999999999976784,2.154848539841224e-08,-0.0003550453694526201,trajectory,STRAIGHT,3.7394235134124756,13.093976020810993,4.7799367166589946e-06
1855,96182.296,13.095010757446289,-2.762111307674786e-06,-0.9962129592895508,-7.081797547118409e-07,0.010000050067901611,-3.4694526362955e-08,-7.651221494597849e-06,0.009999999999976713,2.1581151380565483e-08,-0.0003550453694526201,trajectory,STRAIGHT,3.7394230365753174,13.095010757444287,4.7799367166589946e-06
1856,96182.5,13.096193313598633,-2.7649930416373536e-06,-0.9962129592895508,-7.082729779849931e-07,0.010000042617321014,-1.3015436728380791e-08,-7.651221494597849e-06,0.00999999999997666,2.1606226631616336e-08,-0.0003550453694526201,trajectory,STRAIGHT,3.7394237518310547,13.096193313596626,4.7799367166589946e-06
1857,96182.625,13.097701072692871,-2.765109229585505e-06,-0.9962129592895508,-7.08200730024598e-07,0.010000036098062992,8.54964987695439e-09,-7.651221494597849e-06,0.009999999999976635,2.1617626228941956e-08,-0.0003550453694526201,trajectory,STRAIGHT,3.7394232749938965,13.097701072690862,4.7799367166589946e-06
1858,96182.718,13.098706245422363,-2.7639330255624373e-06,-0.9962129592895508,-7.081195576551974e-07,0.010000036098062992,1.4294617045607083e-08,-7.651221494597849e-06,0.009999999999976633,2.1618312836326926e-08,-0.0003550453694526201,trajectory,STRAIGHT,3.7394237518310547,13.098706245420354,4.7799367166589946e-06
1859,96182.843,13.099711418151855,-2.7623007099464303e-06,-0.9962129592895508,-7.080383852528886e-07,0.010000036098062992,1.6827332416369245e-08,-7.651221494597849e-06,0.009999999999976635,2.1616600805718084e-08,-0.0003550453694526201,trajectory,STRAIGHT,3.7394235134124756,13.099711418149848,4.7799367166589946e-06
1860,96182.968,13.100716590881348,-2.7604498882283224e-06,-0.9962129592895508,-7.07957212839576e-07,0.010000036098062992,1.90478885997436e-08,-7.651221494597849e-06,0.009999999999976642,2.1613737356028362e-08,-0.0003550453694526201,trajectory,STRAIGHT,3.7394235134124756,13.100716590879342,4.7799367166589946e-06
1861,96183.093,13.10172176361084,-2.7584374038269743e-06,-0.9962129592895508,-7.078760404517241e-07,0.010000036098062992,2.0594663752149245e-08,-7.651221494597849e-06,0.00999999999997665,2.1610020105776028e-08,-0.0003550453694526201,trajectory,STRAIGHT,3.7394235134124756,13.101721763608836,4.7799367166589946e-06
1862,96183.203,13.102697372436523,-2.756420599325793e-06,-0.9962129592895508,-7.077972554822429e-07,0.010000036098062992,2.0610814388533072e-08,-7.651221494597849e-06,0.00999999999997666,2.160607449953154e-08,-0.0003550453694526201,trajectory,STRAIGHT,3.7394227981567383,13.102697372434521,4.7799367166589946e-06
1863,96183.328,13.103672981262207,-2.754407205429743e-06,-0.9962129592895508,-7.077184704960476e-07,0.010000036098062992,1.9777264270715023e-08,-7.651221494597849e-06,0.009999999999976666,2.1602143629281294e-08,-0.0003550453694526201,trajectory,STRAIGHT,3.739423990249634,13.103672981260207,4.7799367166589946e-06
1864,96183.453,13.10464859008789,-2.7524642973730806e-06,-0.9962129592895508,-7.076396855140182e-07,0.010000036098062992,1.8710432314605896e-08,-7.651221494597849e-06,0.009999999999976675,2.1598581411383493e-08,-0.0003550453694526201,trajectory,STRAIGHT,3.7394232749938965,13.104648590085892,4.7799367166589946e-06
1865,96183.562,13.105594635009766,-2.7507073809829308e-06,-0.9962129592895508,-7.075632879571645e-07,0.010000036098062992,1.757029544080524e-08,-7.651221494597849e-06,0.00999999999997668,2.1595795416125676e-08,-0.0003550453694526201,trajectory,STRAIGHT,3.7394235134124756,13.105594635007769,4.7799367166589946e-06
1866,96183.765,13.107338905334473,-2.7478554329718463e-06,-0.9962129592895508,-7.074224299645791e-07,0.010000036098062992,1.5259196572969813e-08,-7.651221494597849e-06,0.009999999999976687,2.159270011505501e-08,-0.0003550453694526201,trajectory,STRAIGHT,3.73942232131958,13.107338905332478,4.7799367166589946e-06
1867,96183.89,13.108344078063965,-2.7462590423965594e-06,-0.9962129592895508,-7.073412575571422e-07,0.010000012814998627,1.6042420725170814e-08,-7.651221494597849e-06,0.009999999999976692,2.1591163983453093e-08,-0.0003550453694526201,trajectory,STRAIGHT,3.73942232131958,13.108344078061972,4.7799367166589946e-06
1868,96184.031,13.109319686889648,-2.744633093243465e-06,-0.9962129592895508,-7.072624725815675e-07,0.010000004433095455,1.6808940017654095e-08,-7.651221494597849e-06,0.009999999999976694,2.1589267619945033e-08,-0.0003550453694526201,trajectory,STRAIGHT,3.739424467086792,13.109319686887655,4.7799367166589946e-06
1869,96184.125,13.11032485961914,-2.7428779958427185e-06,-0.9962129592895508,-7.071813001831458e-07,0.010000002570450306,1.7605207958126812e-08,-7.651221494597849e-06,0.0099999999999767,2.158688989110463e-08,-0.0003550453694526201,trajectory,STRAIGHT,3.7394237518310547,13.11032485961715,4.7799367166589946e-06
1870,96184.25,13.111300468444824,-2.7410967504692962e-06,-0.9962129592895508,-7.071025152046917e-07,0.010000002570450306,1.8384390898518177e-08,-7.651221494597849e-06,0.009999999999976706,2.1584168744596853e-08,-0.0003550453694526201,trajectory,STRAIGHT,3.7394237518310547,13.111300468442835,4.7799367166589946e-06
1871,96184.375,13.112276077270508,-2.7392377432988724e-06,-0.9962129592895508,-7.070237302275402e-07,0.010000002570450306,1.9169814180486355e-08,-7.651221494597849e-06,0.009999999999976713,2.1581033665617972e-08,-0.0003550453694526201,trajectory,STRAIGHT,3.7394230365753174,13.11227607726852,4.7799367166589946e-06
1872,96184.5,13.113251686096191,-2.7373007469577715e-06,-0.9962129592895508,-7.069449452508208e-07,0.010000002570450306,1.9961477804031347e-08,-7.651221494597849e-06,0.00999999999997672,2.157748280693604e-08,-0.0003550453694526201,trajectory,STRAIGHT,3.7394235134124756,13.113251686094205,4.7799367166589946e-06
1873,96184.609,13.1143159866333,-2.7350979507900774e-06,-0.9962129592895508,-7.068589980019604e-07,0.010000002570450306,2.0832228386780116e-08,-7.651221494597849e-06,0.00999999999997673,2.1573130143680223e-08,-0.0003550453694526201,trajectory,STRAIGHT,3.7394235134124756,13.114315986631317,4.7799367166589946e-06
1874,96184.734,13.115321159362793,-2.732930852289428e-06,-0.9962129592895508,-7.067778255979242e-07,0.010000002570450306,2.1661424653984795e-08,-7.651221494597849e-06,0.009999999999976741,2.156855575375367e-08,-0.0003550453694526201,trajectory,STRAIGHT,3.7394230365753174,13.11532115936081,4.7799367166589946e-06
1875,96184.859,13.116326332092285,-2.730678716034163e-06,-0.9962129592895508,-7.066966531938573e-07,0.010000002570450306,2.2497246732200438e-08,-7.651221494597849e-06,0.009999999999976751,2.1563525901811783e-08,-0.0003550453694526201,trajectory,STRAIGHT,3.7394230365753174,13.116326332090306,4.7799367166589946e-06
1876,96184.984,13.11727237701416,-2.728480694713653e-06,-0.9962129592895508,-7.066202556386037e-07,0.010000002570450306,2.3289954853566996e-08,-7.651221494597849e-06,0.009999999999976762,2.1558371584965267e-08,-0.0003550453694526201,trajectory,STRAIGHT,3.7394235134124756,13.117272377012183,4.7799367166589946e-06
1877,96185.093,13.118218421936035,-2.7262069579592207e-06,-0.9962129592895508,-7.065438580841126e-07,0.010000002570450306,2.4088530281574094e-08,-7.651221494597849e-06,0.009999999999976774,2.155281049336128e-08,-0.0003550453694526201,trajectory,STRAIGHT,3.7394232749938965,13.11821842193406,4.7799367166589946e-06
1878,96185.218,13.119223594665527,-2.7237060749030206e-06,-0.9962129592895508,-7.064626856841967e-07,0.010000002570450306,2.494344641945645e-08,-7.651221494597849e-06,0.009999999999976786,2.154644440396078e-08,-0.0003550453694526201,trajectory,STRAIGHT,3.7394232749938965,13.119223594663556,4.7799367166589946e-06
1879,96185.328,13.120199203491211,-2.7211949600314256e-06,-0.9962129592895508,-7.063839007071536e-07,0.010000002570450306,2.5779554491123235e-08,-7.651221494597849e-06,0.009999999999976803,2.1539814148055953e-08,-0.0003550453694526201,trajectory,STRAIGHT,3.7394235134124756,13.120199203489241,4.7799367166589946e-06
1880,96185.453,13.121145248413086,-2.718681116675725e-06,-0.9962129592895508,-7.063075031524426e-07,0.010000002570450306,2.6596286062385843e-08,-7.651221494597849e-06,0.009999999999976816,2.153295948839612e-08,-0.0003550453694526201,trajectory,STRAIGHT,3.7394230365753174,13.12114524841112,4.7799367166589946e-06
1881,96185.562,13.122091293334961,-2.716088374654646e-06,-0.9962129592895508,-7.062311055969448e-07,0.010000002570450306,2.741888316393215e-08,-7.651221494597849e-06,0.009999999999976831,2.1525678550937334e-08,-0.0003550453694526201,trajectory,STRAIGHT,3.7394227981567383,13.122091293332996,4.7799367166589946e-06
1882,96185.687,13.123066902160645,-2.7133316962135723e-06,-0.9962129592895508,-7.061523206166718e-07,0.010000002570450306,2.8273335672679423e-08,-7.651221494597849e-06,0.009999999999976849,2.151772145495905e-08,-0.0003550453694526201,trajectory,STRAIGHT,3.739422559738159,13.123066902158683,4.7799367166589946e-06
1883,96185.796,13.124042510986328,-2.7104899800178828e-06,-0.9962129592895508,-7.060735356363735e-07,0.010000002570450306,2.913402674664667e-08,-7.651221494597849e-06,0.009999999999976868,2.1509303598909506e-08,-0.0003550453694526201,trajectory,STRAIGHT,3.7394237518310547,13.12404251098437,4.7799367166589946e-06
1884,96185.937,13.12504768371582,-2.7074725039710756e-06,-0.9962129592895508,-7.059923632336867e-07,0.010000002570450306,3.002733350854214e-08,-7.651221494597849e-06,0.009999999999976887,2.1500144220622622e-08,-0.0003550453694526201,trajectory,STRAIGHT,3.7394230365753174,13.125047683713866,4.7799367166589946e-06
1885,96186.046,13.125993728637695,-2.7045493879995774e-06,-0.9962129592895508,-7.059159656794956e-07,0.010000002570450306,3.0874140577452636e-08,-7.651221494597849e-06,0.009999999999976908,2.1491071808447112e-08,-0.0003550453694526201,trajectory,STRAIGHT,3.7394232749938965,13.125993728635743,4.7799367166589946e-06
1886,96186.171,13.126969337463379,-2.701449147934909e-06,-0.9962129592895508,-7.058371807029702e-07,0.010000002570450306,3.175355445250716e-08,-7.651221494597849e-06,0.009999999999976928,2.1481249136071418e-08,-0.0003550453694526201,trajectory,STRAIGHT,3.7394235134124756,13.12696933746143,4.7799367166589946e-06
1887,96186.281,13.127944946289062,-2.6982618237525458e-06,-0.9962129592895508,-7.057583957260152e-07,0.010000002570450306,3.263920689278166e-08,-7.651221494597849e-06,0.009999999999976951,2.1470951867562142e-08,-0.0003550453694526201,trajectory,STRAIGHT,3.739422082901001,13.127944946287117,4.7799367166589946e-06
1888,96186.39,13.128950119018555,-2.694885552045889e-06,-0.9962129592895508,-7.056772233238026e-07,0.010000002570450306,3.355822997264113e-08,-7.651221494597849e-06,0.009999999999976973,2.145983855142384e-08,-0.0003550453694526201,trajectory,STRAIGHT,3.7394237518310547,13.128950119016615,4.7799367166589946e-06
1889,96186.515,13.129866600036621,-2.691725512704579e-06,-0.9962129592895508,-7.056032131917959e-07,0.010000002570450306,3.440193552251003e-08,-7.651221494597849e-06,0.009999999999976998,2.1449259442613303e-08,-0.0003550453694526201,trajectory,STRAIGHT,3.739423990249634,13.129866600034685,4.7799367166589946e-06
1890,96186.64,13.130871772766113,-2.688168933673296e-06,-0.9962129592895508,-7.055220407872377e-07,0.010000002570450306,3.5333627579348104e-08,-7.651221494597849e-06,0.009999999999977024,2.1437160044226707e-08,-0.0003550453694526201,trajectory,STRAIGHT,3.7394230365753174,13.13087177276418,4.7799367166589946e-06
1891,96186.75,13.131876945495605,-2.684517312445678e-06,-0.9962129592895508,-7.054408683840585e-07,0.010000002570450306,3.627193834176978e-08,-7.651221494597849e-06,0.00999999999997705,2.1424539741149117e-08,-0.0003550453694526201,trajectory,STRAIGHT,3.7394232749938965,13.131876945493676,4.7799367166589946e-06
1892,96186.859,13.132882118225098,-2.680769057405996e-06,-0.9962129592895508,-7.053596959822883e-07,0.010000002570450306,3.7216871362488746e-08,-7.651221494597849e-06,0.009999999999977078,2.1411389167633197e-08,-0.0003550453694526201,trajectory,STRAIGHT,3.7394227981567383,13.132882118223174,4.7799367166589946e-06
1893,96186.984,13.13388729095459,-2.6769243959279265e-06,-0.9962129592895508,-7.052785235828165e-07,0.010000002570450306,3.8168426641504993e-08,-7.651221494597849e-06,0.009999999999977107,2.1397708685239722e-08,-0.0003550453694526201,trajectory,STRAIGHT,3.739423990249634,13.13388729095267,4.7799367166589946e-06
1894,96187.109,13.134892463684082,-2.6729821911430918e-06,-0.9962129592895508,-7.05197351182035e-07,0.010000002570450306,3.9126604178818525e-08,-7.651221494597849e-06,0.009999999999977138,2.1383491341714874e-08,-0.0003550453694526201,trajectory,STRAIGHT,3.73942232131958,13.134892463682167,4.7799367166589946e-06
1895,96187.234,13.135897636413574,-2.668941988304141e-06,-0.9962129592895508,-7.051161787788501e-07,0.010000002570450306,4.009140397442934e-08,-7.651221494597849e-06,0.009999999999977168,2.1368733829081313e-08,-0.0003550453694526201,trajectory,STRAIGHT,3.7394230365753174,13.135897636411663,4.7799367166589946e-06
1896,96187.359,13.136873245239258,-2.664926341822138e-06,-0.9962129592895508,-7.050373937982965e-07,0.010000002570450306,4.10341591816632e-08,-7.651221494597849e-06,0.0099999999999772,2.1353889976318857e-08,-0.0003550453694526201,trajectory,STRAIGHT,3.7394227981567383,13.136873245237352,4.7799367166589946e-06
1897,96187.468,13.137848854064941,-2.660816790012177e-06,-0.9962129592895508,-7.049586088183051e-07,0.010000002570450306,4.198315295411703e-08,-7.651221494597849e-06,0.009999999999977234,2.1338527111126982e-08,-0.0003550453694526201,trajectory,STRAIGHT,3.7394232749938965,13.13784885406304,4.7799367166589946e-06
1898,96187.593,13.138824462890625,-2.6566131055005826e-06,-0.9962129592895508,-7.04879823839876e-07,0.010000002570450306,4.2938388844504516e-08,-7.651221494597849e-06,0.009999999999977267,2.132264319566595e-08,-0.0003550453694526201,trajectory,STRAIGHT,3.7394237518310547,13.13882446288873,4.7799367166589946e-06
1899,96187.718,13.139800071716309,-2.6523146061663283e-06,-0.9962129592895508,-7.048010388630396e-07,0.010000002570450306,4.3899863300111974e-08,-7.651221494597849e-06,0.009999999999977303,2.130623374319575e-08,-0.0003550453694526201,trajectory,STRAIGHT,3.7394232749938965,13.139800071714419,4.7799367166589946e-06
1900,96187.828,13.140775680541992,-2.647920609888388e-06,-0.9962129592895508,-7.047222538867261e-07,0.010000002570450306,4.4867576320939406e-08,-7.651221494597849e-06,0.00999999999997734,2.1289294257547866e-08,-0.0003550453694526201,trajectory,STRAIGHT,3.7394232749938965,13.140775680540106,4.7799367166589946e-06
1901,96187.953,13.141780853271484,-2.6432928734720917e-06,-0.9962129592895508,-7.046410814850068e-07,0.010000002570450306,4.5871139775499614e-08,-7.651221494597849e-06,0.009999999999977378,2.1271282397520886e-08,-0.0003550453694526201,trajectory,STRAIGHT,3.7394235134124756,13.141780853269605,4.7799367166589946e-06
1902,96188.062,13.14272689819336,-2.6388436253910186e-06,-0.9962129592895508,-7.045646839297246e-07,0.010000002570450306,4.682171805825419e-08,-7.651221494597849e-06,0.009999999999977414,2.125380837902647e-08,-0.0003550453694526201,trajectory,STRAIGHT,3.73942232131958,13.142726898191485,4.7799367166589946e-06
1903,96188.187,13.143702507019043,-2.6341595003032126e-06,-0.9962129592895508,-7.044858989493881e-07,0.010000002570450306,4.7808146774741545e-08,-7.651221494597849e-06,0.009999999999977454,2.1235254172694748e-08,-0.0003550453694526201,trajectory,STRAIGHT,3.7394235134124756,13.143702507017174,4.7799367166589946e-06
1904,96188.296,13.144678115844727,-2.6293769224139396e-06,-0.9962129592895508,-7.044071139688236e-07,0.010000002570450306,4.880081405644887e-08,-7.651221494597849e-06,0.009999999999977496,2.1216150630931772e-08,-0.0003550453694526201,trajectory,STRAIGHT,3.7394230365753174,13.144678115842863,4.7799367166589946e-06
1905,96188.421,13.145683288574219,-2.6243474167131353e-06,-0.9962129592895508,-7.043259415660571e-07,0.010000002570450306,4.983008849990256e-08,-7.651221494597849e-06,0.009999999999977537,2.1195897961912916e-08,-0.0003550453694526201,trajectory,STRAIGHT,3.7394230365753174,13.14568328857236,4.7799367166589946e-06
1906,96188.531,13.146658897399902,-2.6193642952421214e-06,-0.9962129592895508,-7.042471565888815e-07,0.010000002570450306,5.083542120587481e-08,-7.651221494597849e-06,0.00999999999997758,2.1175672904609865e-08,-0.0003550453694526201,trajectory,STRAIGHT,3.7394230365753174,13.146658897398051,4.7799367166589946e-06
1907,96188.656,13.147634506225586,-2.6142815841012634e-06,-0.9962129592895508,-7.041683716127693e-07,0.010000002570450306,5.1846988924353354e-08,-7.651221494597849e-06,0.009999999999977624,2.1154889737741154e-08,-0.0003550453694526201,trajectory,STRAIGHT,3.7394227981567383,13.147634506223742,4.7799367166589946e-06
1908,96188.781,13.148491859436035,-2.6097318368556444e-06,-0.9962129592895508,-7.040991363286524e-07,0.010000002570450306,5.27410968231834e-08,-7.651221494597849e-06,0.009999999999977664,2.1136159403196324e-08,-0.0003550453694526201,trajectory,STRAIGHT,3.7394230365753174,13.148491859434197,4.7799367166589946e-06
1909,96188.89,13.149467468261719,-2.604459723443142e-06,-0.9962129592895508,-7.040203513515253e-07,0.010000002570450306,5.3764388496801985e-08,-7.651221494597849e-06,0.00999999999997771,2.1114312878088507e-08,-0.0003550453694526201,trajectory,STRAIGHT,3.7394232749938965,13.149467468259886,4.7799367166589946e-06
1910,96189.015,13.150413513183594,-2.5992503651650622e-06,-0.9962129592895508,-7.039439537961223e-07,0.010000002570450306,5.476263353898503e-08,-7.651221494597849e-06,0.009999999999977754,2.1092582679347424e-08,-0.0003550453694526201,trajectory,STRAIGHT,3.7394237518310547,13.150413513181768,4.7799367166589946e-06
1911,96189.14,13.151418685913086,-2.5936101337720174e-06,-0.9962129592895508,-7.038627813922888e-07,0.010000002570450306,5.582969464512644e-08,-7.651221494597849e-06,0.009999999999977806,2.106890126742536e-08,-0.0003550453694526201,trajectory,STRAIGHT,3.7394237518310547,13.151418685911267,4.7799367166589946e-06
1912,96189.265,13.152512550354004,-2.58734780800296e-06,-0.9962129592895508,-7.037744467159445e-07,0.010000002570450306,5.699843441675512e-08,-7.651221494597849e-06,0.00999999999997786,2.1042428550367537e-08,-0.0003550453694526201,trajectory,STRAIGHT,3.7394227981567383,13.152512550352192,4.7799367166589946e-06
1913,96189.39,13.153488159179688,-2.5816530069278087e-06,-0.9962129592895508,-7.036956617379602e-07,0.010000002570450306,5.804744063198086e-08,-7.651221494597849e-06,0.009999999999977912,2.1018199249305378e-08,-0.0003550453694526201,trajectory,STRAIGHT,3.7394235134124756,13.153488159177883,4.7799367166589946e-06
1914,96189.515,13.154463768005371,-2.5758540687093046e-06,-0.9962129592895508,-7.036168767616196e-07,0.010000002570450306,5.910268541242658e-08,-7.651221494597849e-06,0.009999999999977964,2.0993380899511545e-08,-0.0003550453694526201,trajectory,STRAIGHT,3.739423990249634,13.154463768003573,4.7799367166589946e-06
1915,96189.609,13.155409812927246,-2.570130845924723e-06,-0.9962129592895508,-7.035404792084901e-07,0.010000002570450306,6.013190301246141e-08,-7.651221494597849e-06,0.009999999999978016,2.0968748165221118e-08,-0.0003550453694526201,trajectory,STRAIGHT,3.7394237518310547,13.155409812925456,4.7799367166589946e-06
1916,96189.734,13.15638542175293,-2.5641249976615654e-06,-0.9962129592895508,-7.034616942309847e-07,0.010000002570450306,6.11994366295221e-08,-7.651221494597849e-06,0.009999999999978072,2.0942757113858552e-08,-0.0003550453694526201,trajectory,STRAIGHT,3.7394232749938965,13.156385421751146,4.7799367166589946e-06
1917,96189.859,13.157361030578613,-2.558012965891976e-06,-0.9962129592895508,-7.03382909251715e-07,0.010000002570450306,6.22732017063754e-08,-7.651221494597849e-06,0.009999999999978127,2.0916163116369763e-08,-0.0003550453694526201,trajectory,STRAIGHT,3.7394237518310547,13.157361030576837,4.7799367166589946e-06
1918,96189.968,13.158395767211914,-2.551413899709587e-06,-0.9962129592895508,-7.032993494226178e-07,0.010000002570450306,6.341887370808763e-08,-7.651221494597849e-06,0.009999999999978186,2.0887294295014738e-08,-0.0003550453694526201,trajectory,STRAIGHT,3.739422559738159,13.158395767210147,4.7799367166589946e-06
1919,96190.109,13.159430503845215,-2.5446945528528886e-06,-0.9962129592895508,-7.032157895950528e-07,0.010000002570450306,6.457155876660181e-08,-7.651221494597849e-06,0.009999999999978247,2.0857740457025872e-08,-0.0003550453694526201,trajectory,STRAIGHT,3.7394237518310547,13.159430503843456,4.7799367166589946e-06
1920,96190.234,13.160465240478516,-2.537853561079828e-06,-0.9962129592895508,-7.031322297715365e-07,0.010000002570450306,6.57312639873453e-08,-7.651221494597849e-06,0.009999999999978313,2.082749303023045e-08,-0.0003550453694526201,trajectory,STRAIGHT,3.7394235134124756,13.160465240476764,4.7799367166589946e-06
1921,96190.343,13.16141128540039,-2.5314921003882773e-06,-0.9962129592895508,-7.030558322185818e-07,0.010000002570450306,6.679771047402028e-08,-7.651221494597849e-06,0.00999999999997837,2.0799228173589774e-08,-0.0003550453694526201,trajectory,STRAIGHT,3.7394235134124756,13.161411285398648,4.7799367166589946e-06
1922,96190.453,13.162416458129883,-2.524620413169032e-06,-0.9962129592895508,-7.029746598180557e-07,0.010000002570450306,6.793722917564082e-08,-7.651221494597849e-06,0.009999999999978434,2.076855278380509e-08,-0.0003550453694526201,trajectory,STRAIGHT,3.7394235134124756,13.162416458128149,4.7799367166589946e-06
1923,96190.578,13.16330337524414,-2.518460405553924e-06,-0.9962129592895508,-7.029030371103251e-07,0.010000002570450306,6.89481893800803e-08,-7.651221494597849e-06,0.009999999999978491,2.074093233468625e-08,-0.0003550453694526201,trajectory,STRAIGHT,3.7394237518310547,13.163303375242414,4.7799367166589946e-06
1924,96190.703,13.164308547973633,-2.511368847990525e-06,-0.9962129592895508,-7.028218647063578e-07,0.010000002570450306,7.010017100128607e-08,-7.651221494597849e-06,0.009999999999978556,2.0708997327021e-08,-0.0003550453694526201,trajectory,STRAIGHT,3.739424467086792,13.164308547971915,4.7799367166589946e-06
1925,96190.812,13.165313720703125,-2.504159283489571e-06,-0.9962129592895508,-7.027406923013228e-07,0.010000002570450306,7.125877488078913e-08,-7.651221494597849e-06,0.009999999999978625,2.06763850166686e-08,-0.0003550453694526201,trajectory,STRAIGHT,3.7394237518310547,13.165313720701416,4.7799367166589946e-06
1926,96190.937,13.166318893432617,-2.4968314846773865e-06,-0.9962129592895508,-7.026595198984766e-07,0.010000002570450306,7.242400812401684e-08,-7.651221494597849e-06,0.009999999999978693,2.0643093049841597e-08,-0.0003550453694526201,trajectory,STRAIGHT,3.7394235134124756,13.166318893430917,4.7799367166589946e-06
1927,96191.062,13.1672945022583,-2.4896050945244497e-06,-0.9962129592895508,-7.025807349214838e-07,0.010000002570450306,7.35612957214471e-08,-7.651221494597849e-06,0.009999999999978762,2.0610123528699162e-08,-0.0003550453694526201,trajectory,STRAIGHT,3.7394232749938965,13.16729450225661,4.7799367166589946e-06
1928,96191.187,13.168270111083984,-2.4822656996548176e-06,-0.9962129592895508,-7.025019499443898e-07,0.010000002570450306,7.470482898952469e-08,-7.651221494597849e-06,0.009999999999978831,2.0576502797669693e-08,-0.0003550453694526201,trajectory,STRAIGHT,3.7394232749938965,13.168270111082302,4.7799367166589946e-06
1929,96191.296,13.16918659210205,-2.4752678200457012e-06,-0.9962129592895508,-7.024279398143276e-07,0.010000002570450306,7.578474026104232e-08,-7.651221494597849e-06,0.009999999999978897,2.0544323600154715e-08,-0.0003550453694526201,trajectory,STRAIGHT,3.739424467086792,13.169186592100377,4.7799367166589946e-06
1930,96191.421,13.170191764831543,-2.4674770884303143e-06,-0.9962129592895508,-7.023467674132789e-07,0.010000002570450306,7.697548909391116e-08,-7.651221494597849e-06,0.00999999999997897,2.050836210734112e-08,-0.0003550453694526201,trajectory,STRAIGHT,3.739423990249634,13.170191764829879,4.7799367166589946e-06
1931,96191.531,13.171167373657227,-2.459798906784272e-06,-0.9962129592895508,-7.022679824334664e-07,0.010000002570450306,7.813755331653738e-08,-7.651221494597849e-06,0.009999999999979043,2.0472783848884906e-08,-0.0003550453694526201,trajectory,STRAIGHT,3.739423990249634,13.171167373655573,4.7799367166589946e-06
1932,96191.656,13.172113418579102,-2.4522432795492932e-06,-0.9962129592895508,-7.021915848766641e-07,0.010000002570450306,7.927036449473235e-08,-7.651221494597849e-06,0.009999999999979114,2.0437645820584595e-08,-0.0003550453694526201,trajectory,STRAIGHT,3.7394237518310547,13.172113418577457,4.7799367166589946e-06
1933,96191.75,13.173089027404785,-2.4443372694804566e-06,-0.9962129592895508,-7.021127998959716e-07,0.010000002570450306,8.04447068958325e-08,-7.651221494597849e-06,0.00999999999997919,2.0400746963118184e-08,-0.0003550453694526201,trajectory,STRAIGHT,3.7394232749938965,13.173089027403151,4.7799367166589946e-06
1934,96191.875,13.174094200134277,-2.4360697352676652e-06,-0.9962129592895508,-7.020316274937026e-07,0.010000002570450306,8.166116316488115e-08,-7.651221494597849e-06,0.009999999999979269,2.036202172021684e-08,-0.0003550453694526201,trajectory,STRAIGHT,3.739423990249634,13.174094200132652,4.7799367166589946e-06
1935,96192.0,13.17509937286377,-2.4276778276544064e-06,-0.9962129592895508,-7.019504550943774e-07,0.010000002570450306,8.288423458679972e-08,-7.651221494597849e-06,0.00999999999997935,2.032257317589194e-08,-0.0003550453694526201,trajectory,STRAIGHT,3.7394235134124756,13.175099372862155,4.7799367166589946e-06
1936,96192.125,13.176104545593262,-2.4191606371459784e-06,-0.9962129592895508,-7.018692826950831e-07,0.010000002570450306,8.411393537244294e-08,-7.651221494597849e-06,0.009999999999979432,2.0282395147700946e-08,-0.0003550453694526201,trajectory,STRAIGHT,3.7394230365753174,13.176104545591658,4.7799367166589946e-06
1937,96192.234,13.177109718322754,-2.4105177089950303e-06,-0.9962129592895508,-7.017881102924698e-07,0.010000002570450306,8.535025841638344e-08,-7.651221494597849e-06,0.009999999999979515,2.024148393421075e-08,-0.0003550453694526201,trajectory,STRAIGHT,3.739424228668213,13.17710971832116,4.7799367166589946e-06
1938,96192.359,13.178085327148438,-2.4020082491915673e-06,-0.9962129592895508,-7.017093253121085e-07,0.010000002570450306,8.655655392431072e-08,-7.651221494597849e-06,0.009999999999979596,2.0201070993572445e-08,-0.0003550453694526201,trajectory,STRAIGHT,3.739422559738159,13.178085327146855,4.7799367166589946e-06
1939,96192.562,13.179060935974121,-2.3933789634611458e-06,-0.9962129592895508,-7.016305403309763e-07,0.010000002570450306,8.776908799745797e-08,-7.651221494597849e-06,0.00999999999997968,2.0159957548186078e-08,-0.0003550453694526201,trajectory,STRAIGHT,3.739423990249634,13.179060935972547,4.7799367166589946e-06
1940,96192.703,13.180834770202637,-2.377380496909609e-06,-0.9962129592895508,-7.014872949145893e-07,0.010000002570450306,8.998969036611015e-08,-7.651221494597849e-06,0.009999999999979834,2.00833972259133e-08,-0.0003550453694526201,trajectory,STRAIGHT,3.739424228668213,13.180834770201084,4.7799367166589946e-06
1941,96192.812,13.181839942932129,-2.36813684750814e-06,-0.9962129592895508,-7.01406122512315e-07,0.010000002570450306,9.125718491986845e-08,-7.651221494597849e-06,0.009999999999979923,2.0038969776482668e-08,-0.0003550453694526201,trajectory,STRAIGHT,3.739424228668213,13.181839942930587,4.7799367166589946e-06
1942,96192.937,13.182845115661621,-2.3587633677379927e-06,-0.9962129592895508,-7.013249501131072e-07,0.010000002570450306,9.253129462649667e-08,-7.651221494597849e-06,0.009999999999980013,1.999377960378694e-08,-0.0003550453694526201,trajectory,STRAIGHT,3.739423990249634,13.18284511566009,4.7799367166589946e-06
1943,96193.062,13.183791160583496,-2.3498212158301612e-06,-0.9962129592895508,-7.012485525602898e-07,0.010000002570450306,9.37365101094656e-08,-7.651221494597849e-06,0.0099999999999801,1.9950541793302693e-08,-0.0003550453694526201,trajectory,STRAIGHT,3.739422559738159,13.183791160581976,4.7799367166589946e-06
1944,96193.171,13.18476676940918,-2.3404777493851725e-06,-0.9962129592895508,-7.0116976758296e-07,0.010000002570450306,9.498553055209413e-08,-7.651221494597849e-06,0.00999999999998019,1.9905235045789014e-08,-0.0003550453694526201,trajectory,STRAIGHT,3.7394237518310547,13.184766769407672,4.7799367166589946e-06
1945,96193.296,13.185771942138672,-2.3307215997192543e-06,-0.9962129592895508,-7.010885951792879e-07,0.010000002570450306,9.627891728314353e-08,-7.651221494597849e-06,0.009999999999980283,1.985779122159196e-08,-0.0003550453694526201,trajectory,STRAIGHT,3.739423990249634,13.185771942137174,4.7799367166589946e-06
1946,96193.421,13.186747550964355,-2.3211266579892254e-06,-0.9962129592895508,-7.010098101981871e-07,0.010000002570450306,9.754060670275067e-08,-7.651221494597849e-06,0.009999999999980375,1.9810999924671088e-08,-0.0003550453694526201,trajectory,STRAIGHT,3.739423990249634,13.18674755096287,4.7799367166589946e-06
1947,96193.531,13.187752723693848,-2.3111115297069773e-06,-0.9962129592895508,-7.0092863779343e-07,0.010000002570450306,9.884705320928333e-08,-7.651221494597849e-06,0.009999999999980474,1.9762024704097275e-08,-0.0003550453694526201,trajectory,STRAIGHT,3.739423990249634,13.187752723692373,4.7799367166589946e-06
1948,96193.656,13.188728332519531,-2.3012617020867765e-06,-0.9962129592895508,-7.008498528150438e-07,0.010000002570450306,1.0012141160586907e-07,-7.651221494597849e-06,0.00999999999998057,1.9713725156491328e-08,-0.0003550453694526201,trajectory,STRAIGHT,3.7394237518310547,13.18872833251807,4.7799367166589946e-06
1949,96193.781,13.189615249633789,-2.292198360009934e-06,-0.9962129592895508,-7.007782301076862e-07,0.010000002570450306,1.0128533034503562e-07,-7.651221494597849e-06,0.009999999999980656,1.966917021622992e-08,-0.0003550453694526201,trajectory,STRAIGHT,3.739423990249634,13.189615249632338,4.7799367166589946e-06
1950,96193.906,13.190531730651855,-2.282722562085837e-06,-0.9962129592895508,-7.00704219977498e-07,0.010000002570450306,1.0249346615864852e-07,-7.651221494597849e-06,0.009999999999980747,1.9622475146298496e-08,-0.0003550453694526201,trajectory,STRAIGHT,3.739424467086792,13.190531730650415,4.7799367166589946e-06
1951,96194.015,13.191536903381348,-2.27219993576e-06,-0.9962129592895508,-7.006230475790974e-07,0.010000002570450306,1.0382485271520636e-07,-7.651221494597849e-06,0.009999999999980849,1.957048981846132e-08,-0.0003550453694526201,trajectory,STRAIGHT,3.7394237518310547,13.19153690337992,4.7799367166589946e-06
1952,96194.125,13.192423820495605,-2.2628023543802556e-06,-0.9962129592895508,-7.005514248719033e-07,0.010000002570450306,1.0500509972644068e-07,-7.651221494597849e-06,0.00999999999998094,1.9523948492509812e-08,-0.0003550453694526201,trajectory,STRAIGHT,3.7394237518310547,13.19242382049419,4.7799367166589946e-06
1953,96194.25,13.193488121032715,-2.251385012641549e-06,-0.9962129592895508,-7.004654776223871e-07,0.010000002570450306,1.0642819603390308e-07,-7.651221494597849e-06,0.009999999999981052,1.946726318113065e-08,-0.0003550453694526201,trajectory,STRAIGHT,3.7394230365753174,13.193488121031312,4.7799367166589946e-06
1954,96194.375,13.194522857666016,-2.240136609543697e-06,-0.9962129592895508,-7.003819177925703e-07,0.010000002570450306,1.078188773817601e-07,-7.651221494597849e-06,0.009999999999981161,1.9411268472157516e-08,-0.0003550453694526201,trajectory,STRAIGHT,3.739424467086792,13.194522857664627,4.7799367166589946e-06
1955,96194.5,13.19546890258789,-2.229724486824125e-06,-0.9962129592895508,-7.003055202359255e-07,0.010000002570450306,1.0909650427493034e-07,-7.651221494597849e-06,0.009999999999981262,1.935930935624151e-08,-0.0003550453694526201,trajectory,STRAIGHT,3.7394235134124756,13.195468902586512,4.7799367166589946e-06
1956,96194.625,13.196503639221191,-2.218195504610776e-06,-0.9962129592895508,-7.002219604104184e-07,0.010000002570450306,1.1050062198592059e-07,-7.651221494597849e-06,0.009999999999981373,1.930163729546901e-08,-0.0003550453694526201,trajectory,STRAIGHT,3.7394235134124756,13.196503639219827,4.7799367166589946e-06
1957,96194.734,13.197449684143066,-2.207525312769576e-06,-0.9962129592895508,-7.00145562857462e-07,0.010000002570450306,1.1179053416299212e-07,-7.651221494597849e-06,0.009999999999981475,1.9248133534577323e-08,-0.0003550453694526201,trajectory,STRAIGHT,3.7394227981567383,13.197449684141715,4.7799367166589946e-06
1958,96194.859,13.198366165161133,-2.1970704437990207e-06,-0.9962129592895508,-7.000715527277423e-07,0.010000002570450306,1.130457292219944e-07,-7.651221494597849e-06,0.009999999999981576,1.9195593317149234e-08,-0.0003550453694526201,trajectory,STRAIGHT,3.7394232749938965,13.198366165159793,4.7799367166589946e-06
1959,96194.984,13.199371337890625,-2.1854691567568807e-06,-0.9962129592895508,-6.999903803282491e-07,0.010000002570450306,1.1442872249745051e-07,-7.651221494597849e-06,0.00999999999998169,1.9137160100166615e-08,-0.0003550453694526201,trajectory,STRAIGHT,3.7394237518310547,13.199371337889298,4.7799367166589946e-06
1960,96195.093,13.200287818908691,-2.174768269469496e-06,-0.9962129592895508,-6.999163701970307e-07,0.010000002570450306,1.156954638759089e-07,-7.651221494597849e-06,0.009999999999981793,1.9083141864231883e-08,-0.0003550453694526201,trajectory,STRAIGHT,3.7394237518310547,13.200287818907377,4.7799367166589946e-06
1961,96195.218,13.201233863830566,-2.163598082915996e-06,-0.9962129592895508,-6.998399726412011e-07,0.010000002570450306,1.1700884527954258e-07,-7.651221494597849e-06,0.0099999999999819,1.9026634188955224e-08,-0.0003550453694526201,trajectory,STRAIGHT,3.739423990249634,13.201233863829266,4.7799367166589946e-06
1962,96195.328,13.202239036560059,-2.1515916159842163e-06,-0.9962129592895508,-6.99758800235566e-07,0.010000002570450306,1.1841073188634255e-07,-7.651221494597849e-06,0.009999999999982015,1.8965762079648804e-08,-0.0003550453694526201,trajectory,STRAIGHT,3.7394227981567383,13.20223903655877,4.7799367166589946e-06
1963,96195.453,13.20324420928955,-2.1394416762632318e-06,-0.9962129592895508,-6.996776278306043e-07,0.010000002570450306,1.1981924785686715e-07,-7.651221494597849e-06,0.009999999999982133,1.8904024260037873e-08,-0.0003550453694526201,trajectory,STRAIGHT,3.7394230365753174,13.203244209288277,4.7799367166589946e-06
1964,96195.578,13.204249382019043,-2.1271478090056917e-06,-0.9962129592895508,-6.995964554290226e-07,0.010000002570450306,1.2123437898026168e-07,-7.651221494597849e-06,0.009999999999982249,1.884141674405109e-08,-0.0003550453694526201,trajectory,STRAIGHT,3.739424467086792,13.204249382017784,4.7799367166589946e-06
1965,96195.687,13.205254554748535,-2.1147091047168942e-06,-0.9962129592895508,-6.99522274770723e-07,0.010000002570450306,1.226561465728082e-07,-8.008857548702508e-06,0.009999999999982368,1.8778002920288415e-08,-0.0003550167585682917,trajectory,STRAIGHT,3.739424228668213,13.20525455474729,4.7799367166589946e-06
1966,96195.796,13.206259727478027,-2.102124881275813e-06,-0.9962137341499329,-6.996012302835339e-07,0.010000002570450306,1.240845222127973e-07,-1.0302014743501786e-05,0.009999999999982486,1.8715238957190004e-08,-0.0003547945629736038,trajectory,STRAIGHT,3.7394235134124756,13.206259727476796,4.7799367166589946e-06
1967,96195.921,13.20726490020752,-2.089394456561422e-06,-0.9962148666381836,-6.996804700161628e-07,0.010000002570450306,1.255195343219384e-07,-9.552408300805837e-06,0.009999999999982604,1.865159104757233e-08,-0.0003547638795863017,trajectory,STRAIGHT,3.7394232749938965,13.207264900206303,4.7799367166589946e-06
1968,96196.031,13.208270072937012,-2.076517830573721e-06,-0.9962148666381836,-6.997597097488536e-07,0.010000024922192097,1.2696111184595793e-07,-8.51383083499968e-06,0.009999999999982726,1.858705485675425e-08,-0.0003548469657835662,trajectory,STRAIGHT,3.739424467086792,13.20827007293581,4.7799367166589946e-06
1969,96196.156,13.209245681762695,-2.063878810076858e-06,-0.9962148666381836,-7.001156632386575e-07,0.010000055655837059,1.2836667906412913e-07,-8.237726433435455e-06,0.009999999999982839,1.8526349055798327e-08,-0.00035481932165017273,trajectory,STRAIGHT,3.7394280433654785,13.209245681761505,4.7799367166589946e-06
1970,96196.281,13.210221290588379,-2.051100182143273e-06,-0.9962148666381836,-7.019342547361133e-07,0.010000081732869148,1.2977844221495616e-07,-8.076064659690019e-06,0.009999999999982925,1.847941954657172e-08,-0.0003548322545920723,trajectory,STRAIGHT,3.739427089691162,13.210221290587203,4.7799367166589946e-06
1971,96196.39,13.211196899414062,-2.0381814920256147e-06,-0.9962148666381836,-7.036376246211255e-07,0.010000111535191536,1.311964723527126e-07,-8.054605132201687e-06,0.009999999999983016,1.8430483799777342e-08,-0.0003548339713542714,trajectory,STRAIGHT,3.7394278049468994,13.2111968994129,4.7799367166589946e-06
1972,96196.578,13.21208381652832,-2.0263155420252588e-06,-0.9962148666381836,-7.045516667789778e-07,0.010000111535191536,1.3249101016299392e-07,-8.054605132201687e-06,0.009999999999983111,1.837890891936586e-08,-0.0003548339713542714,trajectory,STRAIGHT,3.7394278049468994,13.212083816527173,4.7799367166589946e-06
1973,96196.734,13.213946342468262,-2.0010163552797167e-06,-0.9962148666381836,-7.064711553343409e-07,0.010000061243772507,1.3522635811114014e-07,-8.054605132201687e-06,0.009999999999983314,1.8268273925833368e-08,-0.0003548339713542714,trajectory,STRAIGHT,3.739427089691162,13.21394634246714,4.7799367166589946e-06
1974,96196.843,13.214951515197754,-1.9871470158250304e-06,-0.9962148666381836,-7.075070698084204e-07,0.010000050067901611,1.367120034956315e-07,-8.054605132201687e-06,0.009999999999983425,1.8207244601150804e-08,-0.0003548339713542714,trajectory,STRAIGHT,3.7394278049468994,13.214951515196647,4.7799367166589946e-06
1975,96196.968,13.215956687927246,-1.973126245502499e-06,-0.9962148666381836,-7.085429842728517e-07,0.010000050067901611,1.3820429956012958e-07,-8.054605132201687e-06,0.009999999999983538,1.8145286025297774e-08,-0.0003548339713542714,trajectory,STRAIGHT,3.7394280433654785,13.215956687926155,4.7799367166589946e-06
1976,96197.093,13.216961860656738,-1.9589526800700696e-06,-0.9962148666381836,-7.095788987386281e-07,0.010000050067901611,1.3970318946121552e-07,-8.054605132201687e-06,0.009999999999983652,1.8082388975589878e-08,-0.0003548339713542714,trajectory,STRAIGHT,3.739427328109741,13.216961860655662,4.7799367166589946e-06
1977,96197.218,13.21796703338623,-1.944625637406716e-06,-0.9962148666381836,-7.106148132057679e-07,0.010000050067901611,1.4120874425316288e-07,-8.054605132201687e-06,0.009999999999983768,1.8018548036192995e-08,-0.0003548339713542714,trajectory,STRAIGHT,3.739427089691162,13.21796703338517,4.7799367166589946e-06
1978,96197.343,13.219001770019531,-1.929716972881579e-06,-0.9962148666381836,-7.116811957472586e-07,0.010000050067901611,1.4276544391123025e-07,-8.054605132201687e-06,0.009999999999983888,1.7951842225303164e-08,-0.0003548339713542714,trajectory,STRAIGHT,3.7394258975982666,13.219001770018487,4.7799367166589946e-06
1979,96197.468,13.219947814941406,-1.9159424482495524e-06,-0.9962148666381836,-7.126561740683433e-07,0.010000050067901611,1.441948995761777e-07,-8.054605132201687e-06,0.009999999999983997,1.7889967804444686e-08,-0.0003548339713542714,trajectory,STRAIGHT,3.7394275665283203,13.219947814940376,4.7799367166589946e-06
1980,96197.578,13.220982551574707,-1.9007192122444394e-06,-0.9962148666381836,-7.137225566077447e-07,0.010000050067901611,1.4576502849195094e-07,-8.054605132201687e-06,0.00999999999998412,1.782132095774699e-08,-0.0003548339713542714,trajectory,STRAIGHT,3.739427328109741,13.220982551573691,4.7799367166589946e-06
1981,96197.687,13.221928596496582,-1.886656377791951e-06,-0.9962148666381836,-7.146975349280781e-07,0.010000050067901611,1.4720676233537233e-07,-8.054605132201687e-06,0.009999999999984233,1.7757664965413267e-08,-0.0003548339713542714,trajectory,STRAIGHT,3.739427089691162,13.22192859649558,4.7799367166589946e-06
1982,96197.812,13.222845077514648,-1.8729007251749863e-06,-0.9962148666381836,-7.156420451758968e-07,0.010000050067901611,1.4860899000268546e-07,-8.054605132201687e-06,0.009999999999984344,1.7695179349342303e-08,-0.0003548339713542714,trajectory,STRAIGHT,3.739426374435425,13.22284507751366,4.7799367166589946e-06
1983,96197.937,13.223820686340332,-1.8581139329398866e-06,-0.9962148666381836,-7.166474915682818e-07,0.010000050067901611,1.5010778042778838e-07,-8.054605132201687e-06,0.009999999999984464,1.7627771917893143e-08,-0.0003548339713542714,trajectory,STRAIGHT,3.739427328109741,13.22382068633936,4.7799367166589946e-06
1984,96198.046,13.224737167358398,-1.84408793302282e-06,-0.9962148666381836,-7.175920018160993e-07,0.010000050067901611,1.515213909897284e-07,-8.054605132201687e-06,0.009999999999984575,1.7563609655511987e-08,-0.0003548339713542714,trajectory,STRAIGHT,3.7394278049468994,13.224737167357441,4.7799367166589946e-06
1985,96198.187,13.225801467895508,-1.8276343780598836e-06,-0.9962148666381836,-7.186888524230585e-07,0.010000050067901611,1.531699354018201e-07,-8.054605132201687e-06,0.00999999999998471,1.748807153721493e-08,-0.0003548339713542714,trajectory,STRAIGHT,3.7394280433654785,13.225801467894566,4.7799367166589946e-06
1986,96198.312,13.226836204528809,-1.8114667454938171e-06,-0.9962148666381836,-7.197552349577867e-07,0.010000050067901611,1.5477978365652234e-07,-8.054605132201687e-06,0.009999999999984839,1.741356708052525e-08,-0.0003548339713542714,trajectory,STRAIGHT,3.7394278049468994,13.226836204527883,4.7799367166589946e-06
1987,96198.406,13.227782249450684,-1.7965365941563505e-06,-0.9962148666381836,-7.207302132774649e-07,0.010000050067901611,1.5625779781203164e-07,-8.054605132201687e-06,0.009999999999984958,1.7344524794026854e-08,-0.0003548339713542714,trajectory,STRAIGHT,3.7394280433654785,13.227782249449772,4.7799367166589946e-06
1988,96198.531,13.228757858276367,-1.780990942279459e-06,-0.9962148666381836,-7.217356596694947e-07,0.010000050067901611,1.5778813633460231e-07,-8.054605132201687e-06,0.009999999999985083,1.7272395940690106e-08,-0.0003548339713542714,trajectory,STRAIGHT,3.7394278049468994,13.228757858275472,4.7799367166589946e-06
1989,96198.656,13.22976303100586,-1.7648154653215897e-06,-0.9962148666381836,-7.227715741338741e-07,0.010000049136579037,1.5937138186927768e-07,-8.054605132201687e-06,0.009999999999985212,1.719708987729006e-08,-0.0003548339713542714,trajectory,STRAIGHT,3.7394278049468994,13.22976303100498,4.7799367166589946e-06
1990,96198.781,13.230738639831543,-1.748961153680284e-06,-0.9962148666381836,-7.237770205284415e-07,0.010000047273933887,1.6091439647425432e-07,-8.054605132201687e-06,0.009999999999985342,1.7123031891617238e-08,-0.0003548339713542714,trajectory,STRAIGHT,3.7394280433654785,13.230738639830678,4.7799367166589946e-06
1991,96198.89,13.2316255569458,-1.7344152638543164e-06,-0.9962148666381836,-7.246910627032396e-07,0.010000047273933887,1.6232255006798368e-07,-8.054605132201687e-06,0.009999999999985458,1.7054874492743728e-08,-0.0003548339713542714,trajectory,STRAIGHT,3.739427089691162,13.23162555694495,4.7799367166589946e-06
1992,96199.015,13.232630729675293,-1.7177763993458939e-06,-0.9962148666381836,-7.257269771705018e-07,0.010000047273933887,1.6392469603943027e-07,-8.054605132201687e-06,0.00999999999998559,1.6976667003435294e-08,-0.0003548339713542714,trajectory,STRAIGHT,3.7394275665283203,13.232630729674458,4.7799367166589946e-06
1993,96199.125,13.233606338500977,-1.7014702962114825e-06,-0.9962148666381836,-7.267324235652656e-07,0.010000047273933887,1.6548604264698952e-07,-8.054605132201687e-06,0.00999999999998572,1.6899776691158007e-08,-0.0003548339713542714,trajectory,STRAIGHT,3.739427328109741,13.233606338500158,4.7799367166589946e-06
1994,96199.25,13.234641075134277,-1.6840067473822273e-06,-0.9962148666381836,-7.277988061065335e-07,0.010000047273933887,1.671488405463606e-07,-8.054605132201687e-06,0.009999999999985859,1.681716292041246e-08,-0.0003548339713542714,trajectory,STRAIGHT,3.739427328109741,13.234641075133474,4.7799367166589946e-06
1995,96199.375,13.235616683959961,-1.6673807294864673e-06,-0.9962148666381836,-7.288042524990587e-07,0.010000047273933887,1.6872303376658238e-07,-8.054605132201687e-06,0.009999999999985992,1.673826070788999e-08,-0.0003548339713542714,trajectory,STRAIGHT,3.7394278049468994,13.235616683959172,4.7799367166589946e-06
1996,96199.5,13.236621856689453,-1.6500875972269569e-06,-0.9962148666381836,-7.298401669649137e-07,0.010000047273933887,1.703514840301068e-07,-8.054605132201687e-06,0.00999999999998613,1.6655938528574136e-08,-0.0003548339713542714,trajectory,STRAIGHT,3.7394278049468994,13.23662185668868,4.7799367166589946e-06
1997,96199.625,13.237597465515137,-1.6331439383066026e-06,-0.9962148666381836,-7.30845613357274e-07,0.010000047273933887,1.7193833912187984e-07,-8.054605132201687e-06,0.009999999999986263,1.657503346961903e-08,-0.0003548339713542714,trajectory,STRAIGHT,3.739427328109741,13.23759746551438,4.7799367166589946e-06
1998,96199.734,13.238602638244629,-1.615522137399239e-06,-0.9962148666381836,-7.318815278206653e-07,0.010000047273933887,1.7357984916088753e-07,-8.054605132201687e-06,0.009999999999986403,1.6490636313452637e-08,-0.0003548339713542714,trajectory,STRAIGHT,3.739426851272583,13.238602638243888,4.7799367166589946e-06
1999,96199.859,13.239578247070312,-1.5982583363438607e-06,-0.9962148666381836,-7.328869742118563e-07,0.010000047273933887,1.751793661242118e-07,-8.054605132201687e-06,0.009999999999986539,1.640770743361101e-08,-0.0003548339713542714,trajectory,STRAIGHT,3.7394278049468994,13.239578247069588,4.7799367166589946e-06
2000,96199.984,13.240612983703613,-1.5797745618328918e-06,-0.9962148666381836,-7.33953356746406e-07,0.010000047273933887,1.7688269338123064e-07,-8.054605132201687e-06,0.009999999999986684,1.6318652699289368e-08,-0.0003548339713542714,trajectory,STRAIGHT,3.7394280433654785,13.240612983702905,4.7799367166589946e-06
2001,96200.093,13.241588592529297,-1.562183001624362e-06,-0.9962148666381836,-7.349588031380652e-07,0.010000047273933887,1.7849507116807217e-07,-8.054605132201687e-06,0.009999999999986823,1.6233646648071156e-08,-0.0003548339713542714,trajectory,STRAIGHT,3.7394278049468994,13.241588592528602,4.7799367166589946e-06
2002,96200.187,13.242445945739746,-1.5465917613255442e-06,-0.9962148666381836,-7.358423772419967e-07,0.010000047273933887,1.7991719403198658e-07,-8.054605132201687e-06,0.009999999999986946,1.6158106249183745e-08,-0.0003548339713542714,trajectory,STRAIGHT,3.7394285202026367,13.242445945739066,4.7799367166589946e-06
2003,96200.296,13.242741584777832,-1.5411867479997454e-06,-0.9962148666381836,-7.361470579679825e-07,0.010000047273933887,1.8040869065316656e-07,-8.054605132201687e-06,0.009999999999986988,1.6131875288786144e-08,-0.0003548339713542714,trajectory,STRAIGHT,3.739427089691162,13.242741584777157,4.7799367166589946e-06
2004,96200.437,13.24445629119873,-1.5095461094460916e-06,-0.9962148666381836,-7.379142061711626e-07,0.010000047273933887,1.8327068573853467e-07,-8.054605132201687e-06,0.009999999999987234,1.597788045755187e-08,-0.0003548339713542714,trajectory,STRAIGHT,3.7394282817840576,13.244456291198082,4.7799367166589946e-06
2005,96200.546,13.245461463928223,-1.4907661807228578e-06,-0.9962148666381836,-7.389501206380203e-07,0.010000047273933887,1.8495735787382728e-07,-8.054605132201687e-06,0.009999999999987382,1.588612952244439e-08,-0.0003548339713542714,trajectory,STRAIGHT,3.7394278049468994,13.24546146392759,4.7799367166589946e-06
2006,96200.671,13.246466636657715,-1.4718137890668004e-06,-0.9962148666381836,-7.399860351062484e-07,0.010000047273933887,1.866506664782719e-07,-8.054605132201687e-06,0.009999999999987528,1.5793278006144814e-08,-0.0003548339713542714,trajectory,STRAIGHT,3.7394275665283203,13.246466636657097,4.7799367166589946e-06
2007,96200.796,13.247471809387207,-1.4526884797305684e-06,-0.9962148666381836,-7.410219495744996e-07,0.010000047273933887,1.8835059734101378e-07,-8.054605132201687e-06,0.009999999999987678,1.569932142009781e-08,-0.0003548339713542714,trajectory,STRAIGHT,3.739427328109741,13.247471809386605,4.7799367166589946e-06
2008,96200.921,13.24844741821289,-1.4339594827106339e-06,-0.9962148666381836,-7.42027395968547e-07,0.010000047273933887,1.9000685824721586e-07,-8.054605132201687e-06,0.009999999999987822,1.5607064910866253e-08,-0.0003548339713542714,trajectory,STRAIGHT,3.739427089691162,13.248447418212304,4.7799367166589946e-06
2009,96201.031,13.249452590942383,-1.4144909528113203e-06,-0.9962148666381836,-7.430633104344332e-07,0.010000047273933887,1.917198346745863e-07,-8.054605132201687e-06,0.009999999999987972,1.5510910996226138e-08,-0.0003548339713542714,trajectory,STRAIGHT,3.7394278049468994,13.24945259094181,4.7799367166589946e-06
2010,96201.234,13.250398635864258,-1.3960076330477023e-06,-0.9962148666381836,-7.44038288754602e-07,0.010000047273933887,1.9333809575527994e-07,-8.054605132201687e-06,0.009999999999988112,1.541938691476298e-08,-0.0003548339713542714,trajectory,STRAIGHT,3.7394280433654785,13.2503986358637,4.7799367166589946e-06
2011,96201.375,13.252113342285156,-1.3621099697047612e-06,-0.9962148666381836,-7.458054369598411e-07,0.010000047273933887,1.962861517768033e-07,-8.054605132201687e-06,0.009999999999988369,1.525095080079064e-08,-0.0003548339713542714,trajectory,STRAIGHT,3.739427328109741,13.252113342284625,4.7799367166589946e-06
2012,96201.484,13.253059387207031,-1.3431877050607e-06,-0.9962148666381836,-7.467804152793109e-07,0.010000047273933887,1.9792091165982129e-07,-8.054605132201687e-06,0.009999999999988515,1.515660419111819e-08,-0.0003548339713542714,trajectory,STRAIGHT,3.739427328109741,13.253059387206514,4.7799367166589946e-06
2013,96201.593,13.254034996032715,-1.3235093092589523e-06,-0.9962148666381836,-7.477858616726887e-07,0.010000047273933887,1.996129128656321e-07,-8.054605132201687e-06,0.009999999999988664,1.5058247148285933e-08,-0.0003548339713542714,trajectory,STRAIGHT,3.739427089691162,13.254034996032214,4.7799367166589946e-06
2014,96201.718,13.25498104095459,-1.3042670161667047e-06,-0.9962148666381836,-7.487608399930287e-07,0.010000047273933887,2.0125959565575613e-07,-8.054605132201687e-06,0.009999999999988808,1.4961836742291506e-08,-0.0003548339713542714,trajectory,STRAIGHT,3.7394282817840576,13.254981040954103,4.7799367166589946e-06
2015,96201.828,13.255927085876465,-1.2848664709963487e-06,-0.9962148666381836,-7.49735818313193e-07,0.010000047273933887,2.0291214752887754e-07,-8.054605132201687e-06,0.009999999999988953,1.4864403795676502e-08,-0.0003548339713542714,trajectory,STRAIGHT,3.7394275665283203,13.255927085875992,4.7799367166589946e-06
2016,96201.953,13.256814002990723,-1.266534127353225e-06,-0.9962148666381836,-7.506498604886773e-07,0.010000047273933887,2.0446672976959235e-07,-8.054605132201687e-06,0.009999999999989089,1.477212676806049e-08,-0.0003548339713542714,trajectory,STRAIGHT,3.7394282817840576,13.256814002990263,4.7799367166589946e-06
2017,96202.078,13.257819175720215,-1.2455880096240435e-06,-0.9962148666381836,-7.516857749529872e-07,0.010000047273933887,2.0623484431325778e-07,-8.054605132201687e-06,0.009999999999989245,1.4666448608663792e-08,-0.0003548339713542714,trajectory,STRAIGHT,3.7394278049468994,13.257819175719769,4.7799367166589946e-06
2018,96202.203,13.258794784545898,-1.2250851568751386e-06,-0.9962148666381836,-7.5269122134424e-07,0.010000047273933887,2.0795727095901384e-07,-8.054605132201687e-06,0.009999999999989398,1.456275810915172e-08,-0.0003548339713542714,trajectory,STRAIGHT,3.7394280433654785,13.258794784545467,4.7799367166589946e-06
2019,96202.312,13.259770393371582,-1.2044114328091382e-06,-0.9962148666381836,-7.536966677353031e-07,0.010000047273933887,2.096859503808446e-07,-8.054605132201687e-06,0.009999999999989548,1.4457958184568785e-08,-0.0003548339713542714,trajectory,STRAIGHT,3.7394285202026367,13.259770393371165,4.7799367166589946e-06
2020,96202.437,13.260746002197266,-1.1835662689918536e-06,-0.9962148666381836,-7.547021141263539e-07,0.010000047273933887,2.114208541570406e-07,-8.054605132201687e-06,0.009999999999989701,1.4352043699705597e-08,-0.0003548339713542714,trajectory,STRAIGHT,3.739426612854004,13.260746002196862,4.7799367166589946e-06
2021,96202.546,13.26172161102295,-1.1625490969890961e-06,-0.9962148666381836,-7.557075605173923e-07,0.010000047273933887,2.1316199649845657e-07,-8.054605132201687e-06,0.009999999999989854,1.4245009507822435e-08,-0.0003548339713542714,trajectory,STRAIGHT,3.7394278049468994,13.26172161102256,4.7799367166589946e-06
2022,96202.671,13.262667655944824,-1.1420036116760457e-06,-0.9962148666381836,-7.566825388369855e-07,0.010000047273933887,2.1485632828444068e-07,-8.054605132201687e-06,0.009999999999990003,1.4140142322132035e-08,-0.0003548339713542714,trajectory,STRAIGHT,3.7394280433654785,13.26266765594445,4.7799367166589946e-06
2023,96202.796,13.263643264770508,-1.1206453791601234e-06,-0.9962148666381836,-7.576879852289084e-07,0.010000047273933887,2.166097630151853e-07,-8.054605132201687e-06,0.009999999999990157,1.4030884126998531e-08,-0.0003548339713542714,trajectory,STRAIGHT,3.739427089691162,13.263643264770145,4.7799367166589946e-06
2024,96202.921,13.264678001403809,-1.0978028512909077e-06,-0.9962148666381836,-7.587543677671284e-07,0.010000047273933887,2.1847628772775352e-07,-8.054605132201687e-06,0.00999999999999032,1.391376355028318e-08,-0.0003548339713542714,trajectory,STRAIGHT,3.7394285202026367,13.26467800140346,4.7799367166589946e-06
2025,96203.031,13.265653610229492,-1.076085823115136e-06,-0.9962148666381836,-7.597598141612327e-07,0.010000047273933887,2.202425690711607e-07,-8.054605132201687e-06,0.009999999999990475,1.3802159291917646e-08,-0.0003548339713542714,trajectory,STRAIGHT,3.7394282817840576,13.265653610229158,4.7799367166589946e-06
2026,96203.156,13.266629219055176,-1.054193717209273e-06,-0.9962148666381836,-7.607652605560785e-07,0.010000047273933887,2.2201510319064255e-07,-8.054605132201687e-06,0.009999999999990631,1.3689408042985334e-08,-0.0003548339713542714,trajectory,STRAIGHT,3.7394278049468994,13.266629219054856,4.7799367166589946e-06
2027,96203.281,13.26760482788086,-1.0321257377654547e-06,-0.9962148666381836,-7.617707069511227e-07,0.010000047273933887,2.2379386166448967e-07,-8.054605132201687e-06,0.009999999999990787,1.3575503271991227e-08,-0.0003548339713542714,trajectory,STRAIGHT,3.7394278049468994,13.267604827880552,4.7799367166589946e-06
2028,96203.406,13.268669128417969,-1.0078505283672712e-06,-0.9962148666381836,-7.628675575652071e-07,0.010000047273933887,2.257414593032081e-07,-8.054605132201687e-06,0.009999999999990954,1.3449922946153331e-08,-0.0003548339713542714,trajectory,STRAIGHT,3.7394282817840576,13.268669128417676,4.7799367166589946e-06
2029,96203.531,13.26970386505127,-9.840474604061455e-07,-0.9962148666381836,-7.639339401027315e-07,0.010000047273933887,2.2764204743452865e-07,-8.054605132201687e-06,0.00999999999999112,1.3326501503105955e-08,-0.0003548339713542714,trajectory,STRAIGHT,3.7394285202026367,13.269703865050989,4.7799367166589946e-06
2030,96203.64,13.270679473876953,-9.614213922759518e-07,-0.9962148666381836,-7.649393864941063e-07,0.010000047273933887,2.2944048794215632e-07,-8.054605132201687e-06,0.009999999999991278,1.3208926512313226e-08,-0.0003548339713542714,trajectory,STRAIGHT,3.739428758621216,13.270679473876687,4.7799367166589946e-06
2031,96203.765,13.271625518798828,-9.393108371114067e-07,-0.9962148666381836,-7.659143648137005e-07,0.010000047273933887,2.3119035574836744e-07,-8.054605132201687e-06,0.009999999999991427,1.3093792489155953e-08,-0.0003548339713542714,trajectory,STRAIGHT,3.739428758621216,13.271625518798572,4.7799367166589946e-06
2032,96203.875,13.272601127624512,-9.163329082184646e-07,-0.9962148666381836,-7.669198112046843e-07,0.010000047273933887,2.3300110285617848e-07,-8.054605132201687e-06,0.009999999999991585,1.2973895960770256e-08,-0.0003548339713542714,trajectory,STRAIGHT,3.7394278049468994,13.272601127624268,4.7799367166589946e-06
2033,96203.984,13.273606300354004,-8.924707799451426e-07,-0.9962148666381836,-7.679557256672337e-07,0.010000047273933887,2.3487319822379504e-07,-8.054605132201687e-06,0.009999999999991745,1.2849124199180628e-08,-0.0003548339713542714,trajectory,STRAIGHT,3.7394278049468994,13.273606300353773,4.7799367166589946e-06
2034,96204.109,13.274611473083496,-8.684174872541917e-07,-0.9962148666381836,-7.689916401299518e-07,0.010000047273933887,2.3675195848227304e-07,-8.054605132201687e-06,0.009999999999991908,1.2723087039135522e-08,-0.0003548339713542714,trajectory,STRAIGHT,3.739428758621216,13.274611473083278,4.7799367166589946e-06
2035,96204.234,13.275616645812988,-8.441721774943289e-07,-0.9962148666381836,-7.700275545941638e-07,0.010000047273933887,2.3863728415562946e-07,-8.054605132201687e-06,0.009999999999992067,1.2595777323106994e-08,-0.0003548339713542714,trajectory,STRAIGHT,3.7394285202026367,13.275616645812782,4.7799367166589946e-06
2036,96204.359,13.276592254638672,-8.204557389035472e-07,-0.9962148666381836,-7.710330009871801e-07,0.010000047273933887,2.40473553958509e-07,-8.054605132201687e-06,0.009999999999992223,1.247098947140226e-08,-0.0003548339713542714,trajectory,STRAIGHT,3.739428758621216,13.276592254638476,4.7799367166589946e-06
2037,96204.468,13.27747917175293,-7.987372327988851e-07,-0.9962148666381836,-7.719470431622707e-07,0.010000047273933887,2.421482463432767e-07,-8.054605132201687e-06,0.009999999999992366,1.2356495538663787e-08,-0.0003548339713542714,trajectory,STRAIGHT,3.7394282817840576,13.277479171752745,4.7799367166589946e-06
2038,96204.593,13.27851390838623,-7.732083986411453e-07,-0.9962148666381836,-7.730134257020385e-07,0.010000047273933887,2.441086053295294e-07,-8.054605132201687e-06,0.009999999999992532,1.2221651222549526e-08,-0.0003548339713542714,trajectory,STRAIGHT,3.7394275665283203,13.278513908386056,4.7799367166589946e-06
2039,96204.718,13.279489517211914,-7.489493896173371e-07,-0.9962148666381836,-7.740188720969798e-07,0.010000047273933887,2.45963434508667e-07,-8.054605132201687e-06,0.009999999999992688,1.2093253681103672e-08,-0.0003548339713542714,trajectory,STRAIGHT,3.739428758621216,13.27948951721175,4.7799367166589946e-06
2040,96204.828,13.280494689941406,-7.23762923371396e-07,-0.9962148666381836,-7.750547865657975e-07,0.010000047273933887,2.478809335570986e-07,-8.054605132201687e-06,0.009999999999992848,1.1959682429750716e-08,-0.0003548339713542714,trajectory,STRAIGHT,3.739428758621216,13.280494689941253,4.7799367166589946e-06
2041,96204.937,13.28147029876709,-6.991294867475517e-07,-0.9962148666381836,-7.76060232960387e-07,0.010000047273933887,2.4974832513180445e-07,-8.054605132201687e-06,0.009999999999993004,1.182878623265465e-08,-0.0003548339713542714,trajectory,STRAIGHT,3.7394278049468994,13.281470298766948,4.7799367166589946e-06
2042,96205.062,13.282445907592773,-6.743103426742891e-07,-0.9962148666381836,-7.770656793542146e-07,0.010000047273933887,2.5162202632600383e-07,-8.054605132201687e-06,0.00999999999999316,1.1696648677318692e-08,-0.0003548339713542714,trajectory,STRAIGHT,3.7394280433654785,13.282445907592642,4.7799367166589946e-06
2043,96205.187,13.283480644226074,-6.477840770457988e-07,-0.9962148666381836,-7.781320618917242e-07,0.010000047273933887,2.536161218813504e-07,-8.054605132201687e-06,0.009999999999993323,1.1555143936821284e-08,-0.0003548339713542714,trajectory,STRAIGHT,3.7394282817840576,13.283480644225952,4.7799367166589946e-06
2044,96205.296,13.28439712524414,-6.241149321795092e-07,-0.9962148666381836,-7.790765721395536e-07,0.010000047273933887,2.553881301992078e-07,-8.054605132201687e-06,0.00999999999999347,1.1428641020875146e-08,-0.0003548339713542714,trajectory,STRAIGHT,3.739428758621216,13.284397125244027,4.7799367166589946e-06
2045,96205.421,13.285343170166016,-5.995090646138124e-07,-0.9962148666381836,-7.800515504593138e-07,0.010000047273933887,2.572230357600347e-07,-8.054605132201687e-06,0.00999999999999362,1.1296894804417356e-08,-0.0003548339713542714,trajectory,STRAIGHT,3.739428758621216,13.28534317016591,4.7799367166589946e-06
2046,96205.531,13.2863187789917,-5.739495918533066e-07,-0.9962148666381836,-7.810569968504118e-07,0.010000047273933887,2.591215206848574e-07,-8.054605132201687e-06,0.009999999999993773,1.1159790259983917e-08,-0.0003548339713542714,trajectory,STRAIGHT,3.739428997039795,13.286318778991603,4.7799367166589946e-06
2047,96205.64,13.287264823913574,-5.489847580975038e-07,-0.9962148666381836,-7.820319751697682e-07,0.010000047273933887,2.6096844862877333e-07,-8.054605132201687e-06,0.009999999999993922,1.102562998156944e-08,-0.0003548339713542714,trajectory,STRAIGHT,3.739428758621216,13.287264823913485,4.7799367166589946e-06
2048,96205.765,13.288240432739258,-5.230538135947427e-07,-0.9962148666381836,-7.830374215606492e-07,0.010000047273933887,2.628791548886511e-07,-8.054605132201687e-06,0.009999999999994074,1.0886024223927344e-08,-0.0003548339713542714,trajectory,STRAIGHT,3.7394280433654785,13.288240432739178,4.7799367166589946e-06
2049,96205.89,13.289186477661133,-4.977276262252417e-07,-0.9962148666381836,-7.840123998799909e-07,0.010000047273933887,2.647379062636901e-07,-8.054605132201687e-06,0.009999999999994224,1.0749427787470143e-08,-0.0003548339713542714,trajectory,STRAIGHT,3.7394280433654785,13.28918647766106,4.7799367166589946e-06
2050,96206.015,13.290132522583008,-4.722228084119706e-07,-0.9962148666381836,-7.849873781993268e-07,0.010000047273933887,2.6660262619770947e-07,-8.054605132201687e-06,0.00999999999999437,1.0611624705082235e-08,-0.0003548339713542714,trajectory,STRAIGHT,3.739428997039795,13.290132522582942,4.7799367166589946e-06
2051,96206.14,13.2911376953125,-4.449274229045841e-07,-0.9962148666381836,-7.860232926618965e-07,0.010000047273933887,2.6859029844672477e-07,-8.054605132201687e-06,0.009999999999994527,1.0463879935999349e-08,-0.0003548339713542714,trajectory,STRAIGHT,3.739428758621216,13.291137695312441,4.7799367166589946e-06
2052,96206.25,13.292083740234375,-4.1905215653059713e-07,-0.9962148666381836,-7.869982709816146e-07,0.010000047273933887,2.704670407638332e-07,-8.054605132201687e-06,0.009999999999994671,1.0323569963489706e-08,-0.0003548339713542714,trajectory,STRAIGHT,3.739429235458374,13.292083740234323,4.7799367166589946e-06
2053,96206.375,13.293177604675293,-3.889088873165747e-07,-0.9962148666381836,-7.881255896651131e-07,0.010000047273933887,2.7264434265816817e-07,-8.054605132201687e-06,0.00999999999999484,1.0159810996358991e-08,-0.0003548339713542714,trajectory,STRAIGHT,3.739429235458374,13.293177604675249,4.7799367166589946e-06
2054,96206.5,13.294153213500977,-3.618201276367472e-07,-0.9962148666381836,-7.891310360597586e-07,0.010000047273933887,2.745929634784261e-07,-8.054605132201687e-06,0.009999999999994987,1.0012369124491816e-08,-0.0003548339713542714,trajectory,STRAIGHT,3.7394282817840576,13.294153213500937,4.7799367166589946e-06
2055,96206.609,13.29512882232666,-3.345381287545024e-07,-0.9962148666381836,-7.901364824550217e-07,0.010000047273933887,2.7654775180963043e-07,-8.054605132201687e-06,0.009999999999995136,9.863613545364266e-09,-0.0003548339713542714,trajectory,STRAIGHT,3.739429473876953,13.295128822326628,4.7799367166589946e-06
2056,96206.734,13.296104431152344,-3.0706229381394223e-07,-0.9962148666381836,-7.911419288503007e-07,0.010000047273933887,2.785087644952e-07,-8.054605132201687e-06,0.009999999999995283,9.713538499490479e-09,-0.0003548339713542714,trajectory,STRAIGHT,3.739428997039795,13.296104431152315,4.7799367166589946e-06
2057,96206.859,13.297080039978027,-2.7939199753745925e-07,-0.9962148666381836,-7.921473752449861e-07,0.010000047273933887,2.804760299568443e-07,-8.054605132201687e-06,0.00999999999999543,9.562138047286148e-09,-0.0003548339713542714,trajectory,STRAIGHT,3.739428758621216,13.297080039978004,4.7799367166589946e-06
2058,96206.968,13.29808521270752,-2.506791645373596e-07,-0.9962148666381836,-7.931832897115896e-07,0.010000047273933887,2.8250948957975197e-07,-8.054605132201687e-06,0.009999999999995578,9.404757196316086e-09,-0.0003548339713542714,trajectory,STRAIGHT,3.7394282817840576,13.298085212707502,4.7799367166589946e-06
2059,96207.093,13.299090385437012,-2.2175858305217844e-07,-0.9962148666381836,-7.942192041763615e-07,0.010000047273933887,2.845495146175381e-07,-8.054605132201687e-06,0.009999999999995726,9.245956693061263e-09,-0.0003548339713542714,trajectory,STRAIGHT,3.7394282817840576,13.299090385436998,4.7799367166589946e-06
2060,96207.218,13.300065994262695,-1.9348929924944969e-07,-0.9962148666381836,-7.952246505677923e-07,0.010000047273933887,2.8653585104621015e-07,-8.054605132201687e-06,0.009999999999995868,9.090463039944586e-09,-0.0003548339713542714,trajectory,STRAIGHT,3.739429235458374,13.300065994262685,4.7799367166589946e-06
2061,96207.343,13.301071166992188,-1.64157384574537e-07,-0.9962148666381836,-7.962605650300855e-07,0.010000047273933887,2.885889784920437e-07,-8.054605132201687e-06,0.009999999999996016,8.92884615069726e-09,-0.0003548339713542714,trajectory,STRAIGHT,3.7394299507141113,13.30107116699218,4.7799367166589946e-06
2062,96207.453,13.30207633972168,-1.3461568926231848e-07,-0.9962148666381836,-7.972964794923594e-07,0.010000047273933887,2.906487281961745e-07,-8.054605132201687e-06,0.00999999999999616,8.765790128661282e-09,-0.0003548339713542714,trajectory,STRAIGHT,3.739429235458374,13.302076339721674,4.7799367166589946e-06
2063,96207.578,13.303022384643555,-1.0661951677093384e-07,-0.9962148666381836,-7.982714578116516e-07,0.010000047273933887,2.925933131336933e-07,-8.054605132201687e-06,0.009999999999996293,8.611005227362104e-09,-0.0003548339713542714,trajectory,STRAIGHT,3.739428758621216,13.303022384643551,4.7799367166589946e-06
2064,96207.703,13.304057121276855,-7.578461946877724e-08,-0.9962148666381836,-7.993378403466179e-07,0.010000047273933887,2.9472687401721487e-07,-8.054605132201687e-06,0.009999999999996437,8.440236728822423e-09,-0.0003548339713542714,trajectory,STRAIGHT,3.7394282817840576,13.304057121276854,4.7799367166589946e-06
2065,96207.828,13.305062294006348,-4.561584177054101e-08,-0.9962148666381836,-8.00373754811967e-07,0.010000047273933887,2.968063483876904e-07,-8.054605132201687e-06,0.009999999999996578,8.272867449525922e-09,-0.0003548339713542714,trajectory,STRAIGHT,3.739428997039795,13.305062294006348,4.7799367166589946e-06
2066,96207.937,13.30606746673584,-1.5234615347026192e-08,-0.9962148666381836,-8.014096692791981e-07,0.010000047273933887,2.988923881730443e-07,-8.054605132201687e-06,0.009999999999996716,8.104033068932767e-09,-0.0003548339713542714,trajectory,STRAIGHT,3.7394285202026367,13.30606746673584,4.7799367166589946e-06
2067,96208.062,13.307072639465332,1.535972948829567e-08,-0.9962148666381836,-8.024455837481194e-07,0.010000047273933887,3.0098499337327667e-07,-8.054605132201687e-06,0.009999999999996852,7.93372702154673e-09,-0.0003548339713542714,trajectory,STRAIGHT,3.739429235458374,13.307072639465332,4.7799367166589946e-06
2068,96208.187,13.308077812194824,4.616785886923935e-08,-0.9962148666381836,-8.034814982170639e-07,0.010000047273933887,3.0308424925351574e-07,-8.054605132201687e-06,0.009999999999996989,7.761942747252661e-09,-0.0003548339713542714,trajectory,STRAIGHT,3.739428758621216,13.308077812194824,4.7799367166589946e-06
2069,96208.312,13.309053421020508,7.627496501072528e-08,-0.9962148666381836,-8.044869446114033e-07,0.010000047273933887,3.051281396437844e-07,-8.054605132201687e-06,0.009999999999997117,7.593790943936388e-09,-0.0003548339713542714,trajectory,STRAIGHT,3.739429235458374,13.309053421020506,4.7799367166589946e-06
2070,96208.437,13.310088157653809,1.0842821751566589e-07,-0.9962148666381836,-8.05553327149729e-07,0.010000047273933887,3.073026846323046e-07,-8.054605132201687e-06,0.00999999999999725,7.413912715922958e-09,-0.0003548339713542714,trajectory,STRAIGHT,3.739428997039795,13.310088157653805,4.7799367166589946e-06
2071,96208.546,13.3110933303833,1.3988177727242146e-07,-0.9962148666381836,-8.065892416132044e-07,0.010000047273933887,3.094217788657261e-07,-8.054605132201687e-06,0.009999999999997383,7.237653770450846e-09,-0.0003548339713542714,trajectory,STRAIGHT,3.739428758621216,13.311093330383295,4.7799367166589946e-06
2072,96208.656,13.312039375305176,1.6968287752661126e-07,-0.9962148666381836,-8.075642199324858e-07,0.010000047273933887,3.1142232614911336e-07,-8.054605132201687e-06,0.009999999999997502,7.070388433068385e-09,-0.0003548339713542714,trajectory,STRAIGHT,3.739429235458374,13.312039375305167,4.7799367166589946e-06
2073,96208.781,13.31301498413086,2.0061673922100454e-07,-0.9962148666381836,-8.085696663232105e-07,0.010000047273933887,3.134915402824845e-07,-8.054605132201687e-06,0.009999999999997622,6.896493811197658e-09,-0.0003548339713542714,trajectory,STRAIGHT,3.739428997039795,13.313014984130847,4.7799367166589946e-06
2074,96208.906,13.314020156860352,2.3270256122032151e-07,-0.9962148666381836,-8.096055807853683e-07,0.010000047273933887,3.1562996127831866e-07,-8.054605132201687e-06,0.009999999999997745,6.715834317263002e-09,-0.0003548339713542714,trajectory,STRAIGHT,3.7394282817840576,13.314020156860336,4.7799367166589946e-06
2075,96209.015,13.314936637878418,2.621477506181691e-07,-0.9962148666381836,-8.105500910331799e-07,0.010000047273933887,3.175854033088399e-07,-8.054605132201687e-06,0.009999999999997854,6.54978641014714e-09,-0.0003548339713542714,trajectory,STRAIGHT,3.739429473876953,13.314936637878397,4.7799367166589946e-06
2076,96209.125,13.31594181060791,2.946518407043186e-07,-0.9962148666381836,-8.115860054959565e-07,0.010000047273933887,3.1973652880878944e-07,-8.054605132201687e-06,0.009999999999997974,6.366206494527955e-09,-0.0003548339713542714,trajectory,STRAIGHT,3.7394299507141113,13.315941810607885,4.7799367166589946e-06
2077,96209.25,13.316237449645996,3.042536320663203e-07,-0.9962148666381836,-8.118906862263027e-07,0.010000047273933887,3.203704750376346e-07,-8.054605132201687e-06,0.009999999999998007,6.311920289230986e-09,-0.0003548339713542714,trajectory,STRAIGHT,3.7394299507141113,13.316237449645968,4.7799367166589946e-06
2078,96209.375,13.317922592163086,3.593477515551058e-07,-0.9962148666381836,-8.136273663541517e-07,0.010000047273933887,3.2399483984590915e-07,-8.054605132201687e-06,0.0099999999999982,5.999940639383799e-09,-0.0003548339713542714,trajectory,STRAIGHT,3.7394299507141113,13.317922592163047,4.7799367166589946e-06
2079,96209.515,13.318957328796387,3.9348518043880176e-07,-0.9962148666381836,-8.146937488959413e-07,0.010000047273933887,3.2622949674987467e-07,-8.054605132201687e-06,0.009999999999998314,5.806216535355557e-09,-0.0003548339713542714,trajectory,STRAIGHT,3.739428758621216,13.31895732879634,4.7799367166589946e-06
2080,96209.64,13.319992065429688,4.278576568594872e-07,-0.9962148666381836,-8.157601314388471e-07,0.010000047273933887,3.284712875029072e-07,-8.054605132201687e-06,0.009999999999998427,5.610841575608079e-09,-0.0003548339713542714,trajectory,STRAIGHT,3.739429473876953,13.319992065429632,4.7799367166589946e-06
2081,96209.734,13.320938110351562,4.5949019522595336e-07,-0.9962148666381836,-8.167351097600719e-07,0.010000047273933887,3.305270013242989e-07,-8.054605132201687e-06,0.009999999999998526,5.430762303234152e-09,-0.0003548339713542714,trajectory,STRAIGHT,3.739429473876953,13.3209381103515,4.7799367166589946e-06
2082,96209.859,13.321263313293457,4.704094749286014e-07,-0.9962148666381836,-8.170702585536061e-07,0.010000047273933887,3.312350145279197e-07,-8.054605132201687e-06,0.00999999999999856,5.3685390380680366e-09,-0.0003548339713542714,trajectory,STRAIGHT,3.739429473876953,13.321263313293391,4.7799367166589946e-06
2083,96210.015,13.323184967041016,5.354106065169617e-07,-0.9962148666381836,-8.190506832635008e-07,0.010000047273933887,3.354328441673715e-07,-8.054605132201687e-06,0.009999999999998751,4.997485563186055e-09,-0.0003548339713542714,trajectory,STRAIGHT,3.7394299507141113,13.32318496704093,4.7799367166589946e-06
2084,96210.14,13.3241605758667,5.687250563823909e-07,-0.9962148666381836,-8.200561296541404e-07,0.010000047273933887,3.375733399479941e-07,-8.054605132201687e-06,0.009999999999998845,4.80688856040483e-09,-0.0003548339713542714,trajectory,STRAIGHT,3.739428997039795,13.324160575866603,4.7799367166589946e-06
2085,96210.25,13.325165748596191,6.032709620740206e-07,-0.9962148666381836,-8.210920441175065e-07,0.010000047273933887,3.3978520264099643e-07,-8.054605132201687e-06,0.009999999999998939,4.60894632601487e-09,-0.0003548339713542714,trajectory,STRAIGHT,3.7394299507141113,13.325165748596083,4.7799367166589946e-06
2086,96210.375,13.326200485229492,6.390690714397351e-07,-0.9962148666381836,-8.221584266558234e-07,0.010000047273933887,3.420689722588577e-07,-8.054605132201687e-06,0.00999999999999903,4.403510083836598e-09,-0.0003548339713542714,trajectory,STRAIGHT,3.7394304275512695,13.32620048522937,4.7799367166589946e-06
2087,96210.5,13.327205657958984,6.740742151123413e-07,-0.9962148666381836,-8.231943411238565e-07,0.010000047273933887,3.4429433526383946e-07,-8.054605132201687e-06,0.009999999999999117,4.2023134790266255e-09,-0.0003548339713542714,trajectory,STRAIGHT,3.739428997039795,13.32720565795885,4.7799367166589946e-06
2088,96210.625,13.328210830688477,7.093067893038096e-07,-0.9962148666381836,-8.242302555932478e-07,0.010000047273933887,3.465262921054091e-07,-8.054605132201687e-06,0.0099999999999992,3.99950207412357e-09,-0.0003548339713542714,trajectory,STRAIGHT,3.7394299507141113,13.328210830688326,4.7799367166589946e-06
2089,96210.75,13.32918643951416,7.437211024807766e-07,-0.9962148666381836,-8.252357019885754e-07,0.010000047273933887,3.486988759959786e-07,-8.054605132201687e-06,0.009999999999999277,3.801105724890977e-09,-0.0003548339713542714,trajectory,STRAIGHT,3.7394280433654785,13.329186439513995,4.7799367166589946e-06
2090,96210.859,13.330162048339844,7.783507953718072e-07,-0.9962148666381836,-8.262411483830178e-07,0.010000047273933887,3.5087765581920394e-07,-8.054605132201687e-06,0.009999999999999351,3.60117597533113e-09,-0.0003548339713542714,trajectory,STRAIGHT,3.7394299507141113,13.330162048339663,4.7799367166589946e-06
2091,96210.984,13.331137657165527,8.131967206281843e-07,-0.9962148666381836,-8.272465947765674e-07,0.010000047273933887,3.530628305270511e-07,-8.054605132201687e-06,0.009999999999999423,3.3997050270119585e-09,-0.0003548339713542714,trajectory,STRAIGHT,3.7394301891326904,13.331137657165328,4.7799367166589946e-06
2092,96211.109,13.33214282989502,8.493252039443178e-07,-0.9962148666381836,-8.282825092412822e-07,0.010000047273933887,3.5532067954591184e-07,-8.054605132201687e-06,0.009999999999999492,3.190511318981049e-09,-0.0003548339713542714,trajectory,STRAIGHT,3.7394301891326904,13.332142829894803,4.7799367166589946e-06
2093,96211.218,13.333118438720703,8.846114383231907e-07,-0.9962148666381836,-8.292879556325677e-07,0.010000047273933887,3.5751838822761783e-07,-8.054605132201687e-06,0.009999999999999554,2.985895191796536e-09,-0.0003548339713542714,trajectory,STRAIGHT,3.739429473876953,13.333118438720469,4.7799367166589946e-06
2094,96211.343,13.334153175354004,9.22274296044634e-07,-0.9962148666381836,-8.303543381659222e-07,0.010000047273933887,3.598561306716874e-07,-8.054605132201687e-06,0.009999999999999619,2.767174236551686e-09,-0.0003548339713542714,trajectory,STRAIGHT,3.739428997039795,13.334153175353748,4.7799367166589946e-06
2095,96211.453,13.335158348083496,9.590964964445448e-07,-0.9962148666381836,-8.31390252627874e-07,0.010000047273933887,3.6213387488714943e-07,-8.054605132201687e-06,0.009999999999999674,2.553015325142421e-09,-0.0003548339713542714,trajectory,STRAIGHT,3.7394304275512695,13.335158348083219,4.7799367166589946e-06
2096,96211.593,13.33613395690918,9.950581443263218e-07,-0.9962148666381836,-8.323956990191199e-07,0.010000047273933887,3.6435093875297753e-07,-8.054605132201687e-06,0.009999999999999724,2.3435588177651712e-09,-0.0003548339713542714,trajectory,STRAIGHT,3.739429473876953,13.336133956908881,4.7799367166589946e-06
2097,96211.718,13.33716869354248,1.0334395028621657e-06,-0.9962148666381836,-8.334620815565397e-07,0.010000047273933887,3.667091164061276e-07,-8.054605132201687e-06,0.009999999999999776,2.1196818806973426e-09,-0.0003548339713542714,trajectory,STRAIGHT,3.739429473876953,13.337168693542159,4.7799367166589946e-06
2098,96211.828,13.338173866271973,1.0709617299653473e-06,-0.9962148666381836,-8.344979960239724e-07,0.010000047273933887,3.69006698974772e-07,-8.054605132201687e-06,0.00999999999999982,1.900492728818717e-09,-0.0003548339713542714,trajectory,STRAIGHT,3.7394285202026367,13.338173866271628,4.7799367166589946e-06
2099,96211.968,13.33926773071289,1.1120614544779528e-06,-0.9962148666381836,-8.35625314712435e-07,0.010000047273933887,3.7151454534978257e-07,-8.054605132201687e-06,0.009999999999999861,1.6600416322174094e-09,-0.0003548339713542714,trajectory,STRAIGHT,3.739428758621216,13.339267730712518,4.7799367166589946e-06
2100,96212.093,13.34033203125,1.1523180774020148e-06,-0.9962148666381836,-8.367221653263294e-07,0.010000047273933887,3.7396210927909124e-07,-8.054605132201687e-06,0.0099999999999999,1.4241577447050466e-09,-0.0003548339713542714,trajectory,STRAIGHT,3.7394301891326904,13.3403320312496,4.7799367166589946e-06
2101,96212.234,13.341337203979492,1.1905810879397905e-06,-0.9962148666381836,-8.377580797910268e-07,0.010000047273933887,3.7628043969561986e-07,-8.054605132201687e-06,0.009999999999999929,1.1996234047858245e-09,-0.0003548339713542714,trajectory,STRAIGHT,3.7394306659698486,13.341337203979066,4.7799367166589946e-06
2102,96212.343,13.342401504516602,1.23135328067292e-06,-0.9962148666381836,-8.388549303963303e-07,0.010000047273933887,3.7874252711844747e-07,-8.054605132201687e-06,0.009999999999999955,9.600116693800915e-10,-0.0003548339713542714,trajectory,STRAIGHT,3.7394304275512695,13.342401504516143,4.7799367166589946e-06
2103,96212.468,13.34325885772705,1.2643910167753347e-06,-0.9962148666381836,-8.397385045014547e-07,0.010000047273933887,3.8073122254900227e-07,-8.054605132201687e-06,0.00999999999999997,7.655891988606878e-10,-0.0003548339713542714,trajectory,STRAIGHT,3.7394301891326904,13.343258857726568,4.7799367166589946e-06
2104,96212.578,13.344264030456543,1.303345584346971e-06,-0.9962148666381836,-8.40774418963327e-07,0.010000047273933887,3.8306887972794357e-07,-8.054605132201687e-06,0.009999999999999986,5.360447863396475e-10,-0.0003548339713542714,trajectory,STRAIGHT,3.7394285202026367,13.34426403045603,4.7799367166589946e-06
2105,96212.703,13.345210075378418,1.3402267313722405e-06,-0.9962148666381836,-8.417493972824932e-07,0.010000047273933887,3.8527508650076925e-07,-8.054605132201687e-06,0.009999999999999995,3.184192115471155e-10,-0.0003548339713542714,trajectory,STRAIGHT,3.7394301891326904,13.345210075377874,4.7799367166589946e-06
2106,96212.812,13.34621524810791,1.3796454823022941e-06,-0.9962148666381836,-8.427853117445693e-07,0.010000047273933887,3.876257039792108e-07,-8.054605132201687e-06,0.01,8.550094178603676e-11,-0.0003548339713542714,trajectory,STRAIGHT,3.7394299507141113,13.346215248107335,4.7799367166589946e-06
2107,96212.937,13.347190856933594,1.4181345022734604e-06,-0.9962148666381836,-8.437907581362354e-07,0.010000047273933887,3.899134526363923e-07,-8.054605132201687e-06,0.009999999999999998,-1.422391840535903e-10,-0.0003548339713542714,trajectory,STRAIGHT,3.739429235458374,13.347190856932986,4.7799367166589946e-06
2108,96213.062,13.348136901855469,1.4556735550286248e-06,-0.9962148666381836,-8.447657364563254e-07,0.010000047273933887,3.9213782088154403e-07,-8.054605132201687e-06,0.009999999999999995,-3.646561780259905e-10,-0.0003548339713542714,trajectory,STRAIGHT,3.739429473876953,13.348136901854827,4.7799367166589946e-06
2109,96213.156,13.349053382873535,1.4922435411790502e-06,-0.9962148666381836,-8.457102467041341e-07,0.010000047273933887,3.9429826870218676e-07,-8.054605132201687e-06,0.009999999999999983,-5.816122054896836e-10,-0.0003548339713542714,trajectory,STRAIGHT,3.7394282817840576,13.34905338287286,4.7799367166589946e-06
2110,96213.281,13.349408149719238,1.506453713773226e-06,-0.9962148666381836,-8.460758635857515e-07,0.010000047273933887,3.951360838527762e-07,-8.054605132201687e-06,0.00999999999999998,-6.659901331768377e-10,-0.0003548339713542714,trajectory,STRAIGHT,3.7394282817840576,13.34940814971855,4.7799367166589946e-06
2111,96213.421,13.351181983947754,1.5779575051055872e-06,-0.9962148666381836,-8.479039479342424e-07,0.010000047273933887,3.993374377841974e-07,-8.054605132201687e-06,0.009999999999999941,-1.0911950143538433e-09,-0.0003548339713542714,trajectory,STRAIGHT,3.7394301891326904,13.351181983946999,4.7799367166589946e-06
2112,96213.546,13.352157592773438,1.6176074950635666e-06,-0.9962148666381836,-8.489093943292679e-07,0.010000047273933887,4.0165690506910323e-07,-8.054605132201687e-06,0.009999999999999912,-1.3274242381127639e-09,-0.0003548339713542714,trajectory,STRAIGHT,3.7394301891326904,13.352157592772643,4.7799367166589946e-06
2113,96213.671,13.353133201599121,1.6574874734942568e-06,-0.9962148666381836,-8.49914840723345e-07,0.010000047273933887,4.039826819735026e-07,-8.054605132201687e-06,0.009999999999999877,-1.5653417816702906e-09,-0.0003548339713542714,trajectory,STRAIGHT,3.739429473876953,13.353133201598286,4.7799367166589946e-06
2114,96213.781,13.354138374328613,1.6988170727927354e-06,-0.9962148666381836,-8.509507551887443e-07,0.010000047273933887,4.063854817104584e-07,-8.054605132201687e-06,0.009999999999999835,-1.8122415325724495e-09,-0.0003548339713542714,trajectory,STRAIGHT,3.739428758621216,13.354138374327736,4.7799367166589946e-06
2115,96213.89,13.35505485534668,1.736713784339372e-06,-0.9962148666381836,-8.518952654365876e-07,0.010000047273933887,4.085819966803683e-07,-8.054605132201687e-06,0.009999999999999792,-2.03893002022474e-09,-0.0003548339713542714,trajectory,STRAIGHT,3.7394299507141113,13.355054855345763,4.7799367166589946e-06
2116,96214.015,13.35608959197998,1.7797464124669204e-06,-0.9962148666381836,-8.529616479711183e-07,0.010000047273933887,4.1106849835159665e-07,-8.054605132201687e-06,0.009999999999999737,-2.2966816189169995e-09,-0.0003548339713542714,trajectory,STRAIGHT,3.7394299507141113,13.356089591979018,4.7799367166589946e-06
2117,96214.14,13.357065200805664,1.8205593050879543e-06,-0.9962148666381836,-8.539670943615644e-07,0.010000047273933887,4.1341945689055137e-07,-8.054605132201687e-06,0.009999999999999678,-2.541470596389304e-09,-0.0003548339713542714,trajectory,STRAIGHT,3.739428997039795,13.357065200804655,4.7799367166589946e-06
2118,96214.265,13.358040809631348,1.8616052557263174e-06,-0.9962148666381836,-8.549725407519982e-07,0.010000047273933887,4.1577661136216193e-07,-8.054605132201687e-06,0.009999999999999612,-2.787981806186996e-09,-0.0003548339713542714,trajectory,STRAIGHT,3.7394285202026367,13.358040809630293,4.7799367166589946e-06
2119,96214.375,13.35904598236084,1.9041393670704565e-06,-0.9962148666381836,-8.560084552137176e-07,0.010000047273933887,4.1821169816103065e-07,-8.054605132201687e-06,0.009999999999999539,-3.043771172041364e-09,-0.0003548339713542714,trajectory,STRAIGHT,3.7394285202026367,13.359045982359735,4.7799367166589946e-06
2120,96214.484,13.360051155090332,1.9469221115286928e-06,-0.9962148666381836,-8.570443696768857e-07,0.010000047273933887,4.2065337879648723e-07,-8.054605132201687e-06,0.009999999999999456,-3.3014029011962722e-09,-0.0003548339713542714,trajectory,STRAIGHT,3.739428997039795,13.360051155089176,4.7799367166589946e-06
2121,96214.609,13.361056327819824,1.9899541712220525e-06,-0.9962148666381836,-8.580802841422499e-07,0.010000047273933887,4.231017953770788e-07,-8.054605132201687e-06,0.009999999999999367,-3.560884545392699e-09,-0.0003548339713542714,trajectory,STRAIGHT,3.739429235458374,13.361056327818616,4.7799367166589946e-06
2122,96214.734,13.362061500549316,2.033237024079426e-06,-0.9962148666381836,-8.591161986098285e-07,0.010000047273933887,4.255567773725488e-07,-8.054605132201687e-06,0.00999999999999927,-3.822228533510689e-09,-0.0003548339713542714,trajectory,STRAIGHT,3.739429235458374,13.362061500548055,4.7799367166589946e-06
2123,96214.859,13.363066673278809,2.076769760606112e-06,-0.9962148666381836,-8.601521130793925e-07,0.010000047273933887,4.2801832478289725e-07,-8.054605132201687e-06,0.009999999999999166,-4.08543274022774e-09,-0.0003548339713542714,trajectory,STRAIGHT,3.739428997039795,13.36306667327749,4.7799367166589946e-06
2124,96214.968,13.3640718460083,2.120555109286215e-06,-0.9962148666381836,-8.611880275489794e-07,0.010000047273933887,4.3048655129496183e-07,-8.054605132201687e-06,0.009999999999999055,-4.350517273026048e-09,-0.0003548339713542714,trajectory,STRAIGHT,3.739428997039795,13.364071846006926,4.7799367166589946e-06
2125,96215.093,13.365077018737793,2.1645914785040077e-06,-0.9962148666381836,-8.622239420166059e-07,0.010000047273933887,4.329614284870331e-07,-8.054605132201687e-06,0.009999999999998933,-4.6174758649637035e-09,-0.0003548339713542714,trajectory,STRAIGHT,3.7394304275512695,13.36507701873636,4.7799367166589946e-06
2126,96215.218,13.366052627563477,2.207574652857147e-06,-0.9962148666381836,-8.632293884097368e-07,0.010000047273933887,4.353698273007467e-07,-8.054605132201687e-06,0.00999999999999881,-4.878390058947031e-09,-0.0003548339713542714,trajectory,STRAIGHT,3.739429473876953,13.366052627561984,4.7799367166589946e-06
2127,96215.343,13.367057800292969,2.252110334666213e-06,-0.9962148666381836,-8.642653028736436e-07,0.010000047273933887,4.3785766479231825e-07,-8.054605132201687e-06,0.009999999999998675,-5.149080292068199e-09,-0.0003548339713542714,trajectory,STRAIGHT,3.739428997039795,13.367057800291416,4.7799367166589946e-06
2128,96215.453,13.368062973022461,2.296899992870749e-06,-0.9962148666381836,-8.653012173355438e-07,0.010000047273933887,4.403522098073154e-07,-8.054605132201687e-06,0.009999999999998531,-5.421673031399109e-09,-0.0003548339713542714,trajectory,STRAIGHT,3.739428758621216,13.368062973020844,4.7799367166589946e-06
2129,96215.578,13.369068145751953,2.3419443095917813e-06,-0.9962148666381836,-8.663371317971753e-07,0.010000047273933887,4.428533770806098e-07,-8.054605132201687e-06,0.009999999999998377,-5.6961759769695936e-09,-0.0003548339713542714,trajectory,STRAIGHT,3.7394282817840576,13.369068145750271,4.7799367166589946e-06
2130,96215.687,13.370014190673828,2.384572098890203e-06,-0.9962148666381836,-8.673121101162628e-07,0.010000047273933887,4.4521343056658225e-07,-8.054605132201687e-06,0.009999999999998226,-5.956282941773272e-09,-0.0003548339713542714,trajectory,STRAIGHT,3.739428997039795,13.370014190672084,4.7799367166589946e-06
2131,96215.796,13.370930671691895,2.426084165563225e-06,-0.9962148666381836,-8.682566203640852e-07,0.010000047273933887,4.4750527194992173e-07,-8.054605132201687e-06,0.009999999999998073,-6.2098887913900375e-09,-0.0003548339713542714,trajectory,STRAIGHT,3.739428758621216,13.370930671690088,4.7799367166589946e-06
2132,96215.906,13.37187671661377,2.469160108375945e-06,-0.9962148666381836,-8.692315986831643e-07,0.010000047273933887,4.4987694991505123e-07,-8.054605132201687e-06,0.009999999999997905,-6.4733666956156505e-09,-0.0003548339713542714,trajectory,STRAIGHT,3.739429235458374,13.371876716611897,4.7799367166589946e-06
2133,96216.031,13.372793197631836,2.511106231395388e-06,-0.9962148666381836,-8.701761089309844e-07,0.010000047273933887,4.521800747170346e-07,-8.054605132201687e-06,0.009999999999997735,-6.730243175536886e-09,-0.0003548339713542714,trajectory,STRAIGHT,3.739428758621216,13.372793197629898,4.7799367166589946e-06
2134,96216.14,13.373709678649902,2.5532669951644493e-06,-0.9962148666381836,-8.711206191788047e-07,0.010000047273933887,4.544886564872286e-07,-8.054605132201687e-06,0.009999999999997558,-6.988739639793935e-09,-0.0003548339713542714,trajectory,STRAIGHT,3.739428758621216,13.373709678647899,4.7799367166589946e-06
2135,96216.265,13.374655723571777,2.597013690319727e-06,-0.9962148666381836,-8.720955974978726e-07,0.010000047273933887,4.568774443214352e-07,-8.054605132201687e-06,0.009999999999997367,-7.257281546640287e-09,-0.0003548339713542714,trajectory,STRAIGHT,3.7394282817840576,13.374655723569703,4.7799367166589946e-06
2136,96216.375,13.37566089630127,2.64374602920725e-06,-0.9962148666381836,-8.731315119609516e-07,0.010000047273933887,4.594220968101581e-07,-8.054605132201687e-06,0.009999999999997155,-7.544510680463943e-09,-0.0003548339713542714,trajectory,STRAIGHT,3.739428997039795,13.375660896299118,4.7799367166589946e-06
2137,96216.5,13.376636505126953,2.689351276785601e-06,-0.9962148666381836,-8.741369583535457e-07,0.010000047273933887,4.618981961357349e-07,-8.054605132201687e-06,0.009999999999996938,-7.82516825766029e-09,-0.0003548339713542714,trajectory,STRAIGHT,3.739431619644165,13.376636505124726,4.7799367166589946e-06
2138,96216.625,13.377641677856445,2.7365974801796256e-06,-0.9962148666381836,-8.75172872820451e-07,0.010000047273933887,4.644558089239581e-07,-8.054605132201687e-06,0.009999999999996706,-8.116292613475009e-09,-0.0003548339713542714,trajectory,STRAIGHT,3.739431142807007,13.377641677854138,4.7799367166589946e-06
2139,96216.75,13.37858772277832,2.7813046017399756e-06,-0.9962148666381836,-8.761478511418138e-07,0.010000047273933887,4.668690110065654e-07,-8.054605132201687e-06,0.009999999999996479,-8.392114321262921e-09,-0.0003548339713542714,trajectory,STRAIGHT,3.7394309043884277,13.378587722775935,4.7799367166589946e-06
2140,96216.843,13.379533767700195,2.8262425075809006e-06,-0.9962148666381836,-8.771228294634392e-07,0.010000047273933887,4.692881816481531e-07,-8.054605132201687e-06,0.009999999999996241,-8.669693652667078e-09,-0.0003548339713542714,trajectory,STRAIGHT,3.7394306659698486,13.37953376769773,4.7799367166589946e-06
2141,96216.968,13.380568504333496,2.8756542178598465e-06,-0.9962148666381836,-8.781892120075331e-07,0.010000047273933887,4.7194080821100215e-07,-8.054605132201687e-06,0.009999999999995972,-8.97529134555256e-09,-0.0003548339713542714,trajectory,STRAIGHT,3.739431858062744,13.380568504330943,4.7799367166589946e-06
2142,96217.093,13.38154411315918,2.9225029720691964e-06,-0.9962148666381836,-8.791946584027388e-07,0.010000047273933887,4.7444822826037125e-07,-8.054605132201687e-06,0.009999999999995707,-9.265406698368511e-09,-0.0003548339713542714,trajectory,STRAIGHT,3.739431619644165,13.381544113156542,4.7799367166589946e-06
2143,96217.234,13.382608413696289,2.9738953344349284e-06,-0.9962148666381836,-8.802915090144774e-07,0.010000047273933887,4.77190837955277e-07,-8.054605132201687e-06,0.009999999999995408,-9.584068987271509e-09,-0.0003548339713542714,trajectory,STRAIGHT,3.739431142807007,13.382608413693555,4.7799367166589946e-06
2144,96217.343,13.383554458618164,3.0198248168744612e-06,-0.9962148666381836,-8.812664873343239e-07,0.010000047273933887,4.796348207491974e-07,-8.054605132201687e-06,0.00999999999999513,-9.869219171380961e-09,-0.0003548339713542714,trajectory,STRAIGHT,3.739431381225586,13.383554458615343,4.7799367166589946e-06
2145,96217.468,13.384559631347656,3.0688800052303122e-06,-0.9962148666381836,-8.823024017965994e-07,0.010000047273933887,4.82238021959347e-07,-8.054605132201687e-06,0.009999999999994826,-1.0174148918763964e-08,-0.0003548339713542714,trajectory,STRAIGHT,3.7394306659698486,13.384559631344741,4.7799367166589946e-06
2146,96217.578,13.385594367980957,3.119657776551321e-06,-0.9962148666381836,-8.833687843292868e-07,0.010000047273933887,4.849247829952219e-07,-8.054605132201687e-06,0.009999999999994498,-1.0490190336229792e-08,-0.0003548339713542714,trajectory,STRAIGHT,3.739431858062744,13.385594367977943,4.7799367166589946e-06
2147,96217.703,13.386540412902832,3.1663294066675007e-06,-0.9962148666381836,-8.843437626483232e-07,0.010000047273933887,4.87387296743691e-07,-8.054605132201687e-06,0.009999999999994189,-1.0781035350616578e-08,-0.0003548339713542714,trajectory,STRAIGHT,3.739431142807007,13.386540412899725,4.7799367166589946e-06
2148,96217.812,13.387516021728516,3.214708158338908e-06,-0.9962148666381836,-8.853492090388215e-07,0.010000047273933887,4.899329155705345e-07,-8.054605132201687e-06,0.009999999999993858,-1.1082880621856132e-08,-0.0003548339713542714,trajectory,STRAIGHT,3.7394309043884277,13.387516021725311,4.7799367166589946e-06
2149,96217.937,13.3884916305542,3.2633377031743294e-06,-0.9962148666381836,-8.863546554303623e-07,0.010000047273933887,4.924849008602905e-07,-8.054605132201687e-06,0.009999999999993518,-1.138665980541722e-08,-0.0003548339713542714,trajectory,STRAIGHT,3.7394309043884277,13.388491630550895,4.7799367166589946e-06
2150,96218.062,13.389496803283691,3.3137071113742422e-06,-0.9962148666381836,-8.873905698957361e-07,0.010000047273933887,4.951206165060285e-07,-8.054605132201687e-06,0.009999999999993153,-1.1701695256852775e-08,-0.0003548339713542714,trajectory,STRAIGHT,3.739429473876953,13.389496803280283,4.7799367166589946e-06
2151,96218.187,13.390472412109375,3.3628523397055687e-06,-0.9962148666381836,-8.883960162877973e-07,0.010000047273933887,4.976852210347715e-07,-8.054605132201687e-06,0.009999999999992789,-1.200945207187232e-08,-0.0003548339713542714,trajectory,STRAIGHT,3.739431619644165,13.390472412105861,4.7799367166589946e-06
2152,96218.312,13.391507148742676,3.4152535590692423e-06,-0.9962148666381836,-8.894623988304658e-07,0.010000047273933887,5.004119429941056e-07,-8.054605132201687e-06,0.009999999999992388,-1.2338007268924596e-08,-0.0003548339713542714,trajectory,STRAIGHT,3.739431858062744,13.39150714873905,4.7799367166589946e-06
2153,96218.421,13.39248275756836,3.4649228837224655e-06,-0.9962148666381836,-8.90467845226524e-07,0.010000047273933887,5.029894509789301e-07,-8.054605132201687e-06,0.009999999999992,-1.264982057429125e-08,-0.0003548339713542714,trajectory,STRAIGHT,3.739431381225586,13.392482757564625,4.7799367166589946e-06
2154,96218.546,13.393487930297852,3.516364358802093e-06,-0.9962148666381836,-8.91503759695918e-07,0.010000047273933887,5.056515419710195e-07,-8.054605132201687e-06,0.009999999999991585,-1.2973153753186334e-08,-0.0003548339713542714,trajectory,STRAIGHT,3.7394309043884277,13.393487930294004,4.7799367166589946e-06
2155,96218.671,13.394493103027344,3.5680775454238756e-06,-0.9962148666381836,-8.925396741629262e-07,0.010000047273933887,5.08320113112859e-07,-8.054605132201687e-06,0.009999999999991157,-1.3298597139339662e-08,-0.0003548339713542714,trajectory,STRAIGHT,3.7394299507141113,13.394493103023379,4.7799367166589946e-06
2156,96218.796,13.395498275756836,3.620064262577216e-06,-0.9962148666381836,-8.935755886275307e-07,0.010000047273933887,5.109954486215429e-07,-8.054605132201687e-06,0.009999999999990718,-1.3626166035484949e-08,-0.0003548339713542714,trajectory,STRAIGHT,3.739431858062744,13.395498275752752,4.7799367166589946e-06
2157,96218.906,13.39647388458252,3.6707826893689344e-06,-0.9962148666381836,-8.945810350185373e-07,0.010000047273933887,5.13598422458017e-07,-8.054605132201687e-06,0.009999999999990275,-1.394613168972399e-08,-0.0003548339713542714,trajectory,STRAIGHT,3.7394320964813232,13.396473884578318,4.7799367166589946e-06
2158,96219.015,13.397449493408203,3.7217585031612543e-06,-0.9962148666381836,-8.955864814087276e-07,0.010000047273933887,5.16207592227147e-07,-8.054605132201687e-06,0.009999999999989823,-1.4268105275123757e-08,-0.0003548339713542714,trajectory,STRAIGHT,3.739431858062744,13.397449493403881,4.7799367166589946e-06
2159,96219.156,13.398425102233887,3.7729939776909305e-06,-0.9962148666381836,-8.965919277989054e-07,0.010000047273933887,5.188230147723516e-07,-8.054605132201687e-06,0.009999999999989352,-1.4592104657986198e-08,-0.0003548339713542714,trajectory,STRAIGHT,3.7394306659698486,13.398425102229442,4.7799367166589946e-06
2160,96219.265,13.399430274963379,3.826052306976635e-06,-0.9962148666381836,-8.976278422602371e-07,0.010000047273933887,5.215242140366172e-07,-8.054605132201687e-06,0.009999999999988858,-1.4928036691698068e-08,-0.0003548339713542714,trajectory,STRAIGHT,3.739429473876953,13.399430274958807,4.7799367166589946e-06
2161,96219.39,13.400405883789062,3.877814378938638e-06,-0.9962148666381836,-8.986332886512004e-07,0.010000047273933887,5.241523695076467e-07,-8.054605132201687e-06,0.009999999999988362,-1.5256156752770523e-08,-0.0003548339713542714,trajectory,STRAIGHT,3.7394320964813232,13.400405883784362,4.7799367166589946e-06
2162,96219.5,13.401440620422363,3.93299796996871e-06,-0.9962148666381836,-8.996996711885527e-07,0.010000047273933887,5.269465646051685e-07,-8.054605132201687e-06,0.0,0.0,0.0,trajectory_no_feasible,STRAIGHT,3.739431858062744,13.401440620417524,4.7799367166589946e-06
2163,96219.625,13.402268409729004,3.977357664552983e-06,-0.9962148666381836,-9.005097957204526e-07,0.009922109544277191,5.292570790516038e-07,-8.834250365907792e-06,0.009999999999987377,-1.5888680752328825e-08,-0.00035477159973557493,trajectory,STRAIGHT,3.7394309043884277,13.402268409724053,4.7799367166589946e-06
2164,96219.75,13.403257369995117,4.0315030673809815e-06,-0.9962157607078552,-9.017294394570321e-07,0.009461335837841034,5.323987011252029e-07,-8.755566341278609e-06,0.009999999999986828,-1.6231001677783865e-08,-0.00035473319097396373,trajectory,STRAIGHT,3.739431619644165,13.403257369990028,4.7799367166589946e-06
2165,96219.859,13.404205322265625,4.085961791133741e-06,-0.9962157607078552,-9.031844329053227e-07,0.009209939278662205,5.353585947887041e-07,-7.169095624703914e-06,0.009999999999986268,-1.657271400250252e-08,-0.00035482084614274603,trajectory,STRAIGHT,3.7372379302978516,13.404205322260394,4.7799367166589946e-06
2166,96219.984,13.405145645141602,4.140713826927822e-06,-0.9962157607078552,-9.048952389070786e-07,0.009127410128712654,5.381724008657329e-07,-7.056083632051013e-06,0.009999999999985696,-1.6914006637898614e-08,-0.00035482988710215825,trajectory,STRAIGHT,3.7373054027557373,13.405145645136226,4.7799367166589946e-06
2167,96220.093,13.406085968017578,4.195748715574155e-06,-0.9962157607078552,-9.080969733978095e-07,0.009135033003985882,5.409110599430278e-07,-7.181971341196913e-06,0.009999999999985134,-1.7242587442720214e-08,-0.0003548198160854266,trajectory,STRAIGHT,3.738548755645752,13.406085968012055,4.7799367166589946e-06
2168,96220.218,13.407026290893555,4.251061000104528e-06,-0.9962157607078552,-9.113057690444485e-07,0.00918805692344904,5.436149308479798e-07,-7.181971341196913e-06,0.009999999999984558,-1.757326472524412e-08,-0.0003548198160854266,trajectory,STRAIGHT,3.7392823696136475,13.407026290887883,4.7799367166589946e-06
2169,96220.343,13.407966613769531,4.3066484067821875e-06,-0.9962157607078552,-9.13856804070773e-07,0.009261105209589005,5.463065804178768e-07,-7.181971341196913e-06,0.009999999999983956,-1.79126762611923e-08,-0.0003548198160854266,trajectory,STRAIGHT,3.7391819953918457,13.407966613763707,4.7799367166589946e-06
2170,96220.453,13.408906936645508,4.362510026112432e-06,-0.9962157607078552,-9.145011830909532e-07,0.009340173564851284,5.48998968952219e-07,-7.181971341196913e-06,0.009999999999983303,-1.8273309111942346e-08,-0.0003548198160854266,trajectory,STRAIGHT,3.738978862762451,13.408906936639527,4.7799367166589946e-06
2171,96220.578,13.40986442565918,4.418646312842611e-06,-0.9962157607078552,-9.148023911694231e-07,0.009417790919542313,5.516989176612697e-07,-7.181971341196913e-06,0.009999999999982627,-1.8639835086814376e-08,-0.0003548198160854266,trajectory,STRAIGHT,3.7389020919799805,13.40986442565304,4.7799367166589946e-06
2172,96220.703,13.410837173461914,4.47505908596213e-06,-0.9962157607078552,-9.157075571769779e-07,0.009490285068750381,5.544096666199039e-07,-7.181971341196913e-06,0.009999999999981945,-1.900277696956598e-08,-0.0003548198160854266,trajectory,STRAIGHT,3.738893508911133,13.410837173455613,4.7799367166589946e-06
2173,96220.828,13.411809921264648,4.531748800218338e-06,-0.9962157607078552,-9.170915140445145e-07,0.009556084871292114,5.571327506004309e-07,-7.181971341196913e-06,0.009999999999981253,-1.9363130380180893e-08,-0.0003548198160854266,trajectory,STRAIGHT,3.738919496536255,13.411809921258182,4.7799367166589946e-06
2174,96220.937,13.412725448608398,4.585358055919642e-06,-0.9962157607078552,-9.191005216132952e-07,0.00961147528141737,5.597072458840557e-07,-7.181971341196913e-06,0.0099999999999806,-1.9697242578709922e-08,-0.0003548198160854266,trajectory,STRAIGHT,3.7389631271362305,13.412725448601776,4.7799367166589946e-06
2175,96221.062,13.41366958618164,4.640901806851616e-06,-0.9962157607078552,-9.216868879825649e-07,0.009662101976573467,5.623739411930728e-07,-7.181971341196913e-06,0.009999999999979923,-2.0038712217339455e-08,-0.0003548198160854266,trajectory,STRAIGHT,3.739011526107788,13.413669586174851,4.7799367166589946e-06
2176,96221.25,13.414592742919922,4.695015377365053e-06,-0.9962157607078552,-9.249916424848848e-07,0.009705320000648499,5.6497077594031e-07,-7.181971341196913e-06,0.009999999999979265,-2.0364022557593653e-08,-0.0003548198160854266,trajectory,STRAIGHT,3.7390599250793457,13.41459274291297,4.7799367166589946e-06
2177,96221.39,13.416366577148438,4.7971520871215034e-06,-0.9962157607078552,-9.328206733188547e-07,0.009772573597729206,5.698675522580743e-07,-7.17338753020158e-06,0.009999999999978026,-2.0963854661085566e-08,-0.00035482050279030624,trajectory,STRAIGHT,3.7391068935394287,13.416366577141172,4.7971520871215034e-06
2178,96221.515,13.41737174987793,4.855422503169393e-06,-0.9962157607078552,-9.385017688369548e-07,0.009803791530430317,5.726573704123439e-07,-7.17338753020158e-06,0.009999999999977327,-2.1294470705554337e-08,-0.00035482050279030624,trajectory,STRAIGHT,3.7391481399536133,13.417371749870481,4.855422503169393e-06
2179,96221.625,13.418288230895996,4.908799382974394e-06,-0.9962157607078552,-9.443706762441577e-07,0.009828563779592514,5.752099809797073e-07,-7.17338753020158e-06,0.00999999999997669,-2.1591020795643674e-08,-0.00035482050279030624,trajectory,STRAIGHT,3.739187240600586,13.418288230888379,4.908799382974394e-06
2180,96221.75,13.419175148010254,4.960680598742329e-06,-0.9962157607078552,-9.506905800907583e-07,0.00984958652406931,5.776880129815254e-07,-7.17338753020158e-06,0.009999999999976078,-2.1873424489822603e-08,-0.00035482050279030624,trajectory,STRAIGHT,3.739219903945923,13.41917514800247,4.960680598742329e-06
2181,96221.875,13.420209884643555,5.02149123349227e-06,-0.9962157607078552,-9.58813443395672e-07,0.009870894253253937,5.805883915854793e-07,-7.17338753020158e-06,0.009999999999975364,-2.219767802720993e-08,-0.00035482050279030624,trajectory,STRAIGHT,3.7392499446868896,13.420209884635574,5.02149123349227e-06
2182,96222.0,13.421215057373047,5.080857135908445e-06,-0.9962157607078552,-9.672136464446368e-07,0.00988871231675148,5.834150442751707e-07,-7.17338753020158e-06,0.009999999999974665,-2.250993595533377e-08,-0.00035482050279030624,trajectory,STRAIGHT,3.7392754554748535,13.421215057364872,5.080857135908445e-06
2183,96222.109,13.422161102294922,5.136993877385976e-06,-0.9962157607078552,-9.756852455328828e-07,0.00990324281156063,5.860833880433347e-07,-7.17338753020158e-06,0.009999999999974007,-2.2800298245140783e-08,-0.00035482050279030624,trajectory,STRAIGHT,3.739297389984131,13.422161102286559,5.136993877385976e-06
2184,96222.234,13.423166275024414,5.196920483285794e-06,-0.9962157607078552,-9.851237513894145e-07,0.00991661474108696,5.889266958547523e-07,-7.17338753020158e-06,0.009999999999973305,-2.3106711069709363e-08,-0.00035482050279030624,trajectory,STRAIGHT,3.7393171787261963,13.42316627501585,5.196920483285794e-06
2185,96222.359,13.424171447753906,5.25713812749018e-06,-0.9962157607078552,-9.94695839649059e-07,0.009928143583238125,5.917781891184859e-07,-7.167664989538025e-06,0.00999999999997259,-2.341414627428143e-08,-0.0003548209605935593,trajectory,STRAIGHT,3.739333152770996,13.424171447745136,5.25713812749018e-06
2186,96222.468,13.425176620483398,5.317646355251782e-06,-0.9962157607078552,-1.0045227004427349e-06,0.009938075207173824,5.946377541476977e-07,-7.167664989538025e-06,0.009999999999971865,-2.372139358549773e-08,-0.0003548209605935593,trajectory,STRAIGHT,3.739347219467163,13.42517662047442,5.317646355251782e-06
2187,96222.593,13.426093101501465,5.373069598135771e-06,-0.9962157607078552,-1.013720753546905e-06,0.009945930913090706,5.97163079874008e-07,-7.167664989538025e-06,0.009999999999971199,-2.4001213251917015e-08,-0.0003548209605935593,trajectory,STRAIGHT,3.7393596172332764,13.426093101492294,5.373069598135771e-06
2188,96222.718,13.427098274230957,5.434038939711172e-06,-0.9962157607078552,-1.0224075645295943e-06,0.009953409433364868,5.981858066661516e-07,-7.170526259869803e-06,0.009999999999970418,-2.432378485138513e-08,-0.00035482073169193273,trajectory,STRAIGHT,3.7393691539764404,13.42709827422157,5.434038939711172e-06
2189,96222.828,13.427985191345215,5.487873295351164e-06,-0.9962157607078552,-1.028208880627369e-06,0.009959140792489052,5.977905175313936e-07,-7.170526259869803e-06,0.009999999999969674,-2.462771780058058e-08,-0.00035482073169193273,trajectory,STRAIGHT,3.739380121231079,13.427985191335637,5.487873295351164e-06
2190,96222.937,13.428960800170898,5.54698272026144e-06,-0.9962157607078552,-1.0336992743271714e-06,0.009964628145098686,5.963235025774338e-07,-7.170526259869803e-06,0.009999999999968822,-2.4970736820941045e-08,-0.00035482073169193273,trajectory,STRAIGHT,3.7393877506256104,13.428960800161105,5.54698272026144e-06
2191,96223.062,13.4299955368042,5.60953685635468e-06,-0.9962157607078552,-1.0396620357014756e-06,0.009969650767743587,5.951536081738595e-07,-7.170526259869803e-06,0.009999999999967913,-2.5332812188088588e-08,-0.00035482073169193273,trajectory,STRAIGHT,3.739394187927246,13.429995536794177,5.60953685635468e-06
2192,96223.187,13.431000709533691,5.670186055795057e-06,-0.9962157607078552,-1.0460098543440567e-06,0.009973826818168163,5.940242999713519e-07,-7.170526259869803e-06,0.00999999999996703,-2.567877092718078e-08,-0.00035482073169193273,trajectory,STRAIGHT,3.7393994331359863,13.431000709523445,5.670186055795057e-06
2193,96223.312,13.431976318359375,5.728941687266342e-06,-0.9962157607078552,-1.0528938200141833e-06,0.009977329522371292,5.929350663791411e-07,-7.170526259869803e-06,0.00999999999996618,-2.6007127895760844e-08,-0.00035482073169193273,trajectory,STRAIGHT,3.739405632019043,13.431976318348909,5.728941687266342e-06
2194,96223.421,13.432951927185059,5.787589998362819e-06,-0.9962157607078552,-1.0604912842747178e-06,0.009980384260416031,5.918522560932615e-07,-7.170526259869803e-06,0.009999999999965342,-2.6328159592837354e-08,-0.00035482073169193273,trajectory,STRAIGHT,3.7394092082977295,13.43295192717437,5.787589998362819e-06
2195,96223.546,13.433897972106934,5.844358838658081e-06,-0.9962157607078552,-1.0682059596469423e-06,0.009982976131141186,5.908086109229771e-07,-7.170526259869803e-06,0.009999999999964527,-2.6635808170349353e-08,-0.00035482073169193273,trajectory,STRAIGHT,3.739412546157837,13.433897972096029,5.844358838658081e-06
2196,96223.656,13.434903144836426,5.904566933168098e-06,-0.9962157607078552,-1.0772256461390535e-06,0.009985346347093582,5.897063033444283e-07,-7.170526259869803e-06,0.009999999999963675,-2.6954270901146836e-08,-0.00035482073169193273,trajectory,STRAIGHT,3.7394156455993652,13.434903144825288,5.904566933168098e-06
2197,96223.781,13.43587875366211,5.962896466371603e-06,-0.9962157607078552,-1.0863184333030141e-06,0.009987322613596916,5.886431040380558e-07,-7.170526259869803e-06,0.009999999999962844,-2.725979673572324e-08,-0.00035482073169193273,trajectory,STRAIGHT,3.7394185066223145,13.435878753650742,5.962896466371603e-06
2198,96223.89,13.436854362487793,6.0211209529370535e-06,-0.9962157607078552,-1.0958643761436798e-06,0.009988997131586075,5.875862143511767e-07,-7.170526259869803e-06,0.00999999999996202,-2.7560613871425964e-08,-0.00035482073169193273,trajectory,STRAIGHT,3.739419937133789,13.436854362476197,6.0211209529370535e-06
2199,96224.015,13.437859535217285,6.0810002651123796e-06,-0.9962157607078552,-1.1059148611195582e-06,0.009990597143769264,5.86503915656067e-07,-7.170526259869803e-06,0.009999999999961168,-2.7868210369431447e-08,-0.00035482073169193273,trajectory,STRAIGHT,3.739419937133789,13.43785953520545,6.0810002651123796e-06
2200,96224.14,13.438864707946777,6.140770437923493e-06,-0.9962157607078552,-1.1160536808552685e-06,0.009991924278438091,5.854283244843828e-07,-7.170526259869803e-06,0.00999999999996031,-2.8174749948110105e-08,-0.00035482073169193273,trajectory,STRAIGHT,3.7394235134124756,13.4388647079347,6.140770437923493e-06
2201,96224.25,13.43986988067627,6.200430561875692e-06,-0.9962157607078552,-1.1265044570978316e-06,0.009993086569011211,5.843593839927053e-07,-7.170526259869803e-06,0.00999999999995945,-2.847799022489333e-08,-0.00035482073169193273,trajectory,STRAIGHT,3.7394232749938965,13.439869880663949,6.200430561875692e-06
2202,96224.375,13.440875053405762,6.2599820012110285e-06,-0.9962157607078552,-1.1371339490984721e-06,0.009994251653552055,5.832970373376156e-07,-7.170526259869803e-06,0.009999999999958589,-2.8779272009687744e-08,-0.00035482073169193273,trajectory,STRAIGHT,3.739423990249634,13.440875053393194,6.2599820012110285e-06
2203,96224.5,13.441850662231445,6.3176789808494505e-06,-0.9962157607078552,-1.147881334466097e-06,0.009995164349675179,5.82272264182393e-07,-7.170526259869803e-06,0.009999999999957754,-2.9067229500346936e-08,-0.00035482073169193273,trajectory,STRAIGHT,3.73942494392395,13.441850662218638,6.3176789808494505e-06
2204,96224.625,13.442885398864746,6.378762009262573e-06,-0.9962157607078552,-1.1594761414140416e-06,0.009995873086154461,5.811924665977131e-07,-7.170526259869803e-06,0.00999999999995687,-2.937050860882204e-08,-0.00035482073169193273,trajectory,STRAIGHT,3.73942494392395,13.442885398851681,6.378762009262573e-06
2205,96224.75,13.443801879882812,6.432770078390604e-06,-0.9962157607078552,-1.1700313958509114e-06,0.009996496140956879,5.80241760417266e-07,-7.170526259869803e-06,0.009999999999956086,-2.963613282927394e-08,-0.00035482073169193273,trajectory,STRAIGHT,3.739427089691162,13.443801879869516,6.432770078390604e-06
2206,96224.937,13.445516586303711,6.533579380629817e-06,-0.9962157607078552,-1.1900813202597823e-06,0.009997662156820297,5.78477568069502e-07,-7.170526259869803e-06,0.0,0.0,0.0,trajectory_no_feasible,STRAIGHT,3.7394261360168457,13.44551658628998,6.533579380629817e-06
2207,96225.062,13.446433067321777,6.587337793462211e-06,-0.9962157607078552,-1.200931508064844e-06,0.009876412339508533,5.776883540420386e-07,-8.460873686999548e-06,0.009999999999953817,-3.039206238726298e-08,-0.0003547175038977624,trajectory,STRAIGHT,3.7394261360168457,13.446433067307812,6.587337793462211e-06
2208,96225.187,13.44736099243164,6.6427783167455345e-06,-0.9962161779403687,-1.2121260244112808e-06,0.00940688606351614,5.772929512204428e-07,-7.99880399426911e-06,0.009999999999952991,-3.0662530993368884e-08,-0.0003547336078475094,trajectory,STRAIGHT,3.739426851272583,13.44736099241743,6.6427783167455345e-06
2209,96225.296,13.448304176330566,6.70165718474891e-06,-0.9962161779403687,-1.2218298086237985e-06,0.009136014617979527,5.77128673739935e-07,-6.55395706417039e-06,0.00999999999995204,-3.097094739907596e-08,-0.0003548308731072069,trajectory,STRAIGHT,3.7392308712005615,13.448304176316094,6.70165718474891e-06
2210,96225.406,13.449128150939941,6.753618436050601e-06,-0.9962161779403687,-1.227625934763125e-06,0.009051610715687275,5.773661655439355e-07,-6.555387244588928e-06,0.009999999999951107,-3.1270977905357715e-08,-0.00035483075869277347,trajectory,STRAIGHT,3.7358028888702393,13.449128150925237,6.753618436050601e-06
2211,96225.531,13.4500093460083,6.8108015511825215e-06,-0.9962161779403687,-1.233015602587692e-06,0.009051366709172726,5.775900717708282e-07,-6.699871391901979e-06,0.009999999999950038,-3.1610764092516276e-08,-0.0003548191999609884,trajectory,STRAIGHT,3.737933397293091,13.450009345993337,6.8108015511825215e-06
2212,96225.656,13.45091438293457,6.8679414653161075e-06,-0.9962161779403687,-1.238607237843051e-06,0.00910248514264822,5.765061246165715e-07,-6.715608378726756e-06,0.009999999999948961,-3.1949381967038394e-08,-0.0003548179410020424,trajectory,STRAIGHT,3.738964557647705,13.450914382919345,6.8679414653161075e-06
2213,96225.765,13.45177173614502,6.9214643190207426e-06,-0.9962161779403687,-1.2438159649581499e-06,0.009172561578452587,5.743021915805002e-07,-6.715608378726756e-06,0.009999999999947941,-3.226754997060073e-08,-0.0003548179410020424,trajectory,STRAIGHT,3.739335060119629,13.451771736129547,6.9214643190207426e-06
2214,96225.89,13.45268440246582,6.9781535785296e-06,-0.9962161779403687,-1.2482242239466737e-06,0.009255621582269669,5.707121317755082e-07,-6.718469649058534e-06,0.009999999999946808,-3.2616208196848974e-08,-0.0003548177121004159,trajectory,STRAIGHT,3.739017963409424,13.452684402450085,6.9781535785296e-06
2215,96226.0,13.453624725341797,7.036122497083852e-06,-0.9962161779403687,-1.2513484017570545e-06,0.009341309778392315,5.656827966049605e-07,-6.718469649058534e-06,0.009999999999945592,-3.2987259639762214e-08,-0.0003548177121004159,trajectory,STRAIGHT,3.738879919052124,13.45362472532579,7.036122497083852e-06
2216,96226.125,13.454554557800293,7.091831776051549e-06,-0.9962161779403687,-1.254575368623004e-06,0.009419959038496017,5.59516024623008e-07,-6.718469649058534e-06,0.009999999999944413,-3.334283986967107e-08,-0.0003548177121004159,trajectory,STRAIGHT,3.7388434410095215,13.454554557784022,7.091831776051549e-06
2217,96226.25,13.455527305603027,7.148523764044512e-06,-0.9962161779403687,-1.2583965893048545e-06,0.009494096040725708,5.518407988347462e-07,-6.718469649058534e-06,0.009999999999943214,-3.37005931666032e-08,-0.0003548177121004159,trajectory,STRAIGHT,3.738856077194214,13.455527305586484,7.148523764044512e-06
2218,96226.375,13.45647144317627,7.202736014733091e-06,-0.9962161779403687,-1.2626436924170855e-06,0.009558643214404583,5.431095360108884e-07,-6.718469649058534e-06,0.009999999999942073,-3.403765609068363e-08,-0.0003548177121004159,trajectory,STRAIGHT,3.7388975620269775,13.456471443159463,7.202736014733091e-06
2219,96226.484,13.45738697052002,7.254421234392794e-06,-0.9962161779403687,-1.26729939442206e-06,0.009614289738237858,5.33437173544371e-07,-6.718469649058534e-06,0.00999999999994099,-3.435384360799675e-08,-0.0003548177121004159,trajectory,STRAIGHT,3.738949775695801,13.457386970502961,7.254421234392794e-06
2220,96226.593,13.45830249786377,7.305120107048424e-06,-0.9962161779403687,-1.2723804049080504e-06,0.009663479402661324,5.225770109973382e-07,-6.709885838063201e-06,0.009999999999939935,-3.4659811069065707e-08,-0.0003548183988052955,trajectory,STRAIGHT,3.7390029430389404,13.458302497846462,7.305120107048424e-06
2221,96226.703,13.459285736083984,7.357780759775778e-06,-0.9962161779403687,-1.2786250050939498e-06,0.009709249250590801,5.097360826766817e-07,-6.709885838063201e-06,0.009999999999938856,-3.4969397651105383e-08,-0.0003548183988052955,trajectory,STRAIGHT,3.7390551567077637,13.459285736066416,7.357780759775778e-06
2222,96226.828,13.460261344909668,7.407575594697846e-06,-0.9962161779403687,-1.2855393376167445e-06,0.00974792055785656,4.959893544764782e-07,-6.701302027067868e-06,0.009999999999937859,-3.52539112135447e-08,-0.00035481908551017515,trajectory,STRAIGHT,3.739103317260742,13.46026134489185,7.407575594697846e-06
2223,96226.953,13.461236953735352,7.455947979906341e-06,-0.9962161779403687,-1.2927680161498073e-06,0.0097815515473485,4.809772917724331e-07,-6.701302027067868e-06,0.009999999999936893,-3.552648565653236e-08,-0.00035481908551017515,trajectory,STRAIGHT,3.7391467094421387,13.461236953717288,7.455947979906341e-06
2224,96227.062,13.462153434753418,7.499978892155923e-06,-0.9962161779403687,-1.300402556785885e-06,0.009809114038944244,4.6572196765737317e-07,-6.701302027067868e-06,0.009999999999936043,-3.576533193226452e-08,-0.00035481908551017515,trajectory,STRAIGHT,3.739185094833374,13.462153434735129,7.499978892155923e-06
2225,96227.25,13.46315860748291,7.546575488959206e-06,-0.9962161779403687,-1.3092449085367016e-06,0.009835408069193363,4.4770516183234577e-07,-6.701302027067868e-06,0.009999999999935158,-3.601200323893274e-08,-0.00035481908551017515,trajectory,STRAIGHT,3.73922061920166,13.463158607464381,7.546575488959206e-06
2226,96227.406,13.464962005615234,7.625308171554934e-06,-0.9962161779403687,-1.3268328609289011e-06,0.009873878210783005,4.1200911482519587e-07,-6.701302027067868e-06,0.009999999999933729,-3.64067165646648e-08,-0.00035481908551017515,trajectory,STRAIGHT,3.7392749786376953,13.464962005596295,7.625308171554934e-06
2227,96227.531,13.466026306152344,7.668572834518272e-06,-0.9962161779403687,-1.3378218477468136e-06,0.009892242960631847,3.8890968312443874e-07,-6.701302027067868e-06,0.009999999999932974,-3.66133352577645e-08,-0.00035481908551017515,trajectory,STRAIGHT,3.7392749786376953,13.466026306133175,7.668572834518272e-06
2228,96227.656,13.467001914978027,7.705981261096895e-06,-0.9962161779403687,-1.348171121671575e-06,0.009906729683279991,3.667825012598769e-07,-6.701302027067868e-06,0.00999999999993234,-3.678567878402793e-08,-0.00035481908551017515,trajectory,STRAIGHT,3.73929762840271,13.46700191495866,7.705981261096895e-06
2229,96227.765,13.467888832092285,7.738108251942322e-06,-0.9962161779403687,-1.356226767573484e-06,0.009918203577399254,3.471882621397526e-07,-6.701302027067868e-06,0.009999999999931756,-3.694391238449526e-08,-0.00035481908551017515,trajectory,STRAIGHT,3.739316701889038,13.467888832072743,7.738108251942322e-06
2230,96227.89,13.468805313110352,7.769474905217066e-06,-0.9962161779403687,-1.3635162737781406e-06,0.009928582236170769,3.274091397997836e-07,-6.701302027067868e-06,0.009999999999931158,-3.710609813296825e-08,-0.00035481908551017515,trajectory,STRAIGHT,3.7393336296081543,13.46880531309064,7.769474905217066e-06
2231,96227.984,13.469780921936035,7.800884304742794e-06,-0.9962161779403687,-1.370050214735236e-06,0.009938191622495651,3.0707295195497863e-07,-6.695579486404313e-06,0.009999999999930516,-3.727837020164287e-08,-0.00035481954331342824,trajectory,STRAIGHT,3.7393479347229004,13.46978092191615,7.800884304742794e-06
2232,96228.109,13.470460891723633,7.821547114872374e-06,-0.9962161779403687,-1.374358144410471e-06,0.009944109246134758,2.913743344379327e-07,-6.695579486404313e-06,0.009999999999930089,-3.739304574292384e-08,-0.00035481954331342824,trajectory,STRAIGHT,3.7393605709075928,13.470460891703635,7.821547114872374e-06
2233,96228.234,13.471673011779785,7.855585863580927e-06,-0.9962161779403687,-1.3824620009513037e-06,0.009953293949365616,2.6299886712877196e-07,-6.695579486404313e-06,0.009999999999929406,-3.75752827864607e-08,-0.00035481954331342824,trajectory,STRAIGHT,3.7393715381622314,13.471673011759597,7.855585863580927e-06
2234,96228.359,13.472678184509277,7.881402780185454e-06,-0.9962161779403687,-1.3900098063194704e-06,0.009959746152162552,2.439228694584017e-07,-6.695579486404313e-06,0.009999999999928927,-3.770266633239923e-08,-0.00035481954331342824,trajectory,STRAIGHT,3.7393805980682373,13.472678184488942,7.881402780185454e-06
2235,96228.484,13.473653793334961,7.904780431999825e-06,-0.9962161779403687,-1.3979730092764866e-06,0.009965158067643642,2.284833158228139e-07,-6.695579486404313e-06,0.009999999999928524,-3.7809178592551045e-08,-0.00035481954331342824,trajectory,STRAIGHT,3.7393875122070312,13.473653793314492,7.904780431999825e-06
2236,96228.593,13.474658966064453,7.927243132144213e-06,-0.9962161779403687,-1.4067823780486348e-06,0.00996998231858015,2.1174011521907232e-07,-6.695579486404313e-06,0.009999999999928169,-3.790247634056819e-08,-0.00035481954331342824,trajectory,STRAIGHT,3.7393951416015625,13.474658966043854,7.927243132144213e-06
2237,96228.734,13.475664138793945,7.94793049863074e-06,-0.9962161779403687,-1.4162970595013522e-06,0.00997412484139204,1.936482334485845e-07,-6.695579486404313e-06,0.009999999999927886,-3.7977313582624314e-08,-0.00035481954331342824,trajectory,STRAIGHT,3.7394020557403564,13.475664138773226,7.94793049863074e-06
2238,96228.843,13.476669311523438,7.966703378770035e-06,-0.9962161779403687,-1.4264657808799694e-06,0.009977702982723713,1.74207542613658e-07,-6.695579486404313e-06,0.009999999999927674,-3.803326698815098e-08,-0.00035481954331342824,trajectory,STRAIGHT,3.739405393600464,13.476669311502606,7.966703378770035e-06
2239,96228.968,13.477644920349121,7.983000614331104e-06,-0.9962161779403687,-1.436488647781017e-06,0.009980707429349422,1.5572939560115628e-07,-6.695579486404313e-06,0.00999999999992752,-3.8073606492401925e-08,-0.00035481954331342824,trajectory,STRAIGHT,3.739410638809204,13.47764492032819,7.983000614331104e-06
2240,96229.093,13.478679656982422,7.998390174179804e-06,-0.9962161779403687,-1.445170345502003e-06,0.009983468800783157,1.369908488868532e-07,-6.695579486404313e-06,0.00999999999992733,-3.81236151542549e-08,-0.00035481954331342824,trajectory,STRAIGHT,3.7394137382507324,13.478679656961397,7.998390174179804e-06
2241,96229.218,13.479684829711914,8.011431418708526e-06,-0.9962161779403687,-1.4514925908166994e-06,0.009985772892832756,1.1903043173333572e-07,-6.69844075673609e-06,0.009999999999927112,-3.818093331359012e-08,-0.0003548193144118017,trajectory,STRAIGHT,3.7394182682037354,13.479684829690806,8.011431418708526e-06
2242,96229.328,13.480719566345215,8.022999281820375e-06,-0.9962161779403687,-1.4568118826937878e-06,0.00998777337372303,1.0037187081479715e-07,-6.69844075673609e-06,0.009999999999926887,-3.8239770381715255e-08,-0.0003548193144118017,trajectory,STRAIGHT,3.7394208908081055,13.48071956632403,8.022999281820375e-06
2243,96229.453,13.481695175170898,8.03185048425803e-06,-0.9962161779403687,-1.4621378807766108e-06,0.00998939573764801,7.755217978910878e-08,-6.69844075673609e-06,0.009999999999926738,-3.8278739487471274e-08,-0.0003548193144118017,trajectory,STRAIGHT,3.7394213676452637,13.481695175149653,8.03185048425803e-06
2244,96229.578,13.48270034790039,8.038334271986969e-06,-0.9962161779403687,-1.4678355233428787e-06,0.009990948252379894,4.869949776775684e-08,-6.69844075673609e-06,0.009999999999926658,-3.829954046946859e-08,-0.0003548193144118017,trajectory,STRAIGHT,3.7394230365753174,13.482700347879097,8.038334271986969e-06
2245,96229.703,13.483735084533691,8.041643013712019e-06,-0.9962161779403687,-1.4737591768120398e-06,0.009992233477532864,1.3335671233960511e-08,-6.69844075673609e-06,0.009999999999926663,-3.829827901933574e-08,-0.0003548193144118017,trajectory,STRAIGHT,3.73942494392395,13.483735084512366,8.041643013712019e-06
2246,96229.812,13.484651565551758,8.041240107559133e-06,-0.9962161779403687,-1.4793895142735038e-06,0.009993291459977627,-2.2784169217970884e-08,-6.69844075673609e-06,0.009999999999926765,-3.8271392844297565e-08,-0.0003548193144118017,trajectory,STRAIGHT,3.7394261360168457,13.484651565530422,8.041643013712019e-06
2247,96229.937,13.485627174377441,8.036879080464132e-06,-0.9962161779403687,-1.4854892681216185e-06,0.009994404390454292,-6.618677161895903e-08,-6.69844075673609e-06,0.009999999999926979,-3.821578413227347e-08,-0.0003548193144118017,trajectory,STRAIGHT,3.7394258975982666,13.485627174356114,8.041643013712019e-06
2248,96230.062,13.486602783203125,8.02810063760262e-06,-0.9962161779403687,-1.491694076505257e-06,0.009995268657803535,-1.1071240635374124e-07,-6.69844075673609e-06,0.009999999999927305,-3.81299430828305e-08,-0.0003548193144118017,trajectory,STRAIGHT,3.739426612854004,13.486602783181832,8.041643013712019e-06
2249,96230.156,13.487519264221191,8.015917956072371e-06,-0.9962161779403687,-1.4977160697846848e-06,0.009995889849960804,-1.511241123353102e-07,-6.69844075673609e-06,0.00999999999992772,-3.802131899423265e-08,-0.0003548193144118017,trajectory,STRAIGHT,3.739426851272583,13.48751926419995,8.041643013712019e-06
2250,96230.296,13.488494873046875,7.998972250788938e-06,-0.9962161779403687,-1.5043790300603171e-06,0.009996557608246803,-1.8988571071076876e-07,-6.69844075673609e-06,0.0,0.0,0.0,trajectory_no_feasible,STRAIGHT,3.7394282817840576,13.48849487302571,8.041643013712019e-06
2251,96230.406,13.48944091796875,7.979259862622712e-06,-0.9962161779403687,-1.510302967816596e-06,0.009908824227750301,-2.1871638011816685e-07,-7.575362360512372e-06,0.00999999999992886,-3.772019291174604e-08,-0.00035474916068349956,trajectory,STRAIGHT,3.7394285202026367,13.489440917947675,8.041643013712019e-06
2252,96230.531,13.490428924560547,7.95598953118315e-06,-0.9962161779403687,-1.514720445127971e-06,0.009448626078665257,-2.3447871910775575e-07,-7.3264463935629465e-06,0.009999999999929475,-3.7556438726171076e-08,-0.0003547690739608555,trajectory,STRAIGHT,3.7394282817840576,13.490428924539582,8.041643013712019e-06
2253,96230.656,13.491375923156738,7.932015250844415e-06,-0.9962161779403687,-1.5190427373899353e-06,0.009203665889799595,-2.3278408889382263e-07,-6.438080163206905e-06,0.00999999999993011,-3.738738423941935e-08,-0.00035484014325928403,trajectory,STRAIGHT,3.7371740341186523,13.491375923135886,8.041643013712019e-06
2254,96230.781,13.492316246032715,7.908909537945874e-06,-0.9962161779403687,-1.5231356844952647e-06,0.009125053882598877,-2.187277345910843e-07,-6.538217803608859e-06,0.009999999999930712,-3.722599382324312e-08,-0.00035483213224805183,trajectory,STRAIGHT,3.737332344055176,13.49231624601197,8.041643013712019e-06
2255,96230.906,13.493256568908691,7.887500942160841e-06,-0.9962161779403687,-1.5269822807772288e-06,0.009134802035987377,-2.0095639285955258e-07,-6.635495537921088e-06,0.009999999999931262,-3.707818003942254e-08,-0.00035482435002930687,trajectory,STRAIGHT,3.7385849952697754,13.493256568888047,8.041643013712019e-06
2256,96231.015,13.494196891784668,7.868000466260128e-06,-0.9962161779403687,-1.531050926979904e-06,0.009188937954604626,-1.8101437149198318e-07,-6.644079348916421e-06,0.00999999999993177,-3.694068096383632e-08,-0.0003548236633244273,trajectory,STRAIGHT,3.7392995357513428,13.494196891764112,8.041643013712019e-06
2257,96231.14,13.495137214660645,7.850633664929774e-06,-0.9962161779403687,-1.5349008179718816e-06,0.009262509644031525,-1.599340464508714e-07,-6.644079348916421e-06,0.009999999999932216,-3.6819426984791346e-08,-0.0003548236633244273,trajectory,STRAIGHT,3.739173412322998,13.495137214640167,8.041643013712019e-06
2258,96231.25,13.496077537536621,7.835151336621493e-06,-0.9962161779403687,-1.5366463339821814e-06,0.009341779164969921,-1.4476508169991575e-07,-6.644079348916421e-06,0.009999999999932539,-3.673164365769218e-08,-0.0003548236633244273,trajectory,STRAIGHT,3.7389748096466064,13.49607753751621,8.041643013712019e-06
2259,96231.375,13.49703598022461,7.82086772233015e-06,-0.9962161779403687,-1.537753479113098e-06,0.009419414214789867,-1.3637212248340802e-07,-6.644079348916421e-06,0.009999999999932807,-3.6658758954716656e-08,-0.0003548236633244273,trajectory,STRAIGHT,3.738900661468506,13.497035980204261,8.041643013712019e-06
2260,96231.781,13.498008728027344,7.807147994753905e-06,-0.9962161779403687,-1.5394661530755236e-06,0.009491825476288795,-1.325710030641858e-07,-6.644079348916421e-06,0.009999999999933082,-3.658398934660795e-08,-0.0003548236633244273,trajectory,STRAIGHT,3.738894462585449,13.498008728007054,8.041643013712019e-06
2261,96232.125,13.501175880432129,7.767095667077228e-06,-0.9877413511276245,-1.548171698484378e-06,0.009324501268565655,-1.0313584652976715e-07,0.08340180665254593,0.009999999999933971,-3.6339544533386e-08,-0.007451241062513223,trajectory,STRAIGHT,3.7390120029449463,13.501175880412005,8.041643013712019e-06
2262,96232.453,13.5037202835083,7.743238711555023e-06,-0.9667621850967407,-1.5549550760916367e-06,0.009216357953846455,-7.522390177427951e-08,0.06455746293067932,0.009999999999934476,-3.620039028372671e-08,-0.0073648183781074485,trajectory,STRAIGHT,3.7095584869384766,13.503720283488265,8.041643013712019e-06
2263,96232.781,13.505932807922363,7.727471711405087e-06,-0.9524613618850708,-1.5610690096929614e-06,0.009342157281935215,-5.507045486297102e-08,0.07541587203741074,0.0099999999999348,-3.611035533061039e-08,-0.009869818709382043,trajectory,STRAIGHT,3.679816246032715,13.50593280790238,8.041643013712019e-06
2264,96233.109,13.508505821228027,7.716534128121566e-06,-0.9317961931228638,-1.5673084823266291e-06,0.009474447928369045,-2.587994529790194e-08,0.06454477459192276,0.00999999999993497,-3.6063852791833845e-08,-0.010661400709270435,trajectory,STRAIGHT,3.6406636238098145,13.508505821208066,8.041643013712019e-06
2265,96233.453,13.511080741882324,7.712127626291476e-06,-0.9173924326896667,-1.569968415026279e-06,0.009625306352972984,-4.890294391657335e-09,0.03910720720887184,0.009999999999934851,-3.6097131453833e-08,-0.010254080796447757,trajectory,STRAIGHT,3.5979745388031006,13.51108074186235,8.041643013712019e-06
2266,96233.781,13.513427734375,7.71410941524664e-06,-0.9101210832595825,-1.571486702052381e-06,0.009732319042086601,2.2562229418099378e-08,0.019925635308027267,0.009999999999934561,-3.6177056389754685e-08,-0.00971565429448722,trajectory,STRAIGHT,3.57879376411438,13.513427734354984,8.041643013712019e-06
2267,96234.015,13.517123222351074,7.732465746812522e-06,-0.9072133898735046,-1.572088858582135e-06,0.009843743406236172,7.330389450999064e-08,-0.0020512565970420837,0.009999999999933664,-3.642414371409894e-08,-0.008422204196050049,trajectory,STRAIGHT,3.562009334564209,13.517123222330914,8.041643013712019e-06
2268,96234.14,13.518187522888184,7.740757610008586e-06,-0.9076616764068604,-1.5718428840453483e-06,0.009866383858025074,7.923956246713715e-08,-0.006512301973998547,0.009999999999933314,-3.6520013806578124e-08,-0.00817059570460238,trajectory,STRAIGHT,3.562009334564209,13.518187522867965,8.041643013712019e-06
2269,96234.359,13.519251823425293,7.749363248876762e-06,-0.9085274934768677,-1.5716111384101987e-06,0.009885755367577076,7.907895138714593e-08,-0.009256451390683651,0.009999999999932957,-3.6617994923696154e-08,-0.007888086685990586,trajectory,STRAIGHT,3.5611581802368164,13.519251823405016,8.041643013712019e-06
2270,96235.109,13.520966529846191,7.762211680528708e-06,-0.9104291200637817,-1.5717307960754552e-06,0.009911268949508667,6.602381574793981e-08,-0.012251216918230057,0.00999999999993242,-3.676434196186675e-08,-0.007515402320495317,trajectory,STRAIGHT,3.562537670135498,13.520966529825824,8.041643013712019e-06
2271,96235.75,13.526467323303223,7.762573659420013e-06,-0.8894655108451843,-1.5753995385441992e-06,0.006971423979848623,-9.485151508670242e-08,0.05781252309679985,0.0,0.0,0.0,control_loop_hover,STRAIGHT,3.5364573001861572,13.526467323282777,8.041643013712019e-06
2272,96236.093,13.529760360717773,7.660809387743939e-06,-0.8583064079284668,-1.577573572892604e-06,0.0052396031096577644,-2.6213612613901205e-07,0.04688940569758415,0.0,0.0,0.0,control_loop_hover,STRAIGHT,3.4782297611236572,13.529760360697814,8.041643013712019e-06
2273,96236.406,13.53089427947998,7.598681349918479e-06,-0.8502757549285889,-1.5768109398524712e-06,0.003715933533385396,-2.1854742726645782e-07,0.003770137671381235,0.009999999999935363,-3.595506643357014e-08,-0.014010205278236067,trajectory,STRAIGHT,3.455515146255493,13.530894279460329,8.041643013712019e-06
2274,96236.734,13.531612396240234,7.555589490948478e-06,-0.8523750305175781,-1.575902181394472e-06,0.0027617032174021006,-1.6242476874595013e-07,-0.021564556285738945,0.00999999999993629,-3.569598551194654e-08,-0.012231126889687161,trajectory,STRAIGHT,3.4446675777435303,13.531612396220796,8.041643013712019e-06
2275,96237.078,13.532440185546875,7.520678536820924e-06,-0.860487163066864,-1.5757661176193747e-06,0.003764677792787552,-1.1118265064169464e-07,-0.03609573468565941,0.009999999999937028,-3.548848540452794e-08,-0.010570837667031412,trajectory,STRAIGHT,3.4539427757263184,13.532440185527605,8.041643013712019e-06
2276,96237.406,13.533815383911133,7.489704785257345e-06,-0.8687900304794312,-1.5755483925114798e-06,0.005501369014382362,-9.821539492804732e-08,0.015805264934897423,0.009999999999937599,-3.532747454406249e-08,-0.01395153523711763,trajectory,STRAIGHT,3.473177433013916,13.533815383892003,8.041643013712019e-06
2277,96237.546,13.53551959991455,7.466211172868498e-06,-0.8653344511985779,-1.5749752989872306e-06,0.006818708032369614,-7.029840531913578e-08,0.007869168184697628,0.009999999999937935,-3.523222787076264e-08,-0.013124811434649454,trajectory,STRAIGHT,3.48016619682312,13.535519599895519,8.041643013712019e-06
2278,96237.671,13.536260604858398,7.459521384589607e-06,-0.8648607134819031,-1.575011510552108e-06,0.00724389310926199,-5.685889803430655e-08,-6.100421887822449e-05,0.009999999999938006,-3.52119715150467e-08,-0.012665834046578742,trajectory,STRAIGHT,3.4771182537078857,13.536260604839391,8.041643013712019e-06
2279,96237.796,13.537110328674316,7.4539520937833e-06,-0.8653591871261597,-1.575797533632291e-06,0.007649675942957401,-4.05352089671851e-08,-0.008321250788867474,0.009999999999938064,-3.519564228648336e-08,-0.012000894522718398,trajectory,STRAIGHT,3.47544527053833,13.537110328655325,8.041643013712019e-06
2280,96237.937,13.537931442260742,7.450365501426859e-06,-0.8665431141853333,-1.5762029765753755e-06,0.007974215783178806,-3.0271465334408276e-08,-0.013966723345220089,0.009999999999938062,-3.519567301715795e-08,-0.011468170219115748,trajectory,STRAIGHT,3.4742941856384277,13.53793144224176,8.041643013712019e-06
2281,96238.062,13.538808822631836,7.447373263858026e-06,-0.8683078289031982,-1.577202748137099e-06,0.00826357677578926,-2.556134148790079e-08,-0.018401170149445534,0.009999999999938062,-3.5195795067330785e-08,-0.010973187351500008,trajectory,STRAIGHT,3.4747231006622314,13.538808822612857,8.041643013712019e-06
2282,96238.187,13.539713859558105,7.4447152655920945e-06,-0.8704942464828491,-1.5783455491746077e-06,0.008512871339917183,-2.3916394198408852e-08,-0.021709509193897247,0.009999999999938055,-3.5197753323015054e-08,-0.01052170304899189,trajectory,STRAIGHT,3.4766461849212646,13.539713859539129,8.041643013712019e-06
2283,96238.312,13.540640830993652,7.442155492753955e-06,-0.8729786276817322,-1.5796006101527433e-06,0.008727053180336952,-2.373389129672887e-08,-0.023993900045752525,0.009999999999938048,-3.520004511556992e-08,-0.010118717613813975,trajectory,STRAIGHT,3.4796876907348633,13.540640830974677,8.041643013712019e-06
2284,96238.437,13.541545867919922,7.439686214638641e-06,-0.8755155205726624,-1.5804542896131384e-06,0.008901325985789299,-2.4908473506002338e-08,-0.025436770170927048,0.009999999999938027,-3.520622289293644e-08,-0.009767343373472442,trajectory,STRAIGHT,3.483586072921753,13.541545867900947,8.041643013712019e-06
2285,96238.562,13.54250717163086,7.4368649620737415e-06,-0.8783321380615234,-1.5809814865108116e-06,0.009060189127922058,-2.7583213935145068e-08,-0.026494968682527542,0.009999999999937994,-3.521523868743705e-08,-0.009541856618101347,trajectory,STRAIGHT,3.4881300926208496,13.542507171611886,8.041643013712019e-06
2286,96238.703,13.543475151062012,7.433769496856257e-06,-0.8811486959457397,-1.5817200548695568e-06,0.009192709811031818,-3.1598549554701094e-08,-0.02698414959013462,0.009999999999937977,-3.522051090676893e-08,-0.009126798322131867,trajectory,STRAIGHT,3.4931225776672363,13.543475151043042,8.041643013712019e-06
2287,96238.906,13.545106887817383,7.427357559208758e-06,-0.8860030174255371,-1.5839665697093308e-06,0.009375530295073986,-4.154451360705025e-08,-0.028337083756923676,0.00999999999993801,-3.5211215614669836e-08,-0.008652160205758704,trajectory,STRAIGHT,3.509531021118164,13.545106887798424,8.041643013712019e-06
2288,96239.046,13.546107292175293,7.4225977186870296e-06,-0.8889853358268738,-1.5848886716543166e-06,0.009463750757277012,-4.932119068712382e-08,-0.027559110894799232,0.009999999999938032,-3.520438343650376e-08,-0.008352107741638425,trajectory,STRAIGHT,3.509531021118164,13.546107292156346,8.041643013712019e-06
2289,96239.14,13.547080039978027,7.417123470077058e-06,-0.8917759656906128,-1.5855787484100606e-06,0.00953754223883152,-5.822533211130576e-08,-0.026832522824406624,0.009999999999938069,-3.5193985897014624e-08,-0.008139736719659004,trajectory,STRAIGHT,3.515190601348877,13.547080039959095,8.041643013712019e-06
2290,96239.281,13.548052787780762,7.410673333652085e-06,-0.8944711685180664,-1.586240296448189e-06,0.009601186960935593,-6.84604160028357e-08,-0.02598097361624241,0.009999999999938128,-3.5177147724487776e-08,-0.008073100514939459,trajectory,STRAIGHT,3.521040916442871,13.54805278776185,8.041643013712019e-06
2291,96239.406,13.549054145812988,7.402870778605575e-06,-0.8971982598304749,-1.5869557374677937e-06,0.009657613933086395,-8.03953525974066e-08,-0.02558699995279312,0.00999999999993822,-3.515144218342607e-08,-0.00772735706493425,trajectory,STRAIGHT,3.5268075466156006,13.549054145794104,8.041643013712019e-06
2292,96239.531,13.550092697143555,7.3934593274316285e-06,-0.8999437689781189,-1.588669466506599e-06,0.009707337245345116,-9.414581114697285e-08,-0.02493382804095745,0.009999999999938378,-3.510593991778854e-08,-0.007522576917816536,trajectory,STRAIGHT,3.5323920249938965,13.550092697124704,8.041643013712019e-06
2293,96239.64,13.551068305969238,7.383460342680337e-06,-0.9023878574371338,-1.590742447090207e-06,0.009746558964252472,-1.0806533623508585e-07,-0.02414141409099102,0.009999999999938572,-3.505053561116424e-08,-0.007343198360915827,trajectory,STRAIGHT,3.53777813911438,13.551068305950427,8.041643013712019e-06
2294,96239.765,13.55207347869873,7.3716505539778154e-06,-0.9048206806182861,-1.5933084892131453e-06,0.009781491942703724,-1.2372662183679495e-07,-0.02335820160806179,0.009999999999938825,-3.497868753178135e-08,-0.0071768836441969824,trajectory,STRAIGHT,3.543087959289551,13.552073478679965,8.041643013712019e-06
2295,96239.89,13.553078651428223,7.358174570981646e-06,-0.9071767926216125,-1.5960261906082857e-06,0.009811624884605408,-1.4072875842430221e-07,-0.02260817214846611,0.009999999999939122,-3.489374324195822e-08,-0.007012244551858892,trajectory,STRAIGHT,3.5482699871063232,13.553078651409512,8.041643013712019e-06
2296,96240.015,13.554083824157715,7.342895514739212e-06,-0.9094551205635071,-1.5988811121537616e-06,0.009837602265179157,-1.5907212969068496e-07,-0.021847153082489967,0.009999999999939467,-3.479487632416442e-08,-0.006855742552623447,trajectory,STRAIGHT,3.5532851219177246,13.55408382413907,8.041643013712019e-06
2297,96240.14,13.555088996887207,7.325744263653178e-06,-0.9116550087928772,-1.6013034172585028e-06,0.00986001081764698,-1.761287364843156e-07,-0.021085605025291443,0.00999999999993984,-3.468728057204906e-08,-0.006706620694818973,trajectory,STRAIGHT,3.558126926422119,13.555088996868637,8.041643013712019e-06
2298,96240.281,13.556123733520508,7.30668261894607e-06,-0.9138378500938416,-1.6032117444104235e-06,0.009879859164357185,-1.8549883407104062e-07,-0.020318886265158653,0.009999999999940237,-3.457251391180242e-08,-0.006658816130581378,trajectory,STRAIGHT,3.5628116130828857,13.55612373350202,8.041643013712019e-06
2299,96240.406,13.557099342346191,7.288208507816307e-06,-0.9158238172531128,-1.604688375481377e-06,0.00989600270986557,-1.8642302279658907e-07,-0.019589442759752274,0.009999999999940612,-3.446392909348921e-08,-0.006425408534005875,trajectory,STRAIGHT,3.56733775138855,13.557099342327785,8.041643013712019e-06
2300,96240.531,13.558104515075684,7.269485195138259e-06,-0.9177944660186768,-1.6064982068661785e-06,0.009910373948514462,-1.7934505081029783e-07,-0.018875831738114357,0.009999999999941,-3.435119074741784e-08,-0.00629675252031423,trajectory,STRAIGHT,3.5717015266418457,13.558104515057359,8.041643013712019e-06
2301,96240.656,13.559139251708984,7.251405804709066e-06,-0.919747531414032,-1.6082870870700157e-06,0.009923098608851433,-1.6373734013086505e-07,-0.01815953478217125,0.009999999999941368,-3.4244031387127255e-08,-0.006169863247181757,trajectory,STRAIGHT,3.5759079456329346,13.559139251690738,8.041643013712019e-06
2302,96240.765,13.560173988342285,7.235015800688416e-06,-0.9216236472129822,-1.6088355845822948e-06,0.009934009984135628,-1.4909723233813565e-07,-0.01743100769817829,0.009999999999941653,-3.4160880812209536e-08,-0.006048572026389079,trajectory,STRAIGHT,3.5799639225006104,13.560173988324108,8.041643013712019e-06
2303,96240.89,13.561179161071777,7.220225597848184e-06,-0.9233700037002563,-1.6090714632415146e-06,0.009943122044205666,-1.4154306882119272e-07,-0.016708090901374817,0.009999999999941892,-3.409083266263531e-08,-0.005936699139722574,trajectory,STRAIGHT,3.5838677883148193,13.561179161053662,8.041643013712019e-06
2304,96241.015,13.56218433380127,7.206201189546846e-06,-0.9250478744506836,-1.6092372242702536e-06,0.009950980544090271,-1.3298361523084168e-07,-0.016072208061814308,0.009999999999942109,-3.402671714327337e-08,-0.005826986119162282,trajectory,STRAIGHT,3.5876243114471436,13.562184333783211,8.041643013712019e-06
2305,96241.14,13.56321907043457,7.192826160462573e-06,-0.9267075657844543,-1.6094708543063726e-06,0.009957925416529179,-1.2132781535001413e-07,-0.01544320210814476,0.009999999999942312,-3.396738521376704e-08,-0.005794322028767308,trajectory,STRAIGHT,3.5912349224090576,13.563219070416565,8.041643013712019e-06
2306,96241.265,13.564194679260254,7.181467481132131e-06,-0.9282115697860718,-1.60955623467776e-06,0.009963569231331348,-1.0769565506052459e-07,-0.01483692042529583,0.009999999999942466,-3.3921437711161425e-08,-0.005621057493426076,trajectory,STRAIGHT,3.5946927070617676,13.564194679242295,8.041643013712019e-06
2307,96241.406,13.565288543701172,7.170501248765504e-06,-0.9298272728919983,-1.6095524840328566e-06,0.00996900163590908,-8.935980133628618e-08,-0.014236602932214737,0.009999999999942598,-3.388317448081909e-08,-0.005588297737576238,trajectory,STRAIGHT,3.5980165004730225,13.565288543683254,8.041643013712019e-06
2308,96241.625,13.567151069641113,7.156127139751334e-06,-0.9324432015419006,-1.6095318749470237e-06,0.009976448491215706,-6.786792994262214e-08,-0.01366792619228363,0.009999999999942714,-3.384802829891799e-08,-0.0053659955341058205,trajectory,STRAIGHT,3.607227087020874,13.567151069623243,8.041643013712019e-06
2309,96241.75,13.568185806274414,7.149311386456247e-06,-0.9338537454605103,-1.6089699173333051e-06,0.009979800321161747,-6.218134274149634e-08,-0.012889900244772434,0.009999999999942735,-3.384213847513339e-08,-0.005242833607374592,trajectory,STRAIGHT,3.607227087020874,13.568185806256565,8.041643013712019e-06
2310,96241.875,13.569190979003906,7.143191851355368e-06,-0.9351358413696289,-1.6078281576960504e-06,0.009982626885175705,-5.8024184568239434e-08,-0.012212344445288181,0.009999999999942723,-3.384586445836337e-08,-0.005232933275877399,trajectory,STRAIGHT,3.610065221786499,13.569190978986075,8.041643013712019e-06
2311,96242.0,13.570196151733398,7.1374274739355315e-06,-0.9363590478897095,-1.6065901059888908e-06,0.009985038079321384,-5.5213909888607304e-08,-0.011709414422512054,0.009999999999942699,-3.385302650853204e-08,-0.005093761823573198,trajectory,STRAIGHT,3.6128556728363037,13.570196151715583,8.041643013712019e-06
2312,96242.125,13.57120132446289,7.131881829991471e-06,-0.9375351071357727,-1.6050790925763298e-06,0.009987113066017628,-5.375131095775032e-08,-0.011268108151853085,0.009999999999942659,-3.386444172408499e-08,-0.0050165470435397696,trajectory,STRAIGHT,3.615537405014038,13.571201324445092,8.041643013712019e-06
2313,96242.25,13.572236061096191,7.1262561505136546e-06,-0.9386987686157227,-1.6033691276218464e-06,0.009988915175199509,-5.365363620057906e-08,-0.010830732993781567,0.009999999999942614,-3.387831417698368e-08,-0.004941708104703186,trajectory,STRAIGHT,3.61806321144104,13.572236061078407,8.041643013712019e-06
2314,96242.375,13.573241233825684,7.120730515453033e-06,-0.9397842288017273,-1.601574466250751e-06,0.009990514256060123,-5.492675114737722e-08,-0.010397588834166527,0.009999999999942564,-3.3892695952706246e-08,-0.004870985190528944,trajectory,STRAIGHT,3.620478868484497,13.573241233807915,8.041643013712019e-06
2315,96242.593,13.574305534362793,7.114659638318699e-06,-0.9408879280090332,-1.599678624032366e-06,0.009991917759180069,-5.7744166781503736e-08,-0.009996330365538597,0.009999999999942518,-3.390632981807049e-08,-0.004800233629012276,trajectory,STRAIGHT,3.622802972793579,13.57430553434504,8.041643013712019e-06
2316,96242.734,13.576286315917969,7.102207746356726e-06,-0.9428740739822388,-1.5964624221099948e-06,0.00999419391155243,-6.701392862851208e-08,-0.009649197570979595,0.009999999999942472,-3.3920460299021434e-08,-0.004680228720507992,trajectory,STRAIGHT,3.6271824836730957,13.576286315900255,8.041643013712019e-06
2317,96242.875,13.57732105255127,7.094820375641575e-06,-0.9438584446907043,-1.5948055505507173e-06,0.00999514665454626,-7.393536805011536e-08,-0.008986451663076878,0.009999999999942468,-3.392138544107142e-08,-0.004596809548074586,trajectory,STRAIGHT,3.6292495727539062,13.577321052533579,8.041643013712019e-06
2318,96242.984,13.578296661376953,7.087123776727822e-06,-0.9447270035743713,-1.5934141372135736e-06,0.009995820000767708,-8.177102017725701e-08,-0.00855281576514244,0.009999999999942487,-3.391538478515612e-08,-0.004544844475793792,trajectory,STRAIGHT,3.6312813758850098,13.578296661359289,8.041643013712019e-06
2319,96243.109,13.579301834106445,7.078314411046449e-06,-0.9455835223197937,-1.592064219193267e-06,0.009996508248150349,-9.117373878098078e-08,-0.008222545497119427,0.009999999999942534,-3.390214621524963e-08,-0.004528440159964515,trajectory,STRAIGHT,3.6332643032073975,13.579301834088813,8.041643013712019e-06
2320,96243.218,13.580277442932129,7.0687842708139215e-06,-0.9463846683502197,-1.5907473840408926e-06,0.00999718438833952,-1.0158983343444561e-07,-0.007929088547825813,0.0099999999999426,-3.3882425147639456e-08,-0.0044361037514113345,trajectory,STRAIGHT,3.635141134262085,13.58027744291453,8.041643013712019e-06
2321,96243.343,13.581282615661621,7.057818493194645e-06,-0.9471816420555115,-1.5893906447785856e-06,0.009997881017625332,-1.136506782017932e-07,-0.007657644338905811,0.009999999999942695,-3.38539754844474e-08,-0.004382788795588731,trajectory,STRAIGHT,3.6369102001190186,13.581282615644065,8.041643013712019e-06
2322,96243.468,13.582317352294922,7.045171969366493e-06,-0.9479723572731018,-1.5879342040746622e-06,0.00999850407242775,-1.2747479161134834e-07,-0.007376153953373432,0.009999999999942827,-3.3815644215196994e-08,-0.004330773683227052,trajectory,STRAIGHT,3.638606071472168,13.582317352277416,8.041643013712019e-06
2323,96243.703,13.58341121673584,7.030140295682941e-06,-0.948776125907898,-1.5862357243611244e-06,0.009998825378715992,-1.4364253786425252e-07,-0.007094456814229488,0.009999999999942995,-3.376489082351667e-08,-0.004278397277714114,trajectory,STRAIGHT,3.640239715576172,13.583411216718396,8.041643013712019e-06
2324,96243.843,13.585273742675781,7.000115147093311e-06,-0.9501036405563354,-1.5828771875530965e-06,0.009999177418649197,-1.74850029566187e-07,-0.006861182861030102,0.009999999999943377,-3.365157890460551e-08,-0.004195386484310131,trajectory,STRAIGHT,3.6448042392730713,13.585273742658464,8.041643013712019e-06
2325,96243.968,13.58633804321289,6.9803504629817326e-06,-0.9508281350135803,-1.5814945292182037e-06,0.009999378584325314,-1.8940561119507038e-07,-0.006459780503064394,0.009999999999943677,-3.3562845695280325e-08,-0.0041329770070339215,trajectory,STRAIGHT,3.6448042392730713,13.586338043195656,8.041643013712019e-06
2326,96244.109,13.587372779846191,6.960166956559988e-06,-0.9514904618263245,-1.5801774681025447e-06,0.009999574162065983,-1.9336705747718952e-07,-0.006152716930955648,0.00999999999994399,-3.346930587862146e-08,-0.004092610048915231,trajectory,STRAIGHT,3.646247625350952,13.587372779829044,8.041643013712019e-06
2327,96244.25,13.58846664428711,6.938974820513977e-06,-0.9521604180335999,-1.5787851462468435e-06,0.00999975111335516,-1.8660045952856308e-07,-0.005911669228225946,0.009999999999944317,-3.3371276037886166e-08,-0.004049310403226002,trajectory,STRAIGHT,3.647655963897705,13.588466644270053,8.041643013712019e-06
2328,96244.375,13.589530944824219,6.919656243553618e-06,-0.9527875185012817,-1.5776091700159716e-06,0.00999991875141859,-1.6983437944873003e-07,-0.005691954400390387,0.009999999999944612,-3.328316428349649e-08,-0.00400611187462225,trajectory,STRAIGHT,3.6490001678466797,13.589530944807246,8.041643013712019e-06
2329,96244.5,13.590595245361328,6.9023030846437905e-06,-0.9533922672271729,-1.5767619755270808e-06,0.010000086389482021,-1.5175785961218935e-07,-0.005489744711667299,0.00999999999994487,-3.3205558899497875e-08,-0.003964512503931927,trajectory,STRAIGHT,3.6514947414398193,13.590595245344426,8.041643013712019e-06
2330,96244.609,13.591629981994629,6.887226390972501e-06,-0.9539584517478943,-1.5759383142290247e-06,0.010000240989029408,-1.3563317224907223e-07,-0.005290643777698278,0.009999999999945077,-3.3142725698845204e-08,-0.003925574205334435,trajectory,STRAIGHT,3.6526741981506348,13.591629981977789,8.041643013712019e-06
2331,96244.734,13.592635154724121,6.874132395751076e-06,-0.9544887542724609,-1.5749809571332813e-06,0.010000367648899555,-1.2133763505062234e-07,-0.005106830503791571,0.009999999999945238,-3.3094187198676066e-08,-0.0038889005157472342,trajectory,STRAIGHT,3.6538147926330566,13.592635154707333,8.041643013712019e-06
2332,96244.859,13.593640327453613,6.862427653686609e-06,-0.9550009965896606,-1.5739411770652817e-06,0.010000473819673061,-1.0839060848866211e-07,-0.004936482757329941,0.009999999999945363,-3.30562682220649e-08,-0.0038536283288746836,trajectory,STRAIGHT,3.6549136638641357,13.593640327436871,8.041643013712019e-06
2333,96245.0,13.594645500183105,6.851974831079133e-06,-0.9554967284202576,-1.572901397034666e-06,0.010000552982091904,-9.679212809032833e-08,-0.004777105525135994,0.00999999999994546,-3.302718833952714e-08,-0.0038190971274603726,trajectory,STRAIGHT,3.655974864959717,13.594645500166402,8.041643013712019e-06
2334,96245.125,13.595650672912598,6.842634775239276e-06,-0.9559783339500427,-1.572011001468274e-06,0.01000059675425291,-8.654219385562101e-08,-0.004637198988348246,0.009999999999945535,-3.300448181723863e-08,-0.003784439632743238,trajectory,STRAIGHT,3.656998872756958,13.595650672895928,8.041643013712019e-06
2335,96245.234,13.59665584564209,6.834273335698526e-06,-0.9564454555511475,-1.5712754474361998e-06,0.010000593028962612,-7.764097631479672e-08,-0.004495386965572834,0.009999999999945592,-3.298715505540744e-08,-0.0037512791206588906,trajectory,STRAIGHT,3.6579909324645996,13.596655845625449,8.041643013712019e-06
2336,96245.359,13.597661018371582,6.826751359767513e-06,-0.9568971395492554,-1.5701834852907586e-06,0.0100005604326725,-7.008862468182997e-08,-0.0043430146761238575,0.009999999999945618,-3.29793431585449e-08,-0.0037408847039094124,trajectory,STRAIGHT,3.6589536666870117,13.597661018354966,8.041643013712019e-06
2337,96245.468,13.598666191101074,6.819930604251567e-06,-0.9573336839675903,-1.5692248778876339e-06,0.010000497102737427,-6.388494000475475e-08,-0.0041986932046711445,0.009999999999945632,-3.2975174792014265e-08,-0.0036902544499395227,trajectory,STRAIGHT,3.6598870754241943,13.59866619108448,8.041643013712019e-06
2338,96245.593,13.599671363830566,6.813671461713966e-06,-0.9577545523643494,-1.5682662704990554e-06,0.010000433772802353,-5.9030110577396044e-08,-0.004053086042404175,0.009999999999945634,-3.297499725896237e-08,-0.0036616890386564657,trajectory,STRAIGHT,3.6607918739318848,13.59967136381399,8.041643013712019e-06
2339,96245.703,13.600676536560059,6.807841145928251e-06,-0.9581612348556519,-1.567307663126767e-06,0.010000370442867279,-5.552399429120669e-08,-0.003921082708984613,0.009999999999945624,-3.297787022794195e-08,-0.0036334330186382356,trajectory,STRAIGHT,3.6616644859313965,13.600676536543498,8.041643013712019e-06
2340,96245.843,13.60168170928955,6.802300049457699e-06,-0.958554744720459,-1.5663490557520923e-06,0.010000307112932205,-5.3366669305887626e-08,-0.0037975062150508165,0.009999999999945606,-3.2982801882375626e-08,-0.0036236436449125827,trajectory,STRAIGHT,3.662506341934204,13.601681709273006,8.041643013712019e-06
2341,96245.953,13.602686882019043,6.79690901961294e-06,-0.9589364528656006,-1.565521870360029e-06,0.010000256821513176,-5.255817114857564e-08,-0.003681002650409937,0.009999999999945592,-3.298748658619291e-08,-0.003578738595543006,trajectory,STRAIGHT,3.6633198261260986,13.602686882002512,8.041643013712019e-06
2342,96246.078,13.603692054748535,6.791530722694006e-06,-0.9593060612678528,-1.5648029148203512e-06,0.010000225156545639,-5.309852824098016e-08,-0.003565035294741392,0.00999999999994558,-3.299117501681316e-08,-0.0035527730987572554,trajectory,STRAIGHT,3.6641061305999756,13.603692054732019,8.041643013712019e-06
2343,96246.203,13.604697227478027,6.7860287344956305e-06,-0.9596636891365051,-1.564083959266051e-06,0.010000193491578102,-5.498775124124222e-08,-0.0034531550481915474,0.009999999999945572,-3.299397191974126e-08,-0.003543842125048626,trajectory,STRAIGHT,3.664869785308838,13.604697227461525,8.041643013712019e-06
2344,96246.328,13.60570240020752,6.7802652665704954e-06,-0.9600106477737427,-1.5634151396141818e-06,0.010000161826610565,-5.822583659664815e-08,-0.003348761470988393,0.00999999999994557,-3.29943857792635e-08,-0.0035029095711478875,trajectory,STRAIGHT,3.6656086444854736,13.605702400191033,8.041643013712019e-06
2345,96246.437,13.606648445129395,6.774479516025167e-06,-0.9603275060653687,-1.5628148731368606e-06,0.010000132024288177,-6.250560602438782e-08,-0.0032499711960554123,0.009999999999945577,-3.2991881814996726e-08,-0.0034797334154909984,trajectory,STRAIGHT,3.6663246154785156,13.606648445112926,8.041643013712019e-06
2346,96246.562,13.607653617858887,6.7678165578399785e-06,-0.960654079914093,-1.5620388467631565e-06,0.01000010222196579,-6.836209109906122e-08,-0.0031547292601317167,0.009999999999945594,-3.298688803041183e-08,-0.0034710240779286757,trajectory,STRAIGHT,3.667018413543701,13.607653617842438,8.041643013712019e-06
2347,96246.687,13.608688354492188,6.760260930605e-06,-0.9609804749488831,-1.5610496575722713e-06,0.01000010222196579,-7.579981087246779e-08,-0.0030594971030950546,0.00999999999994562,-3.2978624002478617e-08,-0.0034340669944670113,trajectory,STRAIGHT,3.667689800262451,13.608688354475763,8.041643013712019e-06
2348,96246.812,13.609723091125488,6.751849014108302e-06,-0.9612967371940613,-1.5600604683729055e-06,0.01000010222196579,-8.466692946740295e-08,-0.002964362036436796,0.009999999999945669,-3.2964173821531666e-08,-0.0034115312617079303,trajectory,STRAIGHT,3.668344020843506,13.609723091109093,8.041643013712019e-06
2349,96246.937,13.61072826385498,6.742717232555151e-06,-0.9615944027900696,-1.5590574094121728e-06,0.01000010222196579,-9.46493941000881e-08,-0.0028732235077768564,0.009999999999945736,-3.294361153038225e-08,-0.0033900506132380982,trajectory,STRAIGHT,3.6689767837524414,13.610728263838618,8.041643013712019e-06
2350,96247.046,13.611733436584473,6.732496331096627e-06,-0.9618831276893616,-1.5581608750262542e-06,0.01000010222196579,-1.0598080990575909e-07,-0.002788855694234371,0.009999999999945833,-3.2914094513466274e-08,-0.0033692920021573323,trajectory,STRAIGHT,3.669590473175049,13.611733436568148,8.041643013712019e-06
2351,96247.171,13.612738609313965,6.7210503402748145e-06,-0.9621633291244507,-1.5572834400501352e-06,0.01000010222196579,-1.186611271464244e-07,-0.002706891391426325,0.00999999999994596,-3.2875499744300925e-08,-0.003349159908313748,trajectory,STRAIGHT,3.6701860427856445,13.612738609297683,8.041643013712019e-06
2352,96247.296,13.613743782043457,6.708242835884448e-06,-0.9624353647232056,-1.556406005080808e-06,0.01000010222196579,-1.3269037424379349e-07,-0.0026275150012224913,0.00999999999994612,-3.28270147658836e-08,-0.003329603375669681,trajectory,STRAIGHT,3.6707632541656494,13.613743782027226,8.041643013712019e-06
2353,96247.421,13.61474895477295,6.693933755741455e-06,-0.9626994132995605,-1.555528570118272e-06,0.010000073350965977,-1.4806850856530218e-07,-0.002550831763073802,0.009999999999946314,-3.27676069524305e-08,-0.0033105893393770027,trajectory,STRAIGHT,3.671323537826538,13.614748954756775,8.041643013712019e-06
2354,96247.546,13.615754127502441,6.677988494629972e-06,-0.9629557132720947,-1.5549787805055216e-06,0.010000061243772507,-1.647955940597967e-07,-0.0024767748545855284,0.009999999999946559,-3.269300364731287e-08,-0.0033036988934293555,trajectory,STRAIGHT,3.671868085861206,13.615754127486333,8.041643013712019e-06
2355,96247.671,13.616759300231934,6.66026880935533e-06,-0.9632046222686768,-1.5544994767461961e-06,0.010000061243772507,-1.8287161651642236e-07,-0.0024052411317825317,0.009999999999946848,-3.26047510462104e-08,-0.003274125373067952,trajectory,STRAIGHT,3.6723954677581787,13.616759300215898,8.041643013712019e-06
2356,96247.796,13.617764472961426,6.6406555561115965e-06,-0.963446855545044,-1.55417171754115e-06,0.010000061243772507,-2.0099517428207037e-07,-0.0023384036030620337,0.009999999999947185,-3.250114835764375e-08,-0.00325643003472507,trajectory,STRAIGHT,3.6729085445404053,13.617764472945474,8.041643013712019e-06
2357,96247.906,13.618769645690918,6.619600299018202e-06,-0.9636827111244202,-1.5540093727309007e-06,0.010000061243772507,-2.1003339156777656e-07,-0.0022769258357584476,0.00999999999994756,-3.2385295968249443e-08,-0.0032389179602331985,trajectory,STRAIGHT,3.6734063625335693,13.618769645675055,8.041643013712019e-06
2358,96248.031,13.619035720825195,6.613919595110929e-06,-0.9637439846992493,-1.5539663991140628e-06,0.010000061243772507,-2.106070269292104e-07,-0.0022623457480221987,0.009999999999947662,-3.2353823876660796e-08,-0.0032266632440218924,trajectory,STRAIGHT,3.673891067504883,13.619035720809357,8.041643013712019e-06
2359,96248.14,13.620720863342285,6.578673946933122e-06,-0.964121401309967,-1.5536942329655107e-06,0.010000061243772507,-1.965587443919503e-07,-0.0021815630607306957,0.0,0.0,0.0,trajectory_no_feasible,STRAIGHT,3.674362897872925,13.620720863326596,8.041643013712019e-06
2360,96248.25,13.621607780456543,6.561781447089743e-06,-0.9643145203590393,-1.5538858107879336e-06,0.009866472333669662,-1.7785572481443523e-07,-0.002099808771163225,0.00999999999994859,-3.206574495064602e-08,-0.0031918746247820316,trajectory,STRAIGHT,3.674818754196167,13.621607780440925,8.041643013712019e-06
2361,96248.375,13.622591972351074,6.544901680172188e-06,-0.9645252227783203,-1.5540443397232553e-06,0.009423034265637398,-1.5401215591737127e-07,-0.0020337309688329697,0.009999999999948878,-3.19756269954078e-08,-0.0031781450304699884,trajectory,STRAIGHT,3.6752655506134033,13.622591972335524,8.041643013712019e-06
2362,96248.5,13.623537063598633,6.530039172503166e-06,-0.9647297859191895,-1.5541209168772762e-06,0.00921210739761591,-1.3905074069953116e-07,-0.0019763880409300327,0.00999999999994912,-3.1899510081677253e-08,-0.0031725043076587666,trajectory,STRAIGHT,3.6727590560913086,13.623537063583143,8.041643013712019e-06
2363,96248.625,13.62447738647461,6.516230769193498e-06,-0.9649293422698975,-1.554286162107543e-06,0.009150465950369835,-1.3229872308784252e-07,-0.0019376147538423538,0.009999999999949343,-3.182990204753929e-08,-0.0031473922358922525,trajectory,STRAIGHT,3.674514055252075,13.624477386459175,8.041643013712019e-06
2364,96248.75,13.625417709350586,6.503111762867775e-06,-0.9651259779930115,-1.5540797144495174e-06,0.009167395532131195,-1.2450007602637925e-07,-0.0019333617528900504,0.009999999999949535,-3.1768933288155394e-08,-0.0031291373023605486,trajectory,STRAIGHT,3.675980567932129,13.625417709335203,8.041643013712019e-06
2365,96248.875,13.626358032226562,6.490923169621965e-06,-0.9653226733207703,-1.5538068470992414e-06,0.009223302826285362,-1.1403884769833894e-07,-0.0019373720278963447,0.009999999999949707,-3.171531575756032e-08,-0.0031103465839825793,trajectory,STRAIGHT,3.675980567932129,13.626358032211227,8.041643013712019e-06
2366,96249.093,13.628045082092285,6.4722562456154265e-06,-0.9656789898872375,-1.5531654433515518e-06,0.009356868453323841,-8.849652033404709e-08,-0.0019452738342806697,0.009999999999949933,-3.164377502906925e-08,-0.003083260863659765,trajectory,STRAIGHT,3.6772477626800537,13.62804508207702,8.041643013712019e-06
2367,96249.203,13.629009246826172,6.464121725002769e-06,-0.9658775925636292,-1.5533625200432072e-06,0.009432310238480568,-7.091493614552746e-08,-0.001949107856489718,0.009999999999950023,-3.161564776135326e-08,-0.0030573765976125967,trajectory,STRAIGHT,3.6772477626800537,13.629009246810933,8.041643013712019e-06
2368,96249.328,13.629953384399414,6.457758445321815e-06,-0.9660703539848328,-1.5532471555826702e-06,0.009500876069068909,-5.893139842783057e-08,-0.0019524428062140942,0.009999999999950063,-3.1602847576624153e-08,-0.003038750223110128,trajectory,STRAIGHT,3.677600860595703,13.629953384384194,8.041643013712019e-06
2369,96249.437,13.630840301513672,6.4525297602813225e-06,-0.9662514328956604,-1.5528422911709604e-06,0.009559747762978077,-5.464669783350473e-08,-0.001955294981598854,0.009999999999950075,-3.159924062790476e-08,-0.0030294681035379655,trajectory,STRAIGHT,3.678002119064331,13.630840301498466,8.041643013712019e-06
2370,96249.562,13.631784439086914,6.447040959756123e-06,-0.9664449691772461,-1.5522966035590354e-06,0.009616091847419739,-5.750730025511075e-08,-0.0019580265507102013,0.009999999999950082,-3.159710147335355e-08,-0.0030031558087027285,trajectory,STRAIGHT,3.678431510925293,13.631784439071724,8.041643013712019e-06
2371,96249.703,13.63278579711914,6.440479410230182e-06,-0.9666514992713928,-1.5525948557017088e-06,0.00966884195804596,-6.890495996003665e-08,-0.0019606195855885744,0.009999999999950134,-3.158063793546245e-08,-0.0029841228411760603,trajectory,STRAIGHT,3.6788716316223145,13.63278579710397,8.041643013712019e-06
2372,96249.828,13.633801460266113,6.432269856304629e-06,-0.9668580293655396,-1.5533099338330511e-06,0.009714851155877113,-8.891301916946759e-08,-0.0019629334565252066,0.009999999999950234,-3.154841677500726e-08,-0.0029645415919306245,trajectory,STRAIGHT,3.6793177127838135,13.633801460250972,8.041643013712019e-06
2373,96249.937,13.634806632995605,6.4218693296425045e-06,-0.9670586585998535,-1.5535543644398615e-06,0.00975370779633522,-1.1578687519886444e-07,-0.001964964671060443,0.009999999999950373,-3.150445438664478e-08,-0.0029543476330521077,trajectory,STRAIGHT,3.6797642707824707,13.634806632980501,8.041643013712019e-06
2374,96250.062,13.635782241821289,6.409158231690526e-06,-0.9672533869743347,-1.5540784724432097e-06,0.009786510840058327,-1.4037254914001096e-07,-0.0019667409360408783,0.009999999999950576,-3.143967857193202e-08,-0.0029265889758279175,trajectory,STRAIGHT,3.6802072525024414,13.635782241806234,8.041643013712019e-06
2375,96250.187,13.636787414550781,6.393718649633229e-06,-0.9674540162086487,-1.5550149015685532e-06,0.009815841913223267,-1.6167591354587785e-07,-0.001968356315046549,0.009999999999950854,-3.1351696799304696e-08,-0.002907876913777939,trajectory,STRAIGHT,3.6806483268737793,13.636787414535787,8.041643013712019e-06
2376,96250.312,13.63785171508789,6.375237262545852e-06,-0.9676664471626282,-1.556106496131001e-06,0.009842569008469582,-1.7977824029458134e-07,-0.001969900680705905,0.009999999999951199,-3.124174889609416e-08,-0.0028883213143876883,trajectory,STRAIGHT,3.681084156036377,13.637851715072971,8.041643013712019e-06
2377,96250.437,13.638856887817383,6.356206995405955e-06,-0.9678670763969421,-1.5570104845243983e-06,0.00986427441239357,-1.9266896345015994e-07,-0.001971186138689518,0.009999999999951553,-3.112746088802134e-08,-0.0028688582487454315,trajectory,STRAIGHT,3.6815149784088135,13.638856887802541,8.041643013712019e-06
2378,96250.578,13.639921188354492,6.334860700007994e-06,-0.9680795073509216,-1.557924124414923e-06,0.009884028695523739,-2.0186547544653877e-07,-0.001972219441086054,0.009999999999951957,-3.099791770953762e-08,-0.0028493435344162676,trajectory,STRAIGHT,3.681943893432617,13.63992118833974,8.041643013712019e-06
2379,96250.687,13.640985488891602,6.312767254712526e-06,-0.9682919383049011,-1.5590977532373529e-06,0.009900922887027264,-2.0648299425829464e-07,-0.0019730408675968647,0.009999999999952382,-3.0860088317628595e-08,-0.002829327505308625,trajectory,STRAIGHT,3.6823678016662598,13.64098548887694,8.041643013712019e-06
2380,96250.828,13.642020225524902,6.291043064265978e-06,-0.9684984683990479,-1.5616503923523285e-06,0.009914991445839405,-2.0658291077779722e-07,-0.0019738394767045975,0.009999999999952845,-3.070998180522114e-08,-0.0028096083445848007,trajectory,STRAIGHT,3.6827890872955322,13.642020225510331,8.041643013712019e-06
2381,96250.937,13.643054962158203,6.269536697800504e-06,-0.9687049984931946,-1.5650786396633358e-06,0.009927064180374146,-2.0235576414506795e-07,-0.0019744914025068283,0.009999999999953327,-3.055253446683401e-08,-0.0027901600509501177,trajectory,STRAIGHT,3.6832082271575928,13.643054962143719,8.041643013712019e-06
2382,96251.062,13.644030570983887,6.249865236895857e-06,-0.9688997268676758,-1.56854439688084e-06,0.009936871007084846,-1.9440734888576117e-07,-0.0019749703351408243,0.009999999999953775,-3.040604676177634e-08,-0.0027713156827521754,trajectory,STRAIGHT,3.683624505996704,13.644030570969484,8.041643013712019e-06
2383,96251.187,13.64500617980957,6.231170573300915e-06,-0.969094455242157,-1.5726723754934018e-06,0.009945365600287914,-1.8261293632804154e-07,-0.001975467661395669,0.009999999999954216,-3.025998467429711e-08,-0.002752988107913902,trajectory,STRAIGHT,3.684039831161499,13.645006179795242,8.041643013712019e-06
2384,96251.312,13.645981788635254,6.2138328758010175e-06,-0.9692891836166382,-1.5775472731465365e-06,0.009952711872756481,-1.669728248998581e-07,-0.0019759531132876873,0.00999999999995465,-3.011632417049924e-08,-0.00274321285303848,trajectory,STRAIGHT,3.684451103210449,13.645981788620995,8.041643013712019e-06
2385,96251.437,13.647046089172363,6.196799859026214e-06,-0.9695016145706177,-1.5836870242544003e-06,0.009959599934518337,-1.4917381463419588e-07,-0.0019764855969697237,0.009999999999955104,-2.996513239320042e-08,-0.0027154459666172237,trajectory,STRAIGHT,3.684861898422241,13.647046089158172,8.041643013712019e-06
2386,96251.562,13.648080825805664,6.181855951581383e-06,-0.9697081446647644,-1.5902524225156682e-06,0.009965337812900543,-1.361809296440697e-07,-0.0019767843186855316,0.009999999999955527,-2.982399603975739e-08,-0.0026957667968848195,trajectory,STRAIGHT,3.685271739959717,13.64808082579153,8.041643013712019e-06
2387,96251.687,13.649085998535156,6.168459549371619e-06,-0.9699102640151978,-1.5980033587240741e-06,0.00997014157474041,-1.2650701819438837e-07,-0.001977045089006424,0.009999999999955952,-2.968134487677831e-08,-0.002676570332874313,trajectory,STRAIGHT,3.6856813430786133,13.649085998521073,8.041643013712019e-06
2388,96251.796,13.650091171264648,6.156110885058297e-06,-0.9701129198074341,-1.6043247981469462e-06,0.009974263608455658,-1.1563651725055024e-07,-0.0019773393869400024,0.00999999999995631,-2.956065321515505e-08,-0.002657538059508293,trajectory,STRAIGHT,3.686087131500244,13.650091171250612,8.041643013712019e-06
2389,96251.921,13.651066780090332,6.1451296460290905e-06,-0.9703096151351929,-1.6089081941273377e-06,0.009977719746530056,-1.067173940327848e-07,-0.0019775868859142065,0.009999999999956587,-2.9466395196374256e-08,-0.002638783995789766,trajectory,STRAIGHT,3.6864945888519287,13.651066780076334,8.041643013712019e-06
2390,96252.046,13.652042388916016,6.1350028772722e-06,-0.9705063104629517,-1.6136825802201534e-06,0.009980722330510616,-9.840302084285213e-08,-0.0019778390415012836,0.00999999999995685,-2.937649618045763e-08,-0.002620291309466156,trajectory,STRAIGHT,3.6869049072265625,13.652042388902053,8.041643013712019e-06
2391,96252.171,13.653047561645508,6.125237177911913e-06,-0.970708966255188,-1.6193344012304587e-06,0.009983409196138382,-9.373863463224552e-08,-0.0019789927173405886,0.009999999999957128,-2.928144042289763e-08,-0.0026100662257871952,trajectory,STRAIGHT,3.6873133182525635,13.653047561631581,8.041643013712019e-06
2392,96252.281,13.654023170471191,6.116044914961094e-06,-0.9709056615829468,-1.6247958025165956e-06,0.009985665790736675,-9.198425487966233e-08,-0.0019809813238680363,0.009999999999957394,-2.9191493685562883e-08,-0.002582535125975699,trajectory,STRAIGHT,3.6877214908599854,13.654023170457297,8.041643013712019e-06
2393,96252.406,13.6550874710083,6.106262389948824e-06,-0.9711202383041382,-1.6307572001135002e-06,0.009987751953303814,-8.892833136542322e-08,-0.001981206238269806,0.009999999999957673,-2.909510109671546e-08,-0.0025631505492752825,trajectory,STRAIGHT,3.6881284713745117,13.655087470994438,8.041643013712019e-06
2394,96252.546,13.656210899353027,6.096386186982272e-06,-0.9713467359542847,-1.6383274938961195e-06,0.00998962577432394,-8.40409413171983e-08,-0.001981224399060011,0.009999999999957997,-2.898386030569785e-08,-0.0025424012166443254,trajectory,STRAIGHT,3.688537120819092,13.656210899339198,8.041643013712019e-06
2395,96252.687,13.657275199890137,6.087630481488304e-06,-0.9715613126754761,-1.6442373906361937e-06,0.009991210885345936,-7.78367024167892e-08,-0.001981224399060011,0.009999999999958254,-2.8895512762172805e-08,-0.0025217258834765066,trajectory,STRAIGHT,3.68894362449646,13.657275199876336,8.041643013712019e-06
2396,96252.812,13.658280372619629,6.080050297896378e-06,-0.9717639684677124,-1.64939149736354e-06,0.00999241229146719,-7.057068529547905e-08,-0.0019810523372143507,0.009999999999958466,-2.8821441333109165e-08,-0.0025021838615518596,trajectory,STRAIGHT,3.689755439758301,13.658280372605853,8.041643013712019e-06
2397,96252.921,13.659285545349121,6.073280474083731e-06,-0.9719666242599487,-1.654501494121709e-06,0.009993570856750011,-6.193877766236255e-08,-0.0019809685181826353,0.00999999999995866,-2.8753821458800362e-08,-0.0024920577774625806,trajectory,STRAIGHT,3.6901628971099854,13.659285545335365,8.041643013712019e-06
2398,96253.125,13.660261154174805,6.067616141081089e-06,-0.9721633195877075,-1.6585429470977412e-06,0.009994622319936752,-5.225448873602545e-08,-0.0019809685181826353,0.009999999999958804,-2.8704114531884218e-08,-0.0024644240162494005,trajectory,STRAIGHT,3.690568685531616,13.660261154161065,8.041643013712019e-06
2399,96253.281,13.662064552307129,6.0592274166992866e-06,-0.9725269079208374,-1.6662097544223129e-06,0.009995945729315281,-4.3776378078064226e-08,-0.0019809685181826353,0.009999999999959028,-2.8625793041986627e-08,-0.0024376068521042016,trajectory,STRAIGHT,3.6909737586975098,13.662064552293408,8.041643013712019e-06
2400,96253.39,13.66309928894043,6.05443801759975e-06,-0.9727355241775513,-1.67072994107292e-06,0.009996660053730011,-4.8417877707152e-08,-0.0019809685181826353,0.009999999999959161,-2.857981852905161e-08,-0.00241120929391051,trajectory,STRAIGHT,3.691380262374878,13.66309928892672,8.041643013712019e-06
2401,96253.531,13.664163589477539,6.0486818256322294e-06,-0.9729501008987427,-1.6755182015593022e-06,0.009997384622693062,-5.9184721123983763e-08,-0.0019809685181826353,0.009999999999959316,-2.8524926970356936e-08,-0.002391319210514403,trajectory,STRAIGHT,3.6917858123779297,13.664163589463845,8.041643013712019e-06
2402,96253.64,13.665109634399414,6.042334916855907e-06,-0.9731408357620239,-1.6801571912960468e-06,0.009998013265430927,-7.384821998357438e-08,-0.0019809685181826353,0.009999999999959493,-2.8463081069166488e-08,-0.002372359470089924,trajectory,STRAIGHT,3.692192554473877,13.66510963438574,8.041643013712019e-06
2403,96253.75,13.666055679321289,6.0344386838551145e-06,-0.9733315706253052,-1.6848897496708208e-06,0.009998517110943794,-9.06543746737043e-08,-0.0019809685181826353,0.009999999999959704,-2.8388662949132153e-08,-0.0023628227269258616,trajectory,STRAIGHT,3.6925971508026123,13.66605567930764,8.041643013712019e-06
2404,96253.875,13.66709041595459,6.023954483680427e-06,-0.973540186882019,-1.6902915813424345e-06,0.00999877043068409,-1.0902699187909093e-07,-0.0019809685181826353,0.009999999999959982,-2.829110601475959e-08,-0.0023356399189605197,trajectory,STRAIGHT,3.693002462387085,13.667090415940978,8.041643013712019e-06
2405,96254.0,13.66812515258789,6.011542609485332e-06,-0.9737488031387329,-1.696124852885702e-06,0.009998972527682781,-1.2739046439946833e-07,-0.0019809685181826353,0.00999999999996031,-2.8174693644089876e-08,-0.002316047858788295,trajectory,STRAIGHT,3.6934070587158203,13.668125152574323,8.041643013712019e-06
2406,96254.125,13.669130325317383,5.9976500779157504e-06,-0.9739514589309692,-1.7014543786612524e-06,0.009999200701713562,-1.4436524509164883e-07,-0.0019809629302471876,0.009999999999960657,-2.8051101572694044e-08,-0.002296754268874778,trajectory,STRAIGHT,3.693814754486084,13.669130325303868,8.041643013712019e-06
2407,96254.25,13.670165061950684,5.981923095532693e-06,-0.9741600751876831,-1.7062781120307971e-06,0.009999399073421955,-1.5398181574255432e-07,-0.0019809629302471876,0.009999999999961023,-2.7919666883819327e-08,-0.0022774239586264944,trajectory,STRAIGHT,3.6942203044891357,13.67016506193723,8.041643013712019e-06
2408,96254.375,13.671199798583984,5.965564923826605e-06,-0.974368691444397,-1.7112917022767248e-06,0.009999615140259266,-1.5639432149328059e-07,-0.0019809629302471876,0.00999999999996141,-2.7781453985189137e-08,-0.0022578318984542035,trajectory,STRAIGHT,3.6946253776550293,13.671199798570594,8.041643013712019e-06
2409,96254.5,13.672204971313477,5.949787009740248e-06,-0.9745713472366333,-1.7161692092796867e-06,0.009999830275774002,-1.5184299684278812e-07,-0.0019809629302471876,0.00999999999996178,-2.7647837097724175e-08,-0.0022385378615058502,trajectory,STRAIGHT,3.6950302124023438,13.672204971300147,8.041643013712019e-06
2410,96254.625,13.673239707946777,5.934391538175987e-06,-0.9747799634933472,-1.721648687733694e-06,0.010000025853514671,-1.4074338139380416e-07,-0.0019809629302471876,0.009999999999962155,-2.7511951060371184e-08,-0.002219207551257567,trajectory,STRAIGHT,3.6954352855682373,13.673239707933506,8.041643013712019e-06
2411,96254.75,13.67424488067627,5.920508101553423e-06,-0.9749826192855835,-1.7269171632306304e-06,0.0100001972168684,-1.31621433752116e-07,-0.0019809629302471876,0.009999999999962494,-2.7388457934529426e-08,-0.0021999135143092197,trajectory,STRAIGHT,3.695841073989868,13.67424488066305,8.041643013712019e-06
2412,96254.875,13.675250053405762,5.907977538299747e-06,-0.9751852750778198,-1.731474413091397e-06,0.01000035461038351,-1.1543556865944993e-07,-0.0019809629302471876,0.009999999999962783,-2.7282181903653874e-08,-0.0021808812272847465,trajectory,STRAIGHT,3.6962461471557617,13.675250053392588,8.041643013712019e-06
2413,96255.0,13.676284790039062,5.896120001125382e-06,-0.9753938913345337,-1.734236321022609e-06,0.010000482201576233,-1.0993986165885872e-07,-0.0019809629302471876,0.009999999999963009,-2.7199846146542896e-08,-0.0021615509170364025,trajectory,STRAIGHT,3.6966512203216553,13.676284790025932,8.041643013712019e-06
2414,96255.218,13.677349090576172,5.884422989765881e-06,-0.9756084680557251,-1.7365200619538646e-06,0.010000563226640224,-1.0769417002620685e-07,-0.0019809629302471876,0.009999999999963214,-2.7124414499586195e-08,-0.0021416608336403617,trajectory,STRAIGHT,3.6970560550689697,13.677349090563082,8.041643013712019e-06
2415,96255.343,13.679182052612305,5.865402727067703e-06,-0.9759780168533325,-1.7404295246038371e-06,0.010000576265156269,-8.970941678398958e-08,-0.0019809629302471876,0.009999999999963542,-2.7003056566718006e-08,-0.002113760396499508,trajectory,STRAIGHT,3.698272943496704,13.67918205259928,8.041643013712019e-06
2416,96255.468,13.680216789245605,5.857114501850447e-06,-0.9761866331100464,-1.7416381293901765e-06,0.010000543668866158,-7.019348657877345e-08,-0.0019809629302471876,0.00999999999996365,-2.6962986878691727e-08,-0.002087101088381997,trajectory,STRAIGHT,3.698272943496704,13.68021678923261,8.041643013712019e-06
2417,96255.609,13.681310653686523,5.850168236065656e-06,-0.9764071702957153,-1.7421597243470737e-06,0.010000483132898808,-5.350391418801337e-08,-0.001980800647288561,0.009999999999963706,-2.694190847815877e-08,-0.0020669259643987035,trajectory,STRAIGHT,3.6986773014068604,13.681310653673547,8.041643013712019e-06
2418,96255.734,13.682345390319824,5.845590294484282e-06,-0.9766157865524292,-1.7421743901880598e-06,0.010000421665608883,-3.528267455976675e-08,-0.001980571774765849,0.009999999999963708,-2.69418567829794e-08,-0.0020468287141804644,trajectory,STRAIGHT,3.6990835666656494,13.682345390306857,8.041643013712019e-06
2419,96255.875,13.68346881866455,5.84243935008999e-06,-0.9768422842025757,-1.741997266200003e-06,0.010000386275351048,-2.05413037690505e-08,-0.0019805424381047487,0.009999999999963665,-2.695755088530362e-08,-0.0020263449312694914,trajectory,STRAIGHT,3.6998939514160156,13.683468818651587,8.041643013712019e-06
2420,96256.093,13.684444427490234,5.8409259509062394e-06,-0.9770389795303345,-1.7418434479852716e-06,0.010000355541706085,-1.0481953083285589e-08,-0.0019805424381047487,0.009999999999963604,-2.698049531769633e-08,-0.0020065636677733703,trajectory,STRAIGHT,3.7002992630004883,13.684444427477267,8.041643013712019e-06
2421,96256.312,13.686336517333984,5.840243375132559e-06,-0.977420449256897,-1.7415451338332307e-06,0.01000029593706131,1.7609422808817499e-09,-0.0019805424381047487,0.009999999999963436,-2.7042230953614066e-08,-0.0019788524339564737,trajectory,STRAIGHT,3.701108932495117,13.686336517321003,8.041643013712019e-06
2422,96256.453,13.688080787658691,5.840923677169485e-06,-0.9777721166610718,-1.7412346551366188e-06,0.010000240989029408,4.5533994352808804e-09,-0.0019805424381047487,0.009999999999963254,-2.7109630276022193e-08,-0.00194451706861809,trajectory,STRAIGHT,3.701514720916748,13.688080787645688,8.041643013712019e-06
2423,96256.562,13.689115524291992,5.841311576659791e-06,-0.9779807329177856,-1.7398091358982808e-06,0.010000208392739296,2.359172857069325e-09,-0.001980559201911092,0.009999999999963111,-2.7161987617174594e-08,-0.0019186416691677176,trajectory,STRAIGHT,3.701920509338379,13.689115524278979,8.041643013712019e-06
2424,96256.703,13.690150260925293,5.8413183978700545e-06,-0.9781893491744995,-1.7373641868193589e-06,0.010000198148190975,-2.7026691995502006e-09,-0.001980559201911092,0.009999999999962948,-2.7221690127316845e-08,-0.0018990496089954934,trajectory,STRAIGHT,3.7023260593414307,13.690150260912269,8.041643013712019e-06
2425,96256.828,13.69127368927002,5.840543963131495e-06,-0.978415846824646,-1.7326865418908111e-06,0.010000171139836311,-1.1445193237591411e-08,-0.001980559201911092,0.009999999999962733,-2.7300830343015918e-08,-0.0018785634791516324,trajectory,STRAIGHT,3.702730894088745,13.691273689256986,8.041643013712019e-06
2426,96256.953,13.69230842590332,5.838788183609722e-06,-0.9786244630813599,-1.7263840846641378e-06,0.010000153444707394,-2.2488018558419753e-08,-0.001980559201911092,0.009999999999962502,-2.7385740898960472e-08,-0.0018581861692076906,trajectory,STRAIGHT,3.7031357288360596,13.692308425890285,8.041643013712019e-06
2427,96257.078,13.693343162536621,5.835721367475344e-06,-0.9788330793380737,-1.7181159820008122e-06,0.010000142268836498,-3.639844337044451e-08,-0.001980559201911092,0.00999999999996224,-2.74803090531885e-08,-0.0018385941090354608,trajectory,STRAIGHT,3.7035410404205322,13.69334316252359,8.041643013712019e-06
2428,96257.203,13.694348335266113,5.831239377585007e-06,-0.9790357351303101,-1.708875629518555e-06,0.010000131092965603,-5.137337666383246e-08,-0.001980559201911092,0.009999999999961987,-2.757276817604604e-08,-0.0018193000720871744,trajectory,STRAIGHT,3.7039473056793213,13.694348335253093,8.041643013712019e-06
2429,96257.343,13.695383071899414,5.825272182846675e-06,-0.9792443513870239,-1.7014200467495033e-06,0.010000128298997879,-6.313378975164596e-08,-0.001980559201911092,0.009999999999961809,-2.7637007541008156e-08,-0.001799969761838763,trajectory,STRAIGHT,3.704352617263794,13.69538307188641,8.041643013712019e-06
2430,96257.562,13.697275161743164,5.811938081023982e-06,-0.9796258211135864,-1.6932721108496374e-06,0.010000116191804409,-6.527221785290749e-08,-0.001980559201911092,0.009999999999961689,-2.7680983261781213e-08,-0.0017717350281741683,trajectory,STRAIGHT,3.7055680751800537,13.6972751617302,8.041643013712019e-06
2431,96257.703,13.698250770568848,5.805876753584016e-06,-0.9798225164413452,-1.690895715001385e-06,0.010000115260481834,-6.051504186643797e-08,-0.001980559201911092,0.00999999999996166,-2.7691620459530857e-08,-0.0017451482666565189,trajectory,STRAIGHT,3.7055680751800537,13.6982507705559,8.041643013712019e-06
2432,96257.828,13.69925594329834,5.7998113334178925e-06,-0.9800251722335815,-1.6888731123649254e-06,0.010000083595514297,-5.7291035915341126e-08,-0.001980559201911092,0.009999999999961635,-2.7699681973402472e-08,-0.0017263777295559977,trajectory,STRAIGHT,3.7059741020202637,13.69925594328541,8.041643013712019e-06
2433,96257.953,13.700261116027832,5.794204298581462e-06,-0.9802278280258179,-1.687015583206438e-06,0.010000068694353104,-5.374210232389487e-08,-0.001980559201911092,0.009999999999961609,-2.7709600686649915e-08,-0.0017073454425315915,trajectory,STRAIGHT,3.706378698348999,13.700261116014916,8.041643013712019e-06
2434,96258.078,13.70135498046875,5.788509952253662e-06,-0.9804483652114868,-1.6856942009860539e-06,0.010000034235417843,-4.778189577336889e-08,-0.001980559201911092,0.009999999999961588,-2.771651621123285e-08,-0.0016874190858354931,trajectory,STRAIGHT,3.706784248352051,13.70135498045585,8.041643013712019e-06
2435,96258.187,13.70238971710205,5.783868346043164e-06,-0.9806569814682007,-1.6832049141041885e-06,0.010000001639127731,-4.2013645895622176e-08,-0.001980559201911092,0.00999999999996152,-2.7741182300089627e-08,-0.001667303525815431,trajectory,STRAIGHT,3.7071890830993652,13.70238971708916,8.041643013712019e-06
2436,96258.328,13.703424453735352,5.779396360594546e-06,-0.9808655977249146,-1.6791984762798704e-06,0.009999997913837433,-4.405785958283559e-08,-0.001980559201911092,0.009999999999961408,-2.778232775760714e-08,-0.0016477114656432066,trajectory,STRAIGHT,3.7075953483581543,13.703424453722471,8.041643013712019e-06
2437,96258.453,13.704429626464844,5.774836154159857e-06,-0.9810682535171509,-1.6735534700253908e-06,0.009999997913837433,-4.470226500075114e-08,-0.001980559201911092,0.00999999999996125,-2.7838162507404942e-08,-0.0016284174286948538,trajectory,STRAIGHT,3.7080001831054688,13.704429626451974,8.041643013712019e-06
2438,96258.656,13.705464363098145,5.770254119852325e-06,-0.9812768697738647,-1.6676924587974873e-06,0.009999997913837433,-4.306599876713335e-08,-0.001980237662792206,0.009999999999961089,-2.789700567182913e-08,-0.0016091128415760812,trajectory,STRAIGHT,3.7084052562713623,13.705464363085284,8.041643013712019e-06
2439,96258.812,13.707297325134277,5.761610736954026e-06,-0.9816464185714722,-1.660641259959409e-06,0.009999997913837433,-5.931602231612487e-08,-0.001980237662792206,0.009999999999960901,-2.7963857493717514e-08,-0.0015814741543591125,trajectory,STRAIGHT,3.709216356277466,13.707297325121438,8.041643013712019e-06
2440,96258.937,13.708332061767578,5.753587174694985e-06,-0.981855034828186,-1.6566980319230337e-06,0.009999997913837433,-9.711551030022747e-08,-0.001980237662792206,0.009999999999960865,-2.7976876537089037e-08,-0.0015548148462416022,trajectory,STRAIGHT,3.7096219062805176,13.708332061754763,8.041643013712019e-06
2441,96259.046,13.709278106689453,5.741842869610991e-06,-0.9820457696914673,-1.653092794867886e-06,0.009999997913837433,-1.5054716584472772e-07,-0.001980237662792206,0.009999999999960927,-2.7954587477431076e-08,-0.0015361168557410034,trajectory,STRAIGHT,3.7100272178649902,13.709278106676681,8.041643013712019e-06
2442,96259.171,13.710224151611328,5.724104994442314e-06,-0.9822365045547485,-1.649487557819121e-06,0.009999997913837433,-2.220059087676418e-07,-0.001980237662792206,0.0,0.0,0.0,trajectory_no_feasible,STRAIGHT,3.7104320526123047,13.710224151598625,8.041643013712019e-06
2443,96259.281,13.711170196533203,5.698990662494907e-06,-0.9824272394180298,-1.646905454969283e-06,0.00991162657737732,-2.9904956022619444e-07,-0.0019811212550848722,0.0099999999999615,-2.77492793771265e-08,-0.0015002206868998213,trajectory,STRAIGHT,3.7108371257781982,13.711170196520603,8.041643013712019e-06
