frame,time_s,x,y,z,yaw,vx,vy,vz,cmd_vx,cmd_vy,cmd_vz,command_source,family,min_distance_m,goal_progress_m,lateral_deviation_m
1,100815.531,0.0,0.0,-0.8426389098167419,0.0,0.0,0.0,0.1427750140428543,0.0,0.0,0.0,trajectory_no_feasible,STRAIGHT,3.147578239440918,0.0,0.0
2,100815.671,0.0,0.0,-0.825455904006958,0.0,0.0,0.0,0.017434056848287582,0.0,0.0,0.0,trajectory_no_feasible,STRAIGHT,3.147731065750122,0.0,0.0
3,100815.796,0.0,0.0,-0.8256269097328186,0.0,0.0,0.0,-0.019786251708865166,0.0,0.0,0.0,trajectory_no_feasible,STRAIGHT,3.1475882530212402,0.0,0.0
4,100815.968,0.0,0.0,-0.8287588357925415,0.0,0.0,0.0,-0.03534914553165436,0.1462038853783851,-0.043429179471169865,0.0049286737498441795,trajectory,SOFT_LEFT,3.1477484703063965,0.0,0.0
5,100816.187,8.353503653779626e-05,-2.6497280487092212e-05,-0.8367324471473694,6.969539433346371e-06,0.003054396016523242,-0.0009354437352158129,-0.04594125226140022,0.14595953421863814,-0.043352384799692535,0.0054276519281625645,trajectory,SOFT_LEFT,3.147524833679199,8.35350131342949e-05,2.6497280487092212e-05
6,100816.406,0.0028120416682213545,-0.0008432853501290083,-0.8470127582550049,2.102999897422816e-05,0.02517196349799633,-0.007495668716728687,-0.0497928112745285,0.14419014090970314,-0.042747238181644574,0.006387328702108381,trajectory,SOFT_LEFT,3.1470718383789062,0.0028120179594370853,0.0008432853501290083
7,100816.546,0.009976552799344063,-0.0029723576735705137,-0.8566519021987915,1.7258828974693245e-05,0.04920890927314758,-0.014608914963901043,-0.047249358147382736,0.14226719280774094,-0.04196681730033146,0.007015965609824529,trajectory,SOFT_LEFT,3.1458511352539062,0.009976258106341618,0.0029723576735705137
8,100816.671,0.01560351625084877,-0.004642260726541281,-0.8613548278808594,1.3079719222720139e-05,0.06091741472482681,-0.01807185634970665,-0.042877644300460815,0.14133051111080042,-0.041602663213510326,0.0073528279674223655,trajectory,SOFT_LEFT,3.1442418098449707,0.015602797150011227,0.004642260726541281
9,100816.843,0.02279619127511978,-0.006775038316845894,-0.8658174872398376,8.673820943572482e-06,0.07204371690750122,-0.021352006122469902,-0.039688482880592346,0.14044040284228002,-0.041339837016786896,0.007744124763715877,trajectory,SOFT_LEFT,3.1424906253814697,0.022794658908249943,0.006775038316845894
10,100817.0,0.03880787268280983,-0.011515793390572071,-0.873723566532135,2.4075003585752354e-06,0.08893662691116333,-0.026309311389923096,-0.039474863559007645,0.13908896029268678,-0.04084971560554685,0.00852483989308415,trajectory,SOFT_LEFT,3.1398963928222656,0.038803440767336994,0.011515793390572071
11,100817.281,0.05835140869021416,-0.017292343080043793,-0.8814018964767456,-1.6960960719214033e-06,0.10198909789323807,-0.030121909454464912,-0.03626954182982445,0.13804475345976558,-0.040441381269843646,0.008999520986040722,trajectory,SOFT_LEFT,3.134268283843994,0.058341402263303976,0.017292343080043793
12,100817.5,0.07985011488199234,-0.023637473583221436,-0.8887336254119873,-3.956816187992787e-06,0.11142121255397797,-0.03286297246813774,-0.034115441143512726,0.13729017797151744,-0.04016544783202833,0.00953096824736631,trajectory,SOFT_LEFT,3.1267969608306885,0.07983139088085522,0.023637473583221436
13,100817.718,0.10332612693309784,-0.030556518584489822,-0.8955276608467102,-5.2167644004391275e-06,0.11834326386451721,-0.0348539762198925,-0.030816012993454933,0.12164871024468885,-0.09133938755935905,0.00992868387849151,trajectory,LEFT,3.119086980819702,0.10329478772765377,0.030556518584489822
14,100817.89,0.12872889637947083,-0.03807799890637398,-0.9018346071243286,-8.06437073069831e-06,0.12298248708248138,-0.03760915994644165,-0.02786155231297016,0.12127756266990462,-0.09105861405916642,0.010306029988692084,trajectory,LEFT,3.110619068145752,0.12868014696141117,0.03807799890637398
15,100817.984,0.14243130385875702,-0.04248172789812088,-0.904854953289032,-1.1001163531416238e-05,0.12375321984291077,-0.04196420684456825,-0.02538933977484703,-0.12,-0.12,0.0,recovery,STRAIGHT,3.1054816246032715,0.14237057072153902,0.04248172789812088
16,100818.109,0.15502643585205078,-0.047005947679281235,-0.9073495268821716,-5.759115828028539e-05,0.12163219600915909,-0.04691450670361519,-0.023931831121444702,0.0,0.0,0.0,recovery,STRAIGHT,3.096679449081421,0.15495201491862076,0.047005947679281235
17,100818.218,0.16717952489852905,-0.05222484841942787,-0.9099026918411255,-8.275822439278493e-05,0.10902109742164612,-0.05186447873711586,-0.023667719215154648,0.0,0.0,0.0,recovery,STRAIGHT,3.0926012992858887,0.16708758600045392,0.05222484841942787
18,100818.328,0.1790582835674286,-0.05832761898636818,-0.9126035571098328,-8.20014154149203e-05,0.09420430660247803,-0.051590438932180405,-0.02241608314216137,0.0,0.0,0.0,recovery,STRAIGHT,3.088482141494751,0.178943510227489,0.05832761898636818
19,100818.453,0.18780475854873657,-0.06329696625471115,-0.9147863388061523,-8.435706955823e-05,0.08266662806272507,-0.048521362245082855,-0.02136748656630516,0.0,0.0,0.0,recovery,STRAIGHT,3.0863499641418457,0.18766951567686263,0.06329696625471115
20,100818.562,0.19589458405971527,-0.0681636855006218,-0.916975736618042,-8.887679351367333e-05,0.07163596153259277,-0.04405643045902252,-0.020227525383234024,0.0,0.0,0.0,recovery,STRAIGHT,3.084386110305786,0.19573765923159847,0.0681636855006218
21,100818.687,0.20326286554336548,-0.072770856320858,-0.9191690683364868,-9.427106568374445e-05,0.06135768070816994,-0.03894172981381416,-0.019174514338374138,0.0,0.0,0.0,recovery,STRAIGHT,3.08392333984375,0.20308392185258128,0.072770856320858
22,100818.812,0.2098793238401413,-0.07701682299375534,-0.9213705658912659,-9.956236670445996e-05,0.05198384076356888,-0.03369409963488579,-0.018234170973300934,0.0,0.0,0.0,recovery,STRAIGHT,3.083569288253784,0.20967879975571968,0.07701682299375534
23,100818.937,0.2156117856502533,-0.08075901120901108,-0.9235079884529114,-0.00010409212711710638,0.04377980902791023,-0.02876524068415165,-0.01722586527466774,0.0,0.0,0.0,recovery,STRAIGHT,3.082062244415283,0.21539121618380008,0.08075901120901108
24,100819.125,0.22021472454071045,-0.08379640430212021,-0.9254341721534729,-0.00010748779035363513,0.037149231880903244,-0.024610502645373344,-0.0163496732711792,0.12814403574013244,-0.09254713149969647,0.01179379581957272,trajectory,LEFT,3.0823068618774414,0.2199771777558741,0.08379640430212021
25,100819.281,0.2266887128353119,-0.08811186254024506,-0.9285871982574463,-0.00011538800506652383,0.030634157359600067,-0.02066672034561634,-0.015317807905375957,0.12866526255193672,-0.09273438072801132,0.011953485000914919,trajectory,LEFT,3.0814452171325684,0.2264259541643785,0.08811186254024506
26,100819.39,0.22989287972450256,-0.09029524773359299,-0.9301115870475769,-0.00010585962738941228,0.03474384546279907,-0.023882756009697914,-0.01501015480607748,0.12833647602069811,-0.09269196047717233,0.012143555284721951,trajectory,LEFT,3.082070827484131,0.22961687781335094,0.09029524773359299
27,100819.5,0.23365621268749237,-0.09290152788162231,-0.9315785765647888,-9.970712787126701e-05,0.041564423590898514,-0.028965899720788002,-0.014527861028909683,0.12779080098044354,-0.09202534851588424,0.012178321258409123,trajectory,LEFT,3.082010269165039,0.23336397350481697,0.09290152788162231
28,100819.671,0.23815613985061646,-0.09605363756418228,-0.9329967498779297,-9.880701867871856e-05,0.04941897466778755,-0.03476262092590332,-0.013988148421049118,0.1271623931623214,-0.09172397178019509,0.012337417349745482,trajectory,LEFT,3.081496000289917,0.23784363811575915,0.09605363756418228
29,100819.89,0.24911877512931824,-0.10381028801202774,-0.935617208480835,-0.00010498403003447631,0.06454648077487946,-0.045861709862947464,-0.013208962045609951,0.1259520822864164,-0.09037512863059445,0.012468383529249404,trajectory,LEFT,3.0813305377960205,0.24875349381824208,0.10381028801202774
30,100820.078,0.26233893632888794,-0.11323098093271255,-0.9380230903625488,-0.00011262292389693265,0.07719970494508743,-0.05513281375169754,-0.012163900770246983,0.12493971280578672,-0.08946708202503058,0.012620148457849844,trajectory,LEFT,3.0825836658477783,0.26190396005337035,0.11323098093271255
31,100820.296,0.2792692482471466,-0.12533870339393616,-0.9404025673866272,-0.00011889449436313252,0.08830896019935608,-0.06321315467357635,-0.01093284972012043,0.12405086787802092,-0.08855228077409341,0.012746290964327008,trajectory,LEFT,3.0816287994384766,0.2787356638035128,0.12533870339393616
32,100820.515,0.29819342494010925,-0.13889044523239136,-0.9425641298294067,-0.0001228283825046662,0.09682676941156387,-0.0693504735827446,-0.00993899255990982,0.12336936294870914,-0.08791726193034452,0.012879353700769643,trajectory,LEFT,3.0832886695861816,0.29753737885210363,0.13889044523239136
33,100820.671,0.31863391399383545,-0.1535283923149109,-0.9445304870605469,-0.00012512279851897615,0.10325748473405838,-0.07392872869968414,-0.009072628803551197,0.1228548471721058,-0.08744264492984227,0.013003286071720615,trajectory,LEFT,3.084080219268799,0.3178311847813582,0.1535283923149109
34,100820.843,0.3293013870716095,-0.16116459667682648,-0.9454367160797119,-0.00012586415553479782,0.10584110766649246,-0.07575070112943649,-0.008485894650220871,0.12264813460962859,-0.08799712216803536,0.013088010090307373,trajectory,LEFT,3.084230899810791,0.32841617893279285,0.16116459667682648
35,100821.062,0.351339191198349,-0.1769302636384964,-0.9471048712730408,-0.0001268624981992717,0.11000353842973709,-0.07867240905761719,-0.00793018564581871,0.12231510444989109,-0.08695061045270994,0.013166757588051544,trajectory,LEFT,3.084930419921875,0.35027072572627205,0.1769302636384964
36,100821.281,0.37275296449661255,-0.1922464519739151,-0.9485981464385986,-0.00012738993707045234,0.11291646212339401,-0.08076884597539902,-0.0074004014022648335,0.12208204587209104,-0.08682791642115692,0.013272294558047296,trajectory,LEFT,3.0870163440704346,0.3714896679142612,0.1922464519739151
37,100821.468,0.39603981375694275,-0.20889829099178314,-0.9500742554664612,-0.0001276975789658842,0.11526650190353394,-0.08239126950502396,-0.006891473196446896,0.1218940241293725,-0.08656463008244421,0.013370961961409918,trajectory,LEFT,3.089531183242798,0.39454582639240066,0.20889829099178314
38,100821.64,0.4193897545337677,-0.22558094561100006,-0.9514091610908508,-0.00012787445262466484,0.11697649210691452,-0.08353499323129654,-0.0063379681669175625,0.12175721204835771,-0.08647008360789193,0.013458249208921082,trajectory,LEFT,3.091387987136841,0.4176448440857943,0.22558094561100006
39,100821.812,0.4313572347164154,-0.23412488400936127,-0.9520437121391296,-0.0001279316826850736,0.11765554547309875,-0.0839763879776001,-0.005987551063299179,0.12170288287964924,-0.08724851720985442,0.013520564906002399,trajectory,LEFT,3.0923984050750732,0.4294761081228753,0.23412488400936127
40,100822.031,0.45511728525161743,-0.2510760426521301,-0.9532150626182556,-0.00012800356991631576,0.11870038509368896,-0.08466444164514542,-0.0056832474656403065,0.12161928818196097,-0.08549866571728275,0.013554788142145988,trajectory,LEFT,3.0947000980377197,0.4529503896845064,0.2510760426521301
41,100822.25,0.4794144630432129,-0.2684098482131958,-0.9543527364730835,-0.00012804310753257453,0.11946194618940353,-0.08522102981805801,-0.005336557514965534,0.12155835732567455,-0.08627013842379082,0.01366324163077694,trajectory,LEFT,3.097360849380493,0.47693392624351993,0.2684098482131958
42,100822.468,0.5027638077735901,-0.2850532829761505,-0.9553716778755188,-0.00012805823717963415,0.11998438090085983,-0.08545148372650146,-0.004989334382116795,0.12151656008504841,-0.0863207349455147,0.013736371058245747,trajectory,LEFT,3.1003997325897217,0.49996163497024426,0.2850532829761505
43,100822.687,0.5261999368667603,-0.3017348349094391,-0.9563213586807251,-0.0001280702888796699,0.12036044150590897,-0.08563500642776489,-0.00465854536741972,0.12148647327421469,-0.08630224681830256,0.013802138126821156,trajectory,LEFT,3.1020431518554688,0.5230551504071279,0.3017348349094391
44,100822.906,0.5504222512245178,-0.3189648687839508,-0.9572356939315796,-0.00012807813299983231,0.12063737958669662,-0.08579885959625244,-0.004355832003057003,0.12146431649532388,-0.08623430377877206,0.013865342435590039,trajectory,LEFT,3.105590581893921,0.5469022107568264,0.3189648687839508
45,100823.125,0.5728793144226074,-0.33493542671203613,-0.9580293297767639,-0.00012808195528298403,0.12082160264253616,-0.08591781556606293,-0.004086077678948641,0.12144957740585748,-0.08635071460774306,0.013923596320247051,trajectory,LEFT,3.1094212532043457,0.5689919611871233,0.33493542671203613
46,100823.328,0.5975431203842163,-0.35247302055358887,-0.9588447213172913,-0.00012808361774083865,0.12096642702817917,-0.08601177483797073,-0.0038364334031939507,0.12143799048090492,-0.0861865242532914,0.013979246357580416,trajectory,LEFT,3.113255500793457,0.5932307091627873,0.35247302055358887
47,100823.531,0.619689404964447,-0.36822038888931274,-0.9595339894294739,-0.00012808503918559707,0.12105981260538101,-0.08608309179544449,-0.003609615610912442,0.1214305188942401,-0.08635981019763525,0.014031371729396691,trajectory,LEFT,3.117093563079834,0.6149758754291419,0.36822038888931274
48,100823.75,0.6436673998832703,-0.3852701187133789,-0.9602324366569519,-0.0001280852483131976,0.1211327388882637,-0.0861305370926857,-0.003387371078133583,0.1214246843040541,-0.08622580275456096,0.014078783289348116,trajectory,LEFT,3.120936632156372,0.6384987278645617,0.3852701187133789
49,100823.968,0.6683846712112427,-0.40284621715545654,-0.9609081745147705,-0.00012808384575007506,0.12118601053953171,-0.08617788553237915,-0.0031806209590286016,0.12142042209648443,-0.08616938817167089,0.01412670202879344,trajectory,LEFT,3.1247823238372803,0.6627240032477104,0.40284621715545654
50,100824.187,0.6931110620498657,-0.4204295575618744,-0.9615426659584045,-0.00012808470999500952,0.12122359126806259,-0.0862014889717102,-0.002983297687023878,0.12141741539041033,-0.08616677599340869,0.014172315328087355,trajectory,LEFT,3.1286323070526123,0.6869349161085836,0.4204295575618744
51,100824.406,0.7171168327331543,-0.4374987781047821,-0.9621209502220154,-0.0001280847247299902,0.1212494745850563,-0.08620566874742508,-0.0028048090171068907,0.12141534468213708,-0.08621784471475286,0.014214813727073774,trajectory,LEFT,3.132518768310547,0.7104178944715898,0.4374987781047821
52,100824.609,0.7411266565322876,-0.4545679986476898,-0.9626662135124207,-0.00012808468896265333,0.12126791477203369,-0.08620402961969376,-0.0026483898982405663,0.1214138694842333,-0.08621797609028559,0.014254958339701638,trajectory,LEFT,3.1363728046417236,0.7338827605248994,0.4545679986476898
53,100824.812,0.7644115686416626,-0.4711199700832367,-0.9631631374359131,-0.0001280866959696238,0.12128069996833801,-0.08620718121528625,-0.002488009864464402,0.12141284662240459,-0.08626943954564609,0.014290919016212577,trajectory,LEFT,3.1402177810668945,0.7566179573377116,0.4711199700832367
54,100825.031,0.7891550064086914,-0.4887069761753082,-0.9636592268943787,-0.00012808816143309936,0.12129036337137222,-0.0862138420343399,-0.002343309810385108,0.12141207347180968,-0.08616542206630866,0.014325969575965174,trajectory,LEFT,3.1440622806549072,0.7807542415062834,0.4887069761753082
55,100825.25,0.8138992786407471,-0.5062962770462036,-0.9641270637512207,-0.00012808912428412348,0.12129716575145721,-0.08622381836175919,-0.002208167687058449,0.12141152917253877,-0.0861643946229429,0.014360335495107443,trajectory,LEFT,3.1479058265686035,0.8048673977063405,0.5062962770462036
56,100825.468,0.838279664516449,-0.5236281156539917,-0.9645618200302124,-0.00012808887357193405,0.12130195647478104,-0.08622079342603683,-0.00207953667268157,0.12141114594740218,-0.08619037834625831,0.014392327579433801,trajectory,LEFT,3.1517512798309326,0.8286024237567986,0.5236281156539917
57,100825.703,0.862663209438324,-0.5409584641456604,-0.964971661567688,-0.00012808894115204665,0.12130534648895264,-0.08621399849653244,-0.001965824281796813,0.12141087481543304,-0.08619107099748147,0.014422814704486114,trajectory,LEFT,3.1555984020233154,0.8523172360382798,0.5409584641456604
58,100825.906,0.8874115347862244,-0.558544933795929,-0.9653690457344055,-0.00012808874368631226,0.1213078424334526,-0.08621043711900711,-0.0019343133317306638,0.12141067517772981,-0.08616574851325527,0.01445816096158421,trajectory,LEFT,3.1595375537872314,0.8763628752522106,0.558544933795929
59,100826.125,0.9117959141731262,-0.5758727788925171,-0.9657571911811829,-0.00012808723450550264,0.12130983918905258,-0.08620823919773102,-0.0019388945074751973,0.12141051547021199,-0.08619178226929564,0.014495385595409116,trajectory,LEFT,3.1638247966766357,0.9000310701981196,0.5758727788925171
60,100826.343,0.9369081854820251,-0.5937178730964661,-0.966160237789154,-0.0001280863271616194,0.12131121009588242,-0.08620425313711166,-0.0019474566215649247,0.12141040584476791,-0.08614038551198655,0.01453326804997932,trajectory,LEFT,3.1684622764587402,0.9243809267088832,0.5937178730964661
61,100826.5,0.9605646729469299,-0.6105284690856934,-0.9665399193763733,-0.00012808483657200995,0.12131217867136002,-0.08620230108499527,-0.0019540300127118826,0.12141032838901053,-0.0862439728984846,0.014570477530486176,trajectory,LEFT,3.173452854156494,0.9472960141448272,0.6105284690856934
62,100826.671,0.9733027815818787,-0.6195803284645081,-0.9667444229125977,-0.00012808380443431425,0.1213127002120018,-0.08619998395442963,-0.001957065425813198,0.12141028669661912,-0.08701989202542662,0.014597619010498,trajectory,LEFT,3.176081895828247,0.9596255519805013,0.6195803284645081
63,100826.89,0.998051106929779,-0.6371672749519348,-0.9671456813812256,-0.00012808264458108657,0.12131371349096298,-0.08622630685567856,-0.0019621134269982576,0.12141020537257917,-0.0861644313295078,0.014627066413913245,trajectory,LEFT,3.1816060543060303,0.9835612604192487,0.6371672749519348
64,100827.109,1.0220715999603271,-0.6542513370513916,-0.967535138130188,-0.00012808076911418814,0.12131405621767044,-0.08633363246917725,-0.0019659569952636957,0.1214101768676693,-0.08620612444658764,0.014664467741699595,trajectory,LEFT,3.1872215270996094,1.0067685230083754,0.6542513370513916
65,100827.328,1.0468199253082275,-0.6718660593032837,-0.9679363965988159,-0.0001280768107066481,0.12131405621767044,-0.08635293692350388,-0.001969234086573124,0.12141017669720795,-0.08615152355069558,0.014701895572463397,trajectory,LEFT,3.192416191101074,1.0306536230781642,0.6718660593032837
66,100827.562,1.0708403587341309,-0.6889626979827881,-0.9683258533477783,-0.00012807381948594861,0.12131405621767044,-0.08633466064929962,-0.0019716948736459017,0.12141017690512541,-0.08620478455712029,0.014739186277754397,trajectory,LEFT,3.1951472759246826,1.053812065260212,0.6889626979827881
67,100827.765,1.0944968461990356,-0.7057951092720032,-0.968709409236908,-0.000128072318898456,0.12131405621767044,-0.08630506694316864,-0.0019732338842004538,0.12141017721869836,-0.08623356996901059,0.014775589933082893,trajectory,LEFT,3.201021671295166,1.0765965117489742,0.7057951092720032
68,100827.921,1.1196091175079346,-0.7236580848693848,-0.9691165685653687,-0.0001280738319324238,0.12131405621767044,-0.0862821415066719,-0.0019745929166674614,0.12141017744314568,-0.08613236594569686,0.014812900229706306,trajectory,LEFT,3.207850933074951,1.100757859704519,0.7236580848693848
69,100828.046,1.1319832801818848,-0.7324590682983398,-0.9693171977996826,-0.00012807513427866104,0.12131405621767044,-0.08627429604530334,-0.0019750897772610188,0.12141017751454242,-0.08703902968479087,0.014840851577571184,trajectory,LEFT,3.2029731273651123,1.1126538162294217,0.7324590682983398
70,100828.218,1.1461771726608276,-0.7425523996353149,-0.9695473313331604,-0.00012807740838640904,0.12131405621767044,-0.08627162873744965,-0.0019756893161684275,0.1214101775261794,-0.08691003151726037,0.014861216719796195,trajectory,LEFT,3.192572593688965,1.1262913755006334,0.7425523996353149
71,100828.375,1.170925498008728,-0.7601609230041504,-0.9699485898017883,-0.0001280815128647279,0.12131405621767044,-0.08637015521526337,-0.001976662315428257,0.12141017648830288,-0.0851416137058836,0.014881357483168378,trajectory,LEFT,3.1634292602539062,1.1500488733538248,0.7601609230041504
72,100828.5,1.1843914985656738,-0.7697516679763794,-0.9701675176620483,-0.00012808414858804648,0.12131405621767044,-0.08641590178012848,-0.0019769163336604834,0.12141017600134144,-0.08694873902689632,0.014920051367078798,trajectory,LEFT,3.1531662940979004,1.1629643385854909,0.7697516679763794
73,100828.687,1.1982214450836182,-0.7796012759208679,-0.9703940153121948,-0.00012808670623750678,0.12131405621767044,-0.08638422936201096,-0.0019772183150053024,0.12141017630820797,-0.08692539122079075,0.014941014482798528,trajectory,LEFT,3.1429972648620605,1.1762208702407584,0.7796012759208679
74,100828.906,1.2229697704315186,-0.7972270846366882,-0.9707993268966675,-0.000128090456625431,0.12131405621767044,-0.0864320918917656,-0.0019777677953243256,0.12141017579183586,-0.08614408192800019,0.014971270517555932,trajectory,LEFT,3.1237525939941406,1.1999227186612433,0.7972270846366882
75,100829.125,1.247718095779419,-0.8148688077926636,-0.9712046384811401,-0.00012809303424207345,0.12131405621767044,-0.08651065081357956,-0.0019782502204179764,0.12141017496898789,-0.08613620591506119,0.015009373685612299,trajectory,LEFT,3.103703737258911,1.2235973945639103,0.8148688077926636
76,100829.343,1.2724664211273193,-0.832515299320221,-0.9716099500656128,-0.0001280949385671419,0.12131405621767044,-0.08648475259542465,-0.001978771761059761,0.12141017522120578,-0.08613780102361861,0.01504747998291258,trajectory,LEFT,3.0850727558135986,1.2472453711018598,0.832515299320221
77,100829.578,1.2975786924362183,-0.8504116535186768,-0.972021222114563,-0.00012809439533155114,0.12131405621767044,-0.08642163127660751,-0.0019788623321801424,0.12141017587180211,-0.08611786935410323,0.015085849825875023,trajectory,LEFT,3.0655972957611084,1.2712145595315576,0.8504116535186768
78,100829.796,1.3219630718231201,-0.8677765727043152,-0.9724205732345581,-0.00012809433681777081,0.12131405621767044,-0.0863608717918396,-0.0019789182115346193,0.12141017649484229,-0.08617586424223958,0.015123882596972263,trajectory,LEFT,3.046468734741211,1.2944635132839526,0.8677765727043152
79,100830.0,1.3467113971710205,-0.8853888511657715,-0.9728258848190308,-0.00012809584093655975,0.12131405621767044,-0.08630823343992233,-0.0019789182115346193,0.12141017702387272,-0.08615534391220044,0.021741422945633533,trajectory,LEFT,3.0278735160827637,1.3180336541157818,0.8853888511657715
80,100830.218,1.371459722518921,-0.9029924273490906,-0.9732311964035034,-0.00012809567772753937,0.12131405621767044,-0.08627335727214813,-0.0019789182115346193,0.12141017738239865,-0.08615900439258022,0.021796203339472416,trajectory,LEFT,3.009094715118408,1.34157749157049,0.9029924273490906
81,100830.437,1.3962080478668213,-0.9205895662307739,-0.9736365079879761,-0.00012809565950532578,0.12131405621767044,-0.08624754846096039,-0.0019789182115346193,0.12141017764700418,-0.08616171281338035,0.021850983733311298,trajectory,LEFT,2.9905099868774414,1.365094770172533,0.9205895662307739
82,100830.671,1.4209563732147217,-0.9381823539733887,-0.9740418195724487,-0.0001280958482269254,0.12131405621767044,-0.0862286239862442,-0.0019789182115346193,0.12141017783963379,-0.08616366186754437,0.02190576412715018,trajectory,LEFT,2.971924066543579,1.3885852334356912,0.9381823539733887
83,100830.812,1.4453407526016235,-0.9555138349533081,-0.9744411706924438,-0.00012809681214867314,0.12131405621767044,-0.08621527254581451,-0.0019789182115346193,0.12141017796980773,-0.08619085593360484,0.021960246497765186,trajectory,LEFT,2.9533369541168213,1.4117037859093795,0.9555138349533081
84,100830.921,1.4573509693145752,-0.964048445224762,-0.9746378660202026,-0.00012809700678212386,0.12131405621767044,-0.0862104743719101,-0.0019789182115346193,0.12141017801763597,-0.08707076841854612,0.02200408850796521,trajectory,LEFT,2.944070339202881,1.423080902757608,0.964048445224762
85,100831.046,1.470816969871521,-0.9736176133155823,-0.9748584032058716,-0.0001280968372508609,0.12131405621767044,-0.08621681481599808,-0.0019789182115346193,0.12141017795382972,-0.08611351689153747,0.022015115367248657,trajectory,LEFT,2.9347500801086426,1.435829375900834,0.9736176133155823
86,100831.171,1.4828271865844727,-0.9821553230285645,-0.9750550985336304,-0.00012809646201131716,0.12131405621767044,-0.08625742048025131,-0.0019789382349699736,0.1214101775403024,-0.08706670283490084,0.022060481691733004,trajectory,LEFT,2.925476551055908,1.4471925437460307,0.9821553230285645
87,100831.437,1.5079394578933716,-1.000016689300537,-0.9754663705825806,-0.00012809456846610563,0.12131405621767044,-0.08632481098175049,-0.0019789382349699736,0.12141017686277805,-0.08527549681921134,0.022081045294180514,trajectory,LEFT,2.9068846702575684,1.4709301483527621,1.000016689300537
88,100831.609,1.5323238372802734,-1.017380952835083,-0.9758657217025757,-0.0001280916579582463,0.12131355702877045,-0.086421437561512,-0.001978893531486392,0.1214102158278208,-0.08617108478383588,0.022152781495824458,trajectory,LEFT,2.8882946968078613,1.4939507913275847,1.017380952835083
89,100831.796,1.5465177297592163,-1.027490258216858,-0.9760981798171997,-0.0001280912126394224,0.12131354212760925,-0.0863710343837738,-0.0019789396319538355,0.12141021753948868,-0.0869004820723214,0.02219841533340514,trajectory,LEFT,2.878999948501587,1.5073382379008091,1.027490258216858
90,100832.0,1.570174217224121,-1.0443254709243774,-0.9764856100082397,-0.00012809127852281903,0.12131354212760925,-0.08631715178489685,-0.0019786707125604153,0.12141021809118456,-0.08623232311204868,0.02223756059072912,trajectory,LEFT,2.860649347305298,1.5296311763584889,1.0443254709243774
91,100832.171,1.5949225425720215,-1.061938762664795,-0.9768909215927124,-0.0001280907269108052,0.12131354212760925,-0.08636686950922012,-0.0019788965582847595,0.12141021758552266,-0.08615055182994234,0.022290836339816454,trajectory,LEFT,2.8422114849090576,1.5529253896881432,1.061938762664795
92,100832.296,1.6091164350509644,-1.0720460414886475,-0.9771233797073364,-0.00012808980780092314,0.12131354212760925,-0.08637227863073349,-0.0019788993522524834,0.12141021753644378,-0.08690058521852251,0.02233697428368032,trajectory,LEFT,2.833030939102173,1.566272097251126,1.0720460414886475
93,100832.437,1.6233103275299072,-1.0821533203125,-0.9773558378219604,-0.00012808883558870925,0.12131354212760925,-0.08636725693941116,-0.0019788993522524834,0.12141021759461772,-0.08690098694814163,0.022368392450734974,trajectory,LEFT,2.824052333831787,1.5796094541838528,1.0821533203125
94,100832.546,1.63750422000885,-1.0922605991363525,-0.9775882959365845,-0.000128087571979519,0.12131354212760925,-0.08639752864837646,-0.0019788993522524834,0.1214102172931528,-0.08689856522555221,0.022399810617789628,trajectory,LEFT,2.8151512145996094,1.5929374325802819,1.0922605991363525
95,100832.734,1.651698112487793,-1.1023720502853394,-0.9778207540512085,-0.00012808638981063095,0.12131354212760925,-0.08644827455282211,-0.0019788993522524834,0.12141021678133361,-0.0868940882996957,0.02243122878484428,trajectory,LEFT,2.8063254356384277,1.6062556610404037,1.1023720502853394
96,100832.953,1.6753545999526978,-1.1192392110824585,-0.9782081842422485,-0.00012808382146786031,0.12131354212760925,-0.0865418016910553,-0.0019788993522524834,0.12141021584074742,-0.08621115647537121,0.022470395555719735,trajectory,LEFT,2.7888972759246826,1.6284304792359467,1.1192392110824585
97,100833.156,1.699375033378601,-1.1363834142684937,-0.9786015748977661,-0.00012807843409827908,0.12131354212760925,-0.08661254495382309,-0.0019788993522524834,0.12141021515318451,-0.08617779764454342,0.022523057190701367,trajectory,LEFT,2.7717647552490234,1.6509179429094445,1.1363834142684937
98,100833.39,1.7244873046875,-1.1543110609054565,-0.9790128469467163,-0.0001280740081892964,0.12131354212760925,-0.08657850325107574,-0.001978907734155655,0.12141021553263462,-0.08610219047337228,0.022577121136710048,trajectory,LEFT,2.754267930984497,1.6743978992042532,1.1543110609054565
99,100833.609,1.7481437921524048,-1.1711876392364502,-0.9794002771377563,-0.00012807076289914006,0.12131354212760925,-0.08650755137205124,-0.001978907734155655,0.12141021628205717,-0.08621295465528168,0.022631515031680465,trajectory,LEFT,2.7367091178894043,1.6964901834226804,1.1711876392364502
100,100833.828,1.7728921175003052,-1.1888270378112793,-0.979805588722229,-0.00012806595615289526,0.12131354212760925,-0.08642719686031342,-0.001978904940187931,0.12141021713857134,-0.08614311506803855,0.022684772489592435,trajectory,LEFT,2.7198407649993896,1.7195748313121886,1.1888270378112793
101,100834.046,1.797276496887207,-1.2061936855316162,-0.9802049398422241,-0.00012806040187812436,0.12131354212760925,-0.08637059479951859,-0.001978904940187931,0.12141021775684613,-0.0861749136619826,0.02273925486020744,trajectory,LEFT,2.703550338745117,1.7422923887022126,1.2061936855316162
102,100834.25,1.8216608762741089,-1.2235498428344727,-0.9806042909622192,-0.00012805459911305285,0.12131354212760925,-0.08632293343544006,-0.001978907734155655,0.12141021828519483,-0.08617977556636355,0.022793229883536697,trajectory,LEFT,2.68752384185791,1.7649821957873915,1.2235498428344727
103,100834.484,1.8464092016220093,-1.2411565780639648,-0.9810096025466919,-0.00012804742324354362,0.12131354212760925,-0.08628764748573303,-0.001978907734155655,0.12141021869620289,-0.08615754535566747,0.022847502706572414,trajectory,LEFT,2.6717581748962402,1.787981965557055,1.2411565780639648
104,100834.625,1.870065689086914,-1.2579792737960815,-0.9813970327377319,-0.00012804030718811034,0.12131354212760925,-0.08626340329647064,-0.0019787545315921307,0.12141021899365535,-0.08623787476749938,0.022901376774534583,trajectory,LEFT,2.6549673080444336,1.8099398461495557,1.2579792737960815
105,100834.812,1.884259581565857,-1.2680726051330566,-0.981629490852356,-0.00012803737664464468,0.12131354212760925,-0.08625160902738571,-0.001978909829631448,0.12141021913468432,-0.08691163314648868,0.022946004206314683,trajectory,LEFT,2.6470649242401123,1.8231014705418644,1.2680726051330566
106,100835.046,1.9093718528747559,-1.2859288454055786,-0.9820407629013062,-0.00012803499640208672,0.12131354212760925,-0.08626163750886917,-0.001978926593437791,0.12141021904838539,-0.08613467969457105,0.022986364411190154,trajectory,LEFT,2.6317808628082275,1.8463633058475484,1.2859288454055786
107,100835.171,1.9333922863006592,-1.3030178546905518,-0.9824341535568237,-0.00012803346009203928,0.12131354212760925,-0.08634798973798752,-0.0019789377693086863,0.12141021817450742,-0.0862044805349027,0.02304105722345412,trajectory,LEFT,2.6167728900909424,1.8685837521861526,1.3030178546905518
108,100835.359,1.9454025030136108,-1.3115662336349487,-0.9826308488845825,-0.00012803202455247137,0.12131354212760925,-0.08636061102151871,-0.0019789377693086863,0.12141021805514762,-0.08705738006292803,0.023084391662850978,trajectory,LEFT,2.609361171722412,1.8796828623110393,1.3115662336349487
109,100835.578,1.9716066122055054,-1.330217957496643,-0.9830600023269653,-0.00012802742071261743,0.12131354212760925,-0.08637045323848724,-0.0019789377693086863,0.12141021798614324,-0.08519175619393193,0.02310584933497012,trajectory,LEFT,2.5947225093841553,1.9038740811805788,1.330217957496643
110,100835.796,1.9959909915924072,-1.3475865125656128,-0.9834593534469604,-0.00012802213210541687,0.12131354212760925,-0.08642271906137466,-0.001978945219889283,0.12141021748738448,-0.08617055249575525,0.023179112421348694,trajectory,LEFT,2.580324172973633,1.9263532363921279,1.3475865125656128
111,100836.031,2.0203819274902344,-1.3649450540542603,-0.9838587045669556,-0.00012801947211897125,0.12131354212760925,-0.08628720790147781,-0.001978966174647212,0.12141021889361732,-0.0861823945440337,0.023233088897541165,trajectory,LEFT,2.5658788681030273,1.9488100041103795,1.3649450540542603
112,100836.171,2.044774293899536,-1.3822808265686035,-0.9842580556869507,-0.00012801619992526317,0.12131354212760925,-0.08621998131275177,-0.0019789549987763166,0.12141021960468863,-0.08619004960624602,0.023287062803283336,trajectory,LEFT,2.551694631576538,1.9712405279894192,1.3822808265686035
113,100836.375,2.0593369007110596,-1.392627239227295,-0.9844964742660522,-0.00012801280545297552,0.12131354212760925,-0.08620411157608032,-0.0019789577927440405,0.1214102197906204,-0.08689012930208986,0.023332991199567915,trajectory,LEFT,2.5447072982788086,1.984617866664987,1.392627239227295
114,100836.593,2.086277723312378,-1.4117622375488281,-0.9849375486373901,-0.00012800446268178937,0.12131354212760925,-0.08621642738580704,-0.0019789605867117643,0.12141021972202613,-0.08601044431009419,0.023375347973778847,trajectory,LEFT,2.5309388637542725,2.0093381363847733,1.4117622375488281
115,100836.812,2.1095778942108154,-1.4283251762390137,-0.9853190183639526,-0.00012799928843235358,0.12131354212760925,-0.08630337566137314,-0.0019789410289376974,0.12141021886736282,-0.08626064743862244,0.023431980134919286,trajectory,LEFT,2.5106091499328613,2.0306864146749586,1.4283251762390137
116,100837.031,2.133970260620117,-1.4456729888916016,-0.9857183694839478,-0.0001279961536526083,0.12131354212760925,-0.08630597591400146,-0.0019789410289376974,0.1214102188623765,-0.08618196576763511,0.02348443222232163,trajectory,LEFT,2.503831386566162,2.053004532115633,1.4456729888916016
117,100837.25,2.157998561859131,-1.4627618789672852,-0.9861117601394653,-0.00012799344423367032,0.12131354212760925,-0.08629615604877472,-0.001978845102712512,0.12141021898163033,-0.08620863888050762,0.02353810132481158,trajectory,LEFT,2.4902873039245605,2.0749594487378094,1.4627618789672852
118,100837.453,2.1812987327575684,-1.4793301820755005,-0.9864932298660278,-0.00012799404463259757,0.12131354212760925,-0.08628010004758835,-0.0019789040088653564,0.12141021914189236,-0.08626197242462436,0.02359067919664085,trajectory,LEFT,2.4767446517944336,2.096220709946939,1.4793301820755005
119,100837.671,2.205327033996582,-1.4964112043380737,-0.9868866205215454,-0.00012799739750402796,0.12131354212760925,-0.08626744896173477,-0.0019789235666394234,0.12141021924829765,-0.08621172169065178,0.02364283482544124,trajectory,LEFT,2.4632010459899902,2.1181172649551243,1.4964112043380737
120,100837.906,2.229719400405884,-1.5137510299682617,-0.9872859716415405,-0.00012800059425416852,0.12131354212760925,-0.08626361936330795,-0.001978926360607147,0.12141021926545507,-0.08618615243583001,0.023696302277967336,trajectory,LEFT,2.449655055999756,2.140314592763172,1.5137510299682617
121,100838.125,2.2544758319854736,-1.5313496589660645,-0.9876912832260132,-0.00012800191500660757,0.12131354212760925,-0.08625682443380356,-0.001978929154574871,0.1214102193259232,-0.08616082055111342,0.02375057532452047,trajectory,LEFT,2.4362385272979736,2.1628111295557435,1.5313496589660645
122,100838.343,2.2788681983947754,-1.548689365386963,-0.9880906343460083,-0.00012800156082400798,0.12131354212760925,-0.08624589443206787,-0.001978926360607147,0.12141021944029154,-0.08618758270621539,0.023805057471618058,trajectory,LEFT,2.423088788986206,2.1849450619876603,1.548689365386963
123,100838.546,2.303260564804077,-1.566021203994751,-0.9884899854660034,-0.00012800034847673244,0.12131354212760925,-0.08623254299163818,-0.0019789235666394234,0.12141021958537387,-0.08618943767097048,0.02385903204791248,trajectory,LEFT,2.410200834274292,2.207048241448714,1.566021203994751
124,100838.781,2.327652931213379,-1.583353042602539,-0.9888893365859985,-0.00012799809601834688,0.12131354212760925,-0.08622366935014725,-0.001978929154574871,0.12141021969177451,-0.08619014763546294,0.023913007294759155,trajectory,LEFT,2.3975670337677,2.2291195648340842,1.583353042602539
125,100838.984,2.3520452976226807,-1.6006848812103271,-0.9892886877059937,-0.0001279945682061346,0.12131354212760925,-0.08621823787689209,-0.001978929154574871,0.1214102197717204,-0.08619058223374754,0.023966982094570995,trajectory,LEFT,2.3851869106292725,2.2511588666920836,1.6006848812103271
126,100839.218,2.3760735988616943,-1.61775803565979,-0.9896820783615112,-0.0001279925855809964,0.12131354212760925,-0.08621478080749512,-0.001978929154574871,0.12141021982079159,-0.08621672238171724,0.024020658871158958,trajectory,LEFT,2.3730568885803223,2.272837753713574,1.61775803565979
127,100839.437,2.399373769760132,-1.6343138217926025,-0.9900635480880737,-0.0001279916898748768,0.12131354212760925,-0.08621295541524887,-0.0019789235666394234,0.12141021984565872,-0.08626859580896726,0.024073231583461165,trajectory,LEFT,2.361172914505005,2.2938297248025457,1.6343138217926025
128,100839.656,2.4244942665100098,-1.652163028717041,-0.9904748201370239,-0.00012799184458184084,0.12131354212760925,-0.08621639758348465,-0.001978917745873332,0.12141021980934662,-0.08613900155642379,0.024126279251649976,trajectory,LEFT,2.349926710128784,2.316428455419228,1.652163028717041
129,100839.875,2.4488866329193115,-1.669494867324829,-0.990874171257019,-0.00012799109610182164,0.12131354212760925,-0.0862245038151741,-0.0019788388162851334,0.12141021973150634,-0.08619008064787147,0.024181262878701093,trajectory,LEFT,2.3392457962036133,2.338338976842909,1.669494867324829
130,100840.093,2.472914934158325,-1.686568021774292,-0.9912675619125366,-0.00012799017751387293,0.12131354212760925,-0.08621877431869507,-0.0019789186771959066,0.12141021979650715,-0.08621640276881587,0.024234946044161917,trajectory,LEFT,2.328845977783203,2.359890350993581,1.686568021774292
131,100840.312,2.497671365737915,-1.7041585445404053,-0.9916728734970093,-0.00012799061586235281,0.12131354212760925,-0.0862148180603981,-0.0019789186771959066,0.12141021983399328,-0.08616499163176859,0.02428871129639447,trajectory,LEFT,2.318723201751709,2.382061276737007,1.7041585445404053
132,100840.531,2.522063732147217,-1.7214903831481934,-0.9920722246170044,-0.00012799128888121164,0.12131354212760925,-0.08621508628129959,-0.0019789186771959066,0.12141021982660596,-0.08619083391551591,0.024343193667009475,trajectory,LEFT,2.308048963546753,2.403872712461677,1.7214903831481934
133,100840.671,2.5460920333862305,-1.7385635375976562,-0.992465615272522,-0.0001279917722709454,0.12131354212760925,-0.08621112257242203,-0.0019789186771959066,0.121410219863858,-0.08621701479230988,0.024396870443597438,trajectory,LEFT,2.2985999584198,2.4253259757896704,1.7385635375976562
134,100840.796,2.5595624446868896,-1.7481348514556885,-0.9926861524581909,-0.00012799257928263082,0.12131354212760925,-0.08620987087488174,-0.0019789172802120447,0.12141021987110955,-0.08696716382644541,0.024441396864131094,trajectory,LEFT,2.293973684310913,2.4373385770960603,1.7481348514556885
135,100840.984,2.5719406604766846,-1.7569301128387451,-0.9928888082504272,-0.00012799292864966355,0.12131354212760925,-0.08621843159198761,-0.0019789300858974457,0.12141021978104405,-0.08704407028471127,0.024470310797914865,trajectory,LEFT,2.289414644241333,2.448368139237342,1.7569301128387451
136,100841.187,2.5966970920562744,-1.7745286226272583,-0.9932941198348999,-0.00012799392946273764,0.12131354212760925,-0.08632774651050568,-0.0019789584912359715,0.12141021865481053,-0.08527579090837553,0.024490578649565577,trajectory,LEFT,2.2803657054901123,2.4704000519278875,1.7745286226272583
137,100841.406,2.621089458465576,-1.7918941974639893,-0.993693470954895,-0.00012799624819831272,0.12131354212760925,-0.08643386512994766,-0.001978907035663724,0.1214102175521769,-0.08616995788606031,0.02456231431104243,trajectory,LEFT,2.2714149951934814,2.49207007493977,1.7918941974639893
138,100841.562,2.645481824874878,-1.8092581033706665,-0.9940799474716187,-0.00012799903477253458,0.12131354212760925,-0.08632475882768631,-0.001758183934725821,0.12141021865015189,-0.08617885327179717,0.02459798753261566,trajectory,LEFT,2.263268232345581,2.5137061453724634,1.8092581033706665
139,100841.718,2.658224105834961,-1.8183200359344482,-0.9942544102668762,-0.00012800008078076724,0.12131354212760925,-0.08628343790769577,-0.0015139889437705278,0.12141021906605616,-0.08701220733261594,0.02462008596397936,trajectory,LEFT,2.259287118911743,2.5249961933924077,1.8183200359344482
140,100841.968,2.683344602584839,-1.8361774682998657,-0.9945469498634338,-0.00012800183391459895,0.12131354212760925,-0.08626694232225418,-0.0013316109543666244,0.12141021922287383,-0.0861341354008142,0.024634979302063587,trajectory,LEFT,2.2513225078582764,2.547227301770576,1.8361774682998657
141,100842.109,2.7073729038238525,-1.8532675504684448,-0.9948002696037292,-0.00012800295184267347,0.12131354212760925,-0.08635642379522324,-0.0011441601673141122,0.12141021829884903,-0.08620369799672305,0.024657560801133512,trajectory,LEFT,2.243350028991699,2.5684561884187804,1.8532675504684448
142,100842.312,2.7204792499542236,-1.8625953197479248,-0.9949161410331726,-0.0001280035402521212,0.12131354212760925,-0.0863688513636589,-0.000975965172983706,0.12141021816752266,-0.08697879532722319,0.02467147053219378,trajectory,LEFT,2.2393484115600586,2.580020484076808,1.8625953197479248
143,100842.531,2.7452356815338135,-1.8802160024642944,-0.9951046705245972,-0.00012800500927964275,0.12131354212760925,-0.08637206256389618,-0.0008739846525713801,0.12141021812448984,-0.08614939615230474,0.024682605741545557,trajectory,LEFT,2.2313833236694336,2.601836397390345,1.8802160024642944
144,100842.765,2.7703561782836914,-1.8981027603149414,-0.9952776432037354,-0.0001280058575941509,0.12131354212760925,-0.08644187450408936,-0.00074574671452865,0.12141021740372272,-0.08611720841450418,0.02469704980496317,trajectory,LEFT,2.223418712615967,2.623935112695996,1.8981027603149414
145,100842.984,2.7965688705444336,-1.9167709350585938,-0.9954294562339783,-0.00012800629748461488,0.12131354212760925,-0.08642274141311646,-0.0006242351373657584,0.12141021759661348,-0.08604061139875195,0.024709649235010147,trajectory,LEFT,2.2154603004455566,2.6469541347548393,1.9167709350585938
146,100843.203,2.8209612369537354,-1.9341375827789307,-0.9955480098724365,-0.0001280063716535476,0.12131354212760925,-0.08636853843927383,-0.0005234161508269608,0.12141021815116679,-0.0861750770728231,0.02472043922636658,trajectory,LEFT,2.2076284885406494,2.668338579862752,1.9341375827789307
147,100843.421,2.844261407852173,-1.950714349746704,-0.9956434965133667,-0.0001280072711302262,0.12131354212760925,-0.08630966395139694,-0.00044484654790721834,0.12141021874786256,-0.08625876105667822,0.024729023573454467,trajectory,LEFT,2.2000374794006348,2.688734135153293,1.950714349746704
148,100843.656,2.8690178394317627,-1.9683173894882202,-0.9957289695739746,-0.00012800782078044401,0.12131354212760925,-0.08627279847860336,-0.00037696168874390423,0.12141021912159299,-0.08615910169964922,0.02473599772201851,trajectory,LEFT,2.1927833557128906,2.7103701631909782,1.9683173894882202
149,100843.875,2.894866466522217,-1.9866924285888672,-0.9958057403564453,-0.00012800716507532203,0.12131354212760925,-0.08625947684049606,-0.00032094717607833445,0.12141021926253931,-0.08608298158481427,0.02474263366544619,trajectory,LEFT,2.186589002609253,2.732921918030332,1.9866924285888672
150,100844.093,2.9192588329315186,-2.004030466079712,-0.9958670139312744,-0.0001280073799574181,0.12131354212760925,-0.08624210208654404,-0.0002703904756344855,0.12141021943898415,-0.0861880530025293,0.024748190320096907,trajectory,LEFT,2.179919958114624,2.7541662082699006,2.004030466079712
151,100844.312,2.9432871341705322,-2.021103620529175,-0.9959172606468201,-0.0001280077559594678,0.12131354212760925,-0.08621792495250702,-0.00023016647901386023,0.12141021968397983,-0.08621647080583392,0.024752702564001083,trajectory,LEFT,2.1734819412231445,2.7750588969118564,2.021103620529175
152,100844.531,2.966951370239258,-2.0379180908203125,-0.9959592223167419,-0.00012800868097399837,0.12131354212760925,-0.08620799332857132,-0.00019770175276789814,0.12141021977930745,-0.08624312904914701,0.024756482291268186,trajectory,LEFT,2.1684417724609375,2.795600405137515,2.0379180908203125
153,100844.75,2.9909796714782715,-2.0549912452697754,-0.9959970712661743,-0.0001280095897764093,0.12131354212760925,-0.08620917797088623,-0.00017010087321978062,0.12141021976090867,-0.08621717053506377,0.024759739966830237,trajectory,LEFT,2.1634538173675537,2.8164225997048167,2.0549912452697754
154,100844.89,3.014643907546997,-2.071805715560913,-0.9960281848907471,-0.0001280097182092215,0.12131354212760925,-0.08621644228696823,-0.0001475069293519482,0.12141021968563079,-0.08624245322199978,0.02476271120714955,trajectory,LEFT,2.1579227447509766,2.8368943280948518,2.071805715560913
155,100845.078,3.02738618850708,-2.080859661102295,-0.9960425496101379,-0.00012800960134201798,0.12131354212760925,-0.08621983975172043,-0.00012722327664960176,0.12141021965164445,-0.08701809410422714,0.02476445627049543,trajectory,LEFT,2.155712127685547,2.847903127099679,2.080859661102295
156,100845.312,3.051778554916382,-2.098191499710083,-0.9960665106773376,-0.0001280095378175373,0.12131354212760925,-0.08624424785375595,-0.00011573740630410612,0.12141021940212494,-0.08528326986049871,0.024764735454227773,trajectory,LEFT,2.1519885063171387,2.868948797807681,2.098191499710083
157,100845.531,3.0787193775177,-2.1173481941223145,-0.9960915446281433,-0.0001280090858072397,0.12131354212760925,-0.0863330140709877,-0.00010126033885171637,0.12141021849621228,-0.08599894706091912,0.024768092666636217,trajectory,LEFT,2.1482508182525635,2.8921473805168496,2.1173481941223145
158,100845.765,3.103839874267578,-2.1352076530456543,-0.996111273765564,-0.0001280096121720119,0.12131354212760925,-0.08621984720230103,-8.516673551639542e-05,0.12141021965149355,-0.08613770056820345,0.024769923432613722,trajectory,LEFT,2.144422769546509,2.9137376555574157,2.1352076530456543
159,100846.0,3.128960371017456,-2.1530463695526123,-0.996127724647522,-0.00012800945157431966,0.12131354212760925,-0.08614683151245117,-7.184263085946441e-05,0.12141022040033635,-0.08614561612940398,0.024771360107697545,trajectory,LEFT,2.141658067703247,2.935291526840871,2.1530463695526123
160,100846.203,3.1529886722564697,-2.1701037883758545,-0.9961420297622681,-0.00012800921172334063,0.12131364643573761,-0.08612733334302902,-6.177446630317718e-05,0.1214102122570155,-0.08622529177536602,0.024772670805687087,trajectory,LEFT,2.1389942169189453,2.9558716441576074,2.1701037883758545
161,100846.437,3.1784732341766357,-2.188194990158081,-0.9961545467376709,-0.00012800942707220388,0.12131364643573761,-0.08612950891256332,-5.193664037506096e-05,0.12141021223325202,-0.08612175803487133,0.024773727798310576,trajectory,LEFT,2.13680362701416,2.9776586144781625,2.188194990158081
162,100846.671,3.2039577960968018,-2.2062861919403076,-0.9961653351783752,-0.00012800965516818042,0.12131364643573761,-0.08614513278007507,-4.385694410302676e-05,0.12141021207168,-0.08612050812704375,0.024774686743330675,trajectory,LEFT,2.134685516357422,2.9994037466044254,2.2062861919403076
163,100846.89,3.2279860973358154,-2.22334361076355,-0.9961732029914856,-0.00012800976304144307,0.12131364643573761,-0.08614924550056458,-3.722065230249427e-05,0.12141021202881927,-0.08622353877584275,0.02477546793379588,trajectory,LEFT,2.132566452026367,3.01986777468454,2.22334361076355
164,100847.109,3.2527425289154053,-2.240917921066284,-0.996181309223175,-0.00012801022269028008,0.12131364643573761,-0.08615083247423172,-3.2127918530022725e-05,0.12141021200939948,-0.08617173196280092,0.024776135820138732,trajectory,LEFT,2.1304476261138916,3.040912609195095,2.240917921066284
165,100847.328,3.2782270908355713,-2.2590091228485107,-0.9961883425712585,-0.0001280106409727744,0.12131364643573761,-0.08616358041763306,-2.7109583243145607e-05,0.12141021187596779,-0.08611903230974857,0.02477677631701226,trajectory,LEFT,2.1283304691314697,3.0625345089029086,2.2590091228485107
166,100847.562,3.302619457244873,-2.276324987411499,-0.9961923360824585,-0.00012801021384595835,0.12131364643573761,-0.08617038279771805,-2.2583355530514382e-05,0.12141021180924975,-0.08619600793589881,0.024777212827902986,trajectory,LEFT,2.126213312149048,3.08318973003513,2.276324987411499
167,100847.781,3.327011823654175,-2.2936408519744873,-0.9961963295936584,-0.00012801006566258362,0.12131364643573761,-0.0861688181757927,-2.009421405091416e-05,0.12141021182629452,-0.08619613307688974,0.024777553444582733,trajectory,LEFT,2.124096155166626,3.1038055949410577,2.2936408519744873
168,100848.0,3.3517682552337646,-2.3112151622772217,-0.9962003827095032,-0.00012800980463127377,0.12131364643573761,-0.08617403358221054,-1.7630825823289342e-05,0.12141021177468365,-0.08616987593874559,0.024777899101754885,trajectory,LEFT,2.122638702392578,3.1246887069803524,2.3112151622772217
169,100848.234,3.3772528171539307,-2.3293063640594482,-0.9962045550346375,-0.00012800933136868426,0.12131364643573761,-0.0861811563372612,-1.5121660908334889e-05,0.12141021170500287,-0.08611762630631659,0.024778252132964553,trajectory,LEFT,2.1212024688720703,3.146143234625953,2.3293063640594482
170,100848.468,3.4031014442443848,-2.347656011581421,-0.9962087869644165,-0.0001280075480854056,0.12131364643573761,-0.08618276566267014,-1.2555270586744882e-05,0.12141021170081541,-0.08609165775160306,0.024778613717789992,trajectory,LEFT,2.1199991703033447,3.1678596669410197,2.347656011581421
171,100848.671,3.4271297454833984,-2.364713430404663,-0.9962127208709717,-0.00012800611006741618,0.12131364643573761,-0.08617541939020157,-1.0018924513133243e-05,0.12141021178595725,-0.08622144496987925,0.02477896788070211,trajectory,LEFT,2.1202633380889893,3.1880062844661428,2.364713430404663
172,100848.89,3.451158046722412,-2.3817708492279053,-0.9962128400802612,-0.0001280057663915972,0.12131364643573761,-0.08616528660058975,-7.459686003130628e-06,0.12141021189209043,-0.08622225548310176,0.024779104098815875,trajectory,LEFT,2.1198389530181885,3.208113686096855,2.3817708492279053
173,100849.109,3.475550413131714,-2.3990867137908936,-0.9962128400802612,-0.00012800657896134057,0.12131364643573761,-0.08617161214351654,-7.401034963550046e-06,0.121410211821713,-0.08619590942426084,0.02477910955814877,trajectory,LEFT,2.119790554046631,3.228485427076233,2.3990867137908936
174,100849.343,3.5003068447113037,-2.416661024093628,-0.9962128400802612,-0.00012800803729938318,0.12131364643573761,-0.08618366718292236,-7.579854354844429e-06,0.12141021168820998,-0.08616910506297276,0.024779123863700077,trajectory,LEFT,2.1213395595550537,3.2491194725175188,2.416661024093628
175,100849.546,3.5250632762908936,-2.434246778488159,-0.9962128400802612,-0.0001280081395985111,0.12131364643573761,-0.08619134873151779,-7.579854354844429e-06,0.1214102116088412,-0.0861673462622395,0.024779123863700077,trajectory,LEFT,2.1221463680267334,3.2697088615964915,2.434246778488159
176,100849.781,3.5498197078704834,-2.4518373012542725,-0.9962128400802612,-0.00012800909621281698,0.12131364643573761,-0.08619271963834763,-7.579854354844429e-06,0.12141021158820738,-0.08616675968161588,0.024779123863700077,trajectory,LEFT,2.123605728149414,3.290254704986406,2.4518373012542725
177,100850.0,3.5749402046203613,-2.469686508178711,-0.9962128400802612,-0.00012801206781518472,0.12131364643573761,-0.08619146049022675,-7.579854354844429e-06,0.12141021158061562,-0.08614099649975039,0.024779123863700077,trajectory,LEFT,2.1260852813720703,3.3110589540078443,2.469686508178711
178,100850.25,3.6018810272216797,-2.4888291358947754,-0.9962128400802612,-0.00012801481111731746,0.12131353467702866,-0.08618856221437454,-7.579854354844429e-06,0.12141022053208114,-0.08601190964102187,0.024779123863700077,trajectory,LEFT,2.1282002925872803,3.333321527303161,2.4888291358947754
179,100850.468,3.628093719482422,-2.50744366645813,-0.9962128400802612,-0.00012801612964014823,0.12131353467702866,-0.08617906272411346,-7.579854354844429e-06,0.12141022062027874,-0.0860654701478997,0.024779123863700077,trajectory,LEFT,2.131094455718994,3.3549355436160795,2.50744366645813
180,100850.703,3.649937629699707,-2.5229504108428955,-0.9962128400802612,-0.0001280153962565812,0.12131353467702866,-0.08615745604038239,-7.579854354844429e-06,0.12141022084661282,-0.08637792156005471,0.024779123863700077,trajectory,LEFT,2.134488344192505,3.372911173243793,2.5229504108428955
181,100850.921,3.675422191619873,-2.541041612625122,-0.9962128400802612,-0.0001280144249573271,0.12131353467702866,-0.08614185452461243,-7.579854354844429e-06,0.12141022101308444,-0.08612077056071862,0.024779123863700077,trajectory,LEFT,2.1381101608276367,3.393839781600974,2.541041612625122
182,100851.125,3.6994504928588867,-2.5580990314483643,-0.9962128400802612,-0.00012801123741507616,0.12131353467702866,-0.08616827428340912,-7.579854354844429e-06,0.12141022076448384,-0.0862220168084681,0.024779123863700077,trajectory,LEFT,2.1419389247894287,3.413529881018796,2.5580990314483643
183,100851.328,3.7231147289276123,-2.5748980045318604,-0.9962128400802612,-0.0001280062236824205,0.12131353467702866,-0.08617818355560303,-7.579854354844429e-06,0.1364979201762291,-0.03485657327459735,0.024779123863700077,trajectory,SOFT_LEFT,2.145766496658325,3.432881034990972,2.5748980045318604
184,100851.562,3.7478792667388916,-2.5924367904663086,-0.9962156414985657,-0.00012898129939210978,0.12167690694332123,-0.0849154070019722,-8.136292308336124e-05,0.13646885670392864,-0.03488354646970619,0.024785166580113583,trajectory,SOFT_LEFT,2.1495954990386963,3.4530978393143137,2.5924367904663086
185,100851.703,3.7740371227264404,-2.609710931777954,-0.9962525367736816,-0.0001306724907217883,0.1241161972284317,-0.07663895934820175,-0.00021034343808423728,0.1362737885165894,-0.035572119962328466,0.024797568343346937,trajectory,SOFT_LEFT,2.1531877517700195,3.474687263706663,2.609710931777954
186,100851.921,3.7984936237335205,-2.6238019466400146,-0.9962853789329529,-0.0001300461553570583,0.12666429579257965,-0.06799265742301941,-0.00011764145892811939,0.13607003442597085,-0.03658236348960862,0.024794936156249604,trajectory,SOFT_LEFT,2.1558902263641357,3.4953017530779835,2.6238019466400146
187,100852.234,3.8245744705200195,-2.636854648590088,-0.9963005185127258,-0.00012898431937633293,0.12893901765346527,-0.060275353491306305,-3.4820219298126176e-05,0.13588814208588024,-0.03730365341588106,0.024791864151193294,trajectory,SOFT_LEFT,2.156897783279419,3.5177032696962556,2.636854648590088
188,100852.468,3.852595090866089,-2.649167537689209,-0.9913588166236877,-0.00012592140589730858,0.1299743801355362,-0.054021019488573074,0.07725655287504196,0.13580539085776172,-0.0378781754637562,0.018362758439034222,trajectory,SOFT_LEFT,2.1563827991485596,3.5421326220396008,2.649167537689209
189,100852.593,3.8779876232147217,-2.6592555046081543,-0.975991427898407,-0.00012751305118292332,0.1305951327085495,-0.04968690127134323,0.07229843735694885,0.1357557679883683,-0.03844692860715073,0.017570221442729236,trajectory,SOFT_LEFT,2.1549479961395264,3.564493926889213,2.6592555046081543
190,100852.781,3.8917274475097656,-2.6643764972686768,-0.9688482880592346,-0.00012769692183657602,0.13111655414104462,-0.047916341572999954,0.06399106234312057,0.1357140716310791,-0.039085269557728515,0.016569025255739687,trajectory,SOFT_LEFT,2.154324769973755,3.5766633062136517,2.6643764972686768
191,100853.015,3.919769048690796,-2.6742796897888184,-0.9567490220069885,-0.00012776252616026996,0.1321612298488617,-0.04525897651910782,0.05017228052020073,0.13563052448467589,-0.03830790272212225,0.017069564498960972,trajectory,SOFT_LEFT,2.1517908573150635,3.6016102104916836,2.6742796897888184
192,100853.25,3.9464194774627686,-2.6831979751586914,-0.9478545188903809,-0.00012773340903121384,0.1329854279756546,-0.043568238615989685,0.03771590068936348,0.13556460601755357,-0.03905359412252588,0.015982738602906468,trajectory,SOFT_LEFT,2.1488161087036133,3.6254145683409558,2.6831979751586914
193,100853.453,3.9724152088165283,-2.6915664672851562,-0.9414842128753662,-0.00012769745220914794,0.13360357284545898,-0.042318519204854965,0.026660099625587463,0.13551516732052807,-0.03920854915405013,0.01579126485623419,trajectory,SOFT_LEFT,2.145599365234375,3.6486936269628014,2.6915664672851562
194,100853.671,3.999722480773926,-2.700101613998413,-0.9370258450508118,-0.00012767240312142373,0.13408315181732178,-0.041417498141527176,0.01670003868639469,0.13547681029070271,-0.03926398560668092,0.0158226799685508,trajectory,SOFT_LEFT,2.1434121131896973,3.673188699995599,2.700101613998413
195,100853.906,4.026710510253906,-2.7083632946014404,-0.9343883395195007,-0.00012765939470766368,0.13442464172840118,-0.04082217067480087,0.009171281941235065,0.13544949722105487,-0.03933895645543023,0.015913447346538306,trajectory,SOFT_LEFT,2.1409716606140137,3.697420030748889,2.7083632946014404
196,100854.125,4.056179523468018,-2.717251777648926,-0.933037519454956,-0.0001276539053925227,0.13468772172927856,-0.04038229584693909,0.0030821303371340036,0.1354284553312146,-0.03931149973406238,0.01610843839123845,trajectory,SOFT_LEFT,2.1378707885742188,3.723889684572212,2.717251777648926
197,100854.359,4.084482192993164,-2.725701093673706,-0.9328299164772034,-0.0001276527852175824,0.13486351072788239,-0.0400969535112381,-0.001123429974541068,0.1354143951290376,-0.03937823027976056,0.016319472296163436,trajectory,SOFT_LEFT,2.1354010105133057,3.7493122233733036,2.725701093673706
198,100854.578,4.1107964515686035,-2.7335000038146973,-0.9333258271217346,-0.00012765108725469097,0.1349790245294571,-0.039906084537506104,-0.003848983673378825,0.13540515597960145,-0.039458516217007564,0.01654463343322277,trajectory,SOFT_LEFT,2.1337735652923584,3.7729444559124996,2.7335000038146973
199,100854.812,4.13834285736084,-2.741626739501953,-0.9343271255493164,-0.00012764978987092143,0.1350649744272232,-0.039768803864717484,-0.005774607416242361,0.13539828139388452,-0.03943673266521818,0.016790978144854307,trajectory,SOFT_LEFT,2.132324695587158,3.7976737655522452,2.741626739501953
200,100855.015,4.1659040451049805,-2.749729871749878,-0.9356555938720703,-0.00012764828211656826,0.13512559235095978,-0.039682138711214066,-0.006999557372182608,0.13539343284983194,-0.039446027029518216,0.01704066437669098,trajectory,SOFT_LEFT,2.1303060054779053,3.822404125776142,2.749729871749878
201,100855.25,4.193870544433594,-2.757938861846924,-0.9372046589851379,-0.0001276468301356191,0.1351688653230667,-0.039621274918317795,-0.0077087548561394215,0.13538997163822508,-0.039440315938412435,0.017287980811670423,trajectory,SOFT_LEFT,2.1294877529144287,3.8474818728618327,2.757938861846924
202,100855.484,4.221452713012695,-2.766014337539673,-0.9388417601585388,-0.00012764573572161258,0.13519884645938873,-0.039579007774591446,-0.008051995187997818,0.13538757358242337,-0.039457044100128465,0.017529207672923805,trajectory,SOFT_LEFT,2.1288914680480957,3.8722007147281623,2.766014337539673
203,100855.703,4.249046325683594,-2.774088144302368,-0.9405221343040466,-0.00012764505031722485,0.135220006108284,-0.0395481176674366,-0.008139385841786861,0.1353858811281328,-0.039459682513903395,0.017759627029299736,trajectory,SOFT_LEFT,2.128511667251587,3.8969116936027035,2.774088144302368
204,100855.859,4.2786688804626465,-2.7827460765838623,-0.9423229098320007,-0.00012764404614004282,0.13523580133914948,-0.03952622413635254,-0.008051838725805283,0.13538461773641633,-0.039403047522534526,0.017985756397247313,trajectory,SOFT_LEFT,2.1282293796539307,3.9234203518638946,2.7827460765838623
205,100855.984,4.293277263641357,-2.7870118618011475,-0.9431836605072021,-0.00012764359609128496,0.13524162769317627,-0.039517901837825775,-0.007694333791732788,0.1353841517145036,-0.039842736361218246,0.018153540827333926,trajectory,SOFT_LEFT,2.128100872039795,3.936485781132678,2.7870118618011475
206,100856.296,4.323305606842041,-2.7957804203033447,-0.9448610544204712,-0.0001276442206370184,0.13525065779685974,-0.039525214582681656,-0.007570484187453985,0.13538342922956684,-0.038965678830845604,0.018227502554655075,trajectory,SOFT_LEFT,2.127798557281494,3.963325169080946,2.7957804203033447
207,100856.531,4.352116584777832,-2.804206609725952,-0.9464769959449768,-0.00012764408713747147,0.1352565884590149,-0.03956054896116257,-0.007330148946493864,0.13538295441620132,-0.03942346558931817,0.018505211686715484,trajectory,SOFT_LEFT,2.1274967193603516,3.98905108838507,2.804206609725952
208,100856.75,4.378898620605469,-2.8120341300964355,-0.9479214549064636,-0.00012764460215345711,0.1352604329586029,-0.03949562460184097,-0.007005551364272833,0.13538264751758738,-0.039488500526290535,0.018689074348658324,trajectory,SOFT_LEFT,2.1272029876708984,4.012947144015206,2.8120341300964355
209,100856.968,4.406086444854736,-2.8199732303619385,-0.9493082761764526,-0.00012764269731098583,0.13526342809200287,-0.03946056589484215,-0.0066220564767718315,0.13538240827093295,-0.039480152658255364,0.018850740529596805,trajectory,SOFT_LEFT,2.1269097328186035,4.037187704158731,2.8199732303619385
210,100857.187,4.433680057525635,-2.828019618988037,-0.9506405591964722,-0.00012763947812040547,0.13526551425457,-0.039457276463508606,-0.006263588089495897,0.13538224142167632,-0.03946969226452332,0.01900677370838821,trajectory,SOFT_LEFT,2.1266891956329346,4.061772899957109,2.828019618988037
211,100857.328,4.460867881774902,-2.8359580039978027,-0.9518794417381287,-0.00012763909299213757,0.13526737689971924,-0.039462994784116745,-0.005901101045310497,0.13538209235288962,-0.0394800297132458,0.019153171097859738,trajectory,SOFT_LEFT,2.1266956329345703,4.0859739964647765,2.8359580039978027
212,100857.531,4.475882053375244,-2.8403422832489014,-0.9525196552276611,-0.00012764051786575187,0.1352679282426834,-0.039466388523578644,-0.005544810090214014,0.13538204820630184,-0.03983501324705784,0.019262177087366578,trajectory,SOFT_LEFT,2.1272661685943604,4.099330165513642,2.8403422832489014
213,100857.765,4.503881454467773,-2.8485183715820312,-0.9536478519439697,-0.00012764362594170278,0.1352689564228058,-0.03948025777935982,-0.005332822445780039,0.13538196580045805,-0.03945488843126814,0.01935614609159529,trajectory,SOFT_LEFT,2.127570390701294,4.124221341204764,2.8485183715820312
214,100857.921,4.533909797668457,-2.8572869300842285,-0.9548145532608032,-0.00012764390522994112,0.13527005910873413,-0.03953470662236214,-0.00504150427877903,0.13538187702869733,-0.03939131170171013,0.019487248705700042,trajectory,SOFT_LEFT,2.129084348678589,4.150892537901079,2.8572869300842285
215,100858.031,4.548112392425537,-2.861441135406494,-0.9553300738334656,-0.0001276439858263262,0.13527058064937592,-0.03954189643263817,-0.00471912045031786,0.13538183523177313,-0.03985196985114309,0.019586585937067864,trajectory,SOFT_LEFT,2.1306610107421875,4.163496877093374,2.861441135406494
216,100858.234,4.562720775604248,-2.865715503692627,-0.9558281302452087,-0.00012764407177756688,0.13527072966098785,-0.039545219391584396,-0.004514372441917658,0.13538182327664,-0.039424453650684935,0.01959510891698301,trajectory,SOFT_LEFT,2.1313416957855225,4.176455157569334,2.865715503692627
217,100858.421,4.59193754196167,-2.8742642402648926,-0.956794798374176,-0.00012764549196801295,0.13527072966098785,-0.03958430141210556,-0.00439453637227416,0.13538182287305794,-0.03940931586741734,0.019720167852938175,trajectory,SOFT_LEFT,2.1328933238983154,4.202354004076055,2.8742642402648926
218,100858.64,4.620748519897461,-2.8826942443847656,-0.9577010869979858,-0.00012764696832815687,0.13527072966098785,-0.03957532346248627,-0.004110551904886961,0.13538182296006473,-0.03942190218346836,0.019825081359595056,trajectory,SOFT_LEFT,2.1356070041656494,4.227869876676211,2.8826942443847656
219,100858.75,4.634951114654541,-2.886849880218506,-0.9581267833709717,-0.00012764687775970054,0.13527072966098785,-0.03956206887960434,-0.003915004897862673,0.13538182309570423,-0.03985021305818089,0.019907898558303713,trajectory,SOFT_LEFT,2.1372029781341553,4.240439570943488,2.886849880218506
220,100858.89,4.649965286254883,-2.8912429809570312,-0.9585523009300232,-0.00012764685174170793,0.13527072966098785,-0.03955189138650894,-0.003746140981093049,0.13538182319971653,-0.039411908840787435,0.01991566532291472,trajectory,SOFT_LEFT,2.1388564109802246,4.253721362692001,2.8912429809570312
221,100859.109,4.678370475769043,-2.8995542526245117,-0.9593242406845093,-0.00012764693383048777,0.13527072966098785,-0.03956955298781395,-0.003607887076213956,0.13538182301910107,-0.03943423202484308,0.02001568818464875,trajectory,SOFT_LEFT,2.1416590213775635,4.2788316448537635,2.8995542526245117
222,100859.328,4.696225166320801,-2.904778480529785,-0.9597921967506409,-0.000127647110492971,0.13527072966098785,-0.03956221044063568,-0.0034207450225949287,0.13538182309352217,-0.03974338912126717,0.020089850118383767,trajectory,SOFT_LEFT,2.1430013179779053,4.294603517659436,2.904778480529785
223,100859.531,4.7230072021484375,-2.9126148223876953,-0.9604594707489014,-0.00012764706713779553,0.13527072966098785,-0.03954806178808212,-0.0032800615299493074,0.13538182323814268,-0.039483423596579165,0.02015180852264166,trajectory,SOFT_LEFT,2.1467602252960205,4.3182442421348455,2.9126148223876953
224,100859.781,4.752223968505859,-2.921163558959961,-0.9611538052558899,-0.00012764683208930138,0.13527072966098785,-0.03956801816821098,-0.003092471743002534,0.1353818230350955,-0.039410618709759204,0.020228340616449715,trajectory,SOFT_LEFT,2.1510438919067383,4.3440105982662764,2.921163558959961
225,100860.015,4.7806291580200195,-2.9294748306274414,-0.9617921113967896,-0.00012764713736810964,0.13527072966098785,-0.03956373408436775,-0.0029100733809173107,0.13538182307787797,-0.039434697517725326,0.020304790977388618,trajectory,SOFT_LEFT,2.1555614471435547,4.369037522914951,2.9294748306274414
226,100860.234,4.810251712799072,-2.9381422996520996,-0.9624157547950745,-0.0001276475782737731,0.13527072966098785,-0.039539922028779984,-0.0027273797895759344,0.13538182331964763,-0.03940099827865366,0.02037571341730654,trajectory,SOFT_LEFT,2.159980535507202,4.395111960538236,2.9381422996520996
227,100860.484,4.839062690734863,-2.9465575218200684,-0.962983250617981,-0.00012764855075056734,0.13527072966098785,-0.039517275989055634,-0.002549552358686924,0.13538182354783157,-0.039428024248221054,0.020442969147115946,trajectory,SOFT_LEFT,2.1678874492645264,4.420451416425621,2.9465575218200684
228,100860.718,4.869091033935547,-2.9553260803222656,-0.9635360836982727,-0.0001276486223810178,0.13527072966098785,-0.03949461877346039,-0.0023878812789916992,0.13538182377897823,-0.039394518822285736,0.020506002930924295,trajectory,SOFT_LEFT,2.173200845718384,4.446836080126582,2.9553260803222656
229,100860.953,4.895467281341553,-2.9630281925201416,-0.9639953374862671,-0.00012764964758555297,0.13527072966098785,-0.03948059678077698,-0.0022551787551492453,0.1353818239189323,-0.0395022385118309,0.02056542661041021,trajectory,SOFT_LEFT,2.1785149574279785,4.4699896708451305,2.9630281925201416
230,100861.187,4.926307201385498,-2.972033739089966,-0.9644967913627625,-0.0001276499306236676,0.13527072966098785,-0.03946724534034729,-0.0021135490387678146,0.135381824054384,-0.03937302024720639,0.020618277257308363,trajectory,SOFT_LEFT,2.183828830718994,4.497035125872944,2.972033739089966
231,100861.421,4.9567413330078125,-2.9809207916259766,-0.9649623036384583,-0.00012764940531039687,0.13527072966098785,-0.03946833685040474,-0.0019790183287113905,0.13538182404489466,-0.039384777222814395,0.020673492345958947,trajectory,SOFT_LEFT,2.189143419265747,4.523696576651584,2.9809207916259766
232,100861.656,4.983523368835449,-2.988741397857666,-0.965350329875946,-0.00012764940964855273,0.13527072966098785,-0.039457958191633224,-0.0019340814324095845,0.13538182415086736,-0.03949220547373284,0.020728939985856412,trajectory,SOFT_LEFT,2.194458484649658,4.547135356949573,2.988741397857666
233,100861.796,5.0115227699279785,-2.996901750564575,-0.9657492637634277,-0.0001276500440347725,0.13527072966098785,-0.03944765031337738,-0.0019354226533323526,0.1353818242541301,-0.039459070942393065,0.02078203683719039,trajectory,SOFT_LEFT,2.199773073196411,4.571620572773339,2.996901750564575
234,100862.0,5.0261311531066895,-3.0011589527130127,-0.965958833694458,-0.0001276498385103916,0.13527072966098785,-0.03944908082485199,-0.0019404484191909432,0.13538182424016992,-0.03984910069864921,0.020826889108866452,trajectory,SOFT_LEFT,2.2025094032287598,4.584386007801635,3.0011589527130127
235,100862.234,5.053318977355957,-3.0090839862823486,-0.9663501977920532,-0.0001276510948106241,0.13527072966098785,-0.039461590349674225,-0.001948551507666707,0.13538182410845873,-0.0394814772457332,0.020864951750263573,trajectory,SOFT_LEFT,2.2083582878112793,4.608125780075664,3.0090839862823486
236,100862.468,5.081724166870117,-3.017378568649292,-0.9667590856552124,-0.0001276509155909193,0.13527072966098785,-0.0395192950963974,-0.0019553666934370995,0.13538182351973865,-0.0394399216665225,0.020919268457219004,trajectory,SOFT_LEFT,2.2143402099609375,4.632899685611587,3.017378568649292
237,100862.687,5.1097235679626465,-3.025554656982422,-0.9671651124954224,-0.00012764993945871413,0.13527072966098785,-0.03953685238957405,-0.0019607904832810163,0.135381823343529,-0.0394503613723022,0.020974823059514165,trajectory,SOFT_LEFT,2.220585584640503,4.6572948952171345,3.025554656982422
238,100862.921,5.137722969055176,-3.0337307453155518,-0.9675722718238831,-0.00012764916097015067,0.13527019321918488,-0.03952888399362564,-0.0019651337061077356,0.1353818663427075,-0.03945099880825755,0.021030104206874966,trajectory,SOFT_LEFT,2.227085828781128,4.68166532476414,3.0337307453155518
239,100863.156,5.166533946990967,-3.0421438217163086,-0.9679912328720093,-0.00012764853559621008,0.13527019321918488,-0.039515845477581024,-0.0019686431623995304,0.13538186647783074,-0.03942835341889374,0.021086005177348852,trajectory,SOFT_LEFT,2.2342066764831543,4.706716090202905,3.0421438217163086
240,100863.39,5.195344924926758,-3.0505568981170654,-0.9684101939201355,-0.00012764408325197825,0.13527019321918488,-0.03950364887714386,-0.0019714415539056063,0.13538186661644583,-0.03942932946605975,0.021142854252830145,trajectory,SOFT_LEFT,2.242063045501709,4.731740238491767,3.0505568981170654
241,100863.64,5.226590633392334,-3.059680938720703,-0.9688645601272583,-0.00012763946767981556,0.13527019321918488,-0.03948977589607239,-0.001976083731278777,0.13538186677268577,-0.03935937391456445,0.02120162108913064,trajectory,SOFT_LEFT,2.253068685531616,4.758848790586809,3.059680938720703
242,100863.859,5.254184246063232,-3.0677385330200195,-0.9692665934562683,-0.00012763916149307963,0.13527019321918488,-0.03947793319821358,-0.0019769584760069847,0.13538186689457943,-0.039466918912563334,0.0212604848574847,trajectory,SOFT_LEFT,2.2616193294525146,4.782762388166853,3.0677385330200195
243,100864.093,5.283806800842285,-3.0763885974884033,-0.9697017073631287,-0.0001276409245350304,0.13527019321918488,-0.03946100175380707,-0.0019775049295276403,0.13538186706190544,-0.03940905212768354,0.021316519919782877,trajectory,SOFT_LEFT,2.2704033851623535,4.808406548232249,3.0763885974884033
244,100864.328,5.311400413513184,-3.0844461917877197,-0.9701070189476013,-0.0001276443176177813,0.13527019321918488,-0.039458200335502625,-0.0019780166912823915,0.13538186707980496,-0.0394684972441288,0.021373879108577968,trajectory,SOFT_LEFT,2.279423952102661,4.832268185219169,3.0844461917877197
245,100864.578,5.34264612197876,-3.093555212020874,-0.9705659747123718,-0.00012764827664024802,0.13527019321918488,-0.039454385638237,-0.001978579442948103,0.13538186710626904,-0.03936370644330596,0.021431386731565,trajectory,SOFT_LEFT,2.2886838912963867,4.859261970884299,3.093555212020874
246,100864.828,5.373486042022705,-3.1025426387786865,-0.9710189700126648,-0.0001276511373019247,0.13527019321918488,-0.03945572301745415,-0.001978914951905608,0.1353818670835862,-0.03937575376947121,0.021493146289139987,trajectory,SOFT_LEFT,2.298172950744629,4.8858741451091525,3.1025426387786865
247,100865.031,5.401485443115234,-3.1107022762298584,-0.971430242061615,-0.00012764961303726746,0.13527019321918488,-0.03944499045610428,-0.0019789107609540224,0.13538186719799583,-0.0394593554596262,0.021552284937351944,trajectory,SOFT_LEFT,2.3076560497283936,4.9100074157574145,3.1107022762298584
248,100865.203,5.430296421051025,-3.119098424911499,-0.9718534350395203,-0.0001276456801360509,0.13527019321918488,-0.039434969425201416,-0.0019787258934229612,0.13538186731273263,-0.03943651656435223,0.02160845218226314,trajectory,SOFT_LEFT,2.3174076080322266,4.934812392546565,3.119098424911499
249,100865.406,5.446122169494629,-3.1237103939056396,-0.9720858931541443,-0.00012764332543986596,0.13527019321918488,-0.039435531944036484,-0.0019788770005106926,0.13538186731441398,-0.03981472359168872,0.0216561247035861,trajectory,SOFT_LEFT,2.3278794288635254,4.948425584754588,3.1237103939056396
250,100865.625,5.474527359008789,-3.131988286972046,-0.972503125667572,-0.0001276409611811168,0.13527019321918488,-0.0394473671913147,-0.0019788770005106926,0.13538186720101592,-0.03944734490449062,0.02169678159058094,trajectory,SOFT_LEFT,2.3385884761810303,4.972837905768046,3.131988286972046
251,100865.859,5.502526760101318,-3.1401610374450684,-0.9729143977165222,-0.00012763935075443274,0.13527019321918488,-0.03950025141239166,-0.001978890970349312,0.13538186666608776,-0.03945362314975036,0.021752876266837123,trajectory,SOFT_LEFT,2.3492963314056396,4.9968700256529885,3.1401610374450684
252,100866.093,5.530120372772217,-3.1482186317443848,-0.9733197093009949,-0.00012763768300660274,0.13527019321918488,-0.03951394930481911,-0.001978888176381588,0.1353818665314857,-0.039464037739228144,0.02180816400796175,trajectory,SOFT_LEFT,2.3600199222564697,5.020526030524138,3.1482186317443848
253,100866.328,5.557713985443115,-3.156276226043701,-0.9737250208854675,-0.00012763834438737467,0.13527019321918488,-0.03951047733426094,-0.001978888176381588,0.13538186656484946,-0.03946431527449001,0.021862944401800633,trajectory,SOFT_LEFT,2.3707478046417236,5.044155244491545,3.156276226043701
254,100866.484,5.588959693908691,-3.165400266647339,-0.974183976650238,-0.00012764058533042933,0.13527019321918488,-0.03950371965765953,-0.001978888176381588,0.13538186662677296,-0.039358257748144734,0.021920407004654408,trajectory,SOFT_LEFT,2.3814752101898193,5.070879268990318,3.165400266647339
255,100866.625,5.604785442352295,-3.1700215339660645,-0.9744164347648621,-0.00012764152556108847,0.13527019321918488,-0.03949931636452675,-0.001978888176381588,0.13538186666876598,-0.039808690656013127,0.021971112862229348,trajectory,SOFT_LEFT,2.386843204498291,5.08440152537206,3.1700215339660645
256,100866.812,5.620205402374268,-3.1745243072509766,-0.9746429324150085,-0.00012764116963981904,0.13527019321918488,-0.039493825286626816,-0.001978888176381588,0.13538186672596184,-0.03982097429033314,0.022002233006060124,trajectory,SOFT_LEFT,2.392202377319336,5.097568416243606,3.1745243072509766
257,100867.046,5.648610591888428,-3.18281888961792,-0.9750601649284363,-0.00012763807538500828,0.13527019321918488,-0.03953515738248825,-0.001978890970349312,0.13538186631369017,-0.039438652792299835,0.022042382545769217,trajectory,SOFT_LEFT,2.4029300212860107,5.121800774116268,3.18281888961792
258,100867.187,5.674581050872803,-3.1904172897338867,-0.9754416346549988,-0.0001276349028945614,0.13527019321918488,-0.039587292820215225,-0.001978890970349312,0.13538186579137473,-0.039504069070614156,0.022096985988318923,trajectory,SOFT_LEFT,2.413755416870117,5.143925677057142,3.1904172897338867
259,100867.312,5.69202995300293,-3.1955227851867676,-0.975697934627533,-0.00012763303196251078,0.13527019321918488,-0.039594314992427826,-0.001978888176381588,0.13538186572559693,-0.03975268884350997,0.0221422852948308,trajectory,SOFT_LEFT,2.419271469116211,5.158776891745497,3.1955227851867676
260,100867.515,5.708261489868164,-3.2002720832824707,-0.9759363532066345,-0.00012763107542902044,0.13527019321918488,-0.039594631642103195,-0.001978888176381588,0.13538186572855868,-0.039788267693515365,0.02217603176832199,trajectory,SOFT_LEFT,2.43052077293396,5.172581928720845,3.2002720832824707
261,100867.75,5.736666679382324,-3.208585023880005,-0.9763535857200623,-0.00012762897922107054,0.13527019321918488,-0.039620041847229004,-0.0019788825884461403,0.13538186547574896,-0.039430025988713494,0.02221719577908516,trajectory,SOFT_LEFT,2.442042112350464,5.196716771186669,3.208585023880005
262,100867.968,5.7646660804748535,-3.216794013977051,-0.9767648577690125,-0.00012762731538466085,0.13527019321918488,-0.03964865207672119,-0.0019788637291640043,0.13538186518890455,-0.039438126975686445,0.02227328782901168,trajectory,SOFT_LEFT,2.4538424015045166,5.220472591505748,3.216794013977051
263,100868.109,5.792259693145752,-3.224884033203125,-0.9771701693534851,-0.00012762589636088078,0.13527019321918488,-0.0396282896399498,-0.0019788832869380713,0.1353818654013058,-0.03945164783505578,0.022328577358275654,trajectory,SOFT_LEFT,2.4659430980682373,5.243855342089438,3.224884033203125
264,100868.312,5.806462287902832,-3.2290453910827637,-0.977378785610199,-0.00012762437402143043,0.13527019321918488,-0.03961103409528732,-0.0019788832869380713,0.13538186558230794,-0.039845723497621666,0.022373522985726597,trajectory,SOFT_LEFT,2.4720990657806396,5.25588024491562,3.2290453910827637
265,100868.546,5.8336501121521,-3.2370004653930664,-0.9777781367301941,-0.00012762040578850846,0.13527019321918488,-0.03958677873015404,-0.0019788832869380713,0.13538186584251538,-0.039468458199246124,0.022411255519837144,trajectory,SOFT_LEFT,2.4846267700195312,5.278881634328068,3.2370004653930664
266,100868.781,5.8628668785095215,-3.245549201965332,-0.9782072901725769,-0.00012761697595584602,0.13527019321918488,-0.03961127623915672,-0.001978891668841243,0.13538186560326917,-0.03940715796564974,0.02246672110632062,trajectory,SOFT_LEFT,2.497436285018921,5.3035681149086535,3.245549201965332
267,100869.015,5.891272068023682,-3.2538604736328125,-0.9786245226860046,-0.00012761282581277963,0.13527019321918488,-0.03959991782903671,-0.001978891668841243,0.13538186573237357,-0.039431802786488515,0.02252412782981992,trajectory,SOFT_LEFT,2.510542869567871,5.327537411773797,3.2538604736328125
268,100869.25,5.91886568069458,-3.261934280395508,-0.9790298342704773,-0.0001276069480567852,0.13527019321918488,-0.03956891968846321,-0.0019788944628089666,0.1353818660674322,-0.03945801886302138,0.02257992358878255,trajectory,SOFT_LEFT,2.5239524841308594,5.350791961259926,3.261934280395508
269,100869.453,5.9464592933654785,-3.270008087158203,-0.97943514585495,-0.0001275994288329427,0.13527019321918488,-0.03954072296619415,-0.0019788944628089666,0.135381866379055,-0.039460274661716734,0.02263470398262143,trajectory,SOFT_LEFT,2.5363070964813232,5.3740168181754875,3.270008087158203
270,100869.687,5.974052906036377,-3.2780685424804688,-0.9798404574394226,-0.0001275918505137882,0.13527019321918488,-0.039521872997283936,-0.0019788944628089666,0.1353818665954245,-0.03946311770619506,0.022689484376460314,trajectory,SOFT_LEFT,2.550201654434204,5.397216324823807,3.2780685424804688
271,100869.921,6.001646518707275,-3.286126136779785,-0.9802457690238953,-0.00012758199766229814,0.13527019321918488,-0.039509568363428116,-0.0019788944628089666,0.13538186675215144,-0.0394643882713117,0.022744264770299196,trajectory,SOFT_LEFT,2.5644023418426514,5.4203867321733625,3.286126136779785
272,100870.156,6.03208065032959,-3.295013189315796,-0.9806928038597107,-0.0001275692828551201,0.13527019321918488,-0.039500780403614044,-0.0019788944628089666,0.13538186688200818,-0.039382181832998665,0.022801131326705217,trajectory,SOFT_LEFT,2.57892107963562,5.445907192205112,3.295013189315796
273,100870.296,6.059674263000488,-3.3030707836151123,-0.9810981154441833,-0.00012755668327699382,0.13527044653892517,-0.03949395567178726,-0.0019788574427366257,0.13538184672587078,-0.03946563721825617,0.02285946175456047,trajectory,SOFT_LEFT,2.5933899879455566,5.469013645732797,3.3030707836151123
274,100870.5,6.07468843460083,-3.307455062866211,-0.9813186526298523,-0.00012755117798938327,0.13527044653892517,-0.03948674723505974,-0.001978699816390872,0.13538184681681298,-0.03983338416329184,0.022904990818351508,trajectory,SOFT_LEFT,2.6005513668060303,5.481573368863554,3.307455062866211
275,100870.734,6.10309362411499,-3.3157496452331543,-0.98173588514328,-0.00012754246712960813,0.13527044653892517,-0.03948915749788284,-0.001978899585083127,0.13538184681972495,-0.03944233203728521,0.022944648545235397,trajectory,SOFT_LEFT,2.615077257156372,5.505309969718489,3.3157496452331543
276,100870.968,6.13149881362915,-3.324044942855835,-0.9821531176567078,-0.00012753740825250995,0.13527044653892517,-0.03953847289085388,-0.001978902379050851,0.1353818463325351,-0.03943831484842011,0.023001040350645784,trajectory,SOFT_LEFT,2.6298792362213135,5.529013352623359,3.324044942855835
277,100871.203,6.161121368408203,-3.332712411880493,-0.9825882315635681,-0.0001275325468665935,0.13527044653892517,-0.03954506665468216,-0.001978902379050851,0.13538184628063146,-0.03940058564675523,0.02305832600221038,trajectory,SOFT_LEFT,2.6449620723724365,5.553691330243735,3.332712411880493
278,100871.359,6.189120769500732,-3.3408989906311035,-0.9829995036125183,-0.00012752795309693327,0.13527044653892517,-0.03953033685684204,-0.0019789051730185747,0.135381846445435,-0.03944983226793394,0.023115942496806385,trajectory,SOFT_LEFT,2.6603472232818604,5.576985679728418,3.3408989906311035
279,100871.562,6.204540729522705,-3.3454017639160156,-0.9832260012626648,-0.00012752496473550934,0.13527044653892517,-0.03951900452375412,-0.0019789051730185747,0.13538184657049315,-0.039818958778690454,0.023162289764732124,trajectory,SOFT_LEFT,2.668149471282959,5.589802513196794,3.3454017639160156
280,100871.796,6.233757495880127,-3.353933334350586,-0.9836551547050476,-0.00012751845134879115,0.13527044653892517,-0.03951256349682808,-0.0019789051730185747,0.13538184665678452,-0.03941677055351237,0.02320303512737155,trajectory,SOFT_LEFT,2.691758394241333,5.614059639423129,3.353933334350586
281,100872.031,6.262974262237549,-3.3624725341796875,-0.9840843081474304,-0.0001275132796123674,0.13527044653892517,-0.03955277055501938,-0.0019789079669862986,0.13538184626297026,-0.0394127908450843,0.02326103812083602,trajectory,SOFT_LEFT,2.7074923515319824,5.638277920946582,3.3624725341796875
282,100872.171,6.290973663330078,-3.3706650733947754,-0.9844955801963806,-0.00012750839980281778,0.13527044653892517,-0.039549048990011215,-0.0019789107609540224,0.1353818463163672,-0.039447739012906775,0.02331814704462886,trajectory,SOFT_LEFT,2.7232346534729004,5.661449643022012,3.3706650733947754
283,100872.375,6.305582046508789,-3.374939441680908,-0.984710156917572,-0.00012750612200025245,0.13527044653892517,-0.03953902795910835,-0.0019789135549217463,0.1353818464257907,-0.03984018675190931,0.023363898489624262,trajectory,SOFT_LEFT,2.7310850620269775,5.67352586531203,3.374939441680908
284,100872.531,6.333581447601318,-3.383117437362671,-0.9851214289665222,-0.00012750236690020964,0.13527044653892517,-0.03952817618846893,-0.001978921936824918,0.13538184654835284,-0.039450862996434105,0.023402735311537984,trajectory,SOFT_LEFT,2.7468299865722656,5.696651456580408,3.383117437362671
285,100872.734,6.349407196044922,-3.3877432346343994,-0.9853538870811462,-0.00012749986613729762,0.13527044653892517,-0.03954446688294411,-0.001978921936824918,0.13538184639009315,-0.03980462420642993,0.0234493806026876,trajectory,SOFT_LEFT,2.7547316551208496,5.709706135775331,3.3877432346343994
286,100872.968,6.378623962402344,-3.396291971206665,-0.985783040523529,-0.00012749652392078244,0.13527044653892517,-0.03955443203449249,-0.0019788776990026236,0.13538184629901945,-0.03941170384039714,0.02349062999710441,trajectory,SOFT_LEFT,2.770456314086914,5.733775097951382,3.396291971206665
287,100873.203,6.407434940338135,-3.404721975326538,-0.9862062335014343,-0.00012749286308617807,0.13527044653892517,-0.039587266743183136,-0.001978878630325198,0.13538184597570307,-0.03942094511668901,0.023548334818333388,trajectory,SOFT_LEFT,2.7861969470977783,5.7574729627772605,3.404721975326538
288,100873.437,6.435840129852295,-3.4130332469940186,-0.9866234660148621,-0.0001274904056794423,0.13527044653892517,-0.03957442566752434,-0.0019788939971476793,0.12029414663578611,-0.09082433114949641,0.02360523520037532,trajectory,LEFT,2.801980495452881,5.7808009986477185,3.4130332469940186
289,100873.671,6.465858459472656,-3.421855926513672,-0.9870662093162537,-0.0001284955138618891,0.13489294052124023,-0.04080883413553238,-0.0020512889605015516,0.12032433124694224,-0.0906743708777326,0.023668693918734787,trajectory,LEFT,2.8180768489837646,5.805399964350208,3.421855926513672
290,100873.906,6.493945598602295,-3.431206226348877,-0.9875165224075317,-0.00013022413118271749,0.1324019879102707,-0.04887000843882561,-0.0021901174914091825,0.12052351783236091,-0.08997661771901053,0.02374001821503043,trajectory,LEFT,2.841825008392334,5.827969818667594,3.431206226348877
291,100874.125,6.521835803985596,-3.442625045776367,-0.9879795908927917,-0.0001294699679470521,0.12952657043933868,-0.058213163167238235,-0.0021457874681800604,0.12075345740291273,-0.0890225109336014,0.023797972211614248,trajectory,LEFT,2.8592753410339355,5.849539064047795,3.442625045776367
292,100874.359,6.548397541046143,-3.4555022716522217,-0.9884169101715088,-0.00012827344205270418,0.12720724940299988,-0.0659070685505867,-0.0020792956929653883,0.1209389297010821,-0.0882611440448019,0.023853952009230853,trajectory,LEFT,2.8787682056427,5.869278228223765,3.4555022716522217
293,100874.593,6.574166297912598,-3.469572067260742,-0.9888361096382141,-0.0001274379389473895,0.125509113073349,-0.07174192368984222,-0.0020331379491835833,0.12107472552395501,-0.0876750256284156,0.023908459832891818,trajectory,LEFT,2.899308443069458,5.88777722478495,3.469572067260742
294,100874.75,6.601502895355225,-3.4858107566833496,-0.9892778992652893,-0.00012694217817981599,0.12421020120382309,-0.07629269361495972,-0.0020050478633493185,0.12117859510262277,-0.0870940422743361,0.023963999561965467,trajectory,LEFT,2.9212419986724854,5.906836070534304,3.4858107566833496
295,100874.875,6.615262031555176,-3.494379758834839,-0.9895005226135254,-0.00012679170785701488,0.12371213734149933,-0.07804329693317413,-0.0019963213708251715,0.12121842337252216,-0.08772075024586522,0.02401205375790596,trajectory,LEFT,2.9330036640167236,5.916249634735944,3.494379758834839
296,100875.031,6.629340648651123,-3.503363847732544,-0.9897270202636719,-0.00012668519832290543,0.12329123169183731,-0.07952136546373367,-0.001991080353036523,0.12125208150912738,-0.08670427906558618,0.02402295935899019,trajectory,LEFT,2.9441564083099365,5.925778478242677,3.503363847732544
297,100875.296,6.655166149139404,-3.5202994346618652,-0.9901442527770996,-0.00012656876842104603,0.12270151823759079,-0.08163031190633774,-0.0019844418857246637,0.12129923797149664,-0.08659726726500559,0.024081535367295147,trajectory,LEFT,2.967621326446533,5.943026989763659,3.5202994346618652
298,100875.453,6.681255340576172,-3.5378501415252686,-0.9905674457550049,-0.0001265106294670546,0.12228019535541534,-0.0830669179558754,-0.001981249777600169,0.12133292964172629,-0.08642081950562004,0.02413796960376203,trajectory,LEFT,2.9483602046966553,5.960204851182587,3.5378501415252686
299,100875.656,6.69445276260376,-3.546851873397827,-0.9907820224761963,-0.00012649241108555613,0.1221177875995636,-0.0836087241768837,-0.0019802942406386137,0.12134591690038557,-0.08723220370151175,0.024184659523889422,trajectory,LEFT,2.938772439956665,5.968816626574013,3.546851873397827
300,100875.89,6.720070838928223,-3.5644986629486084,-0.991199254989624,-0.00012647367967392995,0.1218767985701561,-0.08441801369190216,-0.0019798479042947292,0.12136518795954379,-0.08540310476562493,0.024205485442653298,trajectory,LEFT,2.9199471473693848,5.985407517223576,3.5644986629486084
301,100876.125,6.745646953582764,-3.5822997093200684,-0.9916164875030518,-0.0001264634257229047,0.12170719355344772,-0.08506499230861664,-0.0019791782833635807,0.12137874988447771,-0.08623592210894253,0.02428009600378573,trajectory,LEFT,2.9015591144561768,6.0018215497639655,3.5822997093200684
302,100876.343,6.771190643310547,-3.6001973152160645,-0.9920337200164795,-0.00012645921755181157,0.12158811837434769,-0.08534225821495056,-0.0019789747893810272,0.12138827312233577,-0.08620408263342197,0.024336471306160092,trajectory,LEFT,2.8827991485595703,6.018089059825362,3.6001973152160645
303,100876.578,6.796721935272217,-3.6181411743164062,-0.9924509525299072,-0.00012645766564996404,0.12150484323501587,-0.0855495035648346,-0.0019789747893810272,0.12139493304740161,-0.08618287641011081,0.02439286288805306,trajectory,LEFT,2.8560519218444824,6.034247573988688,3.6181411743164062
304,100876.734,6.822951793670654,-3.6366403102874756,-0.99288010597229,-0.0001264554853658306,0.12144546210765839,-0.0857224240899086,-0.0019789496436715126,0.12139968180313152,-0.08611352334859382,0.02444984850473702,trajectory,LEFT,2.8386306762695312,6.050739130238645,3.6366403102874756
305,100876.906,6.83643102645874,-3.6461591720581055,-0.993100643157959,-0.00012645404470217948,0.12142258882522583,-0.08579232543706894,-0.0019789342768490314,0.12140151096844566,-0.08700579709624981,0.02449741923250258,trajectory,LEFT,2.830048084259033,6.059175927592079,3.6461591720581055
306,100877.171,6.861203670501709,-3.6636734008789062,-0.9935059547424316,-0.00012645302918461293,0.12139061838388443,-0.0859174132347107,-0.001978960819542408,0.12140406734528122,-0.08619639580675058,0.024536467054858804,trajectory,LEFT,2.8125126361846924,6.074614379122744,3.6636734008789062
307,100877.406,6.887069225311279,-3.6819958686828613,-0.9939240217208862,-0.00012645375480214313,0.12136711925268173,-0.086117684841156,-0.00189223513007164,0.1214059452447692,-0.08609956360378505,0.024584947163239123,trajectory,LEFT,2.7947027683258057,6.090637546272518,3.6819958686828613
308,100877.625,6.912566661834717,-3.700091600418091,-0.9943040013313293,-0.00012645409582710606,0.12135091423988342,-0.08619827032089233,-0.001598175847902894,0.1214072408282046,-0.08611578559457497,0.0246160224173218,trajectory,LEFT,2.7778844833374023,6.106336196440088,3.700091600418091
309,100877.859,6.937670707702637,-3.7179408073425293,-0.9946141839027405,-0.00012645411477658504,0.12133978307247162,-0.08620642125606537,-0.001318164519034326,0.12140813123900153,-0.086139780944819,0.024641488278284666,trajectory,LEFT,2.7615416049957275,6.12169850341075,3.7179408073425293
310,100878.015,6.963138580322266,-3.736048698425293,-0.9948732852935791,-0.00012645396475486278,0.12133185565471649,-0.08619561791419983,-0.0010916083119809628,0.12140876554274063,-0.08611478133157265,0.024662732835859062,trajectory,LEFT,2.74550724029541,6.137201268441794,3.736048698425293
311,100878.14,6.977691650390625,-3.746396064758301,-0.9949972033500671,-0.0001264542581080077,0.1213284358382225,-0.08618917316198349,-0.0009316297946497798,0.1214090391912333,-0.08689121128433386,0.02467819456011057,trajectory,LEFT,2.737591028213501,6.146022660394438,3.746396064758301
312,100878.375,7.003887176513672,-3.765017509460449,-0.9951803088188171,-0.0001264536967745638,0.12132386118173599,-0.0862274020910263,-0.0008028008742257953,0.12140940478088451,-0.08606089239296474,0.02468759591691196,trajectory,LEFT,2.721579074859619,6.1618340628574835,3.765017509460449
313,100878.578,7.01880407333374,-3.775627613067627,-0.9952747821807861,-0.00012645306432478763,0.12132193148136139,-0.08628617972135544,-0.0007055710884742439,0.12140955856666677,-0.08685718164350134,0.024700133777223528,trajectory,LEFT,2.713458776473999,6.170795489264458,3.775627613067627
314,100878.828,7.044271945953369,-3.7937521934509277,-0.9954149723052979,-0.00012645330792202387,0.12131933122873306,-0.0863136500120163,-0.0006253906758502126,0.12140976630729601,-0.08610366966098612,0.02470877384766936,trajectory,LEFT,2.6974620819091797,6.186024473867748,3.7937521934509277
315,100879.046,7.070467472076416,-3.8124048709869385,-0.9955438375473022,-0.00012645275199998674,0.12131718546152115,-0.08638984709978104,-0.0005358317866921425,0.12140993720168258,-0.086044773429305,0.02471999046392739,trajectory,LEFT,2.6740903854370117,6.201595769020207,3.8124048709869385
316,100879.281,7.095935344696045,-3.8305461406707764,-0.9956493377685547,-0.00012645322372817295,0.12131590396165848,-0.08637452125549316,-0.00044552181498147547,0.12141003987345257,-0.08609713097375299,0.024729014358017592,trajectory,LEFT,2.6589112281799316,6.216645184723948,3.8305461406707764
317,100879.515,7.121039390563965,-3.8484208583831787,-0.9957364201545715,-0.0001264546126771579,0.1213148757815361,-0.08631911128759384,-0.0003749832685571164,0.12141012267881442,-0.0861282142852825,0.024736709396820513,trajectory,LEFT,2.6446115970611572,6.231399006210662,3.8484208583831787
318,100879.75,7.146871089935303,-3.866804361343384,-0.9958115220069885,-0.00012645501616329304,0.12131381779909134,-0.08626814931631088,-0.0003161464410368353,0.1214102078301739,-0.0860814220096026,0.024743173152673992,trajectory,LEFT,2.6299099922180176,6.2464972926834506,3.866804361343384
319,100879.906,7.173794269561768,-3.8859479427337646,-0.9958786368370056,-0.00012645431707118468,0.12131324410438538,-0.08623043447732925,-0.0002657012373674661,0.12141025411211148,-0.08600844524870531,0.02474888867000118,trajectory,LEFT,2.615507125854492,6.262146284768724,3.8859479427337646
320,100880.125,7.187619686126709,-3.895777940750122,-0.9959069490432739,-0.00012645307455187878,0.12131324410438538,-0.08621184527873993,-0.00022614387853536755,0.12141025430873284,-0.086941125126418,0.024752854938851668,trajectory,LEFT,2.608415126800537,6.270144793169235,3.895777940750122
321,100880.359,7.213815212249756,-3.9143989086151123,-0.9959530830383301,-0.00012645281827462253,0.12131324410438538,-0.08619194477796555,-0.00020273728296160698,0.12141025451181822,-0.08606377651398284,0.024755700072273613,trajectory,LEFT,2.5944461822509766,6.285231364817509,3.9143989086151123
322,100880.593,7.239646911621094,-3.932770252227783,-0.9959944486618042,-0.00012645283195753876,0.12131324410438538,-0.08628866821527481,-0.00017654546536505222,0.12141025353324758,-0.08608099643747458,0.024759601606056093,trajectory,LEFT,2.580768585205078,6.300013683164794,3.932770252227783
323,100880.812,7.265842437744141,-3.9514126777648926,-0.9960315227508545,-0.00012645381567728267,0.12131324410438538,-0.08629588037729263,-0.00014837949129287153,0.12141025345349711,-0.086053315791345,0.024762724573956802,trajectory,LEFT,2.5672314167022705,6.314906140530166,3.9514126777648926
324,100881.046,7.2913103103637695,-3.9695355892181396,-0.9960599541664124,-0.00012645432052821613,0.12131324410438538,-0.08626164495944977,-0.00012347090523689985,0.1214102537963504,-0.08610799688373823,0.024765310548245906,trajectory,LEFT,2.546959400177002,6.329295903724235,3.9695355892181396
325,100881.281,7.317142009735107,-3.9879021644592285,-0.9960845112800598,-0.0001264538529762519,0.12131324410438538,-0.08622069656848907,-0.00010511416621739045,0.12141025421382358,-0.08608691106539128,0.024767490977537818,trajectory,LEFT,2.5334253311157227,6.3438073859302495,3.9879021644592285
326,100881.515,7.342973709106445,-4.00626277923584,-0.9961056709289551,-0.00012645365630787434,0.12131324410438538,-0.086191825568676,-8.938395330915228e-05,0.12141025450724739,-0.08608981676320064,0.024769381734658966,trajectory,LEFT,2.5198869705200195,6.358229748730555,4.00626277923584
327,100881.75,7.367713928222656,-4.023837089538574,-0.996121883392334,-0.00012645262491702596,0.12131324410438538,-0.08617010712623596,-7.568223372800276e-05,0.12141025473406589,-0.08617017095129499,0.024770898096612655,trajectory,LEFT,2.506345272064209,6.371961080025619,4.023837089538574
328,100881.968,7.393181800842285,-4.041928291320801,-0.9961373209953308,-0.00012645080208480259,0.12131324410438538,-0.08615509420633316,-6.491883686976507e-05,0.12141025489850128,-0.08611969209287605,0.02477218949759845,trajectory,LEFT,2.492800235748291,6.386007463015973,4.041928291320801
329,100882.203,7.418285846710205,-4.059761047363281,-0.9961496591567993,-0.00012644974359480029,0.12131324410438538,-0.08615408092737198,-5.53771315026097e-05,0.12141025491604618,-0.08614561304153032,0.024773357677622697,trajectory,LEFT,2.4793426990509033,6.3997645809034385,4.059761047363281
330,100882.437,7.444117546081543,-4.078110694885254,-0.9961615204811096,-0.00012644916085076025,0.12131324410438538,-0.08615194261074066,-4.7480549255851656e-05,0.1214102549416922,-0.08609410410733671,0.024774369688821022,trajectory,LEFT,2.4663782119750977,6.413828181478646,4.078110694885254
331,100882.671,7.469585418701172,-4.0962018966674805,-0.9961698651313782,-0.00012644944490518395,0.12131324410438538,-0.08615124225616455,-3.975419531343505e-05,0.12141025494681987,-0.08612000002860776,0.02477517887891736,trajectory,LEFT,2.453784704208374,6.427601634052447,4.0962018966674805
332,100882.906,7.49541711807251,-4.114551544189453,-0.9961783289909363,-0.00012644899620134785,0.12131324410438538,-0.08614525198936462,-3.441969965933822e-05,0.12141025501050798,-0.08609463934206259,0.024775885911367368,trajectory,LEFT,2.4415056705474854,6.441478010689526,4.114551544189453
333,100883.015,7.519065856933594,-4.131350517272949,-0.9961860775947571,-0.00012644899546198474,0.12131324410438538,-0.08614145964384079,-2.993495036207605e-05,0.1214102550488771,-0.08624998252568492,0.024776635312155123,trajectory,LEFT,2.429537773132324,6.454098482344406,4.131350517272949
334,100883.203,7.530708312988281,-4.139620780944824,-0.9961880445480347,-0.0001264489427812895,0.12131324410438538,-0.08614004403352737,-2.5215591449523345e-05,0.12141025506355875,-0.087102814895061,0.02477701595315011,trajectory,LEFT,2.423565149307251,6.460282292974046,4.139620780944824
335,100883.437,7.555448532104492,-4.157195091247559,-0.9961920976638794,-0.0001264495358118593,0.12131324410438538,-0.08617587387561798,-2.2560507204616442e-05,0.12141025469701942,-0.08534283027953958,0.024777006202202755,trajectory,LEFT,2.411797523498535,6.473358364230501,4.157195091247559
336,100883.687,7.582735538482666,-4.176601886749268,-0.9961965680122375,-0.00012644931132472977,0.12131324410438538,-0.08629502356052399,-2.033745295193512e-05,0.12141025349325672,-0.08597696120379454,0.024777564521791647,trajectory,LEFT,2.400277853012085,6.487666864338216,4.176601886749268
337,100883.828,7.608931064605713,-4.195234298706055,-0.9962008595466614,-0.00012644993008754867,0.12131369113922119,-0.08619262278079987,-1.7826851035351865e-05,0.12141021876208465,-0.08606257774892807,0.024777958928461886,trajectory,LEFT,2.389012098312378,6.501300638992451,4.195234298706055
338,100884.031,7.623120307922363,-4.205313682556152,-0.9962031841278076,-0.00012645020865682154,0.12131381779909134,-0.08614642918109894,-1.5284784240066074e-05,0.12141020909466986,-0.0869214242586072,0.024778237243153856,trajectory,LEFT,2.3834705352783203,6.508650451189668,4.205313682556152
339,100884.265,7.648224353790283,-4.223146438598633,-0.9962072968482971,-0.00012645111282320946,0.12131381779909134,-0.08612576127052307,-1.3450829101202544e-05,0.12141020929751915,-0.08614787844688226,0.024778494115380453,trajectory,LEFT,2.3725624084472656,6.521582046510645,4.223146438598633
340,100884.5,7.673692226409912,-4.241238594055176,-0.9962114691734314,-0.00012645200793299323,0.12131381779909134,-0.08622799813747406,-1.1024636478396133e-05,0.1214102082571075,-0.0861137641688656,0.024778858860081528,trajectory,LEFT,2.3621487617492676,6.534606305370691,4.241238594055176
341,100884.734,7.69952392578125,-4.259622097015381,-0.9962144494056702,-0.00012645216155237745,0.12131381779909134,-0.08625663816928864,-8.342375622305553e-06,0.12141020796632086,-0.08608234289042745,0.024779148590387195,trajectory,LEFT,2.3524746894836426,6.547702601089918,4.259622097015381
342,100884.968,7.724991798400879,-4.277746677398682,-0.9962144494056702,-0.00012645204116863633,0.12131381779909134,-0.08624155074357986,-6.303852842393098e-06,0.12141020811977662,-0.08610943756629995,0.024779239293966384,trajectory,LEFT,2.338503837585449,6.560517730966554,4.277746677398682
343,100885.109,7.750095844268799,-4.295598030090332,-0.9962144494056702,-0.00012645152014022755,0.12131381779909134,-0.08621431887149811,-6.312434379651677e-06,0.1214102083988527,-0.0861389343166929,0.024779239980489365,trajectory,LEFT,2.329118490219116,6.573062673580367,4.295598030090332
344,100885.312,7.764285087585449,-4.30567741394043,-0.9962144494056702,-0.00012645151979995275,0.12131381779909134,-0.08620111644268036,-6.458350526372669e-06,0.1214102085324132,-0.08691704931926163,0.024779251653781104,trajectory,LEFT,2.3247945308685303,6.580117085929576,4.30567741394043
345,100885.546,7.789752960205078,-4.323768615722656,-0.9962144494056702,-0.00012645344869615863,0.12131381779909134,-0.08620276302099228,-6.458350526372669e-06,0.12141020850245518,-0.08611587826332809,0.024779251653781104,trajectory,LEFT,2.316321611404419,6.592703322876035,4.323768615722656
346,100885.781,7.814857006072998,-4.341625213623047,-0.9962144494056702,-0.00012645385239052728,0.12131381779909134,-0.08629792928695679,-6.455489256040892e-06,0.12141020753694014,-0.08613172090174966,0.024779251424879477,trajectory,LEFT,2.308105945587158,6.60500212395824,4.341625213623047
347,100885.921,7.841416358947754,-4.3605265617370605,-0.9962144494056702,-0.00012645350755849494,0.12131381779909134,-0.08630985766649246,-6.455489256040892e-06,0.12141020741865098,-0.08602631008187372,0.024779251424879477,trajectory,LEFT,2.300136089324951,6.617905295121316,4.3605265617370605
348,100886.125,7.854877948760986,-4.3701066970825195,-0.9962144494056702,-0.00012645261957636435,0.12131381779909134,-0.0862964615225792,-6.455489256040892e-06,0.1214102075602999,-0.08695933745965938,0.024779251424879477,trajectory,LEFT,2.2961418628692627,6.6244043990300305,4.3701066970825195
349,100886.375,7.881801128387451,-4.3892669677734375,-0.9962144494056702,-0.0001264495741451993,0.12131381779909134,-0.08627430349588394,-6.455489256040892e-06,0.12141020780546963,-0.08600326697100116,0.024779251424879477,trajectory,LEFT,2.2881827354431152,6.637319826143463,4.3892669677734375
350,100886.593,7.906905174255371,-4.407132625579834,-0.9962144494056702,-0.00012644628639057705,0.12131381779909134,-0.08635799586772919,-6.444045084208483e-06,0.12141020698154986,-0.08612600984911334,0.02477925050934573,trajectory,LEFT,2.280226230621338,6.649262775870897,4.407132625579834
351,100886.828,7.930917739868164,-4.424221515655518,-0.9962144494056702,-0.00012644252292521297,0.12131381779909134,-0.08634695410728455,-6.444045084208483e-06,0.12141020711923903,-0.0862045561614458,0.02477925050934573,trajectory,LEFT,2.2722678184509277,6.660595943348239,4.424221515655518
352,100887.078,7.958932399749756,-4.444158554077148,-0.9962144494056702,-0.00012643757775730448,0.12131381779909134,-0.08630474656820297,-6.441183813876705e-06,0.12141020758032134,-0.08592316858808657,0.024779250280444105,trajectory,LEFT,2.264310359954834,6.673705613835718,4.444158554077148
353,100887.296,7.98258113861084,-4.460988521575928,-0.9962144494056702,-0.0001264336387795377,0.12131381779909134,-0.08627607673406601,-6.4469063545402605e-06,0.1214102078974994,-0.0862361139181477,0.02477925073824736,trajectory,LEFT,2.256354570388794,6.684677633079248,4.460988521575928
354,100887.531,8.008423805236816,-4.479368686676025,-0.9962144494056702,-0.0001264303903075581,0.12131381779909134,-0.08622263371944427,-6.4469063545402605e-06,0.12141020846046324,-0.08608539723234816,0.02477925073824736,trajectory,LEFT,2.2486066818237305,6.696574109540512,4.479368686676025
355,100887.765,8.034289360046387,-4.497718334197998,-0.9962144494056702,-0.00012642652576800307,0.12131381779909134,-0.0862053856253624,-6.444045084208483e-06,0.1214102086615641,-0.08608982913907087,0.02477925050934573,trajectory,LEFT,2.2382140159606934,6.70840214835863,4.497718334197998
356,100887.921,8.060519218444824,-4.516326427459717,-0.9962144494056702,-0.00012642337690014772,0.12131381779909134,-0.08618537336587906,-6.4469063545402605e-06,0.12141020888567788,-0.08606559004381352,0.02477925073824736,trajectory,LEFT,2.2312638759613037,6.720289985938839,4.516326427459717
357,100888.031,8.073634147644043,-4.525630474090576,-0.9962144494056702,-0.00012642222873848917,0.12131381779909134,-0.08617498725652695,-6.4469063545402605e-06,0.12141020899863539,-0.08699665957880608,0.02477925073824736,trajectory,LEFT,2.227879047393799,6.726193432965697,4.525630474090576
358,100888.25,8.087113380432129,-4.535192966461182,-0.9962144494056702,-0.00012642082689541295,0.12131381779909134,-0.08617591112852097,-6.4469063545402605e-06,0.12141020899895383,-0.08697074570991091,0.02477925073824736,trajectory,LEFT,2.224553108215332,6.7322326678818865,4.535192966461182
359,100888.468,8.112614631652832,-4.553299903869629,-0.9962144494056702,-0.00012641814470805836,0.12131381779909134,-0.08629261702299118,-6.484101959358668e-06,0.1214102078371419,-0.0861071168157052,0.024779253713895742,trajectory,LEFT,2.2186384201049805,6.743571157776394,4.553299903869629
360,100888.703,8.13884449005127,-4.571956157684326,-0.9962144494056702,-0.00012641622275433716,0.12131381779909134,-0.08642718195915222,-6.44690589979291e-06,0.1214102064895126,-0.08604142909444988,0.024779250738210978,trajectory,LEFT,2.213700294494629,6.755108367025832,4.571956157684326
361,100888.89,8.163617134094238,-4.589595317840576,-0.9962144494056702,-0.00012641367620096046,0.12131381779909134,-0.08642255514860153,-6.44690589979291e-06,0.12141020655390913,-0.08614349021211608,0.024779250738210978,trajectory,LEFT,2.2080419063568115,6.7658931346020275,4.589595317840576
362,100889.156,8.188754081726074,-4.607482433319092,-0.9962144494056702,-0.00012640754526188101,0.12131381779909134,-0.08636434376239777,-6.44690589979291e-06,0.12141020718495699,-0.08612335646778638,0.024779250738210978,trajectory,LEFT,2.2027015686035156,6.776742413584065,4.607482433319092
363,100889.375,8.213162422180176,-4.62483024597168,-0.9962144494056702,-0.00012640132237232518,0.12131381779909134,-0.08631429821252823,-6.444044629461132e-06,0.12141020773401114,-0.08618128111705985,0.02477925050930935,trajectory,LEFT,2.1988003253936768,6.787191764581269,4.62483024597168
364,100889.609,8.238663673400879,-4.6429548263549805,-0.9962144494056702,-0.00012639751756260092,0.12131381779909134,-0.08627229183912277,-6.444044629461132e-06,0.12141020818503914,-0.0861069783886287,0.02477925050930935,trajectory,LEFT,2.1951284408569336,6.798006434959735,4.6429548263549805
365,100889.765,8.265257835388184,-4.661856174468994,-0.9962144494056702,-0.00012639578595113822,0.12131381779909134,-0.08624490350484848,-6.444044629461132e-06,0.12141020847393008,-0.08603150627521786,0.02477925050930935,trajectory,LEFT,2.1906840801239014,6.809172507296045,4.661856174468994
366,100889.968,8.279465675354004,-4.671954154968262,-0.9962144494056702,-0.00012639463668965385,0.12131381779909134,-0.08622920513153076,-6.444044629461132e-06,0.12141020864059304,-0.08691294227254785,0.02477925050930935,trajectory,LEFT,2.189171552658081,6.815090884141094,4.671954154968262
367,100890.203,8.304238319396973,-4.689531326293945,-0.9962144494056702,-0.00012639310780874336,0.12131381779909134,-0.0862109512090683,-6.444044629461132e-06,0.1214102088357121,-0.08616661706118975,0.02477925050930935,trajectory,LEFT,2.186347007751465,6.825348414536304,4.689531326293945
368,100890.437,8.329739570617676,-4.707648277282715,-0.9962144494056702,-0.00012639157688641974,0.12131381779909134,-0.08629664778709412,-6.464072612288874e-06,0.1214102079797624,-0.08610579255965131,0.024779252111547977,trajectory,LEFT,2.1837499141693115,6.835789903586106,4.707648277282715
369,100890.656,8.355605125427246,-4.72603178024292,-0.9962144494056702,-0.00012638871802537644,0.12131381779909134,-0.08631207048892975,-6.466933882620651e-06,0.12141020784355462,-0.08607790824428803,0.024779252340449604,trajectory,LEFT,2.180319309234619,6.846267134795577,4.72603178024292
370,100890.89,8.381470680236816,-4.744415283203125,-0.9962144494056702,-0.00012638568546500473,0.12131381779909134,-0.08628281205892563,-6.4726564232842065e-06,0.12141020816031944,-0.08608024889818094,0.024779252798252858,trajectory,LEFT,2.1782119274139404,6.856634188736436,4.744415283203125
371,100891.031,8.407336235046387,-4.76279878616333,-0.9962144494056702,-0.00012638466834712152,0.12131381779909134,-0.08624262362718582,-6.4726564232842065e-06,0.12141020857367367,-0.08608346376538029,0.024779252798252858,trajectory,LEFT,2.176117420196533,6.866890644088741,4.76279878616333
372,100891.25,8.420451164245605,-4.772117614746094,-0.9962144494056702,-0.00012638518400523606,0.12131381779909134,-0.08622350543737411,-6.4726564232842065e-06,0.12141020876341796,-0.08699129936022415,0.024779252798252858,trajectory,LEFT,2.1750540733337402,6.8720501102032525,4.772117614746094
373,100891.39,8.445588111877441,-4.789950370788574,-0.9962144494056702,-0.00012638560737428988,0.12131381779909134,-0.08621099591255188,-6.4726564232842065e-06,0.12141020888697993,-0.08614105933762467,0.024779252798252858,trajectory,LEFT,2.172947883605957,6.881875847600018,4.789950370788574
374,100891.609,8.459795951843262,-4.800041675567627,-0.9962144494056702,-0.00012638456164386396,0.12131381779909134,-0.08625444769859314,-6.464072612288874e-06,0.12141020845485977,-0.08691159031710378,0.024779252111547977,trajectory,LEFT,2.1718833446502686,6.8873759437089745,4.800041675567627
375,100891.843,8.486390113830566,-4.818943023681641,-0.9962144494056702,-0.0001263832529979468,0.12131381779909134,-0.08629000931978226,-6.466933882620651e-06,0.12141020810433763,-0.08602789761419033,0.024779252340449604,trajectory,LEFT,2.1697561740875244,6.8975728565636505,4.818943023681641
376,100892.078,8.513712882995605,-4.838362216949463,-0.9962144494056702,-0.00012637980569319348,0.12131381779909134,-0.08638197183609009,-6.449767170124687e-06,0.12141020719835321,-0.08596876547019297,0.024779250967112604,trajectory,LEFT,2.167722225189209,6.907925512785903,4.838362216949463
377,100892.328,8.539942741394043,-4.857004642486572,-0.9962144494056702,-0.0001263770924921098,0.12131381779909134,-0.08635712414979935,-6.449767170124687e-06,0.12141020746831545,-0.0860484161409374,0.024779250967112604,trajectory,LEFT,2.166447401046753,6.917745742578768,4.857004642486572
378,100892.562,8.56617259979248,-4.875647068023682,-0.9962144494056702,-0.00012637390604335782,0.12131381779909134,-0.0862865224480629,-6.449767170124687e-06,0.13649790768276676,-0.034663573457188894,0.024779250967112604,trajectory,SOFT_LEFT,2.165118455886841,6.92744963796515,4.875647068023682
379,100892.781,8.592403411865234,-4.894256114959717,-0.9962165355682373,-0.00012722539827231093,0.12161218374967575,-0.08517825603485107,-7.085133984219283e-05,0.13647404381014816,-0.034755501277516754,0.024784507401054725,trajectory,SOFT_LEFT,2.1640803813934326,6.937057797857108,4.894256114959717
380,100893.015,8.618167877197266,-4.911376476287842,-0.9962518215179443,-0.000129074063008936,0.12395688146352768,-0.07716289162635803,-0.00021215740707702935,0.13628653816567565,-0.03554554095930551,0.024797753833699972,trajectory,SOFT_LEFT,2.164142608642578,6.947087474989534,4.911376476287842
381,100893.25,8.644493103027344,-4.926584720611572,-0.9962909817695618,-0.00012846155794663905,0.12670917809009552,-0.06779439747333527,-0.00012416478421073407,0.1360664544969049,-0.036486504499834704,0.024795677255606278,trajectory,SOFT_LEFT,2.1627748012542725,6.9586254329977635,4.926584720611572
382,100893.484,8.67058277130127,-4.939594745635986,-0.9963072538375854,-0.00012739502040583851,0.12898971140384674,-0.06004241481423378,-3.25299879477825e-05,0.1358840966214427,-0.03732653675840089,0.02479249481548322,trajectory,SOFT_LEFT,2.1605112552642822,6.97123180643114,4.939594745635986
383,100893.734,8.699832916259766,-4.952335357666016,-0.9963076710700989,-0.00012653368565219143,0.13090404868125916,-0.0535682775080204,2.199225673393812e-05,0.1357310193123944,-0.03787143688702708,0.024789539565827,trajectory,SOFT_LEFT,2.157597064971924,6.9864033806390715,4.952335357666016
384,100893.968,8.727862358093262,-4.963252544403076,-0.996300220489502,-0.00012606735900549487,0.132210835814476,-0.04919034615159035,4.133748007006943e-05,0.13562652249351403,-0.03840396622512212,0.024787654948886483,trajectory,SOFT_LEFT,2.1532700061798096,7.001651019207337,4.963252544403076
385,100894.187,8.75612735748291,-4.973381519317627,-0.9962917566299438,-0.00012581804261097858,0.1331387162208557,-0.04610671475529671,4.550608355202712e-05,0.13555232408049478,-0.038729465327162545,0.024786263804126064,trajectory,SOFT_LEFT,2.147416591644287,7.01748978624747,4.973381519317627
386,100894.421,8.783355712890625,-4.9825663566589355,-0.9962836503982544,-0.0001256969159192371,0.13376647233963013,-0.04405432194471359,4.390531830722466e-05,0.13550212467636308,-0.03898804942330688,0.024785265803220685,trajectory,SOFT_LEFT,2.1419339179992676,7.033028574736877,4.9825663566589355
387,100894.656,8.812705039978027,-4.992037773132324,-0.9962749481201172,-0.00012563326593562692,0.13423773646354675,-0.042544156312942505,3.977963206125423e-05,0.13546443894914909,-0.03908022957897662,0.024784470447921196,trajectory,SOFT_LEFT,2.1363580226898193,7.04996477676399,4.992037773132324
388,100894.89,8.841737747192383,-5.001112461090088,-0.9962663650512695,-0.00012560330854392303,0.13455845415592194,-0.04154206067323685,3.438077692408115e-05,0.1354387917052051,-0.039200065570081724,0.024783732149517165,trajectory,SOFT_LEFT,2.1306235790252686,7.066821581306412,5.001112461090088
389,100895.125,8.870833396911621,-5.010006427764893,-0.996258556842804,-0.00012558760454628538,0.13477978110313416,-0.04085857793688774,2.8499827749328688e-05,0.13542109246869208,-0.03927281770035896,0.024783081313071307,trajectory,SOFT_LEFT,2.1246209144592285,7.0837605105290375,5.010006427764893
390,100895.265,8.898734092712402,-5.018415451049805,-0.9962544441223145,-0.0001255805411041367,0.1349271833896637,-0.04041137546300888,2.343426604056731e-05,0.13540930480173585,-0.039357073756144445,0.024782616004231386,trajectory,SOFT_LEFT,2.1163034439086914,7.100003841091733,5.018415451049805
391,100895.5,8.92709732055664,-5.026867866516113,-0.9962502717971802,-0.00012557491596230813,0.13503101468086243,-0.04010600969195366,1.972772770386655e-05,0.1354010013843852,-0.03937717043157308,0.024782353687187425,trajectory,SOFT_LEFT,2.110643148422241,7.116501569645454,5.026867866516113
392,100895.609,8.941688537597656,-5.031193733215332,-0.9962481260299683,-0.0001255735586795307,0.13507132232189178,-0.039991721510887146,1.7571901480550878e-05,0.13539777792560742,-0.03979879538186729,0.02478206356536248,trajectory,SOFT_LEFT,2.107794761657715,7.124973132958792,5.031193733215332
393,100895.828,8.956685066223145,-5.035624980926514,-0.9962459206581116,-0.00012557247430758852,0.13510552048683167,-0.039902035146951675,1.5839510524529032e-05,0.13539504297687285,-0.03979543758254937,0.024781909162556983,trajectory,SOFT_LEFT,2.1048905849456787,7.133668304899576,5.035624980926514
394,100896.078,8.987894058227539,-5.0448408126831055,-0.9962413311004639,-0.00012557281930958698,0.13515885174274445,-0.03982341289520264,1.4097110579314176e-05,0.13539077726515827,-0.03932347294436025,0.024781631275473046,trajectory,SOFT_LEFT,2.0990922451019287,7.151698484359252,5.0448408126831055
395,100896.312,9.016265869140625,-5.053195476531982,-0.9962371587753296,-0.0001255757623876127,0.13519246876239777,-0.03979512304067612,1.106435593101196e-05,0.1353880881784362,-0.03941181741532851,0.024781274450069758,trajectory,SOFT_LEFT,2.093278646469116,7.168023322758508,5.053195476531982
396,100896.546,9.045853614807129,-5.0618977546691895,-0.9962343573570251,-0.00012557821000390635,0.13521692156791687,-0.03971681371331215,7.907148756203242e-06,0.13538613273293684,-0.03938333633069307,0.024781031656166307,trajectory,SOFT_LEFT,2.087446451187134,7.184971653600333,5.0618977546691895
397,100896.781,9.074630737304688,-5.0703558921813965,-0.9962343573570251,-0.0001255809970442377,0.1352333426475525,-0.03964455798268318,5.9873641475860495e-06,0.1353848197636404,-0.039413520841172195,0.024780946680657508,trajectory,SOFT_LEFT,2.0816588401794434,7.201377700345208,5.0703558921813965
398,100897.015,9.104218482971191,-5.079023361206055,-0.9962343573570251,-0.000125584494867883,0.13524499535560608,-0.039583124220371246,5.902959401282715e-06,0.13538388815312524,-0.03939751266558436,0.02478095343303721,trajectory,SOFT_LEFT,2.076099157333374,7.218180289918343,5.079023361206055
399,100897.25,9.13299560546875,-5.087453365325928,-0.9962343573570251,-0.00012558562258235313,0.13525281846523285,-0.03954041004180908,5.958752808510326e-06,0.1353832627299329,-0.039424666439441966,0.024780948969564634,trajectory,SOFT_LEFT,2.0686912536621094,7.234439987366326,5.087453365325928
400,100897.406,9.161772727966309,-5.095883369445801,-0.9962343573570251,-0.0001255872193511674,0.13525818288326263,-0.03950843587517738,5.9616140788421035e-06,0.13538283389268918,-0.039427224401928224,0.024780948740663007,trajectory,SOFT_LEFT,2.0641539096832275,7.250617766885399,5.095883369445801
401,100897.609,9.177183151245117,-5.100393772125244,-0.9962343573570251,-0.00012558805533944992,0.13526034355163574,-0.03949646279215813,5.9616140788421035e-06,0.13538266115687458,-0.03981997462847149,0.024780948740663007,trajectory,SOFT_LEFT,2.0618338584899902,7.259249862908781,5.100393772125244
402,100897.843,9.204809188842773,-5.108435153961182,-0.9962343573570251,-0.0001255894599908839,0.1352633833885193,-0.03948939964175224,5.9616140788421035e-06,0.13538241803645426,-0.039467595174292935,0.024780948740663007,trajectory,SOFT_LEFT,2.057354688644409,7.274694422875717,5.108435153961182
403,100898.0,9.23243522644043,-5.116501331329346,-0.9962343573570251,-0.0001255879741309603,0.13526551425457,-0.0395309254527092,5.958752808510326e-06,0.13538224715465205,-0.03946179384459249,0.024780948969564634,trajectory,SOFT_LEFT,2.054182767868042,7.290046090235025,5.116501331329346
404,100898.25,9.264123916625977,-5.125762462615967,-0.9962343573570251,-0.00012558818181985623,0.13526754081249237,-0.03953974321484566,5.955891538178548e-06,0.13538208494076953,-0.03934164390979218,0.02478094919846626,trajectory,SOFT_LEFT,2.050966739654541,7.307554662723626,5.125762462615967
405,100898.375,9.280374526977539,-5.13051176071167,-0.9962343573570251,-0.00012558882367401175,0.13526813685894012,-0.03953353688120842,5.955891538178548e-06,0.1353820373173795,-0.03979312981882614,0.02478094919846626,trajectory,SOFT_LEFT,2.0491244792938232,7.316493868132325,5.13051176071167
406,100898.593,9.296625137329102,-5.135261058807373,-0.9962343573570251,-0.0001255882930401005,0.13526873290538788,-0.03952429071068764,5.955891538178548e-06,0.13538198972823826,-0.039793869628314577,0.02478094919846626,trajectory,SOFT_LEFT,2.0473361015319824,7.325406136722953,5.135261058807373
407,100898.828,9.327095031738281,-5.144165992736816,-0.9962343573570251,-0.00012558597308124291,0.13526985049247742,-0.03956135734915733,5.955891538178548e-06,0.13538189995620234,-0.039375519451519146,0.02478094919846626,trajectory,SOFT_LEFT,2.0452065467834473,7.342043709986427,5.144165992736816
408,100899.046,9.356346130371094,-5.152714729309082,-0.9962343573570251,-0.0001255842751265491,0.1352708637714386,-0.03960566222667694,5.955891538178548e-06,0.13538181845413716,-0.03940757941546811,0.02478094919846626,trajectory,SOFT_LEFT,2.0421698093414307,7.357925799770321,5.152714729309082
409,100899.218,9.38397216796875,-5.160788536071777,-0.9962343573570251,-0.00012558125598603165,0.1352708637714386,-0.039588965475559235,5.955891538178548e-06,0.13538181863144244,-0.039456387818144145,0.02478094919846626,trajectory,SOFT_LEFT,2.0403425693511963,7.372844113026173,5.160788536071777
410,100899.375,9.398191452026367,-5.164944171905518,-0.9962343573570251,-0.00012557960993997462,0.1352708637714386,-0.03957323729991913,5.955891538178548e-06,0.1353818187946651,-0.03984929464174732,0.02478094919846626,trajectory,SOFT_LEFT,2.0398213863372803,7.380491662380621,5.164944171905518
411,100899.656,9.427848815917969,-5.173611640930176,-0.9962343573570251,-0.0001255752874757316,0.1352708637714386,-0.039563339203596115,5.955891538178548e-06,0.13538181890778014,-0.039399097250979204,0.02478094919846626,trajectory,SOFT_LEFT,2.038949966430664,7.3963741393046565,5.173611640930176
412,100899.906,9.457099914550781,-5.182160377502441,-0.9962343573570251,-0.0001255695615078515,0.1352708637714386,-0.03960103541612625,5.955891538178548e-06,0.13538181854721654,-0.039407949758158985,0.02478094919846626,trajectory,SOFT_LEFT,2.0381791591644287,7.411948370271245,5.182160377502441
413,100900.031,9.484725952148438,-5.190234184265137,-0.9962343573570251,-0.0001255651410278322,0.1352708637714386,-0.039586856961250305,5.955891538178548e-06,0.13538181870363838,-0.039456556419571236,0.02478094919846626,trajectory,SOFT_LEFT,2.0378849506378174,7.426574176079932,5.190234184265137
414,100900.25,9.500570297241211,-5.194864749908447,-0.9962343573570251,-0.00012556323458903378,0.1352708637714386,-0.039570219814777374,5.947307727183215e-06,0.1353818188767953,-0.03980206329013101,0.024780949885171138,trajectory,SOFT_LEFT,2.0377590656280518,7.434925854598187,5.194864749908447
415,100900.484,9.530227661132812,-5.2035322189331055,-0.9962343573570251,-0.00012556102979204692,0.1352708637714386,-0.039553962647914886,5.947307727183215e-06,0.13538181904707242,-0.039399846968486855,0.024780949885171138,trajectory,SOFT_LEFT,2.037468910217285,7.450486307548577,5.2035322189331055
416,100900.64,9.559478759765625,-5.212080955505371,-0.9962343573570251,-0.0001255580422099714,0.1352708637714386,-0.03958303853869438,5.955891538178548e-06,0.13538181876446495,-0.03940938907796666,0.02478094919846626,trajectory,SOFT_LEFT,2.0371716022491455,7.465740961966919,5.212080955505371
417,100900.843,9.575729370117188,-5.216830253601074,-0.9962343573570251,-0.0001255553310911423,0.1352708637714386,-0.039578720927238464,5.955891538178548e-06,0.13538181881641537,-0.03978951503874802,0.02478094919846626,trajectory,SOFT_LEFT,2.037003993988037,7.4741758085179315,5.216830253601074
418,100901.078,9.602542877197266,-5.224666595458984,-0.9962343573570251,-0.00012555059882081665,0.1352708637714386,-0.03956228867173195,5.958752808510326e-06,0.1353818189964386,-0.03948225800505828,0.024780948969564634,trajectory,SOFT_LEFT,2.036576986312866,7.488030589372788,5.224666595458984
419,100901.218,9.631387710571289,-5.233096599578857,-0.9962343573570251,-0.0001255461766962062,0.1352708637714386,-0.03958661109209061,5.958752808510326e-06,0.13538181876614203,-0.03942097139771917,0.024780948969564634,trajectory,SOFT_LEFT,2.036280870437622,7.502847344842925,5.233096599578857
420,100901.343,9.646825790405273,-5.237608432769775,-0.9962343573570251,-0.00012554436605846843,0.1352708637714386,-0.0395871177315712,5.958752808510326e-06,0.13538181876678645,-0.039812579357902375,0.024780948969564634,trajectory,SOFT_LEFT,2.036273956298828,7.510739942204491,5.237608432769775
421,100901.562,9.660638809204102,-5.241645336151123,-0.9962343573570251,-0.000125541811015278,0.1352708637714386,-0.039582591503858566,5.958752808510326e-06,0.13538181882033187,-0.03986041407773904,0.024780948969564634,trajectory,SOFT_LEFT,2.0362861156463623,7.517779490300208,5.241645336151123
422,100901.796,9.689889907836914,-5.250194072723389,-0.9962343573570251,-0.00012553707914802914,0.1352708637714386,-0.03961419686675072,5.955891538178548e-06,0.13538181851789727,-0.03940689629682462,0.02478094919846626,trajectory,SOFT_LEFT,2.036478281021118,7.532617125648902,5.250194072723389
423,100902.031,9.718734741210938,-5.258627891540527,-0.9962343573570251,-0.00012553490197646114,0.1352708637714386,-0.03965781629085541,5.955891538178548e-06,0.13538181808673436,-0.0394148931345984,0.02478094919846626,trajectory,SOFT_LEFT,2.0368940830230713,7.5471528906477445,5.258627891540527
424,100902.281,9.750423431396484,-5.267899990081787,-0.9962343573570251,-0.00012553247263738697,0.1352708637714386,-0.039632417261600494,5.955891538178548e-06,0.1353818183495103,-0.03933313277655985,0.02478094919846626,trajectory,SOFT_LEFT,2.038644552230835,7.563009717961522,5.267899990081787
425,100902.453,9.78251838684082,-5.277279853820801,-0.9962343573570251,-0.00012552985680498488,0.1352708637714386,-0.03958304226398468,5.955891538178548e-06,0.13538181885364475,-0.039326311338416846,0.02478094919846626,trajectory,SOFT_LEFT,2.0396621227264404,7.578962536195022,5.277279853820801
426,100902.656,9.797956466674805,-5.281791687011719,-0.9962343573570251,-0.00012552811398334346,0.1352708637714386,-0.03955522179603577,5.955891538178548e-06,0.13538181913854014,-0.03981513082501711,0.02478094919846626,trajectory,SOFT_LEFT,2.0409581661224365,7.586594551247276,5.281791687011719
427,100902.89,9.826395034790039,-5.290102958679199,-0.9962343573570251,-0.00012552795386397986,0.1352708637714386,-0.03951822593808174,5.955891538178548e-06,0.13538181951056782,-0.03943830968223899,0.02478094919846626,trajectory,SOFT_LEFT,2.0435967445373535,7.600582614187007,5.290102958679199
428,100903.125,9.855239868164062,-5.298532962799072,-0.9962343573570251,-0.00012552650328746004,0.1352708637714386,-0.03954825550317764,5.955891538178548e-06,0.13538181921359038,-0.03942403927997361,0.02478094919846626,trajectory,SOFT_LEFT,2.0463013648986816,7.614676149822754,5.298532962799072
429,100903.312,9.884084701538086,-5.306962966918945,-0.9962343573570251,-0.00012552457193777255,0.1352708637714386,-0.03954673931002617,5.955891538178548e-06,0.13538181923492326,-0.03942416059670961,0.02478094919846626,trajectory,SOFT_LEFT,2.049821376800537,7.628674117006779,5.306962966918945
430,100903.609,9.914148330688477,-5.315749168395996,-0.9962343573570251,-0.00012552488065667558,0.1352708637714386,-0.03952701389789581,5.955891538178548e-06,0.13538181943203023,-0.03939013397486472,0.02478094919846626,trajectory,SOFT_LEFT,2.052684783935547,7.643161247958364,5.315749168395996
431,100903.765,9.943399429321289,-5.324297904968262,-0.9962343573570251,-0.00012552844910801618,0.1352708637714386,-0.03950614482164383,5.955891538178548e-06,0.13538181963032397,-0.03941553951721564,0.02478094919846626,trajectory,SOFT_LEFT,2.0564157962799072,7.6571560337810745,5.324297904968262
432,100904.078,9.970619201660156,-5.332234859466553,-0.9962343573570251,-0.00012553043035947386,0.1352708637714386,-0.03948670253157616,5.955891538178548e-06,0.135381819819313,-0.03947824779289906,0.02478094919846626,trajectory,SOFT_LEFT,2.0608158111572266,7.670102332827572,5.332234859466553
433,100904.312,10.001065254211426,-5.341104030609131,-0.9919994473457336,-0.00012553555374084162,0.13509297370910645,-0.0394207127392292,0.07504825294017792,0.13539605167073598,-0.0393903437845856,0.018565819934010505,trajectory,SOFT_LEFT,2.0654282569885254,7.684486288821449,5.341104030609131
434,100904.562,10.030229568481445,-5.349618434906006,-0.9750888347625732,-0.00012557879444708773,0.134928360581398,-0.03937162458896637,0.07130198925733566,0.1354092210776942,-0.039429726583820164,0.017659361343830823,trajectory,SOFT_LEFT,2.0699915885925293,7.6981484854126006,5.349618434906006
435,100904.703,10.059359550476074,-5.358132839202881,-0.9614607691764832,-0.0001255914656142932,0.13495510816574097,-0.03936900570988655,0.055614978075027466,0.13540708125738368,-0.03942993914205437,0.016792874606326225,trajectory,SOFT_LEFT,2.077909231185913,7.711686369672591,5.358132839202881
436,100904.921,10.074761390686035,-5.362626552581787,-0.9555471539497375,-0.00012559428021695072,0.1349901556968689,-0.03937484696507454,0.04807841032743454,0.1354042773873647,-0.039831369882487935,0.015939604304730893,trajectory,SOFT_LEFT,2.080580711364746,7.718809238789841,5.362626552581787
437,100905.078,10.102727890014648,-5.370786190032959,-0.9468237161636353,-0.00012559728723063394,0.13505694270133972,-0.03939668834209442,0.03588314354419708,0.13539893419812296,-0.03946318866576968,0.01597547246143222,trajectory,SOFT_LEFT,2.085890531539917,7.7316701768364196,5.370786190032959
438,100905.296,10.121777534484863,-5.376344203948975,-0.9423567652702332,-0.0001255972691232776,0.13509738445281982,-0.03943740949034691,0.026941116899251938,0.13539569844892937,-0.039719982038740005,0.01572463179938495,trajectory,SOFT_LEFT,2.091198205947876,7.740376633571662,5.376344203948975
439,100905.515,10.147717475891113,-5.383912563323975,-0.9380048513412476,-0.00012559520079569403,0.1351424902677536,-0.03946858271956444,0.018175892531871796,0.1353920896770705,-0.039516540805500024,0.01582786526530981,trajectory,SOFT_LEFT,2.093824625015259,7.75216168893854,5.383912563323975
440,100905.75,10.176494598388672,-5.392322063446045,-0.9349377751350403,-0.00012559274957538099,0.13518019020557404,-0.03951456770300865,0.010245387442409992,0.13538907322777335,-0.03942878394970835,0.01593835919164121,trajectory,SOFT_LEFT,2.0991299152374268,7.765130160445133,5.392322063446045
441,100905.984,10.205677032470703,-5.4008708000183105,-0.9333900213241577,-0.0001255913285670877,0.13520768284797668,-0.039531685411930084,0.003918173722922802,0.13538687364890267,-0.039413496132892516,0.01610596789047122,trajectory,SOFT_LEFT,2.1044421195983887,7.7781624142141395,5.4008708000183105
442,100906.156,10.233643531799316,-5.409063339233398,-0.9330278635025024,-0.000125592594267994,0.1352262943983078,-0.03952217102050781,-0.0004619772080332041,0.1353853848164821,-0.039449861685895794,0.016306471163406968,trajectory,SOFT_LEFT,2.1099212169647217,7.790553406134611,5.409063339233398
443,100906.453,10.263636589050293,-5.417849540710449,-0.9335156083106995,-0.0001255934004269656,0.13524018228054047,-0.03950538486242294,-0.003722497494891286,0.13538427395202182,-0.03939186400119656,0.016560860024765135,trajectory,SOFT_LEFT,2.1156342029571533,7.803734857138769,5.417849540710449
444,100906.687,10.29197883605957,-5.426140308380127,-0.9300752282142639,-0.00012565680764906907,0.13433526456356049,-0.039224691689014435,0.06433109194040298,0.13545666999018263,-0.03946382765272857,0.010986088383942844,trajectory,SOFT_LEFT,2.124647855758667,7.81609702694012,5.426140308380127
445,100906.921,10.319670677185059,-5.434223651885986,-0.9167253375053406,-0.00012650814454175346,0.13351964950561523,-0.0389753021299839,0.05727088078856468,0.13552191904796013,-0.03950443804452441,0.01059044087305665,trajectory,SOFT_LEFT,2.1311283111572266,7.82809165781391,5.434223651885986
446,100907.156,10.348509788513184,-5.4426350593566895,-0.9064605832099915,-0.00012683568432526017,0.13364578783512115,-0.039001427590847015,0.03520546481013298,0.1355118266957547,-0.03946961387987345,0.010705609805881977,trajectory,SOFT_LEFT,2.138632297515869,7.840486219239727,5.4426350593566895
447,100907.312,10.3770112991333,-5.450956344604492,-0.9008533954620361,-0.0001269710965094666,0.1339925229549408,-0.039099156856536865,0.016099505126476288,0.13548408647137405,-0.03947082791966939,0.011079619210213422,trajectory,SOFT_LEFT,2.1456995010375977,7.85262638452941,5.450956344604492
448,100907.515,10.392706871032715,-5.455531120300293,-0.8994929194450378,-0.0001270090617775023,0.13418374955654144,-0.03915265202522278,0.006712871138006449,0.13546878768111817,-0.039841048749411356,0.011285039046779273,trajectory,SOFT_LEFT,2.149263858795166,7.859273861798498,5.455531120300293
449,100907.671,10.42172622680664,-5.464001178741455,-0.8992133140563965,-0.00012704646879810067,0.13448622822761536,-0.03924568369984627,-0.003535652067512274,0.135444588324963,-0.039444250808121056,0.011975087597966193,trajectory,SOFT_LEFT,2.156589984893799,7.871472829286672,5.464001178741455
450,100907.812,10.43867015838623,-5.468947887420654,-0.8999376893043518,-0.00012705808883055564,0.13462857902050018,-0.039311736822128296,-0.007849539630115032,0.13543319955374894,-0.03979115227093429,0.01233260721899569,trajectory,SOFT_LEFT,2.1603496074676514,7.878545027923076,5.468947887420654
451,100908.14,10.46778392791748,-5.477451324462891,-0.9022220373153687,-0.0001270702712013023,0.13481850922107697,-0.03939731419086456,-0.013050545938313007,0.1354180042295842,-0.03942878991727311,0.012924590203911067,trajectory,SOFT_LEFT,2.168854236602783,7.890607934858046,5.477451324462891
452,100908.281,10.496073722839355,-5.485726833343506,-0.9014854431152344,-0.00012713843426603774,0.13439907133579254,-0.03931555151939392,0.04632649943232536,0.13545155987700805,-0.039458104377727905,0.008332123374566437,trajectory,SOFT_LEFT,2.1775026321411133,7.90221507791599,5.485726833343506
453,100908.609,10.525458335876465,-5.494324684143066,-0.8914921283721924,-0.0001274780129444728,0.13400369882583618,-0.03919776529073715,0.03862215578556061,0.13548318981116672,-0.03943528065970941,0.008386079529300332,trajectory,SOFT_LEFT,2.1908605098724365,7.914160117617586,5.494324684143066
454,100908.765,10.555126190185547,-5.503001689910889,-0.8820034861564636,-0.00012800514773230454,0.13227571547031403,-0.0386662483215332,0.04609294235706329,0.13562143226915124,-0.03946986101995958,0.00646299128420651,trajectory,SOFT_LEFT,2.2004201412200928,7.9261092188006925,5.503001689910889
455,100908.984,10.570157051086426,-5.507394790649414,-0.877555787563324,-0.00012904639181383237,0.1315808892250061,-0.03845599666237831,0.030302520841360092,0.13567701731942663,-0.03991483863291487,0.006695822887122631,trajectory,SOFT_LEFT,2.20523738861084,7.932121539520391,5.507394790649414
456,100909.125,10.598584175109863,-5.515703201293945,-0.8733445405960083,-0.00012994304040788037,0.13174067437648773,-0.038485221564769745,0.009015902876853943,0.13566423144630976,-0.03952117053964068,0.00780944064259529,trajectory,SOFT_LEFT,2.215031147003174,7.9434113717492645,5.515703201293945
457,100909.343,10.614813804626465,-5.520444869995117,-0.8728805780410767,-0.00013018665012968234,0.13214273750782013,-0.03861759603023529,-0.0019258365500718355,0.13563206426770943,-0.03986716829567471,0.008302967669442295,trajectory,SOFT_LEFT,2.2199761867523193,7.949810674120161,5.520444869995117
458,100909.593,10.64423942565918,-5.5290422439575195,-0.8747944831848145,-0.00013041872754513754,0.13292860984802246,-0.03885584697127342,-0.014440870843827724,0.13556919127857592,-0.039462721973254844,0.009360356358811259,trajectory,SOFT_LEFT,2.23002290725708,7.961324107728168,5.5290422439575195
459,100909.828,10.673025131225586,-5.537463665008545,-0.8788114190101624,-0.00013051836197067388,0.133581280708313,-0.039083126932382584,-0.021668845787644386,0.135516974927487,-0.03946214783923334,0.010302422130480408,trajectory,SOFT_LEFT,2.24037766456604,7.972467335095821,5.537463665008545
460,100909.984,10.701131820678711,-5.545685768127441,-0.8838952779769897,-0.00013055964385913455,0.13406606018543243,-0.03921506181359291,-0.025185033679008484,0.1354781910626022,-0.03947152739651348,0.011179977301508187,trajectory,SOFT_LEFT,2.256269931793213,7.983241612967396,5.545685768127441
461,100910.109,10.716827392578125,-5.550279140472412,-0.8868382573127747,-0.0001305709498886506,0.13427676260471344,-0.0392635241150856,-0.024386055767536163,0.1354613343275294,-0.03983036676520077,0.011696130400523542,trajectory,SOFT_LEFT,2.261559247970581,7.989210734722354,5.550279140472412
462,100910.312,10.7317476272583,-5.5546369552612305,-0.8895497918128967,-0.00013057800256725328,0.1344430297613144,-0.03930473327636719,-0.024225259199738503,0.13544803250249016,-0.039850617909748254,0.012069456484168767,trajectory,SOFT_LEFT,2.2669143676757812,7.994861170385779,5.5546369552612305
463,100910.468,10.760004997253418,-5.56290340423584,-0.8948767781257629,-0.00013058688656959448,0.13468670845031738,-0.03940997272729874,-0.025868698954582214,0.13542853708018288,-0.039451511976592045,0.012698185089975597,trajectory,SOFT_LEFT,2.277573823928833,8.0054698579408,5.56290340423584
464,100910.781,10.789523124694824,-5.571536064147949,-0.9003937840461731,-0.0001305918210728188,0.13486576080322266,-0.03949262946844101,-0.024873722344636917,0.13541421201297818,-0.03940829713843943,0.013348063435405493,trajectory,SOFT_LEFT,2.2882564067840576,8.016438614032175,5.571536064147949
465,100910.921,10.81739330291748,-5.5797038078308105,-0.9007822275161743,-0.00013068250972492535,0.13403716683387756,-0.039228588342666626,0.045816514641046524,0.13548050200400932,-0.03947587458026345,0.008182074185460806,trajectory,SOFT_LEFT,2.298959493637085,8.026672719167614,5.5797038078308105
466,100911.062,10.83303451538086,-5.584281921386719,-0.8952338099479675,-0.0001312657040178471,0.13345171511173248,-0.039046626538038254,0.04548850283026695,0.13552733822279228,-0.03984918681811918,0.007963972641155124,trajectory,SOFT_LEFT,2.304306983947754,8.032374441207839,5.584281921386719
467,100911.375,10.862236976623535,-5.592817783355713,-0.8874964118003845,-0.0001317453247098024,0.13339847326278687,-0.039026182144880295,0.02544468082487583,0.1355315962886152,-0.03945524179300343,0.008708126060664654,trajectory,SOFT_LEFT,2.3151347637176514,8.04293929914066,5.592817783355713
468,100911.609,10.89101505279541,-5.60124397277832,-0.8806394338607788,-0.0001322030865990709,0.13227152824401855,-0.038719210773706436,0.04326530545949936,0.13562175370740276,-0.03949075762120847,0.006280739381909371,trajectory,SOFT_LEFT,2.326159715652466,8.05322439264522,5.60124397277832
469,100911.843,10.918683052062988,-5.609340667724609,-0.8735424280166626,-0.00013362185574031555,0.1316031664609909,-0.03851815685629845,0.02190558798611164,0.13567522040608904,-0.03953969303948769,0.007050751959905028,trajectory,SOFT_LEFT,2.337374448776245,8.063008522701859,5.609340667724609
470,100912.078,10.94636344909668,-5.6174397468566895,-0.8709479570388794,-0.00013415843212474413,0.13213007152080536,-0.03864045813679695,0.0014881007373332977,0.13563306503638375,-0.03952977110640814,0.007950072987005114,trajectory,SOFT_LEFT,2.354705810546875,8.072691821754663,5.6174397468566895
471,100912.234,10.974588394165039,-5.625689506530762,-0.8721866011619568,-0.00013439570359212528,0.13287143409252167,-0.03883245214819908,-0.012965681031346321,0.13557375323380513,-0.039499391717250316,0.008947372315451502,trajectory,SOFT_LEFT,2.3665359020233154,8.082462792273457,5.625689506530762
472,100912.437,10.989757537841797,-5.630123615264893,-0.8739619851112366,-0.0001344635085562808,0.13323727250099182,-0.03892935812473297,-0.017656797543168068,0.13554448490841983,-0.039873050458271594,0.00951690912246704,trajectory,SOFT_LEFT,2.372537136077881,8.087667793829631,5.630123615264893
473,100912.671,11.019004821777344,-5.638667106628418,-0.8786382079124451,-0.0001345346568958959,0.13382114470005035,-0.039092760533094406,-0.024231979623436928,0.13549777315277586,-0.0394492362245758,0.01042791986837983,trajectory,SOFT_LEFT,2.3847131729125977,8.097617125339589,5.638667106628418
474,100912.906,11.047554969787598,-5.647012710571289,-0.884291410446167,-0.00013456629828519009,0.13424547016620636,-0.0392581932246685,-0.027005141600966454,0.1354638252359474,-0.03945578989386083,0.011330642551183701,trajectory,SOFT_LEFT,2.3971869945526123,8.107208528454933,5.647012710571289
475,100913.078,11.077798843383789,-5.6558518409729,-0.890577495098114,-0.00013458225796175575,0.13456639647483826,-0.03934868052601814,-0.0273309126496315,0.13543815010714982,-0.03939922628892439,0.012152413995936513,trajectory,SOFT_LEFT,2.409954071044922,8.117244595367485,5.6558518409729
476,100913.281,11.094361305236816,-5.66070032119751,-0.8938981890678406,-0.0001345869389964006,0.13469794392585754,-0.039375510066747665,-0.025443963706493378,0.13542762600756275,-0.03979596340711718,0.012702792175114155,trajectory,SOFT_LEFT,2.416444778442383,8.122679174239646,5.66070032119751
477,100913.515,11.122262001037598,-5.668859958648682,-0.8991872668266296,-0.00013459222146785502,0.1348663568496704,-0.03940572589635849,-0.025294000282883644,0.1354141526318031,-0.03946258484421852,0.013238026835024357,trajectory,SOFT_LEFT,2.429628372192383,8.131752390939354,5.668859958648682
478,100913.75,11.151000022888184,-5.677256107330322,-0.9046284556388855,-0.0001345923992042176,0.13498874008655548,-0.03947014361619949,-0.024337802082300186,0.13540436127876887,-0.03943379340085665,0.013883988447487354,trajectory,SOFT_LEFT,2.4430878162384033,8.140988574726952,5.677256107330322
479,100913.984,11.179777145385742,-5.685652256011963,-0.9097620844841003,-0.00013459161090806772,0.13507437705993652,-0.03949381783604622,-0.022624315693974495,0.13539751006854192,-0.039431900996811334,0.014466942213475704,trajectory,SOFT_LEFT,2.4637489318847656,8.150128159212683,5.685652256011963
480,100914.203,11.209364891052246,-5.694284915924072,-0.914643406867981,-0.00013459282904045768,0.13513553142547607,-0.039492540061473846,-0.020860090851783752,0.13539261772925337,-0.039408363482185765,0.015007030926644802,trajectory,SOFT_LEFT,2.478520631790161,8.159400959498665,5.694284915924072
481,100914.453,11.236926078796387,-5.70232629776001,-0.9188045859336853,-0.00013459206455993848,0.1351752132177353,-0.039484478533267975,-0.019018646329641342,0.1353894432751172,-0.039468109549340595,0.015483449427410959,trajectory,SOFT_LEFT,2.4927990436553955,8.167924872883194,5.70232629776001
482,100914.687,11.264892578125,-5.710485935211182,-0.9226719737052917,-0.00013459059441589286,0.1352035403251648,-0.03947421908378601,-0.017546745017170906,0.13538717722165122,-0.039457110554139516,0.015913417115807533,trajectory,SOFT_LEFT,2.5072929859161377,8.176461543363999,5.710485935211182
483,100914.843,11.293669700622559,-5.718882083892822,-0.9263394474983215,-0.00013459089709863217,0.13522391021251678,-0.039472345262765884,-0.01616043969988823,0.13538554764989943,-0.039433620294581515,0.016315218620002268,trajectory,SOFT_LEFT,2.522050619125366,8.185126811337309,5.718882083892822
484,100915.046,11.310287475585938,-5.723730564117432,-0.9282625317573547,-0.00013459072927562133,0.13523264229297638,-0.039472196251153946,-0.0146965142339468,0.1353848490856006,-0.03978823554291561,0.01660656711086631,trajectory,SOFT_LEFT,2.5295305252075195,8.190075618376511,5.723730564117432
485,100915.281,11.339064598083496,-5.732126712799072,-0.9313237071037292,-0.0001345905799432429,0.1352439671754837,-0.03947797417640686,-0.013941965065896511,0.13538394303326817,-0.03943317023801004,0.016863024588674308,trajectory,SOFT_LEFT,2.5446934700012207,8.198549811357122,5.732126712799072
486,100915.437,11.367436408996582,-5.740423679351807,-0.9342155456542969,-0.00013459212805509436,0.13525182008743286,-0.039522651582956314,-0.012998225167393684,0.1353833143143725,-0.03943950874029043,0.017192795537412164,trajectory,SOFT_LEFT,2.5601320266723633,8.206769379658411,5.740423679351807
487,100915.75,11.39621353149414,-5.74885368347168,-0.9368323087692261,-0.00013459391847504606,0.135257288813591,-0.03952856361865997,-0.011744769290089607,0.13538287674696792,-0.03942573753536037,0.017469615349546073,trajectory,SOFT_LEFT,2.57584285736084,8.21497269095018,5.74885368347168
488,100915.968,11.424968719482422,-5.757269859313965,-0.9345492720603943,-0.00013465169087551547,0.13452908396720886,-0.03930146247148514,0.06467897444963455,0.13544113539790528,-0.03944527554550644,0.01146439774893224,trajectory,SOFT_LEFT,2.591575860977173,8.22305342431828,5.757269859313965
489,100916.203,11.451921463012695,-5.76514196395874,-0.9212105870246887,-0.0001352185675744664,0.1338893622159958,-0.03910472244024277,0.06017627567052841,0.13549231348426377,-0.03951534773411357,0.010963264554738998,trajectory,SOFT_LEFT,2.6072230339050293,8.230530067337028,5.76514196395874
490,100916.437,11.479223251342773,-5.773118495941162,-0.9107898473739624,-0.00013543839609069097,0.13396601378917694,-0.03911324590444565,0.03941880166530609,0.13548618057872544,-0.03950426610239438,0.010966953095048665,trajectory,SOFT_LEFT,2.6229259967803955,8.237990972938345,5.773118495941162
491,100916.671,11.5073881149292,-5.781332492828369,-0.9043400287628174,-0.00013553429601847406,0.13423195481300354,-0.03918664529919624,0.020510181784629822,0.1354649042012252,-0.03947467584183412,0.011269760644063355,trajectory,SOFT_LEFT,2.6384966373443604,8.245583432125992,5.781332492828369
492,100916.89,11.536011695861816,-5.789694786071777,-0.9014425277709961,-0.00013557878068905956,0.13450153172016144,-0.039264339953660965,0.005950664635747671,0.13544333706676112,-0.039453645487529866,0.011740404600277544,trajectory,SOFT_LEFT,2.654069423675537,8.253165135630422,5.789694786071777
493,100917.14,11.565089225769043,-5.798174858093262,-0.9012718796730042,-0.0001355974343095064,0.13472186028957367,-0.039324939250946045,-0.004364463966339827,0.13542571006543486,-0.03943703103164019,0.012310342164710164,trajectory,SOFT_LEFT,2.6775200366973877,8.260753475947572,5.798174858093262
494,100917.296,11.595416069030762,-5.807034492492676,-0.9030554294586182,-0.00013560388669125908,0.13489097356796265,-0.03936747461557388,-0.011058242991566658,0.13541218052156043,-0.03939569204113873,0.012920490223914385,trajectory,SOFT_LEFT,2.693174362182617,8.268518637029914,5.807034492492676
495,100917.515,11.612006187438965,-5.811882972717285,-0.904552698135376,-0.00013560467281939834,0.13496120274066925,-0.03938290849328041,-0.01290624588727951,0.13540656201788948,-0.03979538780391419,0.013295074300840497,trajectory,SOFT_LEFT,2.701108694076538,8.272705910805373,5.811882972717285
496,100917.687,11.641593933105469,-5.8205156326293945,-0.9077386260032654,-0.00013560604553449341,0.13505594432353973,-0.039408374577760696,-0.015813099220395088,0.13539898241073828,-0.03941510979421948,0.013814420746639371,trajectory,SOFT_LEFT,2.7172203063964844,8.280082326409262,5.8205156326293945
497,100917.921,11.672802925109863,-5.829621315002441,-0.9115080833435059,-0.00013560845890504426,0.13512490689754486,-0.039458513259887695,-0.016930609941482544,0.13539346485332465,-0.039363819117496764,0.014363596141338348,trajectory,SOFT_LEFT,2.7336554527282715,8.287718342360158,5.829621315002441
498,100918.14,11.68901538848877,-5.834351539611816,-0.9135389924049377,-0.00013560983532227372,0.1351514756679535,-0.03946424648165703,-0.016386181116104126,0.1353913392851717,-0.03980070327484636,0.014742580140009523,trajectory,SOFT_LEFT,2.7419891357421875,8.291626353173598,5.834351539611816
499,100918.281,11.716981887817383,-5.842511177062988,-0.9170104265213013,-0.0001356123801729755,0.13518637418746948,-0.03946485370397568,-0.016862861812114716,0.1353885473890153,-0.03945787310950267,0.015127230901271105,trajectory,SOFT_LEFT,2.7661774158477783,8.298273000261421,5.842511177062988
500,100918.515,11.732383728027344,-5.8470048904418945,-0.9189022779464722,-0.0001356133303798929,0.13520099222660065,-0.03948415815830231,-0.015948062762618065,0.1353873777334626,-0.03982275109343073,0.015444253860041498,trajectory,SOFT_LEFT,2.774681806564331,8.301882183052324,5.8470048904418945
501,100918.734,11.761971473693848,-5.855645179748535,-0.9224321246147156,-0.00013561365833109155,0.13522233068943024,-0.03950468823313713,-0.01605038531124592,0.13538567043268437,-0.03940664377611813,0.015790034970268606,trajectory,SOFT_LEFT,2.791930913925171,8.308706462253756,5.855645179748535
502,100918.968,11.790748596191406,-5.864075183868408,-0.9258646965026855,-0.00013561420624022734,0.13523684442043304,-0.039553094655275345,-0.015359346754848957,0.13538450880731562,-0.03942378893082492,0.016206968985497953,trajectory,SOFT_LEFT,2.8095147609710693,8.315190927565041,5.864075183868408
503,100919.203,11.819120407104492,-5.872386455535889,-0.9290499687194824,-0.00013561388672237893,0.13524681329727173,-0.03955163434147835,-0.01433994434773922,0.13538371131403,-0.03943577369441224,0.016576985353603958,trajectory,SOFT_LEFT,2.8258566856384277,8.321458417613883,5.872386455535889
504,100919.437,11.84789752960205,-5.880816459655762,-0.9320536851882935,-0.00013561364970284546,0.1352538913488388,-0.03953186422586441,-0.013320759870111942,0.1353831452851477,-0.039425487620453246,0.016916882256045936,trajectory,SOFT_LEFT,2.843352794647217,8.327687641001287,5.880816459655762
505,100919.593,11.87667465209961,-5.889246463775635,-0.9348410367965698,-0.00013561218278274777,0.13525868952274323,-0.03951273113489151,-0.012346227653324604,0.1391788762650643,0.0040021610483441635,0.01723407248966396,trajectory,STRAIGHT,2.8616700172424316,8.333787796662117,5.889246463775635
506,100919.906,11.905498504638672,-5.897522926330566,-0.9373395442962646,-0.00013599352333513854,0.13549251854419708,-0.03683021664619446,-0.011318499222397804,0.1391601979230245,0.0037722356122258443,0.01751414000056684,trajectory,STRAIGHT,2.878990650177002,8.339916203876399,5.897522926330566
507,100920.156,11.934835433959961,-5.904661178588867,-0.9397690296173096,-0.00013617001753296747,0.13618232309818268,-0.02898983843624592,-0.010693937540054321,0.1391050984494062,0.003031146925071755,0.017798412861302494,trajectory,STRAIGHT,2.8976175785064697,8.347161699632112,5.904661178588867
508,100920.296,11.964326858520508,-5.910057544708252,-0.9420371651649475,-0.00013595940661757395,0.13686832785606384,-0.021184448152780533,-0.009892716072499752,0.13905030345471525,0.002232481735833987,0.018054607780650257,trajectory,STRAIGHT,2.9220972061157227,8.355897983650244,5.910057544708252
509,100920.437,11.9807710647583,-5.912373065948486,-0.9431829452514648,-0.00013582237336525057,0.1371917724609375,-0.017507711425423622,-0.00903523713350296,0.13902446806924715,0.001630441273599346,0.018236444387584927,trajectory,STRAIGHT,2.9297730922698975,8.361333067975632,5.912373065948486
510,100920.64,11.996426582336426,-5.9141950607299805,-0.9441888928413391,-0.00013571473941926895,0.13745489716529846,-0.014529925771057606,-0.008557721972465515,0.13900345057403757,0.0013428779231691634,0.01834611088968813,trajectory,STRAIGHT,2.9378511905670166,8.366814001427509,5.9141950607299805
511,100920.796,12.02657699584961,-5.916862964630127,-0.946034848690033,-0.00013558157556195027,0.13785319030284882,-0.010077135637402534,-0.00822762493044138,0.13897163557522096,0.0010710439024894333,0.018497663643211128,trajectory,STRAIGHT,2.953531265258789,8.378028110613702,5.916862964630127
512,100921.015,12.043546676635742,-5.9179816246032715,-0.9470247626304626,-0.00013553621391948096,0.13802501559257507,-0.008174542337656021,-0.007681442424654961,0.1389579102182937,0.0007640982494620088,0.018660659417510033,trajectory,STRAIGHT,2.960374116897583,8.384629809120767,5.9179816246032715
513,100921.265,12.075464248657227,-5.919539928436279,-0.9487559795379639,-0.00013548426745215193,0.1382683515548706,-0.005487630609422922,-0.00728453416377306,0.13893847249812355,0.0005929045441624443,0.018799764961004255,trajectory,STRAIGHT,2.973635673522949,8.397435170690603,5.919539928436279
514,100921.515,12.10657787322998,-5.92056131362915,-0.950364351272583,-0.0001354582666478731,0.1384323388338089,-0.0037012489046901464,-0.006764307618141174,0.13892537288571769,0.00039631422379552816,0.018985989363864066,trajectory,STRAIGHT,2.993142604827881,8.410239923022655,5.92056131362915
515,100921.75,12.135680198669434,-5.92120885848999,-0.9517545104026794,-0.00013544437784348938,0.13853895664215088,-0.002545788185670972,-0.006258482113480568,0.13891685598527315,0.00026652082914119224,0.019151994185522197,trajectory,STRAIGHT,3.0072178840637207,8.4223832378167,5.92120885848999
516,100921.984,12.166033744812012,-5.921669960021973,-0.9530918002128601,-0.00013543703119113737,0.1386161893606186,-0.0017175067914649844,-0.0057943169958889484,0.054212099092645426,0.2,0.013572676374886985,trajectory,GOAL_DIRECT,3.019963264465332,8.435128344668811,5.921669960021973
517,100922.234,12.197952270507812,-5.921834945678711,-0.9544312357902527,-0.00011207366542584826,0.13564114272594452,0.0033880318515002728,-0.006334391888231039,0.053883383461900566,0.2,0.013741580358070356,trajectory,GOAL_DIRECT,3.0328617095947266,8.448694740571625,5.921834945678711
518,100922.453,12.22520637512207,-5.918693542480469,-0.9559570550918579,-8.324546725556747e-05,0.11912831664085388,0.0276915542781353,-0.007296647410839796,0.05461097008091675,0.2,0.013953672207858306,trajectory,GOAL_DIRECT,3.045281410217285,8.463149618473496,5.921834945678711
519,100922.703,12.2492036819458,-5.909570693969727,-0.9574725031852722,-9.734219763434338e-05,0.10033950954675674,0.05515613034367561,-0.006255066487938166,0.055634682525610296,0.2,0.014013123501716357,trajectory,GOAL_DIRECT,3.0555379390716553,8.481571802156108,5.921834945678711
520,100922.937,12.268884658813477,-5.8953375816345215,-0.9586997628211975,-0.00011721839346467073,0.08505000919103622,0.07761815190315247,-0.005102618131786585,0.056483940845629854,0.2,0.01404884053317224,trajectory,GOAL_DIRECT,3.060267925262451,8.502770112709822,5.921834945678711
521,100923.171,12.28612995147705,-5.876293659210205,-0.9597245454788208,-0.00013195195861385358,0.07304014265537262,0.09544730186462402,-0.004189955070614815,0.0571944516880795,0.2,0.01408096093049096,trajectory,GOAL_DIRECT,3.056715965270996,8.52729439804775,5.921834945678711
522,100923.328,12.300920486450195,-5.8541951179504395,-0.9605725407600403,-0.00014060389122840607,0.06435030698776245,0.10852710157632828,-0.003593230154365301,0.05772708862491911,0.2,0.014120625365668162,trajectory,GOAL_DIRECT,3.0484507083892822,8.553556740380087,5.921834945678711
523,100923.546,12.307865142822266,-5.841845989227295,-0.9609560370445251,-0.00014347812361917484,0.06087256595492363,0.11383409798145294,-0.0032738775480538607,0.05791627096577734,0.2,0.014151491133060936,trajectory,GOAL_DIRECT,3.0429415702819824,8.567678906406925,5.921834945678711
524,100923.687,12.320745468139648,-5.815596103668213,-0.961653470993042,-0.0001470363028349415,0.055481843650341034,0.12219103425741196,-0.003017975017428398,0.05832320485256544,0.2,0.014182731618140574,trajectory,GOAL_DIRECT,3.0298001766204834,8.596909895410253,5.921834945678711
525,100923.906,12.327104568481445,-5.801093101501465,-0.9619980454444885,-0.00014817439157639752,0.05330425500869751,0.12561531364917755,-0.00282275234349072,0.05848183965504145,0.2,0.014214969885393456,trajectory,GOAL_DIRECT,3.0223405361175537,8.612743064497824,5.921834945678711
526,100924.171,12.339017868041992,-5.7714338302612305,-0.9626307487487793,-0.00014952592183210527,0.05002612620592117,0.13086140155792236,-0.0026573229115456343,0.05875025838239867,0.2,0.020398395135998726,trajectory,GOAL_DIRECT,3.006025552749634,8.644665676482187,5.921834945678711
527,100924.312,12.349865913391113,-5.741959571838379,-0.9632109999656677,-0.00015017941017690236,0.047816261649131775,0.13446660339832306,-0.0024963757023215294,0.05896103188353534,0.2,0.02046841056086123,trajectory,GOAL_DIRECT,2.9789929389953613,8.675973560963499,5.921834945678711
528,100924.453,12.355406761169434,-5.726138114929199,-0.9634950160980225,-0.00015039248524136129,0.04693233221769333,0.13593807816505432,-0.0023327218368649483,0.05908529986170511,0.2,0.020518931075930596,trajectory,GOAL_DIRECT,2.969454288482666,8.69266053631856,5.921834945678711
529,100924.656,12.36071491241455,-5.710570335388184,-0.9637560248374939,-0.00015053911262048454,0.04622231796383858,0.13714373111724854,-0.002239165361970663,0.059176620818861374,0.2,0.020548682743683457,trajectory,GOAL_DIRECT,2.9597625732421875,8.709019207709623,5.921834945678711
530,100924.89,12.370986938476562,-5.679492473602295,-0.9642524719238281,-0.000150708370626089,0.04516075551509857,0.13899609446525574,-0.00215843110345304,0.05929853047914185,0.2,0.02058927288278937,trajectory,GOAL_DIRECT,2.940145254135132,8.741538173371515,5.921834945678711
531,100925.125,12.380260467529297,-5.650585174560547,-0.9646931290626526,-0.00015078773225550674,0.04447557032108307,0.1402294635772705,-0.0020435391925275326,0.05943413370232629,0.2,0.020644389959052205,trajectory,GOAL_DIRECT,2.919766426086426,8.771665709601542,5.921834945678711
532,100925.359,12.389679908752441,-5.620611667633057,-0.9651196599006653,-0.00015083508604259844,0.043979521840810776,0.14115604758262634,-0.0019306514877825975,0.05955528045574509,0.2,0.020694210194051266,trajectory,GOAL_DIRECT,2.899625778198242,8.802819471961179,5.921834945678711
533,100925.515,12.399399757385254,-5.589193820953369,-0.965547502040863,-0.00015086021547676466,0.04362805560231209,0.14185123145580292,-0.0019242985872551799,0.059672584086484896,0.2,0.02075141583569348,trajectory,GOAL_DIRECT,2.8790674209594727,8.835406810658856,5.921834945678711
534,100925.734,12.40462589263916,-5.572153091430664,-0.9657787680625916,-0.00015086748839321227,0.04349213093519211,0.14213940501213074,-0.0019309993367642164,0.05978094821310262,0.2,0.02079994862899184,trajectory,GOAL_DIRECT,2.8689873218536377,8.853061182059855,5.921834945678711
535,100925.89,12.413870811462402,-5.541831970214844,-0.9661911129951477,-0.00015087489472868026,0.0433226116001606,0.14253531396389008,-0.001941298134624958,0.05984872862085202,0.2,0.020841083526611324,trajectory,GOAL_DIRECT,2.8389792442321777,8.884448858369225,5.921834945678711
536,100926.109,12.41879940032959,-5.525572776794434,-0.9664130806922913,-0.00015087742361701533,0.04326164722442627,0.1426985263824463,-0.0019459575414657593,0.059951911978364934,0.2,0.020887668412178758,trajectory,GOAL_DIRECT,2.82879900932312,8.901266439055512,5.921834945678711
537,100926.343,12.428267478942871,-5.494293689727783,-0.9668394923210144,-0.00015087858678786934,0.043186288326978683,0.14294004440307617,-0.0019535047467797995,0.060011643160224046,0.2,0.020928494706749918,trajectory,GOAL_DIRECT,2.807614803314209,8.933611345384687,5.921834945678711
538,100926.5,12.437735557556152,-5.462970733642578,-0.9672679305076599,-0.00015087762042590173,0.043150611221790314,0.14310957491397858,-0.001959587913006544,0.06011888747405957,0.2,0.020986714884638786,trajectory,GOAL_DIRECT,2.7878873348236084,8.965992350879276,5.921834945678711
539,100926.828,12.447203636169434,-5.431612491607666,-0.9676986932754517,-0.00015087779118015218,0.04314226657152176,0.14322727918624878,-0.0019643506966531277,0.06022544510076198,0.2,0.021045118235051632,trajectory,GOAL_DIRECT,2.7684037685394287,8.998401585062943,5.921834945678711
540,100927.062,12.45677375793457,-5.399888038635254,-0.9624252319335938,-0.00015065988036661892,0.04270867630839348,0.14180304110050201,0.07712976634502411,0.06036744388566586,0.2,0.014490597946569324,trajectory,GOAL_DIRECT,2.7484869956970215,9.031181813111884,5.921834945678711
541,100927.312,12.465947151184082,-5.3694071769714355,-0.9459441900253296,-0.00014902524678920951,0.04239479452371597,0.1407722681760788,0.06914716213941574,0.06050245805538999,0.2,0.013856085995212198,trajectory,GOAL_DIRECT,2.7280290126800537,9.062664126672264,5.921834945678711
542,100927.546,12.475361824035645,-5.338134288787842,-0.9326557517051697,-0.00014842880478443135,0.04250350594520569,0.14102280139923096,0.04855363443493843,0.06060112473356608,0.2,0.013435682570561767,trajectory,GOAL_DIRECT,2.6996049880981445,9.094961845621224,5.921834945678711
543,100927.703,12.484435081481934,-5.30804443359375,-0.9241052865982056,-0.0001481897168173503,0.04270024970173836,0.1415165364742279,0.030363189056515694,0.06069648353654552,0.2,0.01333180136978626,trajectory,GOAL_DIRECT,2.6813337802886963,9.12604029905853,5.921834945678711
544,100927.828,12.489566802978516,-5.29104471206665,-0.9210246801376343,-0.00014812102130863923,0.04281339794397354,0.14178600907325745,0.020382968708872795,0.0607950849876056,0.2,0.013248063130304216,trajectory,GOAL_DIRECT,2.672053098678589,9.143599315125716,5.921834945678711
545,100927.968,12.49471664428711,-5.274016380310059,-0.919012188911438,-0.00014807804936638213,0.04292193055152893,0.14202728867530823,0.013189228251576424,0.06084758352999799,0.2,0.013460604911670088,trajectory,GOAL_DIRECT,2.66247296333313,9.161190748774981,5.921834945678711
546,100928.187,12.499866485595703,-5.256958484649658,-0.9177660346031189,-0.0001480502032478231,0.0430246964097023,0.1422366499900818,0.0075733959674835205,0.06090079945815569,0.2,0.013676187573000789,trajectory,GOAL_DIRECT,2.6529641151428223,9.178807673751226,5.921834945678711
547,100928.343,12.509445190429688,-5.225345134735107,-0.916919469833374,-0.00014802199448944454,0.04319292679429054,0.1425454467535019,0.0002245766227133572,0.060949430753824356,0.2,0.014115647054277362,trajectory,GOAL_DIRECT,2.634162664413452,9.21146866324681,5.921834945678711
548,100928.671,12.519172668457031,-5.1932454109191895,-0.917543888092041,-0.00014801209919255493,0.04333366081118584,0.1427721530199051,-0.005410222336649895,0.061053469814843685,0.2,0.014525561602786183,trajectory,GOAL_DIRECT,2.606485366821289,9.244628409306326,5.921834945678711
549,100928.843,12.52861213684082,-5.162113189697266,-0.9124498963356018,-0.0001475695530635387,0.0426396019756794,0.1402781754732132,0.060830652713775635,0.06122728685599759,0.2,0.009024765128269791,trajectory,GOAL_DIRECT,2.588597059249878,9.276786693349882,5.921834945678711
550,100928.968,12.533702850341797,-5.145362377166748,-0.9055290818214417,-0.00014576770989471808,0.042303770780563354,0.13910047709941864,0.052116118371486664,0.06137008959470243,0.2,0.008942101914435625,trajectory,GOAL_DIRECT,2.5798089504241943,9.294092918494446,5.921834945678711
551,100929.187,12.53890323638916,-5.128271102905273,-0.8999086618423462,-0.00014482748386143046,0.042275913059711456,0.1388721615076065,0.03838355466723442,0.06143518389469806,0.2,0.00917033540084958,trajectory,GOAL_DIRECT,2.5712409019470215,9.311752309827831,5.921834945678711
552,100929.437,12.548439979553223,-5.09697151184082,-0.8934369087219238,-0.00014400640661102509,0.04254874214529991,0.13945786654949188,0.018864450976252556,0.06147763579885007,0.2,0.009929662151262163,trajectory,GOAL_DIRECT,2.5541043281555176,9.344094667838764,5.921834945678711
553,100929.687,12.557668685913086,-5.066758155822754,-0.8909376263618469,-0.00014367230107744492,0.04288901761174202,0.1402869075536728,0.003086858196184039,0.06156873239311177,0.2,0.010515795229002834,trajectory,GOAL_DIRECT,2.5370635986328125,9.375320412915425,5.921834945678711
554,100929.875,12.567225456237793,-5.035527229309082,-0.8915222883224487,-0.0001435201898990795,0.043197426944971085,0.14104066789150238,-0.008293503895401955,0.06165895654357036,0.2,0.011242627780884504,trajectory,GOAL_DIRECT,2.5119426250457764,9.407601010488378,5.921834945678711
555,100930.156,12.576318740844727,-5.00584602355957,-0.8940085768699646,-0.00014345599857093063,0.043437644839286804,0.141598179936409,-0.01482893992215395,0.06175940062797922,0.2,0.011939564710482955,trajectory,GOAL_DIRECT,2.4953184127807617,9.43828036866585,5.921834945678711
556,100930.39,12.585725784301758,-4.975212097167969,-0.8977195024490356,-0.00014342739263392652,0.04363833740353584,0.1420278251171112,-0.018552403897047043,0.06185806157039292,0.2,0.012634711116552351,trajectory,GOAL_DIRECT,2.478626012802124,9.469949783194382,5.921834945678711
557,100930.546,12.595173835754395,-4.944498538970947,-0.9020248651504517,-0.00014341660879682545,0.04380245506763458,0.14234107732772827,-0.02015940099954605,0.06196412822987568,0.2,0.013294547526165844,trajectory,GOAL_DIRECT,2.461893320083618,9.501704383890761,5.921834945678711
558,100930.75,12.60083293914795,-4.926126956939697,-0.9046137928962708,-0.00014341233419671874,0.04388827830553055,0.14248394966125488,-0.01935349963605404,0.06207772487567325,0.2,0.013726150346919895,trajectory,GOAL_DIRECT,2.4535200595855713,9.520699918624146,5.921834945678711
559,100930.906,12.609782218933105,-4.8970417976379395,-0.9086519479751587,-0.0001434089556628911,0.044012218713760376,0.1426570862531662,-0.019860688596963882,0.06214033835574678,0.2,0.014189096596091987,trajectory,GOAL_DIRECT,2.436741828918457,9.550765245583435,5.921834945678711
560,100931.109,12.614678382873535,-4.881198406219482,-0.9108494520187378,-0.00014340824744785784,0.04407482221722603,0.1427289843559265,-0.01900934800505638,0.06225136845606301,0.2,0.014574738694354892,trajectory,GOAL_DIRECT,2.428335189819336,9.5671501863193,5.921834945678711
561,100931.265,12.62435531616211,-4.8499298095703125,-0.915017306804657,-0.00014340545595514732,0.0441884808242321,0.1428360790014267,-0.018950441852211952,0.06230553068565036,0.2,0.014965550145134331,trajectory,GOAL_DIRECT,2.4115192890167236,9.599490133181316,5.921834945678711
562,100931.39,12.629790306091309,-4.8323540687561035,-0.9172940850257874,-0.00014340534780725355,0.04424816742539406,0.1428796499967575,-0.01760604791343212,0.06242636726350881,0.2,0.015326756425201893,trajectory,GOAL_DIRECT,2.4031238555908203,9.617664090850294,5.921834945678711
563,100931.703,12.639070510864258,-4.802346706390381,-0.9208900332450867,-0.00014340587349758428,0.04434594139456749,0.14293280243873596,-0.017081746831536293,0.06248988435159328,0.2,0.015658491645008325,trajectory,GOAL_DIRECT,2.3779807090759277,9.648689698676659,5.921834945678711
564,100931.937,12.648394584655762,-4.772375106811523,-0.919361412525177,-0.00014329839154332907,0.04417508840560913,0.1421244889497757,0.057974591851234436,0.06262639405402196,0.2,0.009883770979940892,trajectory,GOAL_DIRECT,2.361509323120117,9.679698111047584,5.921834945678711
565,100932.187,12.658071517944336,-4.741337776184082,-0.9067991375923157,-0.00014262410644423387,0.04405519366264343,0.14152318239212036,0.04999985918402672,0.06275881922576149,0.2,0.009763464238494633,trajectory,GOAL_DIRECT,2.345534086227417,9.7118138343158,5.921834945678711
566,100932.421,12.66774845123291,-4.7103376388549805,-0.897958517074585,-0.00014237921309996035,0.04417506232857704,0.1416551023721695,0.0278788935393095,0.06287749340792724,0.2,0.010021354239434002,trajectory,GOAL_DIRECT,2.330026865005493,9.743891367300291,5.921834945678711
567,100932.671,12.677425384521484,-4.67928409576416,-0.8937707543373108,-0.0001422788547243391,0.04434351250529289,0.14193278551101685,0.009103025309741497,0.06299330927554786,0.2,0.01056120146997273,trajectory,GOAL_DIRECT,2.3148319721221924,9.77601182109525,5.921834945678711
568,100932.89,12.687037467956543,-4.648599624633789,-0.8931664824485779,-0.00014223919132474072,0.044504109770059586,0.1421850174665451,-0.0038256857078522444,0.0631118696789349,0.2,0.01120867058634758,trajectory,GOAL_DIRECT,2.2999095916748047,9.807767903417425,5.921834945678711
569,100933.125,12.696249961853027,-4.619144439697266,-0.8948237895965576,-0.00014222198851109093,0.04464254155755043,0.14237454533576965,-0.011759616434574127,0.06323100438537528,0.2,0.011874792873859404,trajectory,GOAL_DIRECT,2.2852864265441895,9.838240649444383,5.921834945678711
570,100933.359,12.706055641174316,-4.587947368621826,-0.8980162739753723,-0.00014221238635611815,0.04477300867438316,0.14252127707004547,-0.01658644899725914,0.063347341193299,0.2,0.01256169375963509,trajectory,GOAL_DIRECT,2.270723819732666,9.870532017973783,5.921834945678711
571,100933.593,12.71560287475586,-4.557579040527344,-0.9019073843955994,-0.0001422090118537362,0.04488658905029297,0.14262105524539948,-0.018879439681768417,0.06347296822808976,0.2,0.013211548533290624,trajectory,GOAL_DIRECT,2.249152183532715,9.901961461848504,5.921834945678711
572,100933.75,12.724885940551758,-4.528046607971191,-0.9059944748878479,-0.0001422066063822302,0.044987574219703674,0.14268693327903748,-0.019562652334570885,0.063597548026496,0.2,0.013801912441849709,trajectory,GOAL_DIRECT,2.235034227371216,9.932520343656181,5.921834945678711
573,100933.984,12.734500885009766,-4.497644424438477,-0.9100514650344849,-0.00014220548146036828,0.04508929327130318,0.14272907376289368,-0.019057385623455048,0.06371996377512062,0.2,0.014312381912022828,trajectory,GOAL_DIRECT,2.221324920654297,9.964000435990481,5.921834945678711
574,100934.109,12.739782333374023,-4.480944633483887,-0.9122709631919861,-0.0001422041866224296,0.0451437272131443,0.14274391531944275,-0.018233874812722206,0.06385020415187256,0.2,0.014702954022213817,trajectory,GOAL_DIRECT,2.2148776054382324,9.981290135017145,5.921834945678711
575,100934.25,12.74533462524414,-4.463388442993164,-0.9144920706748962,-0.00014220294075700815,0.0452013723552227,0.1427539587020874,-0.017710519954562187,0.06392021426760591,0.2,0.014961145147681236,trajectory,GOAL_DIRECT,2.208496332168579,9.99946479412774,5.921834945678711
576,100934.453,12.750616073608398,-4.446688652038574,-0.9165554046630859,-0.00014220151993112002,0.045257821679115295,0.14275871217250824,-0.01730002462863922,0.06399468024479482,0.2,0.015220613405108453,trajectory,GOAL_DIRECT,2.2021796703338623,10.01675125881945,5.921834945678711
577,100934.687,12.760272026062012,-4.416286468505859,-0.9202814102172852,-0.00014219913336855142,0.04535822942852974,0.14275936782360077,-0.017352910712361336,0.06406228931186805,0.2,0.01558685035444796,trajectory,GOAL_DIRECT,2.1897382736206055,10.048235913419509,5.921834945678711
578,100934.921,12.770227432250977,-4.385027885437012,-0.9240838289260864,-0.00014219822938010327,0.04545178264379501,0.14275404810905457,-0.01650998927652836,0.06419282290540695,0.2,0.016026830235496163,trajectory,GOAL_DIRECT,2.1775665283203125,10.080614341206184,5.921834945678711
579,100935.093,12.780319213867188,-4.353341102600098,-0.9276878237724304,-0.00014219586520968538,0.045536208897829056,0.14274510741233826,-0.015260654501616955,0.0643290741554639,0.2,0.016430882913991807,trajectory,GOAL_DIRECT,2.1596124172210693,10.113430492880038,5.921834945678711
580,100935.296,12.785365104675293,-4.337497711181641,-0.9293327927589417,-0.00014219518767830455,0.045578181743621826,0.1427387148141861,-0.013960539363324642,0.06447253405139806,0.2,0.016716024838387966,trajectory,GOAL_DIRECT,2.1539347171783447,10.12983633600514,5.921834945678711
581,100935.531,12.794947624206543,-4.307523727416992,-0.9322043061256409,-0.00014219265909092214,0.045661844313144684,0.14272260665893555,-0.013340714387595654,0.06453996037103099,0.2,0.016950093898922203,trajectory,GOAL_DIRECT,2.1426243782043457,10.160886791750709,5.921834945678711
582,100935.765,12.805109977722168,-4.275836944580078,-0.9351272583007812,-0.00014219119766732775,0.045752838253974915,0.14270152151584625,-0.012476189061999321,0.06467333312588333,0.2,0.0172716067917645,trajectory,GOAL_DIRECT,2.1313416957855225,10.193720379906026,5.921834945678711
583,100936.015,12.814997673034668,-4.245006561279297,-0.9377735257148743,-0.00014218971871150256,0.04583561792969704,0.14268070459365845,-0.011509973555803299,0.06481649505088513,0.2,0.01757553056813776,trajectory,GOAL_DIRECT,2.120083808898926,10.225660687158044,5.921834945678711
584,100936.171,12.825434684753418,-4.21246337890625,-0.94032883644104,-0.00014219062033932257,0.04592128470540047,0.14265766739845276,-0.010535514913499355,0.06495727056531493,0.2,0.017850685622543095,trajectory,GOAL_DIRECT,2.1088263988494873,10.259369026289884,5.921834945678711
585,100936.39,12.830817222595215,-4.195772171020508,-0.9415256381034851,-0.0001421913613007659,0.045966994017362595,0.14264464378356934,-0.009670144878327847,0.06511150895047564,0.2,0.018058896781876683,trajectory,GOAL_DIRECT,2.10319447517395,10.276668756809482,5.921834945678711
586,100936.625,12.841050148010254,-4.164120674133301,-0.943621039390564,-0.0001421924571034902,0.04605921730399132,0.1426176279783249,-0.009172030724585056,0.06518521248313468,0.2,0.01822573285549879,trajectory,GOAL_DIRECT,2.086345911026001,10.309481323760567,5.921834945678711
587,100936.859,12.850868225097656,-4.133752346038818,-0.9455388188362122,-0.00014219264697796214,0.046150486916303635,0.14259012043476105,-0.008516808040440083,0.06533258053682531,0.2,0.01844764052890241,trajectory,GOAL_DIRECT,2.0753448009490967,10.340957625833788,5.921834945678711
588,100937.031,12.860686302185059,-4.103384017944336,-0.9473135471343994,-0.0001421920402778007,0.046236682683229446,0.14256367087364197,-0.007878868840634823,0.06547604267076602,0.2,0.01864865271374583,trajectory,GOAL_DIRECT,2.0643515586853027,10.372427904788555,5.921834945678711
589,100937.343,12.87153434753418,-4.070021629333496,-0.9490573406219482,-0.00014219029154134875,0.04633467271924019,0.14253316819667816,-0.00717588234692812,0.06562051652341322,0.2,0.018830732675269246,trajectory,GOAL_DIRECT,2.0544228553771973,10.407022523790342,5.921834945678711
590,100937.5,12.881113052368164,-4.040604591369629,-0.9444741606712341,-0.0001419545541014495,0.04585816711187363,0.1407729983329773,0.07274617999792099,0.06582665364795112,0.2,0.01235630360431969,trajectory,GOAL_DIRECT,2.0442376136779785,10.437526179730794,5.921834945678711
591,100937.718,12.886595726013184,-4.02377986907959,-0.9356614947319031,-0.0001404875143062525,0.04557454213500023,0.1397797018289566,0.07007486373186111,0.06599918570077656,0.2,0.01173908919095993,trajectory,GOAL_DIRECT,2.0392322540283203,10.454971720647285,5.921834945678711
592,100937.953,12.896689414978027,-3.9927921295166016,-0.9222381114959717,-0.00013933605026457372,0.04562190920114517,0.13957494497299194,0.04964219406247139,0.06608202807984384,0.2,0.011952080018818378,trajectory,GOAL_DIRECT,2.0302629470825195,10.487095790226078,5.921834945678711
593,100938.187,12.906302452087402,-3.963438034057617,-0.9136118292808533,-0.00013889855226446995,0.04588261619210243,0.14001573622226715,0.030237330123782158,0.06622233337681124,0.2,0.011930070044472815,trajectory,GOAL_DIRECT,2.0172171592712402,10.51754414723918,5.921834945678711
594,100938.421,12.916522979736328,-3.9322938919067383,-0.908655047416687,-0.00013869567298251147,0.04617253318428993,0.1405509114265442,0.013579631224274635,0.0663524069831637,0.2,0.012280265018343926,trajectory,GOAL_DIRECT,2.008878707885742,10.549852615216679,5.921834945678711
595,100938.593,12.92652702331543,-3.9018850326538086,-0.906941294670105,-0.00013861243518042,0.0464215949177742,0.1409866213798523,0.001866085920482874,0.06649668831300361,0.2,0.012709560049697756,trajectory,GOAL_DIRECT,2.001781702041626,10.581403277839334,5.921834945678711
596,100938.796,12.931957244873047,-3.885378360748291,-0.9070020318031311,-0.00013859023115564065,0.0465414859354496,0.14117799699306488,-0.0029935913626104593,0.06664896265704545,0.2,0.012955434331670401,trajectory,GOAL_DIRECT,1.9978806972503662,10.598526855335347,5.921834945678711
597,100938.968,12.942041397094727,-3.854851245880127,-0.9083357453346252,-0.00013856813221637635,0.04674156382679939,0.14145521819591522,-0.008875470608472824,0.06672175255114618,0.2,0.013497842494398355,trajectory,GOAL_DIRECT,1.990322470664978,10.630209188172117,5.921834945678711
598,100939.187,12.947929382324219,-3.8370203971862793,-0.909599781036377,-0.00013856205561305483,0.046847350895404816,0.14157803356647491,-0.010861197486519814,0.06687813771836729,0.2,0.013833476472645998,trajectory,GOAL_DIRECT,1.9871418476104736,10.648710610824441,5.921834945678711
599,100939.328,12.958075523376465,-3.8064210414886475,-0.9122920036315918,-0.00013855564618168791,0.04700887203216553,0.14173747599124908,-0.013690734282135963,0.0669626204387239,0.2,0.014302091086283327,trajectory,GOAL_DIRECT,1.9809218645095825,10.680474943547402,5.921834945678711
600,100939.562,12.964003562927246,-3.7885568141937256,-0.9140509963035583,-0.00013855332593007132,0.04709556698799133,0.14180558919906616,-0.013917333446443081,0.06712356235833615,0.2,0.014637428233399986,trajectory,GOAL_DIRECT,1.9773329496383667,10.699018225318007,5.921834945678711
601,100939.812,12.973752975463867,-3.7591938972473145,-0.9170932173728943,-0.00013855099380188273,0.047226931899785995,0.141887366771698,-0.015122884884476662,0.06721202985793445,0.2,0.015035772621631622,trajectory,GOAL_DIRECT,1.9690070152282715,10.729494671406792,5.921834945678711
602,100940.031,12.984126091003418,-3.728111505508423,-0.9205374121665955,-0.00013855022442023484,0.04735437035560608,0.1419423520565033,-0.015499601140618324,0.0673661438753208,0.2,0.015497183799743653,trajectory,GOAL_DIRECT,1.9637290239334106,10.7617736003751,5.921834945678711
603,100940.281,12.994357109069824,-3.6974527835845947,-0.9239073395729065,-0.00013855113995751603,0.04746647924184799,0.14197491109371185,-0.014994845725595951,0.06753211171783045,0.2,0.01591859444975853,trajectory,GOAL_DIRECT,1.9585994482040405,10.793604810199568,5.921834945678711
604,100940.515,13.004620552062988,-3.6667771339416504,-0.9271378517150879,-0.00013855225352495996,0.047572504729032516,0.1419905424118042,-0.01427522860467434,0.06769870517082718,0.2,0.016309521067887543,trajectory,GOAL_DIRECT,1.9534690380096436,10.825458864588018,5.921834945678711
605,100940.75,13.015063285827637,-3.6356751918792725,-0.9302480220794678,-0.00013855337970436935,0.04767829179763794,0.14199286699295044,-0.013501529581844807,0.0678672146884703,0.2,0.016678231963887808,trajectory,GOAL_DIRECT,1.9483498334884644,10.857765354290542,5.921834945678711
606,100940.906,13.025649070739746,-3.60414719581604,-0.9332050085067749,-0.00013855590917214822,0.04778524488210678,0.1419847011566162,-0.012606914155185223,0.06803971084827201,0.2,0.017019362496212123,trajectory,GOAL_DIRECT,1.943269968032837,10.890506284105127,5.921834945678711
607,100941.031,13.031373023986816,-3.5871050357818604,-0.9346681833267212,-0.0001385581202109568,0.04784509912133217,0.14197619259357452,-0.011548100970685482,0.06822121806323923,0.2,0.017259622057899833,trajectory,GOAL_DIRECT,1.940733551979065,10.908201531304554,5.921834945678711
608,100941.25,13.036845207214355,-3.570923089981079,-0.9359550476074219,-0.00013855886434086765,0.04790612682700157,0.14196491241455078,-0.010983680374920368,0.06831816233928156,0.2,0.01740341010503471,trajectory,GOAL_DIRECT,1.9356497526168823,10.925019208021066,5.921834945678711
609,100941.406,13.047357559204102,-3.5398385524749756,-0.9383569955825806,-0.0001385595432130028,0.04803059995174408,0.1419370025396347,-0.010791183449327946,0.06840461895604666,0.2,0.017617692286148668,trajectory,GOAL_DIRECT,1.9309190511703491,10.957319023323075,5.921834945678711
610,100941.546,13.05340576171875,-3.521954298019409,-0.939687192440033,-0.00013856043382767718,0.04810049384832382,0.14191973209381104,-0.01006273739039898,0.0685863556758568,0.2,0.017830467326566575,trajectory,GOAL_DIRECT,1.9286201000213623,10.975898708301797,5.921834945678711
611,100941.765,13.059024810791016,-3.505347490310669,-0.9408402442932129,-0.00013856073785486437,0.048164285719394684,0.1419030874967575,-0.009565860964357853,0.06869032491669332,0.2,0.017961644381284714,trajectory,GOAL_DIRECT,1.9263741970062256,10.993150150935007,5.921834945678711
612,100942.0,13.069751739501953,-3.473850965499878,-0.9429453611373901,-0.00013856034150162334,0.048286836594343185,0.1418687254190445,-0.00928072351962328,0.06878258068220146,0.2,0.018142278799787165,trajectory,GOAL_DIRECT,1.9228954315185547,11.025896468678733,5.921834945678711
613,100942.156,13.081058502197266,-3.4406559467315674,-0.9450876712799072,-0.00013856079496238225,0.04840685427188873,0.14183327555656433,-0.008673109114170074,0.06896684337539101,0.2,0.01838004901073873,trajectory,GOAL_DIRECT,1.9182007312774658,11.06039978985574,5.921834945678711
614,100942.375,13.086566925048828,-3.4244840145111084,-0.9460436701774597,-0.00013856121525663572,0.048462096601724625,0.14181646704673767,-0.007951234467327595,0.06917001390307502,0.2,0.018552530081942676,trajectory,GOAL_DIRECT,1.9168223142623901,11.077205473395374,5.921834945678711
615,100942.625,13.097208976745605,-3.3934342861175537,-0.9477488398551941,-0.00013856129553187316,0.0485713928937912,0.1417822241783142,-0.007585067301988602,0.06926365869676929,0.2,0.01868990447372198,trajectory,GOAL_DIRECT,1.9138758182525635,11.10949747045762,5.921834945678711
616,100942.875,13.107860565185547,-3.362384557723999,-0.9493823647499084,-0.0001385611986529974,0.04868391156196594,0.14174596965312958,-0.007081618532538414,0.06945165604408311,0.2,0.018876510672271248,trajectory,GOAL_DIRECT,1.9126418828964233,11.141785185503434,5.921834945678711
617,100943.109,13.118658065795898,-3.3309226036071777,-0.9509208798408508,-0.00013856221326016458,0.04879155382514,0.14171083271503448,-0.006558662746101618,0.06964288880049195,0.2,0.019050704818218946,trajectory,GOAL_DIRECT,1.9113315343856812,11.17449443019409,5.921834945678711
618,100943.265,13.129670143127441,-3.2990400791168213,-0.9523627161979675,-0.0001385631910191554,0.04889984801411629,0.14167504012584686,-0.006059965118765831,0.06983984947272123,0.2,0.01921391500160098,trajectory,GOAL_DIRECT,1.909803032875061,11.207665729774332,5.921834945678711
619,100943.515,13.140685081481934,-3.267167091369629,-0.9536507725715637,-0.0001385647825491741,0.04901694506406784,0.14163558185100555,-0.005516038276255131,0.0700401787282088,0.2,0.019357585050165653,trajectory,GOAL_DIRECT,1.9092743396759033,11.24082019994354,5.921834945678711
620,100943.765,13.150976181030273,-3.2374267578125,-0.954762876033783,-0.00013856490117152646,0.04913162812590599,0.14159664511680603,-0.005116105545312166,0.07024395552469317,0.2,0.01949088165536523,trajectory,GOAL_DIRECT,1.9098871946334839,11.271753616602338,5.921834945678711
621,100944.078,13.161619186401367,-3.206845998764038,-0.9558302164077759,-0.00013856501540593401,0.04925215616822243,0.1415552794933319,-0.004777840804308653,0.07043584856266309,0.2,0.0196118900552392,trajectory,GOAL_DIRECT,1.9105913639068604,11.303582102143144,5.921834945678711
622,100944.312,13.172246932983398,-3.1763319969177246,-0.9515931606292725,-0.00013842260278463245,0.0489468052983284,0.14030544459819794,0.07345769554376602,0.07066895266179567,0.2,0.013232085062190889,trajectory,GOAL_DIRECT,1.9118249416351318,11.335335454829195,5.921834945678711
623,100944.562,13.183064460754395,-3.1453335285186768,-0.9353182911872864,-0.0001368853366187025,0.04871411994099617,0.13929671049118042,0.06555802375078201,0.07089896507891554,0.2,0.012689503552392123,trajectory,GOAL_DIRECT,1.9130666255950928,11.367593392887098,5.921834945678711
624,100944.796,13.193747520446777,-3.1148180961608887,-0.9230863451957703,-0.00013635192096422792,0.04890267923474312,0.13943567872047424,0.04390013962984085,0.07110176407026489,0.2,0.012424630131572481,trajectory,GOAL_DIRECT,1.9143069982528687,11.399355642101888,5.921834945678711
625,100944.968,13.204632759094238,-3.0838215351104736,-0.9152608513832092,-0.0001361311435141275,0.04918034374713898,0.1398097425699234,0.024984050542116165,0.07129645293045322,0.2,0.012505015917122364,trajectory,GOAL_DIRECT,1.915562391281128,11.431625189231282,5.921834945678711
626,100945.203,13.215578079223633,-3.052743434906006,-0.9116029143333435,-0.0001360394597290096,0.04945584759116173,0.14015647768974304,0.009712553583085537,0.07149736493987134,0.2,0.012877449113875629,trajectory,GOAL_DIRECT,1.9175398349761963,11.463984718541372,5.921834945678711
627,100945.343,13.221380233764648,-3.0363359451293945,-0.9107966423034668,-0.00013601399760266642,0.049590107053518295,0.14030705392360687,0.0036983690224587917,0.07171300457412218,0.2,0.013006774075329304,trajectory,GOAL_DIRECT,1.9181897640228271,11.481076266167749,5.921834945678711
628,100945.468,13.227331161499023,-3.0194900035858154,-0.9106359481811523,-0.00013599753241558108,0.04972152039408684,0.14043641090393066,-0.0008859271765686572,0.07182283893179804,0.2,0.013296823962591587,trajectory,GOAL_DIRECT,1.918894648551941,11.498618173813792,5.921834945678711
629,100945.703,13.233612060546875,-3.0017881393432617,-0.9109846949577332,-0.00013598704014910768,0.04985564574599266,0.14054614305496216,-0.004515873268246651,0.07193702398504183,0.2,0.013590972879901528,trajectory,GOAL_DIRECT,1.9196721315383911,11.517061817064889,5.921834945678711
630,100945.953,13.2449951171875,-2.9697248935699463,-0.9126026630401611,-0.00013597694978977596,0.050077661871910095,0.14069147408008575,-0.009341621771454811,0.07205091886021031,0.2,0.014087629131972788,trajectory,GOAL_DIRECT,1.921912431716919,11.550462627802862,5.921834945678711
631,100946.156,13.256296157836914,-2.9380581378936768,-0.9150967597961426,-0.00013597533184576895,0.05026351287961006,0.14078585803508759,-0.01223849505186081,0.07227768383848295,0.2,0.0145818639267236,trajectory,GOAL_DIRECT,1.9252618551254272,11.583468321408747,5.921834945678711
632,100946.343,13.267312049865723,-2.907217264175415,-0.9179527759552002,-0.00013597742167507598,0.05042057856917381,0.14084333181381226,-0.013488168828189373,0.07250622152784794,0.2,0.01503702656365931,trajectory,GOAL_DIRECT,1.9290390014648438,11.61560644226176,5.921834945678711
633,100946.484,13.273377418518066,-2.8903181552886963,-0.9195943474769592,-0.00013597847625148766,0.05050361528992653,0.1408620923757553,-0.013402747921645641,0.07273833431931648,0.2,0.015355479093268513,trajectory,GOAL_DIRECT,1.9304944276809692,11.633226384552298,5.921834945678711
634,100946.625,13.279897689819336,-2.8721418380737305,-0.9213306307792664,-0.00013597921812943915,0.050595834851264954,0.1408725082874298,-0.013412600383162498,0.07286263987719134,0.2,0.015582871530205012,trajectory,GOAL_DIRECT,1.9320167303085327,11.65217224225881,5.921834945678711
635,100946.859,13.29129695892334,-2.8404381275177,-0.9243847131729126,-0.00013598039914392463,0.05076584219932556,0.14087025821208954,-0.013938511721789837,0.07299224629457926,0.2,0.015925503931939602,trajectory,GOAL_DIRECT,1.9370942115783691,11.685221751181402,5.921834945678711
636,100947.0,13.29740047454834,-2.8235294818878174,-0.9260352849960327,-0.0001359820951084933,0.050852883607149124,0.14086325466632843,-0.013285063207149506,0.07323787476689554,0.2,0.016215830845758318,trajectory,GOAL_DIRECT,1.9389119148254395,11.702855192874006,5.921834945678711
637,100947.234,13.304572105407715,-2.8036723136901855,-0.9278872609138489,-0.00013598376514610105,0.05095340311527252,0.14085064828395844,-0.012966991402208805,0.07336569685506991,0.2,0.01642354040406644,trajectory,GOAL_DIRECT,1.946588397026062,11.723560745517398,5.921834945678711
638,100947.453,13.314676284790039,-2.7757887840270996,-0.9304977655410767,-0.0001359843988903206,0.05109405517578125,0.14082585275173187,-0.01300507690757513,0.07351562756323274,0.19988924885790008,0.016714819800108673,trajectory,GOAL_DIRECT,1.9493743181228638,11.752644245146561,5.921834945678711
639,100947.718,13.326191902160645,-2.744102954864502,-0.9334103465080261,-0.00013598740838972548,0.05124307796359062,0.14079374074935913,-0.01243222039192915,0.07373215846154356,0.1992809257331528,0.017036921111866832,trajectory,GOAL_DIRECT,1.9547314643859863,11.78569843118467,5.921834945678711
640,100947.953,13.337884902954102,-2.7120072841644287,-0.936217725276947,-0.00013599038541032014,0.05138884484767914,0.1407565176486969,-0.01164899580180645,0.07398366812568481,0.19897607227131378,0.01736265655606985,trajectory,GOAL_DIRECT,1.9613943099975586,11.819180906560574,5.921834945678711
641,100948.125,13.34931755065918,-2.6807615756988525,-0.9387533664703369,-0.00013599307241714978,0.051550157368183136,0.14070861041545868,-0.010755372233688831,0.07424159177592154,0.1987890040724114,0.017657014578580855,trajectory,GOAL_DIRECT,1.9677952527999878,11.851788575348662,5.921834945678711
642,100948.265,13.355188369750977,-2.6647238731384277,-0.9399394392967224,-0.00013599374337996503,0.0516437366604805,0.14067870378494263,-0.009868093766272068,0.07450124374905008,0.2,0.0178612616378814,trajectory,GOAL_DIRECT,1.975153923034668,11.868521336640418,5.921834945678711
643,100948.39,13.361712455749512,-2.6469998359680176,-0.9411566853523254,-0.00013599485151284807,0.05175451561808586,0.14064213633537292,-0.009403196163475513,0.0746314276056946,0.19973029917161828,0.01798593364655971,trajectory,GOAL_DIRECT,1.9789141416549683,11.887028074450235,5.921834945678711
644,100948.625,13.368241310119629,-2.6292805671691895,-0.9423242807388306,-0.00013599604158261617,0.05185568705201149,0.1406082957983017,-0.00903635285794735,0.07477737564111377,0.19957484439155315,0.018118622060865164,trajectory,GOAL_DIRECT,1.982731819152832,11.905528684428688,5.921834945678711
645,100948.781,13.380547523498535,-2.595961332321167,-0.9444515705108643,-0.00013599793214115247,0.05203333497047424,0.1405477225780487,-0.008773679845035076,0.07491866002270851,0.19785904250913075,0.018303400753065944,trajectory,GOAL_DIRECT,1.9904401302337646,11.94032002285314,5.921834945678711
646,100948.921,13.38696002960205,-2.5786778926849365,-0.9455018639564514,-0.00013599776360617534,0.05212824046611786,0.14051447808742523,-0.008117541670799255,0.07520718935512374,0.19915836433010578,0.01848457639105618,trajectory,GOAL_DIRECT,1.9942998886108398,11.958375825266469,5.921834945678711
647,100949.062,13.393528938293457,-2.560973882675171,-0.9464985728263855,-0.00013599734565707412,0.052246659994125366,0.14047212898731232,-0.007686271332204342,0.07535278795721803,0.1989582887830489,0.01858934925869107,trajectory,GOAL_DIRECT,2.0020482540130615,11.976866443597821,5.921834945678711
648,100949.296,13.400437355041504,-2.542435646057129,-0.9474977850914001,-0.00013599719246204956,0.05236736312508583,0.14042872190475464,-0.00738165806978941,0.07550376001055961,0.1987106845752368,0.018699816800653937,trajectory,GOAL_DIRECT,2.005927801132202,11.99623907917282,5.921834945678711
649,100949.453,13.412711143493652,-2.5095832347869873,-0.9492083191871643,-0.00013599809548772766,0.05257147550582886,0.14035455882549286,-0.007119371090084314,0.07565653571410104,0.19710812022782065,0.018849449716508388,trajectory,GOAL_DIRECT,2.0137157440185547,12.03057346844325,5.921834945678711
650,100949.687,13.419029235839844,-2.492741346359253,-0.9500406384468079,-0.00013599873505899243,0.052678417414426804,0.14031517505645752,-0.006614722311496735,0.0759515977775805,0.19839328698672168,0.01899635644629598,trajectory,GOAL_DIRECT,2.017656087875366,12.048182258848271,5.921834945678711
651,100949.921,13.430585861206055,-2.4620203971862793,-0.9514583945274353,-0.0001359995435540542,0.05290961638092995,0.14022940397262573,-0.006296937819570303,0.07609036898897437,0.19684620663011562,0.019112698677927253,trajectory,GOAL_DIRECT,2.0295329093933105,12.080307349187654,5.921834945678711
652,100950.171,13.442206382751465,-2.4313182830810547,-0.952813446521759,-0.0001360004798817337,0.053114213049411774,0.14015299081802368,-0.005882810335606337,0.07636426101195783,0.19654669436926409,0.019268051870167256,trajectory,GOAL_DIRECT,2.0377726554870605,12.11243536044914,5.921834945678711
653,100950.343,13.454822540283203,-2.3981122970581055,-0.9541751146316528,-0.00013600046792838118,0.05336025729775429,0.1400601863861084,-0.005447138100862503,0.07663805800755724,0.19599121026043248,0.01941667264327407,trajectory,GOAL_DIRECT,2.046627998352051,12.147191564209374,5.921834945678711
654,100950.515,13.46139144897461,-2.3808884620666504,-0.9548250436782837,-0.0001360015695231264,0.0534980371594429,0.1400078982114792,-0.005031307227909565,0.0769496002852516,0.197248366128069,0.01953185717575252,trajectory,GOAL_DIRECT,2.0515034198760986,12.165225557105018,5.921834945678711
655,100950.718,13.473139762878418,-2.3502357006073,-0.9558961391448975,-0.0001360045115225347,0.05375433713197708,0.13991017639636993,-0.0047642504796385765,0.07709837800619483,0.19573121408109784,0.01961939292959869,trajectory,GOAL_DIRECT,2.065333127975464,12.19733875894498,5.921834945678711
656,100951.046,13.484936714172363,-2.3196053504943848,-0.9568966031074524,-0.00013600490459562842,0.05399398133158684,0.1398181915283203,-0.004431408829987049,0.07738331001678546,0.19541250270512256,0.019733999269083143,trajectory,GOAL_DIRECT,2.0755486488342285,12.229443062829242,5.921834945678711
657,100951.218,13.497209548950195,-2.287903308868408,-0.9503446221351624,-0.0001355365854219779,0.05314531549811363,0.13692589104175568,0.0775807574391365,0.07775942443751913,0.19520212767343453,0.012930622678250073,trajectory,GOAL_DIRECT,2.0866446495056152,12.262687323213243,5.921834945678711
658,100951.359,13.504189491271973,-2.26993989944458,-0.9403491616249084,-0.00013296917432488843,0.05274023488163948,0.13549596071243286,0.07061406224966049,0.07811554654931252,0.19633702805833897,0.012430243138223886,trajectory,GOAL_DIRECT,2.091810703277588,12.28153053629222,5.921834945678711
659,100951.687,13.516230583190918,-2.239096164703369,-0.9268931150436401,-0.00013122795418617114,0.0529925674200058,0.13535018265247345,0.04903038963675499,0.07828135321409282,0.19485673718889118,0.012632958684116602,trajectory,GOAL_DIRECT,2.102243423461914,12.313901841509267,5.921834945678711
660,100951.937,13.527666091918945,-2.209947109222412,-0.9145246148109436,-0.0001298118544508821,0.05246482416987419,0.13337384164333344,0.06811022758483887,0.07864604734789872,0.19482925440880478,0.009342280169948935,trajectory,GOAL_DIRECT,2.1195082664489746,12.344508828399965,5.921834945678711
661,100952.109,13.5396089553833,-2.1796820163726807,-0.9013811349868774,-0.0001264599269967561,0.05245856195688248,0.13266049325466156,0.04401370510458946,0.07895577253757918,0.19443223389363648,0.009559572879225015,trajectory,GOAL_DIRECT,2.1314852237701416,12.376308765175459,5.921834945678711
662,100952.25,13.546399116516113,-2.162536859512329,-0.8966483473777771,-0.00012567596363729575,0.052849575877189636,0.13319692015647888,0.02741892822086811,0.07925015792983134,0.19533898037375075,0.009531266195699573,trajectory,GOAL_DIRECT,2.137526273727417,12.394329031283,5.921834945678711
663,100952.39,13.55324649810791,-2.1453092098236084,-0.8939412236213684,-0.0001251946965207812,0.0533151738345623,0.1338985711336136,0.01474368292838335,0.07939955461546519,0.19506591381235416,0.010006903186440467,trajectory,GOAL_DIRECT,2.143563985824585,12.412443758873824,5.921834945678711
664,100952.609,13.559993743896484,-2.1283934116363525,-0.8926681280136108,-0.00012489735677704796,0.05376463383436203,0.13459421694278717,0.005619246046990156,0.07955254920950652,0.19482948986412182,0.010442674849182366,trajectory,GOAL_DIRECT,2.1496596336364746,12.430238039756542,5.921834945678711
665,100952.812,13.571846008300781,-2.0987958908081055,-0.8926345705986023,-0.0001246149746426936,0.05446813628077507,0.13565684854984283,-0.005034489557147026,0.07968322713411308,0.19326582824858052,0.011184883778914809,trajectory,GOAL_DIRECT,2.1681149005889893,12.461384626360385,5.921834945678711
666,100953.109,13.584667205810547,-2.0669448375701904,-0.8947910070419312,-0.0001244897543147603,0.05510544031858444,0.1365167200565338,-0.012967624701559544,0.07996327373081187,0.19259743605321075,0.011924498789012432,trajectory,GOAL_DIRECT,2.181487798690796,12.494919586147745,5.921834945678711
667,100953.328,13.597465515136719,-2.035336494445801,-0.8984147906303406,-0.0001244361201670422,0.05566159263253212,0.13710294663906097,-0.017470549792051315,0.08028077551706013,0.19216309398972395,0.012649556016549468,trajectory,GOAL_DIRECT,2.1952407360076904,12.528219745435766,5.921834945678711
668,100953.531,13.610380172729492,-2.003617286682129,-0.9027307033538818,-0.00012441054467398802,0.056161846965551376,0.13748657703399658,-0.019278286024928093,0.08060586421538606,0.19170342853799982,0.013318558372557163,trajectory,GOAL_DIRECT,2.2162272930145264,12.561655172902164,5.921834945678711
669,100953.796,13.62273120880127,-1.9734809398651123,-0.906948983669281,-0.0001243986824882261,0.05660252273082733,0.13770948350429535,-0.019472947344183922,0.08094327098482798,0.19141462143563637,0.013912572236731648,trajectory,GOAL_DIRECT,2.2303407192230225,12.59344720747271,5.921834945678711
670,100954.046,13.63568115234375,-1.9420658349990845,-0.9113645553588867,-0.00012439258873105582,0.057026416063308716,0.13783925771713257,-0.019322898238897324,0.08126887039366425,0.1908595998212332,0.014480559825897217,trajectory,GOAL_DIRECT,2.2445473670959473,12.62660883427515,5.921834945678711
671,100954.234,13.643228530883789,-1.9238675832748413,-0.9139035940170288,-0.00012439036589417866,0.05725473165512085,0.13788001239299774,-0.018330536782741547,0.08163164091338768,0.1917335418454587,0.014904136369004846,trajectory,GOAL_DIRECT,2.251685857772827,12.645834479612034,5.921834945678711
672,100954.437,13.656669616699219,-1.8916008472442627,-0.9181901812553406,-0.00012438781574549053,0.057641442865133286,0.13790391385555267,-0.018102912232279778,0.08182400575474114,0.19006281489788057,0.015316470777615904,trajectory,GOAL_DIRECT,2.266024112701416,12.679937439637836,5.921834945678711
673,100954.671,13.663427352905273,-1.8754637241363525,-0.9202587008476257,-0.0001243871153565918,0.05781601741909981,0.13790205121040344,-0.016718853265047073,0.08221179333611715,0.19120226977554639,0.01567420173436403,trajectory,GOAL_DIRECT,2.280411958694458,12.697003990122171,5.921834945678711
674,100954.921,13.677000045776367,-1.8431990146636963,-0.9241517186164856,-0.0001243861926684356,0.05818067863583565,0.13785982131958008,-0.016374701634049416,0.08238610571184991,0.18935159568495166,0.016017467863857743,trajectory,GOAL_DIRECT,2.294996500015259,12.731143132206672,5.921834945678711
675,100955.078,13.689949989318848,-1.8125991821289062,-0.9277673959732056,-0.00012438576304701424,0.058480050414800644,0.1378089040517807,-0.015309670008718967,0.08277476039667486,0.18903045540052762,0.016444563996046782,trajectory,GOAL_DIRECT,2.309901475906372,12.763541454544693,5.921834945678711
676,100955.218,13.697500228881836,-1.7948243618011475,-0.9296733736991882,-0.00012438493358647452,0.05867137759923935,0.13776133954524994,-0.013873117975890636,0.08315801731364214,0.1898385052877249,0.016732836244627833,trajectory,GOAL_DIRECT,2.3174736499786377,12.782366093450552,5.921834945678711
677,100955.359,13.704557418823242,-1.778295636177063,-0.9312878251075745,-0.00012438425945077587,0.058863308280706406,0.1377056986093521,-0.013014835305511951,0.08337784411872753,0.1896837718568126,0.01690720211714506,trajectory,GOAL_DIRECT,2.3251283168792725,12.799884809658302,5.921834945678711
678,100955.484,13.711454391479492,-1.7621873617172241,-0.9327916502952576,-0.00012438523457852094,0.05904681608080864,0.137648805975914,-0.012536407448351383,0.0835835494165249,0.18946337229988053,0.01708159977570176,trajectory,GOAL_DIRECT,2.3406734466552734,12.816962189279948,5.921834945678711
679,100955.718,13.71908187866211,-1.7444342374801636,-0.9343806505203247,-0.00012438680869732678,0.059245698153972626,0.13758325576782227,-0.01202323380857706,0.08378466981969766,0.1890401898640617,0.017248056009411813,trajectory,GOAL_DIRECT,2.348576068878174,12.835790665747698,5.921834945678711
680,100955.89,13.732626914978027,-1.7130779027938843,-0.9371160268783569,-0.00012438978190806285,0.059581562876701355,0.13746580481529236,-0.011708366684615612,0.08399943978987054,0.18739416065449868,0.01749494875781238,trajectory,GOAL_DIRECT,2.364630699157715,12.869068176201123,5.921834945678711
681,100956.14,13.746971130371094,-1.6801018714904785,-0.9397711157798767,-0.00012439292837886456,0.0599517785012722,0.13732510805130005,-0.010687646456062794,0.08440282125476115,0.1867116658538418,0.017778979977592826,trajectory,GOAL_DIRECT,2.3893496990203857,12.90409359781757,5.921834945678711
682,100956.281,13.754180908203125,-1.6636271476745605,-0.941023051738739,-0.00012439351358870817,0.060151733458042145,0.13724543154239655,-0.0098884217441082,0.08485114138823592,0.18779357450890555,0.01800373621284962,trajectory,GOAL_DIRECT,2.397768497467041,12.921606270225638,5.921834945678711
683,100956.5,13.761956214904785,-1.645927906036377,-0.9422653913497925,-0.00012439492459088064,0.060377951711416245,0.13715308904647827,-0.009334742091596127,0.08506834989302545,0.18738549039420535,0.01812816899269819,trajectory,GOAL_DIRECT,2.406266212463379,12.940429392887395,5.921834945678711
684,100956.765,13.775947570800781,-1.6142630577087402,-0.9443972110748291,-0.00012439878989314494,0.06075013428926468,0.13699871301651,-0.008976665325462818,0.08529405438887659,0.18568170946041723,0.01831190682016313,trajectory,GOAL_DIRECT,2.4235470294952393,12.974129922993164,5.921834945678711
685,100957.031,13.790203094482422,-1.5822219848632812,-0.946464478969574,-0.00012439864088464314,0.06109775975346565,0.1368514597415924,-0.00832390133291483,0.048584616192556176,0.06355733686540059,0.018544586868956686,trajectory,GOAL_DIRECT,2.450162649154663,13.008258309422477,5.921834945678711
686,100957.187,13.804719924926758,-1.5498672723770142,-0.948391318321228,-0.0001258251299185193,0.06111394986510277,0.13477370142936707,-0.007753798272460699,0.04884780181583635,0.06335528594964096,0.018771361373364923,trajectory,GOAL_DIRECT,2.468012571334839,13.042761378918641,5.921834945678711
687,100957.406,13.812359809875488,-1.5332649946212769,-0.9493590593338013,-0.00012768752724171537,0.060061246156692505,0.12830474972724915,-0.007371964864432812,0.048981157540763015,0.06325224269515631,0.018953284164890647,trajectory,GOAL_DIRECT,2.4769885540008545,13.060569474064623,5.921834945678711
688,100957.578,13.825774192810059,-1.505663275718689,-0.9509978294372559,-0.00012769469947498732,0.0575794093310833,0.11373391002416611,-0.006931943818926811,0.049189498130072194,0.06309035800906208,0.019082430182024837,trajectory,GOAL_DIRECT,2.4948341846466064,13.090594818767164,5.921834945678711
689,100957.718,13.83277702331543,-1.4921365976333618,-0.9518245458602905,-0.00012691594591442487,0.05631875619292259,0.10632265359163284,-0.006371821276843548,0.049282622304944096,0.06301764148830252,0.019218507716432215,trajectory,GOAL_DIRECT,2.503610849380493,13.10556575640714,5.921834945678711
690,100957.843,13.839303016662598,-1.4800734519958496,-0.9525489211082458,-0.00012615437450910392,0.055260639637708664,0.09999994188547134,-0.005981244146823883,0.049359435978535406,0.06295749423127374,0.019293880378827455,trajectory,GOAL_DIRECT,2.520535469055176,13.119086681840054,5.921834945678711
691,100957.984,13.84620189666748,-1.467856764793396,-0.9532856941223145,-0.00012546483259386277,0.05428389087319374,0.0940621942281723,-0.005673393607139587,0.049430603196624394,0.0629016332666956,0.019367776066064834,trajectory,GOAL_DIRECT,2.5289359092712402,13.132955933781034,5.921834945678711
692,100958.218,13.852989196777344,-1.4563333988189697,-0.9539849162101746,-0.0001249319446025404,0.053465381264686584,0.08898396044969559,-0.005388210061937571,0.0494911845047904,0.06285397884233579,0.019442663313820958,trajectory,GOAL_DIRECT,2.5377397537231445,13.14620908643259,5.921834945678711
693,100958.453,13.864886283874512,-1.4371628761291504,-0.9551745653152466,-0.00012432121382220654,0.052335821092128754,0.08178545534610748,-0.005124805495142937,0.04957749995670563,0.06278591799155964,0.019540616534650328,trajectory,GOAL_DIRECT,2.552950143814087,13.168628852182053,5.921834945678711
694,100958.718,13.876410484313965,-1.419614553451538,-0.9562877416610718,-0.00012399404588737115,0.05154547840356827,0.07657798379659653,-0.0047506485134363174,0.04964106813025589,0.0627356705143676,0.019667648850008847,trajectory,GOAL_DIRECT,2.5756001472473145,13.189541803815677,5.921834945678711
695,100958.984,13.888250350952148,-1.4024040699005127,-0.9573560357093811,-0.00012381360685600554,0.05097511410713196,0.07264392822980881,-0.004380793776363134,0.0496900417588949,0.06269688788129185,0.019786269096657635,trajectory,GOAL_DIRECT,2.5895533561706543,13.210384271014712,5.921834945678711
696,100959.14,13.900429725646973,-1.3853398561477661,-0.9583818912506104,-0.0001237210855451927,0.050574805587530136,0.06972149759531021,-0.004046416375786066,0.04972748997909578,0.0626671903022541,0.01990178359672427,trajectory,GOAL_DIRECT,2.603994607925415,13.231322158992118,5.921834945678711
697,100959.281,13.90710163116455,-1.3762199878692627,-0.9588984251022339,-0.00012369168333089422,0.05041597783565521,0.06849323213100433,-0.003734785132110119,0.04974331866122633,0.0626546267131781,0.019990037800744178,trajectory,GOAL_DIRECT,2.610783815383911,13.242613218550321,5.921834945678711
698,100959.515,13.91298770904541,-1.3682608604431152,-0.9593262076377869,-0.0001236731979756312,0.05030367895960808,0.06758143752813339,-0.0035614108201116323,0.04975551878021837,0.06264493874936217,0.02004154306836426,trajectory,GOAL_DIRECT,2.624845027923584,13.252506508479394,5.921834945678711
699,100959.687,13.924891471862793,-1.3524236679077148,-0.9601581692695618,-0.00012364919339312533,0.05013624578714371,0.06614233553409576,-0.003427941119298339,0.04977476858222656,0.06262964483841331,0.021919783838256223,trajectory,GOAL_DIRECT,2.6387362480163574,13.272311334530926,5.921834945678711
700,100959.89,13.931069374084473,-1.3443242311477661,-0.9605720639228821,-0.00012364149071017092,0.05007293075323105,0.06556764245033264,-0.003233456751331687,0.0497822115557421,0.062623728830367,0.022006054272163806,trajectory,GOAL_DIRECT,2.6453893184661865,13.282495903506721,5.921834945678711
701,100960.062,13.942152976989746,-1.32986319065094,-0.9612723588943481,-0.00012363225823938632,0.04998889937996864,0.0647549256682396,-0.0030672461725771427,0.04979418208562778,0.06261421109000212,0.022068135953310076,trajectory,GOAL_DIRECT,2.659121036529541,13.300712964228834,5.921834945678711
702,100960.281,13.948291778564453,-1.3219202756881714,-0.961640477180481,-0.00012362862884326723,0.049954935908317566,0.06440433859825134,-0.00288600055500865,0.04979938718186251,0.06261007136484473,0.022140336290501418,trajectory,GOAL_DIRECT,2.6657915115356445,13.310750640577119,5.921834945678711
703,100960.453,13.959371566772461,-1.3076798915863037,-0.9622693061828613,-0.0001236255307951352,0.049910373985767365,0.06390849500894547,-0.0027606759686022997,0.04980670867191184,0.06260424723029023,0.022197651355839572,trajectory,GOAL_DIRECT,2.6860618591308594,13.32879258172399,5.921834945678711
704,100960.593,13.965660095214844,-1.2996413707733154,-0.9626111388206482,-0.00012362459000116088,0.04989216849207878,0.06368982791900635,-0.0026126934681087732,0.04980990512093177,0.06260170406501547,0.02226422896532683,trajectory,GOAL_DIRECT,2.6928560733795166,13.338998274758119,5.921834945678711
705,100960.734,13.972248077392578,-1.2912472486495972,-0.9629491567611694,-0.00012362502768307944,0.04987741634249687,0.06349922716617584,-0.002497541718184948,0.04981265377349964,0.0625995169633237,0.022305253879017786,trajectory,GOAL_DIRECT,2.6996169090270996,13.349668678244152,5.921834945678711
706,100960.859,13.978536605834961,-1.283255934715271,-0.9632582664489746,-0.00012362584290571193,0.04986656829714775,0.06334789097309113,-0.0023990196641534567,0.049814805471878776,0.06259780472028453,0.02234579173934923,trajectory,GOAL_DIRECT,2.7063913345336914,13.359837428911046,5.921834945678711
707,100961.078,13.984076499938965,-1.2762304544448853,-0.9635209441184998,-0.00012362681280222277,0.04985906928777695,0.06323540955781937,-0.0023201939184218645,0.04981637694935095,0.06259655411953739,0.02238276451668616,trajectory,GOAL_DIRECT,2.71990704536438,13.368784278267015,5.921834945678711
708,100961.25,13.995006561279297,-1.262402057647705,-0.9640220999717712,-0.0001236281595995216,0.049848370254039764,0.06305968016386032,-0.0022405015770345926,0.049818738752675416,0.0625946744467345,0.022427063738498284,trajectory,GOAL_DIRECT,2.7334086894989014,13.386410595279944,5.921834945678711
709,100961.468,14.001444816589355,-1.2542724609375,-0.9643062949180603,-0.00012362840039286765,0.049843937158584595,0.06297929584980011,-0.0021245041862130165,0.049819767674780406,0.0625938555197785,0.022480867348459263,trajectory,GOAL_DIRECT,2.7401630878448486,13.396780782119151,5.921834945678711
710,100961.718,14.012674331665039,-1.240114688873291,-0.9647756218910217,-0.000123627101156726,0.049838606268167496,0.06287015974521637,-0.0020304550416767597,0.049821059483060585,0.06259282732059113,0.022524524986982885,trajectory,GOAL_DIRECT,2.7536537647247314,13.414851295016025,5.921834945678711
711,100961.875,14.023903846740723,-1.2259780168533325,-0.9652271866798401,-0.0001236254642671355,0.04983527585864067,0.06279120594263077,-0.0019450889667496085,0.04982185614227645,0.06259219320760626,0.022586043582544926,trajectory,GOAL_DIRECT,2.7671382427215576,13.43290530017641,5.921834945678711
712,100962.015,14.029892921447754,-1.218444585800171,-0.9654591679573059,-0.0001236255158954016,0.04983409121632576,0.0627584457397461,-0.0019339367281645536,0.049822135135592416,0.06259197113472915,0.02264078790810686,trajectory,GOAL_DIRECT,2.780618667602539,13.442529309257178,5.921834945678711
713,100962.14,14.036181449890137,-1.2105388641357422,-0.9657027125358582,-0.0001236269668105513,0.049833185970783234,0.06272957473993301,-0.0019387006759643555,0.04982232134446416,0.06259182291520955,0.022675969499888243,trajectory,GOAL_DIRECT,2.7873246669769287,13.45263109145914,5.921834945678711
714,100962.375,14.042320251464844,-1.2028249502182007,-0.9659422039985657,-0.00012362885607093468,0.049832530319690704,0.06270600855350494,-0.0019439798779785633,0.049822414766571274,0.0625917485522472,0.022712117330912423,trajectory,GOAL_DIRECT,2.7940943241119385,13.462489557231635,5.921834945678711
715,100962.609,14.053849220275879,-1.1883436441421509,-0.9663919806480408,-0.00012362966863661737,0.04983173683285713,0.06267159432172775,-0.001952405902557075,0.049822444791780406,0.062591724652465,0.022758635899660203,trajectory,GOAL_DIRECT,2.80755615234375,13.48099969896461,5.921834945678711
716,100962.781,14.065078735351562,-1.1742441654205322,-0.9668315052986145,-0.00012362985689820115,0.04983124881982803,0.06264752149581909,-0.001958832610398531,0.04982232700549239,0.06259181840910027,0.02282498932690642,trajectory,GOAL_DIRECT,2.827723264694214,13.49902460675866,5.921834945678711
717,100962.906,14.070768356323242,-1.1671029329299927,-0.9670557379722595,-0.00012363100629785007,0.04983110725879669,0.06263801455497742,-0.001961597241461277,0.04982220075264053,0.06259191890462845,0.02287928539510195,trajectory,GOAL_DIRECT,2.83447003364563,13.508155268245385,5.921834945678711
718,100963.046,14.077056884765625,-1.1592122316360474,-0.9673035740852356,-0.00012363217030415344,0.049830950796604156,0.06262918561697006,-0.0019642456900328398,0.04982200047309751,0.06259207832352807,0.02301031390894899,trajectory,GOAL_DIRECT,2.8411872386932373,13.5182452996757,5.921834945678711
719,100963.187,14.083495140075684,-1.15113365650177,-0.9675573110580444,-0.0001236331742808866,0.04983079060912132,0.06262173503637314,-0.0019665684085339308,0.049821792591600925,0.06259224379233819,0.023047511230602353,trajectory,GOAL_DIRECT,2.847928047180176,13.52857556993367,5.921834945678711
720,100963.531,14.095024108886719,-1.1366673707962036,-0.9680116772651672,-0.00012363340700765122,0.04983050376176834,0.06261146068572998,-0.0019700631964951754,0.049821413051300015,0.06259254589463313,0.023095412937993255,trajectory,GOAL_DIRECT,2.861384153366089,13.547073960819398,5.921834945678711
721,100963.781,14.106194496154785,-1.1226447820663452,-0.961235523223877,-0.0001234418526799517,0.04893292486667633,0.061468686908483505,0.07947708666324615,0.04982121759470907,0.06259270147054408,0.01628542844895968,trajectory,GOAL_DIRECT,2.8815758228302,13.56500188661978,5.921834945678711
722,100963.937,14.11697006225586,-1.1091002225875854,-0.9444644451141357,-0.00012212212444640512,0.04838816449046135,0.06079798564314842,0.067247673869133,0.04982157922132715,0.06259241362891371,0.01576016059628237,trajectory,GOAL_DIRECT,2.894886016845703,13.582309915850345,5.921834945678711
723,100964.062,14.122913360595703,-1.1016203165054321,-0.9369468688964844,-0.00012182731991593067,0.04843679070472717,0.06085461378097534,0.05354528874158859,0.04982201366413428,0.0625920678237332,0.014834422336684389,trajectory,GOAL_DIRECT,2.901489496231079,13.591863538303532,5.921834945678711
724,100964.218,14.129173278808594,-1.093759536743164,-0.9308303594589233,-0.00012164322195024009,0.04857408255338669,0.06102249398827553,0.04118737205862999,0.04982197850848038,0.06259209580690296,0.01477939401511797,trajectory,GOAL_DIRECT,2.9080653190612793,13.601912340889314,5.921834945678711
725,100964.343,14.13515567779541,-1.0862419605255127,-0.9263780117034912,-0.00012153568993550958,0.04872998222708702,0.0612148717045784,0.03109888732433319,0.04982208842884034,0.062592008312474,0.0147635313316628,trajectory,GOAL_DIRECT,2.9145617485046387,13.611519788237576,5.921834945678711
726,100964.484,14.140867233276367,-1.0790687799453735,-0.9231998920440674,-0.00012147116831836882,0.04887685924768448,0.06139686703681946,0.02302698791027069,0.04982207786718253,0.06259201671935807,0.014813387614709395,trajectory,GOAL_DIRECT,2.9211106300354004,13.620689105853579,5.921834945678711
727,100964.609,14.14674186706543,-1.071690559387207,-0.9208465218544006,-0.00012142865778887312,0.04901565611362457,0.06156938895583153,0.01606515236198902,0.04982207181993809,0.06259202153285137,0.0149407393899229,trajectory,GOAL_DIRECT,2.9342331886291504,13.630120408028993,5.921834945678711
728,100964.828,14.15262508392334,-1.064292550086975,-0.9192642569541931,-0.0001214014581910199,0.049138735979795456,0.061722688376903534,0.010205312632024288,0.04982232285397402,0.06259182171365824,0.01509943439728681,trajectory,GOAL_DIRECT,2.9407873153686523,13.639572537557932,5.921834945678711
729,100965.078,14.163859367370605,-1.0501911640167236,-0.9178766012191772,-0.00012137200917167698,0.04932856187224388,0.06195957213640213,0.0021333745680749416,0.049822070957029736,0.0625920222197102,0.015520510285816861,trajectory,GOAL_DIRECT,2.95400071144104,13.657601907587512,5.921834945678711
730,100965.25,14.175115585327148,-1.0360431671142578,-0.9180862903594971,-0.00012136151720923238,0.049468617886304855,0.0621345080435276,-0.004013517871499062,0.04982237209645498,0.06259178251721535,0.015886550297339798,trajectory,GOAL_DIRECT,2.9672868251800537,13.67568140476156,5.921834945678711
731,100965.468,14.181066513061523,-1.0285826921463013,-0.9187142848968506,-0.00012135785638104271,0.0495261624455452,0.062206462025642395,-0.006322163622826338,0.0498219629324706,0.06259210820507267,0.01612322228512276,trajectory,GOAL_DIRECT,2.9739935398101807,13.685224577879499,5.921834945678711
732,100965.625,14.192075729370117,-1.0147600173950195,-0.920498788356781,-0.00012135545286883027,0.049609825015068054,0.06231103464961052,-0.00946571584790945,0.04982181487467728,0.06259222605558447,0.01652556813701436,trajectory,GOAL_DIRECT,2.9941680431365967,13.702895717385696,5.921834945678711
733,100965.859,14.19862174987793,-1.0065317153930664,-0.9218236804008484,-0.00012135458187833495,0.0496482253074646,0.062359075993299484,-0.01029061060398817,0.04982201015011999,0.062592070620817,0.01683295002966016,trajectory,GOAL_DIRECT,3.0010862350463867,13.713410246480713,5.921834945678711
734,100966.015,14.209779739379883,-0.9924927353858948,-0.9243346452713013,-0.0001213525404778543,0.049698878079652786,0.062422510236501694,-0.01175661850720644,0.04982276429463421,0.06259147032976077,0.017205814606061704,trajectory,GOAL_DIRECT,3.0142722129821777,13.731343273344478,5.921834945678711
735,100966.156,14.216028213500977,-0.9846255779266357,-0.9258229732513428,-0.0001213510499661479,0.04972079396247864,0.06244992837309837,-0.011581403203308582,0.049823361081268065,0.06259099528339185,0.017512660332851968,trajectory,GOAL_DIRECT,3.021209955215454,13.741389936980546,5.921834945678711
736,100966.359,14.221532821655273,-0.9776923656463623,-0.9271135330200195,-0.00012135040880231513,0.04973709583282471,0.0624702125787735,-0.011541597545146942,0.04982397649443771,0.06259050540043369,0.017720080503710975,trajectory,GOAL_DIRECT,3.034623861312866,13.750242619704457,5.921834945678711
737,100966.531,14.232882499694824,-0.9634447693824768,-0.9298290014266968,-0.00012134952257666848,0.0497635081410408,0.06250276416540146,-0.012117311358451843,0.04982376477996782,0.06259067393110924,0.01335094413757324,trajectory,GOAL_DIRECT,3.0480406284332275,13.768458249621672,5.921834945678711
738,100966.75,14.239021301269531,-0.9557561874389648,-0.9313130974769592,-0.00012134884222396673,0.04977460205554962,0.0625162422657013,-0.011613375507295132,0.04982308463623945,0.06259121533673971,0.013540158864855753,trajectory,GOAL_DIRECT,3.0550882816314697,13.778296897871916,5.921834945678711
739,100966.984,14.249951362609863,-0.9420628547668457,-0.9338589906692505,-0.000121346020871974,0.04979008808732033,0.06253498792648315,-0.0115202646702528,0.049821972691798604,0.06259210043685765,0.013744894951581921,trajectory,GOAL_DIRECT,3.0685815811157227,13.795817546722152,5.921834945678711
740,100967.234,14.261180877685547,-0.927990198135376,-0.9364538788795471,-0.00012134251024757475,0.049801476299762726,0.06254902482032776,-0.011059599928557873,0.049820932952594287,0.06259292803291042,0.013983411273360242,trajectory,GOAL_DIRECT,3.0827362537384033,13.81382147071664,5.921834945678711
741,100967.39,14.272110939025879,-0.9142903685569763,-0.9388498067855835,-0.00012134225006625086,0.04980922490358353,0.06255907565355301,-0.010386290960013866,0.049819971480635265,0.06259369330586499,0.014197770556807526,trajectory,GOAL_DIRECT,3.1027626991271973,13.831347201636929,5.921834945678711
742,100967.609,14.277650833129883,-0.9073456525802612,-0.9399746060371399,-0.00012134234301177471,0.04981221258640289,0.06256315857172012,-0.009642241522669792,0.04981950554095594,0.06259406415671266,0.014331533640623098,trajectory,GOAL_DIRECT,3.1100430488586426,13.840230862570376,5.921834945678711
743,100967.765,14.28873062133789,-0.893456220626831,-0.9420783519744873,-0.00012134117674413205,0.04981672391295433,0.06256979703903198,-0.00929315946996212,0.049818551990561226,0.06259482308916407,0.014473132890462844,trajectory,GOAL_DIRECT,3.1235601902008057,13.857998184239989,5.921834945678711
744,100967.984,14.294719696044922,-0.8859484195709229,-0.9431689977645874,-0.00012134013554487197,0.04981847479939461,0.0625726580619812,-0.008687908761203289,0.04981802411913921,0.06259524321276232,0.014599579390883403,trajectory,GOAL_DIRECT,3.130941867828369,13.867602141786207,5.921834945678711
745,100968.234,14.30579948425293,-0.8720554113388062,-0.945067822933197,-0.00012133874512171426,0.04982089623808861,0.06257700175046921,-0.008359640836715698,0.04981714861403967,0.06259593999587101,0.014730644154548621,trajectory,GOAL_DIRECT,3.1444711685180664,13.8853722610177,5.921834945678711
746,100968.39,14.316879272460938,-0.8581615686416626,-0.9469016790390015,-0.0001213387157132271,0.049822378903627396,0.06258033215999603,-0.007851135917007923,0.04981627430169252,0.06259663580975043,0.014890269365906707,trajectory,GOAL_DIRECT,3.158003330230713,13.903143032894892,5.921834945678711
747,100968.609,14.323018074035645,-0.8504636287689209,-0.9478362202644348,-0.0001213383517334499,0.049823097884655,0.0625818595290184,-0.007236188277602196,0.049815777595658806,0.06259703110004387,0.014992697185277907,trajectory,GOAL_DIRECT,3.1654953956604004,13.912989001002654,5.921834945678711
748,100968.859,14.33349895477295,-0.8373208045959473,-0.9493283033370972,-0.0001213373911286794,0.04982367902994156,0.0625840425491333,-0.006919073406606913,0.04981490845115576,0.06259772277010539,0.0150953879073262,trajectory,GOAL_DIRECT,3.1866345405578613,13.929799190292796,5.921834945678711
749,100969.015,14.344728469848633,-0.8232392072677612,-0.9508640170097351,-0.00012133786399855695,0.049823980778455734,0.06258589774370193,-0.006509786006063223,0.04981394629960065,0.06259848843271301,0.015224777750670888,trajectory,GOAL_DIRECT,3.2001912593841553,13.947810107152817,5.921834945678711
750,100969.156,14.35086727142334,-0.8155412673950195,-0.951643705368042,-0.0001213378857664786,0.049823958426713943,0.06258681416511536,-0.006043709814548492,0.04981340627667635,0.06259891816249527,0.015314318895339964,trajectory,GOAL_DIRECT,3.2072806358337402,13.957656074928407,5.921834945678711
751,100969.375,14.357006072998047,-0.8078433275222778,-0.9523685574531555,-0.00012133768927778679,0.04982376843690872,0.06258773058652878,-0.005728364456444979,0.04981285596423938,0.06259935607245444,0.015369932045042532,trajectory,GOAL_DIRECT,3.2137506008148193,13.967502042624947,5.921834945678711
752,100969.609,14.367936134338379,-0.7941372394561768,-0.9536080360412598,-0.00012133696167143415,0.049823224544525146,0.06258898973464966,-0.005523111205548048,0.04981184972406674,0.0626001567655145,0.015456947253644451,trajectory,GOAL_DIRECT,3.22735857963562,13.985032667833003,5.921834945678711
753,100969.765,14.378866195678711,-0.7804311513900757,-0.9547989964485168,-0.0001213369325667916,0.0498226135969162,0.06259007751941681,-0.005178746767342091,0.049810808054305315,0.06260098562304874,0.015559844294190384,trajectory,GOAL_DIRECT,3.248608112335205,14.002563292769572,5.921834945678711
754,100969.984,14.384705543518066,-0.773108720779419,-0.9553887248039246,-0.00012133676520889232,0.04982217773795128,0.06259065866470337,-0.0048225256614387035,0.04981023640068926,0.06260144047629776,0.0075112154707312586,trajectory,GOAL_DIRECT,3.256439208984375,14.01192896898928,5.921834945678711
755,100970.234,14.396084785461426,-0.7588393688201904,-0.9564638137817383,-0.00012133627044501636,0.04982132837176323,0.0625917911529541,-0.004594067577272654,0.049809090684306286,0.06260235207404394,0.0075466932728886615,trajectory,GOAL_DIRECT,3.2700271606445312,14.03018003009703,5.921834945678711
756,100970.468,14.407014846801758,-0.7451332807540894,-0.9574524760246277,-0.0001213363650373048,0.049820512533187866,0.06259287893772125,-0.004299289546906948,0.049807948789918996,0.06260326059671978,0.0075725441426038745,trajectory,GOAL_DIRECT,3.2836172580718994,14.047710654264737,5.921834945678711
757,100970.656,14.418094635009766,-0.7312374114990234,-0.9583864212036133,-0.00012133737639545505,0.04981964826583862,0.06259394437074661,-0.004002651199698448,0.04980683198786673,0.06260414912234183,0.007595510333776474,trajectory,GOAL_DIRECT,3.2976036071777344,14.065483009367828,5.921834945678711
758,100970.953,14.42932415008545,-0.7171513438224792,-0.9592542052268982,-0.00012133796574131746,0.049818530678749084,0.06259491294622421,-0.0036898013204336166,0.04980575868979481,0.06260500300562191,0.007613871544599533,trajectory,GOAL_DIRECT,3.312537908554077,14.08349742192284,5.921834945678711
759,100971.203,14.43995475769043,-0.7038165330886841,-0.9600287079811096,-0.00012133826406120965,0.04981747269630432,0.06259555369615555,-0.003467781003564596,0.04980470302326295,0.06260584283247518,0.007634835056960583,trajectory,GOAL_DIRECT,3.3328328132629395,14.100551065550379,5.921834945678711
760,100971.453,14.450735092163086,-0.6902939081192017,-0.9607594013214111,-0.00012133934817195722,0.049816399812698364,0.06259627640247345,-0.003230983391404152,0.049803590742455654,0.06260672766690481,0.0076524259150028235,trajectory,GOAL_DIRECT,3.347763776779175,14.117844901070354,5.921834945678711
761,100971.609,14.461814880371094,-0.6763956546783447,-0.9614624381065369,-0.0001213397629041036,0.04981529712677002,0.0625973716378212,-0.003023246070370078,0.049802401215313416,0.06260767391613387,0.007670958768576384,trajectory,GOAL_DIRECT,3.362311601638794,14.13561912060844,5.921834945678711
762,100971.734,14.4679536819458,-0.6686952710151672,-0.9618257284164429,-0.00012133986475909068,0.04981468617916107,0.06259798258543015,-0.0028374865651130676,0.049801720849705654,0.06260821511916782,0.007674262523651124,trajectory,GOAL_DIRECT,3.3681373596191406,14.14546699886249,5.921834945678711
763,100971.953,14.474092483520508,-0.6609948873519897,-0.9621673226356506,-0.00012134009758228214,0.049814075231552124,0.06259859353303909,-0.002709974767640233,0.04980102460568539,0.0626087689403323,0.007681141290813685,trajectory,GOAL_DIRECT,3.375509262084961,14.155314877013277,5.921834945678711
764,100972.203,14.485172271728516,-0.6470966339111328,-0.9627600312232971,-0.00012134062873451102,0.04981297254562378,0.06259969621896744,-0.0026101055555045605,0.049799725971012676,0.06260980189404888,0.0077027871832251555,trajectory,GOAL_DIRECT,3.390437364578247,14.173089095841458,5.921834945678711
765,100972.359,14.496252059936523,-0.6331983804702759,-0.9633296728134155,-0.00012134102164025041,0.049811869859695435,0.06260030716657639,-0.0024599172174930573,0.04979837026966233,0.06261088019254808,0.007719254195690156,trajectory,GOAL_DIRECT,3.4108941555023193,14.190863314298273,5.921834945678711
766,100972.578,14.501642227172852,-0.6264370679855347,-0.9635895490646362,-0.00012134130538349868,0.049811333417892456,0.0626007616519928,-0.002320700790733099,0.04979768895645781,0.0626114220777318,0.007721110694110394,trajectory,GOAL_DIRECT,3.4184935092926025,14.199510231243679,5.921834945678711
767,100972.734,14.51272201538086,-0.6125388145446777,-0.9640936255455017,-0.00012134057050639252,0.04981004074215889,0.06260186433792114,-0.002217863919213414,0.04979624126937337,0.0626125734612654,0.0077380875684320925,trajectory,GOAL_DIRECT,3.4321560859680176,14.217284449101534,5.921834945678711
768,100972.968,14.523502349853516,-0.5990161895751953,-0.9645566940307617,-0.00012134035949542655,0.049808796495199203,0.0626029372215271,-0.002076401375234127,0.04979476811436748,0.06261374504401068,0.00774992398917675,trajectory,GOAL_DIRECT,3.446361780166626,14.234578282272897,5.921834945678711
769,100973.281,14.533833503723145,-0.5860570073127747,-0.964972972869873,-0.00012134001751839013,0.049807511270046234,0.06260396540164948,-0.0019531918223947287,0.04979329247311825,0.06261491854731192,0.007760881166905166,trajectory,GOAL_DIRECT,3.4612841606140137,14.251151538646539,5.921834945678711
770,100973.515,14.544757843017578,-0.5723506808280945,-0.9607073068618774,-0.00012133554122831317,0.04973713308572769,0.0625162348151207,0.07453303784132004,0.04979182292939394,0.0626160871451409,0.0014286994934082035,trajectory,GOAL_DIRECT,3.476205825805664,14.26867878238192,5.921834945678711
771,100973.75,14.555618286132812,-0.5586695671081543,-0.9440063834190369,-0.00012131246507681836,0.04967884346842766,0.06244825944304466,0.0692930668592453,0.04979329216703712,0.06261491879071697,0.0010128509998321537,trajectory,GOAL_DIRECT,3.4903018474578857,14.286146518652215,5.921834945678711
772,100974.0,14.566329956054688,-0.5451800227165222,-0.9310600161552429,-0.00012130478178178416,0.04968778416514397,0.062461525201797485,0.04857579246163368,0.04979457981959202,0.06261389478853938,0.002022914588451386,trajectory,GOAL_DIRECT,3.5039584636688232,14.303371717352276,5.921834945678711
773,100974.234,14.577041625976562,-0.5316850543022156,-0.9223832488059998,-0.00012130458980590616,0.04971059411764145,0.06249149888753891,0.030214643105864525,0.049796243441394376,0.06261257173384102,0.00305796816945076,trajectory,GOAL_DIRECT,3.52632737159729,14.32060116049194,5.921834945678711
774,100974.39,14.587604522705078,-0.5183708667755127,-0.917397677898407,-0.00012130481559919195,0.04973248392343521,0.06251944601535797,0.01566878706216812,0.049798359921429,0.0626108884231474,0.003972358107566834,trajectory,GOAL_DIRECT,3.539980888366699,14.33759650875399,5.921834945678711
775,100974.609,14.593406677246094,-0.5110554099082947,-0.9159756302833557,-0.00012130535574742267,0.04974294453859329,0.0625324472784996,0.008370425552129745,0.04979969047878104,0.06260983012449088,0.00448512464761734,trajectory,GOAL_DIRECT,3.5471267700195312,14.346933569914517,5.921834945678711
776,100974.765,14.604312896728516,-0.49735793471336365,-0.9150672554969788,-0.00012130565714682333,0.049759391695261,0.06255192309617996,0.000291451666271314,0.04979902967911156,0.0626103557170774,0.005086023819167167,trajectory,GOAL_DIRECT,3.561983108520508,14.364442607691704,5.921834945678711
777,100974.89,14.610002517700195,-0.49022647738456726,-0.915226399898529,-0.00012130612319003209,0.049766432493925095,0.06255988031625748,-0.003102261805906892,0.049797779045860024,0.06261135042545962,0.005365478117018938,trajectory,GOAL_DIRECT,3.567852020263672,14.373565617698814,5.921834945678711
778,100975.125,14.6204833984375,-0.47708722949028015,-0.9163686633110046,-0.00012130602747856414,0.04977678507566452,0.06257162243127823,-0.007509123999625444,0.049795527706650064,0.06261314095632198,0.005775140263140202,trajectory,GOAL_DIRECT,3.5827696323394775,14.390373003054933,5.921834945678711
779,100975.359,14.631563186645508,-0.46319496631622314,-0.9183682203292847,-0.00012130504033334268,0.04978456720709801,0.06258095800876617,-0.010406210087239742,0.04979315362463899,0.06261502896360505,0.006106885001063347,trajectory,GOAL_DIRECT,3.597686767578125,14.408142532145197,5.921834945678711
780,100975.578,14.637402534484863,-0.4558725357055664,-0.919641375541687,-0.00012130511858701414,0.04978758096694946,0.06258496642112732,-0.011034281924366951,0.049791899768431964,0.06261602604326169,0.006220788508653641,trajectory,GOAL_DIRECT,3.6037299633026123,14.417508205372279,5.921834945678711
781,100975.734,14.648332595825195,-0.44216543436050415,-0.9222468137741089,-0.00012130572064163135,0.04979151487350464,0.06259126961231232,-0.012523154728114605,0.049789510895632876,0.06261792558663737,0.006470170244574547,trajectory,GOAL_DIRECT,3.6265759468078613,14.435039616873661,5.921834945678711
782,100975.859,14.6538724899292,-0.43521741032600403,-0.9236366152763367,-0.00012130615652955014,0.04979284107685089,0.062593974173069,-0.012250889092683792,0.04978828383181968,0.06261890124460956,0.006517879068851471,trajectory,GOAL_DIRECT,3.633521556854248,14.443925861526823,5.921834945678711
783,100976.078,14.65986156463623,-0.4277060329914093,-0.9251131415367126,-0.00012130593777629678,0.04979381337761879,0.06259665638208389,-0.012272417545318604,0.04978691240598026,0.06261999164068334,0.006593427658081056,trajectory,GOAL_DIRECT,3.6403493881225586,14.453532612254893,5.921834945678711
784,100976.328,14.670641899108887,-0.4141843020915985,-0.9278501868247986,-0.00012130576263291841,0.049794670194387436,0.06260072439908981,-0.01281851064413786,0.04978441047038554,0.06262198075848581,0.006773967370390892,trajectory,GOAL_DIRECT,3.6545393466949463,14.470825742574617,5.921834945678711
785,100976.562,14.681721687316895,-0.4002860486507416,-0.9307392835617065,-0.000121307639631459,0.049794990569353104,0.06260421872138977,-0.012609394267201424,0.04978173252495676,0.06262410962890941,0.006901692897081375,trajectory,GOAL_DIRECT,3.6694648265838623,14.488599955935836,5.921834945678711
786,100976.718,14.69250202178955,-0.38676342368125916,-0.9334515333175659,-0.00012130990220391325,0.049794577062129974,0.06260713934898376,-0.011987732723355293,0.049778941916193725,0.0626263278638003,0.006987572461366654,trajectory,GOAL_DIRECT,3.6843907833099365,14.505893784190926,5.921834945678711
787,100976.953,14.703432083129883,-0.37305179238319397,-0.9359527826309204,-0.00012131276872911557,0.049793366342782974,0.06260985881090164,-0.011126823723316193,0.04977600312947292,0.06262866366492825,0.00704376220703125,trajectory,GOAL_DIRECT,3.699314594268799,14.523428736580778,5.921834945678711
788,100977.187,14.714212417602539,-0.35952702164649963,-0.9382790327072144,-0.00012131506055051358,0.049791619181632996,0.06261254101991653,-0.010476620867848396,0.04977296702559518,0.06263107657919521,0.007108058482408524,trajectory,GOAL_DIRECT,3.720447540283203,14.540724242370024,5.921834945678711
789,100977.312,14.719902038574219,-0.3523889482021332,-0.9394524097442627,-0.00012131551159627641,0.04979058355093002,0.06261395663022995,-0.009864392690360546,0.04977127057817695,0.06263242470984097,0.007117749080061912,trajectory,GOAL_DIRECT,3.720447540283203,14.549852425520381,5.921834945678711
790,100977.546,14.730233192443848,-0.3394277095794678,-0.9414288997650146,-0.00012131508224276772,0.04978836327791214,0.06261652708053589,-0.009455141611397266,0.04976800755373941,0.06263501755512596,0.007183833494782448,trajectory,GOAL_DIRECT,3.7427849769592285,14.566427283504368,5.921834945678711
791,100977.765,14.735922813415527,-0.3322896361351013,-0.9424899816513062,-0.00012131442008506086,0.04978707805275917,0.0626179426908493,-0.008955287747085094,0.04976610166664877,0.06263653187162248,0.00719689927995205,trajectory,GOAL_DIRECT,3.7491018772125244,14.575555465629291,5.921834945678711
792,100977.921,14.746703147888184,-0.31876301765441895,-0.9443990588188171,-0.00012131180073818793,0.04978439584374428,0.0626206248998642,-0.008647684939205647,0.04976243294483178,0.06263944657650736,0.0072677449136972425,trajectory,GOAL_DIRECT,3.764035224914551,14.592852414088076,5.921834945678711
793,100978.125,14.752542495727539,-0.3114359378814697,-0.9453901052474976,-0.00012131128406905154,0.04978292062878609,0.0626220777630806,-0.008102157153189182,0.049760328176026526,0.0626411186028326,0.007273655012249947,trajectory,GOAL_DIRECT,3.7723095417022705,14.602221720270116,5.921834945678711
794,100978.281,14.76317310333252,-0.2980968952178955,-0.9470815062522888,-0.00012131174968838605,0.04978001117706299,0.0626247227191925,-0.007739623077213764,0.04975623019791456,0.06264437370181088,0.007329222336411477,trajectory,GOAL_DIRECT,3.7861647605895996,14.619278661060745,5.921834945678711
795,100978.484,14.769611358642578,-0.29001832008361816,-0.9480553865432739,-0.00012131070183538975,0.04977819323539734,0.06262632459402084,-0.007226273883134127,0.04975356478116797,0.0626464906564296,0.007336848415434361,trajectory,GOAL_DIRECT,3.7939038276672363,14.62960892012544,5.921834945678711
796,100978.734,14.780241966247559,-0.2766786813735962,-0.9495646953582764,-0.00012130945027406105,0.04977493733167648,0.06262896955013275,-0.006890311371535063,0.0497488880874559,0.06265020458116469,0.007385436855256558,trajectory,GOAL_DIRECT,3.808838129043579,14.64666632466552,5.921834945678711
797,100978.875,14.790573120117188,-0.2637133300304413,-0.950971245765686,-0.00012130811143442738,0.04977170005440712,0.06263154000043869,-0.006473718211054802,0.049744059795512864,0.06265403829810526,0.007422436922788621,trajectory,GOAL_DIRECT,3.8302135467529297,14.66324439358313,5.921834945678711
798,100979.015,14.796262741088867,-0.25657299160957336,-0.9516863226890564,-0.00012130744176176273,0.049769770354032516,0.06263315677642822,-0.006007542368024588,0.04974119193830816,0.06265631512111439,0.007420896701514721,trajectory,GOAL_DIRECT,3.8375563621520996,14.672374343660165,5.921834945678711
799,100979.218,14.801652908325195,-0.24980846047401428,-0.9523221850395203,-0.00012130678666501791,0.049767717719078064,0.06263482570648193,-0.005744728725403547,0.049738323477883865,0.06265859220896515,0.007431664727628232,trajectory,GOAL_DIRECT,3.8451550006866455,14.68102376938046,5.921834945678711
800,100979.468,14.812582969665527,-0.23609066009521484,-0.953564465045929,-0.00012130341058972716,0.04976336658000946,0.06263863295316696,-0.005553574301302433,0.0497321091454385,0.062663524637114,0.007478486374020577,trajectory,GOAL_DIRECT,3.860095262527466,14.698563533985041,5.921834945678711
801,100979.625,14.823363304138184,-0.2225600928068161,-0.9547448754310608,-0.00012129962701758938,0.04975907877087593,0.06264209747314453,-0.005208656191825867,0.04972532135372439,0.06266891108252036,0.007509913444519043,trajectory,GOAL_DIRECT,3.8750367164611816,14.715863558769456,5.921834945678711
802,100979.828,14.829202651977539,-0.21523068845272064,-0.9553398489952087,-0.0001212990954406016,0.049756553024053574,0.06264413148164749,-0.004868713207542896,0.04972133656820366,0.06267207264700453,0.007512466683983803,trajectory,GOAL_DIRECT,3.881596565246582,14.725234675871686,5.921834945678711
803,100979.984,14.840282440185547,-0.20132289826869965,-0.9563952088356018,-0.0001212998663214925,0.04975120350718498,0.06264850497245789,-0.00462372088804841,0.049713084484657846,0.06267861861130374,0.007545635290443897,trajectory,GOAL_DIRECT,3.8965439796447754,14.743016326821348,5.921834945678711
804,100980.109,14.845964431762695,-0.19418080151081085,-0.9569103121757507,-0.00012129996766129452,0.04974827542901039,0.06265085190534592,-0.004342484753578901,0.04970993869127286,0.06268111354554812,0.0075488915666937825,trajectory,GOAL_DIRECT,3.9032156467437744,14.75214290416135,5.921834945678711
805,100980.312,14.851617813110352,-0.18703819811344147,-0.9573944211006165,-0.00012129973432085315,0.049744997173547745,0.06265340000391006,-0.004144466482102871,0.04971251988289041,0.06267906641689253,0.007557255551218987,trajectory,GOAL_DIRECT,3.911492347717285,14.761252097517742,5.921834945678711
806,100980.468,14.862478256225586,-0.17331625521183014,-0.958289384841919,-0.00012129956054703653,0.04973866418004036,0.06265833228826523,-0.003998277708888054,0.049718184724669885,0.06267457305545528,0.007590308636426926,trajectory,GOAL_DIRECT,3.9330809116363525,14.778751826377238,5.921834945678711
807,100980.687,14.867834091186523,-0.16654904186725616,-0.958711564540863,-0.00012130068940758201,0.04973610118031502,0.06266035884618759,-0.0037692859768867493,0.04972136315625566,0.06267205155317435,0.007593098282814026,trajectory,GOAL_DIRECT,3.941098690032959,14.787382007347937,5.921834945678711
808,100980.906,14.87824821472168,-0.1533895879983902,-0.9594874382019043,-0.00012130171656771453,0.04973286762833595,0.06266292929649353,-0.0036091292276978493,0.04972854066521862,0.06266635655044658,0.007619079425930977,trajectory,GOAL_DIRECT,3.954984664916992,14.804163683335357,5.921834945678711
809,100981.125,14.888364791870117,-0.14060606062412262,-0.960211992263794,-0.00012130315764395043,0.04973148554563522,0.06266400963068008,-0.003406581934541464,0.049736809699611716,0.06265979381473108,0.007639103345572949,trajectory,GOAL_DIRECT,3.966737747192383,14.820465925299857,5.921834945678711
810,100981.359,14.898481369018555,-0.12782253324985504,-0.9608921408653259,-0.00012130506376056633,0.04973190277814865,0.06266358494758606,-0.003193272277712822,0.04974672926499104,0.06265191878494772,0.007656046003103257,trajectory,GOAL_DIRECT,3.9712867736816406,14.836768163513495,5.921834945678711
811,100981.515,14.908597946166992,-0.11503900587558746,-0.9615305662155151,-0.0001213059578937915,0.049734167754650116,0.0626620277762413,-0.0030010235495865345,0.049758848432697636,0.06264229404046301,0.007672587372362614,trajectory,GOAL_DIRECT,3.97721004486084,14.853070396727768,5.921834945678711
812,100981.718,14.914548873901367,-0.10751952975988388,-0.9618819355964661,-0.00012130538178482186,0.049736518412828445,0.06266028434038162,-0.002819962799549103,0.04976725052422145,0.06263561906183558,0.0076756709814071655,trajectory,GOAL_DIRECT,3.9796559810638428,14.862659750141079,5.921834945678711
813,100981.859,14.924962997436523,-0.0943610668182373,-0.9624623656272888,-0.00012130392455356817,0.04974246397614479,0.06265554577112198,-0.0026952314656227827,0.04978496691786088,0.06262153837927888,0.007694713976234198,trajectory,GOAL_DIRECT,3.9855880737304688,14.87944062589418,5.921834945678711
814,100982.078,14.93046760559082,-0.08740630745887756,-0.9627557396888733,-0.00012130229968593947,0.04974640533328056,0.06265247613191605,-0.0025575251784175634,0.04979633040094901,0.06261250257416263,0.007698366176337004,trajectory,GOAL_DIRECT,3.9881536960601807,14.88831017747409,5.921834945678711
815,100982.312,14.941378593444824,-0.07368593662977219,-0.9633046984672546,-0.00012130034596696864,0.04975628852844238,0.06264468282461166,-0.0024497031699866056,0.04979824207142774,0.06261098215645147,0.007717188354581595,trajectory,GOAL_DIRECT,3.9782562255859375,14.905840101085898,5.921834945678711
816,100982.531,14.95215892791748,-0.06015533208847046,-0.963824987411499,-0.0001213012923266554,0.04976697638630867,0.06263609975576401,-0.0023115111980587244,0.047833774811047905,0.06016113482976325,0.007732147444039584,trajectory,GOAL_DIRECT,3.9634134769439697,14.923140178528186,5.921834945678711
817,100982.781,14.96278190612793,-0.04681626707315445,-0.9643076658248901,-0.00012130824982976875,0.04972924664616585,0.06256766617298126,-0.0021685422398149967,0.03721241439881704,0.04682078159050612,0.007744843848049641,trajectory,GOAL_DIRECT,3.9500648975372314,14.940192397020652,5.921834945678711
818,100983.015,14.973331451416016,-0.03353770077228546,-0.964760422706604,-0.00012160845847745577,0.049179159104824066,0.06185590848326683,-0.0020508526358753443,0.02666446991870715,0.03354094364537249,0.007758066523820163,trajectory,GOAL_DIRECT,3.92710280418396,14.957151559460494,5.921834945678711
819,100983.234,14.983453750610352,-0.020807458087801933,-0.965187668800354,-0.00012291542876024646,0.04691148176789284,0.05899520590901375,-0.0020094409119337797,0.01654369170703056,0.02080949171995327,0.007776115890592337,trajectory,GOAL_DIRECT,3.9133150577545166,14.97341563089069,5.921834945678711
820,100983.468,14.992898941040039,-0.008929619565606117,-0.9656149744987488,-0.0001249881887843332,0.042760130017995834,0.05377379432320595,-0.002087255008518696,0.007099942807521266,0.008930507044352195,0.007803706303238869,trajectory,GOAL_DIRECT,3.8985280990600586,14.988591093657178,5.921834945678711
821,100983.703,15.001192092895508,0.0015013699885457754,-0.9660539627075195,-0.00012697594266751773,0.03718472272157669,0.04676542803645134,-0.0021743241231888533,0.0,0.0,0.007832621242851018,trajectory,GOAL_DIRECT,3.8847274780273438,14.998082919585926,5.921834945678711
822,100983.937,15.00849723815918,0.010688530281186104,-0.9665276408195496,-0.00012802868291529197,0.03036581352353096,0.038195203989744186,-0.002219871850684285,-0.008495869651088651,-0.010689618083793383,0.007859948966652154,trajectory,GOAL_DIRECT,3.8724265098571777,14.98634541337478,5.921834945678711
823,100984.171,15.0142822265625,0.017966918647289276,-0.9670078158378601,-0.0001286294206265042,0.023170119151473045,0.02914690598845482,-0.0022494224831461906,-0.01427991537001684,-0.017968755613176124,0.007886321768164636,trajectory,GOAL_DIRECT,3.8631532192230225,14.97704804667875,5.921834945678711
824,100984.406,15.018482208251953,0.02324981987476349,-0.9674922823905945,-0.00012860744640091912,0.01572066731750965,0.019779128953814507,-0.0022496660239994526,-0.01847921799915128,-0.02325219663208951,0.007910564579069615,trajectory,GOAL_DIRECT,3.85589337348938,14.97029905479488,5.921834945678711
825,100984.64,15.021036148071289,0.026463836431503296,-0.9679608345031738,-0.0001276527146602942,0.008686218410730362,0.010933371260762215,-0.0022152659948915243,-0.021032769719343147,-0.026466521537286337,0.007931240182369948,trajectory,GOAL_DIRECT,3.8496522903442383,14.966193873863595,5.921834945678711
826,100984.875,15.022174835205078,0.027896668761968613,-0.9684262871742249,-0.00012621200547431545,0.00212787720374763,0.0026848590932786465,-0.002163081429898739,-0.02217131413396028,-0.0278994672701939,0.007950338050723076,trajectory,GOAL_DIRECT,3.8454670906066895,14.964363678018245,5.921834945678711
827,100985.031,15.021981239318848,0.027654346078634262,-0.9688931703567505,-0.00012453902891061138,-0.0037240779493004084,-0.004676454234868288,-0.0021036441903561354,-0.02197779510298659,-0.02765708338636717,0.00796892723068595,trajectory,GOAL_DIRECT,3.8433260917663574,14.96467383775402,5.921834945678711
828,100985.234,15.021422386169434,0.026953043416142464,-0.9691252112388611,-0.00012371436731222225,-0.00628318078815937,-0.007895954884588718,-0.0020746272057294846,-0.021419051526791303,-0.02695569346682551,0.007978207916021347,trajectory,GOAL_DIRECT,3.8426990509033203,14.965570576847922,5.921834945678711
829,100985.468,15.01960277557373,0.024664059281349182,-0.9695678949356079,-0.00012233296872367707,-0.010379008948802948,-0.013049956411123276,-0.002028019865974784,-0.01959975819946408,-0.024666457162521156,0.007996613513678313,trajectory,GOAL_DIRECT,3.844362258911133,14.968494688853657,5.921834945678711
830,100985.703,15.017141342163086,0.02156822383403778,-0.9699848294258118,-0.00012138342010956012,-0.013230469077825546,-0.016639310866594315,-0.0019970417488366365,-0.017138724012037993,-0.021570304349877292,0.008014981988817454,trajectory,GOAL_DIRECT,3.846986770629883,14.972449793276509,5.921834945678711
831,100985.875,15.014108657836914,0.01775379292666912,-0.9704080820083618,-0.00012077358359270037,-0.01506373006850481,-0.01894768327474594,-0.001979013904929161,-0.014106513544828895,-0.01775549675035092,0.008034702390432358,trajectory,GOAL_DIRECT,3.8509461879730225,14.97732288842815,5.921834945678711
832,100986.171,15.01095199584961,0.013777215033769608,-0.9708106517791748,-0.00012051300800181894,-0.01574189029633999,-0.019802672788500786,-0.001973703969269991,-0.010950335436457759,-0.013778534791683972,0.008054406084120275,trajectory,GOAL_DIRECT,3.8551719188690186,14.982400060591678,5.921834945678711
833,100986.312,15.007735252380371,0.009741822257637978,-0.9712121486663818,-0.00012052397260154017,-0.015590264461934566,-0.019615454599261284,-0.00197718758136034,-0.007734078201073822,-0.009742754470226688,0.008074759617447852,trajectory,GOAL_DIRECT,3.859731435775757,14.987560657964046,5.921834945678711
834,100986.437,15.005977630615234,0.007532776799052954,-0.9714386463165283,-0.00012063878525998785,-0.015162109397351742,-0.019075723364949226,-0.0019829680677503347,0.0,0.0,0.008086546938866377,trajectory,GOAL_DIRECT,3.861830711364746,14.99038361845201,5.921834945678711
835,100986.656,15.004288673400879,0.005408003926277161,-0.9716655015945435,-0.00012106426026367112,-0.014375765807926655,-0.01808187924325466,-0.0020013870671391487,0.0,0.0,0.00809936322271824,trajectory,GOAL_DIRECT,3.8642399311065674,14.99309788249839,5.921834945678711
836,100986.875,15.001526832580566,0.0019343397580087185,-0.9720892310142517,-0.00012154287371858622,-0.01179550588130951,-0.014843550510704517,-0.0020207089837640524,0.0,0.0,0.008122095447033644,trajectory,GOAL_DIRECT,3.8685221672058105,14.997535676963446,5.921834945678711
837,100987.015,14.99939250946045,-0.0007505511748604476,-0.9725008010864258,-0.00012128075152851873,-0.009162163361907005,-0.011537682265043259,-0.0020108488388359547,0.0,0.0,0.0081418851390481,trajectory,GOAL_DIRECT,3.8723673820495605,14.999034405974683,5.921834945678711
838,100987.234,14.998398780822754,-0.0020005609840154648,-0.972735583782196,-0.00012106897522606631,-0.007829525507986546,-0.009862342849373817,-0.002003488363698125,0.0,0.0,0.008153035435825587,trajectory,GOAL_DIRECT,3.873993396759033,14.997437550565504,5.921834945678711
839,100987.453,14.996938705444336,-0.003841489553451538,-0.9731672406196594,-0.00012074512828753097,-0.005790284834802151,-0.007295629475265741,-0.0019929136615246534,0.0,0.0,0.008173772301524879,trajectory,GOAL_DIRECT,3.876801013946533,14.995087916292874,5.921834945678711
840,100987.703,14.995874404907227,-0.005181444343179464,-0.9735904335975647,-0.00012054500787570067,-0.004268341697752476,-0.005378013011068106,-0.001986611168831587,0.0,0.0,0.008194427751004697,trajectory,GOAL_DIRECT,3.8789305686950684,14.993376715289905,5.921834945678711
841,100987.937,14.995111465454102,-0.006143555976450443,-0.9740017056465149,-0.00012043214199025694,-0.0031635647173970938,-0.003985369578003883,-0.001983088906854391,0.0,0.0,0.00821470957249403,trajectory,GOAL_DIRECT,3.880506753921509,14.992148818557553,5.921834945678711
842,100988.171,14.99453067779541,-0.006873560603708029,-0.9744248986244202,-0.00012036613347581056,-0.002321024890989065,-0.002923203632235527,-0.0019810511730611324,0.0,0.0,0.008235706202685834,trajectory,GOAL_DIRECT,3.881659746170044,14.991215962161371,5.921834945678711
843,100988.312,14.99411392211914,-0.007395882625132799,-0.9748361706733704,-0.00012033370144156868,-0.0017166611505672336,-0.0021613899152725935,-0.0019800132140517235,0.0,0.0,0.008256186768412591,trajectory,GOAL_DIRECT,3.883990526199341,14.990547751980387,5.921834945678711
844,100988.531,14.993932723999023,-0.007622873410582542,-0.9750626683235168,-0.00012032634484683341,-0.001453703735023737,-0.0018300008960068226,-0.0019796425476670265,0.0,0.0,0.00826748199760914,trajectory,GOAL_DIRECT,3.883990526199341,14.990257308528657,5.921834945678711
845,100988.671,14.993670463562012,-0.007953833788633347,-0.9754799008369446,-0.00012032511095332538,-0.001070019556209445,-0.0013465903466567397,-0.001979264197871089,0.006328579346237536,0.007954595333227364,0.008288313355296851,trajectory,GOAL_DIRECT,3.88350248336792,14.9898350354916,5.921834945678711
846,100988.796,14.993570327758789,-0.008082871325314045,-0.9756885170936584,-0.00012041251729990345,-0.0008408818976022303,-0.0010521806543692946,-0.0019825370982289314,0.006428698915717528,0.008083645479734673,0.008299006000161173,trajectory,GOAL_DIRECT,3.884829044342041,14.989671713888985,5.921834945678711
847,100988.921,14.993505477905273,-0.008164733648300171,-0.9759150147438049,-0.00012054245145576313,-0.00026806019013747573,-0.0003312895423732698,-0.001988154835999012,0.006493537850535226,0.008165516454593846,0.008310780301690102,trajectory,GOAL_DIRECT,3.883782386779785,14.98956727778638,5.921834945678711
848,100989.156,14.99359130859375,-0.008053210563957691,-0.9763382077217102,-0.00012057635397517155,0.0011149563360959291,0.0014021610841155052,-0.001989298965781927,0.006407720332897873,0.008053983242057902,0.008332031480968,trajectory,GOAL_DIRECT,3.883829355239868,14.989707987275175,5.921834945678711
849,100989.375,14.993767738342285,-0.007834171876311302,-0.9765706658363342,-0.0001205307829274113,0.001854160102084279,0.0023292035330086946,-0.001987230032682419,0.006231317353577171,0.007834922998780365,0.00834348887205124,trajectory,GOAL_DIRECT,3.8849236965179443,14.989989239071988,5.921834945678711
850,100989.515,14.994296073913574,-0.0071670254692435265,-0.976999819278717,-0.00012043135961432828,0.00301474891602993,0.0037861806340515614,-0.0019838432781398296,0.0,0.0,0.008364675603806973,trajectory,GOAL_DIRECT,3.8845248222351074,14.990840249628063,5.921834945678711
851,100989.718,14.994681358337402,-0.0066887615248560905,-0.9772322773933411,-0.00012029687708095437,0.003426085691899061,0.004297792911529541,-0.0019781028386205435,0.0,0.0,0.008375839274376632,trajectory,GOAL_DIRECT,3.8833491802215576,14.991454388268151,5.921834945678711
852,100989.953,14.995397567749023,-0.005797629710286856,-0.9776495099067688,-0.00012029112025724785,0.003205559216439724,0.0040232231840491295,-0.00198099366389215,0.0,0.0,0.008396932166069748,trajectory,GOAL_DIRECT,3.882878303527832,14.992597642748256,5.921834945678711
853,100990.187,14.996016502380371,-0.005021410994231701,-0.9780727028846741,-0.00012029016825829363,0.002580110915005207,0.003242932492867112,-0.001981656765565276,0.0,0.0,0.00841814486309886,trajectory,GOAL_DIRECT,3.882235050201416,14.993590411740323,5.921834945678711
854,100990.437,14.99649429321289,-0.004421860910952091,-0.9784899353981018,-0.00012026320107985273,0.001975144725292921,0.002485043602064252,-0.001981050008907914,0.0,0.0,0.008438957948237659,trajectory,GOAL_DIRECT,3.8816258907318115,14.994357054493175,5.921834945678711
855,100990.656,14.996856689453125,-0.003967988304793835,-0.9789071679115295,-0.00012023500241488354,0.001479337690398097,0.0018622407224029303,-0.0019804330077022314,0.0,0.0,0.008459770213812591,trajectory,GOAL_DIRECT,3.8798880577087402,14.994937852987015,5.921834945678711
856,100990.89,14.99713134765625,-0.003625555895268917,-0.9793303608894348,-0.00012021540635622436,0.0010926836403086782,0.0013757528504356742,-0.0019800555892288685,0.0,0.0,0.008480899669229986,trajectory,GOAL_DIRECT,3.8792834281921387,14.995376816916991,5.921834945678711
857,100991.046,14.997328758239746,-0.0033793067559599876,-0.979741632938385,-0.00012019986197741679,0.0008105625165626407,0.0010205055586993694,-0.0019798388238996267,0.0,0.0,0.008501445930451155,trajectory,GOAL_DIRECT,3.878805160522461,14.995692419856509,5.921834945678711
858,100991.25,14.99740219116211,-0.003277288982644677,-0.9799562096595764,-0.00012019295479669272,0.0006930232630111277,0.0008724710205569863,-0.001979742432013154,0.0,0.0,0.008512167055159808,trajectory,GOAL_DIRECT,3.8797857761383057,14.995817986868268,5.921834945678711
859,100991.484,14.997541427612305,-0.003113663988187909,-0.9803913235664368,-0.00012017913074282076,0.0005039480747655034,0.0006342833512462676,-0.0019796614069491625,0.0,0.0,0.008533916268497706,trajectory,GOAL_DIRECT,3.8782148361206055,14.99603269844644,5.921834945678711
860,100991.718,14.997620582580566,-0.0029989327304065228,-0.9808085560798645,-0.00012016489435486919,0.0003710561722982675,0.0004668753535952419,-0.0019796083215624094,0.0,0.0,0.008554773647338153,trajectory,GOAL_DIRECT,3.878269672393799,14.996171785693381,5.921834945678711
861,100991.875,14.997689247131348,-0.002912442199885845,-0.9812377095222473,-0.0001201475695133481,0.00027075421530753374,0.0003405785246286541,-0.0019792725797742605,0.0,0.0,0.008576204460114242,trajectory,GOAL_DIRECT,3.8784115314483643,14.996282218620244,5.921834945678711
862,100992.078,14.997724533081055,-0.002877542283385992,-0.9814582467079163,-0.00012014181057444041,0.00023026387498248369,0.0002896105870604515,-0.0019792213570326567,0.0,0.0,0.008587227221578361,trajectory,GOAL_DIRECT,3.878743886947632,14.996331485410703,5.921834945678711
863,100992.312,14.997793197631836,-0.002823893679305911,-0.9818874001502991,-0.000120134592459841,0.00016799400327727199,0.00021123413171153516,-0.0019792101811617613,0.0,0.0,0.008608683999627829,trajectory,GOAL_DIRECT,3.8785440921783447,14.996416098187149,5.921834945678711
864,100992.468,14.99780559539795,-0.002783846575766802,-0.982328474521637,-0.00012013005539245934,0.00012149065150879323,0.00015269611321855336,-0.0019792017992585897,0.0,0.0,0.008630737047642471,trajectory,GOAL_DIRECT,3.8783533573150635,14.996455255536022,5.921834945678711
865,100992.781,14.99780559539795,-0.0027562349569052458,-0.9827457070350647,-0.00012012519593859924,8.941665146267042e-05,0.00011232984252274036,-0.0019792017992585897,0.0,0.0,0.008651598673313858,trajectory,GOAL_DIRECT,3.8791894912719727,14.996476898710629,5.921834945678711
866,100993.015,14.99780559539795,-0.0027358413208276033,-0.9771828055381775,-0.00012012096919908588,6.667824345640838e-05,8.368719136342406e-05,0.07776032388210297,0.0,0.0,0.0019942915439605724,trajectory,GOAL_DIRECT,3.8792195320129395,14.996492830302046,5.921834945678711
867,100993.156,14.99780559539795,-0.0027203173376619816,-0.9606671929359436,-0.00012011778329760167,4.879682091996074e-05,6.117251177784055e-05,0.06957118958234787,0.0,0.0,0.001823641657829285,trajectory,GOAL_DIRECT,3.8790955543518066,14.996504926613778,5.921834945678711
868,100993.359,14.99780559539795,-0.0027145184576511383,-0.9539922475814819,-0.00012011692382754407,4.207737947581336e-05,5.27324627910275e-05,0.061181001365184784,0.0,0.0,0.0021611094474792486,trajectory,GOAL_DIRECT,3.8778505325317383,14.99650943815204,5.921834945678711
869,100993.5,14.99780559539795,-0.0027050934731960297,-0.9428906440734863,-0.00012011694953630081,3.11470175802242e-05,3.901926538674161e-05,0.04585786908864975,0.0,0.0,0.0028318798542022712,trajectory,GOAL_DIRECT,3.877741813659668,14.996516762675867,5.921834945678711
870,100993.671,14.99780559539795,-0.002701193792745471,-0.9383934736251831,-0.00012011681493962446,2.661144026205875e-05,3.333114364068024e-05,0.036557089537382126,0.0,0.0,0.00335108369588852,trajectory,GOAL_DIRECT,3.8788552284240723,14.99651979031329,5.921834945678711
871,100993.937,14.99780559539795,-0.0026953096967190504,-0.9322491884231567,-0.00012011707268190138,1.9773549865931273e-05,2.4768480216152966e-05,0.024217639118433,0.0,0.0,0.004031025469303131,trajectory,GOAL_DIRECT,3.8787407875061035,14.996524355323292,5.921834945678711
872,100994.171,14.99780559539795,-0.00269083003513515,-0.9281395673751831,-0.0001201172013317661,1.456430800317321e-05,1.8201897546532564e-05,0.014052142389118671,0.0,0.0,0.004638784155249596,trajectory,GOAL_DIRECT,3.8786275386810303,14.996527828080943,5.921834945678711
873,100994.406,14.99780559539795,-0.0026875014882534742,-0.9260028600692749,-0.0001201190552924032,1.067865377990529e-05,1.3311636394064408e-05,0.005698365159332752,0.0,0.0,0.00520025096833706,trajectory,GOAL_DIRECT,3.878513813018799,14.996530406968121,5.921834945678711
874,100994.64,14.99780559539795,-0.0026850614231079817,-0.9254220128059387,-0.00012012032792647792,7.830381946405396e-06,9.722137292555999e-06,-0.00032031722366809845,0.0,0.0,0.005652703195810319,trajectory,GOAL_DIRECT,3.878403425216675,14.996532296667336,5.921834945678711
875,100994.875,14.99780559539795,-0.0026833093725144863,-0.9259313941001892,-0.00012012064040864851,5.761374268331565e-06,7.093370641086949e-06,-0.00440393527969718,0.0,0.0,0.006004861705005169,trajectory,GOAL_DIRECT,3.878293991088867,14.996533653112262,5.921834945678711
876,100995.031,14.99780559539795,-0.002682019490748644,-0.9272277355194092,-0.00012012208078521684,4.178577455604682e-06,4.847569471166935e-06,-0.007169326767325401,0.0,0.0,0.006290910094976426,trajectory,GOAL_DIRECT,3.8781843185424805,14.996534651517342,5.921834945678711
877,100995.234,14.99780559539795,-0.002681511454284191,-0.9280979633331299,-0.00012012288108695104,3.536205667842296e-06,4.073125182912918e-06,-0.0078920042142272,0.0,0.0,0.006392235681414605,trajectory,GOAL_DIRECT,3.879082679748535,14.99653504469914,5.921834945678711
878,100995.484,14.99780559539795,-0.0026807894464582205,-0.9299686551094055,-0.00012012341218543273,2.57828082794731e-06,2.6075199457409326e-06,-0.009286838583648205,0.0,0.0,0.006597357019782067,trajectory,GOAL_DIRECT,3.879223346710205,14.996535603427184,5.921834945678711
879,100995.703,14.99780559539795,-0.002680381527170539,-0.9320616126060486,-0.00012012411058747793,1.8801921441990999e-06,1.3630233297590166e-06,-0.009937232360243797,0.0,0.0,0.006754036396741867,trajectory,GOAL_DIRECT,3.8778626918792725,14.996535919070128,5.921834945678711
880,100995.937,14.99780559539795,-0.002680141944438219,-0.9342371821403503,-0.00012012433611796742,1.381105903419666e-06,9.079559504243662e-07,-0.010091272182762623,0.0,0.0,0.006875138059258461,trajectory,GOAL_DIRECT,3.8777592182159424,14.996536104447326,5.921834945678711
881,100996.171,14.99780559539795,-0.002679994562640786,-0.9363782405853271,-0.00012012299005841324,1.0294514822817291e-06,5.013997110836499e-07,-0.009941024705767632,0.0,0.0,0.006970171183347702,trajectory,GOAL_DIRECT,3.8776535987854004,14.996536218480722,5.921834945678711
882,100996.406,14.99780559539795,-0.002679929370060563,-0.9384129047393799,-0.000120121498482793,7.805263635418669e-07,1.4746284193734027e-07,-0.00965178944170475,0.0,0.0,0.007048765569925309,trajectory,GOAL_DIRECT,3.8777284622192383,14.996536268921233,5.921834945678711
883,100996.64,14.99780559539795,-0.00267993425950408,-0.9405211806297302,-0.00012011990504463145,5.7625720728538e-07,-1.875404223028454e-07,-0.009288972243666649,0.0,0.0,0.007125153988599777,trajectory,GOAL_DIRECT,3.8779819011688232,14.996536265138213,5.921834945678711
884,100996.781,14.99780559539795,-0.002680002013221383,-0.942432165145874,-0.00012011898099573117,4.3844303831974685e-07,-4.5448180685525585e-07,-0.008832346647977829,0.0,0.0,0.007184173166751862,trajectory,GOAL_DIRECT,3.8782355785369873,14.996536212716062,5.921834945678711
885,100996.984,14.99780559539795,-0.002680058591067791,-0.9433903098106384,-0.00012011879181933103,3.7698600863222964e-07,-5.57589260097302e-07,-0.008269152604043484,0.0,0.0,0.007187024876475334,trajectory,GOAL_DIRECT,3.8784327507019043,14.996536168940457,5.921834945678711
886,100997.218,14.99780559539795,-0.002680182456970215,-0.9450532793998718,-0.00012011842801957522,2.9418970370898023e-07,-6.392497198248748e-07,-0.00800951849669218,0.0,0.0,0.0072494026273489005,trajectory,GOAL_DIRECT,3.87874698638916,14.996536073101211,5.921834945678711
887,100997.375,14.99780559539795,-0.002680316334590316,-0.9467722773551941,-0.00012011822429182538,2.233901454928855e-07,-5.806317062706512e-07,-0.007641152944415808,0.0,0.0,0.007305883280932904,trajectory,GOAL_DIRECT,3.8790035247802734,14.996535969513562,5.921834945678711
888,100997.593,14.99780559539795,-0.0026804187800735235,-0.9482190012931824,-0.00012011747486804917,1.6087533083464223e-07,-4.6478118065351737e-07,-0.0070554036647081375,0.0,0.0,0.007331359535455705,trajectory,GOAL_DIRECT,3.8792567253112793,14.996535890245088,5.921834945678711
889,100997.796,14.99780559539795,-0.0026804690714925528,-0.9490312933921814,-0.00012011690734337863,1.2353707745660358e-07,-3.965476480516372e-07,-0.006696324795484543,0.0,0.0,0.007343247830867768,trajectory,GOAL_DIRECT,3.878002643585205,14.99653585133103,5.921834945678711
890,100998.046,14.99780559539795,-0.0026805426459759474,-0.9504560828208923,-0.00012011607060857625,7.101909460516254e-08,-2.7786751388703124e-07,-0.006453541573137045,0.0,0.0,0.0073950646445155145,trajectory,GOAL_DIRECT,3.8778955936431885,14.996535794400675,5.921834945678711
891,100998.265,14.99780559539795,-0.0026805903762578964,-0.9517390131950378,-0.00012011630343974183,4.739386127994294e-08,-1.9547540830444632e-07,-0.006095228251069784,0.0,0.0,0.007430546097457409,trajectory,GOAL_DIRECT,3.877791404724121,14.996535757467672,5.921834945678711
892,100998.5,14.99780559539795,-0.002680623671039939,-0.9530096054077148,-0.00012011585960626872,2.5039925688474796e-08,-1.2858336617682653e-07,-0.0056920284405350685,0.0,0.0,0.007461819723248482,trajectory,GOAL_DIRECT,3.877685546875,14.996535731704496,5.921834945678711
893,100998.734,14.99780559539795,-0.0026806441601365805,-0.9541643857955933,-0.00012011487007616031,1.175538777431484e-08,-9.472495321460883e-08,-0.0053147245198488235,0.0,0.0,0.0074893744289875035,trajectory,GOAL_DIRECT,3.877650737762451,14.996535715850168,5.921834945678711
894,100998.89,14.99780559539795,-0.00268066069111228,-0.9552722573280334,-0.00012011505197510628,-2.8623320380560813e-10,-8.348068547547882e-08,-0.004960729740560055,0.0,0.0,0.007516448423266412,trajectory,GOAL_DIRECT,3.877903938293457,14.996535703058573,5.921834945678711
895,100999.015,14.99780559539795,-0.0026806695386767387,-0.9558222889900208,-0.00012011560494788124,-5.6144604521080055e-09,-7.166414661696763e-08,-0.004630411509424448,0.0,0.0,0.007517524547874928,trajectory,GOAL_DIRECT,3.8785767555236816,14.996535696212355,5.921834945678711
896,100999.218,14.99780559539795,-0.0026806783862411976,-0.9563378095626831,-0.00012011615064470533,-9.965686054158596e-09,-5.4014101635857514e-08,-0.004418218974024057,0.0,0.0,0.007526325173676014,trajectory,GOAL_DIRECT,3.878466844558716,14.996535689366127,5.921834945678711
897,100999.453,14.99780559539795,-0.0026806858368217945,-0.9572296142578125,-0.00012011664540991778,4.32404029249156e-10,-2.6709571443461755e-08,-0.0042783538810908794,0.0,0.0,0.00755972620099783,trajectory,GOAL_DIRECT,3.87835693359375,14.996535683600877,5.921834945678711
898,100999.687,14.99780559539795,-0.0026806858368217945,-0.9581002593040466,-0.00012011714745091747,4.6639382134117113e-08,-1.875206123713724e-08,-0.004038540180772543,0.0,0.0,0.00758407335728407,trajectory,GOAL_DIRECT,3.8782496452331543,14.996535683600877,5.921834945678711
899,100999.921,14.99780559539795,-0.0026806858368217945,-0.9589309692382812,-0.00012011765676788754,9.830940683741574e-08,-3.100527123933716e-08,-0.003787646070122719,0.0,0.0,0.0076055373251438145,trajectory,GOAL_DIRECT,3.8781423568725586,14.996535683600877,5.921834945678711
900,101000.171,14.99780559539795,-0.002680698176845908,-0.9597553610801697,-0.00012011819518889595,1.0980559039808213e-07,-6.621365145065283e-08,-0.0035470060538500547,0.0,0.0,0.007627505715936423,trajectory,GOAL_DIRECT,3.8780338764190674,14.996535674052165,5.921834945678711
901,101000.39,14.99780559539795,-0.0026807168032974005,-0.9605157375335693,-0.00012011854443491797,8.501432091634342e-08,-1.2225704892898648e-07,-0.0033117367420345545,0.0,0.0,0.0076467029936611655,trajectory,GOAL_DIRECT,3.8779287338256836,14.996535659638981,5.921834945678711
902,101000.625,14.99780559539795,-0.0026807484682649374,-0.9611765742301941,-0.00012011884274912675,6.711575650797386e-08,-1.7506168603631522e-07,-0.0030949353240430355,0.0,0.0,0.007662400715053082,trajectory,GOAL_DIRECT,3.877822160720825,14.996535635136478,5.921834945678711
903,101000.859,14.99780559539795,-0.002680781064555049,-0.9618120193481445,-0.00012011883547306796,5.027823846148749e-08,-1.7919158779022837e-07,-0.0029007389675825834,0.0,0.0,0.007678637262433768,trajectory,GOAL_DIRECT,3.877718448638916,14.996535609913192,5.921834945678711
904,101001.0,14.99780559539795,-0.0026808136608451605,-0.9624088406562805,-0.00012011882092116044,3.965278239093095e-08,-1.373357889633553e-07,-0.0027219646144658327,0.0,0.0,0.007694176379591227,trajectory,GOAL_DIRECT,3.877615451812744,14.99653558468978,5.921834945678711
905,101001.203,14.99780559539795,-0.002680828794836998,-0.9627044200897217,-0.00012011882092118199,3.730558617576207e-08,-1.0901123914663913e-07,-0.002569857519119978,0.0,0.0,0.007696786783635617,trajectory,GOAL_DIRECT,3.878723621368408,14.996535572978871,5.921834945678711
906,101001.421,14.99780559539795,-0.002680844394490123,-0.9632098078727722,-0.00012011882092119992,3.63177861117947e-08,-7.332378260116457e-08,-0.0024572706315666437,0.0,0.0,0.007713049221783877,trajectory,GOAL_DIRECT,3.878610610961914,14.996535560907597,5.921834945678711
907,101001.656,14.99780559539795,-0.0026808602269738913,-0.9637026786804199,-0.00012011882092119988,3.762911759963572e-08,-6.481358383325642e-08,-0.0023304622154682875,0.0,0.0,0.007727548088878393,trajectory,GOAL_DIRECT,3.8785016536712646,14.996535548656126,5.921834945678711
908,101001.89,14.99780559539795,-0.002680877223610878,-0.9642044305801392,-0.00012011882092119691,3.787870639371249e-08,-4.6037655465624994e-08,-0.002197869122028351,0.0,0.0,0.00774202823638916,trajectory,GOAL_DIRECT,3.8783905506134033,14.996535535503778,5.921834945678711
909,101002.125,14.99780559539795,-0.0026808816473931074,-0.9646562337875366,-0.00012011868995396242,3.6963811567147786e-08,-1.6082424281194108e-08,-0.0020614692475646734,0.0,0.0,0.007753706406801939,trajectory,GOAL_DIRECT,3.8782830238342285,14.996535532080559,5.921834945678711
910,101002.359,14.99780559539795,-0.0026808816473931074,-0.965080738067627,-0.00012011847895118549,3.9029721676797635e-08,-4.951867804692256e-09,-0.0019419689197093248,0.0,0.0,0.007765371594578028,trajectory,GOAL_DIRECT,3.879103899002075,14.996535532080559,5.921834945678711
911,101002.609,14.99780559539795,-0.0026808816473931074,-0.965514600276947,-0.00012011882819715733,3.7424058518809034e-08,-1.1014211764859283e-09,-0.0019304414745420218,0.0,0.0,0.007786142509430647,trajectory,GOAL_DIRECT,3.879211664199829,14.996535532080559,5.921834945678711
912,101002.843,14.99780559539795,-0.0026808816473931074,-0.9659266471862793,-0.00012011935934205258,6.658808615611633e-08,-2.0031849512491817e-09,-0.0019408087246119976,0.0,0.0,0.00780757423490286,trajectory,GOAL_DIRECT,3.877854108810425,14.996535532080559,5.921834945678711
913,101003.078,14.99780559539795,-0.0026808816473931074,-0.9663296937942505,-0.00012012036342422968,8.537205786751656e-08,-6.046883882504517e-09,-0.0019490530248731375,0.0,0.0,0.00782838610932231,trajectory,GOAL_DIRECT,3.877750873565674,14.996535532080559,5.921834945678711
914,101003.218,14.99780559539795,-0.0026808816473931074,-0.9667502641677856,-0.0001201220368945088,7.073042951333264e-08,-1.3592142522611539e-08,-0.0019559927750378847,0.0,0.0,0.007849969808012247,trajectory,GOAL_DIRECT,3.877645492553711,14.996535532080559,5.921834945678711
915,101003.437,14.99780559539795,-0.0026808816473931074,-0.9669796824455261,-0.00012012288818157141,5.712593420525991e-08,-1.9098385095617232e-08,-0.001959137851372361,0.0,0.0,0.007861692328006029,trajectory,GOAL_DIRECT,3.8787574768066406,14.996535532080559,5.921834945678711
916,101003.593,14.99780559539795,-0.0026808816473931074,-0.9673986434936523,-0.0001201244743403714,2.4594521974563577e-08,-3.1683317303077274e-08,-0.001963920658454299,0.0,0.0,0.007883023004978895,trajectory,GOAL_DIRECT,3.8786449432373047,14.996535532080559,5.921834945678711
917,101003.718,14.99780559539795,-0.002680882578715682,-0.9676228761672974,-0.00012012560938975397,6.605629376821298e-09,-3.9777404481355916e-08,-0.0019659672398120165,0.0,0.0,0.007894398365169765,trajectory,GOAL_DIRECT,3.878002643585205,14.996535531359882,5.921834945678711
918,101003.921,14.99780559539795,-0.0026808916591107845,-0.9678530097007751,-0.00012012844701324605,-1.1451039227949877e-08,-4.906951289740391e-08,-0.001967941876500845,0.0,0.0,0.00790606301277876,trajectory,GOAL_DIRECT,3.878535270690918,14.996535524333266,5.921834945678711
919,101004.14,14.99780559539795,-0.002680908190086484,-0.9682719707489014,-0.00012013412953611348,-2.1947842654412852e-08,-6.855022149920842e-08,-0.0019709111656993628,0.0,0.0,0.007927248608320952,trajectory,GOAL_DIRECT,3.878509998321533,14.996535511541198,5.921834945678711
920,101004.328,14.99780559539795,-0.0026809247210621834,-0.9686909317970276,-0.00012013981205895586,6.473120928163212e-10,-9.134171108371447e-08,-0.0019728620536625385,0.0,0.0,0.007948352731764316,trajectory,GOAL_DIRECT,3.878767251968384,14.996535498749097,5.921834945678711
921,101004.531,14.99780559539795,-0.0026809335686266422,-0.9689151644706726,-0.00012014285340919921,2.633571405397106e-08,-1.0490014545894155e-07,-0.0019737291149795055,0.0,0.0,0.007959633730351925,trajectory,GOAL_DIRECT,3.878206729888916,14.996535491902609,5.921834945678711
922,101004.781,14.99780559539795,-0.0026809596456587315,-0.9693341255187988,-0.00012014812120256157,9.780575993545426e-08,-1.304669723367624e-07,-0.0019749533385038376,0.0,0.0,0.007980679720640182,trajectory,GOAL_DIRECT,3.878101110458374,14.99653547172343,5.921834945678711
923,101004.937,14.99780559539795,-0.0026809931732714176,-0.9697589874267578,-0.00012015283602338382,1.8342294083595334e-07,-1.350602900629383e-07,-0.0019759759306907654,0.0,0.0,0.008002004623413085,trajectory,GOAL_DIRECT,3.8779923915863037,14.996535445778656,5.921834945678711
924,101005.062,14.99780559539795,-0.0026810122653841972,-0.9700009226799011,-0.00012015624117165842,2.3045906516472314e-07,-1.2559596029859676e-07,-0.001976574771106243,0.0,0.0,0.00801414929330349,trajectory,GOAL_DIRECT,3.879133701324463,14.99653543100449,5.921834945678711
925,101005.281,14.99780559539795,-0.0026810262352228165,-0.9702195525169373,-0.00012016009015322565,2.544119297454017e-07,-1.095279742457933e-07,-0.0019768921192735434,0.0,0.0,0.008025106173008681,trajectory,GOAL_DIRECT,3.877887725830078,14.9965354201941,5.921834945678711
926,101005.515,14.99780559539795,-0.002681042766198516,-0.9706427454948425,-0.00012016297143227839,2.451074578857515e-07,-7.948917613020967e-08,-0.001977414358407259,0.0,0.0,0.008046307601034641,trajectory,GOAL_DIRECT,3.8777832984924316,14.996535407401772,5.921834945678711
927,101005.703,14.99780559539795,-0.0026810592971742153,-0.9710659384727478,-0.0001201608832324852,2.0370366371480486e-07,-7.039000848862997e-08,-0.001977926818653941,0.0,0.0,0.008067508246749639,trajectory,GOAL_DIRECT,3.8776791095733643,14.996535394609415,5.921834945678711
928,101005.89,14.99780559539795,-0.002681075595319271,-0.9714831709861755,-0.00012015683779987163,1.4454204233516066e-07,-6.206051494928033e-08,-0.0019784739706665277,0.0,0.0,0.008088413644582033,trajectory,GOAL_DIRECT,3.8786816596984863,14.996535381997202,5.921834945678711
929,101006.031,14.99780559539795,-0.0026810849085450172,-0.9717215895652771,-0.00012015653220976114,1.1078374484441156e-07,-5.5467324955316144e-08,-0.0019787028431892395,0.0,0.0,0.008100352883338928,trajectory,GOAL_DIRECT,3.8786816596984863,14.996535374790207,5.921834945678711
930,101006.234,14.99780559539795,-0.002681093057617545,-0.971930205821991,-0.00012015627755132098,8.470188106457499e-08,-5.6716682905744165e-08,-0.0019787049386650324,0.0,0.0,0.008110783863812686,trajectory,GOAL_DIRECT,3.8785693645477295,14.99653536848408,5.921834945678711
931,101006.39,14.99780559539795,-0.0026811095885932446,-0.9723533987998962,-0.00012015576095842379,4.1720511489984347e-08,-7.939379997878859e-08,-0.0019790255464613438,0.0,0.0,0.008131969161331654,trajectory,GOAL_DIRECT,3.8784589767456055,14.996535355691625,5.921834945678711
932,101006.718,14.99780559539795,-0.002681126818060875,-0.9727944731712341,-0.00012015563726696372,1.8833286929975657e-08,-9.5539554934021e-08,-0.0019790087826550007,0.0,0.0,0.008154021538794042,trajectory,GOAL_DIRECT,3.878349781036377,14.996535342358612,5.921834945678711
933,101007.406,14.99780559539795,-0.0026811426505446434,-0.9679598808288574,-0.00012015566637081961,-3.6703386996350673e-09,-8.09829217018887e-08,0.07615604251623154,0.0,0.0,0.0016614878177642822,trajectory,GOAL_DIRECT,3.8782410621643066,14.996535330106623,5.921834945678711
934,101008.375,14.99780559539795,-0.0026811896823346615,-0.9259346127510071,-0.00012015698331928778,1.9978688925448296e-08,-4.7104620648497075e-08,0.07784240692853928,0.0,0.0,0.0,control_loop_hover,GOAL_DIRECT,3.877920389175415,14.996535293710838,5.921834945678711
935,101009.078,14.99780559539795,-0.0026812180876731873,-0.8827318549156189,-0.0001201565322097946,6.255023610179933e-09,-9.779656551245353e-08,0.04264747351408005,0.0,0.0,0.0,control_loop_hover,GOAL_DIRECT,3.87860369682312,14.996535271729101,5.921834945678711
936,101009.296,14.99780559539795,-0.0026812569703906775,-0.8441038727760315,-0.00012015683052419768,1.0081794243887998e-07,-1.8902481357940815e-08,0.039827603846788406,0.0,0.0,0.0,control_loop_hover,GOAL_DIRECT,3.8782739639282227,14.996535241639195,5.921834945678711
937,101009.531,14.99780559539795,-0.0026812569703906775,-0.8389434814453125,-0.00012015629937921934,1.547170285221e-07,4.057512548172326e-09,-0.007380080409348011,0.0,0.0,0.0018935576826334,trajectory,GOAL_DIRECT,3.878166437149048,14.996535241639195,5.921834945678711
938,101009.765,14.99780559539795,-0.0026812569703906775,-0.8433004021644592,-0.00012015578278612747,1.6610390218829707e-07,1.6739219788064474e-08,-0.03176019340753555,0.0,0.0,0.00406181275844574,trajectory,GOAL_DIRECT,3.8780605792999268,14.996535241639195,5.921834945678711
939,101009.984,14.99780559539795,-0.0026812569703906775,-0.8510027527809143,-0.00012015564454295494,1.3482751626270328e-07,2.010262534213325e-08,-0.03988806530833244,0.0,0.0,0.005097160041332245,trajectory,GOAL_DIRECT,3.8779544830322266,14.996535241639195,5.921834945678711
940,101010.14,14.99780559539795,-0.0026812569703906775,-0.8595798015594482,-0.00012015547719596073,9.243781562418008e-08,1.4877431731008528e-08,-0.041278060525655746,0.0,0.0,0.005637212097644806,trajectory,GOAL_DIRECT,3.8778483867645264,14.996535241639195,5.921834945678711
941,101010.656,14.99780559539795,-0.0026812569703906775,-0.8681625127792358,-0.00012015495332702176,6.352482984084418e-08,-1.449849407197945e-10,-0.03912287577986717,0.0,0.0,0.0058939328789711,trajectory,GOAL_DIRECT,3.8788633346557617,14.996535241639195,5.921834945678711
942,101010.812,14.99780559539795,-0.002681263955309987,-0.8544691801071167,-0.00012015427666291384,3.389330771597088e-08,-5.405557246263015e-08,0.03105643205344677,0.0,0.0,-0.0004050783812999726,trajectory,GOAL_DIRECT,3.878638505935669,14.996535236233804,5.921834945678711
943,101011.109,14.99780559539795,-0.0026812797877937555,-0.852276623249054,-0.00012015378189780159,3.195243181153273e-08,-9.45681151165445e-08,-0.003851469838991761,0.0,0.0,0.0022779259271919726,trajectory,GOAL_DIRECT,3.8785266876220703,14.996535223981564,5.921834945678711
944,101011.343,14.99780559539795,-0.0026813035365194082,-0.8522362112998962,-0.00012015329440864739,2.8718613265255044e-08,-1.407012604204283e-07,0.012214340269565582,0.0,0.0,0.0009906405210494994,trajectory,GOAL_DIRECT,3.8784170150756836,14.996535205603148,5.921834945678711
945,101011.578,14.99780559539795,-0.0026813361328095198,-0.8511564135551453,-0.00012015327985671755,2.3981515440141266e-08,-1.8533994250446995e-07,-0.0029824653174728155,0.0,0.0,0.0021523950807750226,trajectory,GOAL_DIRECT,3.878307819366455,14.996535180377768,5.921834945678711
946,101011.796,14.99780559539795,-0.002681368263438344,-0.8533523082733154,-0.00012015427666289895,2.3937156257147763e-08,-1.7608991242923366e-07,-0.01812305860221386,0.0,0.0,0.0034734372794628142,trajectory,GOAL_DIRECT,3.8782007694244385,14.996535155512628,5.921834945678711
947,101012.031,14.99780559539795,-0.0026814003940671682,-0.8582508563995361,-0.00012015517888162404,1.4130960401814718e-08,-1.3944023180556542e-07,-0.027861131355166435,0.0,0.0,0.004497410506010055,trajectory,GOAL_DIRECT,3.878092050552368,14.996535130647368,5.921834945678711
948,101012.265,14.99780559539795,-0.002681424142792821,-0.8645988702774048,-0.00012015581189002246,1.2482003874936254e-08,-9.211566975864116e-08,-0.03249122574925423,0.0,0.0,0.005185218751430512,trajectory,GOAL_DIRECT,3.8779871463775635,14.996535112268623,5.921834945678711
949,101012.5,14.99780559539795,-0.0026814404409378767,-0.8718425631523132,-0.00012015579006208721,1.4433452655282508e-08,-6.918364903185648e-08,-0.034224994480609894,0.0,0.0,0.005686104893684388,trajectory,GOAL_DIRECT,3.8778793811798096,14.99653509965572,5.921834945678711
950,101012.734,14.99780559539795,-0.0026814567390829325,-0.8791946172714233,-0.00012015589920142362,5.13295017601223e-10,-3.963899075642985e-08,-0.03360344097018242,0.0,0.0,0.006003983318805695,trajectory,GOAL_DIRECT,3.877774715423584,14.996535087042785,5.921834945678711
951,101012.875,14.99780559539795,-0.0026814572047442198,-0.8863384127616882,-0.00012015601561678353,-9.115979970886201e-09,-2.794585718390863e-08,-0.03216322511434555,0.0,0.0,0.00624595582485199,trajectory,GOAL_DIRECT,3.877671480178833,14.996535086682416,5.921834945678711
952,101013.125,14.99780559539795,-0.0026814572047442198,-0.8931713104248047,-0.00012015656131359172,-2.4182261526561888e-08,-1.864682985797117e-08,-0.02923457697033882,0.0,0.0,0.0063533088564872746,trajectory,GOAL_DIRECT,3.8776888847351074,14.996535086682416,5.921834945678711
953,101013.453,14.99780559539795,-0.0026814572047442198,-0.8992759585380554,-0.00012015709245847894,-5.108613265747408e-08,-6.796002427478243e-09,-0.02696836367249489,0.0,0.0,0.006477244198322296,trajectory,GOAL_DIRECT,3.8779430389404297,14.996535086682416,5.921834945678711
954,101013.703,14.99780559539795,-0.0026814572047442198,-0.8989232182502747,-0.00012015664134912872,-6.605270641557581e-08,7.3073365136622215e-09,0.0476737916469574,0.0,0.0,0.0004882347583770757,trajectory,GOAL_DIRECT,3.878197193145752,14.996535086682416,5.921834945678711
