frame,time_s,x,y,z,yaw,vx,vy,vz,cmd_vx,cmd_vy,command_source,family,min_distance_m,goal_progress_m,lateral_deviation_m
1,19199.406,0.0,0.0,-0.9494924545288086,0.0,0.0,0.0,0.10683175921440125,0.0,0.0,trajectory_no_feasible,STRAIGHT,3.6730222702026367,0.0,0.0
2,19199.468,0.0,0.0,-0.9440606832504272,0.0,0.0,0.0,0.09623102098703384,0.0,0.0,trajectory_no_feasible,STRAIGHT,3.6479310989379883,0.0,0.0
3,19199.5,0.0,0.0,-0.9403974413871765,0.0,0.0,0.0,0.09173790365457535,0.0,0.0,trajectory_no_feasible,STRAIGHT,3.6479310989379883,0.0,0.0
4,19199.578,0.0,0.0,-0.9353347420692444,0.0,0.0,0.0,0.08602172136306763,0.15,0.0,trajectory,STRAIGHT,3.6277949810028076,0.0,0.0
5,19199.625,9.643015346227912e-07,7.635403347529182e-19,-0.9315571784973145,1.1740813683595904e-11,0.0001633306674193591,3.049327609840546e-16,0.08190832287073135,0.14998693354660644,-1.1739512963712384e-12,trajectory,STRAIGHT,3.6277949810028076,9.643015346227912e-07,7.635403347529182e-19
6,19199.671,2.9861799703212455e-05,3.1570056144690647e-16,-0.928668200969696,4.696373974754827e-11,0.0016702653374522924,2.6252256458644298e-14,0.07855775207281113,0.14986637877300382,-4.6920901306193006e-12,trajectory,STRAIGHT,3.6277949810028076,2.9861799703212455e-05,3.1570056144690647e-16
7,19199.765,0.00027318327920511365,8.62998247760623e-15,-0.9239018559455872,7.044618682892428e-11,0.00646597146987915,3.036926179283972e-13,0.07282736152410507,0.14948272228240966,-7.03141237580611e-12,trajectory,STRAIGHT,3.5939502716064453,0.00027318327920511365,8.62998247760623e-15
8,19199.859,0.001541411504149437,9.713952732470776e-14,-0.9167084693908691,-1.5029900243404216e-10,0.018233029171824455,1.491883548122852e-12,0.06444443762302399,0.14854135766625404,2.1708023456585243e-11,trajectory,STRAIGHT,3.5939502716064453,0.001541411504149437,9.713952732470776e-14
9,19199.875,0.0015966745559126139,1.0167550395373537e-13,-0.9165154695510864,-1.6438922708568951e-10,0.018608970567584038,1.5319891622650461e-12,0.06422692537307739,0.14851128235459327,2.3085191792452065e-11,trajectory,STRAIGHT,3.5939502716064453,0.0015966745559126139,1.0167550395373537e-13
10,19199.984,0.0030233871657401323,2.2381016040028817e-13,-0.9126073718070984,-2.3249342564055858e-10,0.02674414962530136,2.3302254223422914e-12,0.059914011508226395,0.14786046802997588,6.0811911088701284e-12,trajectory,STRAIGHT,3.530909299850464,0.0030233871657401323,2.2381016040028817e-13
11,19200.078,0.006805704440921545,5.558149426820869e-13,-0.9063352942466736,-2.9120120739958564e-10,0.04137289524078369,3.6586558435636185e-12,0.05327661335468292,0.1466901683807373,1.1227577077023553e-11,trajectory,STRAIGHT,3.4986135959625244,0.006805704440921545,5.558149426820869e-13
12,19200.093,0.007969990372657776,6.592061423636719e-13,-0.9049167037010193,-4.062695433950867e-10,0.0448603481054306,4.003374888539302e-12,0.051812704652547836,0.14641117215156554,2.2095048714030367e-11,trajectory,STRAIGHT,3.4986135959625244,0.007969990372657776,6.592061423636719e-13
13,19200.187,0.012016644701361656,1.0321541798335998e-12,-0.9008881449699402,-8.148732134348821e-10,0.054946184158325195,5.296655475328649e-12,0.047725860029459,0.14560430526733398,4.788927478619766e-11,trajectory,STRAIGHT,3.4819960594177246,0.012016644701361656,1.0321541798335998e-12
14,19200.281,0.015526115894317627,1.3915292529365075e-12,-0.8981090188026428,-1.2704364503046365e-09,0.06196323782205582,6.793221801054683e-12,0.04494362324476242,0.14504294097423553,8.989099378554765e-11,trajectory,STRAIGHT,3.4738361835479736,0.015526115894317627,1.3915292529365075e-12
15,19200.312,0.019034283235669136,1.8107623690408192e-12,-0.895746111869812,-1.6484992237327093e-09,0.06790639460086823,8.877639075255406e-12,0.04259473457932472,0.14456748843193054,2.7520330688400675e-11,trajectory,STRAIGHT,3.470472812652588,0.019034283235669136,1.8107623690408192e-12
16,19200.375,0.02263360656797886,2.332691114922958e-12,-0.8936275243759155,-2.0523880540153018e-09,0.07318471372127533,1.1760373057334572e-11,0.04050244018435478,0.14414522290229798,6.368520687077034e-11,trajectory,STRAIGHT,3.470472812652588,0.02263360656797886,2.332691114922958e-12
17,19200.406,0.02487373538315296,2.717666586563028e-12,-0.8924300670623779,-2.3294740635800932e-09,0.07613477110862732,1.3976213415756167e-11,0.039323583245277405,0.14390921831130982,8.828722883464441e-11,trajectory,STRAIGHT,3.4694573879241943,0.02487373538315296,2.717666586563028e-12
18,19200.484,0.029856503009796143,3.781790419016273e-12,-0.8900277018547058,-2.9517353851025104e-09,0.08196201920509338,2.0192030339427625e-11,0.03696572035551071,0.14344303846359252,3.96791608041417e-11,trajectory,STRAIGHT,3.4694573879241943,0.029856503009796143,3.781790419016273e-12
19,19200.5,0.03109586238861084,4.098268165803054e-12,-0.8894772529602051,-3.0644436727556143e-09,0.08327751606702805,2.2030530177907792e-11,0.03642624244093895,0.14333779871463775,4.9273781996547284e-11,trajectory,STRAIGHT,3.4694573879241943,0.03109586238861084,4.098268165803054e-12
20,19200.546,0.03519109636545181,5.315043110493134e-12,-0.8877691626548767,-3.2640207165625715e-09,0.0873076543211937,2.8934228277210927e-11,0.03475695475935936,0.1430153876543045,6.471466199152153e-11,trajectory,STRAIGHT,3.4694573879241943,0.03519109636545181,5.315043110493134e-12
21,19200.625,0.03974685072898865,7.0150213762887326e-12,-0.8860398530960083,-3.4166298188235664e-09,0.09129653871059418,3.803838841132112e-11,0.03307149186730385,0.14269627690315245,-1.4462809415075002e-11,trajectory,STRAIGHT,3.4694573879241943,0.03974685072898865,7.0150213762887326e-12
22,19200.64,0.04223902150988579,8.116087663045946e-12,-0.8851585388183594,-3.536375323197568e-09,0.09329114854335785,4.360999408814514e-11,0.03221401572227478,0.14253670811653135,-5.418855421378393e-12,trajectory,STRAIGHT,3.4700844287872314,0.04223902150988579,8.116087663045946e-12
23,19200.718,0.048842936754226685,1.1680039747885562e-11,-0.8830085396766663,-3.919097244307962e-09,0.09804028272628784,6.029106380811555e-11,0.030129333958029747,0.14215677738189697,2.395922685231116e-11,trajectory,STRAIGHT,3.4700844287872314,0.048842936754226685,1.1680039747885562e-11
24,19200.75,0.05151357501745224,1.3408113161417212e-11,-0.8822055459022522,-4.055279031055819e-09,0.09976887702941895,6.780794675753654e-11,0.029352953657507896,0.14201848983764648,-2.542953353956129e-11,trajectory,STRAIGHT,3.4705617427825928,0.05151357501745224,1.3408113161417212e-11
25,19200.828,0.05514521524310112,1.6042743522515224e-11,-0.881166934967041,-4.257202876246831e-09,0.10196363925933838,7.873301316463355e-11,0.02835170552134514,0.14184290885925294,-1.0333747913917566e-11,trajectory,STRAIGHT,3.4705617427825928,0.05514521524310112,1.6042743522515224e-11
26,19200.859,0.06042058393359184,2.048956837530369e-11,-0.8797558546066284,-4.412154535502226e-09,0.10487080365419388,9.600127637288125e-11,0.02699527144432068,0.1416103357076645,-1.3800580632035334e-12,trajectory,STRAIGHT,3.4705617427825928,0.06042058393359184,2.048956837530369e-11
27,19200.937,0.06583854556083679,2.5870586922716043e-11,-0.878412127494812,-4.576498283024605e-09,0.10755734145641327,1.1536670924128245e-10,0.0257093608379364,0.14139541268348693,-3.5191472130421225e-11,trajectory,STRAIGHT,3.4705617427825928,0.06583854556083679,2.5870586922716043e-11
28,19201.0,0.07437602430582047,3.6151272947426705e-11,-0.8764795660972595,-5.144721095566565e-09,0.11127205193042755,1.4906949286075388e-10,0.023870307952165604,0.1410982358455658,6.7881474391928e-12,trajectory,STRAIGHT,3.4708926677703857,0.07437602430582047,3.6151272947426705e-11
29,19201.062,0.07739652693271637,4.034826292520499e-11,-0.8758432269096375,-5.3090816671287715e-09,0.11245523393154144,1.619171602351699e-10,0.023268088698387146,0.1410035812854767,-4.63033458396576e-11,trajectory,STRAIGHT,3.4708926677703857,0.07739652693271637,4.034826292520499e-11
30,19201.093,0.08249952644109726,4.814102935735143e-11,-0.8748180866241455,-5.548574171774403e-09,0.1143176332116127,1.8471453533397408e-10,0.022302253171801567,0.140854589343071,-3.08422056214486e-11,trajectory,STRAIGHT,3.4709866046905518,0.08249952644109726,4.814102935735143e-11
31,19201.171,0.08872933685779572,5.89054013899748e-11,-0.8736435770988464,-5.8913820572494066e-09,0.11638173460960388,2.1438138764207082e-10,0.021202238276600838,0.1406894612312317,-8.067853536063068e-12,trajectory,STRAIGHT,3.4709866046905518,0.08872933685779572,5.89054013899748e-11
32,19201.187,0.09153296053409576,6.421764509045857e-11,-0.873140275478363,-5.997039199378779e-09,0.11724305152893066,2.2838271551695044e-10,0.020733211189508438,0.14062055587768554,-6.616636557707783e-11,trajectory,STRAIGHT,3.4708242416381836,0.09153296053409576,6.421764509045857e-11
33,19201.281,0.09898699074983597,7.982096927872107e-11,-0.8718715310096741,-6.433767865658685e-09,0.11935128271579742,2.6753468884699316e-10,0.019557537510991096,0.1404518973827362,-3.728556325143554e-11,trajectory,STRAIGHT,3.4708242416381836,0.09898699074983597,7.982096927872107e-11
34,19201.343,0.10875458270311356,1.0369972935908578e-10,-0.8703448176383972,-7.018424757805151e-09,0.12176597863435745,3.2302852059906684e-10,0.018157655373215675,0.1402587217092514,-4.4988208088677585e-11,trajectory,STRAIGHT,3.4705047607421875,0.10875458270311356,1.0369972935908578e-10
35,19201.421,0.11426176130771637,1.1898018681399947e-10,-0.8695441484451294,-7.267310215335808e-09,0.12297742813825607,3.563943307138828e-10,0.017431125044822693,0.1401618057489395,-3.1671092435335905e-11,trajectory,STRAIGHT,3.469973564147949,0.11426176130771637,1.1898018681399947e-10
36,19201.468,0.12019392102956772,1.3698148171314983e-10,-0.8687253594398499,-7.581944749566964e-09,0.12417516857385635,3.9399081219748666e-10,0.016694050282239914,0.1400659865140915,-8.167281315987866e-11,trajectory,STRAIGHT,3.469973564147949,0.12019392102956772,1.3698148171314983e-10
37,19201.515,0.12580564618110657,1.5553994203720833e-10,-0.8679890036582947,-7.955286968539988e-09,0.12521584331989288,4.3111958447639154e-10,0.01603671722114086,0.13998273253440857,-5.822159597937434e-11,trajectory,STRAIGHT,3.469973564147949,0.12580564618110657,1.5553994203720833e-10
38,19201.546,0.13032770156860352,1.7161538856669267e-10,-0.8674207925796509,-8.183051158376388e-09,0.12599478662014008,4.6214246318676544e-10,0.015533369965851307,0.1399204170703888,-4.6289406800484646e-11,trajectory,STRAIGHT,3.4692587852478027,0.13032770156860352,1.7161538856669267e-10
39,19201.625,0.1386876404285431,2.0407303624736528e-10,-0.8664246201515198,-8.52351432592309e-09,0.12730854749679565,5.22057452823077e-10,0.014660116285085678,0.13981531620025633,-1.0489894837500861e-10,trajectory,STRAIGHT,3.4692587852478027,0.1386876404285431,2.0407303624736528e-10
40,19201.671,0.14213182032108307,2.1851347120627196e-10,-0.8660334348678589,-8.680834068493753e-09,0.12780651450157166,5.476932241066379e-10,0.014320521615445614,0.13977547883987426,-9.773130642311428e-11,trajectory,STRAIGHT,3.46846079826355,0.14213182032108307,2.1851347120627196e-10
41,19201.734,0.15060515701770782,2.567989987323216e-10,-0.8651146292686462,-8.824058017290954e-09,0.1289345771074295,6.130935759074418e-10,0.013531181029975414,0.13968523383140563,-1.0237620063676117e-10,trajectory,STRAIGHT,3.46846079826355,0.15060515701770782,2.567989987323216e-10
42,19201.765,0.15254101157188416,2.661108000623358e-10,-0.8649129867553711,-8.824054417637957e-09,0.12917441129684448,6.284919806809341e-10,0.013359532691538334,0.13966604709625244,-1.4410646991782033e-10,trajectory,STRAIGHT,3.467557191848755,0.15254101157188416,2.661108000623358e-10
43,19201.843,0.1587592214345932,2.9748506436000355e-10,-0.8642845749855042,-8.631493603413108e-09,0.12990359961986542,6.790730200378903e-10,0.012828785926103592,0.13960771203041075,-1.743900321735367e-10,trajectory,STRAIGHT,3.467557191848755,0.1587592214345932,2.9748506436000355e-10
44,19201.859,0.16501112282276154,3.313342378241657e-10,-0.8636810183525085,-8.265174643537058e-09,0.13057757914066315,7.315991701339897e-10,0.012325047515332699,0.13955379366874693,-2.201162969142812e-10,trajectory,STRAIGHT,3.467557191848755,0.16501112282276154,3.313342378241657e-10
45,19201.937,0.1693274974822998,3.5608890835980844e-10,-0.8632798194885254,-8.051486294046407e-09,0.1310114562511444,7.687992464866511e-10,0.011993581429123878,0.13951908349990844,-2.4815132531998047e-10,trajectory,STRAIGHT,3.4665732383728027,0.1693274974822998,3.5608890835980844e-10
46,19201.968,0.1780013144016266,4.0935246858886387e-10,-0.8625091910362244,-7.635850017307426e-09,0.1318114995956421,8.457807232353787e-10,0.011365577578544617,0.13945508003234863,-2.0169506538048674e-10,trajectory,STRAIGHT,3.465536117553711,0.1780013144016266,4.0935246858886387e-10
47,19202.046,0.18632763624191284,4.650344831436115e-10,-0.8618109226226807,-6.987749630488602e-09,0.1324986070394516,9.223582453365964e-10,0.010807076469063759,0.13940011143684386,-2.770055221850777e-10,trajectory,STRAIGHT,3.465536117553711,0.18632763624191284,4.650344831436115e-10
48,19202.109,0.1930983066558838,5.137025249624116e-10,-0.8612707257270813,-6.299730284097928e-09,0.1330050230026245,9.864674632709125e-10,0.010382316075265408,0.13935959815979004,-3.5186099006735766e-10,trajectory,STRAIGHT,3.464470148086548,0.1930983066558838,5.137025249624116e-10
49,19202.156,0.19949336349964142,5.625354626559442e-10,-0.8607814908027649,-5.83009283815529e-09,0.13344436883926392,1.0484622059436788e-09,0.010003667324781418,0.13932445049285888,-2.0169183707450607e-10,trajectory,STRAIGHT,3.464470148086548,0.19949336349964142,5.625354626559442e-10
50,19202.25,0.20590871572494507,6.143818787052169e-10,-0.8603100180625916,-5.247743172966656e-09,0.13385029137134552,1.1120117049401301e-09,0.009644442237913609,0.13929197669029236,-2.671431127756123e-10,trajectory,STRAIGHT,3.463392734527588,0.20590871572494507,6.143818787052169e-10
51,19202.343,0.21919792890548706,7.311430350043224e-10,-0.8593895435333252,-3.648636051993782e-09,0.13459312915802002,1.2477761046625346e-09,0.008960587903857231,0.1392325496673584,-3.155441738032447e-10,trajectory,STRAIGHT,3.4623122215270996,0.21919792890548706,7.311430350043224e-10
52,19202.375,0.22526156902313232,7.887229203085155e-10,-0.8589925765991211,-2.742242066159415e-09,0.1348932683467865,1.3114777042133596e-09,0.00867345929145813,0.13920853853225706,-4.078022516117557e-10,trajectory,STRAIGHT,3.4623122215270996,0.22526156902313232,7.887229203085155e-10
53,19202.453,0.2329607903957367,8.65817917361511e-10,-0.8585081100463867,-1.5047571165505537e-09,0.13524292409420013,1.3938592502427127e-09,0.008329384960234165,0.13918056607246398,-2.6040590070034334e-10,trajectory,STRAIGHT,3.4623122215270996,0.2329607903957367,8.65817917361511e-10
54,19202.531,0.24434113502502441,9.881148121948513e-10,-0.8578284382820129,3.362065086868747e-10,0.135701522231102,1.518547176893037e-09,0.007860240526497364,0.13914387822151184,-4.449764545964047e-10,trajectory,STRAIGHT,3.4612247943878174,0.24434113502502441,9.881148121948513e-10
55,19202.578,0.2488221377134323,1.0390515114977461e-09,-0.8575719594955444,1.0289160221805288e-09,0.13586506247520447,1.5685577281487895e-09,0.00768747553229332,0.13913079500198364,-1.8820468281458067e-10,trajectory,STRAIGHT,3.4601547718048096,0.2488221377134323,1.0390515114977461e-09
56,19202.625,0.25534921884536743,1.1161089830125093e-09,-0.857208788394928,1.904782420500121e-09,0.13608752191066742,1.64229818633288e-09,0.007447110954672098,0.1391129982471466,-2.7820669316449354e-10,trajectory,STRAIGHT,3.4601547718048096,0.25534921884536743,1.1161089830125093e-09
57,19202.671,0.2606600821018219,1.1813425793150145e-09,-0.8569219708442688,2.602187962429601e-09,0.1362556666135788,1.703066465630343e-09,0.007260963320732117,0.13909954667091368,-3.4955471413446557e-10,trajectory,STRAIGHT,3.459099292755127,0.2606600821018219,1.1813425793150145e-09
58,19202.718,0.26597729325294495,1.2489607126298097e-09,-0.8566422462463379,3.3442077421729247e-09,0.13641324639320374,1.7645860328485696e-09,0.007082642987370491,0.13908694028854368,-1.8385694928601438e-10,trajectory,STRAIGHT,3.459099292755127,0.26597729325294495,1.2489607126298097e-09
59,19202.765,0.2721199095249176,1.3299827905655093e-09,-0.856328010559082,4.0627473116855485e-09,0.1365828812122345,1.8364878506815785e-09,0.006886147893965244,0.13907336950302124,-2.587910071222324e-10,trajectory,STRAIGHT,3.4580678939819336,0.2721199095249176,1.3299827905655093e-09
60,19202.812,0.27580901980400085,1.3801569886950915e-09,-0.8561436533927917,4.4501962428875204e-09,0.1366787552833557,1.8800951906428054e-09,0.006772841792553663,0.13906569957733153,-2.99688527011064e-10,trajectory,STRAIGHT,3.4580678939819336,0.27580901980400085,1.3801569886950915e-09
61,19202.906,0.284015953540802,1.495900847636733e-09,-0.8557446002960205,5.603144713958091e-09,0.13687708973884583,1.9782377957966446e-09,0.006532772444188595,0.13904983282089234,-2.19174421579862e-10,trajectory,STRAIGHT,3.4580678939819336,0.284015953540802,1.495900847636733e-09
62,19203.015,0.3012861907482147,1.7584138589654685e-09,-0.8549507856369019,8.775509955837578e-09,0.1372351050376892,2.1897486046640324e-09,0.006077341269701719,0.13902119159698487,-5.268347875245208e-10,trajectory,STRAIGHT,3.4570531845092773,0.3012861907482147,1.7584138589654685e-09
63,19203.109,0.3095249533653259,1.8928902889570054e-09,-0.854591965675354,1.0400438603004e-08,0.13738147914409637,2.2929673715310628e-09,0.005881726276129484,0.13900948166847227,-2.365030118396383e-10,trajectory,STRAIGHT,3.4560580253601074,0.3095249533653259,1.8928902889570054e-09
64,19203.125,0.3136475086212158,1.9624628588843507e-09,-0.8544169068336487,1.1210554961393218e-08,0.13744936883449554,2.3451653952122342e-09,0.005788659676909447,0.13900405049324036,-3.143942125251446e-10,trajectory,STRAIGHT,3.4560580253601074,0.3136475086212158,1.9624628588843507e-09
65,19203.218,0.32024767994880676,2.0770531961034067e-09,-0.8541425466537476,1.2480910731915554e-08,0.13755126297473907,2.4294877221109346e-09,0.005645886063575745,0.13899589896202086,-4.357561609447928e-10,trajectory,STRAIGHT,3.455084800720215,0.32024767994880676,2.0770531961034067e-09
66,19203.328,0.3375946581363678,2.3973432128343575e-09,-0.8534530401229858,1.5387928709712067e-08,0.1377832591533661,2.6554820564683723e-09,0.005305191036313772,0.13897733926773057,-3.388600400628007e-10,trajectory,STRAIGHT,3.4541358947753906,0.3375946581363678,2.3973432128343575e-09
67,19203.421,0.3466920256614685,2.5765929390075826e-09,-0.853108286857605,1.6846134281386404e-08,0.13788701593875885,2.7765165722115626e-09,0.005144834518432617,0.13896903872489916,-1.8471225317506288e-10,trajectory,STRAIGHT,3.4532127380371094,0.3466920256614685,2.5765929390075826e-09
68,19203.453,0.3533124029636383,2.7120043988304587e-09,-0.8528639674186707,1.7837052744138276e-08,0.13795563578605652,2.8656774730961843e-09,0.005035321228206158,0.13896354913711534,-2.8073913939026966e-10,trajectory,STRAIGHT,3.4532127380371094,0.3533124029636383,2.7120043988304587e-09
69,19203.531,0.36200642585754395,2.8962694464951255e-09,-0.8525510430335999,1.895712144385725e-08,0.1380378007888794,2.984148483875515e-09,0.0049000876024365425,0.13895697593688952,-1.4333994039303826e-10,trajectory,STRAIGHT,3.4532127380371094,0.36200642585754395,2.8962694464951255e-09
70,19203.625,0.37070539593696594,3.088049371768875e-09,-0.8522463440895081,2.0046672230219074e-08,0.13811178505420685,3.1042604042852417e-09,0.004773919004946947,0.13895105719566334,-2.5054558043188634e-10,trajectory,STRAIGHT,3.452310800552368,0.37070539593696594,3.088049371768875e-09
71,19203.656,0.3777506649494171,3.2488760570714703e-09,-0.8520053029060364,2.0884971286052892e-08,0.13816627860069275,3.202696330362187e-09,0.004678003024309874,0.13894669771194457,-1.1056635553776018e-10,trajectory,STRAIGHT,3.451430559158325,0.3777506649494171,3.2488760570714703e-09
72,19203.718,0.38687199354171753,3.4645049051817978e-09,-0.8517004251480103,2.2155319568549953e-08,0.1382303684949875,3.3316818193185327e-09,0.0045616342686116695,0.138941570520401,-2.3422418004613057e-10,trajectory,STRAIGHT,3.451430559158325,0.38687199354171753,3.4645049051817978e-09
73,19203.75,0.38811612129211426,3.4945704108224618e-09,-0.8516594767570496,2.234786788357056e-08,0.1382385492324829,3.349410304664957e-09,0.0045464131981134415,0.13894091606140135,-2.5266828784118583e-10,trajectory,STRAIGHT,3.4505717754364014,0.38811612129211426,3.4945704108224618e-09
74,19203.812,0.3976568579673767,3.7304008770888686e-09,-0.8513497114181519,2.3787280868579096e-08,0.13829746842384338,3.4864380271670825e-09,0.004434526432305574,0.1389362025260925,-1.6056691101718582e-10,trajectory,STRAIGHT,3.4505717754364014,0.3976568579673767,3.7304008770888686e-09
75,19203.843,0.400976300239563,3.814654370160042e-09,-0.8512437343597412,2.4259255595984387e-08,0.13831642270088196,3.534560866214065e-09,0.004397574346512556,0.13893468618392943,-2.0627792354880728e-10,trajectory,STRAIGHT,3.449732542037964,0.400976300239563,3.814654370160042e-09
76,19203.921,0.40554124116897583,3.93239396601075e-09,-0.85109943151474,2.4848647605929776e-08,0.1383412927389145,3.601118514495738e-09,0.004348336718976498,0.13893269658088683,-2.636432199738433e-10,trajectory,STRAIGHT,3.449732542037964,0.40554124116897583,3.93239396601075e-09
77,19203.953,0.41425833106040955,4.1633025915643884e-09,-0.8508282899856567,2.6027422651216877e-08,0.1383851319551468,3.729433206700605e-09,0.004259160719811916,0.13892918944358826,-1.2849001988754363e-10,trajectory,STRAIGHT,3.448911666870117,0.41425833106040955,4.1633025915643884e-09
78,19204.031,0.42090168595314026,4.344688164792387e-09,-0.8506254553794861,2.7079395830123047e-08,0.1384156197309494,3.828299455221895e-09,0.004195252433419228,0.13892675042152403,-2.291161338102379e-10,trajectory,STRAIGHT,3.448911666870117,0.42090168595314026,4.344688164792387e-09
79,19204.14,0.43211549520492554,4.6616128734910944e-09,-0.8502897620201111,2.8453074572831095e-08,0.1384619027376175,3.997300268565596e-09,0.004094812553375959,0.1389230477809906,-3.6236333821603205e-10,trajectory,STRAIGHT,3.4481077194213867,0.43211549520492554,4.6616128734910944e-09
80,19204.203,0.44333282113075256,4.992338542564312e-09,-0.8499618172645569,2.973987161892291e-08,0.13850243389606476,4.169028677836195e-09,0.004002927336841822,0.13891980528831482,-1.323908142110428e-10,trajectory,STRAIGHT,3.447319269180298,0.44333282113075256,4.992338542564312e-09
81,19204.25,0.45039719343185425,5.207752007407862e-09,-0.8497591018676758,3.0615742012575294e-08,0.1385253369808197,4.2785561760183555e-09,0.0039491490460932255,0.13891797304153441,-2.1790989746403844e-10,trajectory,STRAIGHT,3.447319269180298,0.45039719343185425,5.207752007407862e-09
82,19204.312,0.45746269822120667,5.4287800921315466e-09,-0.8495590090751648,3.1578502880696394e-08,0.13854637742042542,4.38916769596176e-09,0.0038982690311968327,0.13891628980636594,-3.1034332170231716e-10,trajectory,STRAIGHT,3.446544885635376,0.45746269822120667,5.4287800921315466e-09
83,19204.359,0.46369779109954834,5.628509658350822e-09,-0.8493845462799072,3.258586445448765e-08,0.13856349885463715,4.4876671267957136e-09,0.003855589311569929,0.138914920091629,-9.818798364389476e-11,trajectory,STRAIGHT,3.446544885635376,0.46369779109954834,5.628509658350822e-09
84,19204.39,0.467439204454422,5.750481424371401e-09,-0.8492807745933533,3.320811885388682e-08,0.13857316970825195,4.547172416380363e-09,0.003831012872979045,0.13891414642333982,-1.5763508020902812e-10,trajectory,STRAIGHT,3.4457881450653076,0.467439204454422,5.750481424371401e-09
85,19204.468,0.47700178623199463,6.069525326779512e-09,-0.8490185141563416,3.476727735325857e-08,0.13859601318836212,4.7006230019519535e-09,0.003771491115912795,0.13891231894493103,-3.055812392210416e-10,trajectory,STRAIGHT,3.4457881450653076,0.47700178623199463,6.069525326779512e-09
86,19204.5,0.48074406385421753,6.197262258922365e-09,-0.8489169478416443,3.540596303236541e-08,0.13860425353050232,4.7612100928517975e-09,0.0037494120188057423,0.13891165971755978,-5.169580810781799e-11,trajectory,STRAIGHT,3.445042133331299,0.48074406385421753,6.197262258922365e-09
87,19204.578,0.48573410511016846,6.370130645194649e-09,-0.848782479763031,3.6244243756460176e-08,0.1386146992444992,4.842467316024113e-09,0.0037209729198366404,0.13891082406044003,-1.315861322339501e-10,trajectory,STRAIGHT,3.445042133331299,0.48573410511016846,6.370130645194649e-09
88,19204.609,0.49363574385643005,6.6498482276244886e-09,-0.8485715985298157,3.753102623492138e-08,0.1386300027370453,4.97223284767756e-09,0.003678213804960251,0.13890959978103634,-2.5352275449195346e-10,trajectory,STRAIGHT,3.445042133331299,0.49363574385643005,6.6498482276244886e-09
89,19204.687,0.499874472618103,6.875927383021008e-09,-0.8484067320823669,3.8683960165175645e-08,0.1386410892009735,5.075640796547987e-09,0.003646306926384568,0.1389087128639221,-9.076378904656594e-11,trajectory,STRAIGHT,3.445042133331299,0.499874472618103,6.875927383021008e-09
90,19204.703,0.5048657059669495,7.060152462656788e-09,-0.8482759594917297,3.982282174899966e-08,0.13864938914775848,5.15897680131161e-09,0.003621884621679783,0.13890804886817928,-1.9649444830735255e-10,trajectory,STRAIGHT,3.445042133331299,0.5048657059669495,7.060152462656788e-09
91,19204.75,0.5115213990211487,7.310471339394553e-09,-0.848102867603302,4.120353434950936e-08,0.13865973055362701,5.27093346747165e-09,0.0035908331628888845,0.1389072215557098,-3.2423090167843275e-10,trajectory,STRAIGHT,3.4443087577819824,0.5115213990211487,7.310471339394553e-09
92,19204.812,0.518177330493927,7.566188564567256e-09,-0.8479312658309937,4.263121381411996e-08,0.13866929709911346,5.383856027663114e-09,0.003561352612450719,0.13890645623207087,-9.774187108968445e-11,trajectory,STRAIGHT,3.4435853958129883,0.518177330493927,7.566188564567256e-09
93,19204.859,0.5244179368019104,7.810863955626246e-09,-0.8477716445922852,4.4119957300968604e-08,0.13867758214473724,5.490595533785836e-09,0.0035351107362657785,0.13890579342842096,-2.345538096240195e-10,trajectory,STRAIGHT,3.4435853958129883,0.5244179368019104,7.810863955626246e-09
94,19204.921,0.5298264622688293,8.026817432948974e-09,-0.8476341962814331,4.5376228943095704e-08,0.13868428766727448,5.583788098562081e-09,0.003513403469696641,0.138905256986618,-3.4910804348455355e-10,trajectory,STRAIGHT,3.4435853958129883,0.5298264622688293,8.026817432948974e-09
95,19204.937,0.5335710048675537,8.178458799079635e-09,-0.8475395441055298,4.620513040777308e-08,0.13868866860866547,5.648679302083792e-09,0.003498900681734085,0.13890490651130663,-1.999667780684422e-11,trajectory,STRAIGHT,3.4428722858428955,0.5335710048675537,8.178458799079635e-09
96,19205.031,0.5423091053962708,8.539130291751462e-09,-0.847320020198822,4.79826775637276e-08,0.13869819045066833,5.8012807890861495e-09,0.003466692054644227,0.1389041447639464,-1.836747029522614e-10,trajectory,STRAIGHT,3.4428722858428955,0.5423091053962708,8.539130291751462e-09
97,19205.046,0.5460540056228638,8.696657616269476e-09,-0.8472266793251038,4.8701206860844197e-08,0.13870197534561157,5.867191177344466e-09,0.00345357833430171,0.13890384197235095,-2.4943072225648795e-10,trajectory,STRAIGHT,3.442166328430176,0.5460540056228638,8.696657616269476e-09
98,19205.14,0.5564572215080261,9.14361653059359e-09,-0.846968948841095,5.0795752002911776e-08,0.13871164619922638,6.05187988611533e-09,0.003419087966904044,0.13890306830406188,-1.21779888694728e-10,trajectory,STRAIGHT,3.442166328430176,0.5564572215080261,9.14361653059359e-09
99,19205.187,0.5635319352149963,9.455502159028129e-09,-0.8467951416969299,5.2162367367715063e-08,0.13871756196022034,6.178819234037292e-09,0.003397194901481271,0.13890259504318236,-2.462701110789255e-10,trajectory,STRAIGHT,3.441471576690674,0.5635319352149963,9.455502159028129e-09
100,19205.265,0.5706066489219666,9.773888365316452e-09,-0.8466224074363708,5.349610590854074e-08,0.13872301578521729,6.306852373683114e-09,0.0033765409607440233,0.13890215873718254,-3.822240968012708e-11,trajectory,STRAIGHT,3.441471576690674,0.5706066489219666,9.773888365316452e-09
101,19205.296,0.5772653818130493,1.0079535428531017e-08,-0.84646075963974,5.4719479390664756e-08,0.13872772455215454,6.428354737408881e-09,0.0033581387251615524,0.13890178203582756,-1.4994549426583624e-10,trajectory,STRAIGHT,3.440784454345703,0.5772653818130493,1.0079535428531017e-08
102,19205.359,0.5839248895645142,1.0391038252066664e-08,-0.8463000059127808,5.59005826777931e-08,0.13873210549354553,6.5508287683258e-09,0.003340615890920162,0.1389014315605163,-2.570271960552512e-10,trajectory,STRAIGHT,3.440784454345703,0.5839248895645142,1.0391038252066664e-08
103,19205.39,0.5880870819091797,1.0588720122939321e-08,-0.8461998701095581,5.662145319163792e-08,0.13873465359210968,6.62786803218296e-09,0.003330145962536335,0.1389012277126312,2.991087240932521e-11,trajectory,STRAIGHT,3.44010329246521,0.5880870819091797,1.0588720122939321e-08
104,19205.468,0.5972439050674438,1.1031796809390926e-08,-0.8459807634353638,5.829096935933052e-08,0.13873985409736633,6.798693164000724e-09,0.003308333456516266,0.13890081167221063,-1.2238969781984585e-10,trajectory,STRAIGHT,3.44010329246521,0.5972439050674438,1.1031796809390926e-08
105,19205.5,0.6014060974121094,1.1236935826275385e-08,-0.8458818197250366,5.911986367797246e-08,0.13874204456806183,6.876948788203663e-09,0.0032989419996738434,0.138900636434555,-1.971322371061256e-10,trajectory,STRAIGHT,3.4394283294677734,0.6014060974121094,1.1236935826275385e-08
106,19205.578,0.610146701335907,1.1675400202193487e-08,-0.8456745743751526,6.089039058117298e-08,0.13874627649784088,7.04252300920416e-09,0.0032801744528114796,0.1389002978801727,-5.521389255369563e-11,trajectory,STRAIGHT,3.4394283294677734,0.610146701335907,1.1675400202193487e-08
107,19205.593,0.6130605340003967,1.1823878764971596e-08,-0.845605731010437,6.146570284870318e-08,0.13874761760234833,7.0980874511406e-09,0.003274194896221161,0.13890019059181208,-1.0723280665254627e-10,trajectory,STRAIGHT,3.438760280609131,0.6130605340003967,1.1823878764971596e-08
108,19205.687,0.6234675049781799,1.2363730483855306e-08,-0.8453609347343445,6.339121688652234e-08,0.13875193893909454,7.298052384641096e-09,0.003253880888223648,0.1388998448848724,-2.801566898228949e-10,trajectory,STRAIGHT,3.438760280609131,0.6234675049781799,1.2363730483855306e-08
109,19205.687,0.6251326203346252,1.2451502051646912e-08,-0.8453218340873718,6.368004541136818e-08,0.13875259459018707,7.330267948191249e-09,0.0032507937867194414,0.138899792432785,-3.059439040601883e-10,trajectory,STRAIGHT,3.438760280609131,0.6251326203346252,1.2451502051646912e-08
110,19205.796,0.6322093605995178,1.2828858864111226e-08,-0.8451564908027649,6.48635112229833e-08,0.1387552171945572,7.467864548971193e-09,0.0032381147611886263,0.1388995826244354,-1.4456643549213265e-11,trajectory,STRAIGHT,3.4380948543548584,0.6322093605995178,1.2828858864111226e-08
111,19205.89,0.6492767930030823,1.3768046258633149e-08,-0.8447597622871399,6.761086741858453e-08,0.1387607306241989,7.804255908183677e-09,0.0032102123368531466,0.13889914155006405,-2.6169959936563013e-10,trajectory,STRAIGHT,3.4374377727508545,0.6492767930030823,1.3768046258633149e-08
112,19205.953,0.6559372544288635,1.4145846272128892e-08,-0.8446061015129089,6.85923898668052e-08,0.13876262307167053,7.937273061031647e-09,0.0032002616208046675,0.13889899015426627,3.6216400880637284e-11,trajectory,STRAIGHT,3.4367825984954834,0.6559372544288635,1.4145846272128892e-08
113,19206.015,0.6642628312110901,1.4627115518806022e-08,-0.8444141745567322,6.975002033341492e-08,0.13876470923423767,8.104921178642144e-09,0.0031885651405900717,0.1388988232612609,-6.938096156722605e-11,trajectory,STRAIGHT,3.4361307621002197,0.6642628312110901,1.4627115518806022e-08
114,19206.109,0.6713395714759827,1.5044134826780464e-08,-0.8442520499229431,7.06939550674269e-08,0.1387663334608078,8.248626670592785e-09,0.0031792325899004936,0.1388986933231353,3.883801338894542e-11,trajectory,STRAIGHT,3.4361307621002197,0.6713395714759827,1.5044134826780464e-08
115,19206.171,0.6838295459747314,1.5798036656633485e-08,-0.843966543674469,7.252316210370584e-08,0.13876895606517792,8.50493009352249e-09,0.003164116060361266,0.1388984835147857,-1.2777961597542894e-10,trajectory,STRAIGHT,3.435485363006592,0.6838295459747314,1.5798036656633485e-08
116,19206.234,0.6904909610748291,1.620959366732677e-08,-0.8438149094581604,7.351642269536454e-08,0.13877014815807343,8.643033844180081e-09,0.0031566729303449392,0.1388983881473541,3.31986626141849e-11,trajectory,STRAIGHT,3.435485363006592,0.6904909610748291,1.620959366732677e-08
117,19206.343,0.697985053062439,1.6680546721659084e-08,-0.843644380569458,7.451906955772332e-08,0.13877148926258087,8.799577955187488e-09,0.003148747608065605,0.1388982808589935,-5.903268571096326e-11,trajectory,STRAIGHT,3.435485363006592,0.697985053062439,1.6680546721659084e-08
118,19206.39,0.7104752063751221,1.7484364178699252e-08,-0.8433618545532227,7.595377616049361e-08,0.1387733519077301,9.063247929930185e-09,0.0031365135218948126,0.13889813184738145,-1.0816000855983183e-11,trajectory,STRAIGHT,3.434840440750122,0.7104752063751221,1.7484364178699252e-08
119,19206.468,0.7171366214752197,1.792281167922738e-08,-0.8432111740112305,7.65314474121209e-08,0.1387743055820465,9.205288087343888e-09,0.003130427561700344,0.13889805555343615,-6.566972551537456e-11,trajectory,STRAIGHT,3.434197187423706,0.7171366214752197,1.792281167922738e-08
120,19206.5,0.7237980365753174,1.8368103482657716e-08,-0.8430612683296204,7.705042783163168e-08,0.13877512514591217,9.348313234625039e-09,0.003124631242826581,0.138897989988327,6.244882846900589e-11,trajectory,STRAIGHT,3.434197187423706,0.7237980365753174,1.8368103482657716e-08
121,19206.562,0.7287940979003906,1.8706590054762273e-08,-0.8429489731788635,7.744257637218949e-08,0.13877566158771515,9.456228688975443e-09,0.003120523877441883,0.13889794707298275,2.4061053846564736e-11,trajectory,STRAIGHT,3.434197187423706,0.7287940979003906,1.8706590054762273e-08
122,19206.593,0.7346228361129761,1.910641600488816e-08,-0.8428179621696472,7.790281622450754e-08,0.1387762874364853,9.582830529097919e-09,0.0031159063801169395,0.13889789700508115,-2.101613027511784e-11,trajectory,STRAIGHT,3.433558940887451,0.7346228361129761,1.910641600488816e-08
123,19206.671,0.7417005896568298,1.9599093903366338e-08,-0.8426588773727417,7.847107278526251e-08,0.13877704739570618,9.737575190627012e-09,0.0031105508096516132,0.13889783620834348,4.163913314508977e-11,trajectory,STRAIGHT,3.433558940887451,0.7417005896568298,1.9599093903366338e-08
124,19206.703,0.7479456663131714,2.0040387127551185e-08,-0.8425191640853882,7.891956736001067e-08,0.13877756893634796,9.87504034100084e-09,0.0031060806941241026,0.13889779448509212,-3.7509975772077175e-12,trajectory,STRAIGHT,3.432924747467041,0.7479456663131714,2.0040387127551185e-08
125,19206.781,0.7550234198570251,2.0548020174260273e-08,-0.8423610925674438,7.929292202341394e-08,0.13877807557582855,1.0031887320849364e-08,0.0031012713443487883,0.13889775395393367,-4.363026287541539e-11,trajectory,STRAIGHT,3.432924747467041,0.7550234198570251,2.0548020174260273e-08
126,19206.812,0.7587704658508301,2.082001238079556e-08,-0.8422774076461792,7.951364500948108e-08,0.13877834379673004,1.0115377868658015e-08,0.0030988333746790886,0.1388977324962615,5.407413683824739e-11,trajectory,STRAIGHT,3.4322893619537354,0.7587704658508301,2.082001238079556e-08
127,19206.89,0.7654318809509277,2.1309137565594938e-08,-0.8421286344528198,7.992691796652072e-08,0.13877882063388824,1.026458029684818e-08,0.003094711573794484,0.13889769434928884,9.886937392648077e-12,trajectory,STRAIGHT,3.4322893619537354,0.7654318809509277,2.1309137565594938e-08
128,19206.906,0.7700116038322449,2.1649576353865996e-08,-0.8420263528823853,8.024627850860243e-08,0.1387791484594345,1.0367731562155313e-08,0.003092026337981224,0.13889766812324514,-2.3714377013464692e-11,trajectory,STRAIGHT,3.4322893619537354,0.7700116038322449,2.1649576353865996e-08
129,19206.953,0.7766730189323425,2.215085714851739e-08,-0.8418778777122498,8.05985016561682e-08,0.1387796252965927,1.0518601101239256e-08,0.003088289638981223,0.13889762997627253,2.168591402169433e-11,trajectory,STRAIGHT,3.431656837463379,0.7766730189323425,2.215085714851739e-08
130,19207.0,0.7829180955886841,2.262740927960749e-08,-0.841739296913147,8.109163253431467e-08,0.13878007233142853,1.0660936133888299e-08,0.0030849457252770662,0.13889759421348566,-3.0220526887539846e-11,trajectory,STRAIGHT,3.431656837463379,0.7829180955886841,2.262740927960749e-08
131,19207.062,0.7899958491325378,2.317526437423112e-08,-0.8415822386741638,8.159177646559128e-08,0.13878051936626434,1.0823296037187902e-08,0.0030813778284937143,0.1388975584506988,-8.405934406005306e-11,trajectory,STRAIGHT,3.4310264587402344,0.7899958491325378,2.317526437423112e-08
132,19207.109,0.7966572642326355,2.3698481399492266e-08,-0.8414344191551208,8.193695100319438e-08,0.1387808620929718,1.0977128539479963e-08,0.0030782243702560663,0.13889753103256205,-7.253793785125509e-13,trajectory,STRAIGHT,3.4310264587402344,0.7966572642326355,2.3698481399492266e-08
133,19207.156,0.8012369871139526,2.4062487113951647e-08,-0.8413327932357788,8.210367984674303e-08,0.13878102600574493,1.1083463924421721e-08,0.0030761249363422394,0.1388975179195402,-2.2741212408783032e-11,trajectory,STRAIGHT,3.4303970336914062,0.8012369871139526,2.4062487113951647e-08
134,19207.218,0.8099800944328308,2.47671891884238e-08,-0.8411387801170349,8.243238400299509e-08,0.13878133893013,1.1287769829948502e-08,0.0030722888186573982,0.1388974928855894,-6.633379344407543e-11,trajectory,STRAIGHT,3.4303970336914062,0.8099800944328308,2.47671891884238e-08
135,19207.265,0.8141434788703918,2.5107299350679568e-08,-0.8410463929176331,8.25967325290499e-08,0.13878148794174194,1.1385660414475751e-08,0.003070554928854108,0.13889748096466056,-9.87871174801995e-12,trajectory,STRAIGHT,3.42976975440979,0.8141434788703918,2.5107299350679568e-08
136,19207.328,0.8233029246330261,2.586591207887068e-08,-0.8408440947532654,8.2958299286376e-08,0.1387818157672882,1.160238305430994e-08,0.00306693185120821,0.13889745473861687,-5.908225558428148e-11,trajectory,STRAIGHT,3.42976975440979,0.8233029246330261,2.586591207887068e-08
137,19207.359,0.8253846168518066,2.6040321898790353e-08,-0.8407981991767883,8.304047354940573e-08,0.13878189027309418,1.1651899889386641e-08,0.00306614488363266,0.13889744877815238,-7.039322211247547e-11,trajectory,STRAIGHT,3.42914080619812,0.8253846168518066,2.6040321898790353e-08
138,19207.437,0.8332950472831726,2.6709876976838132e-08,-0.8406237959861755,8.335273574892222e-08,0.13878217339515686,1.1840947777841393e-08,0.003063267795369029,0.13889742612838737,-5.409204218973745e-11,trajectory,STRAIGHT,3.42914080619812,0.8332950472831726,2.6709876976838132e-08
139,19207.453,0.8395401239395142,2.7246105815947885e-08,-0.8404861092567444,8.359925853801818e-08,0.13878239691257477,1.1991184933890509e-08,0.0030611499678343534,0.13889740824699395,-8.92442572104184e-11,trajectory,STRAIGHT,3.4285168647766113,0.8395401239395142,2.7246105815947885e-08
140,19207.546,0.8495322465896606,2.8118190442683044e-08,-0.8402658104896545,8.400075070113102e-08,0.13878275454044342,1.2233378754444857e-08,0.0030579084996134043,0.13889737963676446,-1.4701452209267158e-10,trajectory,STRAIGHT,3.4285168647766113,0.8495322465896606,2.8118190442683044e-08
141,19207.609,0.8578590154647827,2.885830774346232e-08,-0.8400822281837463,8.450326785448325e-08,0.1387830525636673,1.243690483931914e-08,0.0030552572570741177,0.13889735579490656,-1.1064219734095788e-10,trajectory,STRAIGHT,3.427891969680786,0.8578590154647827,2.885830774346232e-08
142,19207.671,0.8649367690086365,2.9497039477632825e-08,-0.8399261832237244,8.494469964704167e-08,0.1387833058834076,1.2611112154559123e-08,0.003053137334063649,0.13889733552932734,-1.6720301869899535e-10,trajectory,STRAIGHT,3.427891969680786,0.8649367690086365,2.9497039477632825e-08
143,19207.718,0.8686838150024414,2.983879809903556e-08,-0.8398435711860657,8.517480891741143e-08,0.13878343999385834,1.2703790019941152e-08,0.003052104264497757,0.13889732480049127,-1.9697843226560935e-10,trajectory,STRAIGHT,3.427269220352173,0.8686838150024414,2.983879809903556e-08
144,19207.781,0.8778432607650757,3.068478093837257e-08,-0.8396416306495667,8.590744240596029e-08,0.1387837678194046,1.2931657522585738e-08,0.003049740567803383,0.13889729857444758,-1.599030953968315e-10,trajectory,STRAIGHT,3.427269220352173,0.8778432607650757,3.068478093837257e-08
145,19207.796,0.8820066452026367,3.1074300466116256e-08,-0.8395504355430603,8.629019755667396e-08,0.13878391683101654,1.3035852397536019e-08,0.00304872402921319,0.13889728665351864,-2.0493899935532434e-10,trajectory,STRAIGHT,3.4266459941864014,0.8820066452026367,3.1074300466116256e-08
146,19207.89,0.8915824294090271,3.198209697075072e-08,-0.8393406867980957,8.72905067065019e-08,0.138784259557724,1.327696885766727e-08,0.003046499565243721,0.13889725923538201,-3.1901014207674665e-10,trajectory,STRAIGHT,3.4266459941864014,0.8915824294090271,3.198209697075072e-08
147,19207.906,0.895329475402832,3.234186252143445e-08,-0.83925861120224,8.779535441733988e-08,0.13878439366817474,1.3371875162704328e-08,0.0030456746462732553,0.13889724850654597,-1.4854401368867444e-10,trajectory,STRAIGHT,3.426024913787842,0.895329475402832,3.234186252143445e-08
148,19207.984,0.9024072289466858,3.3028431545290005e-08,-0.8391035795211792,8.855380903596681e-08,0.13878464698791504,1.3551997746219513e-08,0.003044186159968376,0.13889722824096673,-2.3607305686759924e-10,trajectory,STRAIGHT,3.426024913787842,0.9024072289466858,3.3028431545290005e-08
149,19208.0,0.9061542749404907,3.339562582027611e-08,-0.8390215039253235,8.895534383406726e-08,0.13878478109836578,1.3647809105066244e-08,0.003043429460376501,0.1388972175121307,-2.823851394362936e-10,trajectory,STRAIGHT,3.4254038333892822,0.9061542749404907,3.339562582027611e-08
150,19208.093,0.915313720703125,3.430415773664208e-08,-0.8388208746910095,8.993687334054634e-08,0.13878510892391205,1.3883332705688645e-08,0.0030416646040976048,0.13889719128608696,-2.1874366636973507e-10,trajectory,STRAIGHT,3.4254038333892822,0.915313720703125,3.430415773664208e-08
151,19208.109,0.9178117513656616,3.455464181456591e-08,-0.8387661576271057,9.020456320595248e-08,0.1387851983308792,1.3947891730481388e-08,0.0030412008054554462,0.1388971841335296,-2.499744625633217e-10,trajectory,STRAIGHT,3.4254038333892822,0.9178117513656616,3.455464181456591e-08
152,19208.14,0.9240568280220032,3.51859519298614e-08,-0.8386293649673462,9.087378786947307e-08,0.13878542184829712,1.410989725059153e-08,0.0030400825198739767,0.13889716625213616,-3.280249546879053e-10,trajectory,STRAIGHT,3.42478346824646,0.9240568280220032,3.51859519298614e-08
153,19208.203,0.9307182431221008,3.586741215144684e-08,-0.838483452796936,9.158762751056987e-08,0.13878566026687622,1.4283661364800082e-08,0.003038957016542554,0.13889714717864968,-2.0432862645761987e-10,trajectory,STRAIGHT,3.42478346824646,0.9307182431221008,3.586741215144684e-08
154,19208.312,0.9386286735534668,3.6687506366206435e-08,-0.838310182094574,9.243531208438332e-08,0.1387859433889389,1.449129261033022e-08,0.0030376757495105267,0.13889712452888464,-3.0461820581073233e-10,trajectory,STRAIGHT,3.42478346824646,0.9386286735534668,3.6687506366206435e-08
155,19208.375,0.9494534730911255,3.782900392934607e-08,-0.8380730748176575,9.359530150119994e-08,0.13878603279590607,1.4777680412692007e-08,0.0030360748060047626,0.13889711737632743,-2.7187044667420366e-10,trajectory,STRAIGHT,3.4241631031036377,0.9494534730911255,3.782900392934607e-08
156,19208.437,0.9561148881912231,3.854260555158362e-08,-0.8379271626472473,9.430914114232897e-08,0.13878603279590607,1.4955219285184285e-08,0.0030351346358656883,0.13889711737632743,-3.572960542726607e-10,trajectory,STRAIGHT,3.4241631031036377,0.9561148881912231,3.854260555158362e-08
157,19208.515,0.9619436264038086,3.9174018695575796e-08,-0.8377994894981384,9.49337508283238e-08,0.13878603279590607,1.5111375262222282e-08,0.003034373512491584,0.13889711737632746,-2.2513961339292807e-10,trajectory,STRAIGHT,3.4235424995422363,0.9619436264038086,3.9174018695575796e-08
158,19208.578,0.9727684259414673,4.036409606555935e-08,-0.8375623822212219,9.60937402451885e-08,0.13878603279590607,1.5403394115764968e-08,0.0030330021400004625,0.13889711737632743,-3.659328990591897e-10,trajectory,STRAIGHT,3.4229235649108887,0.9727684259414673,4.036409606555935e-08
159,19208.625,0.9794298410415649,4.110781404165209e-08,-0.8374164700508118,9.68075798863471e-08,0.13878603279590607,1.5584395995915656e-08,0.0030322361271828413,0.13889711737632743,-2.531766973926075e-10,trajectory,STRAIGHT,3.4229235649108887,0.9794298410415649,4.110781404165209e-08
160,19208.718,0.9860912561416626,4.186024682439893e-08,-0.8372705578804016,9.752141952751416e-08,0.13878603279590607,1.576638730682589e-08,0.0030315022449940443,0.13889711737632743,-3.4099898302998525e-10,trajectory,STRAIGHT,3.422302484512329,0.9860912561416626,4.186024682439893e-08
161,19208.812,0.9994140863418579,4.3391430892825156e-08,-0.8369787335395813,9.894909880987362e-08,0.13878603279590607,1.6133339997281837e-08,0.0030301290098577738,0.13889711737632732,-3.561051008662859e-10,trajectory,STRAIGHT,3.4216830730438232,0.9994140863418579,4.3391430892825156e-08
162,19208.843,1.0056599378585815,4.4121346576275755e-08,-0.83684241771698,9.961832347349125e-08,0.13878603279590607,1.63067124248073e-08,0.003029557643458247,0.13889711737632732,-4.3934688455418053e-10,trajectory,STRAIGHT,3.4210641384124756,1.0056599378585815,4.4121346576275755e-08
163,19208.906,1.0131551027297974,4.500757100345254e-08,-0.8366793394088745,1.0042139306984223e-07,0.13878603279590607,1.651590686435611e-08,0.003028887091204524,0.13889711737632737,-2.999675215755496e-10,trajectory,STRAIGHT,3.4210641384124756,1.0131551027297974,4.500757100345254e-08
164,19208.937,1.0164862871170044,4.540508413697353e-08,-0.8366068601608276,1.0077831289044608e-07,0.13878603279590607,1.6609282837976025e-08,0.003028589067980647,0.13889711737632737,-3.450794244663057e-10,trajectory,STRAIGHT,3.4210641384124756,1.0164862871170044,4.540508413697353e-08
165,19209.0,1.024814248085022,4.640869377681156e-08,-0.8364256620407104,1.0167061244196498e-07,0.13878603279590607,1.6843809902411522e-08,0.0030278798658400774,0.13889711737632737,-4.5788848771126823e-10,trajectory,STRAIGHT,3.4210641384124756,1.024814248085022,4.640869377681156e-08
166,19209.031,1.0277290344238281,4.676328302366528e-08,-0.8363622426986694,1.0198291728499972e-07,0.13878603279590607,1.6926257728755445e-08,0.0030276598408818245,0.13889711737632743,-2.5875982564486234e-10,trajectory,STRAIGHT,3.4204442501068115,1.0277290344238281,4.676328302366528e-08
167,19209.109,1.0343914031982422,4.7580293482951674e-08,-0.8362172842025757,1.0269675692622804e-07,0.13878603279590607,1.7115423744940017e-08,0.003027156926691532,0.13889711737632743,-3.504240035810904e-10,trajectory,STRAIGHT,3.4204442501068115,1.0343914031982422,4.7580293482951674e-08
168,19209.14,1.0410537719726562,4.8406402441969476e-08,-0.8360723257064819,1.0341059656746482e-07,0.13878603279590607,1.7305579191884135e-08,0.0030266791582107544,0.13889711737632743,-4.4212601336483105e-10,trajectory,STRAIGHT,3.419827938079834,1.0410537719726562,4.8406402441969476e-08
169,19209.203,1.0502145290374756,4.955727206379379e-08,-0.835873007774353,1.043921260741792e-07,0.13878603279590607,1.756865941615615e-08,0.0030261105857789516,0.13889711737632743,-3.6404805286455996e-10,trajectory,STRAIGHT,3.419827938079834,1.0502145290374756,4.955727206379379e-08
170,19209.234,1.05229651927948,4.982125645369706e-08,-0.8358277082443237,1.0461520096207104e-07,0.13878603279590607,1.7628710935468916e-08,0.0030259813647717237,0.13889711737632743,-3.9309619165018107e-10,trajectory,STRAIGHT,3.41921329498291,1.05229651927948,4.982125645369706e-08
171,19209.296,1.0610408782958984,5.093986032989051e-08,-0.8356374502182007,1.0555211549122585e-07,0.13878603279590607,1.7881983893630604e-08,0.0030254386365413666,0.13889711737632743,-5.151555081826078e-10,trajectory,STRAIGHT,3.41921329498291,1.0610408782958984,5.093986032989051e-08
172,19209.343,1.066037654876709,5.158624460932515e-08,-0.8355287313461304,1.06087495222178e-07,0.13878603279590607,1.8027476400561682e-08,0.0030251285061240196,0.1388971173763272,-3.294879546280225e-10,trajectory,STRAIGHT,3.418597936630249,1.066037654876709,5.158624460932515e-08
173,19209.406,1.0735328197479248,5.256566382172423e-08,-0.8353656530380249,1.0689056481861512e-07,0.13878603279590607,1.8246760546958285e-08,0.0030247566755861044,0.1388971173763272,-4.3584566317097496e-10,trajectory,STRAIGHT,3.418597936630249,1.0735328197479248,5.256566382172423e-08
174,19209.421,1.076447606086731,5.294975125025303e-08,-0.8353022336959839,1.072028696616769e-07,0.13878603279590607,1.833237561754686e-08,0.0030246165115386248,0.1388971173763272,-4.772291365832606e-10,trajectory,STRAIGHT,3.4179813861846924,1.076447606086731,5.294975125025303e-08
175,19209.515,1.083526372909546,5.389004442690748e-08,-0.8351482152938843,1.0796132428054793e-07,0.13878603279590607,1.8541086888035352e-08,0.003024276113137603,0.13889711737632743,-3.780565151657827e-10,trajectory,STRAIGHT,3.4179813861846924,1.083526372909546,5.389004442690748e-08
176,19209.531,1.089772343635559,5.472857367294637e-08,-0.8350123167037964,1.086305489442656e-07,0.13878603279590607,1.8726170836202982e-08,0.0030239757616072893,0.1388971173763274,-4.678842477044086e-10,trajectory,STRAIGHT,3.4179813861846924,1.089772343635559,5.472857367294637e-08
177,19209.578,1.0943527221679688,5.5348799321564e-08,-0.8349126577377319,1.0912131369766328e-07,0.13878603279590607,1.886245293292177e-08,0.003023734549060464,0.1388971173763274,-5.338013287679976e-10,trajectory,STRAIGHT,3.417365074157715,1.0943527221679688,5.5348799321564e-08
178,19209.656,1.103513479232788,5.660277579977446e-08,-0.834713339805603,1.1010284320447186e-07,0.13878603279590607,1.913642044826247e-08,0.0030232395511120558,0.1388971173763274,-4.311427498568295e-10,trajectory,STRAIGHT,3.417365074157715,1.103513479232788,5.660277579977446e-08
179,19209.671,1.107261061668396,5.712098882781902e-08,-0.8346318006515503,1.1050437800271744e-07,0.13878603279590607,1.9249037919166767e-08,0.0030230607371777296,0.1388971173763274,-4.858884735438889e-10,trajectory,STRAIGHT,3.4167494773864746,1.107261061668396,5.712098882781902e-08
180,19209.765,1.11392343044281,5.804978187029519e-08,-0.8344868421554565,1.1121821764404954e-07,0.13878603279590607,1.945001848469019e-08,0.0030227850656956434,0.1388971173763274,-5.832853829350668e-10,trajectory,STRAIGHT,3.4167494773864746,1.11392343044281,5.804978187029519e-08
181,19209.828,1.1255825757980347,5.969847194364775e-08,-0.8342331647872925,1.1246743701640101e-07,0.13878603279590607,1.9804115680699397e-08,0.0030223766807466745,0.13889711737632726,-4.94280027257568e-10,trajectory,STRAIGHT,3.416132926940918,1.1255825757980347,5.969847194364775e-08
182,19209.89,1.1343269348144531,6.095457649735181e-08,-0.8340429067611694,1.134043515456816e-07,0.13878603279590607,2.007167765327722e-08,0.003022078424692154,0.13889711737632726,-6.243272426530567e-10,trajectory,STRAIGHT,3.4155170917510986,1.1343269348144531,6.095457649735181e-08
183,19210.0,1.144736886024475,6.247199735298636e-08,-0.833816409111023,1.1451972598532036e-07,0.13878603279590607,2.0392425525983526e-08,0.0030217233579605818,0.13889711737632732,-5.039600198866244e-10,trajectory,STRAIGHT,3.4155170917510986,1.144736886024475,6.247199735298636e-08
184,19210.046,1.15181565284729,6.351762493750357e-08,-0.8336623907089233,1.1527818060428647e-07,0.13878603279590607,2.061191395341666e-08,0.0030214819125831127,0.13889711737632732,-6.111139982363902e-10,trajectory,STRAIGHT,3.414900779724121,1.15181565284729,6.351762493750357e-08
185,19210.125,1.162642002105713,6.51385505534563e-08,-0.833426833152771,1.1643817002154723e-07,0.13878603279590607,2.0949762813415873e-08,0.0030211322009563446,0.13889711737632734,-5.352131641636492e-10,trajectory,STRAIGHT,3.4142842292785645,1.162642002105713,6.51385505534563e-08
186,19210.203,1.1672223806381226,6.583227474266096e-08,-0.8333271741867065,1.1692893477501042e-07,0.13878603279590607,2.1093486068934908e-08,0.0030210528057068586,0.13889711737632732,-6.056218180898506e-10,trajectory,STRAIGHT,3.4142842292785645,1.1672223806381226,6.583227474266096e-08
187,19210.265,1.179297924041748,6.768400595547064e-08,-0.8330644369125366,1.182227691250689e-07,0.13878603279590607,2.1474631850537662e-08,0.0030209796968847513,0.13889711737632734,-5.771531573019806e-10,trajectory,STRAIGHT,3.413668394088745,1.179297924041748,6.768400595547064e-08
188,19210.328,1.1851274967193604,6.85898413621544e-08,-0.8329375982284546,1.1884737881131397e-07,0.13878603279590607,2.1659797511119905e-08,0.0030209796968847513,0.13889711737632734,-6.680387580393696e-10,trajectory,STRAIGHT,3.413668394088745,1.1851274967193604,6.85898413621544e-08
189,19210.359,1.1913734674453735,6.956903320087804e-08,-0.8328016996383667,1.195165537371636e-07,0.13878603279590607,2.185902836515652e-08,0.0030209796968847513,0.13889711737632734,-7.655362770989819e-10,trajectory,STRAIGHT,3.4130523204803467,1.1913734674453735,6.956903320087804e-08
190,19210.437,1.1984522342681885,7.068964436030001e-08,-0.8326476812362671,1.2027488756392748e-07,0.13878603279590607,2.2085876238975288e-08,0.0030209796968847513,0.13889711737632737,-5.342268501683698e-10,trajectory,STRAIGHT,3.4130523204803467,1.1984522342681885,7.068964436030001e-08
191,19210.453,1.2026162147521973,7.135425050819322e-08,-0.8325570821762085,1.2072096628555775e-07,0.13878603279590607,2.221983841366182e-08,0.0030209796968847513,0.13889711737632737,-6.004758079205843e-10,trajectory,STRAIGHT,3.4130523204803467,1.2026162147521973,7.135425050819322e-08
192,19210.546,1.2121933698654175,7.289813197530748e-08,-0.8323487043380737,1.2174694734531993e-07,0.13878603279590607,2.2529416554561976e-08,0.0030209796968847513,0.13889711737632737,-7.530845400912203e-10,trajectory,STRAIGHT,3.4130523204803467,1.2121933698654175,7.289813197530748e-08
193,19210.562,1.2155245542526245,7.344014107957264e-08,-0.8322762250900269,1.221038103226326e-07,0.13878603279590607,2.263757536979938e-08,0.0030209796968847513,0.13889711737632737,-5.045139331698441e-10,trajectory,STRAIGHT,3.412437677383423,1.2155245542526245,7.344014107957264e-08
194,19210.656,1.2255181074142456,7.50818074379822e-08,-0.8320587873458862,1.2317439925458325e-07,0.13878603279590607,2.2963535073472485e-08,0.0030209796968847513,0.13889711737632737,-6.664779916263956e-10,trajectory,STRAIGHT,3.412437677383423,1.2255181074142456,7.50818074379822e-08
195,19210.765,1.2359280586242676,7.681691727157158e-08,-0.8318322896957397,1.2428959605871394e-07,0.13878603279590607,2.3305444685206567e-08,0.0030209796968847513,0.13889711737632737,-6.401085791165209e-10,trajectory,STRAIGHT,3.4118213653564453,1.2359280586242676,7.681691727157158e-08
196,19210.812,1.2467544078826904,7.864873907692527e-08,-0.8315967321395874,1.2544940073502745e-07,0.13878603279590607,2.3663593751166445e-08,0.0030209796968847513,0.13889711737632737,-8.1802272370145e-10,trajectory,STRAIGHT,3.4112050533294678,1.2467544078826904,7.864873907692527e-08
197,19210.875,1.2534167766571045,7.97899346594022e-08,-0.8314517736434937,1.2616312668969305e-07,0.13878603279590607,2.3885291966507793e-08,0.0030209796968847513,0.13889711737632734,-6.114865963897004e-10,trajectory,STRAIGHT,3.4105892181396484,1.2534167766571045,7.97899346594022e-08
198,19210.984,1.2642431259155273,8.166714593471625e-08,-0.8312162160873413,1.2732293136604264e-07,0.13878603279590607,2.4247663432674926e-08,0.0030209796968847513,0.13889711737632734,-7.926837766580237e-10,trajectory,STRAIGHT,3.4105892181396484,1.2642431259155273,8.166714593471625e-08
199,19211.031,1.2729874849319458,8.320404987216534e-08,-0.8310259580612183,1.2825969668157207e-07,0.13878603279590607,2.4542256227277903e-08,0.0030209796968847513,0.13889711737632723,-6.745401823646633e-10,trajectory,STRAIGHT,3.40997314453125,1.2729874849319458,8.320404987216534e-08
200,19211.093,1.2796498537063599,8.438752985284736e-08,-0.8308809995651245,1.2897342263627092e-07,0.13878603279590607,2.4767851769524896e-08,0.0030209796968847513,0.13889711737632723,-7.87833045813177e-10,trajectory,STRAIGHT,3.4093568325042725,1.2796498537063599,8.438752985284736e-08
201,19211.203,1.2904762029647827,8.633378456579521e-08,-0.8306454420089722,1.301332273126746e-07,0.13878603279590607,2.513655594782449e-08,0.0030207738745957613,0.13889711737632726,-7.357896895675029e-10,trajectory,STRAIGHT,3.4093568325042725,1.2904762029647827,8.633378456579521e-08
202,19211.265,1.2992205619812012,8.792683559022407e-08,-0.8304551839828491,1.3106999262824772e-07,0.13878603279590607,2.543626642648178e-08,0.0030206956434994936,0.13889711737632726,-8.867208844855176e-10,trajectory,STRAIGHT,3.4087412357330322,1.2992205619812012,8.792683559022407e-08
203,19211.328,1.306715726852417,8.930739170409652e-08,-0.8302921056747437,1.3187293432732202e-07,0.13878603279590607,2.5694516736507467e-08,0.003020691452547908,0.13889711737632732,-7.109004706562896e-10,trajectory,STRAIGHT,3.4081239700317383,1.306715726852417,8.930739170409652e-08
204,19211.375,1.3125452995300293,9.039082016215616e-08,-0.8301652669906616,1.3249744453772046e-07,0.13878603279590607,2.5896245148260277e-08,0.003020691452547908,0.13889711737632732,-8.131903179268589e-10,trajectory,STRAIGHT,3.4081239700317383,1.3125452995300293,9.039082016215616e-08
205,19211.421,1.3187912702560425,9.156104852081626e-08,-0.8300293684005737,1.331665626202975e-07,0.13878603279590607,2.61132218071225e-08,0.003020691452547908,0.1388971173763273,-9.229869277623504e-10,trajectory,STRAIGHT,3.4081239700317383,1.3187912702560425,9.156104852081626e-08
206,19211.453,1.3229552507400513,9.23466458857547e-08,-0.8299387693405151,1.336126413420196e-07,0.13878603279590607,2.6258357266328858e-08,0.003020691452547908,0.13889711737632732,-6.847146730165456e-10,trajectory,STRAIGHT,3.40750789642334,1.3229552507400513,9.23466458857547e-08
207,19211.531,1.3325324058532715,9.417006197054434e-08,-0.8297303915023804,1.3463862240199302e-07,0.13878603279590607,2.6593635737981458e-08,0.003020691452547908,0.13889711737632732,-8.557126043335779e-10,trajectory,STRAIGHT,3.40750789642334,1.3325324058532715,9.417006197054434e-08
208,19211.562,1.3362799882888794,9.488988439443347e-08,-0.8296488523483276,1.3504009325155258e-07,0.13878603279590607,2.6725388124759775e-08,0.003020691452547908,0.13889711737632732,-9.227655842057704e-10,trajectory,STRAIGHT,3.4068942070007324,1.3362799882888794,9.488988439443347e-08
209,19211.656,1.3466899394989014,9.69081028756591e-08,-0.8294223546981812,1.3615529005589879e-07,0.13878603279590607,2.7093010501744175e-08,0.003020691452547908,0.1388971173763271,-8.273291719671252e-10,trajectory,STRAIGHT,3.4068942070007324,1.3466899394989014,9.69081028756591e-08
210,19211.75,1.3587654829025269,9.928390909408336e-08,-0.8291596174240112,1.3744891834896621e-07,0.13878603279590607,2.7522478518449134e-08,0.003020691452547908,0.1388971173763271,-1.0469433626841976e-09,trajectory,STRAIGHT,3.406277894973755,1.3587654829025269,9.928390909408336e-08
211,19211.765,1.3629294633865356,1.0011183348979102e-07,-0.8290690183639526,1.3789499707072005e-07,0.13878603279590607,2.767132656344984e-08,0.003020691452547908,0.13889711737632732,-7.526552622897777e-10,trajectory,STRAIGHT,3.40566086769104,1.3629294633865356,1.0011183348979102e-07
212,19211.843,1.3691754341125488,1.0136211159306185e-07,-0.8289331197738647,1.3856411515335697e-07,0.13878603279590607,2.789532160818453e-08,0.003020691452547908,0.13889711737632732,-8.682599847702949e-10,trajectory,STRAIGHT,3.40566086769104,1.3691754341125488,1.0136211159306185e-07
213,19211.875,1.375837802886963,1.0270685635305199e-07,-0.828788161277771,1.3927784110817793e-07,0.13878603279590607,2.81352079412045e-08,0.003020691452547908,0.13889711737632732,-9.91838528197762e-10,trajectory,STRAIGHT,3.405045509338379,1.375837802886963,1.0270685635305199e-07
214,19211.968,1.382500171661377,1.0406315453792558e-07,-0.8286432027816772,1.399915670630073e-07,0.13878603279590607,2.8376083704984012e-08,0.003020691452547908,0.1388971173763273,-8.295116284562934e-10,trajectory,STRAIGHT,3.405045509338379,1.382500171661377,1.0406315453792558e-07
215,19212.031,1.3916609287261963,1.0594699517696426e-07,-0.8284438848495483,1.409729402509115e-07,0.13878603279590607,2.870890725148456e-08,0.003020691452547908,0.1388971173763273,-1.001967110711799e-09,trajectory,STRAIGHT,3.404428482055664,1.3916609287261963,1.0594699517696426e-07
216,19212.078,1.3987396955490112,1.0741776890199617e-07,-0.8282898664474487,1.4173127407793934e-07,0.13878603279590607,2.8967370724330976e-08,0.003020691452547908,0.13889711737632715,-8.663464488916929e-10,trajectory,STRAIGHT,3.404428482055664,1.3987396955490112,1.0741776890199617e-07
217,19212.171,1.4058184623718262,1.0890175161648585e-07,-0.8281358480453491,1.4248960790497673e-07,0.13878603279590607,2.9226951525629374e-08,0.003020691452547908,0.13889711737632715,-1.001522997940206e-09,trajectory,STRAIGHT,3.4038124084472656,1.4058184623718262,1.0890175161648585e-07
218,19212.218,1.4178940057754517,1.1146391898364527e-07,-0.8278731107711792,1.4378323619818016e-07,0.13878603279590607,2.9672344581399557e-08,0.003020691452547908,0.1388971173763273,-9.893326668455757e-10,trajectory,STRAIGHT,3.4038124084472656,1.4178940057754517,1.1146391898364527e-07
219,19212.281,1.4220579862594604,1.1235643171403353e-07,-0.8277825117111206,1.4422931491998087e-07,0.13878603279590607,2.982668334539085e-08,0.003020691452547908,0.1388971173763273,-1.069990683943176e-09,trajectory,STRAIGHT,3.4038124084472656,1.4220579862594604,1.1235643171403353e-07
220,19212.343,1.4299695491790771,1.1406496724930548e-07,-0.8276103734970093,1.4507686449141136e-07,0.13878603279590607,3.012099014654268e-08,0.003020691452547908,0.13889711737632723,-9.397378503746043e-10,trajectory,STRAIGHT,3.4031970500946045,1.4299695491790771,1.1406496724930548e-07
221,19212.406,1.4357991218566895,1.1533465027468992e-07,-0.8274835348129272,1.457013747019467e-07,0.13878603279590607,3.033873952063004e-08,0.003020691452547908,0.1388971173763272,-1.0542114998409517e-09,trajectory,STRAIGHT,3.4031970500946045,1.4357991218566895,1.1533465027468992e-07
222,19212.453,1.4420450925827026,1.1670518773598815e-07,-0.8273476362228394,1.4637049278467035e-07,0.13878603279590607,3.057288111563139e-08,0.003020691452547908,0.13889711737632723,-9.332390613868578e-10,trajectory,STRAIGHT,3.4025797843933105,1.4420450925827026,1.1670518773598815e-07
223,19212.5,1.4482910633087158,1.1808627675691241e-07,-0.8272117376327515,1.4703961086740143e-07,0.13878603279590607,3.08079002309114e-08,0.003020691452547908,0.13889711737632723,-1.0573737217409384e-09,trajectory,STRAIGHT,3.4025797843933105,1.4482910633087158,1.1808627675691241e-07
224,19212.531,1.450789451599121,1.1864167959174665e-07,-0.8271573781967163,1.4730725810049593e-07,0.13878603279590607,3.09021501720963e-08,0.003020691452547908,0.13889711737632723,-1.1071096517854452e-09,trajectory,STRAIGHT,3.4019644260406494,1.450789451599121,1.1864167959174665e-07
225,19212.609,1.4624485969543457,1.2125605053370236e-07,-0.8269037008285522,1.4855627852161933e-07,0.13878603279590607,3.134382353664478e-08,0.003020691452547908,0.13889711737632726,-1.071238171332842e-09,trajectory,STRAIGHT,3.4019644260406494,1.4624485969543457,1.2125605053370236e-07
226,19212.64,1.4641141891479492,1.2163256712938164e-07,-0.8268674612045288,1.4873471001035338e-07,0.13878603279590607,3.140716842153779e-08,0.003020691452547908,0.13889711737632726,-1.1048382936324126e-09,trajectory,STRAIGHT,3.401348114013672,1.4641141891479492,1.2163256712938164e-07
227,19212.718,1.475356936454773,1.2419394579410437e-07,-0.8266228437423706,1.4993912255932192e-07,0.13878603279590607,3.1836350444791606e-08,0.003020691452547908,0.13889711737632726,-1.33220191095448e-09,trajectory,STRAIGHT,3.401348114013672,1.475356936454773,1.2419394579410437e-07
228,19212.75,1.4774389266967773,1.2467209842270677e-07,-0.8265775442123413,1.5016216192024467e-07,0.13878603279590607,3.1916144394017465e-08,0.003020691452547908,0.13889711737632707,-9.249142765728359e-10,trajectory,STRAIGHT,3.4007318019866943,1.4774389266967773,1.2467209842270677e-07
229,19212.812,1.4841012954711914,1.262102529153708e-07,-0.8264325857162476,1.5087588787520298e-07,0.13878603279590607,3.217211386186136e-08,0.003020691452547908,0.13889711737632704,-1.061987785792665e-09,trajectory,STRAIGHT,3.4007318019866943,1.4841012954711914,1.262102529153708e-07
230,19212.843,1.4903472661972046,1.2766345491854736e-07,-0.8262966871261597,1.515450059579841e-07,0.13878603279590607,3.2412987849284036e-08,0.003020046278834343,0.13889711737632704,-1.1908209058850184e-09,trajectory,STRAIGHT,3.4001176357269287,1.4903472661972046,1.2766345491854736e-07
231,19212.921,1.4978424310684204,1.2942160765305744e-07,-0.8261336088180542,1.523479476573312e-07,0.13878603279590607,3.27031841607095e-08,0.0030184013303369284,0.13889711737632704,-1.3458401521112516e-09,trajectory,STRAIGHT,3.4001176357269287,1.4978424310684204,1.2942160765305744e-07
232,19213.015,1.5053375959396362,1.3119549180373724e-07,-0.8259705305099487,1.5315088935668906e-07,0.13878603279590607,3.2994634580063575e-08,0.0030177391599863768,0.1388971173763271,-1.0820478865802764e-09,trajectory,STRAIGHT,3.399501085281372,1.5053375959396362,1.3119549180373724e-07
233,19213.046,1.5140819549560547,1.3328495640507754e-07,-0.8257802724838257,1.5408765467262006e-07,0.13878603279590607,3.333623865842128e-08,0.003017593175172806,0.1388971173763271,-1.266156510932929e-09,trajectory,STRAIGHT,3.3988852500915527,1.5140819549560547,1.3328495640507754e-07
234,19213.125,1.5228263139724731,1.353959788730208e-07,-0.8255900144577026,1.5502441998856562e-07,0.13878603279590607,3.367954803934481e-08,0.0030176618602126837,0.13889711737632715,-1.1423657641312791e-09,trajectory,STRAIGHT,3.3988852500915527,1.5228263139724731,1.353959788730208e-07
235,19213.218,1.5315706729888916,1.3752868710525945e-07,-0.8253997564315796,1.5596118530452577e-07,0.13878603279590607,3.402456627554784e-08,0.003017784096300602,0.13889711737632715,-1.3293165815817838e-09,trajectory,STRAIGHT,3.3988852500915527,1.5315706729888916,1.3752868710525945e-07
236,19213.25,1.5386494398117065,1.3927113684530923e-07,-0.82524573802948,1.5671951913174226e-07,0.13878603279590607,3.430511696933536e-08,0.0030179417226463556,0.1388971173763272,-1.14351119526361e-09,trajectory,STRAIGHT,3.398268461227417,1.5386494398117065,1.3927113684530923e-07
237,19213.312,1.547393798828125,1.4144332283194672e-07,-0.8250554800033569,1.5765628444772877e-07,0.13878603279590607,3.465321896101159e-08,0.0030181813053786755,0.1388971173763272,-1.3333302599462665e-09,trajectory,STRAIGHT,3.398268461227417,1.547393798828125,1.4144332283194672e-07
238,19213.343,1.5494757890701294,1.4196373854247213e-07,-0.8250101804733276,1.5787932380868008e-07,0.13878603279590607,3.473635246109552e-08,0.0030182243790477514,0.1388971173763272,-1.3786268281096172e-09,trajectory,STRAIGHT,3.3976521492004395,1.5494757890701294,1.4196373854247213e-07
239,19213.421,1.5561381578445435,1.4363753564339277e-07,-0.8248652219772339,1.585930497637298e-07,0.13878603279590607,3.5003022702539965e-08,0.003018317511305213,0.1388971173763272,-1.5238498646517896e-09,trajectory,STRAIGHT,3.3976521492004395,1.5561381578445435,1.4363753564339277e-07
240,19213.437,1.5615513324737549,1.4500692202545906e-07,-0.8247474431991577,1.5917295210221393e-07,0.13878603279590607,3.522042746340048e-08,0.0030183931812644005,0.1388971173763272,-1.6421447571888025e-09,trajectory,STRAIGHT,3.3976521492004395,1.5615513324737549,1.4500692202545906e-07
241,19213.515,1.5673809051513672,1.464911321136242e-07,-0.8246206045150757,1.5979746231289545e-07,0.13878603279590607,3.545528315385127e-08,0.0030184746719896793,0.13889711737632696,-1.2883548377213807e-09,trajectory,STRAIGHT,3.397036552429199,1.5673809051513672,1.464911321136242e-07
242,19213.546,1.5757088661193848,1.4862860098219244e-07,-0.8244394063949585,1.6068961975673734e-07,0.13878603279590607,3.579210527959731e-08,0.0030185910873115063,0.13889711737632693,-1.4735330014413946e-09,trajectory,STRAIGHT,3.3964200019836426,1.5757088661193848,1.4862860098219244e-07
243,19213.609,1.5832040309906006,1.5056963320603245e-07,-0.824276328086853,1.6149256145620636e-07,0.13878603279590607,3.6096565736443154e-08,0.0030186986550688744,0.13889711737632718,-1.2480483594429102e-09,trajectory,STRAIGHT,3.3964200019836426,1.5832040309906006,1.5056963320603245e-07
244,19213.64,1.5869516134262085,1.5154631682889885e-07,-0.8241947889328003,1.6189403230594488e-07,0.13878603279590607,3.624926847578536e-08,0.0030188013333827257,0.13889711737632718,-1.3326505099183795e-09,trajectory,STRAIGHT,3.3958041667938232,1.5869516134262085,1.5154631682889885e-07
245,19213.703,1.5944467782974243,1.5351207593994332e-07,-0.8240317106246948,1.6269697400542993e-07,0.13878603279590607,3.655560831816729e-08,0.003018931718543172,0.13889711737632718,-1.502266019434047e-09,trajectory,STRAIGHT,3.3958041667938232,1.5944467782974243,1.5351207593994332e-07
246,19213.734,1.5981943607330322,1.545011656389761e-07,-0.8239501714706421,1.630984448551765e-07,0.13878603279590607,3.6709245421207015e-08,0.0030189568642526865,0.13889711737632718,-1.2038103125225387e-09,trajectory,STRAIGHT,3.3958041667938232,1.5981943607330305,1.545011656389761e-07
247,19213.796,1.6040239334106445,1.5604801717472583e-07,-0.8238233327865601,1.6372295506589867e-07,0.13878603279590607,3.694886885341475e-08,0.003018963849171996,0.13889711737632718,-1.3375049712747449e-09,trajectory,STRAIGHT,3.3958041667938232,1.6040239334106428,1.5604801717472583e-07
248,19213.843,1.6102699041366577,1.5771654204854713e-07,-0.8236874341964722,1.6439207314882245e-07,0.13878603279590607,3.7206447700555145e-08,0.003018963849171996,0.13889711737632718,-1.4811268027698664e-09,trajectory,STRAIGHT,3.3951876163482666,1.610269904136656,1.5771654204854713e-07
249,19213.906,1.6181814670562744,1.5984666390522762e-07,-0.8235152959823608,1.6523962272053662e-07,0.13878603279590607,3.753395816374905e-08,0.003018963849171996,0.13889711737632704,-1.3351172928965685e-09,trajectory,STRAIGHT,3.3951876163482666,1.6181814670562726,1.5984666390522762e-07
250,19213.937,1.6206798553466797,1.6052322848736367e-07,-0.8234609365463257,1.6550726995371198e-07,0.13878603279590607,3.763767253417427e-08,0.003018963849171996,0.13889711737632704,-1.3933020749317406e-09,trajectory,STRAIGHT,3.39457368850708,1.620679855346678,1.6052322848736367e-07
251,19214.0,1.6302570104599,1.6313401829393115e-07,-0.8232525587081909,1.6653090622078366e-07,0.13878603279590607,3.8036535698893204e-08,0.003018963849171996,0.13889711737632704,-1.61673358978868e-09,trajectory,STRAIGHT,3.39457368850708,1.6302570104598981,1.6313401829393115e-07
252,19214.046,1.6340045928955078,1.6416312575984193e-07,-0.8231710195541382,1.6680564465115843e-07,0.13878603279590607,3.819317129227784e-08,0.0030189610552042723,0.1388971173763271,-1.2713030090774203e-09,trajectory,STRAIGHT,3.3939578533172607,1.634004592895506,1.6416312575984193e-07
253,19214.109,1.6427489519119263,1.6658090373766754e-07,-0.8229807615280151,1.6707565087709055e-07,0.13878603279590607,3.855987884548995e-08,0.003018949879333377,0.1388971173763271,-1.4202220517998876e-09,trajectory,STRAIGHT,3.3939578533172607,1.6427489519119245,1.6658090373766754e-07
254,19214.14,1.6464965343475342,1.6762416521487467e-07,-0.8228992223739624,1.673997009916517e-07,0.13878603279590607,3.871756248940983e-08,0.003018949879333377,0.1388971173763271,-1.5028307926820457e-09,trajectory,STRAIGHT,3.393340587615967,1.6464965343475324,1.6762416521487467e-07
255,19214.203,1.65399169921875,1.697234921493873e-07,-0.8227361440658569,1.6843517490349607e-07,0.13878603279590607,3.903386058823344e-08,0.003018949879333377,0.1388971173763271,-1.4398280144416855e-09,trajectory,STRAIGHT,3.393340587615967,1.6539916992187482,1.697234921493873e-07
256,19214.25,1.6602376699447632,1.7148599340544024e-07,-0.822600245475769,1.6938609423037015e-07,0.13878603279590607,3.929840630689796e-08,0.003018949879333377,0.1388971173763271,-1.6152649962476e-09,trajectory,STRAIGHT,3.3927245140075684,1.6602376699447614,1.7148599340544024e-07
257,19214.296,1.6652344465255737,1.7290459197738528e-07,-0.8224915266036987,1.7014682969185083e-07,0.13878603279590607,3.9510666738351574e-08,0.003018949879333377,0.13889711737632707,-1.7556689712666521e-09,trajectory,STRAIGHT,3.3927245140075684,1.665234446525572,1.7290459197738528e-07
258,19214.343,1.671064019203186,1.7456927992043347e-07,-0.8223646879196167,1.7103435439689082e-07,0.13878603279590607,3.975900497721341e-08,0.003018949879333377,0.13889711737632712,-1.4372615815690674e-09,trajectory,STRAIGHT,3.3927245140075684,1.6710640192031843,1.7456927992043347e-07
259,19214.39,1.674811601638794,1.7564494214639126e-07,-0.822283148765564,1.7160490599297612e-07,0.13878603279590607,3.991905117572969e-08,0.003018949879333377,0.13889711737632712,-1.5437089318966803e-09,trajectory,STRAIGHT,3.3927245140075684,1.6748116016387922,1.7564494214639126e-07
260,19214.437,1.6810575723648071,1.7744734748248447e-07,-0.8221472501754761,1.7255582531976436e-07,0.13878603279590607,4.018648880332876e-08,0.003018949879333377,0.13889711737632712,-1.7211898891785264e-09,trajectory,STRAIGHT,3.39210844039917,1.6810575723648054,1.7744734748248447e-07
261,19214.484,1.688552737236023,1.7962615572741925e-07,-0.8219841718673706,1.7369692851187625e-07,0.13878603279590607,4.0508563614594095e-08,0.003018949879333377,0.13889711737632712,-1.5139509118303533e-09,trajectory,STRAIGHT,3.39210844039917,1.6885527372360212,1.7962615572741925e-07
262,19214.546,1.6943823099136353,1.8133282253529615e-07,-0.8218573331832886,1.745844532168265e-07,0.13878603279590607,4.0759932318223946e-08,0.003018949879333377,0.1388971173763271,-1.6811849865388237e-09,trajectory,STRAIGHT,3.391491651535034,1.6943823099136335,1.8133282253529615e-07
263,19214.593,1.7014610767364502,1.834194449656934e-07,-0.821703314781189,1.7566216178708994e-07,0.13878603279590607,4.106617979005023e-08,0.003018949879333377,0.1388971173763271,-1.884369045919305e-09,trajectory,STRAIGHT,3.391491651535034,1.7014610767364484,1.834194449656934e-07
264,19214.64,1.705625057220459,1.8465415507762373e-07,-0.8216127157211304,1.762961080048748e-07,0.13878603279590607,4.124684949147195e-08,0.003018949879333377,0.13889711737632704,-1.455809242786912e-09,trajectory,STRAIGHT,3.3908755779266357,1.7056250572204572,1.8465415507762373e-07
265,19214.703,1.7147858142852783,1.873896451343171e-07,-0.8214133977890015,1.7769078968396127e-07,0.13878603279590607,4.164568068176777e-08,0.003018906805664301,0.13889711737632704,-1.7218889661838975e-09,trajectory,STRAIGHT,3.3908755779266357,1.7147858142852765,1.873896451343171e-07
266,19214.734,1.7172842025756836,1.8814026248037408e-07,-0.8213590383529663,1.7806412304158855e-07,0.13878603279590607,4.175477741341638e-08,0.0030188034288585186,0.13889711737632704,-1.7938819097392723e-09,trajectory,STRAIGHT,3.390259265899658,1.7172842025756818,1.8814026248037408e-07
267,19214.812,1.7285269498825073,1.91542412153467e-07,-0.8211144208908081,1.7948940069227846e-07,0.13878603279590607,4.224743577196932e-08,0.0030186730436980724,0.1388971173763271,-1.667892448432476e-09,trajectory,STRAIGHT,3.390259265899658,1.7285269498825055,1.91542412153467e-07
268,19214.843,1.7314417362213135,1.9243097426624445e-07,-0.8210510015487671,1.7990033597188665e-07,0.13878603279590607,4.237562123421412e-08,0.0030186926014721394,0.13889711737632707,-1.7506353501606453e-09,trajectory,STRAIGHT,3.3896424770355225,1.7314417362213117,1.9243097426624445e-07
269,19214.921,1.736854910850525,1.9408830098655017e-07,-0.8209332227706909,1.8066350149115653e-07,0.13878603279590607,4.26141824050319e-08,0.0030187605880200863,0.13889711737632707,-1.9044193681794704e-09,trajectory,STRAIGHT,3.3896424770355225,1.7368549108505231,1.9408830098655017e-07
270,19214.937,1.743100881576538,1.9601219491960364e-07,-0.820797324180603,1.8154407709031006e-07,0.13878603279590607,4.2890256679584127e-08,0.0030188478995114565,0.13889711737632707,-2.082060087930461e-09,trajectory,STRAIGHT,3.3896424770355225,1.7431008815765363,1.9601219491960364e-07
271,19214.984,1.7480976581573486,1.9756025437800417e-07,-0.8206886053085327,1.8224853756962976e-07,0.13878603279590607,4.311173995574791e-08,0.0030188949313014746,0.13889711737632707,-1.726256596987572e-09,trajectory,STRAIGHT,3.389026403427124,1.7480976581573469,1.9756025437800417e-07
272,19215.046,1.756842017173767,2.0028861058563052e-07,-0.8204983472824097,1.834813434084326e-07,0.13878603279590607,4.350067683844827e-08,0.0030189326498657465,0.13889711737632707,-1.9779713673102966e-09,trajectory,STRAIGHT,3.389026403427124,1.7568420171737653,2.0028861058563052e-07
273,19215.078,1.7597568035125732,2.012034912013405e-07,-0.8204349279403687,1.8389227868803167e-07,0.13878603279590607,4.363069905366501e-08,0.0030189326498657465,0.13889711737632693,-1.527702457977981e-09,trajectory,STRAIGHT,3.388411283493042,1.7597568035125715,2.012034912013405e-07
274,19215.156,1.7697503566741943,2.0436107206478482e-07,-0.820217490196228,1.8530119964664995e-07,0.13878603279590607,4.407793241512081e-08,0.0030189326498657465,0.1388971173763269,-1.8188958157567696e-09,trajectory,STRAIGHT,3.388411283493042,1.7697503566741926,2.0436107206478482e-07
275,19215.187,1.7739143371582031,2.056862342669774e-07,-0.8201268911361694,1.8588825004607095e-07,0.13878603279590607,4.4264933052318156e-08,0.0030189326498657465,0.1388971173763269,-1.940397886089167e-09,trajectory,STRAIGHT,3.3877954483032227,1.7739143371582013,2.056862342669774e-07
276,19215.281,1.7784947156906128,2.0715042126084882e-07,-0.820027232170105,1.8653400548543184e-07,0.13878603279590607,4.4471082816244234e-08,0.0030189326498657465,0.13889711737632696,-1.6121760649654963e-09,trajectory,STRAIGHT,3.3877954483032227,1.778494715690611,2.0715042126084882e-07
277,19215.343,1.79140305519104,2.1131349114966724e-07,-0.8197463750839233,1.883538617236183e-07,0.13878603279590607,4.505456629999571e-08,0.0030189326498657465,0.13889711737632696,-1.9929745837825085e-09,trajectory,STRAIGHT,3.3871798515319824,1.7914030551910383,2.1131349114966724e-07
278,19215.39,1.798481822013855,2.136194154900295e-07,-0.8195923566818237,1.8935184740261592e-07,0.13878603279590607,4.537611530963659e-08,0.0030189326498657465,0.138897117376327,-1.7240911328968248e-09,trajectory,STRAIGHT,3.3871798515319824,1.7984818220138532,2.136194154900295e-07
279,19215.437,1.802229404449463,2.1484684964434564e-07,-0.819510817527771,1.8988019276208307e-07,0.13878603279590607,4.554679478019352e-08,0.0030189326498657465,0.138897117376327,-1.835924114522122e-09,trajectory,STRAIGHT,3.386563539505005,1.8022294044494611,2.1484684964434564e-07
280,19215.5,1.8113901615142822,2.1786682680158265e-07,-0.8193114995956421,1.9117170364077388e-07,0.13878603279590607,4.596533997869301e-08,0.0030189326498657465,0.138897117376327,-2.1096910520451035e-09,trajectory,STRAIGHT,3.386563539505005,1.8113901615142805,2.1786682680158265e-07
281,19215.546,1.8163869380950928,2.1952574513761647e-07,-0.8192027807235718,1.9187616412005586e-07,0.13878603279590607,4.6194422509415745e-08,0.0030189326498657465,0.13889711737632682,-1.7056369214501633e-09,trajectory,STRAIGHT,3.38594651222229,1.816386938095091,2.1952574513761647e-07
282,19215.609,1.8247148990631104,2.223089552444435e-07,-0.8190215826034546,1.9305026491885306e-07,0.13878603279590607,4.657746899283666e-08,0.0030189326498657465,0.1388971173763268,-1.9576176482803905e-09,trajectory,STRAIGHT,3.38594651222229,1.8247148990631086,2.223089552444435e-07
283,19215.656,1.8305444717407227,2.2427089163556957e-07,-0.8188947439193726,1.938721354780065e-07,0.13878603279590607,4.684651599973222e-08,0.0030189326498657465,0.1388971173763268,-2.1342826801665703e-09,trajectory,STRAIGHT,3.385331153869629,1.8305444717407209,2.2427089163556957e-07
284,19215.718,1.8384560346603394,2.269516414799e-07,-0.8187226057052612,1.9498753123685163e-07,0.13878603279590607,4.721286828157645e-08,0.0030189326498657465,0.13889711737632687,-1.837454738249018e-09,trajectory,STRAIGHT,3.385331153869629,1.8384560346603376,2.269516414799e-07
285,19215.75,1.8413708209991455,2.2794455389885115e-07,-0.8186591863632202,1.953984665164244e-07,0.13878603279590607,4.734818759288828e-08,0.0030189326498657465,0.13889711737632687,-1.926822894716736e-09,trajectory,STRAIGHT,3.384714126586914,1.8413708209991437,2.2794455389885115e-07
286,19215.812,1.8488659858703613,2.305108210975959e-07,-0.8184961080551147,1.9645515723532154e-07,0.13878603279590607,4.76970285490097e-08,0.0030189326498657465,0.13889711737632687,-2.156903260343168e-09,trajectory,STRAIGHT,3.384714126586914,1.8488659858703596,2.305108210975959e-07
287,19215.843,1.8526135683059692,2.3180103880804381e-07,-0.818414568901062,1.9698350259476775e-07,0.13878603279590607,4.7871917985276013e-08,0.0030189326498657465,0.13889711737632698,-1.7507038462590283e-09,trajectory,STRAIGHT,3.384714126586914,1.8526135683059675,2.3180103880804381e-07
288,19215.906,1.8596923351287842,2.3425100437179935e-07,-0.8182605504989624,1.9798148827371753e-07,0.13878603279590607,4.820311261255483e-08,0.0030189326498657465,0.13889711737632696,-1.9703935404258825e-09,trajectory,STRAIGHT,3.384714126586914,1.8596923351287824,2.3425100437179935e-07
289,19215.953,1.8659383058547974,2.3642677149382507e-07,-0.8181246519088745,1.9886206387278623e-07,0.13878603279590607,4.849627899261577e-08,0.0030189326498657465,0.13889711737632696,-2.1645421905776662e-09,trajectory,STRAIGHT,3.3840978145599365,1.8659383058547956,2.3642677149382507e-07
290,19216.0,1.8730170726776123,2.389086262155615e-07,-0.8179706335067749,1.9986004955172553e-07,0.13878603279590607,4.882957682639244e-08,0.0030189326498657465,0.13889711737632673,-1.8938512460474035e-09,trajectory,STRAIGHT,3.3840978145599365,1.8730170726776105,2.389086262155615e-07
291,19216.046,1.8767646551132202,2.4022943989621126e-07,-0.8178890943527222,2.003883949111618e-07,0.13878603279590607,4.900648420402831e-08,0.0030189326498657465,0.13889711737632673,-2.0115823774892778e-09,trajectory,STRAIGHT,3.383481740951538,1.8767646551132184,2.4022943989621126e-07
292,19216.109,1.8859254121780396,2.43478211814363e-07,-0.8176897764205933,2.0167990578977714e-07,0.13878603279590607,4.9440235017073064e-08,0.0030189326498657465,0.1388971173763267,-2.2998189315532248e-09,trajectory,STRAIGHT,3.383481740951538,1.8859254121780378,2.43478211814363e-07
293,19216.14,1.888007402420044,2.442205868646852e-07,-0.817644476890564,2.0197343098946114e-07,0.13878603279590607,4.9539071511617294e-08,0.0030189326498657465,0.13889711737632693,-1.7821777773071228e-09,trajectory,STRAIGHT,3.3828654289245605,1.8880074024200422,2.442205868646852e-07
294,19216.218,1.8996665477752686,2.484052572526707e-07,-0.8173907995223999,2.0361717210768275e-07,0.13878603279590607,5.009436421232749e-08,0.0030189326498657465,0.13889711737632693,-2.1534496333461454e-09,trajectory,STRAIGHT,3.3828654289245605,1.8996665477752668,2.484052572526707e-07
295,19216.25,1.901332139968872,2.490068879978935e-07,-0.8173545598983765,2.0385199226742748e-07,0.13878603279590607,5.0173937893305265e-08,0.0030189326498657465,0.13889711737632693,-2.2065773393870854e-09,trajectory,STRAIGHT,3.382251024246216,1.9013321399688703,2.490068879978935e-07
296,19216.296,1.9079945087432861,2.5142293225144385e-07,-0.8172096014022827,2.047912729064033e-07,0.13878603279590607,5.049285078939647e-08,0.0030189326498657465,0.13889711737632693,-1.9647475887835723e-09,trajectory,STRAIGHT,3.382251024246216,1.9079945087432844,2.5142293225144385e-07
297,19216.343,1.9142404794692993,2.5370187017870194e-07,-0.8170737028121948,2.0567184850543866e-07,0.13878603279590607,5.079273535102402e-08,0.0030189326498657465,0.1388971173763269,-2.165864072395307e-09,trajectory,STRAIGHT,3.3816349506378174,1.9142404794692975,2.5370187017870194e-07
298,19216.39,1.9192372560501099,2.555348146415781e-07,-0.8169649839401245,2.0637630898466384e-07,0.13878603279590607,5.103326472521985e-08,0.0030189326498657465,0.1388971173763269,-2.3269944022673354e-09,trajectory,STRAIGHT,3.3816349506378174,1.919237256050108,2.555348146415781e-07
299,19216.453,1.9275652170181274,2.586089067335706e-07,-0.8167837858200073,2.0755040978336635e-07,0.13878603279590607,5.1435382175668565e-08,0.0030189326498657465,0.1388971173763269,-2.0623948536458844e-09,trajectory,STRAIGHT,3.3816349506378174,1.9275652170181257,2.586089067335706e-07
300,19216.5,1.932561993598938,2.604649580462137e-07,-0.816675066947937,2.082548702625842e-07,0.13878603279590607,5.1677396584182134e-08,0.003018840216100216,0.13889711737632687,-2.225338665705065e-09,trajectory,STRAIGHT,3.3816349506378174,1.9325619935989362,2.604649580462137e-07
301,19216.546,1.9388079643249512,2.6279730036549154e-07,-0.8165391683578491,2.0913544586160257e-07,0.13878603279590607,5.198069530365501e-08,0.0030186704825609922,0.13889711737632687,-2.4293186964381285e-09,trajectory,STRAIGHT,3.3810184001922607,1.9388079643249494,2.6279730036549154e-07
302,19216.609,1.946303129196167,2.6561414756542945e-07,-0.8163760900497437,2.1019213658041897e-07,0.13878603279590607,5.23457970302843e-08,0.0030186518561095,0.13889711737632668,-2.0837364615963966e-09,trajectory,STRAIGHT,3.3810184001922607,1.9463031291961634,2.6561414756542945e-07
303,19216.656,1.9521327018737793,2.6781867745739873e-07,-0.8162492513656616,2.1101400713949414e-07,0.13878603279590607,5.263063584948213e-08,0.003018713556230068,0.13889711737632668,-2.2764103252917033e-09,trajectory,STRAIGHT,3.380402088165283,1.9521327018737757,2.6781867745739873e-07
304,19216.718,1.9592114686965942,2.7051177653447667e-07,-0.816095232963562,2.1201199281836602e-07,0.13878603279590607,5.2977522813080213e-08,0.003018812509253621,0.13889711737632665,-2.5107811043169057e-09,trajectory,STRAIGHT,3.380402088165283,1.9592114686965907,2.7051177653447667e-07
305,19216.828,1.9717034101486206,2.753075136752159e-07,-0.8158234357833862,2.1377314401636172e-07,0.13878603279590607,5.359240518032493e-08,0.00301893288269639,0.13889711737632676,-2.3025389622854873e-09,trajectory,STRAIGHT,3.379786252975464,1.971703410148617,2.753075136752159e-07
306,19216.953,1.9862773418426514,2.809726993291406e-07,-0.8155063390731812,2.1582782041400157e-07,0.13878603279590607,5.431415672774165e-08,0.00301893288269639,0.13889711737632676,-2.7923397793979086e-09,trajectory,STRAIGHT,3.3791701793670654,1.9862773418426478,2.809726993291406e-07
307,19217.062,2.000434637069702,2.865488113457104e-07,-0.8151983022689819,2.178237917716864e-07,0.13878603279590607,5.5019818034907075e-08,0.00301893288269639,0.1388971173763266,-2.431942214774785e-09,trajectory,STRAIGHT,3.3785533905029297,2.0004346370696986,2.865488113457104e-07
308,19217.156,2.0112578868865967,2.9086163522151764e-07,-0.8149627447128296,2.1935012280990102e-07,0.13878603279590607,5.5562452416779706e-08,0.00301893288269639,0.13889711737632657,-2.8027527927985773e-09,trajectory,STRAIGHT,3.3779375553131104,2.011257886886593,2.9086163522151764e-07
309,19217.187,2.01542067527771,2.9253166644593875e-07,-0.814872145652771,2.1993717320921085e-07,0.13878603279590607,5.5771852913721887e-08,0.00301893288269639,0.13889711737632668,-2.153964585605607e-09,trajectory,STRAIGHT,3.377321481704712,2.0154206752777064,2.9253166644593875e-07
310,19217.281,2.02166485786438,2.9504852250283875e-07,-0.8147362470626831,2.2081774880817205e-07,0.13878603279590607,5.608667663636879e-08,0.00301893288269639,0.13889711737632668,-2.3708675223052877e-09,trajectory,STRAIGHT,3.377321481704712,2.0216648578643763,2.9504852250283875e-07
311,19217.328,2.0329043865203857,2.9961464065308974e-07,-0.8144916296005249,2.2240278488629133e-07,0.13878603279590607,5.6655551361473044e-08,0.00301893288269639,0.13889711737632665,-2.762274663784127e-09,trajectory,STRAIGHT,3.37670636177063,2.032904386520382,2.9961464065308974e-07
312,19217.39,2.0416462421417236,3.031979929346562e-07,-0.8143013715744019,2.2363559072481893e-07,0.13878603279590607,5.709995321012684e-08,0.00301893288269639,0.13889711737632673,-2.3711133499352168e-09,trajectory,STRAIGHT,3.376089096069336,2.04164624214172,3.031979929346562e-07
313,19217.468,2.048722982406616,3.061193467601697e-07,-0.8141473531723022,2.2463357640362078e-07,0.13878603279590607,5.7460962210598154e-08,0.00301893288269639,0.13889711737632673,-2.6210077303827483e-09,trajectory,STRAIGHT,3.376089096069336,2.0487229824066127,3.061193467601697e-07
314,19217.515,2.0553834438323975,3.088856885824498e-07,-0.8140023946762085,2.2557285704248806e-07,0.13878603279590607,5.7801745612096056e-08,0.00301893288269639,0.13889711737632676,-2.339951008949643e-09,trajectory,STRAIGHT,3.376089096069336,2.055383443832394,3.088856885824498e-07
315,19217.546,2.0591299533843994,3.104489394445409e-07,-0.8139208555221558,2.2610120240184872e-07,0.13878603279590607,5.799387636784559e-08,0.00301893288269639,0.13889711737632673,-2.4735540012047146e-09,trajectory,STRAIGHT,3.375474452972412,2.059129953384396,3.104489394445409e-07
316,19217.625,2.0678718090057373,3.1411678946824395e-07,-0.8137305974960327,2.2733400824035094e-07,0.13878603279590607,5.844339057148318e-08,0.00301893288269639,0.13889711737632673,-2.785877939949602e-09,trajectory,STRAIGHT,3.375474452972412,2.0678718090057338,3.1411678946824395e-07
317,19217.625,2.069953203201294,3.149942529034888e-07,-0.8136852979660034,2.276275334399931e-07,0.13878603279590607,5.855066476101456e-08,0.00301893288269639,0.13889711737632673,-2.8603594337619632e-09,trajectory,STRAIGHT,3.375474452972412,2.0699532032012904,3.149942529034888e-07
318,19217.734,2.081609010696411,3.199379250418133e-07,-0.8134316205978394,2.2927127455798023e-07,0.13878603279590607,5.91532085536528e-08,0.00301893288269639,0.13889711737632657,-2.6475702489668045e-09,trajectory,STRAIGHT,3.374857187271118,2.0816090106964076,3.199379250418133e-07
319,19217.781,2.087853193283081,3.226071498829697e-07,-0.8132957220077515,2.3015185015689575e-07,0.13878603279590607,5.947724446286884e-08,0.00301893288269639,0.13889711737632657,-2.8737755562306666e-09,trajectory,STRAIGHT,3.3742408752441406,2.0878531932830775,3.226071498829697e-07
320,19217.859,2.096595048904419,3.263686210175365e-07,-0.8131054639816284,2.3138465599537017e-07,0.13878603279590607,5.993234708512318e-08,0.00301893288269639,0.1388971173763267,-2.522705662108033e-09,trajectory,STRAIGHT,3.3736257553100586,2.0965950489044154,3.263686210175365e-07
321,19217.89,2.1011741161346436,3.2835035312928085e-07,-0.813005805015564,2.320304114345677e-07,0.13878603279590607,6.017141629399703e-08,0.00301893288269639,0.13889711737632668,-2.690597411643941e-09,trajectory,STRAIGHT,3.3736257553100586,2.10117411613464,3.2835035312928085e-07
322,19217.953,2.10949969291687,3.319737800211442e-07,-0.8128246068954468,2.3320451223310276e-07,0.13878603279590607,6.06072916298217e-08,0.00301893288269639,0.13889711737632668,-2.9964640863236876e-09,trajectory,STRAIGHT,3.3730084896087646,2.1094996929168666,3.319737800211442e-07
323,19218.015,2.1140787601470947,3.339778231747914e-07,-0.8127249479293823,2.3385026767229374e-07,0.13878603279590607,6.084768244818406e-08,0.00301893288269639,0.13889711737632668,-2.4293007719108606e-09,trajectory,STRAIGHT,3.3730084896087646,2.114078760147091,3.339778231747914e-07
324,19218.046,2.1211555004119873,3.370906256350281e-07,-0.8125709295272827,2.3484825335103894e-07,0.13878603279590607,6.122010631770536e-08,0.00301893288269639,0.13889711737632665,-2.6924399841048538e-09,trajectory,STRAIGHT,3.3730084896087646,2.1211555004119838,3.370906256350281e-07
325,19218.093,2.1273996829986572,3.3985298841798794e-07,-0.8124350309371948,2.3572882894992709e-07,0.13878603279590607,6.154964893312354e-08,0.00301893288269639,0.13889711737632665,-2.9251005371502988e-09,trajectory,STRAIGHT,3.372392177581787,2.127399682998652,3.3985298841798794e-07
326,19218.171,2.13447642326355,3.430016306538164e-07,-0.8122810125350952,2.3672681462866186e-07,0.13878603279590607,6.192417600914268e-08,0.00301893288269639,0.13889711737632654,-2.572721417403419e-09,trajectory,STRAIGHT,3.372392177581787,2.1344764232635445,3.430016306538164e-07
327,19218.203,2.1382229328155518,3.446763230385841e-07,-0.8121994733810425,2.3725515998798977e-07,0.13878603279590607,6.212290770690743e-08,0.00301893288269639,0.13889711737632654,-2.7137958025212914e-09,trajectory,STRAIGHT,3.371777296066284,2.1382229328155464,3.446763230385841e-07
328,19218.281,2.147381067276001,3.487926392153895e-07,-0.8120001554489136,2.385466424446309e-07,0.13878603279590607,6.26100131739804e-08,0.0030188553500920534,0.1388971173763265,-3.059342898719251e-09,trajectory,STRAIGHT,3.371777296066284,2.1473810672759956,3.487926392153895e-07
329,19218.312,2.1515438556671143,3.506742984882294e-07,-0.811909556388855,2.3913355073533096e-07,0.13878603279590607,6.283204356805072e-08,0.0030187007505446672,0.13889711737632662,-2.51880225970884e-09,trajectory,STRAIGHT,3.3711602687835693,2.151543855667109,3.506742984882294e-07
330,19218.343,2.156122922897339,3.5275184018246364e-07,-0.8118098974227905,2.397791498550988e-07,0.13878603279590607,6.307671895910971e-08,0.0030186190269887447,0.13889711737632662,-2.693457127133664e-09,trajectory,STRAIGHT,3.3711602687835693,2.1561229228973335,3.5275184018246364e-07
331,19218.406,2.16278338432312,3.557881314009137e-07,-0.8116649389266968,2.407182031202115e-07,0.13878603279590607,6.343344693959807e-08,0.0030186274088919163,0.1388971173763266,-2.9479532783060827e-09,trajectory,STRAIGHT,3.3711602687835693,2.162783384323115,3.557881314009137e-07
332,19218.453,2.16902756690979,3.5865025438397424e-07,-0.8115290403366089,2.415985655562502e-07,0.13878603279590607,6.376878047831269e-08,0.003018700983375311,0.1388971173763264,-2.642451909154976e-09,trajectory,STRAIGHT,3.3711602687835693,2.1690275669097847,3.5865025438397424e-07
333,19218.5,2.174022912979126,3.6095082123210886e-07,-0.8114203214645386,2.4230285550507804e-07,0.13878603279590607,6.403767116580639e-08,0.003018770832568407,0.1388971173763264,-2.8351507620287843e-09,trajectory,STRAIGHT,3.3711602687835693,2.1740229129791206,3.6095082123210886e-07
334,19218.546,2.180267095565796,3.6384017221280374e-07,-0.8112844228744507,2.43183217941109e-07,0.13878603279590607,6.437456789853968e-08,0.0030188581440597773,0.1388971173763264,-3.0764617541599096e-09,trajectory,STRAIGHT,3.3705453872680664,2.1802670955657906,3.6384017221280374e-07
335,19218.609,2.1873438358306885,3.6713311146741034e-07,-0.8111304044723511,2.441809620352722e-07,0.13878603279590607,6.47574296408493e-08,0.0030189251992851496,0.13889711737632648,-2.7257496211361925e-09,trajectory,STRAIGHT,3.3705453872680664,2.187343835830683,3.6713311146741034e-07
336,19218.656,2.1935880184173584,3.700548916185653e-07,-0.8109945058822632,2.4506132447129393e-07,0.13878603279590607,6.509618089012292e-08,0.0030189405661076307,0.13889711737632648,-2.9696456438794415e-09,trajectory,STRAIGHT,3.3699278831481934,2.193588018417353,3.700548916185653e-07
337,19218.718,2.2010810375213623,3.7358117310759553e-07,-0.8108314275741577,2.4611775939451434e-07,0.13878603279590607,6.550382636305585e-08,0.0030189405661076307,0.13889711737632648,-3.2629756738782994e-09,trajectory,STRAIGHT,3.3699278831481934,2.201081037521357,3.7358117310759553e-07
338,19218.75,2.2048275470733643,3.7535255614784546e-07,-0.810749888420105,2.4664597685612226e-07,0.13878603279590607,6.57081216104416e-08,0.0030189405661076307,0.13889711737632626,-2.655722297560935e-09,trajectory,STRAIGHT,3.3693110942840576,2.204827547073359,3.7535255614784546e-07
339,19218.812,2.2127368450164795,3.7911027561676747e-07,-0.8105777502059937,2.477611026084004e-07,0.13878603279590607,6.614043002173275e-08,0.0030189405661076307,0.13889711737632626,-2.9688309613933325e-09,trajectory,STRAIGHT,3.3693110942840576,2.212736845016474,3.7911027561676747e-07
340,19218.859,2.2181484699249268,3.816955995716853e-07,-0.8104599714279175,2.48524083386271e-07,0.13878603279590607,6.643702477049374e-08,0.0030189405661076307,0.13889711737632626,-3.1835365008450863e-09,trajectory,STRAIGHT,3.3686962127685547,2.2181484699249214,3.816955995716853e-07
341,19218.906,2.2252252101898193,3.85093869681441e-07,-0.8103059530258179,2.495218274804045e-07,0.13878603279590607,6.682586217721109e-08,0.0030189405661076307,0.1388971173763265,-2.838678715656442e-09,trajectory,STRAIGHT,3.3686962127685547,2.225225210189814,3.85093869681441e-07
342,19218.953,2.2293879985809326,3.871021192480839e-07,-0.8102153539657593,2.5010873577106873e-07,0.13878603279590607,6.705511879090409e-08,0.0030189405661076307,0.1388971173763265,-3.0054883426888728e-09,trajectory,STRAIGHT,3.368079900741577,2.2293879985809273,3.871021192480839e-07
343,19219.0,2.236464738845825,3.9053196587701677e-07,-0.8100613355636597,2.5110647986519346e-07,0.13878603279590607,6.744572544903349e-08,0.0030189405661076307,0.1388971173763265,-3.2895951610619707e-09,trajectory,STRAIGHT,3.368079900741577,2.23646473884582,3.9053196587701677e-07
344,19219.046,2.24104380607605,3.927618763555074e-07,-0.8099616765975952,2.517520789849183e-07,0.13878603279590607,6.769906946146875e-08,0.0030189405661076307,0.13889711737632643,-2.7930237640017473e-09,trajectory,STRAIGHT,3.367464780807495,2.2410438060760445,3.927618763555074e-07
345,19219.093,2.2472879886627197,3.9581618693773635e-07,-0.8098257780075073,2.5263244142090303e-07,0.13878603279590607,6.804529562032258e-08,0.0030189405661076307,0.13889711737632643,-3.0462631647054142e-09,trajectory,STRAIGHT,3.367464780807495,2.2472879886627144,3.9581618693773635e-07
346,19219.156,2.255197286605835,3.9970740317585296e-07,-0.809653639793396,2.5374756717314404e-07,0.13878603279590607,6.848508604662129e-08,0.0030189405661076307,0.13889711737632643,-3.367796047936619e-09,trajectory,STRAIGHT,3.3668482303619385,2.255197286605828,3.9970740317585296e-07
347,19219.203,2.2606089115142822,4.0238427345684613e-07,-0.8095358610153198,2.5451054795098924e-07,0.13878603279590607,6.87868038085071e-08,0.0030189405661076307,0.13889711737632646,-2.883397108102461e-09,trajectory,STRAIGHT,3.3668482303619385,2.260608911514275,4.0238427345684613e-07
348,19219.25,2.266853094100952,4.054875830661331e-07,-0.8093999624252319,2.5539091038696036e-07,0.13878603279590607,6.913575134603889e-08,0.0030189405661076307,0.13889711737632646,-3.139958388166024e-09,trajectory,STRAIGHT,3.3662309646606445,2.266853094100945,4.054875830661331e-07
349,19219.296,2.270599603652954,4.0735713469075563e-07,-0.8093184232711792,2.5591912784854097e-07,0.13878603279590607,6.93455319833447e-08,0.0030189405661076307,0.13889711737632646,-3.2941569854878573e-09,trajectory,STRAIGHT,3.3662309646606445,2.270599603652947,4.0735713469075563e-07
350,19219.39,2.279341459274292,4.117414107440709e-07,-0.8091281652450562,2.5715163525888974e-07,0.13878603279590607,6.983623990208798e-08,0.0030189405661076307,0.13889711737632643,-3.068654868946012e-09,trajectory,STRAIGHT,3.3662309646606445,2.279341459274285,4.117414107440709e-07
351,19219.453,2.2901647090911865,4.172125329660048e-07,-0.8088926076889038,2.586775968145479e-07,0.13878603279590607,7.044614847018238e-08,0.0030189405661076307,0.13889711737632643,-3.518906161315938e-09,trajectory,STRAIGHT,3.3656158447265625,2.2901647090911794,4.172125329660048e-07
352,19219.5,2.297241449356079,4.20815609913916e-07,-0.8087385892868042,2.5967534090862515e-07,0.13878603279590607,7.084634034981718e-08,0.0030189405661076307,0.13889711737632637,-3.060879007732642e-09,trajectory,STRAIGHT,3.3656158447265625,2.297241449356072,4.20815609913916e-07
353,19219.562,2.302236795425415,4.233711763390602e-07,-0.8086298704147339,2.6037963085738214e-07,0.13878603279590607,7.11295058408723e-08,0.0030189405661076307,0.13889711737632637,-3.2711311915153723e-09,trajectory,STRAIGHT,3.364999532699585,2.302236795425408,4.233711763390602e-07
354,19219.625,2.3113949298858643,4.28082955750142e-07,-0.808430552482605,2.616708290967629e-07,0.13878603279590607,7.165008497622694e-08,0.0030189405661076307,0.13889711737632637,-3.6575388555076694e-09,trajectory,STRAIGHT,3.364999532699585,2.311394929885857,4.28082955750142e-07
355,19219.656,2.3130600452423096,4.289433377380192e-07,-0.8083943128585815,2.6190559241301294e-07,0.13878603279590607,7.174493532602355e-08,0.0030189405661076307,0.13889711737632637,-2.8975920030627395e-09,trajectory,STRAIGHT,3.364384174346924,2.3130600452423025,4.289433377380192e-07
356,19219.734,2.319720506668091,4.323962343733001e-07,-0.8082493543624878,2.628446456780101e-07,0.13878603279590607,7.212496200281748e-08,0.0030189405661076307,0.13889711737632637,-3.1815399035030575e-09,trajectory,STRAIGHT,3.364384174346924,2.3197205066680837,4.323962343733001e-07
357,19219.765,2.326380968093872,4.3586746301116364e-07,-0.808104395866394,2.6378369894300233e-07,0.13878603279590607,7.250597633401412e-08,0.0030189405661076307,0.13889711737632637,-3.466149110943755e-09,trajectory,STRAIGHT,3.363767147064209,2.326380968093865,4.3586746301116364e-07
358,19219.843,2.3347065448760986,4.4023224177180964e-07,-0.8079231977462769,2.6495751552423573e-07,0.13878603279590607,7.298363158270149e-08,0.0030189405661076307,0.13889711737632623,-3.2301654517258967e-09,trajectory,STRAIGHT,3.363767147064209,2.3347065448760915,4.4023224177180964e-07
359,19219.968,2.346362352371216,4.4639116936195933e-07,-0.8076695203781128,2.666008587379495e-07,0.13878603279590607,7.365495235944763e-08,0.0030189405661076307,0.13889711737632623,-3.733739340680863e-09,trajectory,STRAIGHT,3.363150119781494,2.3463623523712087,4.4639116936195933e-07
360,19220.062,2.361764669418335,4.546164689145371e-07,-0.807334303855896,2.687724194131912e-07,0.13878603279590607,7.454669059825392e-08,0.0030189333483576775,0.13889711737632632,-3.6053008436846227e-09,trajectory,STRAIGHT,3.3625354766845703,2.361764669418326,4.546164689145371e-07
361,19220.125,2.370922803878784,4.595542577590095e-07,-0.8071349859237671,2.700636176525117e-07,0.13878603279590607,7.507942001439005e-08,0.003018672578036785,0.1388971173763263,-4.007165246060733e-09,trajectory,STRAIGHT,3.3619182109832764,2.3709228038787753,4.595542577590095e-07
362,19220.187,2.379664659500122,4.643004274385021e-07,-0.806944727897644,2.7129612506276347e-07,0.13878603279590607,7.55896749637941e-08,0.0030186709482222795,0.13889711737632626,-3.395709517656072e-09,trajectory,STRAIGHT,3.3613038063049316,2.379664659500113,4.643004274385021e-07
363,19220.281,2.385908842086792,4.677102367622865e-07,-0.8068088293075562,2.7217648749865243e-07,0.13878603279590607,7.59551923579238e-08,0.003018744522705674,0.13889711737632626,-3.6734719558569085e-09,trajectory,STRAIGHT,3.3613038063049316,2.385908842086783,4.677102367622865e-07
364,19220.343,2.397148370742798,4.738894574529695e-07,-0.806564211845398,2.7376113988324174e-07,0.13878634572029114,7.661530077029965e-08,0.0030188909731805325,0.13889709234237543,-3.558372095119852e-09,trajectory,STRAIGHT,3.360687255859375,2.397148370742789,4.738894574529695e-07
365,19220.406,2.4046413898468018,4.780386575475859e-07,-0.8064011335372925,2.7483880584765176e-07,0.13878653943538666,7.70569457131387e-08,0.003018920309841633,0.13889707684516778,-3.897272323504284e-09,trajectory,STRAIGHT,3.360687255859375,2.404641389846793,4.780386575475859e-07
366,19220.437,2.4104692935943604,4.81282370401459e-07,-0.8062742948532104,2.7582040647186155e-07,0.13878653943538666,7.740128893374276e-08,0.003018920309841633,0.13889707684516778,-4.1738682265510774e-09,trajectory,STRAIGHT,3.360071897506714,2.4104692935943515,4.81282370401459e-07
367,19220.515,2.4192111492156982,4.861751108364842e-07,-0.8060840368270874,2.7739849353028807e-07,0.13878653943538666,7.79192035338383e-08,0.003018920309841633,0.13889707684516775,-3.558187117117557e-09,trajectory,STRAIGHT,3.360071897506714,2.4192111492156894,4.861751108364842e-07
368,19220.546,2.4233739376068115,4.885164344159421e-07,-0.8059934377670288,2.7814996355710576e-07,0.13878653943538666,7.81664084570366e-08,0.003018920309841633,0.13889707684516775,-3.762454489463815e-09,trajectory,STRAIGHT,3.3594563007354736,2.4233739376068026,4.885164344159421e-07
369,19220.625,2.4312832355499268,4.929854071633599e-07,-0.8058212995529175,2.797066774041659e-07,0.13878653943538666,7.863716433575973e-08,0.003018920309841633,0.13889707684516772,-4.162162316362088e-09,trajectory,STRAIGHT,3.3594563007354736,2.431283235549918,4.929854071633599e-07
370,19220.64,2.4346134662628174,4.948751097799686e-07,-0.8057488203048706,2.804204033656149e-07,0.13878653943538666,7.883578945211411e-08,0.003018920309841633,0.13889707684516772,-3.3603333603786525e-09,trajectory,STRAIGHT,3.3588404655456543,2.4346134662628085,4.948751097799686e-07
371,19220.734,2.442939043045044,4.996202278562123e-07,-0.8055676221847534,2.8220471825868803e-07,0.13878653943538666,7.933343937338577e-08,0.003018920309841633,0.13889707684516772,-3.797731616827464e-09,trajectory,STRAIGHT,3.3588404655456543,2.4429390430450333,4.996202278562123e-07
372,19220.843,2.4562599658966064,5.072747626400087e-07,-0.8052777051925659,2.85059622091371e-07,0.13878653943538666,8.013288521624418e-08,0.003018920309841633,0.1388970768451677,-4.497880023688782e-09,trajectory,STRAIGHT,3.3588404655456543,2.456259965896596,5.072747626400087e-07
373,19220.89,2.464585542678833,5.120978698869294e-07,-0.8050965070724487,2.8688631377762925e-07,0.13878653943538666,8.063454259854552e-08,0.003018920309841633,0.13889707684516767,-3.6916172018430528e-09,trajectory,STRAIGHT,3.3582262992858887,2.4645855426788223,5.120978698869294e-07
374,19220.953,2.4699971675872803,5.152490416548972e-07,-0.8049787282943726,2.882576896753699e-07,0.13878653943538666,8.096144199498667e-08,0.003018920309841633,0.13889707684516767,-3.997661640036906e-09,trajectory,STRAIGHT,3.3582262992858887,2.4699971675872696,5.152490416548972e-07
375,19221.0,2.4779064655303955,5.19877687565895e-07,-0.8048065900802612,2.902654560552497e-07,0.13878653943538666,8.144038332602577e-08,0.003018920309841633,0.13889707684516764,-4.444988393154787e-09,trajectory,STRAIGHT,3.357609272003174,2.477906465530385,5.19877687565895e-07
376,19221.062,2.484983205795288,5.240422638053133e-07,-0.8046525716781616,2.9206187861527104e-07,0.13878653943538666,8.187009115090405e-08,0.003018920309841633,0.1388970768451676,-3.6962819716714755e-09,trajectory,STRAIGHT,3.357609272003174,2.4849832057952774,5.240422638053133e-07
377,19221.109,2.4891459941864014,5.265022764433525e-07,-0.804561972618103,2.93118597768243e-07,0.13878653943538666,8.212337121449309e-08,0.003018920309841633,0.1388970768451676,-3.933718002009259e-09,trajectory,STRAIGHT,3.356992483139038,2.4891459941863907,5.265022764433525e-07
378,19221.171,2.496222734451294,5.307016408551135e-07,-0.8044079542160034,2.9491502032832663e-07,0.1387864500284195,8.25548340799287e-08,0.003018920309841633,0.13889708399772496,-4.337147501994806e-09,trajectory,STRAIGHT,3.356992483139038,2.4962227344512833,5.307016408551135e-07
379,19221.187,2.5003855228424072,5.331821171239426e-07,-0.8043173551559448,2.959717394702703e-07,0.13878630101680756,8.280915153591195e-08,0.003018920309841633,0.1388970959186539,-3.569099057706435e-09,trajectory,STRAIGHT,3.356377601623535,2.5003855228423966,5.331821171239426e-07
380,19221.281,2.5099599361419678,5.389163106883643e-07,-0.8041089773178101,2.9866031943139425e-07,0.13878630101680756,8.339556245573476e-08,0.003018920309841633,0.1388970959186539,-4.141369306036848e-09,trajectory,STRAIGHT,3.356377601623535,2.5099599361419553,5.389163106883643e-07
381,19221.312,2.5132901668548584,5.409202685768832e-07,-0.8040364980697632,2.9971931231288257e-07,0.13878630101680756,8.360000691709502e-08,0.003018920309841633,0.13889709591865387,-4.3509938377691115e-09,trajectory,STRAIGHT,3.3557615280151367,2.513290166854846,5.409202685768832e-07
382,19221.375,2.5236971378326416,5.472144266605028e-07,-0.8038100004196167,3.0306525803472213e-07,0.13878630101680756,8.424049013910917e-08,0.003018920309841633,0.13889709591865385,-4.0229459668527636e-09,trajectory,STRAIGHT,3.3557615280151367,2.523697137832629,5.472144266605028e-07
383,19221.421,2.5270273685455322,5.49238677649555e-07,-0.8037375211715698,3.0413596066275884e-07,0.13878630101680756,8.444595067658156e-08,0.003018920309841633,0.13889709591865385,-4.234591694153759e-09,trajectory,STRAIGHT,3.355145215988159,2.52702736854552,5.49238677649555e-07
384,19221.484,2.53576922416687,5.545759336200717e-07,-0.8035472631454468,3.069465550613211e-07,0.13878630101680756,8.498645343024691e-08,0.003018920309841633,0.13889709591865382,-4.78922197434237e-09,trajectory,STRAIGHT,3.355145215988159,2.5357692241668577,5.545759336200717e-07
385,19221.515,2.538266897201538,5.561071247939253e-07,-0.8034929037094116,3.0774958203232977e-07,0.13878630101680756,8.514118832181339e-08,0.003018920309841633,0.13889709591865382,-3.5509370066049603e-09,trajectory,STRAIGHT,3.3545289039611816,2.5382668972015257,5.561071247939253e-07
386,19221.593,2.5449273586273193,5.602039436780615e-07,-0.8033479452133179,3.0989098728833135e-07,0.13878630101680756,8.555451103120504e-08,0.003018920309841633,0.1388970959186538,-3.977112870493832e-09,trajectory,STRAIGHT,3.3545289039611816,2.544927358627307,5.602039436780615e-07
387,19221.656,2.556166887283325,5.671623739544884e-07,-0.8031033277511597,3.1350460865776225e-07,0.13878630101680756,8.625421088481744e-08,0.003018920309841633,0.13889709591865376,-4.124366033104373e-09,trajectory,STRAIGHT,3.3539135456085205,2.5561668872833128,5.671623739544884e-07
388,19221.703,2.5632436275482178,5.715726842936419e-07,-0.8029493093490601,3.1577985174217453e-07,0.13878630101680756,8.669619688816965e-08,0.003018920309841633,0.13889709591865376,-4.576991984849906e-09,trajectory,STRAIGHT,3.3539135456085205,2.5632436275482053,5.715726842936419e-07
389,19221.796,2.5694878101348877,5.754828862336581e-07,-0.8028134107589722,3.1778741916956673e-07,0.13878630101680756,8.708710907967543e-08,0.003018920309841633,0.13889709591865373,-4.975642686936176e-09,trajectory,STRAIGHT,3.3532962799072266,2.5694878101348753,5.754828862336581e-07
390,19221.906,2.584890127182007,5.852033950759505e-07,-0.8024781942367554,3.228099615112183e-07,0.13878630101680756,8.805505302689198e-08,0.0030186865478754044,0.13889709591865368,-4.437379184067418e-09,trajectory,STRAIGHT,3.3526792526245117,2.5848901271819926,5.852033950759505e-07
391,19222.0,2.5961296558380127,5.923647563577106e-07,-0.8022335767745972,3.2649659826201854e-07,0.13878630101680756,8.876470758423238e-08,0.003018720541149378,0.13889709591865365,-5.165373915650962e-09,trajectory,STRAIGHT,3.3526792526245117,2.5961296558379985,5.923647563577106e-07
392,19222.031,2.602790117263794,5.966356297903985e-07,-0.8020886182785034,3.28675747553649e-07,0.13878630101680756,8.918656391188051e-08,0.0030188136734068394,0.13889709591865365,-3.911758872612411e-09,trajectory,STRAIGHT,3.3520641326904297,2.6027901172637797,5.966356297903985e-07
393,19222.093,2.609034299850464,6.006580406392459e-07,-0.8019527196884155,3.3071870001455016e-07,0.13878630101680756,8.958294017702428e-08,0.0030188902746886015,0.13889709591865362,-4.319455104204862e-09,trajectory,STRAIGHT,3.3520641326904297,2.6090342998504497,6.006580406392459e-07
394,19222.125,2.613197088241577,6.033495196788863e-07,-0.8018621206283569,3.3208066832181633e-07,0.13878630101680756,8.984766708408642e-08,0.00301891821436584,0.13889709591865362,-4.590860461266594e-09,trajectory,STRAIGHT,3.351447343826294,2.613197088241563,6.033495196788863e-07
